1.523120340788072369e+01 nan nan
1.535620340788072369e+01 -1.291836836593140449e-03 4.326638168023443955e-03
1.548120340788072369e+01 -1.703048387510795779e-03 5.294209509273596626e-03
1.560620340788072369e+01 -1.937528587630396159e-03 5.571906392348846722e-03
1.573120340788072369e+01 -2.069976759841053206e-03 5.485054739649421196e-03
1.585620340788072369e+01 -2.131575608649083527e-03 5.179593146562285443e-03
1.598120340788072369e+01 -2.139487679027940892e-03 4.739344352693014920e-03
1.610620340788072369e+01 -2.104622708005905209e-03 4.218444950599193125e-03
1.623120340788072369e+01 -2.034566410772122285e-03 3.654197311718215564e-03
1.635620340788072369e+01 -1.934926269239802335e-03 3.073287556529524355e-03
1.648120340788072369e+01 -1.810035112142915166e-03 2.495213160276894219e-03
1.660620340788072369e+01 -1.663354373439622459e-03 1.934355592943743166e-03
1.673120340788072369e+01 -1.497721791854594517e-03 1.401322968334107544e-03
1.685620340788072369e+01 -1.315512033754061630e-03 9.038669930967360537e-04
1.698120340788072369e+01 -1.118745500175880080e-03 8.380222557716943046e-04
1.710620340788072369e+01 -9.437359002793500005e-04 9.548406713416252890e-04
1.723120340788072369e+01 -8.532954068053763943e-04 1.078451990332494415e-03
1.735620340788072369e+01 -7.427193327401816281e-04 1.208634420431651179e-03
1.748120340788072369e+01 -9.088548724812750080e-04 1.345157184706054308e-03
1.760620340788072369e+01 -1.125569417919033239e-03 1.487782184218296860e-03
1.773120340788072369e+01 -1.293849918795637790e-03 1.636265480662363672e-03
1.785620340788072369e+01 -1.414841657180649324e-03 1.790358619501895452e-03
1.798120340788072369e+01 -1.490028390229465290e-03 1.949809811537405249e-03
1.810620340788072369e+01 -1.521155360199564132e-03 2.114364988547349101e-03
1.823120340788072369e+01 -1.510165665280754910e-03 2.283768746654785565e-03
1.835620340788072369e+01 -1.459147519408794669e-03 2.457765189349060513e-03
1.848120340788072369e+01 -1.370290463065916911e-03 2.636098680611109052e-03
1.860620340788072369e+01 -1.245848986486492458e-03 2.818514517319725948e-03
1.873120340788072369e+01 -1.088112329759410120e-03 3.004759529024377766e-03
1.885620340788072369e+01 -8.993794577770436579e-04 3.194582612230800842e-03
1.898120340788072369e+01 -6.819383899037101101e-04 3.387735205535390148e-03
1.910620340788072369e+01 -4.380492077047517608e-04 3.583971711243495555e-03
1.923120340788072369e+01 -1.699301784815278912e-04 3.783049868498284708e-03
1.935620340788072369e+01 1.202534755833905693e-04 4.034171380811199005e-03
1.948120340788072369e+01 4.303985581767675781e-04 4.293077705470322095e-03
1.960620340788072369e+01 7.584709637837548646e-04 4.552376085642607928e-03
1.973120340788072369e+01 1.102511110610903712e-03 4.815422851799385992e-03
1.985620340788072369e+01 1.460637983440815418e-03 5.077467023002224696e-03
1.998120340788072369e+01 1.831051993363418855e-03 5.338303736824655948e-03
2.010620340788072369e+01 2.212036831812032572e-03 5.597741201134666042e-03
2.023120340788072369e+01 2.601960471639074100e-03 5.857247278772148048e-03
2.035620340788072369e+01 2.999275446688217696e-03 6.130903501777113830e-03
2.048120340788072369e+01 3.402518523518796231e-03 6.402264684654424692e-03
2.060620340788072369e+01 3.810309863402799348e-03 6.671174869073471375e-03
2.073120340788072369e+01 4.221351759590258670e-03 6.937489069877434376e-03
2.085620340788072369e+01 4.634427023434019473e-03 7.201072601935520727e-03
2.098120340788072369e+01 5.048397083110612617e-03 7.461800459124410569e-03
2.110620340788072369e+01 5.462199850170258025e-03 7.719556740197912326e-03
2.123120340788072369e+01 5.874847401747832799e-03 7.974234116948980197e-03
2.135620340788072369e+01 6.285423519825868166e-03 8.225733340621438003e-03
2.148120340788072369e+01 6.693081123338194723e-03 8.473962783004995725e-03
2.160620340788072369e+01 7.097039623984895303e-03 8.718838009055750529e-03
2.173120340788072369e+01 7.496582232398178725e-03 8.960281378240623346e-03
2.185620340788072369e+01 7.891053237468888606e-03 9.198221672111445840e-03
2.198120340788072369e+01 8.279855278478230954e-03 9.432593745881342334e-03
2.210620340788072369e+01 8.656157275022254363e-03 9.663338202012868722e-03
2.223120340788072369e+01 8.862811445374997252e-03 9.890401084029097969e-03
2.235620340788072369e+01 9.067811328052463940e-03 1.011373358894290114e-02
2.248120340788072369e+01 9.271043611430976675e-03 1.033329179685549618e-02
2.260620340788072369e+01 9.472399747772797945e-03 1.056175139036382229e-02
2.273120340788072369e+01 9.671775874152736818e-03 1.080658868131944249e-02
2.285620340788072369e+01 9.869072730878567304e-03 1.104619401535089813e-02
2.298120340788072369e+01 1.006419557775267010e-02 1.128050620892900174e-02
2.310620340788072369e+01 1.025705410849584755e-02 1.150947529757630379e-02
2.323120340788072369e+01 1.044756236362898508e-02 1.176104840095881440e-02
2.335620340788072369e+01 1.063563864208560104e-02 1.206211048649839974e-02
2.348120340788072369e+01 1.082120541180680781e-02 1.235393970690681908e-02
2.360620340788072369e+01 1.100418921955038758e-02 1.263646723881914694e-02
2.373120340788072369e+01 1.118452060012742506e-02 1.290964953006208844e-02
2.385620340788072369e+01 1.136213398526277236e-02 1.317346648873633091e-02
2.398120340788072369e+01 1.153696761225990464e-02 1.342791975167352027e-02
2.410620340788072369e+01 1.170896343263582925e-02 1.367303103119700894e-02
2.423120340788072369e+01 1.187806702087811257e-02 1.390884053899588135e-02
2.435620340788072369e+01 1.204422748346345787e-02 1.413540548554560392e-02
2.448120340788072369e+01 1.220739736826509728e-02 1.435279865344310339e-02
2.460620340788072369e+01 1.236753257446576715e-02 1.456110704284107119e-02
2.473120340788072369e+01 1.252459226308217169e-02 1.476043058701475598e-02
2.485620340788072369e+01 1.267853876819781053e-02 1.495088093607205293e-02
2.498120340788072369e+01 1.282933750899190040e-02 1.513258030666728322e-02
2.510620340788072369e+01 1.297695690264391577e-02 1.530566039557419711e-02
2.523120340788072369e+01 1.312136827818556443e-02 1.547026135495114738e-02
2.535620340788072369e+01 1.326254579136499842e-02 1.562653082704161880e-02
2.548120340788072369e+01 1.340046634058108047e-02 1.577462303617396810e-02
2.560620340788072369e+01 1.353510948393981013e-02 1.591469793575641181e-02
2.573120340788072369e+01 1.366645735747868198e-02 1.604692040813885182e-02
2.585620340788072369e+01 1.379449459459984942e-02 1.617145951514170621e-02
2.598120340788072369e+01 1.391920824674783112e-02 1.628848779712652531e-02
2.610620340788072369e+01 1.404058770536273371e-02 1.639818061846225541e-02
2.623120340788072369e+01 1.415862462513585440e-02 1.650071555735865489e-02
2.635620340788072369e+01 1.427331284859037139e-02 1.659627183804601377e-02
2.648120340788072369e+01 1.438464833200626958e-02 1.668502980328393295e-02
2.660620340788072369e+01 1.449262907270509534e-02 1.676717042532645252e-02
2.673120340788072369e+01 1.459725503770693822e-02 1.684287485346219748e-02
2.685620340788072369e+01 1.469852809376917535e-02 1.691232399629620520e-02
2.698120340788072369e+01 1.479645193881363834e-02 1.697569813703352429e-02
2.710620340788072369e+01 1.489103203474649237e-02 1.703317658007233101e-02
2.723120340788072369e+01 1.498227554167265788e-02 1.708493732725773970e-02
2.735620340788072369e+01 1.507019125350432184e-02 1.713115678218043655e-02
2.748120340788072369e+01 1.515478953496162198e-02 1.717200948108713043e-02
2.760620340788072369e+01 1.523608225996092927e-02 1.720766784879917619e-02
2.773120340788072369e+01 1.531408275138518293e-02 1.723830197834938169e-02
2.785620340788072369e+01 1.538880572222883769e-02 1.726407943291968089e-02
2.798120340788072369e+01 1.546026721810868539e-02 1.728516506878147174e-02
2.810620340788072369e+01 1.552848456113029192e-02 1.730172087801682898e-02
2.823120340788072369e+01 1.559347629509904784e-02 1.731390584979050629e-02
2.835620340788072369e+01 1.565526213206308581e-02 1.732187584907867589e-02
2.848120340788072369e+01 1.571386290017522808e-02 1.732578351170921405e-02
2.860620340788072369e+01 1.576930049285918400e-02 1.732577815472258198e-02
2.873120340788072369e+01 1.582159781926545036e-02 1.732200570102378212e-02
2.885620340788072369e+01 1.587077875600076751e-02 1.731460861737286333e-02
2.898120340788072369e+01 1.591686810011496908e-02 1.730372586485711198e-02
2.910620340788072369e+01 1.595989152332817976e-02 1.728949286094126972e-02
2.923120340788072369e+01 1.599987552748083700e-02 1.727204145227375504e-02
2.935620340788072369e+01 1.603684740118863084e-02 1.725149989752746554e-02
2.948120340788072369e+01 1.607083517768397030e-02 1.722799285946416056e-02
2.960620340788072369e+01 1.610186759382545643e-02 1.720164140557980600e-02
2.973120340788072369e+01 1.612997405025625927e-02 1.717256301664486090e-02
2.985620340788072369e+01 1.615518457269221608e-02 1.714087160250240410e-02
2.998120340788072369e+01 1.617752977432042674e-02 1.710667752454913398e-02
3.010620340788072369e+01 1.619704081928858078e-02 1.707008762432750404e-02
3.023120340788072369e+01 1.621374938726548309e-02 1.703120525768749699e-02
3.035620340788072369e+01 1.622472522802215558e-02 1.699013033402879680e-02
3.048120340788072369e+01 1.622570317484732863e-02 1.694695936016305318e-02
3.060620340788072369e+01 1.622425693833936047e-02 1.690178548830085017e-02
3.073120340788072369e+01 1.622042074083388657e-02 1.685469856780131420e-02
3.085620340788072369e+01 1.621422881610950356e-02 1.680578520025600639e-02
3.098120340788072369e+01 1.620571539554557794e-02 1.675512879754111062e-02
3.110620340788072369e+01 1.619491469479313744e-02 1.670280964247395847e-02
3.123120340788072369e+01 1.618186090094809321e-02 1.664937787205761702e-02
3.135620340788072369e+01 1.616645299420176735e-02 1.661649009629525067e-02
3.148120340788072369e+01 1.614764615497223110e-02 1.658153816573313191e-02
3.160620340788072369e+01 1.612671226666499355e-02 1.654457378617507982e-02
3.173120340788072369e+01 1.610368573882791504e-02 1.650564772425354085e-02
3.185620340788072369e+01 1.607860086174153769e-02 1.646480981144016198e-02
3.198120340788072369e+01 1.605149179720350219e-02 1.642210894907858085e-02
3.210620340788072014e+01 1.602239256970594203e-02 1.637759311436219958e-02
3.223120340788072014e+01 1.599133705799069688e-02 1.633130936718253656e-02
3.235620340788072014e+01 1.595835898697175320e-02 1.628582692570532120e-02
3.248120340788072014e+01 1.592349192001422942e-02 1.624785853363116400e-02
3.260620340788072014e+01 1.588676925155569145e-02 1.620801850199641084e-02
3.273120340788072014e+01 1.584822420005994534e-02 1.616634190631010062e-02
3.285620340788072014e+01 1.580788980129519891e-02 1.612286358126589075e-02
3.298120340788072014e+01 1.576428234132004613e-02 1.607761811542937971e-02
3.310620340788072014e+01 1.569398452644832007e-02 1.603063984622415256e-02
3.323120340788072014e+01 1.562297585356758715e-02 1.598196285520531168e-02
3.335620340788072014e+01 1.555129205401771693e-02 1.593162096360950519e-02
3.348120340788072014e+01 1.547896705023626800e-02 1.587964772817198125e-02
3.360620340788072014e+01 1.540603302226894490e-02 1.582607643720288990e-02
3.373120340788072014e+01 1.533252047324740880e-02 1.577094010691043949e-02
3.385620340788072014e+01 1.525845829376457595e-02 1.571427147796613036e-02
3.398120340788072014e+01 1.518387382509870341e-02 1.565610301229921481e-02
3.410620340788072014e+01 1.510879292126959816e-02 1.559646689011633634e-02
3.423120340788072014e+01 1.503324000983788551e-02 1.553539500713553741e-02
3.435620340788072014e+01 1.495723815144673133e-02 1.547291897202788570e-02
3.448120340788072014e+01 1.488080909807906749e-02 1.540907010405995897e-02
3.460620340788072014e+01 1.480397334998651525e-02 1.534387943092892920e-02
3.473120340788072014e+01 1.472675021127681921e-02 1.527737768678383463e-02
3.485620340788072014e+01 1.464915784414677798e-02 1.520959531042729435e-02
3.498120340788072014e+01 1.457121332175810233e-02 1.514056244368869319e-02
3.510620340788072014e+01 1.449293267972211890e-02 1.507030892996578247e-02
3.523120340788072014e+01 1.441433096621347679e-02 1.499886431292635734e-02
3.535620340788072014e+01 1.433542229068535991e-02 1.492625783536459874e-02
3.548120340788072014e+01 1.425621987122611609e-02 1.485251843820770828e-02
3.560620340788072014e+01 1.417673608050043325e-02 1.477767475966482343e-02
3.573120340788072014e+01 1.409698249034248112e-02 1.470175513451709576e-02
3.585620340788072014e+01 1.401696991496511821e-02 1.462625958472831694e-02
3.598120340788072014e+01 1.393670845282416089e-02 1.455162942372534816e-02
3.610620340788072014e+01 1.385620752711520971e-02 1.447581608156437577e-02
3.623120340788072014e+01 1.377547592495786781e-02 1.439885059773915281e-02
3.635620340788072014e+01 1.369452183525058514e-02 1.432076372131338600e-02
3.648120340788072014e+01 1.361335288521509264e-02 1.424158590684304788e-02
3.660620340788072014e+01 1.353197617566882782e-02 1.416134731058393305e-02
3.673120340788072014e+01 1.345039831502705882e-02 1.408007778697470402e-02
3.685620340788072014e+01 1.336862545205157703e-02 1.399780688538706207e-02
3.698120340788072014e+01 1.328666330737211798e-02 1.391456384713376550e-02
3.710620340788072014e+01 1.320451720381429772e-02 1.383037760272667026e-02
3.723120340788072014e+01 1.312219209552952480e-02 1.374527676937563857e-02
3.735620340788072014e+01 1.303969259597449575e-02 1.365928964872093442e-02
3.748120340788072014e+01 1.295702300474839072e-02 1.357244422479095096e-02
3.760620340788072014e+01 1.287418733331488659e-02 1.348476816217729184e-02
3.773120340788072014e+01 1.279118932964151516e-02 1.339628880442027617e-02
3.785620340788072014e+01 1.270803250176432905e-02 1.330703317259700896e-02
3.798120340788072014e+01 1.262472014032407601e-02 1.321702796410518382e-02
3.810620340788072014e+01 1.254125534006793156e-02 1.312629955163554379e-02
3.823120340788072014e+01 1.245764102039041005e-02 1.303487398232633376e-02
3.835620340788072014e+01 1.237387994487058884e-02 1.294277697709315944e-02
3.848120340788072014e+01 1.228997473990325016e-02 1.285003393012760543e-02
3.860620340788072014e+01 1.220592791239095629e-02 1.275666990855867447e-02
3.873120340788072014e+01 1.212174186655992636e-02 1.266270965227081838e-02
3.885620340788072014e+01 1.203741891990280782e-02 1.256817757387266275e-02
3.898120340788072014e+01 1.195296131828465190e-02 1.247309775881058971e-02
3.910620340788072014e+01 1.186837125022812030e-02 1.237749396562171783e-02
3.923120340788072014e+01 1.178365086041038325e-02 1.228138962632084087e-02
3.935620340788072014e+01 1.169880226238778631e-02 1.218480784691575169e-02
3.948120340788072014e+01 1.161382755058711948e-02 1.208777140804618427e-02
3.960620340788072014e+01 1.152872881156374874e-02 1.199030276574114887e-02
3.973120340788072014e+01 1.144350813457388136e-02 1.189242405228971462e-02
3.985620340788072014e+01 1.135816762146038029e-02 1.179415707722076233e-02
3.998120340788072014e+01 1.127270939590324129e-02 1.169552332838697667e-02
4.010620340788072014e+01 1.118713561202442849e-02 1.159654397314844633e-02
4.023120340788072014e+01 1.110144846240140697e-02 1.149723985965194623e-02
4.035620340788072014e+01 1.101565018548333538e-02 1.139763151820115915e-02
4.048120340788072014e+01 1.092974307245264155e-02 1.129773916271440554e-02
4.060620340788072014e+01 1.084372947352879590e-02 1.119758269226522017e-02
4.073120340788072014e+01 1.075761180377347165e-02 1.109718169270237399e-02
4.085620340788072014e+01 1.067139254836496631e-02 1.099655543834547958e-02
4.098120340788072014e+01 1.058507426740719695e-02 1.089572289375274200e-02
4.110620340788072014e+01 1.049865960027402539e-02 1.079470271555677853e-02
4.123120340788072014e+01 1.041215126949785602e-02 1.069351325436575413e-02
4.135620340788072014e+01 1.032555208424125980e-02 1.059217255672635465e-02
4.148120340788072014e+01 1.023886494335344080e-02 1.049069836714487669e-02
4.160620340788072014e+01 1.015209283803574121e-02 1.038910813016419993e-02
4.173120340788072014e+01 1.006523885413692504e-02 1.028741899249287391e-02
4.185620340788072014e+01 9.978306174084078037e-03 1.018564780518392034e-02
4.198120340788072014e+01 9.891298078479908093e-03 1.008381112586008779e-02
4.210620340788072014e+01 9.804217947362078162e-03 9.981925220983262070e-03
4.223120340788072014e+01 9.717069261158681540e-03 9.880006068165123057e-03
4.235620340788072014e+01 9.621382083340006275e-03 9.778069358516414816e-03
4.248120340788072014e+01 9.521722682519044578e-03 9.676130499032783647e-03
4.260620340788072014e+01 9.422124750668815774e-03 9.574204615014045988e-03
4.273120340788072014e+01 9.322600724376276307e-03 9.472306552515486269e-03
4.285620340788072014e+01 9.223162797820514541e-03 9.370957696791398089e-03
4.298120340788072014e+01 9.123822925865254438e-03 9.271002153730990153e-03
4.310620340788072014e+01 9.024592827126873620e-03 9.171263458963728812e-03
4.323120340788072014e+01 8.925483987018145715e-03 9.071618650932269934e-03
4.335620340788072014e+01 8.826507660766405930e-03 8.972079345475203124e-03
4.348120340788072014e+01 8.727674876406885801e-03 8.872656944297762846e-03
4.360620340788072014e+01 8.628996437750191886e-03 8.773362637124089425e-03
4.373120340788072014e+01 8.530482927323744524e-03 8.674207403848634840e-03
4.385620340788072014e+01 8.432144709287655443e-03 8.579665000203282044e-03
4.398120340788072014e+01 8.333991932323359803e-03 8.491978202713012028e-03
4.410620340788072014e+01 8.236034532496924743e-03 8.404286964763172524e-03
4.423120340788072014e+01 8.138282236094801850e-03 8.316596302534435756e-03
4.435620340788072014e+01 8.040744562433274276e-03 8.228911314206884681e-03
4.448120340788072014e+01 7.943430826641223810e-03 8.141237177482893786e-03
4.460620340788072014e+01 7.846350142415558712e-03 8.053579147035109728e-03
4.473120340788072014e+01 7.749511424750201750e-03 7.965942551855852843e-03
4.485620340788072014e+01 7.652923392637699974e-03 7.878332792532314124e-03
4.498120340788072014e+01 7.556594571744139691e-03 7.790755338453318225e-03
4.510620340788072014e+01 7.460533297056945977e-03 7.703215724956414580e-03
4.523120340788072014e+01 7.364747715505752350e-03 7.615719550409654447e-03
4.535620340788072014e+01 7.269245788556506251e-03 7.528272473251101417e-03
4.548120340788072014e+01 7.174035294778389679e-03 7.440880208991348076e-03
4.560620340788072014e+01 7.079123832384357287e-03 7.353548527161181576e-03
4.573120340788072014e+01 6.984518821744477475e-03 7.266283248239188003e-03
4.585620340788072014e+01 6.890227507873186719e-03 7.179090240560918358e-03
4.598120340788072014e+01 6.796256962889521240e-03 7.091975417184951877e-03
4.610620340788072014e+01 6.702614088451260173e-03 7.004944732772002726e-03
4.623120340788072014e+01 6.609305618162632408e-03 6.918004180424312810e-03
4.635620340788072014e+01 6.516338119955866412e-03 6.831159788547089447e-03
4.648120340788072014e+01 6.423717998446613377e-03 6.744417617682228229e-03
4.660620340788072014e+01 6.331451497263876002e-03 6.657783757363453653e-03
4.673120340788072014e+01 6.239544701353524382e-03 6.571264322963852982e-03
4.685620340788072014e+01 6.148003539256970650e-03 6.484865452568772635e-03
4.698120340788072014e+01 6.056833785363756849e-03 6.398593303848667743e-03
4.710620340788072014e+01 5.966041062139466368e-03 6.312454050955449390e-03
4.723120340788072014e+01 5.875630842328246825e-03 6.226453881439709265e-03
4.735620340788072014e+01 5.785608451130437938e-03 6.140598993187243969e-03
4.748120340788072014e+01 5.695067767810754050e-03 6.054895591382863929e-03
4.760620340788072014e+01 5.604655900959846712e-03 5.969349885508871620e-03
4.773120340788072014e+01 5.514665015800977906e-03 5.883968086368333329e-03
4.785620340788072014e+01 5.425100101449289482e-03 5.798756403141735669e-03
4.798120340788072014e+01 5.335965994723037252e-03 5.713721040490519522e-03
4.810620340788072014e+01 5.247267382490129750e-03 5.628868195680621425e-03
4.823120340788072014e+01 5.159008803989792794e-03 5.544204055760514754e-03
4.835620340788072014e+01 5.071194653130012102e-03 5.459734794778867660e-03
4.848120340788072014e+01 4.983829180760503304e-03 5.375466571042496026e-03
4.860620340788072014e+01 4.896916496921095707e-03 5.291405524420117468e-03
4.873120340788072014e+01 4.810460573065975659e-03 5.207557773694614263e-03
4.885620340788072014e+01 4.724465244263332392e-03 5.123929413965160919e-03
4.898120340788072014e+01 4.638934211370968411e-03 5.040526514088804547e-03
4.910620340788072014e+01 4.553871043187700945e-03 4.957355114188215402e-03
4.923120340788072014e+01 4.469279178580402682e-03 4.874421223195835387e-03
4.935620340788072014e+01 4.385161928587290661e-03 4.791730816460666557e-03
4.948120340788072014e+01 4.301522478497132006e-03 4.709289833404899962e-03
4.960620340788072014e+01 4.218363889904505268e-03 4.627104175230624221e-03
4.973120340788072014e+01 4.135689102741598767e-03 4.545179702687992748e-03
4.985620340788072014e+01 4.053500937286154751e-03 4.463522233893070859e-03
4.998120340788072014e+01 3.971802096145925394e-03 4.382137542204713777e-03
5.010620340788072014e+01 3.890595166219798073e-03 4.301031354155051938e-03
5.023120340788072014e+01 3.809882620635727385e-03 4.220209347440293489e-03
5.035620340788072014e+01 3.729666820665266183e-03 4.139677148960241304e-03
5.048120340788072014e+01 3.649950017615568188e-03 4.059440332923582029e-03
5.060620340788072014e+01 3.570734354698085027e-03 3.979504419008420002e-03
5.073120340788072014e+01 3.492021868874852809e-03 3.899874870571980612e-03
5.085620340788072014e+01 3.413814492682099369e-03 3.820557092924575186e-03
5.098120340788072014e+01 3.336114056031562036e-03 3.741556431665518049e-03
5.110620340788072014e+01 3.258922287989383243e-03 3.662878171059771870e-03
5.123120340788072014e+01 3.182240818533274822e-03 3.584527532487653909e-03
5.135620340788072014e+01 3.106071180287341225e-03 3.506509672942147854e-03
5.148120340788072014e+01 3.030414810235468499e-03 3.428829683588006938e-03
5.160620340788072014e+01 2.955273051413074767e-03 3.351492588365102918e-03
5.173120340788072014e+01 2.880015134317640869e-03 3.274503342670627773e-03
5.185620340788072014e+01 2.804741598787867298e-03 3.197866832065439716e-03
5.198120340788072014e+01 2.730002140567433164e-03 3.121587871063205392e-03
5.210620340788072014e+01 2.655797927790710250e-03 3.045671201959610289e-03
5.223120340788072014e+01 2.582130031746513159e-03 2.970121493715540285e-03
5.235620340788072014e+01 2.508999428646430888e-03 2.894943340904403747e-03
5.248120340788072014e+01 2.436407001372082812e-03 2.820141262695031060e-03
5.260620340788072014e+01 2.364353541202010751e-03 2.745719701902402717e-03
5.273120340788072014e+01 2.292839749518163321e-03 2.671683024085005041e-03
5.285620340788072014e+01 2.221866239491747472e-03 2.598035516688226333e-03
5.298120340788072014e+01 2.151433537748893062e-03 2.524781388247443990e-03
5.310620340788072014e+01 2.081542086016083606e-03 2.451924767632597535e-03
5.323120340788072014e+01 2.012192242745294238e-03 2.379469703350231731e-03
5.335620340788072014e+01 1.943384284719298525e-03 2.307420162882069508e-03
5.348120340788072014e+01 1.875118408636891523e-03 2.235780032086370599e-03
5.360620340788072014e+01 1.807394732678256535e-03 2.164553114633327186e-03
5.373120340788072014e+01 1.740213298050761592e-03 2.093743131494934205e-03
5.385620340788072014e+01 1.673574070514950371e-03 2.023353720476410173e-03
5.398120340788072014e+01 1.607476941891193339e-03 1.953388435792610244e-03
5.410620340788072014e+01 1.541921731546819349e-03 1.883850747693563811e-03
5.423120340788072014e+01 1.476908187864235103e-03 1.814744042123182842e-03
5.435620340788072014e+01 1.412435989689646938e-03 1.746071620430811626e-03
5.448120340788072014e+01 1.348504747762982112e-03 1.677836699117968419e-03
5.460620340788072014e+01 1.285114006128835898e-03 1.610042409628401842e-03
5.473120340788072014e+01 1.222263243528805970e-03 1.542691798177400157e-03
5.485620340788072014e+01 1.159951874775139256e-03 1.475787825621741002e-03
5.498120340788072014e+01 1.098179252105918515e-03 1.409333367366039308e-03
5.510620340788072014e+01 1.036944666522144915e-03 1.343331213306236515e-03
5.523120340788072014e+01 9.762473491061920538e-04 1.277784067814689969e-03
5.535620340788072014e+01 9.160864723228363165e-04 1.212694549753519022e-03
5.548120340788072014e+01 8.564611513019645397e-04 1.148065192531211656e-03
5.560620340788072014e+01 7.973704451036593786e-04 1.083898444186163785e-03
5.573120340788072014e+01 7.388133579658047326e-04 1.020196667509009562e-03
5.585620340788072014e+01 6.807888405340941371e-04 9.569621401966950771e-04
5.598120340788072014e+01 6.232957910749375996e-04 8.941970550349992398e-04
5.610620340788072014e+01 5.663330566710247796e-04 8.319035201158985317e-04
5.623120340788072014e+01 5.098994344001795288e-04 7.700835590841715022e-04
5.635620340788072014e+01 4.539936724970063532e-04 7.087391114115100142e-04
5.648120340788072014e+01 3.986144714983024667e-04 6.478720327029791797e-04
5.660620340788072014e+01 3.437604853715552598e-04 5.874840950268990980e-04
5.673120340788072014e+01 2.894303226273763378e-04 5.275769872764405916e-04
5.685620340788072014e+01 2.356225474155921055e-04 4.681523155539292318e-04
5.698120340788072014e+01 1.823356806051224942e-04 4.092116035786463554e-04
5.710620340788072014e+01 1.295682008483602316e-04 3.507562931292045310e-04
5.723120340788072014e+01 7.731854562944297487e-05 2.927877444970691649e-04
5.735620340788072014e+01 2.558511229713113434e-05 2.353072369720427665e-04
5.748120340788072014e+01 -2.563374091788983604e-05 1.783159693460230355e-04
5.760620340788072014e+01 -7.633969390073139152e-05 1.218150604431766259e-04
5.773120340788072014e+01 -1.265344636654517415e-04 6.580554966282229485e-05
5.785620340788072014e+01 -1.762198033828464420e-04 1.314380365484771329e-05
5.798120340788072014e+01 -2.253975014233659195e-04 -3.858841573163701973e-05
5.810620340788072014e+01 -2.740693804143990320e-04 -8.985791440020787248e-05
5.823120340788072014e+01 -3.222372963121861167e-04 -1.406651482471206298e-04
5.835620340788072014e+01 -3.699031374880726699e-04 -1.910106123870770856e-04
5.848120340788072014e+01 -4.170688238288028501e-04 -2.408948406983251790e-04
5.860620340788072014e+01 -4.637363058511958982e-04 -2.903184053663519434e-04
5.873120340788072014e+01 -5.099075638301215707e-04 -3.392819164279309708e-04
5.885620340788072014e+01 -5.555846069407608051e-04 -3.877860213148889173e-04
5.898120340788072014e+01 -6.007694724140519088e-04 -4.358314043965885579e-04
5.910620340788072014e+01 -6.454642247057303670e-04 -4.834187865230568605e-04
5.923120340788072014e+01 -6.896709546786166257e-04 -5.305489245676195571e-04
5.935620340788072014e+01 -7.333917787979022654e-04 -5.772226109688258352e-04
5.948120340788072014e+01 -7.766288383394602621e-04 -6.234406732731904077e-04
5.960620340788072014e+01 -8.193842986110388233e-04 -6.692039736773577581e-04
5.973120340788072014e+01 -8.616603481860159218e-04 -7.145134085700423354e-04
5.985620340788072014e+01 -9.034591981496125062e-04 -7.593699080747740937e-04
5.998120340788072014e+01 -9.447830813576591456e-04 -8.037744355925559954e-04
6.010620340788072014e+01 -9.856342517074033905e-04 -8.477279873444548350e-04
6.023120340788072014e+01 -1.026014983420382894e-03 -8.912315919145630781e-04
6.035620340788072014e+01 -1.065927570337488976e-03 -9.342863097942802819e-04
6.048120340788072014e+01 -1.105374325225362596e-03 -9.768932329253330465e-04
6.060620340788072014e+01 -1.144357579094796348e-03 -1.019053484244889429e-03
6.073120340788072014e+01 -1.182879680530504306e-03 -1.060768217230469417e-03
6.085620340788072014e+01 -1.220942995032302898e-03 -1.102038615445682978e-03
6.098120340788072014e+01 -1.258549904367247622e-03 -1.142865892086318948e-03
6.110620340788072014e+01 -1.295702805933295065e-03 -1.183251289528216904e-03
6.123120340788072014e+01 -1.332404112133466498e-03 -1.223196078874905267e-03
6.135620340788072014e+01 -1.368656249761058185e-03 -1.262701559506431608e-03
6.148120340788072014e+01 -1.404461659395491628e-03 -1.301769058630133664e-03
6.160620340788072014e+01 -1.439822794808565858e-03 -1.340399930830518281e-03
6.173120340788072014e+01 -1.474742122381222150e-03 -1.378595557622361517e-03
6.185620340788072014e+01 -1.509222120530479211e-03 -1.416357347003576730e-03
6.198120340788072014e+01 -1.543629505956766205e-03 -1.453686733009607263e-03
6.210620340788072014e+01 -1.582352475784377802e-03 -1.490585175269691556e-03
6.223120340788072014e+01 -1.620593620127708549e-03 -1.527054158563821056e-03
6.235620340788072014e+01 -1.658354321601435274e-03 -1.563095192381265021e-03
6.248120340788072014e+01 -1.695636012186822663e-03 -1.598709810480562028e-03
6.260620340788072014e+01 -1.732440172337004715e-03 -1.633899570451968503e-03
6.273120340788072014e+01 -1.768768330083273855e-03 -1.668666053279310724e-03
6.285620340788072014e+01 -1.804622060138014877e-03 -1.703010862906154327e-03
6.298120340788072014e+01 -1.840002983006487278e-03 -1.736935625801484849e-03
6.310620340788072014e+01 -1.874912764091497602e-03 -1.769526169208168092e-03
6.323120340788072014e+01 -1.909353112804746799e-03 -1.799961595713262018e-03
6.335620340788072014e+01 -1.943325781680776618e-03 -1.829998120945912788e-03
6.348120340788072014e+01 -1.976832565489612583e-03 -1.859638007894313504e-03
6.360620340788072014e+01 -2.009875300353480745e-03 -1.888883527341773819e-03
6.373120340788072014e+01 -2.042455862867565905e-03 -1.917736957480859969e-03
6.385620340788072014e+01 -2.074576169223683961e-03 -1.946200583533515705e-03
6.398120340788072014e+01 -2.106238174334941309e-03 -1.974276697376912363e-03
6.410620340788072724e+01 -2.137443870966400285e-03 -2.001967597175512929e-03
6.423120340788072724e+01 -2.168195288869173738e-03 -2.029275587018919240e-03
6.435620340788072724e+01 -2.198494493917275625e-03 -2.056202976565172074e-03
6.448120340788072724e+01 -2.228343587251060964e-03 -2.082752080690197793e-03
6.460620340788072724e+01 -2.257744704419991418e-03 -2.108925219142708529e-03
6.473120340788072724e+01 -2.286700014540339002e-03 -2.134724716204444879e-03
6.485620340788072724e+01 -2.315211719445057527e-03 -2.160152900356396028e-03
6.498120340788072724e+01 -2.343282052848094741e-03 -2.185212103950146412e-03
6.510620340788072724e+01 -2.370913279510102230e-03 -2.209904662884531936e-03
6.523120340788072724e+01 -2.398107694411212576e-03 -2.234232916287854677e-03
6.535620340788072724e+01 -2.424867621927151527e-03 -2.258199206205354238e-03
6.548120340788072724e+01 -2.451195415013159018e-03 -2.281805877291570150e-03
6.560620340788072724e+01 -2.477093454393892828e-03 -2.305055276508147840e-03
6.573120340788072724e+01 -2.502564147758466577e-03 -2.327949752826668356e-03
6.585620340788072724e+01 -2.527609928962081844e-03 -2.350491656936341822e-03
6.598120340788072724e+01 -2.552233257234303842e-03 -2.372683340956683457e-03
6.610620340788072724e+01 -2.576436616391986588e-03 -2.394527158155415007e-03
6.623120340788072724e+01 -2.600222514065427936e-03 -2.416025462670701261e-03
6.635620340788072724e+01 -2.623593480918564973e-03 -2.437180609238428532e-03
6.648120340788072724e+01 -2.646552069891420274e-03 -2.457994952924362920e-03
6.660620340788072724e+01 -2.669100855437602469e-03 -2.478470848860657959e-03
6.673120340788072724e+01 -2.691242432774876205e-03 -2.498610651987093288e-03
6.685620340788072724e+01 -2.712979417141232925e-03 -2.518416716797036974e-03
6.698120340788072724e+01 -2.734314443058395803e-03 -2.537891397087680464e-03
6.710620340788072724e+01 -2.755250163602149076e-03 -2.557037045714808960e-03
6.723120340788072724e+01 -2.775789249681278551e-03 -2.575856014352079053e-03
6.735620340788072724e+01 -2.795934389323721618e-03 -2.594350653254393329e-03
6.748120340788072724e+01 -2.815688286969828327e-03 -2.612523311025813453e-03
6.760620340788072724e+01 -2.835053662772863206e-03 -2.630376334391557654e-03
6.773120340788072724e+01 -2.854033251910640095e-03 -2.647912067974251757e-03
6.785620340788072724e+01 -2.872629803898250726e-03 -2.665132854074212573e-03
6.798120340788072724e+01 -2.890846081915501593e-03 -2.682041032454133590e-03
6.810620340788072724e+01 -2.908684862140213743e-03 -2.698638940127279576e-03
6.823120340788072724e+01 -2.926148933085344610e-03 -2.714928911150150254e-03
6.835620340788072724e+01 -2.943241094952183789e-03 -2.730913276418855864e-03
6.848120340788072724e+01 -2.959964158982832799e-03 -2.746594363469399749e-03
6.860620340788072724e+01 -2.976320946826014474e-03 -2.761974496281808557e-03
6.873120340788072724e+01 -2.992314289912874781e-03 -2.777055995088103125e-03
6.885620340788072724e+01 -3.007947028832385662e-03 -2.791841176183943937e-03
6.898120340788072724e+01 -3.023222012726884105e-03 -2.806332351744044405e-03
6.910620340788072724e+01 -3.038142098682777847e-03 -2.820531829641209718e-03
6.923120340788072724e+01 -3.052710151142329267e-03 -2.834441913268914096e-03
6.935620340788072724e+01 -3.066929041311606836e-03 -2.848064901367482367e-03
6.948120340788072724e+01 -3.080801646586049224e-03 -2.861045461912115756e-03
6.960620340788072724e+01 -3.094330849979898702e-03 -2.873733965505480964e-03
6.973120340788072724e+01 -3.107519539563299849e-03 -2.886145685065738629e-03
6.985620340788072724e+01 -3.120370607910683512e-03 -2.898282946891967467e-03
6.998120340788072724e+01 -3.132886951553471525e-03 -2.910148070180691975e-03
7.010620340788072724e+01 -3.145071470445445338e-03 -2.921743366890198427e-03
7.023120340788072724e+01 -3.156927067430958730e-03 -2.933071141608293870e-03
7.035620340788072724e+01 -3.168456647726680935e-03 -2.944133691423203233e-03
7.048120340788072724e+01 -3.179663118409052636e-03 -2.954933305797714706e-03
7.060620340788072724e+01 -3.190549387908082381e-03 -2.965472266446836196e-03
7.073120340788072724e+01 -3.201118365514001637e-03 -2.975752847217948485e-03
7.085620340788072724e+01 -3.211372960885912602e-03 -2.985777313974938719e-03
7.098120340788072724e+01 -3.221316083574659456e-03 -2.995547924484543052e-03
7.110620340788072724e+01 -3.230950642549356832e-03 -3.005066928306443248e-03
7.123120340788072724e+01 -3.240279545733867374e-03 -3.014336566685601061e-03
7.135620340788072724e+01 -3.249305699552066089e-03 -3.023359072448290191e-03
7.148120340788072724e+01 -3.258032008477566421e-03 -3.032136669900334803e-03
7.160620340788072724e+01 -3.266461374596981923e-03 -3.040671574728568121e-03
7.173120340788072724e+01 -3.274596697173756937e-03 -3.048965993904994166e-03
7.185620340788072724e+01 -3.282440872229164947e-03 -3.057022125593600141e-03
7.198120340788072724e+01 -3.289996792120731314e-03 -3.064842159060058874e-03
7.210620340788072724e+01 -3.297267345137372668e-03 -3.072428274583963084e-03
7.223120340788072724e+01 -3.304255415097683522e-03 -3.079782643373597979e-03
7.235620340788072724e+01 -3.310963880955033415e-03 -3.086907427483643381e-03
7.248120340788072724e+01 -3.317395616414827927e-03 -3.093804779734869032e-03
7.260620340788072724e+01 -3.323553489554065613e-03 -3.100476843637007922e-03
7.273120340788072724e+01 -3.329440362453498121e-03 -3.106925753313343960e-03
7.285620340788072724e+01 -3.335059090832371599e-03 -3.113153633428517985e-03
7.298120340788072724e+01 -3.340412523694491053e-03 -3.119162599118016459e-03
7.310620340788072724e+01 -3.345503502980266917e-03 -3.124954755920370669e-03
7.323120340788072724e+01 -3.350334863224520461e-03 -3.130532199711689133e-03
7.335620340788072724e+01 -3.354909431225847234e-03 -3.135897016642274267e-03
7.348120340788072724e+01 -3.359230025716940671e-03 -3.141051283075618240e-03
7.360620340788072724e+01 -3.363299457049489984e-03 -3.145997065529708599e-03
7.373120340788072724e+01 -3.367120526878607072e-03 -3.150736420619997501e-03
7.385620340788072724e+01 -3.370696027860083446e-03 -3.155271395005303497e-03
7.398120340788072724e+01 -3.374028743352684798e-03 -3.159604025334882514e-03
7.410620340788072724e+01 -3.377121447125749475e-03 -3.163736338198616140e-03
7.423120340788072724e+01 -3.379976903077072138e-03 -3.167670350078038207e-03
7.435620340788072724e+01 -3.382597864953397308e-03 -3.171408067300575395e-03
7.448120340788072724e+01 -3.384987076082502169e-03 -3.174951485994687277e-03
7.460620340788072724e+01 -3.387147269106865338e-03 -3.178302592047617132e-03
7.473120340788072724e+01 -3.389081165727505455e-03 -3.181463361064902629e-03
7.485620340788072724e+01 -3.390791476454318477e-03 -3.184435758331433455e-03
7.498120340788072724e+01 -3.392280900359676259e-03 -3.187221738774898526e-03
7.510620340788072724e+01 -3.393552124843267001e-03 -3.189823246930489995e-03
7.523120340788072724e+01 -3.394607825397667755e-03 -3.192242216907750958e-03
7.535620340788072724e+01 -3.395450665386362706e-03 -3.194480572359034275e-03
7.548120340788072724e+01 -3.396083295821579733e-03 -3.196540226449662292e-03
7.560620340788072724e+01 -3.396508355153646415e-03 -3.198423081829827787e-03
7.573120340788072724e+01 -3.396728469064407441e-03 -3.200131030608103881e-03
7.585620340788072724e+01 -3.396746250264403785e-03 -3.201665954326596286e-03
7.598120340788072724e+01 -3.396564298300932920e-03 -3.203029723937896641e-03
7.610620340788072724e+01 -3.396185199366218762e-03 -3.204224199783014225e-03
7.623120340788072724e+01 -3.395611526116865553e-03 -3.205251231571767511e-03
7.635620340788072724e+01 -3.394845837494316152e-03 -3.206112658363745142e-03
7.648120340788072724e+01 -3.393890678554249783e-03 -3.206810308551569320e-03
7.660620340788072724e+01 -3.392748580301081177e-03 -3.207345999845010072e-03
7.673120340788072724e+01 -3.391422059525690206e-03 -3.207721539256927490e-03
7.685620340788072724e+01 -3.389913618651618690e-03 -3.207636957812877877e-03
7.698120340788072724e+01 -3.388225745584156397e-03 -3.207366902502886349e-03
7.710620340788072724e+01 -3.386360913567498278e-03 -3.206945062632772774e-03
7.723120340788072724e+01 -3.384321581043387046e-03 -3.206373230630619412e-03
7.735620340788072724e+01 -3.382110191518789347e-03 -3.205653187120485054e-03
7.748120340788072724e+01 -3.379729173436339662e-03 -3.204786700928819159e-03
7.760620340788072724e+01 -3.377180940049726455e-03 -3.203775529092285895e-03
7.773120340788072724e+01 -3.374467889306597898e-03 -3.202621416866528823e-03
7.785620340788072724e+01 -3.371592403732350147e-03 -3.201326097736476462e-03
7.798120340788072724e+01 -3.368556850322348972e-03 -3.199891293427696484e-03
7.810620340788072724e+01 -3.365363580436866228e-03 -3.198318713918887890e-03
7.823120340788072724e+01 -3.362014929701153711e-03 -3.196610057455646046e-03
7.835620340788072724e+01 -3.358513217911402067e-03 -3.194767010565304106e-03
7.848120340788072724e+01 -3.354860748941910532e-03 -3.192791248072728537e-03
7.860620340788072724e+01 -3.351059810661688367e-03 -3.190684433117421323e-03
7.873120340788072724e+01 -3.347112674850491638e-03 -3.188448217171542445e-03
7.885620340788072724e+01 -3.343021597122576051e-03 -3.186084240058943695e-03
7.898120340788072724e+01 -3.340023378767092901e-03 -3.183594129975328771e-03
7.910620340788072724e+01 -3.337225730285309742e-03 -3.180979503509175771e-03
7.923120340788072724e+01 -3.334281548223521404e-03 -3.178241965663870534e-03
7.935620340788072724e+01 -3.331192703474892668e-03 -3.175383109880589808e-03
7.948120340788072724e+01 -3.327961056847414303e-03 -3.172404518062242607e-03
7.960620340788072724e+01 -3.324588459002544155e-03 -3.169307760598102409e-03
7.973120340788072724e+01 -3.321076750395752109e-03 -3.166094396389562606e-03
7.985620340788072724e+01 -3.317427761218928999e-03 -3.162765972876573246e-03
7.998120340788072724e+01 -3.313643311344952654e-03 -3.159324026064929108e-03
8.010620340788072724e+01 -3.309725210274598421e-03 -3.155770080554485407e-03
8.023120340788072724e+01 -3.305675257084659223e-03 -3.152105649567942067e-03
8.035620340788072724e+01 -3.301495240378745765e-03 -3.148332234980641495e-03
8.048120340788072724e+01 -3.297186938239811058e-03 -3.144451327351019052e-03
8.060620340788072724e+01 -3.292752118184568821e-03 -3.140464405951730494e-03
8.073120340788072724e+01 -3.288192537119699523e-03 -3.136372938801539230e-03
8.085620340788072724e+01 -3.283509941300507152e-03 -3.132178382697939963e-03
8.098120340788072724e+01 -3.278706066290408647e-03 -3.127882183250486198e-03
8.110620340788072724e+01 -3.273782636923151627e-03 -3.123485774914609107e-03
8.123120340788072724e+01 -3.268741367266709153e-03 -3.118990581026321110e-03
8.135620340788072724e+01 -3.263583960588541458e-03 -3.114398013837303691e-03
8.148120340788072724e+01 -3.258312109322959726e-03 -3.109709474550830487e-03
8.160620340788072724e+01 -3.252927495040430599e-03 -3.104926353358148771e-03
8.173120340788072724e+01 -3.247431788418052041e-03 -3.100050029475485448e-03
8.185620340788072724e+01 -3.241826649212126502e-03 -3.095081871181550471e-03
8.198120340788072724e+01 -3.236113726232411111e-03 -3.090023235855713767e-03
8.210620340788072724e+01 -3.230294657317884458e-03 -3.084875470016626691e-03
8.223120340788072724e+01 -3.224371069314198660e-03 -3.079639909361320520e-03
8.235620340788072724e+01 -3.218344578053078213e-03 -3.074317878804957212e-03
8.248120340788072724e+01 -3.212216788332451778e-03 -3.068910692520872025e-03
8.260620340788072724e+01 -3.205989293899275810e-03 -3.063419653981247145e-03
8.273120340788072724e+01 -3.199663677432994843e-03 -3.057846055998176930e-03
8.285620340788072724e+01 -3.193241510531090802e-03 -3.052191180765199789e-03
8.298120340788072724e+01 -3.186724353695814110e-03 -3.046456299899182648e-03
8.310620340788072724e+01 -3.180113756322894541e-03 -3.040642674482763996e-03
8.323120340788072724e+01 -3.173411256690918201e-03 -3.034751555107099638e-03
8.335620340788072724e+01 -3.166618381952822185e-03 -3.028784181914957567e-03
8.348120340788072724e+01 -3.159736648128711085e-03 -3.022741784644391791e-03
8.360620340788072724e+01 -3.152767560099889108e-03 -3.016625582672513746e-03
8.373120340788072724e+01 -3.145712611604226626e-03 -3.010436785059815348e-03
8.385620340788072724e+01 -3.138573285233509959e-03 -3.004176590594764395e-03
8.398120340788072724e+01 -3.131351052431099492e-03 -2.997846187838760362e-03
8.410620340788072724e+01 -3.124047373491849015e-03 -2.991446755171280145e-03
8.423120340788072724e+01 -3.116663697562852085e-03 -2.984979460835524706e-03
8.435620340788072724e+01 -3.109201462645583107e-03 -2.978445462984265213e-03
8.448120340788072724e+01 -3.101662095599408853e-03 -2.971845909725891275e-03
8.460620340788072724e+01 -3.094047012146397980e-03 -2.965181939170920180e-03
8.473120340788072724e+01 -3.086357616876708645e-03 -2.958454679478567714e-03
8.485620340788072724e+01 -3.078595303256224762e-03 -2.951665248903721003e-03
8.498120340788072724e+01 -3.070761453634587770e-03 -2.944814755844060543e-03
8.510620340788072724e+01 -3.062857439254717228e-03 -2.937904298887516162e-03
8.523120340788072724e+01 -3.054884620263500616e-03 -2.930934966859760713e-03
8.535620340788072724e+01 -3.046844345723397334e-03 -2.923907838872109258e-03
8.548120340788072724e+01 -3.038737953625638213e-03 -2.916823984369555298e-03
8.560620340788072724e+01 -3.030566770903698678e-03 -2.909684463178903273e-03
8.573120340788072724e+01 -3.022332113448707430e-03 -2.902490325557253656e-03
8.585620340788072724e+01 -3.014035286125372939e-03 -2.895242612240497143e-03
8.598120340788072724e+01 -3.005677582789308567e-03 -2.887942354492079901e-03
8.610620340788072724e+01 -2.997260286304816949e-03 -2.880590574151898481e-03
8.623120340788072724e+01 -2.988784668564668442e-03 -2.873188283685340020e-03
8.635620340788072724e+01 -2.980251990509559089e-03 -2.865736486232421318e-03
8.648120340788072724e+01 -2.971663502149648941e-03 -2.858236175657112230e-03
8.660620340788072724e+01 -2.963020442586639450e-03 -2.850688336596790464e-03
8.673120340788072724e+01 -2.954324040036539114e-03 -2.843093944511724570e-03
8.685620340788072724e+01 -2.945575511853692000e-03 -2.835453965734775067e-03
8.698120340788072724e+01 -2.936776064555795488e-03 -2.827769357521096004e-03
8.710620340788072724e+01 -2.927926893849239383e-03 -2.820041068098011732e-03
8.723120340788072724e+01 -2.919029184655961163e-03 -2.812270036714901913e-03
8.735620340788072724e+01 -2.910084111140712800e-03 -2.804457193693201886e-03
8.748120340788072724e+01 -2.901092836739282109e-03 -2.796603460476520132e-03
8.760620340788072724e+01 -2.892056514187630895e-03 -2.788709749680654253e-03
8.773120340788072724e+01 -2.882976285551887893e-03 -2.780776965143908798e-03
8.785620340788072724e+01 -2.873853282258613615e-03 -2.772806001977202311e-03
8.798120340788072724e+01 -2.864688625126560976e-03 -2.764797746614443708e-03
8.810620340788072724e+01 -2.855483424398657516e-03 -2.756753076862735168e-03
8.823120340788072724e+01 -2.846238779774952574e-03 -2.748672861952800549e-03
8.835620340788072724e+01 -2.836955780446139951e-03 -2.740557962589318386e-03
8.848120340788072724e+01 -2.827635505128209444e-03 -2.732409231001260101e-03
8.860620340788072724e+01 -2.818279022096980418e-03 -2.724227510992325782e-03
8.873120340788072724e+01 -2.808887389224058295e-03 -2.716013637991287165e-03
8.885620340788072724e+01 -2.799461654013179601e-03 -2.707768439102473286e-03
8.898120340788072724e+01 -2.790928859587481301e-03 -2.699492733155997234e-03
8.910620340788072724e+01 -2.782424406975807576e-03 -2.691187330758298621e-03
8.923120340788072724e+01 -2.773888430352942913e-03 -2.682853034342383338e-03
8.935620340788072724e+01 -2.765321788759467735e-03 -2.674490638218175644e-03
8.948120340788072724e+01 -2.756725332280375758e-03 -2.666100928622902339e-03
8.960620340788072724e+01 -2.748099902097433152e-03 -2.657684683771215431e-03
8.973120340788072724e+01 -2.739446330541702064e-03 -2.649242673905597995e-03
8.985620340788072724e+01 -2.730765441146159548e-03 -2.639983024545156966e-03
8.998120340788072724e+01 -2.722058048698498649e-03 -2.630110427828617758e-03
9.010620340788072724e+01 -2.713324959293989761e-03 -2.620230341415284801e-03
9.023120340788072724e+01 -2.704566970388498550e-03 -2.610343609741999724e-03
9.035620340788072724e+01 -2.695784870851568489e-03 -2.600451064952115452e-03
9.048120340788072724e+01 -2.686979441019610951e-03 -2.590553526991834065e-03
9.060620340788072724e+01 -2.678151452749185941e-03 -2.580651803707797575e-03
9.073120340788072724e+01 -2.669301669470325756e-03 -2.570746690942840324e-03
9.085620340788072724e+01 -2.660430846239970112e-03 -2.560838972634509568e-03
9.098120340788072724e+01 -2.651539729795409066e-03 -2.550929420911084589e-03
9.110620340788072724e+01 -2.642629058607822660e-03 -2.541018796189499235e-03
9.123120340788072724e+01 -2.633699562935822719e-03 -2.531107847272579241e-03
9.135620340788072724e+01 -2.624751964879052345e-03 -2.521197311446153784e-03
9.148120340788072724e+01 -2.615786978431816623e-03 -2.511287914576965877e-03
9.160620340788072724e+01 -2.606805309536694253e-03 -2.501380371209459968e-03
9.173120340788072724e+01 -2.597807656138226805e-03 -2.491475384663969887e-03
9.185620340788072724e+01 -2.588794708236541627e-03 -2.481573647133389782e-03
9.198120340788072724e+01 -2.579767147941027655e-03 -2.471675839780818236e-03
9.210620340788072724e+01 -2.570725649523975236e-03 -2.461782632837077912e-03
9.223120340788072724e+01 -2.561670879474199029e-03 -2.451894685697388228e-03
9.235620340788072724e+01 -2.552603496550659608e-03 -2.442012647019230209e-03
9.248120340788072724e+01 -2.543524151836030860e-03 -2.432137154818441067e-03
9.260620340788072724e+01 -2.534433488790249159e-03 -2.422268836567125893e-03
9.273120340788072724e+01 -2.525332143304021785e-03 -2.412408309289424367e-03
9.285620340788072724e+01 -2.516220743752278517e-03 -2.402556179658598030e-03
9.298120340788072724e+01 -2.507099911047577269e-03 -2.392713044093871221e-03
9.310620340788072724e+01 -2.497970258693443368e-03 -2.382879488855756296e-03
9.323120340788072724e+01 -2.488832392837655484e-03 -2.373056090143073685e-03
9.335620340788072724e+01 -2.479686912325462182e-03 -2.363243414187892431e-03
9.348120340788072724e+01 -2.470534408752689173e-03 -2.353442017352142587e-03
9.360620340788072724e+01 -2.461375466518827063e-03 -2.343652446221961613e-03
9.373120340788072724e+01 -2.452210662879976411e-03 -2.333875237703679668e-03
9.385620340788072724e+01 -2.443040568001732509e-03 -2.324110919118565002e-03
9.398120340788072724e+01 -2.433865745011956540e-03 -2.314360008297069310e-03
9.410620340788072724e+01 -2.424686750053462597e-03 -2.304623013673802543e-03
9.423120340788072724e+01 -2.415504132336587610e-03 -2.294900434380642892e-03
9.435620340788072724e+01 -2.406318434191638978e-03 -2.285192760341795293e-03
9.448120340788072724e+01 -2.397130191121262834e-03 -2.275500472366115152e-03
9.460620340788072724e+01 -2.387939931852658352e-03 -2.265824042240787740e-03
9.473120340788072724e+01 -2.378748178389674100e-03 -2.256163932824155425e-03
9.485620340788072724e+01 -2.369555446064792494e-03 -2.246520598137830612e-03
9.498120340788072724e+01 -2.360362243590962469e-03 -2.236894483459132225e-03
9.510620340788072724e+01 -2.351169073113315491e-03 -2.227286025412639203e-03
9.523120340788072724e+01 -2.341976430260700719e-03 -2.217695652061777399e-03
9.535620340788072724e+01 -2.332784804197139076e-03 -2.208123782999484898e-03
9.548120340788072724e+01 -2.323594677673071311e-03 -2.198570829439084207e-03
9.560620340788072724e+01 -2.314406527076482475e-03 -2.189037194304471832e-03
9.573120340788072724e+01 -2.305220822483862453e-03 -2.179523272319940953e-03
9.585620340788072724e+01 -2.296038027711013851e-03 -2.170029450099390453e-03
9.598120340788072724e+01 -2.286858600363689438e-03 -2.160556106235502274e-03
9.610620340788072724e+01 -2.277682991888057857e-03 -2.151103611388433499e-03
9.623120340788072724e+01 -2.268511647621026649e-03 -2.141672328373680524e-03
9.635620340788072724e+01 -2.259345006840368392e-03 -2.132262612249670886e-03
9.648120340788072724e+01 -2.250183502814669459e-03 -2.122874810405648259e-03
9.660620340788072724e+01 -2.241027562853120918e-03 -2.113509262647607183e-03
9.673120340788072724e+01 -2.231877608355110378e-03 -2.104166301285492410e-03
9.685620340788072724e+01 -2.222734054859637313e-03 -2.094846251218331762e-03
9.698120340788072724e+01 -2.213597312094543659e-03 -2.085549430020296191e-03
9.710620340788072724e+01 -2.204467784025532315e-03 -2.076276148024953135e-03
9.723120340788072724e+01 -2.195345868905039521e-03 -2.067026708410378555e-03
9.735620340788072724e+01 -2.186231959320866520e-03 -2.057801407282820912e-03
9.748120340788072724e+01 -2.177126442244636893e-03 -2.048600533760083688e-03
9.760620340788072724e+01 -2.168029699080050929e-03 -2.039424370054967756e-03
9.773120340788072724e+01 -2.158942105710932261e-03 -2.030273191557038000e-03
9.785620340788072724e+01 -2.149864032549086718e-03 -2.021147266915465906e-03
9.798120340788072724e+01 -2.140795844581917014e-03 -2.012046858119897596e-03
9.810620340788072724e+01 -2.131737901419889555e-03 -2.002972220581529603e-03
9.823120340788072724e+01 -2.122690557343733225e-03 -1.993923603213963464e-03
9.835620340788072724e+01 -2.113654161351453866e-03 -1.984901248512730646e-03
9.848120340788072724e+01 -2.104629057205134081e-03 -1.975905392634798828e-03
9.860620340788072724e+01 -2.095615583477506653e-03 -1.966936265477677026e-03
9.873120340788072724e+01 -2.086614073598324574e-03 -1.957994090757719276e-03
9.885620340788072724e+01 -2.077624855900483004e-03 -1.949079086087691058e-03
9.898120340788072724e+01 -2.068648253665966458e-03 -1.940191463054405331e-03
9.910620340788072724e+01 -2.059684585171530583e-03 -1.931331427295731890e-03
9.923120340788072724e+01 -2.050734163734178363e-03 -1.922499178575988454e-03
9.935620340788072724e+01 -2.041797297756407781e-03 -1.913694910862725378e-03
9.948120340788072724e+01 -2.032874290771237002e-03 -1.904918812400950134e-03
9.960620340788072724e+01 -2.023965441486993196e-03 -1.896171065788533356e-03
9.973120340788072724e+01 -2.015071043831863275e-03 -1.887451848049649444e-03
9.985620340788072724e+01 -2.006191386998251638e-03 -1.878761330708498406e-03
9.998120340788072724e+01 -1.997326755486857758e-03 -1.870099679862719357e-03
1.001062034078807272e+02 -1.988477429150551680e-03 -1.861467056255155812e-03
1.002312034078807272e+02 -1.979643683238001012e-03 -1.852863615346297304e-03
1.003562034078807272e+02 -1.970825788437069372e-03 -1.844289507385131347e-03
1.004812034078807272e+02 -1.962024010917981943e-03 -1.835744877480323042e-03
1.006062034078807272e+02 -1.953238612376228655e-03 -1.827229865670152624e-03
1.007312034078807272e+02 -1.944469850075274163e-03 -1.818744606992285387e-03
1.008562034078807272e+02 -1.935717976888988966e-03 -1.810289231553153036e-03
1.009812034078807272e+02 -1.926983241343855659e-03 -1.801863864595930126e-03
1.011062034078807272e+02 -1.918265887660937320e-03 -1.793468626569161457e-03
1.012312034078807272e+02 -1.909566155797601077e-03 -1.785103633193624393e-03
1.013562034078807272e+02 -1.900884281488999248e-03 -1.776768995529742160e-03
1.014812034078807272e+02 -1.892220496289309358e-03 -1.768464820043522644e-03
1.016062034078807272e+02 -1.883575027612729774e-03 -1.760191208672565047e-03
1.017312034078807272e+02 -1.874948098774238551e-03 -1.751948258891193339e-03
1.018562034078807272e+02 -1.866339929030099874e-03 -1.743736063775147126e-03
1.019812034078807272e+02 -1.857750733618128078e-03 -1.735554712065476941e-03
1.021062034078807272e+02 -1.849180723797711184e-03 -1.727404288232456441e-03
1.022312034078807272e+02 -1.840630106889580304e-03 -1.719284872538396529e-03
1.023562034078807272e+02 -1.832099086315351144e-03 -1.711196541100046611e-03
1.024812034078807272e+02 -1.823587861636794677e-03 -1.703139365950396720e-03
1.026062034078807272e+02 -1.815096628594888364e-03 -1.695113415100393990e-03
1.027312034078807272e+02 -1.806625579148602627e-03 -1.687118752599103518e-03
1.028562034078807272e+02 -1.798174901513446182e-03 -1.679155438594618840e-03
1.029812034078807272e+02 -1.789744780199771989e-03 -1.671223529393143364e-03
1.031062034078807272e+02 -1.781335396050819737e-03 -1.663323077518603053e-03
1.032312034078807272e+02 -1.772946926280539104e-03 -1.655454131770832523e-03
1.033562034078807272e+02 -1.764579544511132424e-03 -1.647616737283841152e-03
1.034812034078807272e+02 -1.756233420810384641e-03 -1.639810935583142651e-03
1.036062034078807272e+02 -1.747908721728721332e-03 -1.632036764642892743e-03
1.037312034078807272e+02 -1.739605610336033637e-03 -1.624294258942168790e-03
1.038562034078807272e+02 -1.731324246258252953e-03 -1.616583449520775416e-03
1.039812034078807272e+02 -1.723064785713675174e-03 -1.608904364034797075e-03
1.041062034078807272e+02 -1.714827381549053134e-03 -1.601257026810904219e-03
1.042312034078807272e+02 -1.706612183275421028e-03 -1.593641458901116567e-03
1.043562034078807272e+02 -1.698419337103698528e-03 -1.586057678136271404e-03
1.044812034078807272e+02 -1.690248985980028406e-03 -1.578505699179143630e-03
1.046062034078807272e+02 -1.682101269620879958e-03 -1.570985533577262021e-03
1.047312034078807272e+02 -1.673976324547906975e-03 -1.563497189814795239e-03
1.048562034078807272e+02 -1.665874284122552222e-03 -1.556040673364481432e-03
1.049812034078807272e+02 -1.657795278580428792e-03 -1.548615986738201278e-03
1.051062034078807272e+02 -1.649739435065426070e-03 -1.541223129537958253e-03
1.052312034078807272e+02 -1.641706877663607744e-03 -1.533862098505820023e-03
1.053562034078807272e+02 -1.633697727436838124e-03 -1.526532887573222317e-03
1.054812034078807272e+02 -1.625712102456182070e-03 -1.519235487910078081e-03
1.056062034078807272e+02 -1.617750117835057731e-03 -1.511969887973264957e-03
1.057312034078807272e+02 -1.609811885762143157e-03 -1.504736073554572813e-03
1.058562034078807272e+02 -1.601897515534056763e-03 -1.497534027828185954e-03
1.059812034078807272e+02 -1.594007113587781474e-03 -1.490363731397391193e-03
1.061062034078807272e+02 -1.586140783532850353e-03 -1.483225162341520126e-03
1.062312034078807272e+02 -1.578298626183309095e-03 -1.476118296261229096e-03
1.063562034078807272e+02 -1.570480739589421139e-03 -1.469043106324617468e-03
1.064812034078807272e+02 -1.562687219069142487e-03 -1.461999563311574537e-03
1.066062034078807272e+02 -1.554918157239356920e-03 -1.454987635658606514e-03
1.067312034078807272e+02 -1.547173644046880058e-03 -1.448007289502702914e-03
1.068562034078807272e+02 -1.539453766799220996e-03 -1.441058488724577136e-03
1.069812034078807272e+02 -1.531758610195106934e-03 -1.434141194992145799e-03
1.071062034078807272e+02 -1.524088256354781852e-03 -1.427255367802421869e-03
1.072312034078807272e+02 -1.516442784850065154e-03 -1.420400964524081745e-03
1.073562034078807272e+02 -1.508822272734171776e-03 -1.413577940438504260e-03
1.074812034078807272e+02 -1.501226794571311344e-03 -1.406786248781368483e-03
1.076062034078807272e+02 -1.493656422466049663e-03 -1.400025840782651238e-03
1.077312034078807272e+02 -1.486111226092435168e-03 -1.393296665707227655e-03
1.078562034078807272e+02 -1.478591272722898321e-03 -1.386598670894332013e-03
1.079812034078807272e+02 -1.471096627256930070e-03 -1.379931801796760969e-03
1.081062034078807272e+02 -1.463627352249515477e-03 -1.373296002019563531e-03
1.082312034078807272e+02 -1.456183507939349218e-03 -1.366691213358332043e-03
1.083562034078807272e+02 -1.448765152276828595e-03 -1.359391692080222066e-03
1.084812034078807272e+02 -1.441372340951806944e-03 -1.352034819388340820e-03
1.086062034078807272e+02 -1.434005127421135407e-03 -1.344711444745502532e-03
1.087312034078807272e+02 -1.426663562935967912e-03 -1.337421587771880959e-03
1.088562034078807272e+02 -1.419347696568856471e-03 -1.330165265342259356e-03
1.089812034078807272e+02 -1.412057575240612071e-03 -1.322942491621942286e-03
1.091062034078807272e+02 -1.404793243746947640e-03 -1.315753278102545568e-03
1.092312034078807272e+02 -1.397554744784905694e-03 -1.308597633637457493e-03
1.093562034078807272e+02 -1.390342118979056348e-03 -1.301475564477009477e-03
1.094812034078807272e+02 -1.383155404907485207e-03 -1.294387074303551084e-03
1.096062034078807272e+02 -1.375994639127558778e-03 -1.287332164265996394e-03
1.097312034078807272e+02 -1.368859856201471098e-03 -1.280310833014487682e-03
1.098562034078807272e+02 -1.361751088721583269e-03 -1.273323076734412694e-03
1.099812034078807272e+02 -1.354668367335536399e-03 -1.266368889180426475e-03
1.101062034078807272e+02 -1.347611720771159415e-03 -1.259448261710058390e-03
1.102312034078807272e+02 -1.340581175861161115e-03 -1.252561183317265139e-03
1.103562034078807272e+02 -1.333576757567606248e-03 -1.245707640665520829e-03
1.104812034078807272e+02 -1.326598489006189071e-03 -1.238887618120726409e-03
1.106062034078807272e+02 -1.319646391470284197e-03 -1.232101097783921788e-03
1.107312034078807272e+02 -1.312720484454806859e-03 -1.225348059523708030e-03
1.108562034078807272e+02 -1.305820785679845256e-03 -1.218628481008334971e-03
1.109812034078807272e+02 -1.298947311114102311e-03 -1.211942337737635959e-03
1.111062034078807272e+02 -1.292100074998119930e-03 -1.205289603074752259e-03
1.112312034078807272e+02 -1.285279089867306370e-03 -1.198670248277400362e-03
1.113562034078807272e+02 -1.278484366574756097e-03 -1.192084242529137120e-03
1.114812034078807272e+02 -1.271715914313864505e-03 -1.185531552970226551e-03
1.116062034078807272e+02 -1.264973740640750735e-03 -1.179012144728250333e-03
1.117312034078807272e+02 -1.258257851496466691e-03 -1.172525980948549819e-03
1.118562034078807272e+02 -1.251568251229018269e-03 -1.166073022824311994e-03
1.119812034078807272e+02 -1.244904942615181025e-03 -1.159653229626589734e-03
1.121062034078807272e+02 -1.238267926882121546e-03 -1.153266558733786465e-03
1.122312034078807272e+02 -1.231657203728821507e-03 -1.146912965661260522e-03
1.123562034078807272e+02 -1.225072771347304615e-03 -1.140592404090279635e-03
1.124812034078807272e+02 -1.218514626443677716e-03 -1.134304825897079934e-03
1.126062034078807272e+02 -1.211982764258966346e-03 -1.128050181181449851e-03
1.127312034078807272e+02 -1.205477178589770730e-03 -1.121828418295225775e-03
1.128562034078807272e+02 -1.198997861808721865e-03 -1.115639483870342532e-03
1.129812034078807272e+02 -1.192544804884753057e-03 -1.109483322846975799e-03
1.131062034078807272e+02 -1.186117997403182169e-03 -1.103359878501015577e-03
1.132312034078807272e+02 -1.179717427585601957e-03 -1.097269092471640263e-03
1.133562034078807272e+02 -1.173343082309592170e-03 -1.091210904788504112e-03
1.134812034078807272e+02 -1.166994947128241044e-03 -1.085185253898684424e-03
1.136062034078807272e+02 -1.160673006289481826e-03 -1.079192076693436626e-03
1.137312034078807272e+02 -1.154377242755251064e-03 -1.073231308534726425e-03
1.138562034078807272e+02 -1.148107638220459545e-03 -1.067302883281391179e-03
1.139812034078807272e+02 -1.141864173131786281e-03 -1.061406733315193489e-03
1.141062034078807272e+02 -1.135646826706294054e-03 -1.055542789566669883e-03
1.142312034078807272e+02 -1.129455576949856292e-03 -1.049710981540560558e-03
1.143562034078807272e+02 -1.123290400675424358e-03 -1.043911237341224162e-03
1.144812034078807272e+02 -1.117151273521103374e-03 -1.038143483697743152e-03
1.146062034078807272e+02 -1.111038169968057380e-03 -1.032407645988607818e-03
1.147312034078807272e+02 -1.104951063358244065e-03 -1.026703648266523699e-03
1.148562034078807272e+02 -1.098889925911969954e-03 -1.021031413282648707e-03
1.149812034078807272e+02 -1.092854728745283610e-03 -1.015390862510906359e-03
1.151062034078807272e+02 -1.086845441887180838e-03 -1.009781916171729587e-03
1.152312034078807272e+02 -1.080862034296664609e-03 -1.004204493255986047e-03
1.153562034078807272e+02 -1.074904473879615676e-03 -9.986585115482388055e-04
1.154812034078807272e+02 -1.068972727505505555e-03 -9.931438876501481969e-04
1.156062034078807272e+02 -1.063066761023940144e-03 -9.876605370034300183e-04
1.157312034078807272e+02 -1.057186539281042021e-03 -9.822083739126836240e-04
1.158562034078807272e+02 -1.051332026135664470e-03 -9.767873115679747732e-04
1.159812034078807272e+02 -1.045503184475441143e-03 -9.713972620672028284e-04
1.161062034078807272e+02 -1.039699976232683933e-03 -9.660381364382361526e-04
1.162312034078807272e+02 -1.033922362400109323e-03 -9.607098446608084395e-04
1.163562034078807272e+02 -1.028170303046409056e-03 -9.554122956882894931e-04
1.164812034078807272e+02 -1.022443757331663360e-03 -9.501453974690980036e-04
1.166062034078807272e+02 -1.016742683522596545e-03 -9.449090569680614147e-04
1.167312034078807272e+02 -1.011067039007676038e-03 -9.397031801873622758e-04
1.168562034078807272e+02 -1.005416780312051598e-03 -9.345276721875275285e-04
1.169812034078807272e+02 -9.997918631123525138e-04 -9.293824371079176510e-04
1.171062034078807272e+02 -9.941922422513191273e-04 -9.242673781872436664e-04
1.172312034078807272e+02 -9.886178717522895072e-04 -9.191823977837566134e-04
1.173562034078807272e+02 -9.830687048335332544e-04 -9.141273973951951314e-04
1.174812034078807272e+02 -9.775446939224352507e-04 -9.091022776786825219e-04
1.176062034078807272e+02 -9.720457906695333669e-04 -9.041069384702158252e-04
1.177312034078807272e+02 -9.665719459624037314e-04 -8.991412788041732189e-04
1.178562034078807272e+02 -9.611231099394053779e-04 -8.942051969323013254e-04
1.179812034078807272e+02 -9.556992320032765744e-04 -8.892985903428980016e-04
1.181062034078807272e+02 -9.503002608345861944e-04 -8.844213557794046703e-04
1.182312034078807272e+02 -9.449261444050433825e-04 -8.795733892591237708e-04
1.183562034078807272e+02 -9.395768299906652986e-04 -8.747545860915146698e-04
1.184812034078807272e+02 -9.342522641847999035e-04 -8.699648408963708531e-04
1.186062034078807272e+02 -9.289523929110172313e-04 -8.652040476218361134e-04
1.187312034078807272e+02 -9.236771614358499577e-04 -8.604720995620946094e-04
1.188562034078807272e+02 -9.184265143814091762e-04 -8.557688893750865127e-04
1.189812034078807272e+02 -9.132003957378512053e-04 -8.510943090997536526e-04
1.191062034078807272e+02 -9.079987488757185199e-04 -8.464482501734230720e-04
1.192312034078807272e+02 -9.028215165581377844e-04 -8.418306034485829956e-04
1.193562034078807272e+02 -8.976686409528890831e-04 -8.372412592099039369e-04
1.194812034078807272e+02 -8.925400636443440701e-04 -8.326801071907222575e-04
1.196062034078807272e+02 -8.874357256452632819e-04 -8.281470365895910552e-04
1.197312034078807272e+02 -8.823555674084774397e-04 -8.236419360864130927e-04
1.198562034078807272e+02 -8.772995288384252037e-04 -8.191646938586557994e-04
1.199812034078807272e+02 -8.722675493025700390e-04 -8.147151975970917193e-04
1.201062034078807272e+02 -8.677734559544908119e-04 -8.102933345215677973e-04
1.202312034078807272e+02 -8.637130200641778607e-04 -8.058989913965235652e-04
1.203562034078807272e+02 -8.596738003179185249e-04 -8.015320545462930289e-04
1.204812034078807272e+02 -8.556556853499457192e-04 -7.971924098702952086e-04
1.206062034078807272e+02 -8.516585640169096029e-04 -7.928799428580156437e-04
1.207312034078807272e+02 -8.476823254055587198e-04 -7.885945386037753954e-04
1.208562034078807272e+02 -8.437268588402405079e-04 -7.843360818213567171e-04
1.209812034078807272e+02 -8.397920538901955953e-04 -7.801044568584955844e-04
1.211062034078807272e+02 -8.358778003768123051e-04 -7.758995477111118493e-04
1.212312034078807272e+02 -8.319839883805324812e-04 -7.717212380374305391e-04
1.213562034078807272e+02 -8.281105082478616144e-04 -7.675694111719554881e-04
1.214812034078807272e+02 -8.242572505978948720e-04 -7.634439501391345135e-04
1.216062034078807272e+02 -8.204241063288776050e-04 -7.593447376670396610e-04
1.217312034078807272e+02 -8.166109666247124048e-04 -7.552716562007856169e-04
1.218562034078807272e+02 -8.128177229609560416e-04 -7.512245879157437465e-04
1.219812034078807272e+02 -8.090442671112079093e-04 -7.472034147306457624e-04
1.221062034078807272e+02 -8.052904911527232652e-04 -7.432080183205906805e-04
1.222312034078807272e+02 -8.015562874723963999e-04 -7.392382801296896533e-04
1.223562034078807272e+02 -7.978415487722817197e-04 -7.352940813837858299e-04
1.224812034078807272e+02 -7.941461680751545115e-04 -7.313753031028088396e-04
1.226062034078807272e+02 -7.904700387298942230e-04 -7.274818261131408767e-04
1.227312034078807272e+02 -7.868130544165884534e-04 -7.236135310596883159e-04
1.228562034078807272e+02 -7.831751091516941888e-04 -7.197240425273227372e-04
1.229812034078807272e+02 -7.795560972929048947e-04 -7.158143907544918614e-04
1.231062034078807272e+02 -7.759559135441245099e-04 -7.119296538452816623e-04
1.232312034078807272e+02 -7.723744529599423829e-04 -7.080697200749587255e-04
1.233562034078807272e+02 -7.688116109502682359e-04 -7.042344775352181625e-04
1.234812034078807272e+02 -7.652672832847894286e-04 -7.004238141450472082e-04
1.236062034078807272e+02 -7.617413660972263429e-04 -6.966376176614550277e-04
1.237312034078807272e+02 -7.582337558895204397e-04 -6.928757756898722749e-04
1.238562034078807272e+02 -7.547443495358756218e-04 -6.891381756947187031e-04
1.239812034078807272e+02 -7.512730442866780590e-04 -6.854247050095241918e-04
1.241062034078807272e+02 -7.478197377723268908e-04 -6.817352508471745658e-04
1.242312034078807272e+02 -7.443843280069019743e-04 -6.780697003098697757e-04
1.243562034078807272e+02 -7.409667133917969368e-04 -6.744279403989644414e-04
1.244812034078807272e+02 -7.375667927191476405e-04 -6.708098580247531025e-04
1.246062034078807272e+02 -7.341844651751555867e-04 -6.672153400160523969e-04
1.247312034078807272e+02 -7.308196303433770608e-04 -6.636442731297264273e-04
1.248562034078807272e+02 -7.274721882079158899e-04 -6.600965440599285009e-04
1.249812034078807272e+02 -7.241420391562985309e-04 -6.565720394474798029e-04
1.251062034078807272e+02 -7.208290839825064753e-04 -6.530706458888735876e-04
1.252312034078807272e+02 -7.175332238898115460e-04 -6.495922499452391448e-04
1.253562034078807272e+02 -7.142543604934218932e-04 -6.461367381512676030e-04
1.254812034078807272e+02 -7.109923958232077868e-04 -6.427039970238750295e-04
1.256062034078807272e+02 -7.077472323260826327e-04 -6.392939130708489431e-04
1.257312034078807272e+02 -7.045187728685291641e-04 -6.359063727993478085e-04
1.258562034078807272e+02 -7.013069207388884091e-04 -6.325412627242051576e-04
1.259812034078807272e+02 -6.981115796495729808e-04 -6.291984693762727419e-04
1.261062034078807272e+02 -6.949326537393162549e-04 -6.258778793104593499e-04
1.262312034078807272e+02 -6.917700475750534605e-04 -6.225793791138513724e-04
1.263562034078807272e+02 -6.886236661540263331e-04 -6.190312751863928003e-04
1.264812034078807272e+02 -6.854934149054948533e-04 -6.154797168766751488e-04
1.266062034078807272e+02 -6.823791996927550552e-04 -6.119499966966937977e-04
1.267312034078807272e+02 -6.792809268146076870e-04 -6.084420285077494920e-04
1.268562034078807272e+02 -6.761985030071086551e-04 -6.049557260024114114e-04
1.269812034078807272e+02 -6.731318354450324800e-04 -6.014910027116096959e-04
1.271062034078807272e+02 -6.700808317433628583e-04 -5.980477720117538835e-04
1.272312034078807272e+02 -6.670453999586556122e-04 -5.946259471318281458e-04
1.273562034078807272e+02 -6.640254485903130614e-04 -5.912254411601380617e-04
1.274812034078807272e+02 -6.610208865818187124e-04 -5.878461670513030705e-04
1.276062034078807272e+02 -6.580316233218443372e-04 -5.844880376329719121e-04
1.277312034078807272e+02 -6.550575686453463187e-04 -5.811509656125067331e-04
1.278562034078807272e+02 -6.520986328345726576e-04 -5.778348635835692899e-04
1.279812034078807272e+02 -6.491547266198884839e-04 -5.745396440327761069e-04
1.281062034078807415e+02 -6.462257611807308054e-04 -5.712652193459713448e-04
1.282312034078807415e+02 -6.433116481463215875e-04 -5.680115018147663831e-04
1.283562034078807415e+02 -6.404122995964303807e-04 -5.647784036427477448e-04
1.284812034078807415e+02 -6.375276280619440695e-04 -5.615658369517633006e-04
1.286062034078807415e+02 -6.346575465254681702e-04 -5.583737137880322903e-04
1.287312034078807415e+02 -6.318019684218851954e-04 -5.552019461283205044e-04
1.288562034078807415e+02 -6.289608076387251260e-04 -5.520504458858065773e-04
1.289812034078807415e+02 -6.261339785166314008e-04 -5.489191249161570968e-04
1.291062034078807415e+02 -6.233213958496072477e-04 -5.458078950232987886e-04
1.292312034078807415e+02 -6.205229748853141646e-04 -5.427166679652643171e-04
1.293562034078807415e+02 -6.177386313252810615e-04 -5.396453554598910690e-04
1.294812034078807415e+02 -6.149682813249907802e-04 -5.365938691905006381e-04
1.296062034078807415e+02 -6.122118414940970433e-04 -5.335621208114414834e-04
1.297312034078807415e+02 -6.094692288963167925e-04 -5.305500219536360331e-04
1.298562034078807415e+02 -6.067403610494926389e-04 -5.275574842300122117e-04
1.299812034078807415e+02 -6.040251559254410747e-04 -5.245844192408755536e-04
1.301062034078807415e+02 -6.013235319499459679e-04 -5.216307385792356716e-04
1.302312034078807415e+02 -5.986354080024338439e-04 -5.186963538360432786e-04
1.303562034078807415e+02 -5.959607034158419378e-04 -5.157811766053735413e-04
1.304812034078807415e+02 -5.932993379762969456e-04 -5.128851184894771612e-04
1.306062034078807415e+02 -5.906512319227710068e-04 -5.100080911039264319e-04
1.307312034078807415e+02 -5.880163059467537331e-04 -5.071500060825083521e-04
1.308562034078807415e+02 -5.853944811917717985e-04 -5.043107750821820313e-04
1.309812034078807415e+02 -5.827856792529575352e-04 -5.014903097879315789e-04
1.311062034078807415e+02 -5.801898221764822212e-04 -4.986885219175494956e-04
1.312312034078807415e+02 -5.776068324590505169e-04 -4.959053232263235713e-04
1.313562034078807415e+02 -5.750366330472807350e-04 -4.931406255117581515e-04
1.314812034078807415e+02 -5.724791473370494403e-04 -4.903943406181510969e-04
1.316062034078807415e+02 -5.699342991727900792e-04 -4.876663804411045526e-04
1.317312034078807415e+02 -5.674020128467842372e-04 -4.849566569320827168e-04
1.318562034078807415e+02 -5.648822130984294766e-04 -4.822650821027437708e-04
1.319812034078807415e+02 -5.623748251133538689e-04 -4.795915680293516602e-04
1.321062034078807415e+02 -5.598797745226183472e-04 -4.769360268570313173e-04
1.322312034078807415e+02 -5.573969874018401289e-04 -4.742983708040915381e-04
1.323562034078807415e+02 -5.549263902702550972e-04 -4.716785121660836927e-04
1.324812034078807415e+02 -5.524679100898182392e-04 -4.690763633200967383e-04
1.326062034078807415e+02 -5.500214742641011201e-04 -4.664918367286354102e-04
1.327312034078807415e+02 -5.475870106374011032e-04 -4.639248449437652355e-04
1.328562034078807415e+02 -5.451644474935978413e-04 -4.613753006110239544e-04
1.329812034078807415e+02 -5.427537135550884826e-04 -4.588431164733165714e-04
1.331062034078807415e+02 -5.403547379817267779e-04 -4.563282053747389020e-04
1.332312034078807415e+02 -5.379674503695797182e-04 -4.538304802644657935e-04
1.333562034078807415e+02 -5.355917807498083126e-04 -4.513498542003328406e-04
1.334812034078807415e+02 -5.332276595874230326e-04 -4.488862403526316892e-04
1.336062034078807415e+02 -5.308750177801048508e-04 -4.464395520077045466e-04
1.337312034078807415e+02 -5.285337866568811044e-04 -4.440097025714874078e-04
1.338562034078807415e+02 -5.262038979768431015e-04 -4.415966055730752922e-04
1.339812034078807415e+02 -5.238852839278705566e-04 -4.392001746682058934e-04
1.341062034078807415e+02 -5.215778771252032632e-04 -4.368203236426053729e-04
1.342312034078807415e+02 -5.192816106101781062e-04 -4.344569664153931344e-04
1.343562034078807415e+02 -5.169964178487417537e-04 -4.321100170424464282e-04
1.344812034078807415e+02 -5.147222327300904170e-04 -4.297793897195661679e-04
1.346062034078807415e+02 -5.124589895651878542e-04 -4.274649987857816863e-04
1.347312034078807415e+02 -5.102066230853317301e-04 -4.251667587264913988e-04
1.348562034078807415e+02 -5.079650684406632720e-04 -4.228845841765425332e-04
1.349812034078807415e+02 -5.057342611986320388e-04 -4.206183899233535781e-04
1.351062034078807415e+02 -5.035141373425038426e-04 -4.183680909099032658e-04
1.352312034078807415e+02 -5.013046332697770543e-04 -4.161336022377033457e-04
1.353562034078807415e+02 -4.991056857906697080e-04 -4.139148391697558549e-04
1.354812034078807415e+02 -4.969172321264680439e-04 -4.117117171334082554e-04
1.356062034078807415e+02 -4.947392099079376106e-04 -4.092741875507152995e-04
1.357312034078807415e+02 -4.925715571737254760e-04 -4.066999450835372576e-04
1.358562034078807415e+02 -4.904142123687045421e-04 -4.041405004912209395e-04
1.359812034078807415e+02 -4.882671143423284311e-04 -4.015957832109612346e-04
1.361062034078807415e+02 -4.861302023469276073e-04 -3.990657228556211602e-04
1.362312034078807415e+02 -4.840034160360468071e-04 -3.965502492153804453e-04
1.363562034078807415e+02 -4.818866954627147071e-04 -3.940492922593468719e-04
1.364812034078807415e+02 -4.797799810777469303e-04 -3.915627821371333011e-04
1.366062034078807415e+02 -4.776832137280227070e-04 -3.890906491804002761e-04
1.367312034078807415e+02 -4.755963346547042894e-04 -3.866328239043636053e-04
1.368562034078807415e+02 -4.735192854914957233e-04 -3.841892370092702324e-04
1.369812034078807415e+02 -4.714520082628475715e-04 -3.817598193818385450e-04
1.371062034078807415e+02 -4.693944453822354178e-04 -3.793445020966669697e-04
1.372312034078807415e+02 -4.673465396502659284e-04 -3.769432164176097708e-04
1.373562034078807415e+02 -4.653082342529452184e-04 -3.745558937991208645e-04
1.374812034078807415e+02 -4.632794727598305582e-04 -3.721824658875659748e-04
1.376062034078807415e+02 -4.612601991221931385e-04 -3.698228645225013953e-04
1.377312034078807415e+02 -4.592503576712026283e-04 -3.674770217379279237e-04
1.378562034078807415e+02 -4.572498931160514507e-04 -3.651448697635040837e-04
1.379812034078807415e+02 -4.552587505421020440e-04 -3.628263410257406450e-04
1.381062034078807415e+02 -4.532768754090355325e-04 -3.605213681491549731e-04
1.382312034078807415e+02 -4.513042135489506862e-04 -3.582298839574017983e-04
1.383562034078807415e+02 -4.493407111645094472e-04 -3.559518214743767161e-04
1.384812034078807415e+02 -4.473863148270127419e-04 -3.536871139252817961e-04
1.386062034078807415e+02 -4.454409714745306121e-04 -3.514356947376749262e-04
1.387312034078807415e+02 -4.435046284099693529e-04 -3.491974975424789345e-04
1.388562034078807415e+02 -4.415772332992048423e-04 -3.469724561749746639e-04
1.389812034078807415e+02 -4.396587341691066369e-04 -3.447605046757563712e-04
1.391062034078807415e+02 -4.377490794056488580e-04 -3.425615772916661464e-04
1.392312034078807415e+02 -4.358482177519828592e-04 -3.403756084767025833e-04
1.393562034078807415e+02 -4.339560983064966139e-04 -3.382025328928964345e-04
1.394812034078807415e+02 -4.320726705208631502e-04 -3.360422854111689748e-04
1.396062034078807415e+02 -4.301978841981236824e-04 -3.338948011121558863e-04
1.397312034078807415e+02 -4.283316894907299209e-04 -3.317600152870147181e-04
1.398562034078807415e+02 -4.264740368985780344e-04 -3.296378634381988437e-04
1.399812034078807415e+02 -4.246248772670767639e-04 -3.275282812802119575e-04
1.401062034078807415e+02 -4.227841617851964555e-04 -3.254312047403392066e-04
1.402312034078807415e+02 -4.209518419834822598e-04 -3.233465699593475310e-04
1.403562034078807415e+02 -4.191278697321102116e-04 -3.212743132921714218e-04
1.404812034078807415e+02 -4.173121972389202158e-04 -3.192143713085657188e-04
1.406062034078807415e+02 -4.155047770474468659e-04 -3.171666807937446940e-04
1.407312034078807415e+02 -4.137055620349755773e-04 -3.151311787489893671e-04
1.408562034078807415e+02 -4.119145054105422346e-04 -3.131078023922385044e-04
1.409812034078807415e+02 -4.101315607129724116e-04 -3.110964891586570115e-04
1.411062034078807415e+02 -4.083566818089271518e-04 -3.090971767011770044e-04
1.412312034078807415e+02 -4.065898228909223472e-04 -3.071098028910247322e-04
1.413562034078807415e+02 -4.048309384753551112e-04 -3.051343058182190383e-04
1.414812034078807415e+02 -4.030799834005371982e-04 -3.031706237920555116e-04
1.416062034078807415e+02 -4.013369128247292372e-04 -3.012186953415630980e-04
1.417312034078807415e+02 -3.996016822241574003e-04 -2.992784592159451534e-04
1.418562034078807415e+02 -3.978742473910839021e-04 -2.973498543849998439e-04
1.419812034078807415e+02 -3.961545644317696763e-04 -2.954328200395162584e-04
1.421062034078807415e+02 -3.944425897645797855e-04 -2.935272955916574033e-04
1.422312034078807415e+02 -3.927382801179819848e-04 -2.916332206753167425e-04
1.423562034078807415e+02 -3.910415925285893571e-04 -2.897505351464629191e-04
1.424812034078807415e+02 -3.893524843391984493e-04 -2.878791790834581859e-04
1.426062034078807415e+02 -3.876709131968323415e-04 -2.860190927873637167e-04
1.427312034078807415e+02 -3.859968370507958053e-04 -2.841702167822257813e-04
1.428562034078807415e+02 -3.843302141506960384e-04 -2.823324918153390984e-04
1.429812034078807415e+02 -3.826710030445307827e-04 -2.805058588575005929e-04
1.431062034078807415e+02 -3.810191625766972952e-04 -2.786902591032358318e-04
1.432312034078807415e+02 -3.793746518860773758e-04 -2.768856339710179786e-04
1.433562034078807415e+02 -3.777374304040756665e-04 -2.750919251034604561e-04
1.434812034078807415e+02 -3.761074578526980654e-04 -2.733090743674996886e-04
1.436062034078807415e+02 -3.744846942426275391e-04 -2.715370238545585999e-04
1.437312034078807415e+02 -3.728690998712579758e-04 -2.697757158806916248e-04
1.438562034078807415e+02 -3.712606353208023615e-04 -2.680250929867182292e-04
1.439812034078807415e+02 -3.696592614563464743e-04 -2.662850979383353956e-04
1.441062034078807415e+02 -3.680649394239481694e-04 -2.645556737262193757e-04
1.442312034078807415e+02 -3.664776306487299421e-04 -2.628367635661071683e-04
1.443562034078807415e+02 -3.648972968329488860e-04 -2.611283108988659077e-04
1.444812034078807415e+02 -3.633238999541090418e-04 -2.594302593905484840e-04
1.446062034078807415e+02 -3.617574022630553167e-04 -2.577425529324283457e-04
1.447312034078807415e+02 -3.601977662820902244e-04 -2.560651356410276885e-04
1.448562034078807415e+02 -3.586449548030818985e-04 -2.543979518581238530e-04
1.449812034078807415e+02 -3.570989308855721054e-04 -2.527409461507482938e-04
1.451062034078807415e+02 -3.555596578549182472e-04 -2.510940633111647877e-04
1.452312034078807415e+02 -3.540270993003997481e-04 -2.494572483568411898e-04
1.453562034078807415e+02 -3.525012190733875961e-04 -2.478304465304010241e-04
1.454812034078807415e+02 -3.509819812854487781e-04 -2.462136032995654246e-04
1.456062034078807415e+02 -3.494693503064921314e-04 -2.446066643570832038e-04
1.457312034078807415e+02 -3.479632907629652615e-04 -2.430095756206426263e-04
1.458562034078807415e+02 -3.464637675359658617e-04 -2.414222832327776519e-04
1.459812034078807415e+02 -3.449707457594538098e-04 -2.398447335607538779e-04
1.461062034078807415e+02 -3.434841908183678002e-04 -2.382768731964507675e-04
1.462312034078807415e+02 -3.420040683468503965e-04 -2.367186489562231159e-04
1.463562034078807415e+02 -3.405303442264113393e-04 -2.351700078807566889e-04
1.464812034078807415e+02 -3.390629845841386662e-04 -2.336308972349108234e-04
1.466062034078807415e+02 -3.376019557908733495e-04 -2.321012645075467174e-04
1.467312034078807415e+02 -3.361472244594398777e-04 -2.305810574113485636e-04
1.468562034078807415e+02 -3.346987574428358014e-04 -2.290702238826290975e-04
1.469812034078807415e+02 -3.332565218324741864e-04 -2.275687120811290746e-04
1.471062034078807415e+02 -3.318204849564166357e-04 -2.260764703898007278e-04
1.472312034078807415e+02 -3.303906143775780136e-04 -2.245934474145837984e-04
1.473562034078807415e+02 -3.289668778920017502e-04 -2.231195919841722972e-04
1.474812034078807415e+02 -3.275492435270843531e-04 -2.216548531497657072e-04
1.476062034078807415e+02 -3.261376795398558074e-04 -2.201991801848168253e-04
1.477312034078807415e+02 -3.247321544152411126e-04 -2.187525225847628256e-04
1.478562034078807415e+02 -3.233326368643254503e-04 -2.173148300667533694e-04
1.479812034078807415e+02 -3.219390958226361573e-04 -2.158860525693626943e-04
1.481062034078807415e+02 -3.205515004484416129e-04 -2.144661402522965010e-04
1.482312034078807415e+02 -3.191698201210475773e-04 -2.130550434960889995e-04
1.483562034078807415e+02 -3.177940244390920670e-04 -2.116527129017878675e-04
1.484812034078807415e+02 -3.164240832188783942e-04 -2.102590992906350339e-04
1.486062034078807415e+02 -3.150599664926620187e-04 -2.088741537037331242e-04
1.487312034078807415e+02 -3.137016445070232146e-04 -2.074978274017089781e-04
1.488562034078807415e+02 -3.123490877211904061e-04 -2.061300718643632626e-04
1.489812034078807415e+02 -3.110022668053675143e-04 -2.047708387903153147e-04
1.491062034078807415e+02 -3.096611526391116116e-04 -2.034200800966394181e-04
1.492312034078807415e+02 -3.083257163096898130e-04 -2.020777479184903747e-04
1.493562034078807415e+02 -3.069959291104448957e-04 -2.007437946087249278e-04
1.494812034078807415e+02 -3.056717625391953421e-04 -1.994181727375115578e-04
1.496062034078807415e+02 -3.043531882965925563e-04 -1.981008350919368627e-04
1.497312034078807415e+02 -3.030401782845449222e-04 -1.967917346755996871e-04
1.498562034078807415e+02 -3.017327046046100946e-04 -1.954908247082015648e-04
1.499812034078807415e+02 -3.004307395564264835e-04 -1.941980586251296258e-04
1.501062034078807415e+02 -2.991342556361131343e-04 -1.929133900770290690e-04
1.502312034078807415e+02 -2.978432255347182893e-04 -1.916367729293737905e-04
1.503562034078807415e+02 -2.965576221366542325e-04 -1.903681612620249780e-04
1.504812034078807415e+02 -2.952774185181429784e-04 -1.891075093687879973e-04
1.506062034078807415e+02 -2.940025879456975209e-04 -1.878547717569580575e-04
1.507312034078807415e+02 -2.927331038745539142e-04 -1.866099031468626231e-04
1.508562034078807415e+02 -2.914689399471742074e-04 -1.853728584713973491e-04
1.509812034078807415e+02 -2.902100699917173929e-04 -1.841435928755530969e-04
1.511062034078807415e+02 -2.889564680205369200e-04 -1.829220617159410273e-04
1.512312034078807415e+02 -2.877081082286973433e-04 -1.817082205603072302e-04
1.513562034078807415e+02 -2.864649649924594756e-04 -1.805020251870462970e-04
1.514812034078807415e+02 -2.852270128678207261e-04 -1.793034315847046479e-04
1.516062034078807415e+02 -2.839942265890424834e-04 -1.781123959514811751e-04
1.517312034078807415e+02 -2.827665810671705585e-04 -1.769288746947228995e-04
1.518562034078807415e+02 -2.815440513886095677e-04 -1.757528244304113298e-04
1.519812034078807415e+02 -2.803266128136656563e-04 -1.745842019826493365e-04
1.521062034078807415e+02 -2.791142407751104186e-04 -1.734229643831370488e-04
1.522312034078807415e+02 -2.779069108767540336e-04 -1.722690688706481846e-04
1.523562034078807415e+02 -2.767045988920459939e-04 -1.711224728904965154e-04
1.524812034078807415e+02 -2.755072807626358813e-04 -1.699831340940011096e-04
1.526062034078807415e+02 -2.743149325970041280e-04 -1.688510103379461838e-04
1.527312034078807415e+02 -2.731275306690578663e-04 -1.677260596840340142e-04
1.528562034078807415e+02 -2.719450514167502512e-04 -1.666082403983377123e-04
1.529812034078807415e+02 -2.707674714407216302e-04 -1.654975109507442709e-04
1.531062034078807415e+02 -2.695947675029161552e-04 -1.643938300143992621e-04
1.532312034078807415e+02 -2.684269165252447988e-04 -1.632971564651412909e-04
1.533562034078807415e+02 -2.672638955882321071e-04 -1.622074493809381828e-04
1.534812034078807415e+02 -2.661056819296895161e-04 -1.611246680413142810e-04
1.536062034078807415e+02 -2.649522529433791262e-04 -1.600487719267767680e-04
1.537312034078807415e+02 -2.638035861776985656e-04 -1.589797207182383823e-04
1.538562034078807415e+02 -2.626596593343725203e-04 -1.579174742964336024e-04
1.539812034078807415e+02 -2.617247739961023616e-04 -1.568619927413352649e-04
1.541062034078807415e+02 -2.609937930853160068e-04 -1.558132363315634572e-04
1.542312034078807415e+02 -2.602666487195998937e-04 -1.547711655437953053e-04
1.543562034078807415e+02 -2.595433044610156352e-04 -1.537357410521673884e-04
1.544812034078807415e+02 -2.588237241786929630e-04 -1.527069237276773139e-04
1.546062034078807415e+02 -2.581078720471828244e-04 -1.516846746375830686e-04
1.547312034078807415e+02 -2.573957125447368620e-04 -1.506689550447952973e-04
1.548562034078807415e+02 -2.566872104516269002e-04 -1.496597264072718292e-04
1.549812034078807415e+02 -2.559823308484637816e-04 -1.486569503774042640e-04
1.551062034078807415e+02 -2.552810391144941932e-04 -1.476605888014065088e-04
1.552312034078807415e+02 -2.545833009259288273e-04 -1.466706037186962406e-04
1.553562034078807415e+02 -2.538890822542440328e-04 -1.456869573612765590e-04
1.554812034078807415e+02 -2.531983493644976153e-04 -1.447096121531151174e-04
1.556062034078807415e+02 -2.525110688136581361e-04 -1.437385307095180511e-04
1.557312034078807415e+02 -2.518272074488991366e-04 -1.427736758365054490e-04
1.558562034078807415e+02 -2.511467324059374361e-04 -1.418150105301804026e-04
1.559812034078807415e+02 -2.504696111073371687e-04 -1.408624979760996539e-04
1.561062034078807415e+02 -2.497958112608430928e-04 -1.399161015486387674e-04
1.562312034078807415e+02 -2.491253008577083185e-04 -1.389757848103571132e-04
1.563562034078807415e+02 -2.484580481709901039e-04 -1.380415115113613049e-04
1.564812034078807415e+02 -2.477940217539208959e-04 -1.371132455886639207e-04
1.566062034078807415e+02 -2.471331904381916041e-04 -1.361909511655441771e-04
1.567312034078807415e+02 -2.464755233323271408e-04 -1.352745925509027467e-04
1.568562034078807415e+02 -2.458209898199760382e-04 -1.343641342386187455e-04
1.569812034078807415e+02 -2.451695595582860420e-04 -1.334595409069015421e-04
1.571062034078807415e+02 -2.445212024762237067e-04 -1.325607774176431101e-04
1.572312034078807415e+02 -2.438758887729003877e-04 -1.316678088157691596e-04
1.573562034078807415e+02 -2.432335889159543128e-04 -1.307806003285860415e-04
1.574812034078807415e+02 -2.425942736398540775e-04 -1.298991173651301175e-04
1.576062034078807415e+02 -2.419579139442844305e-04 -1.290233255155116550e-04
1.577312034078807415e+02 -2.413244810924737832e-04 -1.281531905502615956e-04
1.578562034078807415e+02 -2.406939466095656024e-04 -1.272886784196731731e-04
1.579812034078807415e+02 -2.400662822809649483e-04 -1.264297552531450227e-04
1.581062034078807415e+02 -2.394414601507037683e-04 -1.255763873585228805e-04
1.582312034078807415e+02 -2.388194525198099316e-04 -1.247285412214382198e-04
1.583562034078807415e+02 -2.382002319446685664e-04 -1.238861835046490840e-04
1.584812034078807415e+02 -2.375837712354070047e-04 -1.230492810473765542e-04
1.586062034078807415e+02 -2.369700434542535447e-04 -1.222178008646436574e-04
1.587312034078807415e+02 -2.363590219139221791e-04 -1.213917101466104655e-04
1.588562034078807415e+02 -2.357506801760025277e-04 -1.205709762579102660e-04
1.589812034078807415e+02 -2.351449920493377352e-04 -1.197555667369853521e-04
1.591062034078807415e+02 -2.345419315884166543e-04 -1.189454492954197508e-04
1.592312034078807415e+02 -2.339414730917771946e-04 -1.181405918172746339e-04
1.593562034078807415e+02 -2.333435911003823508e-04 -1.173409623584197449e-04
1.594812034078807415e+02 -2.327482603960511994e-04 -1.165465291458677799e-04
1.596062034078807415e+02 -2.321554559998370137e-04 -1.157572605771050152e-04
1.597312034078807415e+02 -2.315651531704667984e-04 -1.149731252194238312e-04
1.598562034078807415e+02 -2.309773274027271568e-04 -1.141940918092546276e-04
1.599812034078807415e+02 -2.303919544259053979e-04 -1.134201292514955148e-04
1.601062034078807415e+02 -2.298090102022080374e-04 -1.126512066188448390e-04
1.602312034078807415e+02 -2.292284709251719539e-04 -1.118872931511301556e-04
1.603562034078807415e+02 -2.286503130181313272e-04 -1.111283582546402520e-04
1.604812034078807415e+02 -2.280745131326144279e-04 -1.103743715014540136e-04
1.606062034078807415e+02 -2.275010481468250846e-04 -1.096253026287715652e-04
1.607312034078807415e+02 -2.269298951640518066e-04 -1.088811215382446817e-04
1.608562034078807415e+02 -2.263610315111516083e-04 -1.081417982953059378e-04
1.609812034078807415e+02 -2.257944347369844759e-04 -1.074073031285002842e-04
1.611062034078807415e+02 -2.252300826108811994e-04 -1.066776064288141020e-04
1.612312034078807415e+02 -2.246679531211173318e-04 -1.059526787490070094e-04
1.613562034078807415e+02 -2.241080244733628603e-04 -1.052324908029413639e-04
1.614812034078807415e+02 -2.235502750891856015e-04 -1.045170134649135534e-04
1.616062034078807415e+02 -2.229946836045117696e-04 -1.038062177689858429e-04
1.617312034078807415e+02 -2.224412288681167397e-04 -1.031000749083163244e-04
1.618562034078807415e+02 -2.218898899401215306e-04 -1.023985562344922813e-04
1.619812034078807415e+02 -2.213406460904836226e-04 -1.017016332568607481e-04
1.621062034078807415e+02 -2.207934767975022218e-04 -1.010092776418625252e-04
1.622312034078807415e+02 -2.202483617463221429e-04 -1.003214612123636603e-04
1.623562034078807415e+02 -2.197052808274465544e-04 -9.963815594699043914e-05
1.624812034078807415e+02 -2.191642141352620845e-04 -9.895933397946181528e-05
1.626062034078807415e+02 -2.186251419665478804e-04 -9.828496759792476698e-05
1.627312034078807415e+02 -2.180880448190166787e-04 -9.761502924428958647e-05
1.628562034078807415e+02 -2.175529033898398567e-04 -9.694949151356459986e-05
1.629812034078807415e+02 -2.170196985741942224e-04 -9.628832715319369259e-05
1.631062034078807415e+02 -2.164884114638072313e-04 -9.563150906239203226e-05
1.632312034078807415e+02 -2.159590233454939919e-04 -9.497901029148515253e-05
1.633562034078807415e+02 -2.154315156997369061e-04 -9.433080404124622104e-05
1.634812034078807415e+02 -2.149058701992221862e-04 -9.368686366223569250e-05
1.636062034078807415e+02 -2.143820687074344037e-04 -9.304716265414195110e-05
1.637312034078807415e+02 -2.138600932771940900e-04 -9.241167466512103146e-05
1.638562034078807415e+02 -2.133399261492884978e-04 -9.178037349113951074e-05
1.639812034078807415e+02 -2.128215497510087685e-04 -9.115323307531597780e-05
1.641062034078807415e+02 -2.123049466947536689e-04 -9.053022750726579567e-05
1.642312034078807415e+02 -2.117900997766456622e-04 -8.991133102244444088e-05
1.643562034078807415e+02 -2.112769919751035551e-04 -8.929651800149345853e-05
1.644812034078807415e+02 -2.107656064494824481e-04 -8.868576296958742024e-05
1.646062034078807415e+02 -2.102559265386613719e-04 -8.807904059578025861e-05
1.647312034078807415e+02 -2.097479357596778978e-04 -8.747632569235504413e-05
1.648562034078807415e+02 -2.092416178063504959e-04 -8.687759321417239317e-05
1.649812034078807415e+02 -2.087369565479089441e-04 -8.628281825802237262e-05
1.651062034078807415e+02 -2.082339360276386144e-04 -8.569197606197526606e-05
1.652312034078807415e+02 -2.077325404615164111e-04 -8.510504200473507756e-05
1.653562034078807415e+02 -2.072327542368701818e-04 -8.452199160499403836e-05
1.654812034078807415e+02 -2.067345619110285879e-04 -8.394280052078703224e-05
1.656062034078807415e+02 -2.062379482099836595e-04 -8.336744454884920574e-05
1.657312034078807415e+02 -2.057428980270637321e-04 -8.279589962397281943e-05
1.658562034078807415e+02 -2.052493964216034830e-04 -8.222814181836728402e-05
1.659812034078807415e+02 -2.047574286176272217e-04 -8.166414734101864082e-05
1.661062034078807415e+02 -2.042669800025419659e-04 -8.110389253705167138e-05
1.662312034078807415e+02 -2.037780361258130339e-04 -8.054735388709317271e-05
1.663562034078807415e+02 -2.032905826976873697e-04 -7.999450800663551698e-05
1.664812034078807415e+02 -2.028046055878734999e-04 -7.944533164540334199e-05
1.666062034078807415e+02 -2.023200908242774889e-04 -7.889980168671959101e-05
1.667312034078807415e+02 -2.018370245917054206e-04 -7.835789514687506278e-05
1.668562034078807415e+02 -2.013553932305901654e-04 -7.781958917449737878e-05
1.669812034078807415e+02 -2.008751832357305340e-04 -7.728486104992291839e-05
1.671062034078807415e+02 -2.003963812550098051e-04 -7.675368818456972998e-05
1.672312034078807415e+02 -1.999189740881635567e-04 -7.622604812031122791e-05
1.673562034078807415e+02 -1.994429486855039664e-04 -7.570191852885274923e-05
1.674812034078807415e+02 -1.989682921466963709e-04 -7.518127721110797477e-05
1.676062034078807415e+02 -1.984949917195027297e-04 -7.466410209657883324e-05
1.677312034078807415e+02 -1.980230347985677795e-04 -7.415037124273475490e-05
1.678562034078807415e+02 -1.975524089241781378e-04 -7.364006283439520479e-05
1.679812034078807415e+02 -1.970831017810498393e-04 -7.313315518311343580e-05
1.681062034078807415e+02 -1.966151011971216465e-04 -7.262962672656078384e-05
1.682312034078807415e+02 -1.961483951423281932e-04 -7.212945602791417487e-05
1.683562034078807415e+02 -1.956829717274273387e-04 -7.163262177524369980e-05
1.684812034078807415e+02 -1.952188192027842892e-04 -7.113910278090330639e-05
1.686062034078807415e+02 -1.947559259571909017e-04 -7.064887798092166736e-05
1.687312034078807415e+02 -1.942942805166878069e-04 -7.016192643439569129e-05
1.688562034078807415e+02 -1.938338715433848239e-04 -6.967822732288593080e-05
1.689812034078807415e+02 -1.933746878342944406e-04 -6.919775994981208561e-05
1.691062034078807415e+02 -1.929167183201682201e-04 -6.872050373985254430e-05
1.692312034078807415e+02 -1.924599520643410419e-04 -6.824643823834324844e-05
1.693562034078807415e+02 -1.920043782615838801e-04 -6.777554311068037843e-05
1.694812034078807415e+02 -1.915499862369561210e-04 -6.730779814172298530e-05
1.696062034078807415e+02 -1.910967654446699430e-04 -6.684318323519859034e-05
1.697312034078807415e+02 -1.906447054669606052e-04 -6.638167841311041117e-05
1.698562034078807415e+02 -1.901937960129598522e-04 -6.592326381514527892e-05
1.699812034078807415e+02 -1.897440269175859899e-04 -6.546791969808505196e-05
1.701062034078807415e+02 -1.892953881404136317e-04 -6.501562643521794835e-05
1.702312034078807415e+02 -1.888478697645935346e-04 -6.456636451575352388e-05
1.703562034078807415e+02 -1.884014619957250023e-04 -6.412011454423769080e-05
1.704812034078807415e+02 -1.879561551607926081e-04 -6.367685723997112469e-05
1.706062034078807415e+02 -1.875119397070491140e-04 -6.323657343642826757e-05
1.707312034078807415e+02 -1.870688062009634152e-04 -6.279924408067864860e-05
1.708562034078807415e+02 -1.866267453271305376e-04 -6.236485023281067124e-05
1.709812034078807415e+02 -1.861857478871992535e-04 -6.193337306535572572e-05
1.711062034078807415e+02 -1.857458047988300544e-04 -6.150479386271596072e-05
1.712312034078807415e+02 -1.853069070946148527e-04 -6.107909402059213629e-05
1.713562034078807415e+02 -1.848690459210526268e-04 -6.065625504541511569e-05
1.714812034078807415e+02 -1.844322125374895055e-04 -6.023625855377764856e-05
1.716062034078807415e+02 -1.839963983150865259e-04 -5.981908627186891209e-05
1.717312034078807415e+02 -1.835615947357948459e-04 -5.940472003491124761e-05
1.718562034078807415e+02 -1.831277933913182164e-04 -5.899314178659750715e-05
1.719812034078807415e+02 -1.826949859821204490e-04 -5.858433357853197102e-05
1.721062034078807415e+02 -1.822631643163808682e-04 -5.817827756967146866e-05
1.722312034078807415e+02 -1.818323203090151953e-04 -5.777495602577017232e-05
1.723562034078807415e+02 -1.814024459806612779e-04 -5.737435131882458715e-05
1.724812034078807415e+02 -1.809735334566930074e-04 -5.697644592652169229e-05
1.726062034078807415e+02 -1.805455749662298194e-04 -5.658122243168885060e-05
1.727312034078807415e+02 -1.801185628411581196e-04 -5.618866352174478222e-05
1.728562034078807415e+02 -1.796924895151537133e-04 -5.579875198815386527e-05
1.729812034078807415e+02 -1.792673475227204158e-04 -5.541147072588089738e-05
1.731062034078807415e+02 -1.788431294982123195e-04 -5.502680273284929274e-05
1.732312034078807415e+02 -1.784198281748985873e-04 -5.464473110939984838e-05
1.733562034078807415e+02 -1.779974363839894333e-04 -5.426523905775239038e-05
1.734812034078807415e+02 -1.775759470537138459e-04 -5.388830988146940546e-05
1.736062034078807415e+02 -1.771553532083653543e-04 -5.351392698492070263e-05
1.737312034078807415e+02 -1.767356479673770143e-04 -5.314207387275140875e-05
1.738562034078807415e+02 -1.763168245443989422e-04 -5.277273414935046550e-05
1.739812034078807415e+02 -1.758988762463619163e-04 -5.240589151832267034e-05
1.741062034078807415e+02 -1.754817964725866779e-04 -5.204152978196116476e-05
1.742312034078807415e+02 -1.750655787138529265e-04 -5.167963284072295824e-05
1.743562034078807415e+02 -1.746502165515161564e-04 -5.132018469270634956e-05
1.744812034078807415e+02 -1.742357036565942970e-04 -5.096316943312951365e-05
1.746062034078807415e+02 -1.738220337888920304e-04 -5.060857125381228009e-05
1.747312034078807415e+02 -1.734092007961078423e-04 -5.025637444265869760e-05
1.748562034078807415e+02 -1.729971986129552489e-04 -4.990656338314281048e-05
1.749812034078807415e+02 -1.725860212602975223e-04 -4.955912255379520083e-05
1.751062034078807415e+02 -1.721756628442672372e-04 -4.921403652769242417e-05
1.752312034078807415e+02 -1.717661175554225717e-04 -4.887128997194838310e-05
1.753562034078807415e+02 -1.713891358773877191e-04 -4.853086764720690715e-05
1.754812034078807415e+02 -1.710403510348904889e-04 -4.819275440713750386e-05
1.756062034078807415e+02 -1.706923099709570083e-04 -4.785693519793194343e-05
1.757312034078807415e+02 -1.703450053413340607e-04 -4.752339505780400780e-05
1.758562034078807415e+02 -1.699984298947823235e-04 -4.719211911649006649e-05
1.759812034078807415e+02 -1.696525764722908096e-04 -4.686309259475257300e-05
1.761062034078807415e+02 -1.693074380062189923e-04 -4.653630080388534334e-05
1.762312034078807415e+02 -1.689630075195166679e-04 -4.621172914522031180e-05
1.763562034078807415e+02 -1.686192781249008831e-04 -4.588936310963726830e-05
1.764812034078807415e+02 -1.682762430240756352e-04 -4.556918827707441566e-05
1.766062034078807415e+02 -1.679338955069037854e-04 -4.525119031604224717e-05
1.767312034078807415e+02 -1.675922289506436989e-04 -4.493535498313815612e-05
1.768562034078807415e+02 -1.672512368191545796e-04 -4.462166812256389802e-05
1.769812034078807415e+02 -1.669109126621028333e-04 -4.431011566564504512e-05
1.771062034078807415e+02 -1.665712501142005517e-04 -4.400068363035163354e-05
1.772312034078807415e+02 -1.662322428944304974e-04 -4.369335812082202904e-05
1.773562034078807415e+02 -1.658938848052684059e-04 -4.338812532688756545e-05
1.774812034078807415e+02 -1.655561697319287600e-04 -4.308497152360030001e-05
1.776062034078807415e+02 -1.652190916416060925e-04 -4.278388307076180558e-05
1.777312034078807415e+02 -1.648826445827235798e-04 -4.248484641245457168e-05
1.778562034078807415e+02 -1.645468226841775698e-04 -4.218784807657547910e-05
1.779812034078807415e+02 -1.642116201545960419e-04 -4.189287467437048060e-05
1.781062034078807415e+02 -1.638770312816112157e-04 -4.159991289997244624e-05
1.782312034078807415e+02 -1.635430504311018564e-04 -4.130894952993977433e-05
1.783562034078807415e+02 -1.632096720464868626e-04 -4.101997142279818726e-05
1.784812034078807415e+02 -1.628768906479788748e-04 -4.073296551858332021e-05
1.786062034078807415e+02 -1.625447008318903588e-04 -4.044791883838656235e-05
1.787312034078807415e+02 -1.622130972698880807e-04 -4.016481848390163672e-05
1.788562034078807415e+02 -1.618820747082992727e-04 -3.988365163697403976e-05
1.789812034078807415e+02 -1.615516279674055996e-04 -3.960440555915235769e-05
1.791062034078807415e+02 -1.612217519407355549e-04 -3.932706759124091121e-05
1.792312034078807415e+02 -1.608924415943581573e-04 -3.905162515285541557e-05
1.793562034078807415e+02 -1.605636919662167892e-04 -3.877806574197946730e-05
1.794812034078807415e+02 -1.602354981654104528e-04 -3.850637693452421586e-05
1.796062034078807415e+02 -1.599078553715288552e-04 -3.823654638388877385e-05
1.797312034078807415e+02 -1.595807588339589805e-04 -3.796856182052355460e-05
1.798562034078807415e+02 -1.592542038712345409e-04 -3.770241105149531736e-05
1.799812034078807415e+02 -1.589281858703332783e-04 -3.743808196005362195e-05
1.801062034078807415e+02 -1.586027002860305362e-04 -3.717556250520027175e-05
1.802312034078807415e+02 -1.582777426402423408e-04 -3.691484072125957662e-05
1.803562034078807415e+02 -1.579533085213508385e-04 -3.665590471745159738e-05
1.804812034078807415e+02 -1.576293935835594931e-04 -3.639874267746653544e-05
1.806062034078807415e+02 -1.573059935462499100e-04 -3.614334285904150098e-05
1.807312034078807415e+02 -1.569831041933364109e-04 -3.588969359353932068e-05
1.808562034078807415e+02 -1.566607213726174642e-04 -3.563778328552870758e-05
1.809812034078807415e+02 -1.563388409951438926e-04 -3.538760041236716170e-05
1.811062034078807415e+02 -1.560174590346042668e-04 -3.513913352378494133e-05
1.812312034078807415e+02 -1.556965715266682849e-04 -3.489237124147189395e-05
1.813562034078807415e+02 -1.553761745683921694e-04 -3.464730225866526287e-05
1.814812034078807415e+02 -1.550562643175773612e-04 -3.440391533974012305e-05
1.816062034078807415e+02 -1.547368369921849963e-04 -3.416219931980159241e-05
1.817312034078807415e+02 -1.544178888696963079e-04 -3.392214310427845922e-05
1.818562034078807415e+02 -1.540994162865209232e-04 -3.368373566851958791e-05
1.819812034078807415e+02 -1.537814156374071113e-04 -3.344696605739128022e-05
1.821062034078807415e+02 -1.534638833748220535e-04 -3.321182338487743501e-05
1.822312034078807415e+02 -1.531468160083739635e-04 -3.297829683368084646e-05
1.823562034078807415e+02 -1.528302101042232570e-04 -3.274637565482679265e-05
1.824812034078807415e+02 -1.525140622844934507e-04 -3.251604916726865026e-05
1.826062034078807415e+02 -1.521983692266887559e-04 -3.228730675749485768e-05
1.827312034078807415e+02 -1.518831276631250351e-04 -3.206013787913839901e-05
1.828562034078807415e+02 -1.515683343803567195e-04 -3.183453205258751444e-05
1.829812034078807415e+02 -1.512539862186043508e-04 -3.161047886459897891e-05
1.831062034078807415e+02 -1.509400800711877325e-04 -3.138796796791252592e-05
1.832312034078807415e+02 -1.506266128839837211e-04 -3.116698908086764985e-05
1.833562034078807415e+02 -1.503135816548474243e-04 -3.094753198702223783e-05
1.834812034078807415e+02 -1.500009834330751958e-04 -3.072958653477255011e-05
1.836062034078807415e+02 -1.496888153188474097e-04 -3.051314263697583977e-05
1.837312034078807415e+02 -1.493770744627031643e-04 -3.029819027057395158e-05
1.838562034078807415e+02 -1.490657580649736513e-04 -3.008471947621963147e-05
1.839812034078807415e+02 -1.487548633752635273e-04 -2.987272035790381161e-05
1.841062034078807415e+02 -1.484443876919212812e-04 -2.966218308258534867e-05
1.842312034078807415e+02 -1.481343283614994374e-04 -2.945309787982249329e-05
1.843562034078807415e+02 -1.478246827782316443e-04 -2.924545504140571824e-05
1.844812034078807415e+02 -1.475154483835314212e-04 -2.903924492099308773e-05
1.846062034078807415e+02 -1.472066226654475906e-04 -2.883445793374663624e-05
1.847312034078807415e+02 -1.468982031581701525e-04 -2.863108455597137333e-05
1.848562034078807415e+02 -1.465901874415143134e-04 -2.842911532475530812e-05
1.849812034078807415e+02 -1.462825731404261437e-04 -2.822854083761175073e-05
1.851062034078807415e+02 -1.459753579244619441e-04 -2.802935175212347706e-05
1.852312034078807415e+02 -1.456685395073070764e-04 -2.783153878558806261e-05
1.853562034078807415e+02 -1.453621156462805649e-04 -2.763509271466584873e-05
1.854812034078807415e+02 -1.450560841418360920e-04 -2.744000437502877642e-05
1.856062034078807415e+02 -1.447504428370845425e-04 -2.724626466101189991e-05
1.857312034078807415e+02 -1.444451896173056795e-04 -2.705386452526579495e-05
1.858562034078807415e+02 -1.441403224094768684e-04 -2.686279497841131148e-05
1.859812034078807415e+02 -1.438358391817914201e-04 -2.667304708869601372e-05
1.861062034078807415e+02 -1.435317379431830058e-04 -2.648461198165191787e-05
1.862312034078807415e+02 -1.432280167428746291e-04 -2.629748083975565572e-05
1.863562034078807415e+02 -1.429246736698956135e-04 -2.611164490208960724e-05
1.864812034078807415e+02 -1.426217068526254789e-04 -2.592709546400558785e-05
1.866062034078807415e+02 -1.423191144583515057e-04 -2.574382387678937934e-05
1.867312034078807415e+02 -1.420168946927936101e-04 -2.556182154732784931e-05
1.868562034078807415e+02 -1.417150457996690103e-04 -2.538107993777699215e-05
1.869812034078807415e+02 -1.414135660602347739e-04 -2.520159056523220287e-05
1.871062034078807415e+02 -1.411124537928635971e-04 -2.502334500140017040e-05
1.872312034078807415e+02 -1.408117073525805795e-04 -2.484633487227212956e-05
1.873562034078807415e+02 -1.405113251306401134e-04 -2.467055185779931187e-05
1.874812034078807415e+02 -1.402113055540980314e-04 -2.449598769156953828e-05
1.876062034078807415e+02 -1.399116470853711488e-04 -2.432263416048605133e-05
1.877312034078807415e+02 -1.396123482218146418e-04 -2.415048310444746206e-05
1.878562034078807415e+02 -1.393134074953034367e-04 -2.397952641602972643e-05
1.879812034078807415e+02 -1.390148234718157683e-04 -2.380975604016982255e-05
1.881062034078807415e+02 -1.387165947510077117e-04 -2.364116397385061715e-05
1.882312034078807415e+02 -1.384187199658036516e-04 -2.347374226578806308e-05
1.883562034078807415e+02 -1.381211977820016065e-04 -2.330748301611929808e-05
1.884812034078807415e+02 -1.378240268978442632e-04 -2.314237837609313555e-05
1.886062034078807415e+02 -1.375272060436338959e-04 -2.297842054776145316e-05
1.887312034078807415e+02 -1.372307339813246517e-04 -2.281560178367272621e-05
1.888562034078807415e+02 -1.369346095041371709e-04 -2.265391438656708554e-05
1.889812034078807415e+02 -1.366388314361494636e-04 -2.249335070907266642e-05
1.891062034078807415e+02 -1.363433986319226429e-04 -2.233390315340403774e-05
1.892312034078807415e+02 -1.360483099761094464e-04 -2.217556417106180002e-05
1.893562034078807415e+02 -1.357535643830680980e-04 -2.201832626253417914e-05
1.894812034078807415e+02 -1.354591607964841110e-04 -2.186218197699976858e-05
1.896062034078807415e+02 -1.352329911020586539e-04 -2.170712391203220292e-05
1.897312034078807415e+02 -1.351193511125971453e-04 -2.155314471330639663e-05
1.898562034078807415e+02 -1.350057542966045599e-04 -2.140023707430597892e-05
1.899812034078807415e+02 -1.348921960887311175e-04 -2.124839373603285288e-05
1.901062034078807415e+02 -1.347786719824210452e-04 -2.109760748671771354e-05
1.902312034078807415e+02 -1.346651775294550434e-04 -2.094787116153273767e-05
1.903562034078807415e+02 -1.345517083395300498e-04 -2.079917764230522224e-05
1.904812034078807415e+02 -1.344382600798064487e-04 -2.065151985723316097e-05
1.906062034078807415e+02 -1.343248284744872657e-04 -2.050489078060233866e-05
1.907312034078807415e+02 -1.342114093043676271e-04 -2.035928343250461149e-05
1.908562034078807415e+02 -1.340979984064234406e-04 -2.021469087855821327e-05
1.909812034078807415e+02 -1.339845916733741372e-04 -2.007110622962903084e-05
1.911062034078807415e+02 -1.338711850532535701e-04 -1.992852264155396647e-05
1.912312034078807415e+02 -1.337577745489916493e-04 -1.978693331486524560e-05
1.913562034078807415e+02 -1.336443562179883576e-04 -1.964633149451659136e-05
1.914812034078807415e+02 -1.335309261717047900e-04 -1.950671046961087985e-05
1.916062034078807415e+02 -1.334174805752256240e-04 -1.936806357312896077e-05
1.917312034078807415e+02 -1.333040156468692403e-04 -1.923038418166040601e-05
1.918562034078807415e+02 -1.331905276577533372e-04 -1.909366571513529834e-05
1.919812034078807415e+02 -1.330770129313952937e-04 -1.895790163655790059e-05
1.921062034078807415e+02 -1.329634678433056210e-04 -1.882308545174137839e-05
1.922312034078807415e+02 -1.328498888205693245e-04 -1.868921070904427814e-05
1.923562034078807415e+02 -1.327362723414603077e-04 -1.855627099910842450e-05
1.924812034078807415e+02 -1.326226149350145217e-04 -1.842425995459799355e-05
1.926062034078807415e+02 -1.325089131806585988e-04 -1.829317124994045627e-05
1.927312034078807415e+02 -1.323951637077877184e-04 -1.816299860106845710e-05
1.928562034078807415e+02 -1.322813631953830189e-04 -1.803373576516365085e-05
1.929812034078807415e+02 -1.321675083716177348e-04 -1.790537654040144422e-05
1.931062034078807415e+02 -1.320535960134586705e-04 -1.777791476569749919e-05
1.932312034078807415e+02 -1.319396229462826368e-04 -1.765134432045558486e-05
1.933562034078807415e+02 -1.318255860434866262e-04 -1.752565912431661851e-05
1.934812034078807415e+02 -1.317114822261085318e-04 -1.740085313690947872e-05
1.936062034078807415e+02 -1.315973084624307086e-04 -1.727692035760272976e-05
1.937312034078807415e+02 -1.314830617676164136e-04 -1.715385482525825709e-05
1.938562034078807415e+02 -1.313687392033161861e-04 -1.703165061798579371e-05
1.939812034078807415e+02 -1.312543378773021465e-04 -1.691030185289911028e-05
1.941062034078807415e+02 -1.311398549430857876e-04 -1.678980268587358749e-05
1.942312034078807415e+02 -1.310252875995441418e-04 -1.667014731130485569e-05
1.943562034078807415e+02 -1.309106330905631332e-04 -1.655132996186922350e-05
1.944812034078807415e+02 -1.307958887046461528e-04 -1.643334490828495345e-05
1.946062034078807415e+02 -1.306810517745708006e-04 -1.631618645907539764e-05
1.947312034078807415e+02 -1.305661196770079783e-04 -1.619984896033300426e-05
1.948562034078807415e+02 -1.304510898321669483e-04 -1.608432679548492319e-05
1.949812034078807415e+02 -1.303359597034367068e-04 -1.596961438505998046e-05
1.951062034078807415e+02 -1.302207267970189545e-04 -1.585570618645664888e-05
1.952312034078807415e+02 -1.301053886615833471e-04 -1.574259669371277359e-05
1.953562034078807415e+02 -1.299899428878992735e-04 -1.563028043727612783e-05
1.954812034078807415e+02 -1.298743871084997797e-04 -1.551875198377674061e-05
1.956062034078807415e+02 -1.297587189973157325e-04 -1.540800593580007147e-05
1.957312034078807415e+02 -1.296429362693413969e-04 -1.529803693166190641e-05
1.958562034078807415e+02 -1.295270366802744270e-04 -1.518883964518410249e-05
1.959812034078807415e+02 -1.294110180261842354e-04 -1.508040878547193337e-05
1.961062034078807415e+02 -1.292948781431604410e-04 -1.497273909669264782e-05
1.962312034078807415e+02 -1.291786149069737574e-04 -1.486582535785508020e-05
1.963562034078807415e+02 -1.290622262327463955e-04 -1.475966238259085337e-05
1.964812034078807415e+02 -1.289457100746015680e-04 -1.465424501893647270e-05
1.966062034078807415e+02 -1.288290644253399638e-04 -1.454956814911704129e-05
1.967312034078807415e+02 -1.287122873160990641e-04 -1.444562668933085780e-05
1.968562034078807415e+02 -1.285953768160324085e-04 -1.434241558953548471e-05
1.969812034078807415e+02 -1.284783310319709173e-04 -1.423992983323505835e-05
1.971062034078807415e+02 -1.283611481080982816e-04 -1.413816443726855780e-05
1.972312034078807415e+02 -1.282438262256347826e-04 -1.403711445159968476e-05
1.973562034078807415e+02 -1.281263636024963912e-04 -1.393677495910753467e-05
1.974812034078807415e+02 -1.280087584929959893e-04 -1.383714107537889400e-05
1.976062034078807415e+02 -1.278910091875038249e-04 -1.373820794850134065e-05
1.977312034078807415e+02 -1.277731140121430675e-04 -1.363997075885782147e-05
1.978562034078807415e+02 -1.276550713284668249e-04 -1.354242471892237168e-05
1.979812034078807415e+02 -1.275368795331515033e-04 -1.344556507305682183e-05
1.981062034078807415e+02 -1.274185370576821723e-04 -1.334938709730900580e-05
1.982312034078807415e+02 -1.273000423680339715e-04 -1.325388609921178866e-05
1.983562034078807415e+02 -1.271813939643812196e-04 -1.315905741758361411e-05
1.984812034078807415e+02 -1.270625903807753247e-04 -1.306489642232987697e-05
1.986062034078807415e+02 -1.269436301848513179e-04 -1.297139851424567801e-05
1.987312034078807415e+02 -1.268245119775159556e-04 -1.287855912481973581e-05
1.988562034078807415e+02 -1.267052343926582374e-04 -1.278637371603918294e-05
1.989812034078807415e+02 -1.265857960968400564e-04 -1.269483778019589694e-05
1.991062034078807415e+02 -1.264661957890027592e-04 -1.260394683969354794e-05
1.992312034078807415e+02 -1.263464322001761468e-04 -1.251369644685615736e-05
1.993562034078807415e+02 -1.262265040931781501e-04 -1.242408218373745615e-05
1.994812034078807415e+02 -1.261064102623279232e-04 -1.233509966193154079e-05
1.996062034078807415e+02 -1.259861495331518889e-04 -1.224674452238469476e-05
1.997312034078807415e+02 -1.258657207621031472e-04 -1.215901243520803666e-05
1.998562034078807415e+02 -1.257451228362622628e-04 -1.207189909949164905e-05
1.999812034078807415e+02 -1.256243546730664309e-04 -1.198540024311941363e-05
2.001062034078807415e+02 -1.255034152200219474e-04 -1.189951162258530842e-05
2.002312034078807415e+02 -1.253823034544139677e-04 -1.181422902281044529e-05
2.003562034078807415e+02 -1.252610183830426931e-04 -1.172954825696141693e-05
2.004812034078807415e+02 -1.251395590419326150e-04 -1.164546516626969422e-05
2.006062034078807415e+02 -1.250179244960675088e-04 -1.156197561985190950e-05
2.007312034078807415e+02 -1.248961138391039606e-04 -1.147907551453149352e-05
2.008562034078807415e+02 -1.247741261931108333e-04 -1.139676077466103224e-05
2.009812034078807415e+02 -1.246519607082938251e-04 -1.131502735194603319e-05
2.011062034078807415e+02 -1.245296165627213019e-04 -1.123387122526939485e-05
2.012312034078807415e+02 -1.244070929620669892e-04 -1.115328840051714989e-05
2.013562034078807415e+02 -1.242843891393348823e-04 -1.107327491040522328e-05
2.014812034078807415e+02 -1.241615043546021827e-04 -1.099382681430703563e-05
2.016062034078807415e+02 -1.240384378947513913e-04 -1.091494019808240594e-05
2.017312034078807415e+02 -1.239151890732160090e-04 -1.083661117390719634e-05
2.018562034078807415e+02 -1.237917572297157201e-04 -1.075883588010423751e-05
2.019812034078807415e+02 -1.236681417300006290e-04 -1.068161048097501988e-05
2.021062034078807415e+02 -1.235443419656001866e-04 -1.060493116663253675e-05
2.022312034078807415e+02 -1.234203573535605416e-04 -1.052879415283516417e-05
2.023562034078807415e+02 -1.232961873361999449e-04 -1.045319568082130996e-05
2.024812034078807415e+02 -1.231718313808524983e-04 -1.037813201714536207e-05
2.026062034078807415e+02 -1.230472889796264859e-04 -1.030359945351432639e-05
2.027312034078807415e+02 -1.229225596491436508e-04 -1.022959430662568435e-05
2.028562034078807415e+02 -1.227976429303084761e-04 -1.015611291800601955e-05
2.029812034078807415e+02 -1.226725383880559192e-04 -1.008315165385075241e-05
2.031062034078807415e+02 -1.225472456111036438e-04 -1.001070690486485048e-05
2.032312034078807415e+02 -1.224217642117240664e-04 -9.938775086104304561e-06
2.033562034078807415e+02 -1.222960938254910601e-04 -9.867352636818849928e-06
2.034812034078807415e+02 -1.221702341110550091e-04 -9.796436020295329613e-06
2.036062034078807415e+02 -1.220441847498915589e-04 -9.726021723702294345e-06
2.037312034078807415e+02 -1.219179454460818347e-04 -9.656106257935249637e-06
2.038562034078807415e+02 -1.217915159260678996e-04 -9.586686157463131060e-06
2.039812034078807415e+02 -1.216648959384250453e-04 -9.517757980175436822e-06
2.041062034078807415e+02 -1.215380852536349630e-04 -9.449318307230456402e-06
2.042312034078807415e+02 -1.214110836638496860e-04 -9.381363742904419065e-06
2.043562034078807415e+02 -1.212838909826703849e-04 -9.313890914441384379e-06
2.044812034078807415e+02 -1.211565070449173545e-04 -9.246896471904303327e-06
2.046062034078807415e+02 -1.210289317064116552e-04 -9.180377088026704533e-06
2.047312034078807415e+02 -1.209011648437450181e-04 -9.114329458065554475e-06
2.048562034078807415e+02 -1.207732063540634522e-04 -9.048750299654746197e-06
2.049812034078807415e+02 -1.206450561548485335e-04 -8.983636352659677302e-06
2.051062034078807415e+02 -1.205167141836946420e-04 -8.918984379032671595e-06
2.052312034078807415e+02 -1.203881803980956587e-04 -8.854791162669146110e-06
2.053562034078807415e+02 -1.202594547752273253e-04 -8.791053509264892837e-06
2.054812034078807415e+02 -1.201305373117386168e-04 -8.727768246173953366e-06
2.056062034078807415e+02 -1.200014280235289245e-04 -8.664932222267653975e-06
2.057312034078807415e+02 -1.198721269455518964e-04 -8.602542307794211609e-06
2.058562034078807415e+02 -1.197426341315905332e-04 -8.540595394239417290e-06
2.059812034078807415e+02 -1.196129496540621675e-04 -8.479088394188098797e-06
2.061062034078807415e+02 -1.194830736038032630e-04 -8.418018241186352450e-06
2.062312034078807415e+02 -1.193530060898654764e-04 -8.357381889604782868e-06
2.063562034078807415e+02 -1.192227472393186981e-04 -8.297176314502381378e-06
2.064812034078807415e+02 -1.190922971970374513e-04 -8.237398511491449683e-06
2.066062034078807415e+02 -1.189616561255114272e-04 -8.178045496603155392e-06
2.067312034078807415e+02 -1.188308242046372780e-04 -8.119114306154036247e-06
2.068562034078807415e+02 -1.186998016315235548e-04 -8.060601996613347988e-06
2.069812034078807415e+02 -1.185685886202969476e-04 -8.002505644471049180e-06
2.071062034078807415e+02 -1.184371854019006508e-04 -7.944822346106855006e-06
2.072312034078807415e+02 -1.183055922239052644e-04 -7.887549217659838239e-06
2.073562034078807415e+02 -1.181738093503130281e-04 -7.830683394899072059e-06
2.074812034078807415e+02 -1.180418370613712571e-04 -7.774222033094853950e-06
2.076062034078807415e+02 -1.179096756533752204e-04 -7.718162306890869782e-06
2.077312034078807415e+02 -1.177773254384858597e-04 -7.662501410177138879e-06
2.078562034078807415e+02 -1.176447867445370044e-04 -7.607236555963622296e-06
2.079812034078807415e+02 -1.175120599148565597e-04 -7.552364976254789102e-06
2.081062034078807415e+02 -1.173791453080748196e-04 -7.497883921924771347e-06
2.082312034078807415e+02 -1.172460432979425648e-04 -7.443790662593485492e-06
2.083562034078807415e+02 -1.171127542731562217e-04 -7.390082486503330670e-06
2.084812034078807415e+02 -1.169792786371634514e-04 -7.336756700396778873e-06
2.086062034078807415e+02 -1.168456168079980254e-04 -7.283810629394733399e-06
2.087312034078807415e+02 -1.167163661873835286e-04 -7.231241616875496309e-06
2.088562034078807415e+02 -1.166005528332717976e-04 -7.179047024354687963e-06
2.089812034078807415e+02 -1.164845418001896516e-04 -7.127224231365718803e-06
2.091062034078807415e+02 -1.163683332623779613e-04 -7.075770635341185266e-06
2.092312034078807415e+02 -1.162519274094006946e-04 -7.024683651494834891e-06
2.093562034078807415e+02 -1.161353244459676493e-04 -6.973960712704375926e-06
2.094812034078807415e+02 -1.160185245917676758e-04 -6.923599269395026388e-06
2.096062034078807415e+02 -1.159015280812950016e-04 -6.873596789423661984e-06
2.097312034078807415e+02 -1.157843351636823046e-04 -6.823950757963863569e-06
2.098562034078807415e+02 -1.156669461025338545e-04 -6.774658677391508410e-06
2.099812034078807415e+02 -1.155493611757580985e-04 -6.725718067171237278e-06
2.101062034078807415e+02 -1.154315806754018458e-04 -6.677126463743472955e-06
2.102312034078807415e+02 -1.153136049074875836e-04 -6.628881420412264607e-06
2.103562034078807415e+02 -1.151954341918496130e-04 -6.580980507233819936e-06
2.104812034078807415e+02 -1.150770688619727066e-04 -6.533421310905631112e-06
2.106062034078807415e+02 -1.149585092648325405e-04 -6.486201434656452817e-06
2.107312034078807415e+02 -1.148397557607340946e-04 -6.439318498136807140e-06
2.108562034078807415e+02 -1.147208087231548222e-04 -6.392770137310338052e-06
2.109812034078807415e+02 -1.146016685385871023e-04 -6.346554004345689341e-06
2.111062034078807415e+02 -1.144823356063829543e-04 -6.300667767509164367e-06
2.112312034078807415e+02 -1.143628103385980761e-04 -6.255109111058071901e-06
2.113562034078807415e+02 -1.142430931598384424e-04 -6.209875735134617468e-06
2.114812034078807415e+02 -1.141231845071067415e-04 -6.164965355660635782e-06
2.116062034078807415e+02 -1.140030848296536090e-04 -6.120375704232809385e-06
2.117312034078807415e+02 -1.138827945888232646e-04 -6.076104528018716524e-06
2.118562034078807415e+02 -1.137623142579074158e-04 -6.032149589653366928e-06
2.119812034078807415e+02 -1.136416443219945944e-04 -5.988508667136553274e-06
2.121062034078807415e+02 -1.135207852778246295e-04 -5.945179553730699856e-06
2.122312034078807415e+02 -1.133997376336420772e-04 -5.902160057859448181e-06
2.123562034078807415e+02 -1.132785019090492835e-04 -5.859448003006898161e-06
2.124812034078807415e+02 -1.131570786348654929e-04 -5.817041227617372780e-06
2.126062034078807415e+02 -1.130354683529820662e-04 -5.774937584995962024e-06
2.127312034078807415e+02 -1.129136716162202470e-04 -5.733134943209556398e-06
2.128562034078807415e+02 -1.127916889881918283e-04 -5.691631184988643620e-06
2.129812034078807415e+02 -1.126695210431571487e-04 -5.650424207629587278e-06
2.131062034078807415e+02 -1.125471683658892965e-04 -5.609511922897626310e-06
2.132312034078807415e+02 -1.124246315515334206e-04 -5.568892256930486045e-06
2.133562034078807415e+02 -1.123019112054714631e-04 -5.528563150142493223e-06
2.134812034078807415e+02 -1.121790079431868911e-04 -5.488522557129466054e-06
2.136062034078807415e+02 -1.120559223901284126e-04 -5.448768446574030338e-06
2.137312034078807415e+02 -1.119326551815782056e-04 -5.409298801151707223e-06
2.138562034078807415e+02 -1.118092069625179104e-04 -5.370111617437444817e-06
2.139812034078807415e+02 -1.116855783874971835e-04 -5.331204905812840972e-06
2.141062034078807415e+02 -1.115617701205039191e-04 -5.292576690373958997e-06
2.142312034078807415e+02 -1.114377828348331686e-04 -5.254225008839634647e-06
2.143562034078807415e+02 -1.113136172129595438e-04 -5.216147912460499700e-06
2.144812034078807415e+02 -1.111892739464089827e-04 -5.178343465928453621e-06
2.146062034078807415e+02 -1.110647537356315186e-04 -5.140809747286834866e-06
2.147312034078807415e+02 -1.109400572898772472e-04 -5.103544847841054673e-06
2.148562034078807415e+02 -1.108151853270698952e-04 -5.066546872069869516e-06
2.149812034078807415e+02 -1.106901385736830992e-04 -5.029813937537232076e-06
2.151062034078807415e+02 -1.105649177646180669e-04 -4.993344174804612324e-06
2.152312034078807415e+02 -1.104395236430806966e-04 -4.957135727344008927e-06
2.153562034078807415e+02 -1.103139569604620846e-04 -4.921186751451383331e-06
2.154812034078807415e+02 -1.101882184762178395e-04 -4.885495416160774854e-06
2.156062034078807415e+02 -1.100623089577467469e-04 -4.850059903158853697e-06
2.157312034078807415e+02 -1.099362291802761556e-04 -4.814878406700082122e-06
2.158562034078807415e+02 -1.098099799267430673e-04 -4.779949133522444842e-06
2.159812034078807415e+02 -1.096835619876756883e-04 -4.745270302763615624e-06
2.161062034078807415e+02 -1.095569761610827857e-04 -4.710840145877795601e-06
2.162312034078807415e+02 -1.094302232523322848e-04 -4.676656906552951369e-06
2.163562034078807415e+02 -1.093033040740446778e-04 -4.642718840628712937e-06
2.164812034078807415e+02 -1.091762194459762014e-04 -4.609024216014680783e-06
2.166062034078807415e+02 -1.090489701949071231e-04 -4.575571312609329228e-06
2.167312034078807415e+02 -1.089215571545318302e-04 -4.542358422219449367e-06
2.168562034078807415e+02 -1.087939811653484989e-04 -4.509383848480007046e-06
2.169812034078807415e+02 -1.086662430745483700e-04 -4.476645906774650514e-06
2.171062034078807415e+02 -1.085383437359101476e-04 -4.444142924156602630e-06
2.172312034078807415e+02 -1.084102840096896951e-04 -4.411873239270179022e-06
2.173562034078807415e+02 -1.082820647625153961e-04 -4.379835202272700122e-06
2.174812034078807415e+02 -1.081536868672811709e-04 -4.348027174756992733e-06
2.176062034078807415e+02 -1.080251512030411053e-04 -4.316447529674370170e-06
2.177312034078807415e+02 -1.078964586549076580e-04 -4.285094651258053704e-06
2.178562034078807415e+02 -1.077676101139458692e-04 -4.253966934947189475e-06
2.179812034078807415e+02 -1.076386064770718388e-04 -4.223062787311239784e-06
2.181062034078807415e+02 -1.075094486469516244e-04 -4.192380625974981722e-06
2.182312034078807415e+02 -1.073801375318993536e-04 -4.161918879543879324e-06
2.183562034078807415e+02 -1.072506740457788868e-04 -4.131675987530010542e-06
2.184812034078807415e+02 -1.071210591079038265e-04 -4.101650400278475329e-06
2.186062034078807415e+02 -1.069912936429373237e-04 -4.071840578894203521e-06
2.187312034078807415e+02 -1.068613785807987415e-04 -4.042244995169352252e-06
2.188562034078807415e+02 -1.067313148565627836e-04 -4.012862131511046426e-06
2.189812034078807415e+02 -1.066011034103662124e-04 -3.983690480869717184e-06
2.191062034078807415e+02 -1.064707451873124798e-04 -3.954728546667781734e-06
2.192312034078807415e+02 -1.063402411373747181e-04 -3.925974842728867812e-06
2.193562034078807415e+02 -1.062095922153061717e-04 -3.897427893207498945e-06
2.194812034078807415e+02 -1.060787993805454644e-04 -3.869086232519153238e-06
2.196062034078807415e+02 -1.059478635971232771e-04 -3.840948405270891384e-06
2.197312034078807415e+02 -1.058167858335744597e-04 -3.813012966192323894e-06
2.198562034078807415e+02 -1.056855670628436780e-04 -3.785278480067129336e-06
2.199812034078807415e+02 -1.055542082621985423e-04 -3.757743521664920696e-06
2.201062034078807415e+02 -1.054227104131407979e-04 -3.730406675673649187e-06
2.202312034078807415e+02 -1.052910745013151838e-04 -3.703266536632362533e-06
2.203562034078807415e+02 -1.051593015164264104e-04 -3.676321708864449462e-06
2.204812034078807415e+02 -1.050273924521472052e-04 -3.649570806411337776e-06
2.206062034078807415e+02 -1.048953483060373505e-04 -3.623012452966543938e-06
2.207312034078807415e+02 -1.047631700794562286e-04 -3.596645281810259267e-06
2.208562034078807415e+02 -1.046308587774771425e-04 -3.570467935744253753e-06
2.209812034078807415e+02 -1.044984154088054594e-04 -3.544479067027308861e-06
2.211062034078807415e+02 -1.043658409856957091e-04 -3.518677337310979816e-06
2.212312034078807415e+02 -1.042331365238670707e-04 -3.493061417575836050e-06
2.213562034078807415e+02 -1.041003030424247276e-04 -3.467629988068112029e-06
2.214812034078807415e+02 -1.039673415637760312e-04 -3.442381738236730352e-06
2.216062034078807415e+02 -1.038342531135524248e-04 -3.417315366670802160e-06
2.217312034078807415e+02 -1.037010387205300395e-04 -3.392429581037461686e-06
2.218562034078807415e+02 -1.035676994165476744e-04 -3.367723098020188711e-06
2.219812034078807415e+02 -1.034342362364338837e-04 -3.343194643257450340e-06
2.221062034078807415e+02 -1.033006502179250924e-04 -3.318842951281807805e-06
2.222312034078807415e+02 -1.031669424015907866e-04 -3.294666765459414172e-06
2.223562034078807415e+02 -1.030331138307577548e-04 -3.270664837929856368e-06
2.224812034078807415e+02 -1.028991655514337867e-04 -3.246835929546473237e-06
2.226062034078807415e+02 -1.027650986122334603e-04 -3.223178809816979379e-06
2.227312034078807415e+02 -1.026309140643049170e-04 -3.199692256844562904e-06
2.228562034078807415e+02 -1.024966129612523959e-04 -3.176375057269290231e-06
2.229812034078807415e+02 -1.023621963590702323e-04 -3.153226006209945841e-06
2.231062034078807415e+02 -1.022276653160652702e-04 -3.130243907206263364e-06
2.232312034078807415e+02 -1.020930208927879607e-04 -3.107427572161467939e-06
2.233562034078807415e+02 -1.019582641519618484e-04 -3.084775821285290385e-06
2.234812034078807415e+02 -1.018233961584101441e-04 -3.062287483037262576e-06
2.236062034078807415e+02 -1.016884179789910515e-04 -3.039961394070474457e-06
2.237312034078807415e+02 -1.015533306825259802e-04 -3.017796399175618197e-06
2.238562034078807415e+02 -1.014181353397310506e-04 -2.995791351225456710e-06
2.239812034078807415e+02 -1.012828330231513779e-04 -2.973945111119655128e-06
2.241062034078807415e+02 -1.011474248070915886e-04 -2.952256547729930340e-06
2.242312034078807415e+02 -1.010119117675524892e-04 -2.930724537845624458e-06
2.243562034078807415e+02 -1.008762949821632359e-04 -2.909347966119573493e-06
2.244812034078807415e+02 -1.007405755301160789e-04 -2.888125725014400373e-06
2.246062034078807415e+02 -1.006047544921030457e-04 -2.867056714749095123e-06
2.247312034078807415e+02 -1.004688329502505766e-04 -2.846139843245991451e-06
2.248562034078807415e+02 -1.003328119880582674e-04 -2.825374026078096961e-06
2.249812034078807415e+02 -1.001966926903341971e-04 -2.804758186416721960e-06
2.251062034078807415e+02 -1.000604761431332228e-04 -2.784291254979524996e-06
2.252312034078807415e+02 -9.992416343369588518e-05 -2.763972169978828177e-06
2.253562034078807415e+02 -9.978775565038763883e-05 -2.743799877070344573e-06
2.254812034078807415e+02 -9.965125388263712059e-05 -2.723773329302181753e-06
2.256062034078807415e+02 -9.951465922087834794e-05 -2.703891487064224362e-06
2.257312034078807415e+02 -9.937797275648936677e-05 -2.684153318037850861e-06
2.258562034078807415e+02 -9.924119558173505969e-05 -2.664557797145939946e-06
2.259812034078807415e+02 -9.910432878970884302e-05 -2.645103906503276771e-06
2.261062034078807415e+02 -9.896737347427402509e-05 -2.625790635367212007e-06
2.262312034078807415e+02 -9.883033073000855250e-05 -2.606616980088723241e-06
2.263562034078807415e+02 -9.869320165214697828e-05 -2.587581944063733457e-06
2.264812034078807415e+02 -9.855598733652570960e-05 -2.568684537684791611e-06
2.266062034078807415e+02 -9.841868887952641247e-05 -2.549923778293081446e-06
2.267312034078807415e+02 -9.828130737802242504e-05 -2.531298690130703035e-06
2.268562034078807415e+02 -9.814384392932471010e-05 -2.512808304293327458e-06
2.269812034078807415e+02 -9.800629963112689961e-05 -2.494451658683113628e-06
2.271062034078807415e+02 -9.786867558145226364e-05 -2.476227797961988912e-06
2.272312034078807415e+02 -9.773097287860254959e-05 -2.458135773505189805e-06
2.273562034078807415e+02 -9.759319262110371788e-05 -2.440174643355142677e-06
2.274812034078807415e+02 -9.745533590765651584e-05 -2.422343472175665123e-06
2.276062034078807415e+02 -9.731740383708337898e-05 -2.404641331206412534e-06
2.277312034078807415e+02 -9.717939750827881513e-05 -2.387067298217707524e-06
2.278562034078807415e+02 -9.704131802015972090e-05 -2.369620457465588735e-06
2.279812034078807415e+02 -9.690316647161564389e-05 -2.352299899647238698e-06
2.281062034078807415e+02 -9.676494396145839442e-05 -2.335104721856636148e-06
2.282312034078807415e+02 -9.662665158837557388e-05 -2.318034027540550124e-06
2.283562034078807415e+02 -9.648829045088066082e-05 -2.301086926454824174e-06
2.284812034078807415e+02 -9.634986164726713558e-05 -2.284262534620917212e-06
2.286062034078807415e+02 -9.621136627556057218e-05 -2.267559974282788271e-06
2.287312034078807415e+02 -9.607280543347131282e-05 -2.250978373864008260e-06
2.288562034078807415e+02 -9.593418021834992080e-05 -2.234516867925219003e-06
2.289812034078807415e+02 -9.579549172713985503e-05 -2.218174597121820135e-06
2.291062034078807415e+02 -9.565674105633461698e-05 -2.201950708161989302e-06
2.292312034078807415e+02 -9.551792930193122482e-05 -2.185844353764935290e-06
2.293562034078807415e+02 -9.537905755938557145e-05 -2.169854692619464567e-06
2.294812034078807415e+02 -9.524012692357119764e-05 -2.153980889342823950e-06
2.296062034078807415e+02 -9.510113848873386403e-05 -2.138222114439781290e-06
2.297312034078807415e+02 -9.496209334844924008e-05 -2.122577544262036501e-06
2.298562034078807415e+02 -9.482299259558175865e-05 -2.107046360967846040e-06
2.299812034078807415e+02 -9.468383732223986551e-05 -2.091627752481973070e-06
2.301062034078807415e+02 -9.454462861973864150e-05 -2.076320912455854471e-06
2.302312034078807415e+02 -9.440536757855564839e-05 -2.061125040228067686e-06
2.303562034078807415e+02 -9.426605528829182983e-05 -2.046039340785064822e-06
2.304812034078807415e+02 -9.412669283762999995e-05 -2.031063024722136286e-06
2.306062034078807415e+02 -9.398728131429787212e-05 -2.016195308204681053e-06
2.307312034078807415e+02 -9.384782180502588341e-05 -2.001435412929689956e-06
2.308562034078807415e+02 -9.370831539551105005e-05 -1.986782566087536882e-06
2.309812034078807415e+02 -9.356876317037613367e-05 -1.972236000323977482e-06
2.311062034078807415e+02 -9.342916621313405231e-05 -1.957794953702435877e-06
2.312312034078807415e+02 -9.328952560614888986e-05 -1.943458669666543781e-06
2.313562034078807415e+02 -9.314984243059884342e-05 -1.929226397002901542e-06
2.314812034078807415e+02 -9.301011776644098675e-05 -1.915097389804132258e-06
2.316062034078807415e+02 -9.287035269237297079e-05 -1.901070907432139822e-06
2.317312034078807415e+02 -9.273054828579931855e-05 -1.887146214481657700e-06
2.318562034078807415e+02 -9.259070562279461648e-05 -1.873322580744003338e-06
2.319812034078807415e+02 -9.245082577806865729e-05 -1.859599281171097255e-06
2.321062034078807415e+02 -9.231090982493245028e-05 -1.845975595839736472e-06
2.322312034078807415e+02 -9.217095883526416381e-05 -1.832450809916068035e-06
2.323562034078807415e+02 -9.203097387947375323e-05 -1.819024213620350548e-06
2.324812034078807415e+02 -9.189095602647188489e-05 -1.805695102191905846e-06
2.326062034078807415e+02 -9.175090634363495710e-05 -1.792462775854354229e-06
2.327312034078807415e+02 -9.161082589677364471e-05 -1.779326539781035188e-06
2.328562034078807415e+02 -9.147071575010082029e-05 -1.766285704060700025e-06
2.329812034078807415e+02 -9.133057696619810645e-05 -1.753339583663424922e-06
2.331062034078807415e+02 -9.119041060598652112e-05 -1.740487498406731741e-06
2.332312034078807415e+02 -9.105021772869431736e-05 -1.727728772921979024e-06
2.333562034078807415e+02 -9.090999939182598877e-05 -1.715062736620932568e-06
2.334812034078807415e+02 -9.076975665113306375e-05 -1.702488723662608325e-06
2.336062034078807415e+02 -9.062949056058247394e-05 -1.690006072920298249e-06
2.337312034078807415e+02 -9.048920217232881216e-05 -1.677614127948841583e-06
2.338562034078807415e+02 -9.034889253668444914e-05 -1.665312236952125264e-06
2.339812034078807415e+02 -9.020856270208962304e-05 -1.653099752750766858e-06
2.341062034078807415e+02 -9.006821371508624244e-05 -1.640976032750066230e-06
2.342312034078807415e+02 -8.992784662028601079e-05 -1.628940438908124485e-06
2.343562034078807415e+02 -8.978746246034711607e-05 -1.616992337704222117e-06
2.344812034078807415e+02 -8.964706227594423905e-05 -1.605131100107373543e-06
2.346062034078807415e+02 -8.950664710574133978e-05 -1.593356101545118389e-06
2.347312034078807415e+02 -8.936621798636598917e-05 -1.581666721872526645e-06
2.348562034078807415e+02 -8.922577595238242651e-05 -1.570062345341382337e-06
2.349812034078807415e+02 -8.908532203626525403e-05 -1.558542360569623215e-06
2.351062034078807415e+02 -8.894485726837466288e-05 -1.547106160510936502e-06
2.352312034078807415e+02 -8.880438267692996506e-05 -1.535753142424610668e-06
2.353562034078807415e+02 -8.866389928798509043e-05 -1.524482707845544739e-06
2.354812034078807415e+02 -8.852340812540458520e-05 -1.513294262554493518e-06
2.356062034078807415e+02 -8.838291021083749619e-05 -1.502187216548511001e-06
2.357312034078807415e+02 -8.824240656369544287e-05 -1.491160984011568712e-06
2.358562034078807415e+02 -8.810189820112685399e-05 -1.480214983285412478e-06
2.359812034078807415e+02 -8.796138613799498536e-05 -1.469348636840576320e-06
2.361062034078807415e+02 -8.782087138685482639e-05 -1.458561371247632891e-06
2.362312034078807415e+02 -8.768035495792917983e-05 -1.447852617148602297e-06
2.363562034078807415e+02 -8.753983785908751988e-05 -1.437221809228579251e-06
2.364812034078807415e+02 -8.739932109582338653e-05 -1.426668386187553130e-06
2.366062034078807415e+02 -8.725880567123160377e-05 -1.416191790712394690e-06
2.367312034078807415e+02 -8.711829258598889950e-05 -1.405791469449071059e-06
2.368562034078807415e+02 -8.697778283833045964e-05 -1.395466872975008532e-06
2.369812034078807415e+02 -8.683727742403060223e-05 -1.385217455771684276e-06
2.371062034078807415e+02 -8.669677733638193363e-05 -1.375042676197364370e-06
2.372312034078807415e+02 -8.655628356617352899e-05 -1.364941996460066931e-06
2.373562034078807415e+02 -8.641579710167306995e-05 -1.354914882590671572e-06
2.374812034078807415e+02 -8.627531892860633976e-05 -1.344960804416238078e-06
2.376062034078807415e+02 -8.613485003013694860e-05 -1.335079235533503376e-06
2.377312034078807415e+02 -8.599439138684844433e-05 -1.325269653282540300e-06
2.378562034078807415e+02 -8.585394397672425470e-05 -1.315531538720625134e-06
2.379812034078807415e+02 -8.571350877513089577e-05 -1.305864376596251704e-06
2.381062034078807415e+02 -8.557308675479756183e-05 -1.296267655323354897e-06
2.382312034078807415e+02 -8.543267888579955064e-05 -1.286740866955678169e-06
2.383562034078807415e+02 -8.529228613554029278e-05 -1.277283507161337783e-06
2.384812034078807415e+02 -8.515190946873354364e-05 -1.267895075197560263e-06
2.386062034078807415e+02 -8.501154984738682223e-05 -1.258575073885569987e-06
2.387312034078807415e+02 -8.487120823078396904e-05 -1.249323009585682390e-06
2.388562034078807415e+02 -8.473088557546850361e-05 -1.240138392172529947e-06
2.389812034078807415e+02 -8.459058283522749697e-05 -1.231020735010493561e-06
2.391062034078807415e+02 -8.445030096107599977e-05 -1.221969554929269893e-06
2.392312034078807415e+02 -8.431004090123969512e-05 -1.212984372199625473e-06
2.393562034078807415e+02 -8.416980360114150860e-05 -1.204064710509316817e-06
2.394812034078807415e+02 -8.402959000338384098e-05 -1.195210096939155189e-06
2.396062034078807415e+02 -8.388940104773538156e-05 -1.186420061939265321e-06
2.397312034078807415e+02 -8.374923767111615975e-05 -1.177694139305472042e-06
2.398562034078807415e+02 -8.360910080758133622e-05 -1.169031866155884687e-06
2.399812034078807415e+02 -8.346899138830927674e-05 -1.160432782907607929e-06
2.401062034078807415e+02 -8.332891034158595317e-05 -1.151896433253633020e-06
2.402312034078807415e+02 -8.318885859279078105e-05 -1.143422364139888712e-06
2.403562034078807415e+02 -8.304883706438520845e-05 -1.135010125742426629e-06
2.404812034078807415e+02 -8.290884667589658839e-05 -1.126659271444794478e-06
2.406062034078807415e+02 -8.276888834390766210e-05 -1.118369357815533352e-06
2.407312034078807415e+02 -8.262896298204220691e-05 -1.110139944585856713e-06
2.408562034078807415e+02 -8.248907150095221555e-05 -1.101970594627458765e-06
2.409812034078807415e+02 -8.234921480830739292e-05 -1.093860873930488635e-06
2.411062034078807415e+02 -8.220939380878049230e-05 -1.085810351581680827e-06
2.412312034078807415e+02 -8.206960940403757105e-05 -1.077818599742610195e-06
2.413562034078807415e+02 -8.192986249272553583e-05 -1.069885193628131351e-06
2.414812034078807415e+02 -8.179015397045974207e-05 -1.062009711484931367e-06
2.416062034078807415e+02 -8.165048472981457494e-05 -1.054191734570259938e-06
2.417312034078807415e+02 -8.151085566031180773e-05 -1.046430847130779805e-06
2.418562034078807415e+02 -8.137126764840805224e-05 -1.038726636381577924e-06
2.419812034078807415e+02 -8.123172157748729128e-05 -1.031078692485323580e-06
2.421062034078807415e+02 -8.109221832784812580e-05 -1.023486608531550172e-06
2.422312034078807415e+02 -8.095275877669511479e-05 -1.015949980516104079e-06
2.423562034078807415e+02 -8.081334379812823141e-05 -1.008468407320711048e-06
2.424812034078807415e+02 -8.067397426313267154e-05 -1.001041490692706483e-06
2.426062034078807415e+02 -8.053465103957077641e-05 -9.936688352248822042e-07
2.427312034078807415e+02 -8.039537499217091956e-05 -9.863500483354863015e-07
2.428562034078807415e+02 -8.025614698252039176e-05 -9.790847402483631811e-07
2.429812034078807415e+02 -8.011696786905543989e-05 -9.718725239732121898e-07
2.431062034078807415e+02 -7.997783850705237653e-05 -9.647130152860052727e-07
2.432312034078807415e+02 -7.983875974861971941e-05 -9.576058327095153796e-07
2.433562034078807415e+02 -7.969973244269018195e-05 -9.505505974940050666e-07
2.434812034078807415e+02 -7.956075743501144393e-05 -9.435469335980223538e-07
2.436062034078807415e+02 -7.942183556814003933e-05 -9.365944676693439660e-07
2.437312034078807415e+02 -7.928296768143146300e-05 -9.296928290260539930e-07
2.438562034078807415e+02 -7.914415461103507484e-05 -9.228416496377313938e-07
2.439812034078807415e+02 -7.900539718988535852e-05 -9.160405641067966372e-07
2.441062034078807415e+02 -7.886669624769469789e-05 -9.092892096499555392e-07
2.442312034078807415e+02 -7.872805261094780697e-05 -9.025872260798019189e-07
2.443562034078807415e+02 -7.858946710289365257e-05 -8.959342557865192519e-07
2.444812034078807415e+02 -7.845094054353927439e-05 -8.893299437197270602e-07
2.446062034078807415e+02 -7.831247374964432335e-05 -8.827739373704502273e-07
2.447312034078807415e+02 -7.817406753471328241e-05 -8.762658867531988521e-07
2.448562034078807415e+02 -7.803572270899131950e-05 -8.698054443881941093e-07
2.449812034078807415e+02 -7.789744007945707761e-05 -8.633922652836919422e-07
2.451062034078807415e+02 -7.775922044981730796e-05 -8.570260069184543511e-07
2.452312034078807415e+02 -7.762106462050242476e-05 -8.507063292243160794e-07
2.453562034078807415e+02 -7.748297338865948504e-05 -8.444328945688969878e-07
2.454812034078807415e+02 -7.734494754814894956e-05 -8.382053677384097217e-07
2.456062034078807415e+02 -7.720698788953869263e-05 -8.320234159206027963e-07
2.457312034078807415e+02 -7.706909520009843197e-05 -8.258867086878213144e-07
2.458562034078807415e+02 -7.693127026379730285e-05 -8.197949179801683747e-07
2.459812034078807415e+02 -7.679351386129797629e-05 -8.137477180888065586e-07
2.461062034078807415e+02 -7.665582676995213248e-05 -8.077447856393513199e-07
2.462312034078807415e+02 -7.651820976379745216e-05 -8.017857995754011700e-07
2.463562034078807415e+02 -7.638066361355254797e-05 -7.958704411421622021e-07
2.464812034078807415e+02 -7.624318908661428102e-05 -7.899983938701982931e-07
2.466062034078807415e+02 -7.610578694705351897e-05 -7.841693435592939616e-07
2.467312034078807415e+02 -7.596845795561109739e-05 -7.783829782624167517e-07
2.468562034078807415e+02 -7.583120286969593593e-05 -7.726389882698100604e-07
2.469812034078807415e+02 -7.569402244338080995e-05 -7.669370660931724679e-07
2.471062034078807415e+02 -7.555691742739943672e-05 -7.612769064499719575e-07
2.472312034078807415e+02 -7.541988856914429347e-05 -7.556582062478453695e-07
2.473562034078807415e+02 -7.528293661266276845e-05 -7.500806645691219439e-07
2.474812034078807415e+02 -7.514606229865594125e-05 -7.445439826554515785e-07
2.476062034078807415e+02 -7.500926636447543855e-05 -7.390478638925284839e-07
2.477312034078807415e+02 -7.487254954412075078e-05 -7.335920137949386107e-07
2.478562034078807415e+02 -7.473591256823835117e-05 -7.281761399910931574e-07
2.479812034078807415e+02 -7.459935616411819920e-05 -7.227999522082858501e-07
2.481062034078807415e+02 -7.446288105569338824e-05 -7.174631622578353492e-07
2.482312034078807415e+02 -7.432648796353770611e-05 -7.121654840203421119e-07
2.483562034078807415e+02 -7.419017760486366995e-05 -7.069066334310502862e-07
2.484812034078807415e+02 -7.405395069352209252e-05 -7.016863284652954732e-07
2.486062034078807415e+02 -7.391780794000019843e-05 -6.965042891240748855e-07
2.487312034078807415e+02 -7.378175005142035019e-05 -6.913602374196954328e-07
2.488562034078807415e+02 -7.364577773153975005e-05 -6.862538973615430389e-07
2.489812034078807415e+02 -7.350989168074851556e-05 -6.811849949419321093e-07
2.491062034078807415e+02 -7.337409259606993703e-05 -6.761532581220645838e-07
2.492312034078807415e+02 -7.323838117115955601e-05 -6.711584168180867152e-07
2.493562034078807415e+02 -7.310275809630427076e-05 -6.662002028872322456e-07
2.494812034078807415e+02 -7.296722405842201106e-05 -6.612783501140772852e-07
2.496062034078807415e+02 -7.283177974106257841e-05 -6.563925941968743887e-07
2.497312034078807415e+02 -7.269642582440587067e-05 -6.515426727339980161e-07
2.498562034078807415e+02 -7.256116298526342706e-05 -6.467283252104686625e-07
2.499812034078807415e+02 -7.242599189707742526e-05 -6.419492929845814897e-07
2.501062034078807415e+02 -7.229091322992161651e-05 -6.372053192746274968e-07
2.502312034078807415e+02 -7.215592765050173225e-05 -6.324961491456973820e-07
2.503562034078807415e+02 -7.202103582215510459e-05 -6.278215294965913897e-07
2.504812034078807415e+02 -7.188623840485253657e-05 -6.231812090468057079e-07
2.506062034078807415e+02 -7.175153605519800403e-05 -6.185749383236240041e-07
2.507312034078807415e+02 -7.161692942643013281e-05 -6.140024696492848754e-07
2.508562034078807415e+02 -7.148241916842307969e-05 -6.094635571282482973e-07
2.509812034078807415e+02 -7.134800592768695247e-05 -6.049579566345504797e-07
2.511062034078807415e+02 -7.121369034736988357e-05 -6.004854257992377101e-07
2.512312034078807415e+02 -7.107947306725914129e-05 -5.960457239979014168e-07
2.513562034078807415e+02 -7.094535472378175325e-05 -5.916386123382853353e-07
2.514812034078807415e+02 -7.081133595000721687e-05 -5.872638536479941076e-07
2.516062034078807415e+02 -7.067741737564786533e-05 -5.829212124622735618e-07
2.517312034078807415e+02 -7.054359962706172711e-05 -5.786104550118855403e-07
2.518562034078807415e+02 -7.040988332725386771e-05 -5.743313492110671158e-07
2.519812034078807415e+02 -7.027626909587790754e-05 -5.700836646455640267e-07
2.521062034078807415e+02 -7.014275754923890861e-05 -5.658671725607632165e-07
2.522312034078807415e+02 -7.000934930029456711e-05 -5.616816458498913353e-07
2.523562034078807415e+02 -6.987604495865841188e-05 -5.575268590423117092e-07
2.524812034078807415e+02 -6.974284513060168814e-05 -5.534025882918882253e-07
2.526062034078807415e+02 -6.960975041905536329e-05 -5.493086113654409076e-07
2.527312034078807415e+02 -6.947676142361331180e-05 -5.452447076312810086e-07
2.528562034078807415e+02 -6.934387874053498497e-05 -5.412106580478171456e-07
2.529812034078807415e+02 -6.921110296274724058e-05 -5.372062451522550342e-07
2.531062034078807415e+02 -6.907843467984867971e-05 -5.332312530493622314e-07
2.532312034078807415e+02 -6.894587447811052761e-05 -5.292854674003242526e-07
2.533562034078807415e+02 -6.881342294048148551e-05 -5.253686754116652749e-07
2.534812034078807415e+02 -6.868108064659025143e-05 -5.214806658242606371e-07
2.536062034078807415e+02 -6.854884817274804092e-05 -5.176212289024126560e-07
2.537312034078807415e+02 -6.841672609195266637e-05 -5.137901564230114637e-07
2.538562034078807415e+02 -6.828471497389191161e-05 -5.099872416647712299e-07
2.539812034078807415e+02 -6.815281538494576802e-05 -5.062122793975347833e-07
2.541062034078807415e+02 -6.802102788819192340e-05 -5.024650658716632532e-07
2.542312034078807415e+02 -6.788935304340753727e-05 -4.987453988074891327e-07
2.543562034078807415e+02 -6.775779140707417401e-05 -4.950530773848540459e-07
2.544812034078807415e+02 -6.762634353238134008e-05 -4.913879022327094060e-07
2.546062034078807415e+02 -6.749500996922937071e-05 -4.877496754187965900e-07
2.547312034078807415e+02 -6.736379126423512197e-05 -4.841382004394002751e-07
2.548562034078807415e+02 -6.723268796073428820e-05 -4.805532822091653026e-07
2.549812034078807415e+02 -6.710170059878678244e-05 -4.769947270509962337e-07
2.551062034078807415e+02 -6.697082971518036843e-05 -4.734623426860154561e-07
2.552312034078807415e+02 -6.684007584343455027e-05 -4.699559382236050941e-07
2.553562034078807415e+02 -6.670943951380584427e-05 -4.664753241515047703e-07
2.554812034078807415e+02 -6.657892125329165501e-05 -4.630203123259890403e-07
2.556062034078807415e+02 -6.644852158563440889e-05 -4.595907159621116385e-07
2.557312034078807415e+02 -6.631824103132692087e-05 -4.561863496240118737e-07
2.558562034078807415e+02 -6.618808010761631120e-05 -4.528070292152998523e-07
2.559812034078807415e+02 -6.605803932850927733e-05 -4.494525719694965474e-07
2.561062034078807415e+02 -6.592811920477678308e-05 -4.461227964405540699e-07
2.562312034078807415e+02 -6.579832024395823283e-05 -4.428175224934301512e-07
2.563562034078807415e+02 -6.566864295036725847e-05 -4.395365712947367931e-07
2.564812034078807415e+02 -6.553908782509669311e-05 -4.362797653034547225e-07
2.566062034078807415e+02 -6.540965536602256917e-05 -4.330469282617045967e-07
2.567312034078807415e+02 -6.528034606781069125e-05 -4.298378851855953946e-07
2.568562034078807415e+02 -6.515116042192062068e-05 -4.266524623561243183e-07
2.569812034078807415e+02 -6.502209891661185539e-05 -4.234904873101530866e-07
2.571062034078807415e+02 -6.489316203694842425e-05 -4.203517888314356854e-07
2.572312034078807415e+02 -6.476435026480456558e-05 -4.172361969417172689e-07
2.573562034078806846e+02 -6.463566407887063605e-05 -4.141435428918950535e-07
2.574812034078806846e+02 -6.450710395465750170e-05 -4.110736591532351152e-07
2.576062034078806846e+02 -6.437867036450335484e-05 -4.080263794086595971e-07
2.577312034078806846e+02 -6.425036377757870141e-05 -4.050015385440860624e-07
2.578562034078806846e+02 -6.412218465989171423e-05 -4.019989726398378387e-07
2.579812034078806846e+02 -6.399413347429490080e-05 -3.990185189621040205e-07
2.581062034078806846e+02 -6.386621068049026686e-05 -3.960600159544676043e-07
2.582312034078806846e+02 -6.373841673503502199e-05 -3.931233032294916456e-07
2.583562034078806846e+02 -6.361075209134835586e-05 -3.902082215603591496e-07
2.584812034078806846e+02 -6.348321719971629004e-05 -3.873146128725815716e-07
2.586062034078806846e+02 -6.335581250729873889e-05 -3.844423202357540632e-07
2.587312034078806846e+02 -6.322853845813507961e-05 -3.815911878553805452e-07
2.588562034078806846e+02 -6.310139549314996630e-05 -3.787610610647458441e-07
2.589812034078806846e+02 -6.297438405016059411e-05 -3.759517863168517272e-07
2.591062034078806846e+02 -6.284750456388161881e-05 -3.731632111764096350e-07
2.592312034078806846e+02 -6.272075746593258356e-05 -3.703951843118832832e-07
2.593562034078806846e+02 -6.259414318484373297e-05 -3.676475554875969626e-07
2.594812034078806846e+02 -6.246766214606207105e-05 -3.649201755558897908e-07
2.596062034078806846e+02 -6.234131477195867959e-05 -3.622128964493341261e-07
2.597312034078806846e+02 -6.221510148183476260e-05 -3.595255711730004626e-07
2.598562034078806846e+02 -6.208902269192777203e-05 -3.568580537967829943e-07
2.599812034078806846e+02 -6.196307881541884811e-05 -3.542101994477777478e-07
2.601062034078806846e+02 -6.183727026243853852e-05 -3.515818643027137606e-07
2.602312034078806846e+02 -6.171159744007445559e-05 -3.489729055804331225e-07
2.603562034078806846e+02 -6.158606075237741556e-05 -3.463831815344361861e-07
2.604812034078806846e+02 -6.146066060036790314e-05 -3.438125514454663750e-07
2.606062034078806846e+02 -6.133539738204370163e-05 -3.412608756141555561e-07
2.607312034078806846e+02 -6.121027149238657424e-05 -3.387280153537135627e-07
2.608562034078806846e+02 -6.108528332336798331e-05 -3.362138329826811924e-07
2.609812034078806846e+02 -6.096043326395817727e-05 -3.337181918177237566e-07
2.611062034078806846e+02 -6.083572170013099500e-05 -3.312409561664753464e-07
2.612312034078806846e+02 -6.071114901487259367e-05 -3.287819913204447725e-07
2.613562034078806846e+02 -6.058671558818760834e-05 -3.263411635479588810e-07
2.614812034078806846e+02 -6.046242179710614511e-05 -3.239183400871634143e-07
2.616062034078806846e+02 -6.033826801569187192e-05 -3.215133891390663822e-07
2.617312034078806846e+02 -6.021425461504783264e-05 -3.191261798606416788e-07
2.618562034078806846e+02 -6.009038196332501899e-05 -3.167565823579709213e-07
2.619812034078806846e+02 -5.996665042572889612e-05 -3.144044676794349460e-07
2.621062034078806846e+02 -5.984306036452644994e-05 -3.120697078089616324e-07
2.622312034078806846e+02 -5.971961213905435244e-05 -3.097521756593123733e-07
2.623562034078806846e+02 -5.959630610572573127e-05 -3.074517450654207425e-07
2.624812034078806846e+02 -5.947314261803731187e-05 -3.051682907777731971e-07
2.626062034078806846e+02 -5.935012202657798943e-05 -3.029016884558461607e-07
2.627312034078806846e+02 -5.922724467903474463e-05 -3.006518146615806931e-07
2.628562034078806846e+02 -5.910451092020149337e-05 -2.984185468529033235e-07
2.629812034078806846e+02 -5.898192109198587663e-05 -2.962017633773012525e-07
2.631062034078806846e+02 -5.885947553341688376e-05 -2.940013434654338712e-07
2.632312034078806846e+02 -5.873717458065280781e-05 -2.918171672247942546e-07
2.633562034078806846e+02 -5.861501856698859774e-05 -2.896491156334108893e-07
2.634812034078806846e+02 -5.849300782286329206e-05 -2.874970705336028701e-07
2.636062034078806846e+02 -5.837114267586829259e-05 -2.853609146257708311e-07
2.637312034078806846e+02 -5.824942345075447952e-05 -2.832405314622314985e-07
2.638562034078806846e+02 -5.812785046944034977e-05 -2.811358054411053950e-07
2.639812034078806846e+02 -5.800642405101979609e-05 -2.790466218002372081e-07
2.641062034078806846e+02 -5.788514451176930345e-05 -2.769728666111656034e-07
2.642312034078806846e+02 -5.776401216515673789e-05 -2.749144267731298315e-07
2.643562034078806846e+02 -5.764302732184827183e-05 -2.728711900071282154e-07
2.644812034078806846e+02 -5.752219028971689507e-05 -2.708430448500102543e-07
2.646062034078806846e+02 -5.740150137385039043e-05 -2.688298806486105500e-07
2.647312034078806846e+02 -5.728096087655794744e-05 -2.668315875539331843e-07
2.648562034078806846e+02 -5.716056909738008272e-05 -2.648480565153670141e-07
2.649812034078806846e+02 -5.704032633309539597e-05 -2.628791792749484516e-07
2.651062034078806846e+02 -5.692023287772859978e-05 -2.609248483616588685e-07
2.652312034078806846e+02 -5.680028902255903072e-05 -2.589849570857718687e-07
2.653562034078806846e+02 -5.668049505612804889e-05 -2.570593995332324302e-07
2.654812034078806846e+02 -5.656085126424769132e-05 -2.551480705600755409e-07
2.656062034078806846e+02 -5.644135793000872888e-05 -2.532508657868927435e-07
2.657312034078806846e+02 -5.632201533378802534e-05 -2.513676815933295452e-07
2.658562034078806846e+02 -5.620282375325774628e-05 -2.494984151126258666e-07
2.659812034078806846e+02 -5.608378346339240643e-05 -2.476429642261916430e-07
2.661062034078806846e+02 -5.596489473647797019e-05 -2.458012275582279001e-07
2.662312034078806846e+02 -5.584615784211963754e-05 -2.439731044703795942e-07
2.663562034078806846e+02 -5.572757304724972483e-05 -2.421584950564258799e-07
2.664812034078806846e+02 -5.560914061613646720e-05 -2.403573001370154830e-07
2.666062034078806846e+02 -5.549086081039204837e-05 -2.385694212544311369e-07
2.667312034078806846e+02 -5.537273388898041374e-05 -2.367947606673968733e-07
2.668562034078806846e+02 -5.525476010822632345e-05 -2.350332213459161510e-07
2.669812034078806846e+02 -5.513693972182292824e-05 -2.332847069661555645e-07
2.671062034078806846e+02 -5.501927298084053795e-05 -2.315491219053572999e-07
2.672312034078806846e+02 -5.490176013373486143e-05 -2.298263712367881450e-07
2.673562034078806846e+02 -5.478440142635483315e-05 -2.281163607247307450e-07
2.674812034078806846e+02 -5.466719710195178149e-05 -2.264189968195034727e-07
2.676062034078806846e+02 -5.455014740118737727e-05 -2.247341866525196054e-07
2.677312034078806846e+02 -5.443325256214153488e-05 -2.230618380313777636e-07
2.678562034078806846e+02 -5.431651282032191940e-05 -2.214018594349939067e-07
2.679812034078806846e+02 -5.419992840867104132e-05 -2.197541600087622068e-07
2.681062034078806846e+02 -5.408349955757577721e-05 -2.181186495597495403e-07
2.682312034078806846e+02 -5.396722649487534538e-05 -2.164952385519311125e-07
2.683562034078806846e+02 -5.385110944586941027e-05 -2.148838381014528170e-07
2.684812034078806846e+02 -5.373514863332706104e-05 -2.132843599719310767e-07
2.686062034078806846e+02 -5.361934427749484816e-05 -2.116967165697825416e-07
2.687312034078806846e+02 -5.350369659610578236e-05 -2.101208209395935196e-07
2.688562034078806846e+02 -5.338820580438734411e-05 -2.085565867595165367e-07
2.689812034078806846e+02 -5.327287211506995398e-05 -2.070039283366988743e-07
2.691062034078806846e+02 -5.315769573839585632e-05 -2.054627606027512074e-07
2.692312034078806846e+02 -5.304267688212735920e-05 -2.039329991092399070e-07
2.693562034078806846e+02 -5.292781575155517597e-05 -2.024145600232171946e-07
2.694812034078806846e+02 -5.281311254950749192e-05 -2.009073601227776334e-07
2.696062034078806846e+02 -5.269856747635777731e-05 -1.994113167926542455e-07
2.697312034078806846e+02 -5.258418073003403019e-05 -1.979263480198389278e-07
2.698562034078806846e+02 -5.246995250602698923e-05 -1.964523723892347381e-07
2.699812034078806846e+02 -5.235588299739838043e-05 -1.949893090793448675e-07
2.701062034078806846e+02 -5.224197239479004475e-05 -1.935370778579856483e-07
2.702312034078806846e+02 -5.212822088643234068e-05 -1.920955990780343955e-07
2.703562034078806846e+02 -5.201462865815226222e-05 -1.906647936732028975e-07
2.704812034078806846e+02 -5.190119589338284428e-05 -1.892445831538486532e-07
2.706062034078806846e+02 -5.178792277317073860e-05 -1.878348896028089519e-07
2.707312034078806846e+02 -5.167480947618569373e-05 -1.864356356712655792e-07
2.708562034078806846e+02 -5.156185617872884237e-05 -1.850467445746441983e-07
2.709812034078806846e+02 -5.144906305474090068e-05 -1.836681400885368390e-07
2.711062034078806846e+02 -5.133643027581146531e-05 -1.822997465446573685e-07
2.712312034078806846e+02 -5.122395801118689417e-05 -1.809414888268216051e-07
2.713562034078806846e+02 -5.111164642777950187e-05 -1.795932923669629285e-07
2.714812034078806846e+02 -5.099949569017596222e-05 -1.782550831411702304e-07
2.716062034078806846e+02 -5.088750596064565664e-05 -1.769267876657544780e-07
2.717312034078806846e+02 -5.077567739914978144e-05 -1.756083329933486309e-07
2.718562034078806846e+02 -5.066401016334957420e-05 -1.742996467090293950e-07
2.719812034078806846e+02 -5.055250440861489930e-05 -1.730006569264705008e-07
2.721062034078806846e+02 -5.044116028803335522e-05 -1.717112922841191186e-07
2.722312034078806846e+02 -5.032997795241830441e-05 -1.704314819414066819e-07
2.723562034078806846e+02 -5.021895755031771631e-05 -1.691611555749802003e-07
2.724812034078806846e+02 -5.010809922802302393e-05 -1.679002433749613912e-07
2.726062034078806846e+02 -4.999740312957721473e-05 -1.666486760412374432e-07
2.727312034078806846e+02 -4.988686939678419537e-05 -1.654063847797723462e-07
2.728562034078806846e+02 -4.977649816921653702e-05 -1.641733012989482652e-07
2.729812034078806846e+02 -4.966628958422486723e-05 -1.629493578059295454e-07
2.731062034078806846e+02 -4.955624377694601505e-05 -1.617344870030582164e-07
2.732312034078806846e+02 -4.944636088031167779e-05 -1.605286220842704605e-07
2.733562034078806846e+02 -4.933664102505729801e-05 -1.593316967315383863e-07
2.734812034078806846e+02 -4.922708433973050669e-05 -1.581436451113425330e-07
2.736062034078806846e+02 -4.911769095069954614e-05 -1.569644018711638313e-07
2.737312034078806846e+02 -4.900846098216224856e-05 -1.557939021360040442e-07
2.738562034078806846e+02 -4.889939455615423529e-05 -1.546320815049277555e-07
2.739812034078806846e+02 -4.879049179255799706e-05 -1.534788760476346126e-07
2.741062034078806846e+02 -4.868175280911121516e-05 -1.523342223010510777e-07
2.742312034078806846e+02 -4.857317772141508955e-05 -1.511980572659467693e-07
2.743562034078806846e+02 -4.846476664294352063e-05 -1.500703184035794177e-07
2.744812034078806846e+02 -4.835651968505133569e-05 -1.489509436323590376e-07
2.746062034078806846e+02 -4.824843695698277272e-05 -1.478398713245387556e-07
2.747312034078806846e+02 -4.814051856588053355e-05 -1.467370403029262311e-07
2.748562034078806846e+02 -4.803276461679361719e-05 -1.456423898376238502e-07
2.749812034078806846e+02 -4.792517521268679985e-05 -1.445558596427872629e-07
2.751062034078806846e+02 -4.781775045444844791e-05 -1.434773898734096755e-07
2.752312034078806846e+02 -4.771049044089929324e-05 -1.424069211221270009e-07
2.753562034078806846e+02 -4.760339526880142530e-05 -1.413443944160497440e-07
2.754812034078806846e+02 -4.749646503286596860e-05 -1.402897512136142888e-07
2.756062034078806846e+02 -4.738969982576251530e-05 -1.392429334014556527e-07
2.757312034078806846e+02 -4.728309973812718897e-05 -1.382038832913080081e-07
2.758562034078806846e+02 -4.717666485857107420e-05 -1.371725436169216672e-07
2.759812034078806846e+02 -4.707039527368926977e-05 -1.361488575310058756e-07
2.761062034078806846e+02 -4.696429106806877617e-05 -1.351327686021897378e-07
2.762312034078806846e+02 -4.685835232429729120e-05 -1.341242208120106440e-07
2.763562034078806846e+02 -4.675257912297205301e-05 -1.331231585519191090e-07
2.764812034078806846e+02 -4.664697154270757855e-05 -1.321295266203058453e-07
2.766062034078806846e+02 -4.654152966014491323e-05 -1.311432702195537178e-07
2.767312034078806846e+02 -4.643625354995969463e-05 -1.301643349531065861e-07
2.768562034078806846e+02 -4.633114328487055508e-05 -1.291926668225618910e-07
2.769812034078806846e+02 -4.622619893564791724e-05 -1.282282122247809745e-07
2.771062034078806846e+02 -4.612142057112227474e-05 -1.272709179490253146e-07
2.772312034078806846e+02 -4.601680825819247947e-05 -1.263207311741084564e-07
2.773562034078806846e+02 -4.591236206183458467e-05 -1.253775994655691455e-07
2.774812034078806846e+02 -4.580808204510975281e-05 -1.244414707728680460e-07
2.776062034078806846e+02 -4.570396826917315960e-05 -1.235122934266006317e-07
2.777312034078806846e+02 -4.560002079328226101e-05 -1.225900161357324965e-07
2.778562034078806846e+02 -4.549623967480483674e-05 -1.216745879848519774e-07
2.779812034078806846e+02 -4.539262496922803649e-05 -1.207659584314467310e-07
2.781062034078806846e+02 -4.528917673016613881e-05 -1.198640773031958225e-07
2.782312034078806846e+02 -4.518589500936933989e-05 -1.189688947952817594e-07
2.783562034078806846e+02 -4.508277985673203418e-05 -1.180803614677252624e-07
2.784812034078806846e+02 -4.497983132030082391e-05 -1.171984282427347139e-07
2.786062034078806846e+02 -4.487704944628342311e-05 -1.163230464020777490e-07
2.787312034078806846e+02 -4.477443427905668070e-05 -1.154541675844689129e-07
2.788562034078806846e+02 -4.467198586117472560e-05 -1.145917437829799374e-07
2.789812034078806846e+02 -4.456970423337768770e-05 -1.137357273424654617e-07
2.791062034078806846e+02 -4.446758943459957873e-05 -1.128860709570068595e-07
2.792312034078806846e+02 -4.436564150197693873e-05 -1.120427276673781940e-07
2.793562034078806846e+02 -4.426386047085701503e-05 -1.112056508585263217e-07
2.794812034078806846e+02 -4.416224637480571755e-05 -1.103747942570715493e-07
2.796062034078806846e+02 -4.406079924561635342e-05 -1.095501119288238554e-07
2.797312034078806846e+02 -4.395951911331736549e-05 -1.087315582763207244e-07
2.798562034078806846e+02 -4.385840600618115499e-05 -1.079190880363795655e-07
2.799812034078806846e+02 -4.375745995073168453e-05 -1.071126562776671912e-07
2.801062034078806846e+02 -4.365668097175303650e-05 -1.063122183982906969e-07
2.802312034078806846e+02 -4.355606909229751749e-05 -1.055177301234015357e-07
2.803562034078806846e+02 -4.345562433369398633e-05 -1.047291475028192334e-07
2.804812034078806846e+02 -4.335534671555558577e-05 -1.039464269086699268e-07
2.806062034078806846e+02 -4.325523625578845001e-05 -1.031695250330455619e-07
2.807312034078806846e+02 -4.315529297059934833e-05 -1.023983988856765252e-07
2.808562034078806846e+02 -4.305551687450410119e-05 -1.016330057916212686e-07
2.809812034078806846e+02 -4.295590798033576595e-05 -1.008733033889755487e-07
2.811062034078806846e+02 -4.285646629925232118e-05 -1.001192496265947019e-07
2.812312034078806846e+02 -4.275719184074517763e-05 -9.937080276183433014e-08
2.813562034078806846e+02 -4.265808461264718779e-05 -9.862792135830531889e-08
2.814812034078806846e+02 -4.255914462114022170e-05 -9.789056428364816590e-08
2.816062034078806846e+02 -4.246037187076397618e-05 -9.715869070732067648e-08
2.817312034078806846e+02 -4.236176636442335410e-05 -9.643226009840115720e-08
2.818562034078806846e+02 -4.226332810339685343e-05 -9.571123222341062792e-08
2.819812034078806846e+02 -4.216505708734450905e-05 -9.499556714414754092e-08
2.821062034078806846e+02 -4.206695331431548887e-05 -9.428522521553965243e-08
2.822312034078806846e+02 -4.196901678075676750e-05 -9.358016708350992307e-08
2.823562034078806846e+02 -4.187124748152038363e-05 -9.288035368286045752e-08
2.824812034078806846e+02 -4.177364540987189677e-05 -9.218574623516938790e-08
2.826062034078806846e+02 -4.167621055749809190e-05 -9.149630624670232872e-08
2.827312034078806846e+02 -4.157894291451469761e-05 -9.081199550634220192e-08
2.828562034078806846e+02 -4.148184246947465994e-05 -9.013277608353052324e-08
2.829812034078806846e+02 -4.138490920937587406e-05 -8.945861032622541761e-08
2.831062034078806846e+02 -4.128814311966876017e-05 -8.878946085887281637e-08
2.832312034078806846e+02 -4.119154418426469315e-05 -8.812529058039470111e-08
2.833562034078806846e+02 -4.109511238554321930e-05 -8.746606266218993383e-08
2.834812034078806846e+02 -4.099884770436026238e-05 -8.681174054614865294e-08
2.836062034078806846e+02 -4.090275012005601117e-05 -8.616228794268435098e-08
2.837312034078806846e+02 -4.080681961046204813e-05 -8.551766882877673885e-08
2.838562034078806846e+02 -4.071105615190996879e-05 -8.487784744603070362e-08
2.839812034078806846e+02 -4.061545971923864588e-05 -8.424278829874741599e-08
2.841062034078806846e+02 -4.052003028580191367e-05 -8.361245615201229901e-08
2.842312034078806846e+02 -4.042476782347663168e-05 -8.298681602979407436e-08
2.843562034078806846e+02 -4.032967230266996917e-05 -8.236583321305777150e-08
2.844812034078806846e+02 -4.023474369232744180e-05 -8.174947323789348628e-08
2.846062034078806846e+02 -4.014119022717575481e-05 -8.113770189365641569e-08
2.847312034078806846e+02 -4.007574117125186632e-05 -8.053048522112125254e-08
2.848562034078806846e+02 -4.001038920887832706e-05 -7.992778951064883552e-08
2.849812034078806846e+02 -3.994513422592748303e-05 -7.932958130036861502e-08
2.851062034078806846e+02 -3.987997610811497236e-05 -7.873582737437160104e-08
2.852312034078806846e+02 -3.981491474100835149e-05 -7.814649476091636059e-08
2.853562034078806846e+02 -3.974995001003339034e-05 -7.756155073065080438e-08
2.854812034078806846e+02 -3.968508180046532411e-05 -7.698096279484356878e-08
2.856062034078806846e+02 -3.962030999743927520e-05 -7.640469870363004886e-08
2.857312034078806846e+02 -3.955563448595304506e-05 -7.583272644426961480e-08
2.858562034078806846e+02 -3.949105515086369887e-05 -7.526501423941769120e-08
2.859812034078806846e+02 -3.942657187690070482e-05 -7.470153054540830510e-08
2.861062034078806846e+02 -3.936218454865685382e-05 -7.414224405054884987e-08
2.862312034078806846e+02 -3.929789305059452762e-05 -7.358712367342951330e-08
2.863562034078806846e+02 -3.923369726705387093e-05 -7.303613856124242015e-08
2.864812034078806846e+02 -3.916959708224556795e-05 -7.248925808811430069e-08
2.866062034078806846e+02 -3.910559238026514706e-05 -7.194645185344985313e-08
2.867312034078806846e+02 -3.904168304508315524e-05 -7.140768968028947906e-08
2.868562034078806846e+02 -3.897786896055256451e-05 -7.087294161367668034e-08
2.869812034078806846e+02 -3.891415001041572438e-05 -7.034217791903720872e-08
2.871062034078806846e+02 -3.885052607829961850e-05 -6.981536908057216480e-08
2.872312034078806846e+02 -3.878699704772077062e-05 -6.929248579966037489e-08
2.873562034078806846e+02 -3.872356280209342358e-05 -6.877349899327353937e-08
2.874812034078806846e+02 -3.866022322471889379e-05 -6.825837979240155873e-08
2.876062034078806846e+02 -3.859697819880125150e-05 -6.774709954049161069e-08
2.877312034078806846e+02 -3.853382760744137800e-05 -6.723962979189642556e-08
2.878562034078806846e+02 -3.847077133363969651e-05 -6.673594231033354649e-08
2.879812034078806846e+02 -3.840780926030805089e-05 -6.623600906735812912e-08
2.881062034078806846e+02 -3.834494127025656654e-05 -6.573980224084437029e-08
2.882312034078806846e+02 -3.828216724620670143e-05 -6.524729421347913937e-08
2.883562034078806846e+02 -3.821948707079165272e-05 -6.475845757126529752e-08
2.884812034078806846e+02 -3.815690062655481850e-05 -6.427326510203818562e-08
2.886062034078806846e+02 -3.809440779596015195e-05 -6.379168979399056937e-08
2.887312034078806846e+02 -3.803200846138282367e-05 -6.331370483420842371e-08
2.888562034078806846e+02 -3.796970250511986036e-05 -6.283928360721934335e-08
2.889812034078806846e+02 -3.790748980939110031e-05 -6.236839969354910598e-08
2.891062034078806846e+02 -3.784537025633783814e-05 -6.190102686829012041e-08
2.892312034078806846e+02 -3.778334372803148487e-05 -6.143713909967882148e-08
2.893562034078806846e+02 -3.772141010646749636e-05 -6.097671054768567791e-08
2.894812034078806846e+02 -3.765956927357269851e-05 -6.051971556261329974e-08
2.896062034078806846e+02 -3.759782111120803157e-05 -6.006612868370478975e-08
2.897312034078806846e+02 -3.753616550116680193e-05 -5.961592463776404584e-08
2.898562034078806846e+02 -3.747460232517941869e-05 -5.916907833778408385e-08
2.899812034078806846e+02 -3.741313146491693088e-05 -5.872556488158616002e-08
2.901062034078806846e+02 -3.735175280198727341e-05 -5.828535955046805859e-08
2.902312034078806846e+02 -3.729046621794583806e-05 -5.784843780786372833e-08
2.903562034078806846e+02 -3.722927159428859553e-05 -5.741477529801108503e-08
2.904812034078806846e+02 -3.716816881246022699e-05 -5.698434784462934968e-08
2.906062034078806846e+02 -3.710715775385570295e-05 -5.655713144960784147e-08
2.907312034078806846e+02 -3.704623829981797253e-05 -5.613310229170214261e-08
2.908562034078806846e+02 -3.698541033164362844e-05 -5.571223672524105627e-08
2.909812034078806846e+02 -3.692467373058554972e-05 -5.529451127884168397e-08
2.911062034078806846e+02 -3.686402837785185817e-05 -5.487990265413571974e-08
2.912312034078806846e+02 -3.680347415461088538e-05 -5.446838772450314903e-08
2.913562034078806846e+02 -3.674301094198993266e-05 -5.405994353381616504e-08
2.914812034078806846e+02 -3.668263862107871341e-05 -5.365454729519107233e-08
2.916062034078806846e+02 -3.662235707293347981e-05 -5.325217638975126792e-08
2.917312034078806846e+02 -3.656216617857293677e-05 -5.285280836539720392e-08
2.918562034078806846e+02 -3.650206581899048664e-05 -5.245642093558559468e-08
2.919812034078806846e+02 -3.644205587514392250e-05 -5.206299197811894049e-08
2.921062034078806846e+02 -3.638213622796488105e-05 -5.167249953394201953e-08
2.922312034078806846e+02 -3.632230675835901882e-05 -5.128492180594821992e-08
2.923562034078806846e+02 -3.626256734720666939e-05 -5.090023715779354138e-08
2.924812034078806846e+02 -3.620291787536753268e-05 -5.051842411272077454e-08
2.926062034078806846e+02 -3.614335822367977359e-05 -5.013946135239080062e-08
2.927312034078806846e+02 -3.608388827296158741e-05 -4.976332771572227539e-08
2.928562034078806846e+02 -3.602450790401547559e-05 -4.939000219774135845e-08
2.929812034078806846e+02 -3.596521699762680240e-05 -4.901946394843800696e-08
2.931062034078806846e+02 -3.590601543456932438e-05 -4.865169227163160665e-08
2.932312034078806846e+02 -3.584690309560493283e-05 -4.828666662384382903e-08
2.933562034078806846e+02 -3.578787986148351151e-05 -4.792436661318134864e-08
2.934812034078806846e+02 -3.572894561294847964e-05 -4.756477199822522398e-08
2.936062034078806846e+02 -3.567010023073426432e-05 -4.720786268692814668e-08
2.937312034078806846e+02 -3.561134359557289385e-05 -4.685361873552145137e-08
2.938562034078806846e+02 -3.555267558819314393e-05 -4.650202034742820032e-08
2.939812034078806846e+02 -3.549409608932030727e-05 -4.615304787218525463e-08
2.941062034078806846e+02 -3.543560497967926322e-05 -4.580668180437212167e-08
2.942312034078806846e+02 -3.537720213999930247e-05 -4.546290278254927864e-08
2.943562034078806846e+02 -3.531888745101118617e-05 -4.512169158820271663e-08
2.944812034078806846e+02 -3.526066079345265502e-05 -4.478302914469612114e-08
2.946062034078806846e+02 -3.520252204806512245e-05 -4.444689651623212514e-08
2.947312034078806846e+02 -3.514447109559954287e-05 -4.411327490681955751e-08
2.948562034078806846e+02 -3.508650781681720449e-05 -4.378214565924903615e-08
2.949812034078806846e+02 -3.502863209249197906e-05 -4.345349025407523135e-08
2.951062034078806846e+02 -3.497084380340747579e-05 -4.312729030860787758e-08
2.952312034078806846e+02 -3.491314283036436655e-05 -4.280352757590886656e-08
2.953562034078806846e+02 -3.485552905417770920e-05 -4.248218394379659977e-08
2.954812034078806846e+02 -3.479800235568257868e-05 -4.216324143385892374e-08
2.956062034078806846e+02 -3.474056261573044851e-05 -4.184668220047172328e-08
2.957312034078806846e+02 -3.468320971519584504e-05 -4.153248852982558134e-08
2.958562034078806846e+02 -3.462594353497424682e-05 -4.122064283895857990e-08
2.959812034078806846e+02 -3.456876395598419883e-05 -4.091112767479767041e-08
2.961062034078806846e+02 -3.451167085917174410e-05 -4.060392571320558970e-08
2.962312034078806846e+02 -3.445466412550594464e-05 -4.029901975803483666e-08
2.963562034078806846e+02 -3.439774363598797517e-05 -3.999639274018970898e-08
2.964812034078806846e+02 -3.434090927164598671e-05 -3.969602771669381250e-08
2.966062034078806846e+02 -3.428416091353965348e-05 -3.939790786976512113e-08
2.967312034078806846e+02 -3.422749844276045067e-05 -3.910201650589703872e-08
2.968562034078806846e+02 -3.417092174043466317e-05 -3.880833705494739527e-08
2.969812034078806846e+02 -3.411443068772440873e-05 -3.851685306923294885e-08
2.971062034078806846e+02 -3.405802516582733983e-05 -3.822754822263038588e-08
2.972312034078806846e+02 -3.400170505597887308e-05 -3.794040630968516968e-08
2.973562034078806846e+02 -3.394547023945353767e-05 -3.765541124472541161e-08
2.974812034078806846e+02 -3.388932059756825509e-05 -3.737254706098311417e-08
2.976062034078806846e+02 -3.383325601168130238e-05 -3.709179790972092628e-08
2.977312034078806846e+02 -3.377727636319327435e-05 -3.681314805936659476e-08
2.978562034078806846e+02 -3.372138153355121030e-05 -3.653658189465258399e-08
2.979812034078806846e+02 -3.366557140424675091e-05 -3.626208391576185643e-08
2.981062034078806846e+02 -3.360984585682001425e-05 -3.598963873748113741e-08
2.982312034078806846e+02 -3.355420477286013788e-05 -3.571923108835897769e-08
2.983562034078806846e+02 -3.349864803400414722e-05 -3.545084580987079729e-08
2.984812034078806846e+02 -3.344317552194276278e-05 -3.518446785558915055e-08
2.986062034078806846e+02 -3.338778711841725602e-05 -3.492008229036136968e-08
2.987312034078806846e+02 -3.333248270522434179e-05 -3.465767428949199261e-08
2.988562034078806846e+02 -3.327726216421550068e-05 -3.439722913793129886e-08
2.989812034078806846e+02 -3.322212537729656571e-05 -3.413873222947062162e-08
2.991062034078806846e+02 -3.316707222643337370e-05 -3.388216906594253687e-08
2.992312034078806846e+02 -3.311210259364912256e-05 -3.362752525642743172e-08
2.993562034078806846e+02 -3.305721636102603144e-05 -3.337478651646527413e-08
2.994812034078806846e+02 -3.300241341071057880e-05 -3.312393866727416541e-08
2.996062034078806846e+02 -3.294769362490784423e-05 -3.287496763497367722e-08
2.997312034078806846e+02 -3.289305688588957220e-05 -3.262785944981368760e-08
2.998562034078806846e+02 -3.283850307599001821e-05 -3.238260024541006609e-08
2.999812034078806846e+02 -3.278403207760855089e-05 -3.213917625798457417e-08
3.001062034078806846e+02 -3.272964377321392100e-05 -3.189757382561116475e-08
3.002312034078806846e+02 -3.267533804534167974e-05 -3.165777938746697342e-08
3.003562034078806846e+02 -3.262111477659709251e-05 -3.141977948308996688e-08
3.004812034078806846e+02 -3.256697384965542347e-05 -3.118356075164097872e-08
3.006062034078806846e+02 -3.251291514726167137e-05 -3.094910993117109868e-08
3.007312034078806846e+02 -3.245893855223569229e-05 -3.071641385789542799e-08
3.008562034078806846e+02 -3.240504394747141368e-05 -3.048545946547100357e-08
3.009812034078806846e+02 -3.235123121593440164e-05 -3.025623378428067802e-08
3.011062034078806846e+02 -3.229750024066960619e-05 -3.002872394072151931e-08
3.012312034078806846e+02 -3.224385090479509324e-05 -2.980291715649955659e-08
3.013562034078806846e+02 -3.219028309150941038e-05 -2.957880074792861224e-08
3.014812034078806846e+02 -3.213679668408985217e-05 -2.935636212523432207e-08
3.016062034078806846e+02 -3.208339156589181637e-05 -2.913558879186412438e-08
3.017312034078806846e+02 -3.203006762035469254e-05 -2.891646834380129566e-08
3.018562034078806846e+02 -3.197682473099615639e-05 -2.869898846888455478e-08
3.019812034078806846e+02 -3.192366278141807874e-05 -2.848313694613205796e-08
3.021062034078806846e+02 -3.187058165530943924e-05 -2.826890164507130632e-08
3.022312034078806846e+02 -3.181758123643938754e-05 -2.805627052507309351e-08
3.023562034078806846e+02 -3.176466140866709596e-05 -2.784523163469022102e-08
3.024812034078806846e+02 -3.171182205593507127e-05 -2.763577311100202715e-08
3.026062034078806846e+02 -3.165906306227478584e-05 -2.742788317896266785e-08
3.027312034078806846e+02 -3.160638431180909673e-05 -2.722155015075474461e-08
3.028562034078806846e+02 -3.155378568874696017e-05 -2.701676242514703179e-08
3.029812034078806846e+02 -3.150126707739012659e-05 -2.681350848685797437e-08
3.031062034078806846e+02 -3.144882836213106701e-05 -2.661177690592281206e-08
3.032312034078806846e+02 -3.139646942745363036e-05 -2.641155633706546466e-08
3.033562034078806846e+02 -3.134419015793859327e-05 -2.621283551907573788e-08
3.034812034078806846e+02 -3.129199043825833386e-05 -2.601560327419023816e-08
3.036062034078806846e+02 -3.123987015317902734e-05 -2.581984850747829369e-08
3.037312034078806846e+02 -3.118782918756662258e-05 -2.562556020623183587e-08
3.038562034078806846e+02 -3.113586742637984908e-05 -2.543272743936066744e-08
3.039812034078806846e+02 -3.108398475468032035e-05 -2.524133935679128417e-08
3.041062034078806846e+02 -3.103218105762392125e-05 -2.505138518887014671e-08
3.042312034078806846e+02 -3.098045622046665597e-05 -2.486285424577206454e-08
3.043562034078806846e+02 -3.092881012856668084e-05 -2.467573591691203743e-08
3.044812034078806846e+02 -3.087724266738164133e-05 -2.449001967036192766e-08
3.046062034078806846e+02 -3.082575372247051512e-05 -2.430569505227085791e-08
3.047312034078806846e+02 -3.077434317949898573e-05 -2.412275168629072438e-08
3.048562034078806846e+02 -3.072301092423080276e-05 -2.394117927300509804e-08
3.049812034078806846e+02 -3.067175684253837999e-05 -2.376096758936237104e-08
3.051062034078806846e+02 -3.062058082039692709e-05 -2.358210648811372383e-08
3.052312034078806846e+02 -3.056948274388682137e-05 -2.340458589725441432e-08
3.053562034078806846e+02 -3.051846249919893387e-05 -2.322839581946964295e-08
3.054812034078806846e+02 -3.046751997262872388e-05 -2.305352633158394819e-08
3.056062034078806846e+02 -3.041665505057841072e-05 -2.287996758401549236e-08
3.057312034078806846e+02 -3.036586761956188316e-05 -2.270770980023354027e-08
3.058562034078806846e+02 -3.031515756620269361e-05 -2.253674327621997465e-08
3.059812034078806846e+02 -3.026452477723223534e-05 -2.236705837993543040e-08
3.061062034078806846e+02 -3.021396913949531932e-05 -2.219864555078852593e-08
3.062312034078806846e+02 -3.016349053994878511e-05 -2.203149529910946854e-08
3.063562034078806846e+02 -3.011308886565910545e-05 -2.186559820562708109e-08
3.064812034078806846e+02 -3.006276400380862715e-05 -2.170094492095032849e-08
3.066062034078806846e+02 -3.001251584169454455e-05 -2.153752616505304042e-08
3.067312034078806846e+02 -2.996234426672419676e-05 -2.137533272676235967e-08
3.068562034078806846e+02 -2.991224916642419530e-05 -2.121435546325161098e-08
3.069812034078806846e+02 -2.986223042843615165e-05 -2.105458529953613772e-08
3.071062034078806846e+02 -2.981228794051824936e-05 -2.089601322797329770e-08
3.072312034078806846e+02 -2.976242159054403447e-05 -2.073863030776560557e-08
3.073562034078806846e+02 -2.971263126650767390e-05 -2.058242766446834855e-08
3.074812034078806846e+02 -2.966291685652126529e-05 -2.042739648950003785e-08
3.076062034078806846e+02 -2.961327824881329537e-05 -2.027352803965652271e-08
3.077312034078806846e+02 -2.956371533173505369e-05 -2.012081363662928016e-08
3.078562034078806846e+02 -2.951422799375906397e-05 -1.996924466652651715e-08
3.079812034078806846e+02 -2.946481612347416786e-05 -1.981881257939819017e-08
3.081062034078806846e+02 -2.941547960959509642e-05 -1.966950888876409875e-08
3.082312034078806846e+02 -2.936621834095791991e-05 -1.952132517114615452e-08
3.083562034078806846e+02 -2.931703220651887544e-05 -1.937425306560329061e-08
3.084812034078806846e+02 -2.926792109536069600e-05 -1.922828427327032835e-08
3.086062034078806846e+02 -2.921888489668877177e-05 -1.908341055689966625e-08
3.087312034078806846e+02 -2.916992349983387749e-05 -1.893962374040711814e-08
3.088562034078806846e+02 -2.912103679424908254e-05 -1.879691570842040492e-08
3.089812034078806846e+02 -2.907222466951541584e-05 -1.865527840583096160e-08
3.091062034078806846e+02 -2.902348701533974157e-05 -1.851470383734966857e-08
3.092312034078806846e+02 -2.897482372155496237e-05 -1.837518406706510731e-08
3.093562034078806846e+02 -2.892623467812139839e-05 -1.823671121800550215e-08
3.094812034078806846e+02 -2.887771977512865407e-05 -1.809927747170345778e-08
3.096062034078806846e+02 -2.882927890279032935e-05 -1.796287506776453827e-08
3.097312034078806846e+02 -2.878091195145185635e-05 -1.782749630343840697e-08
3.098562034078806846e+02 -2.873261881158993699e-05 -1.769313353319315942e-08
3.099812034078806846e+02 -2.868439937380561761e-05 -1.755977916829328254e-08
3.101062034078806846e+02 -2.863625352883434157e-05 -1.742742567638012514e-08
3.102312034078806846e+02 -2.858818116754049100e-05 -1.729606558105577981e-08
3.103562034078806846e+02 -2.854018218092031748e-05 -1.716569146146970431e-08
3.104812034078806846e+02 -2.849225646010044791e-05 -1.703629595190890656e-08
3.106062034078806846e+02 -2.844440389634160467e-05 -1.690787174139063097e-08
3.107312034078806846e+02 -2.839662438103628136e-05 -1.678041157325806232e-08
3.108562034078806846e+02 -2.834891780570777042e-05 -1.665390824477943764e-08
3.109812034078806846e+02 -2.830128406201496408e-05 -1.652835460674959664e-08
3.111062034078806846e+02 -2.825372304175275420e-05 -1.640374356309476804e-08
3.112312034078806846e+02 -2.820623463684526614e-05 -1.628006807047990361e-08
3.113562034078806846e+02 -2.815881873935449851e-05 -1.615732113791945992e-08
3.114812034078806846e+02 -2.811147524147837497e-05 -1.603549582639054583e-08
3.116062034078806846e+02 -2.806420403554646848e-05 -1.591458524844888568e-08
3.117312034078806846e+02 -2.801700501402880017e-05 -1.579458256784812431e-08
3.118562034078806846e+02 -2.796987806952967303e-05 -1.567548099916132906e-08
3.119812034078806846e+02 -2.792282309479067037e-05 -1.555727380740563838e-08
3.121062034078806846e+02 -2.787583998268852129e-05 -1.543995430766934230e-08
3.122312034078806846e+02 -2.782892862623933587e-05 -1.532351586474218241e-08
3.123562034078806846e+02 -2.778208891859891685e-05 -1.520795189274794459e-08
3.124812034078806846e+02 -2.773532075305710148e-05 -1.509325585477971218e-08
3.126062034078806846e+02 -2.768862402304482913e-05 -1.497942126253829200e-08
3.127312034078806846e+02 -2.764199862213298934e-05 -1.486644167597273826e-08
3.128562034078806846e+02 -2.759544444402855937e-05 -1.475431070292386086e-08
3.129812034078806846e+02 -2.754896138258041481e-05 -1.464302199877001673e-08
3.131062034078806846e+02 -2.750254933177968876e-05 -1.453256926607602790e-08
3.132312034078806846e+02 -2.745620818575202990e-05 -1.442294625424420888e-08
3.133562034078806846e+02 -2.740993783876859025e-05 -1.431414675916796165e-08
3.134812034078806846e+02 -2.736373818524082097e-05 -1.420616462288835339e-08
3.136062034078806846e+02 -2.731760911971821250e-05 -1.409899373325274569e-08
3.137312034078806846e+02 -2.727155053689656495e-05 -1.399262802357618155e-08
3.138562034078806846e+02 -2.722556233161045632e-05 -1.388706147230500407e-08
3.139812034078806846e+02 -2.717964439883879566e-05 -1.378228810268342167e-08
3.141062034078806846e+02 -2.713379663370028968e-05 -1.367830198242207659e-08
3.142312034078806846e+02 -2.708801893145814895e-05 -1.357509722336904379e-08
3.143562034078806846e+02 -2.704231118752050119e-05 -1.347266798118369345e-08
3.144812034078806846e+02 -2.699667329743467552e-05 -1.337100845501247758e-08
3.146062034078806846e+02 -2.695110515689489692e-05 -1.327011288716734196e-08
3.147312034078806846e+02 -2.690560666173941643e-05 -1.316997556280626908e-08
3.148562034078806846e+02 -2.686017770794748899e-05 -1.307059080961659696e-08
3.149812034078806846e+02 -2.681481819164644446e-05 -1.297195299750026534e-08
3.151062034078806846e+02 -2.676952800910738467e-05 -1.287405653826136644e-08
3.152312034078806846e+02 -2.672430705674402808e-05 -1.277689588529641538e-08
3.153562034078806846e+02 -2.667915523111824940e-05 -1.268046553328642238e-08
3.154812034078806846e+02 -2.663407242893580033e-05 -1.258476001789150914e-08
3.156062034078806846e+02 -2.658905854704985696e-05 -1.248977391544750569e-08
3.157312034078806846e+02 -2.654411348245628996e-05 -1.239550184266521231e-08
3.158562034078806846e+02 -2.649923713229975980e-05 -1.230193845633147795e-08
3.159812034078806846e+02 -2.645442939387121969e-05 -1.220907845301248065e-08
3.161062034078806846e+02 -2.640969016460565912e-05 -1.211691656875956222e-08
3.162312034078806846e+02 -2.636501934208787380e-05 -1.202544757881681827e-08
3.163562034078806846e+02 -2.632041682404899626e-05 -1.193466629733108207e-08
3.164812034078806846e+02 -2.627588250836465270e-05 -1.184456757706377781e-08
3.166062034078806846e+02 -2.623141629306121066e-05 -1.175514630910533488e-08
3.167312034078806846e+02 -2.618701807631148968e-05 -1.166639742259129944e-08
3.168562034078806846e+02 -2.614268775643457498e-05 -1.157831588442055043e-08
3.169812034078806846e+02 -2.609842523189925636e-05 -1.149089669897597054e-08
3.171062034078806846e+02 -2.605423040132191063e-05 -1.140413490784671874e-08
3.172312034078806846e+02 -2.601010316346796870e-05 -1.131802558955283697e-08
3.173562034078806846e+02 -2.596604341724846984e-05 -1.123256385927161387e-08
3.174812034078806846e+02 -2.592205106172536407e-05 -1.114774486856636550e-08
3.176062034078806846e+02 -2.587812599611074310e-05 -1.106356380511685714e-08
3.177312034078806846e+02 -2.583426811976168697e-05 -1.098001589245171038e-08
3.178562034078806846e+02 -2.579047733218761627e-05 -1.089709638968311805e-08
3.179812034078806846e+02 -2.574675353304589778e-05 -1.081480059124312741e-08
3.181062034078806846e+02 -2.570309662214174614e-05 -1.073312382662211879e-08
3.182312034078806846e+02 -2.565950649943288603e-05 -1.065206146010893846e-08
3.183562034078806846e+02 -2.561598306502545919e-05 -1.057160889053335104e-08
3.184812034078806846e+02 -2.557252621917360775e-05 -1.049176155101003700e-08
3.186062034078806846e+02 -2.552913586228303854e-05 -1.041251490868448278e-08
3.187312034078806846e+02 -2.548581189490886143e-05 -1.033386446448106128e-08
3.188562034078806846e+02 -2.544255421775800849e-05 -1.025580575285261285e-08
3.189812034078806846e+02 -2.539936273168390106e-05 -1.017833434153208268e-08
3.191062034078806846e+02 -2.535623733769372742e-05 -1.010144583128575624e-08
3.192312034078806846e+02 -2.531317793694372659e-05 -1.002513585566870007e-08
3.193562034078806846e+02 -2.527018443073894091e-05 -9.949400080781646735e-09
3.194812034078806846e+02 -2.522725672053823394e-05 -9.874234205029701313e-09
3.196062034078806846e+02 -2.518439470794985870e-05 -9.799633958883119087e-09
3.197312034078806846e+02 -2.514159829473131208e-05 -9.725595104639501051e-09
3.198562034078806846e+02 -2.509886738279242812e-05 -9.652113436187954792e-09
3.199812034078806846e+02 -2.505620187419419219e-05 -9.579184778774780692e-09
3.201062034078806846e+02 -2.501360167114719942e-05 -9.506804988771219465e-09
3.202312034078806846e+02 -2.497106667601471075e-05 -9.434969953442624095e-09
3.203562034078806846e+02 -2.492859679131065057e-05 -9.363675590719299378e-09
3.204812034078806846e+02 -2.488619191969833279e-05 -9.292917848969361429e-09
3.206062034078806846e+02 -2.484385196399421485e-05 -9.222692706772928963e-09
3.207312034078806846e+02 -2.480157682716642732e-05 -9.152996172698160826e-09
3.208562034078806846e+02 -2.475936641233426904e-05 -9.083824285078770889e-09
3.209812034078806846e+02 -2.471722062276575751e-05 -9.015173111793491765e-09
3.211062034078806846e+02 -2.467513936188339208e-05 -8.947038750046860367e-09
3.212312034078806846e+02 -2.463312253326065406e-05 -8.879417326151661136e-09
3.213562034078806846e+02 -2.459117004062115624e-05 -8.812304995313220499e-09
3.214812034078806846e+02 -2.454928178784154656e-05 -8.745697941414971874e-09
3.216062034078806846e+02 -2.450745767894983097e-05 -8.679592376805822277e-09
3.217312034078806846e+02 -2.446569761812388943e-05 -8.613984542088875504e-09
3.218562034078806846e+02 -2.442400150969531466e-05 -8.548870705912016470e-09
3.219812034078806846e+02 -2.438236925814681006e-05 -8.484247164759787604e-09
3.221062034078806846e+02 -2.434080076811227442e-05 -8.420110242746772365e-09
3.222312034078806846e+02 -2.429929594437746596e-05 -8.356456291412788634e-09
3.223562034078806846e+02 -2.425785469187985330e-05 -8.293281689519291439e-09
3.224812034078806846e+02 -2.421647691570940825e-05 -8.230582842847446589e-09
3.226062034078806846e+02 -2.417516252110558700e-05 -8.168356183997529446e-09
3.227312034078806846e+02 -2.413391141346180244e-05 -8.106598172190083944e-09
3.228562034078806846e+02 -2.409272349832282211e-05 -8.045305293068287631e-09
3.229812034078806846e+02 -2.405159868138327734e-05 -7.984474058501779172e-09
3.231062034078806846e+02 -2.401053686849135305e-05 -7.924101006392186532e-09
3.232312034078806846e+02 -2.396953796564680895e-05 -7.864182700479804938e-09
3.233562034078806846e+02 -2.392860187899943465e-05 -7.804715730151877923e-09
3.234812034078806846e+02 -2.388772851485220736e-05 -7.745696710252100938e-09
3.236062034078806846e+02 -2.384691777965998745e-05 -7.687122280891843850e-09
3.237312034078806846e+02 -2.380616958002686217e-05 -7.628989107262478543e-09
3.238562034078806846e+02 -2.376548382271046552e-05 -7.571293879449129286e-09
3.239812034078806846e+02 -2.372486041461990808e-05 -7.514033312246001346e-09
3.241062034078806846e+02 -2.368429926281573640e-05 -7.457204144972847809e-09
3.242312034078806846e+02 -2.364380027450795765e-05 -7.400803141292903823e-09
3.243562034078806846e+02 -2.360336335706045781e-05 -7.344827089032039267e-09
3.244812034078806846e+02 -2.356298841798780663e-05 -7.289272799999497963e-09
3.246062034078806846e+02 -2.352267536495454271e-05 -7.234137109809692367e-09
3.247312034078806846e+02 -2.348242410577796539e-05 -7.179416877705480562e-09
3.248562034078806846e+02 -2.344223454842674892e-05 -7.125108986382580637e-09
3.249812034078806846e+02 -2.340210660101851324e-05 -7.071210341815546768e-09
3.251062034078806846e+02 -2.336204017182409639e-05 -7.017717873084798312e-09
3.252312034078806846e+02 -2.332203516926549449e-05 -6.964628532204915307e-09
3.253562034078806846e+02 -2.328209150191348333e-05 -6.911939293954452681e-09
3.254812034078806846e+02 -2.324220907849180946e-05 -6.859647155706723085e-09
3.256062034078806846e+02 -2.320238780787425267e-05 -6.807749137262017370e-09
3.257312034078806846e+02 -2.316262759908545272e-05 -6.756242280680889638e-09
3.258562034078806846e+02 -2.312292836130004872e-05 -6.705123650118933712e-09
3.259812034078806846e+02 -2.308329000384434275e-05 -6.654390331662534839e-09
3.261062034078806846e+02 -2.304371243619523254e-05 -6.604039433165876238e-09
3.262312034078806846e+02 -2.300419556797822949e-05 -6.554068084089322889e-09
3.263562034078806846e+02 -2.296473930897091108e-05 -6.504473435338788856e-09
3.264812034078806846e+02 -2.292534356910085758e-05 -6.455252659106417336e-09
3.266062034078806846e+02 -2.288600825844506586e-05 -6.406402948712302953e-09
3.267312034078806846e+02 -2.284673328723131822e-05 -6.357921518447616962e-09
3.268562034078806846e+02 -2.280751856583807733e-05 -6.309805603418683698e-09
3.269812034078806846e+02 -2.276836400479110152e-05 -6.262052459392197715e-09
3.271062034078806846e+02 -2.272926951476786963e-05 -6.214659362641805771e-09
3.272312034078806846e+02 -2.269023500659666628e-05 -6.167623609795581337e-09
3.273562034078806846e+02 -2.265126039125236359e-05 -6.120942517684772147e-09
3.274812034078806846e+02 -2.261234557986146614e-05 -6.074613423193526290e-09
3.276062034078806846e+02 -2.257349048369907858e-05 -6.028633683109946761e-09
3.277312034078806846e+02 -2.253469501418989496e-05 -5.983000673978051778e-09
3.278562034078806846e+02 -2.249595908290711116e-05 -5.937711791950839377e-09
3.279812034078806846e+02 -2.245728260157345486e-05 -5.892764452644606019e-09
3.281062034078806846e+02 -2.241866548206134478e-05 -5.848156090994159376e-09
3.282312034078806846e+02 -2.238010763638942466e-05 -5.803884161109199925e-09
3.283562034078806846e+02 -2.234160897672704570e-05 -5.759946136131663725e-09
3.284812034078806846e+02 -2.230316941539287070e-05 -5.716339508094303482e-09
3.286062034078806846e+02 -2.226478886485137748e-05 -5.673061787780148085e-09
3.287312034078806846e+02 -2.222646723771692126e-05 -5.630110504582992802e-09
3.288562034078806846e+02 -2.218820444675260640e-05 -5.587483206369100475e-09
3.289812034078806846e+02 -2.215000040486689829e-05 -5.545177459339729061e-09
3.291062034078806846e+02 -2.211185502511940011e-05 -5.503190847894800691e-09
3.292312034078806846e+02 -2.207376822071567234e-05 -5.461520974497441742e-09
3.293562034078806846e+02 -2.203573990500931991e-05 -5.420165459539739697e-09
3.294812034078806846e+02 -2.199776999150021678e-05 -5.379121941209308990e-09
3.296062034078806846e+02 -2.195985839383672854e-05 -5.338388075356842009e-09
3.297312034078806846e+02 -2.192200502581557355e-05 -5.297961535364817346e-09
3.298562034078806846e+02 -2.188420980137765887e-05 -5.257840012016983097e-09
3.299812034078806846e+02 -2.184647263461226465e-05 -5.218021213368923778e-09
3.301062034078806846e+02 -2.180879343975634951e-05 -5.178502864619467655e-09
3.302312034078806846e+02 -2.177117213119103033e-05 -5.139282707983236406e-09
3.303562034078806846e+02 -2.173360862344544806e-05 -5.100358502563965724e-09
3.304812034078806846e+02 -2.169610283119603592e-05 -5.061728024228768070e-09
3.306062034078806846e+02 -2.165865466926226050e-05 -5.023389065483483172e-09
3.307312034078806846e+02 -2.162126405261194110e-05 -4.985339435348777953e-09
3.308562034078806846e+02 -2.158393089635801752e-05 -4.947576959237263884e-09
3.309812034078806846e+02 -2.154665511575929539e-05 -4.910099478831420846e-09
3.311062034078806846e+02 -2.150943662621889780e-05 -4.872904851962599628e-09
3.312312034078806846e+02 -2.147227534328641682e-05 -4.835990952490758965e-09
3.313562034078806846e+02 -2.143517118265669030e-05 -4.799355670185100071e-09
3.314812034078806846e+02 -2.139812406016792490e-05 -4.762996910605732658e-09
3.316062034078806846e+02 -2.136113389180440658e-05 -4.726912594986046545e-09
3.317312034078806846e+02 -2.132420059369549435e-05 -4.691100660116058513e-09
3.318562034078806846e+02 -2.128732408211291647e-05 -4.655559058226522647e-09
3.319812034078806846e+02 -2.125050427347452799e-05 -4.620285756874059763e-09
3.321062034078806846e+02 -2.121374108434192203e-05 -4.585278738826991595e-09
3.322312034078806846e+02 -2.117703443141911860e-05 -4.550536001952022015e-09
3.323562034078806846e+02 -2.114038423155561395e-05 -4.516055559101901768e-09
3.324812034078806846e+02 -2.110379040174365647e-05 -4.481835438003757436e-09
3.326062034078806846e+02 -2.106725285911946984e-05 -4.447873681148356771e-09
3.327312034078806846e+02 -2.103077152096048148e-05 -4.414168345680087880e-09
3.328562034078806846e+02 -2.099434630468906992e-05 -4.380717503287912007e-09
3.329812034078806846e+02 -2.095797712787032853e-05 -4.347519240096983848e-09
3.331062034078806846e+02 -2.092166390821022923e-05 -4.314571656561080845e-09
3.332312034078806846e+02 -2.088540656355847863e-05 -4.281872867355958102e-09
3.333562034078806846e+02 -2.084920501190733224e-05 -4.249421001273342709e-09
3.334812034078806846e+02 -2.081305917138913123e-05 -4.217214201115809006e-09
3.336062034078806846e+02 -2.077696896028004300e-05 -4.185250623592338765e-09
3.337312034078806846e+02 -2.074093429699738788e-05 -4.153528439214801188e-09
3.338562034078806846e+02 -2.070495510009838557e-05 -4.122045832195073974e-09
3.339812034078806846e+02 -2.066903128828325185e-05 -4.090801000342921254e-09
3.341062034078806846e+02 -2.063316278039258977e-05 -4.059792154964756608e-09
3.342312034078806846e+02 -2.059734949540714227e-05 -4.029017520763017376e-09
3.343562034078806846e+02 -2.056159135244919488e-05 -3.998475335736372758e-09
3.344812034078806846e+02 -2.052588827078100024e-05 -3.968163851080572982e-09
3.346062034078806846e+02 -2.049024016980554384e-05 -3.938081331090188522e-09
3.347312034078806846e+02 -2.045464696906404694e-05 -3.908226053060943226e-09
3.348562034078806846e+02 -2.041910858823898538e-05 -3.878596307192777022e-09
3.349812034078806846e+02 -2.038362494715304947e-05 -3.849190396493743247e-09
3.351062034078806846e+02 -2.034819596576610141e-05 -3.820006636684487482e-09
3.352312034078806846e+02 -2.031282156417887856e-05 -3.791043356103515522e-09
3.353562034078806846e+02 -2.027750166263076059e-05 -3.762298895613076765e-09
3.354812034078806846e+02 -2.024223618149808564e-05 -3.733771608505893808e-09
3.356062034078806846e+02 -2.020702504129850068e-05 -3.705459860412437154e-09
3.357312034078806846e+02 -2.017186816268647559e-05 -3.677362029208921222e-09
3.358562034078806846e+02 -2.013676546645374024e-05 -3.649476504926069221e-09
3.359812034078806846e+02 -2.010171687353091757e-05 -3.621801689658444640e-09
3.361062034078806846e+02 -2.006672230498574486e-05 -3.594335997474524723e-09
3.362312034078806846e+02 -2.003178168202465929e-05 -3.567077854327361655e-09
3.363562034078806846e+02 -1.999689492598878988e-05 -3.540025697966042387e-09
3.364812034078806846e+02 -1.996206195835839925e-05 -3.513177977847677450e-09
3.366062034078806846e+02 -1.992728270074973609e-05 -3.486533155050057711e-09
3.367312034078806846e+02 -1.989255707491427620e-05 -3.460089702185060142e-09
3.368562034078806846e+02 -1.985788500274198189e-05 -3.433846103312574718e-09
3.369812034078806846e+02 -1.982326640625816115e-05 -3.407800853855145163e-09
3.371062034078806846e+02 -1.978870120762209889e-05 -3.381952460513170122e-09
3.372312034078806846e+02 -1.975418932913098374e-05 -3.356299441180849612e-09
3.373562034078806846e+02 -1.971973069321664870e-05 -3.330840324862653016e-09
3.374812034078806846e+02 -1.968532522244524586e-05 -3.305573651590403327e-09
3.376062034078806846e+02 -1.965097283951894387e-05 -3.280497972341083104e-09
3.377312034078806846e+02 -1.961667346727375612e-05 -3.255611848955128467e-09
3.378562034078806846e+02 -1.958242702868100445e-05 -3.230913854055413374e-09
3.379812034078806846e+02 -1.954823344684438160e-05 -3.206402570966748816e-09
3.381062034078806846e+02 -1.951409264500369854e-05 -3.182076593636101662e-09
3.382312034078806846e+02 -1.948000454653208918e-05 -3.157934526553306087e-09
3.383562034078806846e+02 -1.944596907493411649e-05 -3.133974984672358165e-09
3.384812034078806846e+02 -1.941198615384982464e-05 -3.110196593333395781e-09
3.386062034078806846e+02 -1.937805570705174055e-05 -3.086597988185148791e-09
3.387312034078806846e+02 -1.934417765844448421e-05 -3.063177815108030253e-09
3.388562034078806846e+02 -1.931035193206602572e-05 -3.039934730137732236e-09
3.389812034078806846e+02 -1.927657845208638422e-05 -3.016867399389496602e-09
3.391062034078806846e+02 -1.924285714280679442e-05 -2.993974498982851920e-09
3.392312034078806846e+02 -1.920918792866137695e-05 -2.971254714966909121e-09
3.393562034078806846e+02 -1.917557073421521390e-05 -2.948706743246308571e-09
3.394812034078806846e+02 -1.914200548416596155e-05 -2.926329289507605962e-09
3.396062034078806846e+02 -1.910849210333987952e-05 -2.904121069146276099e-09
3.397312034078806846e+02 -1.907503051669608285e-05 -2.882080807194186124e-09
3.398562034078806846e+02 -1.904162064932419401e-05 -2.860207238247723027e-09
3.399812034078806846e+02 -1.900826242644262855e-05 -2.838499106396347580e-09
3.401062034078806846e+02 -1.897495577340146819e-05 -2.816955165151692961e-09
3.402312034078806846e+02 -1.894170061568058722e-05 -2.795574177377271773e-09
3.403562034078806846e+02 -1.890849687888809054e-05 -2.774354915218607824e-09
3.404812034078806846e+02 -1.887534448876272941e-05 -2.753296160033944443e-09
3.406062034078806846e+02 -1.884224337117228193e-05 -2.732396702325413541e-09
3.407312034078806846e+02 -1.880919345211237397e-05 -2.711655341670808931e-09
3.408562034078806846e+02 -1.877619465770833925e-05 -2.691070886655776124e-09
3.409812034078806846e+02 -1.874324691421375903e-05 -2.670642154806516227e-09
3.411062034078806846e+02 -1.871035014800925600e-05 -2.650367972523065140e-09
3.412312034078806846e+02 -1.867750428560445254e-05 -2.630247175012980138e-09
3.413562034078806846e+02 -1.864470925363619880e-05 -2.610278606225571161e-09
3.414812034078806846e+02 -1.861196497886925366e-05 -2.590461118786567599e-09
3.416062034078806846e+02 -1.857927138819385885e-05 -2.570793573933363290e-09
3.417312034078806846e+02 -1.854662840862881878e-05 -2.551274841450647808e-09
3.418562034078806846e+02 -1.851403596731913219e-05 -2.531903799606575412e-09
3.419812034078806846e+02 -1.848149399153511805e-05 -2.512679335089346763e-09
3.421062034078806846e+02 -1.844900240867433324e-05 -2.493600342944361815e-09
3.422312034078806846e+02 -1.841656114626030537e-05 -2.474665726511747820e-09
3.423562034078806846e+02 -1.838417013194088617e-05 -2.455874397364362971e-09
3.424812034078806846e+02 -1.835182929348991502e-05 -2.437225275246331091e-09
3.426062034078806846e+02 -1.831953855880737487e-05 -2.418717288011949796e-09
3.427312034078806846e+02 -1.828729785591593968e-05 -2.400349371565106549e-09
3.428562034078806846e+02 -1.825510711296455231e-05 -2.382120469799088030e-09
3.429812034078806846e+02 -1.822296625822583598e-05 -2.364029534536927181e-09
3.431062034078806846e+02 -1.819087522009655845e-05 -2.346075525472113799e-09
3.432312034078806846e+02 -1.815883392709689002e-05 -2.328257410109752209e-09
3.433562034078806846e+02 -1.812684230787102015e-05 -2.310574163708221049e-09
3.434812034078806846e+02 -1.809490029118673737e-05 -2.293024769221192867e-09
3.436062034078806846e+02 -1.806300780593356577e-05 -2.275608217240131836e-09
3.437312034078806846e+02 -1.803116478112478435e-05 -2.258323505937168248e-09
3.438562034078806846e+02 -1.799937114589618693e-05 -2.241169641008480069e-09
3.439812034078806846e+02 -1.796762682950530296e-05 -2.224145635618022319e-09
3.441062034078806846e+02 -1.793593176133193950e-05 -2.207250510341677913e-09
3.442312034078806846e+02 -1.790428587087823894e-05 -2.190483293111889077e-09
3.443562034078806846e+02 -1.787268908776604973e-05 -2.173843019162628339e-09
3.444812034078806846e+02 -1.784114134173984018e-05 -2.157328730974822801e-09
3.446062034078806846e+02 -1.780964256266510609e-05 -2.140939478222136999e-09
3.447312034078806846e+02 -1.777819268052778794e-05 -2.124674317717235533e-09
3.448562034078806846e+02 -1.774679162543340015e-05 -2.108532313358380697e-09
3.449812034078806846e+02 -1.771543932760846429e-05 -2.092512536076423434e-09
3.451062034078806846e+02 -1.768413571739951631e-05 -2.076614063782258349e-09
3.452312034078806846e+02 -1.765288072527197832e-05 -2.060835981314590967e-09
3.453562034078806846e+02 -1.762167428181156807e-05 -2.045177380388145895e-09
3.454812034078806846e+02 -1.759051631772264211e-05 -2.029637359542208325e-09
3.456062034078806846e+02 -1.755940676382782651e-05 -2.014215024089625868e-09
3.457312034078806846e+02 -1.752834555106910785e-05 -1.998909486066122236e-09
3.458562034078806846e+02 -1.749733261050739273e-05 -1.983719864179990184e-09
3.459812034078806846e+02 -1.746636787332000058e-05 -1.968645283762222861e-09
3.461062034078806846e+02 -1.743545127080317085e-05 -1.953684876716942114e-09
3.462312034078806846e+02 -1.740458273437044692e-05 -1.938837781472242868e-09
3.463562034078806846e+02 -1.737376219555298437e-05 -1.924103142931357621e-09
3.464812034078806846e+02 -1.734298958599812460e-05 -1.909480112424255218e-09
3.466062034078806846e+02 -1.731226483747075684e-05 -1.894967847659538634e-09
3.467312034078806846e+02 -1.728158788185244065e-05 -1.880565512676698876e-09
3.468562034078806846e+02 -1.725095865113960683e-05 -1.866272277798786188e-09
3.469812034078806846e+02 -1.722037707744550553e-05 -1.852087319585368289e-09
3.471062034078806846e+02 -1.718984309300042318e-05 -1.838009820785875110e-09
3.472312034078806846e+02 -1.715935663014733206e-05 -1.824038970293253728e-09
3.473562034078806846e+02 -1.712891762134679635e-05 -1.810173963098033578e-09
3.474812034078806846e+02 -1.709852599917348234e-05 -1.796414000242674977e-09
3.476062034078806846e+02 -1.706818169631555535e-05 -1.782758288776256580e-09
3.477312034078806846e+02 -1.703788464557728181e-05 -1.769206041709558856e-09
3.478562034078806846e+02 -1.700763477987675244e-05 -1.755756477970419494e-09
3.479812034078806846e+02 -1.697743203224505893e-05 -1.742408822359456286e-09
3.481062034078806846e+02 -1.694727633582753399e-05 -1.729162305506083661e-09
3.482312034078806846e+02 -1.691716762388255197e-05 -1.716016163824921917e-09
3.483562034078806846e+02 -1.688710582978243010e-05 -1.702969639472467852e-09
3.484812034078806846e+02 -1.685709088701071794e-05 -1.690021980304097496e-09
3.486062034078806846e+02 -1.682712272916516547e-05 -1.677172439831437571e-09
3.487312034078806846e+02 -1.679720128995509720e-05 -1.664420277179994812e-09
3.488562034078806846e+02 -1.676732650320097854e-05 -1.651764757047138300e-09
3.489812034078806846e+02 -1.673749830283657403e-05 -1.639205149660359303e-09
3.491062034078806846e+02 -1.670771662290678909e-05 -1.626740730735901288e-09
3.492312034078806846e+02 -1.667798139756705678e-05 -1.614370781437640566e-09
3.493562034078806846e+02 -1.664829256108434747e-05 -1.602094588336282919e-09
3.494812034078806846e+02 -1.661865004783627094e-05 -1.589911443368906196e-09
3.496062034078806846e+02 -1.658905379231061567e-05 -1.577820643798751890e-09
3.497312034078806846e+02 -1.655950372910582649e-05 -1.565821492175352554e-09
3.498562034078806846e+02 -1.652999979293034394e-05 -1.553913296294916052e-09
3.499812034078806846e+02 -1.650054191860215365e-05 -1.542095369161068183e-09
3.501062034078806846e+02 -1.647113004104758013e-05 -1.530367028945831685e-09
3.502312034078806846e+02 -1.644176409530377032e-05 -1.518727598950900526e-09
3.503562034078806846e+02 -1.641244401651625746e-05 -1.507176407569250457e-09
3.504812034078806846e+02 -1.638316973993854441e-05 -1.495712788246978480e-09
3.506062034078806846e+02 -1.635394120093315733e-05 -1.484336079445465537e-09
3.507312034078806846e+02 -1.632475833497062587e-05 -1.473045624603782809e-09
3.508562034078806846e+02 -1.629562107762887665e-05 -1.461840772101434879e-09
3.509812034078806846e+02 -1.626652936459401598e-05 -1.450720875221332233e-09
3.511062034078806846e+02 -1.623748313165994356e-05 -1.439685292113038796e-09
3.512312034078806846e+02 -1.620848231472595374e-05 -1.428733385756343110e-09
3.513562034078806846e+02 -1.617952684979936123e-05 -1.417864523925045601e-09
3.514812034078806846e+02 -1.615061667299417985e-05 -1.407078079151049020e-09
3.516062034078806846e+02 -1.612175172053048884e-05 -1.396373428688686896e-09
3.517312034078806846e+02 -1.609293192873395182e-05 -1.385749954479365908e-09
3.518562034078806846e+02 -1.606415723403646387e-05 -1.375207043116427461e-09
3.519812034078806846e+02 -1.603542757297539602e-05 -1.364744085810273541e-09
3.521062034078806846e+02 -1.600674288219317847e-05 -1.354360478353794499e-09
3.522312034078806846e+02 -1.597810309843732436e-05 -1.344055621088006726e-09
3.523562034078806846e+02 -1.594950815856043647e-05 -1.333828918867974465e-09
3.524812034078806846e+02 -1.592095799951916376e-05 -1.323679781028960544e-09
3.526062034078806846e+02 -1.589245255837425214e-05 -1.313607621352872009e-09
3.527312034078806846e+02 -1.586399177229160833e-05 -1.303611858034917500e-09
3.528562034078806846e+02 -1.583557557853883046e-05 -1.293691913650512792e-09
3.529812034078806846e+02 -1.580720391448857924e-05 -1.283847215122472122e-09
3.531062034078806846e+02 -1.577887671761653152e-05 -1.274077193688401766e-09
3.532312034078806846e+02 -1.575059392550088563e-05 -1.264381284868363684e-09
3.533562034078806846e+02 -1.572235547582256129e-05 -1.254758928432749483e-09
3.534812034078806846e+02 -1.569416130636494208e-05 -1.245209568370444507e-09
3.536062034078806846e+02 -1.566601135501404489e-05 -1.235732652857185491e-09
3.537312034078806846e+02 -1.563790555975722561e-05 -1.226327634224155203e-09
3.538562034078806846e+02 -1.560984385868349427e-05 -1.216993968926852328e-09
3.539812034078806846e+02 -1.558182618998440609e-05 -1.207731117514147880e-09
3.541062034078806846e+02 -1.555385249195078855e-05 -1.198538544597599907e-09
3.542312034078806846e+02 -1.552592270297575343e-05 -1.189415718820970642e-09
3.543562034078806846e+02 -1.549803676155344661e-05 -1.180362112830014766e-09
3.544812034078806846e+02 -1.547019460627650019e-05 -1.171377203242454198e-09
3.546062034078806846e+02 -1.544239617583971198e-05 -1.162460470618176433e-09
3.547312034078806846e+02 -1.541464140903696235e-05 -1.153611399429695510e-09
3.548562034078806846e+02 -1.538693024476127174e-05 -1.144829478032787926e-09
3.549812034078806846e+02 -1.535926262200607809e-05 -1.136114198637375465e-09
3.551062034078806846e+02 -1.533163847986313951e-05 -1.127465057278601378e-09
3.552312034078806846e+02 -1.530405775752417756e-05 -1.118881553788159275e-09
3.553562034078806846e+02 -1.527652039427781098e-05 -1.110363191765803777e-09
3.554812034078806846e+02 -1.524902632951247455e-05 -1.101909478551071905e-09
3.556062034078806846e+02 -1.522157550271495378e-05 -1.093519925195251993e-09
3.557312034078806846e+02 -1.519416785346831467e-05 -1.085194046433521351e-09
3.558562034078806846e+02 -1.516680332145496837e-05 -1.076931360657317194e-09
3.559812034078806846e+02 -1.513948184645410290e-05 -1.068731389886888302e-09
3.561062034078806846e+02 -1.511220336834133592e-05 -1.060593659744093400e-09
3.562312034078806846e+02 -1.508496782709046806e-05 -1.052517699425365168e-09
3.563562034078806846e+02 -1.505777516277133823e-05 -1.044503041674876296e-09
3.564812034078806846e+02 -1.503062531554990158e-05 -1.036549222757943560e-09
3.566062034078806846e+02 -1.500351822568874784e-05 -1.028655782434587614e-09
3.567312034078806846e+02 -1.497645383354581725e-05 -1.020822263933317156e-09
3.568562034078806846e+02 -1.494943207957615729e-05 -1.013048213925083903e-09
3.569812034078806846e+02 -1.492245290432803649e-05 -1.005333182497470422e-09
3.571062034078806846e+02 -1.489551624844678152e-05 -9.976767231290365708e-10
3.572312034078806846e+02 -1.486862205267206324e-05 -9.900783926638594974e-10
3.573562034078806846e+02 -1.484177025783721576e-05 -9.825377512862936736e-10
3.574812034078806846e+02 -1.481496080487182660e-05 -9.750543624958864344e-10
3.576062034078806846e+02 -1.478819363479865013e-05 -9.676277930824990744e-10
3.577312034078806846e+02 -1.476146868873433771e-05 -9.602576131015966876e-10
3.578562034078806846e+02 -1.473478590788952918e-05 -9.529433958497532817e-10
3.579812034078806846e+02 -1.470814523356832429e-05 -9.456847178403088869e-10
3.581062034078806846e+02 -1.468154660716800828e-05 -9.384811587792262214e-10
3.582312034078806846e+02 -1.465498997017894684e-05 -9.313323015411098984e-10
3.583562034078806846e+02 -1.462847526418394406e-05 -9.242377321454365642e-10
3.584812034078806846e+02 -1.460200243085919109e-05 -9.171970397329335146e-10
3.586062034078806846e+02 -1.457557141197153366e-05 -9.102098165421338120e-10
3.587312034078806846e+02 -1.454918214938172123e-05 -9.032756578861359217e-10
3.588562034078806846e+02 -1.452283458504139332e-05 -8.963941621295050039e-10
3.589812034078806846e+02 -1.449652866099299983e-05 -8.895649306653646636e-10
3.591062034078806846e+02 -1.447026431937180853e-05 -8.827875678926431761e-10
3.592312034078806846e+02 -1.444404150240323352e-05 -8.760616811935193742e-10
3.593562034078806846e+02 -1.441786015240377884e-05 -8.693868809110097754e-10
3.594812034078806846e+02 -1.439172021178051327e-05 -8.627627803267236278e-10
3.596062034078806846e+02 -1.436562162303097549e-05 -8.561889956388101710e-10
3.597312034078806846e+02 -1.433956432874259811e-05 -8.496651459400432100e-10
3.598562034078806846e+02 -1.431354827159268560e-05 -8.431908531960845662e-10
3.599812034078806846e+02 -1.428757339434891072e-05 -8.367657422238941465e-10
3.601062034078806846e+02 -1.426163963986793716e-05 -8.303894406703301606e-10
3.602312034078806846e+02 -1.423574695109477757e-05 -8.240615789908835480e-10
3.603562034078806846e+02 -1.420989527106485688e-05 -8.177817904285708105e-10
3.604812034078806846e+02 -1.418408454290147123e-05 -8.115497109930105818e-10
3.606062034078806846e+02 -1.415831470981670274e-05 -8.053649794396284106e-10
3.607312034078806846e+02 -1.413258571511068939e-05 -7.992272372490343204e-10
3.608562034078806846e+02 -1.410689750217187741e-05 -7.931361286065369581e-10
3.609812034078806846e+02 -1.408125001447624207e-05 -7.870913003818395152e-10
3.611062034078806846e+02 -1.405564319558734348e-05 -7.810924021088621042e-10
3.612312034078806846e+02 -1.403007698915669771e-05 -7.751390859657154062e-10
3.613562034078806846e+02 -1.400455133892199283e-05 -7.692310067548484389e-10
3.614812034078806846e+02 -1.397906618870828331e-05 -7.633678218833178181e-10
3.616062034078806846e+02 -1.395362148242785446e-05 -7.575491913432208000e-10
3.617312034078806846e+02 -1.392821716407794388e-05 -7.517747776922581913e-10
3.618562034078806846e+02 -1.390285317774345203e-05 -7.460442460344705532e-10
3.619812034078806846e+02 -1.387752946759473314e-05 -7.403572640010924863e-10
3.621062034078806846e+02 -1.385224597788779337e-05 -7.347135017315523946e-10
3.622312034078806846e+02 -1.382700265296409440e-05 -7.291126318546368599e-10
3.623562034078806846e+02 -1.380179943725043303e-05 -7.235543294697696829e-10
3.624812034078806846e+02 -1.377663627525934447e-05 -7.180382721284476756e-10
3.626062034078806846e+02 -1.375151311158712024e-05 -7.125641398157976357e-10
3.627312034078806846e+02 -1.372642989091524980e-05 -7.071316149323004112e-10
3.628562034078806846e+02 -1.370138655801021052e-05 -7.017403822756251870e-10
3.629812034078806846e+02 -1.367638305772122303e-05 -6.963901290226020144e-10
3.631062034078806846e+02 -1.365141933498272795e-05 -6.910805447113514003e-10
3.632312034078806846e+02 -1.362649533481289340e-05 -6.858113212235220519e-10
3.633562034078806846e+02 -1.360161100231212426e-05 -6.805821527666769959e-10
3.634812034078806846e+02 -1.357676628266570315e-05 -6.753927358567968472e-10
3.636062034078806846e+02 -1.355196112114103597e-05 -6.702427693009375539e-10
3.637312034078806846e+02 -1.352719546308865641e-05 -6.651319541799975371e-10
3.638562034078806846e+02 -1.350246925394180583e-05 -6.600599938316128359e-10
3.639812034078806846e+02 -1.347778243921583192e-05 -6.550265938332020769e-10
3.641062034078806846e+02 -1.345313496450921353e-05 -6.500314619851141164e-10
3.642312034078806846e+02 -1.342852677550102135e-05 -6.450743082939172344e-10
3.643562034078806846e+02 -1.340395781795278807e-05 -6.401548449557980331e-10
3.644812034078806846e+02 -1.337942803770851524e-05 -6.352727863401088149e-10
3.646062034078806846e+02 -1.335493738069165269e-05 -6.304278489730167029e-10
3.647312034078806846e+02 -1.333048579290843587e-05 -6.256197515212757016e-10
3.648562034078806846e+02 -1.330607322044539048e-05 -6.208482147761405153e-10
3.649812034078806846e+02 -1.328169960946915630e-05 -6.161129616373779745e-10
3.651062034078806846e+02 -1.325736490622781870e-05 -6.114137170974120511e-10
3.652312034078806846e+02 -1.323306905704928575e-05 -6.067502082255743396e-10
3.653562034078806846e+02 -1.320881200834208442e-05 -6.021221641524939184e-10
3.654812034078806846e+02 -1.318459370659332771e-05 -5.975293160545850246e-10
3.656062034078806846e+02 -1.316041409837075937e-05 -5.929713971386506384e-10
3.657312034078806846e+02 -1.313627313032170190e-05 -5.884481426266206899e-10
3.658562034078806846e+02 -1.311217074917178600e-05 -5.839592897403836353e-10
3.659812034078806846e+02 -1.308810690172663276e-05 -5.795045776867435567e-10
3.661062034078806846e+02 -1.306408153487029007e-05 -5.750837476424779714e-10
3.662312034078806846e+02 -1.304009459556473113e-05 -5.706965427395288180e-10
3.663562034078806846e+02 -1.301614603085134529e-05 -5.663427080502842241e-10
3.664812034078806846e+02 -1.299223578784944212e-05 -5.620219905729725653e-10
3.666062034078806846e+02 -1.296836381375587539e-05 -5.577341392171819446e-10
3.667312034078806846e+02 -1.294453005584554109e-05 -5.534789047894707653e-10
3.668562034078806846e+02 -1.292073446147082176e-05 -5.492560399790951428e-10
3.669812034078806846e+02 -1.289697697806191690e-05 -5.450652993438334076e-10
3.671062034078806846e+02 -1.287325755312523184e-05 -5.409064392959361319e-10
3.672312034078806846e+02 -1.284957613424512944e-05 -5.367792180881631143e-10
3.673562034078806846e+02 -1.282593266908231055e-05 -5.326833957999257265e-10
3.674812034078806846e+02 -1.280232710537334817e-05 -5.286187343235500280e-10
3.676062034078806846e+02 -1.277875939093230695e-05 -5.245849973506241503e-10
3.677312034078806846e+02 -1.275522947364888817e-05 -5.205819503584583840e-10
3.678562034078806846e+02 -1.273173730148851281e-05 -5.166093605966370837e-10
3.679812034078806846e+02 -1.270828282249266707e-05 -5.126669970736881348e-10
3.681062034078806846e+02 -1.268486598477827732e-05 -5.087546305438375175e-10
3.682312034078806846e+02 -1.266148673653740850e-05 -5.048720334938612712e-10
3.683562034078806846e+02 -1.263814502603749627e-05 -5.010189801300544006e-10
3.684812034078806846e+02 -1.261484080162141979e-05 -4.971952463652771246e-10
3.686062034078806846e+02 -1.259157401170559764e-05 -4.934006098061114496e-10
3.687312034078806846e+02 -1.256834460478179874e-05 -4.896348497401013911e-10
3.688562034078806846e+02 -1.254515252941618692e-05 -4.858977471231072439e-10
3.689812034078806846e+02 -1.252199773424910070e-05 -4.821890845667391573e-10
3.691062034078806846e+02 -1.249888016799443154e-05 -4.785086463258842854e-10
3.692312034078806846e+02 -1.247579977944012191e-05 -4.748562182863433322e-10
3.693562034078806846e+02 -1.245275651744779767e-05 -4.712315879525431974e-10
3.694812034078806846e+02 -1.242975033095211417e-05 -4.676345444353505373e-10
3.696062034078806846e+02 -1.240678116896120519e-05 -4.640648784399679421e-10
3.697312034078806846e+02 -1.238384898055636780e-05 -4.605223822539372312e-10
3.698562034078806846e+02 -1.236095371489126281e-05 -4.570068497352174030e-10
3.699812034078806846e+02 -1.233809532119233148e-05 -4.535180763003518676e-10
3.701062034078806846e+02 -1.231527374875901576e-05 -4.500558589127404734e-10
3.702312034078806846e+02 -1.229248894696184400e-05 -4.466199960709810685e-10
3.703562034078806846e+02 -1.226974086524426729e-05 -4.432102877973102203e-10
3.704812034078806846e+02 -1.224702945312163798e-05 -4.398265356261198806e-10
3.706062034078806846e+02 -1.222435466018058792e-05 -4.364685425925763625e-10
3.707312034078806846e+02 -1.220171643607931649e-05 -4.331361132213104555e-10
3.708562034078806846e+02 -1.217911473054736525e-05 -4.298290535151922221e-10
3.709812034078806846e+02 -1.215654949338562642e-05 -4.265471709442047985e-10
3.711062034078806846e+02 -1.213402067446557042e-05 -4.232902744343846795e-10
3.712312034078806846e+02 -1.211152822372940674e-05 -4.200581743568557336e-10
3.713562034078806846e+02 -1.208907209119058886e-05 -4.168506825169353890e-10
3.714812034078806846e+02 -1.206665222693180500e-05 -4.136676121433383246e-10
3.716062034078806846e+02 -1.204426858110675864e-05 -4.105087778774463859e-10
3.717312034078806846e+02 -1.202192110393942480e-05 -4.073739957626611680e-10
3.718562034078806846e+02 -1.199960974572241529e-05 -4.042630832338473303e-10
3.719812034078806846e+02 -1.197733445681927073e-05 -4.011758591068428598e-10
3.721062034078806846e+02 -1.195509518766221090e-05 -3.981121435680540704e-10
3.722312034078806846e+02 -1.193289188875324600e-05 -3.950717581641228756e-10
3.723562034078806846e+02 -1.191072451066303317e-05 -3.920545257916838633e-10
3.724812034078806846e+02 -1.188859300403135760e-05 -3.890602706871863549e-10
3.726062034078806846e+02 -1.186649731956721384e-05 -3.860888184167925656e-10
3.727312034078806846e+02 -1.184443740804712532e-05 -3.831399958663639109e-10
3.728562034078806846e+02 -1.182241322031687056e-05 -3.802136312315097140e-10
3.729812034078806846e+02 -1.180042470729062259e-05 -3.773095540077171829e-10
3.731062034078806846e+02 -1.177847181994948192e-05 -3.744275949805487001e-10
3.732312034078806846e+02 -1.175655450934369067e-05 -3.715675862159254485e-10
3.733562034078806846e+02 -1.173467272659053699e-05 -3.687293610504720945e-10
3.734812034078806846e+02 -1.171282642287458717e-05 -3.659127540819343138e-10
3.736062034078806846e+02 -1.169101554944846661e-05 -3.631176011596792946e-10
3.737312034078806846e+02 -1.166924005763136730e-05 -3.603437393752551763e-10
3.738562034078806846e+02 -1.164749989881019477e-05 -3.575910070530290200e-10
3.739812034078806846e+02 -1.162579502443768425e-05 -3.548592437408871267e-10
3.741062034078806846e+02 -1.160412538603373560e-05 -3.521482902010180738e-10
3.742312034078806846e+02 -1.158249093518541160e-05 -3.494579884007536549e-10
3.743562034078806846e+02 -1.156089162354471199e-05 -3.467881815034782161e-10
3.744812034078806846e+02 -1.153932740283104338e-05 -3.441387138596181775e-10
3.746062034078806846e+02 -1.151779822482928632e-05 -3.415094309976857875e-10
3.747312034078806846e+02 -1.149630404138957342e-05 -3.389001796153986660e-10
3.748562034078806846e+02 -1.147484480442885969e-05 -3.363108075708579237e-10
3.749812034078806846e+02 -1.145342046592893036e-05 -3.337411638738048111e-10
3.751062034078806846e+02 -1.143203097793641781e-05 -3.311910986769311863e-10
3.752312034078806846e+02 -1.141067629256409413e-05 -3.286604632672621542e-10
3.753562034078806846e+02 -1.138935636198902293e-05 -3.261491100575966081e-10
3.754812034078806846e+02 -1.136807113845337753e-05 -3.236568925780236138e-10
3.756062034078806846e+02 -1.134682057426386159e-05 -3.211836654674919916e-10
3.757312034078806846e+02 -1.132560462179153976e-05 -3.187292844654432808e-10
3.758562034078806846e+02 -1.130442323347246272e-05 -3.162936064035178586e-10
3.759812034078806846e+02 -1.128327636180563775e-05 -3.138764891973122918e-10
3.761062034078806846e+02 -1.126216395935538173e-05 -3.114777918382045175e-10
3.762312034078806846e+02 -1.124108597874925273e-05 -3.090973743852351175e-10
3.763562034078806846e+02 -1.122004237267793818e-05 -3.067350979570590054e-10
3.764812034078806846e+02 -1.119903309389674397e-05 -3.043908247239489689e-10
3.766062034078806846e+02 -1.117805809522359711e-05 -3.020644178998590265e-10
3.767312034078806846e+02 -1.115711732953988773e-05 -2.997557417345564408e-10
3.768562034078806846e+02 -1.113621074978994898e-05 -2.974646615058032590e-10
3.769812034078806846e+02 -1.111533830898112309e-05 -2.951910435116018562e-10
3.771062034078806846e+02 -1.109449996018329719e-05 -2.929347550624933677e-10
3.772312034078806846e+02 -1.107369565652890503e-05 -2.906956644739234833e-10
3.773562034078806846e+02 -1.105292535121329119e-05 -2.884736410586576148e-10
3.774812034078806846e+02 -1.103218899749371329e-05 -2.862685551192513299e-10
3.776062034078806846e+02 -1.101148654868903701e-05 -2.840802779405883553e-10
3.777312034078806846e+02 -1.099081795818099485e-05 -2.819086817824631447e-10
3.778562034078806846e+02 -1.097018317941254791e-05 -2.797536398722256413e-10
3.779812034078806846e+02 -1.094958216588848393e-05 -2.776150263974759794e-10
3.781062034078806846e+02 -1.092901487117501579e-05 -2.754927164988230362e-10
3.782312034078806846e+02 -1.090848124889977641e-05 -2.733865862626890452e-10
3.783562034078806846e+02 -1.088798125275145454e-05 -2.712965127141682883e-10
3.784812034078806846e+02 -1.086751483647975920e-05 -2.692223738099482902e-10
3.786062034078806846e+02 -1.084708195389578896e-05 -2.671640484312741309e-10
3.787312034078806846e+02 -1.082668255887061908e-05 -2.651214163769719523e-10
3.788562034078806846e+02 -1.080631660533623330e-05 -2.630943583565187358e-10
3.789812034078806846e+02 -1.078598404728539165e-05 -2.610827559831741183e-10
3.791062034078806846e+02 -1.076568483877075123e-05 -2.590864917671550147e-10
3.792312034078806846e+02 -1.074541893390505431e-05 -2.571054491088614739e-10
3.793562034078806846e+02 -1.072518628686138237e-05 -2.551395122921624541e-10
3.794812034078806846e+02 -1.070498685187248020e-05 -2.531885664777218190e-10
3.796062034078806846e+02 -1.068482058323071524e-05 -2.512524976963812551e-10
3.797312034078806846e+02 -1.066468743528805387e-05 -2.493311928425863053e-10
3.798562034078806846e+02 -1.064458736245624097e-05 -2.474245396678717012e-10
3.799812034078806846e+02 -1.062452031920568014e-05 -2.455324267743872791e-10
3.801062034078806846e+02 -1.060448626006619265e-05 -2.436547436084726478e-10
3.802312034078806846e+02 -1.058448513962700897e-05 -2.417913804542880008e-10
3.803562034078806846e+02 -1.056451691253521701e-05 -2.399422284274842207e-10
3.804812034078806846e+02 -1.054458153349754763e-05 -2.381071794689258707e-10
3.806062034078806846e+02 -1.052467895727889747e-05 -2.362861263384558550e-10
3.807312034078806846e+02 -1.050480913870261182e-05 -2.344789626087160698e-10
3.808562034078806846e+02 -1.048497203265025085e-05 -2.326855826590064403e-10
3.809812034078806846e+02 -1.046516759406158963e-05 -2.309058816691904607e-10
3.811062034078806846e+02 -1.044539577793438090e-05 -2.291397556136536218e-10
3.812312034078806846e+02 -1.042565653932432635e-05 -2.273871012552999156e-10
3.813562034078806846e+02 -1.040594983334455480e-05 -2.256478161395972460e-10
3.814812034078806846e+02 -1.038627561516647261e-05 -2.239217985886637338e-10
3.816062034078806846e+02 -1.036663384001799513e-05 -2.222089476954061597e-10
3.817312034078806846e+02 -1.034702446318478162e-05 -2.205091633176952429e-10
3.818562034078806846e+02 -1.032744744001027084e-05 -2.188223460725848893e-10
3.819812034078806846e+02 -1.030790272589370240e-05 -2.171483973305820531e-10
3.821062034078806846e+02 -1.028839027629232242e-05 -2.154872192099517012e-10
3.822312034078806846e+02 -1.026891004671975552e-05 -2.138387145710696775e-10
3.823562034078806846e+02 -1.024946199274578801e-05 -2.122027870108128414e-10
3.824812034078806846e+02 -1.023004606999750457e-05 -2.105793408569995092e-10
3.826062034078806846e+02 -1.021066223415790593e-05 -2.089682811628649475e-10
3.827312034078806846e+02 -1.019131044096663222e-05 -2.073695137015781482e-10
3.828562034078806846e+02 -1.017199064621873475e-05 -2.057829449608067864e-10
3.829812034078806846e+02 -1.015270280576569927e-05 -2.042084821373154982e-10
3.831062034078806846e+02 -1.013344687551511900e-05 -2.026460331316094990e-10
3.832312034078806846e+02 -1.011422281142956125e-05 -2.010955065426140281e-10
3.833562034078806846e+02 -1.009503056952793631e-05 -1.995568116624007362e-10
3.834812034078806846e+02 -1.007587010588435050e-05 -1.980298584709478845e-10
3.836062034078806846e+02 -1.005674137662775724e-05 -1.965145576309396012e-10
3.837312034078806846e+02 -1.003764433794307509e-05 -1.950108204826107886e-10
3.838562034078806846e+02 -1.001857894606994773e-05 -1.935185590386237991e-10
3.839812034078806846e+02 -9.999545157302879445e-06 -1.920376859789876595e-10
3.841062034078806846e+02 -9.980542927991360543e-06 -1.905681146460118809e-10
3.842312034078806846e+02 -9.961572214539364165e-06 -1.891097590393044982e-10
3.843562034078806846e+02 -9.942632973405901966e-06 -1.876625338108023167e-10
3.844812034078806846e+02 -9.923725161103724756e-06 -1.862263542598377625e-10
3.846062034078806846e+02 -9.904848734200606607e-06 -1.848011363282499347e-10
3.847312034078806846e+02 -9.886003649318240321e-06 -1.833867965955246348e-10
3.848562034078806846e+02 -9.867189863131964683e-06 -1.819832522739760398e-10
3.849812034078806846e+02 -9.848407332371796150e-06 -1.805904212039600926e-10
3.851062034078806846e+02 -9.829656013821266720e-06 -1.792082218491305170e-10
3.852312034078806846e+02 -9.810935864317532352e-06 -1.778365732917248974e-10
3.853562034078806846e+02 -9.792246840751379745e-06 -1.764753952278862476e-10
3.854812034078806846e+02 -9.773588900067199230e-06 -1.751246079630253459e-10
3.856062034078806846e+02 -9.754961999262451141e-06 -1.737841324072119171e-10
3.857312034078806846e+02 -9.736366095388060529e-06 -1.724538900706042269e-10
3.858562034078806846e+02 -9.717801145548169835e-06 -1.711338030589090755e-10
3.859812034078806846e+02 -9.699267106899754330e-06 -1.698237940688828136e-10
3.861062034078806846e+02 -9.680763936652286695e-06 -1.685237863838598886e-10
3.862312034078806846e+02 -9.662291592068634872e-06 -1.672337038693158996e-10
3.863562034078806846e+02 -9.643850030464181153e-06 -1.659534709684688055e-10
3.864812034078806846e+02 -9.625439209206249584e-06 -1.646830126979077672e-10
3.866062034078806846e+02 -9.607059085715291812e-06 -1.634222546432583590e-10
3.867312034078806846e+02 -9.588709617463738507e-06 -1.621711229548766540e-10
3.868562034078806846e+02 -9.570390761976111171e-06 -1.609295443435817996e-10
3.869812034078806846e+02 -9.552102476829088209e-06 -1.596974460764158117e-10
3.871062034078806846e+02 -9.533844719651401585e-06 -1.584747559724346735e-10
3.872312034078806846e+02 -9.515617448123438724e-06 -1.572614023985368113e-10
3.873562034078806846e+02 -9.497420619977266223e-06 -1.560573142653170593e-10
3.874812034078806846e+02 -9.479254192996856859e-06 -1.548624210229553644e-10
3.876062034078806846e+02 -9.461118125017508522e-06 -1.536766526571330993e-10
3.877312034078806846e+02 -9.443012373925585025e-06 -1.524999396849857453e-10
3.878562034078806846e+02 -9.424936897659327563e-06 -1.513322131510808040e-10
3.879812034078806846e+02 -9.406891654207746788e-06 -1.501734046234266509e-10
3.881062034078806846e+02 -9.388876601610912501e-06 -1.490234461895156135e-10
3.882312034078806846e+02 -9.370891697959897744e-06 -1.478822704523920201e-10
3.883562034078806846e+02 -9.352936901396751695e-06 -1.467498105267527927e-10
3.884812034078806846e+02 -9.335012170114001615e-06 -1.456260000350745874e-10
3.886062034078806846e+02 -9.317117462354817170e-06 -1.445107731037748492e-10
3.887312034078806846e+02 -9.299252736413298422e-06 -1.434040643593976046e-10
3.888562034078806846e+02 -9.281417950633206977e-06 -1.423058089248277663e-10
3.889812034078806846e+02 -9.263613063409116251e-06 -1.412159424155387832e-10
3.891062034078806846e+02 -9.245838033185933749e-06 -1.401344009358630125e-10
3.892312034078806846e+02 -9.228092818457952381e-06 -1.390611210752938600e-10
3.893562034078806846e+02 -9.210377377770151511e-06 -1.379960399048124012e-10
3.894812034078806846e+02 -9.192691669716985698e-06 -1.369390949732466480e-10
3.896062034078806846e+02 -9.175035652942897997e-06 -1.358902243036542632e-10
3.897312034078806846e+02 -9.157409286141788020e-06 -1.348493663897317685e-10
3.898562034078806846e+02 -9.139812528057122056e-06 -1.338164601922560401e-10
3.899812034078806846e+02 -9.122245337482209201e-06 -1.327914451355472063e-10
3.901062034078806846e+02 -9.104707673259057862e-06 -1.317742611039612987e-10
3.902312034078806846e+02 -9.087199494279392197e-06 -1.307648484384067099e-10
3.903562034078806846e+02 -9.069720759484233683e-06 -1.297631479328911286e-10
3.904812034078806846e+02 -9.052271427862915168e-06 -1.287691008310907558e-10
3.906062034078806846e+02 -9.034851458454553014e-06 -1.277826488229453451e-10
3.907312034078806846e+02 -9.017460810346676598e-06 -1.268037340412827374e-10
3.908562034078806846e+02 -9.000099442675419742e-06 -1.258322990584645658e-10
3.909812034078806846e+02 -8.982767314626049262e-06 -1.248682868830599815e-10
3.911062034078806846e+02 -8.965464385431875681e-06 -1.239116409565416616e-10
3.912312034078806846e+02 -8.948190614375225625e-06 -1.229623051500111820e-10
3.913562034078806846e+02 -8.930945960786088264e-06 -1.220202237609447860e-10
3.914812034078806846e+02 -8.913730384043041968e-06 -1.210853415099661640e-10
3.916062034078806846e+02 -8.896543843573230585e-06 -1.201576035376411814e-10
3.917312034078806846e+02 -8.879386298851008193e-06 -1.192369554013008581e-10
3.918562034078806846e+02 -8.862257709399423101e-06 -1.183233430718846406e-10
3.919812034078806846e+02 -8.845158034789167524e-06 -1.174167129308075075e-10
3.921062034078806846e+02 -8.828087234638274351e-06 -1.165170117668541902e-10
3.922312034078806846e+02 -8.811045268613201345e-06 -1.156241867730930785e-10
3.923562034078806846e+02 -8.794032096427621578e-06 -1.147381855438155620e-10
3.924812034078806846e+02 -8.777047677842364140e-06 -1.138589560714962187e-10
3.926062034078806846e+02 -8.760091972666269645e-06 -1.129864467437798874e-10
3.927312034078806846e+02 -8.743164940754978969e-06 -1.121206063404878033e-10
3.928562034078806846e+02 -8.726266542011915811e-06 -1.112613840306464436e-10
3.929812034078806846e+02 -8.709396736386922969e-06 -1.104087293695423115e-10
3.931062034078806846e+02 -8.692555483877227962e-06 -1.095625922957949963e-10
3.932312034078806846e+02 -8.675742744527238038e-06 -1.087229231284545845e-10
3.933562034078806846e+02 -8.658958478427464454e-06 -1.078896725641188309e-10
3.934812034078806846e+02 -8.642202645716062372e-06 -1.070627916740758840e-10
3.936062034078806846e+02 -8.625475206577341782e-06 -1.062422319014648452e-10
3.937312034078806846e+02 -8.608776121241982644e-06 -1.054279450584582894e-10
3.938562034078806846e+02 -8.592105349987698965e-06 -1.046198833234688881e-10
3.939812034078806846e+02 -8.575462853138217275e-06 -1.038179992383738958e-10
3.941062034078806846e+02 -8.558848591063703532e-06 -1.030222457057622410e-10
3.942312034078806846e+02 -8.542262524180475132e-06 -1.022325759862007334e-10
3.943562034078806846e+02 -8.525704612950933144e-06 -1.014489436955242325e-10
3.944812034078806846e+02 -8.509174817883865551e-06 -1.006713028021430462e-10
3.946062034078806846e+02 -8.492673099533315612e-06 -9.989960762437086544e-11
3.947312034078806846e+02 -8.476199418499965913e-06 -9.913381282777565388e-11
3.948562034078806846e+02 -8.459753735429898313e-06 -9.837387342254750754e-11
3.949812034078806846e+02 -8.443336011014660012e-06 -9.761974476088808563e-11
3.951062034078806846e+02 -8.426946205991934399e-06 -9.687138253441787759e-11
3.952312034078806846e+02 -8.410584281144505979e-06 -9.612874277160642428e-11
3.953562034078806846e+02 -8.394250197300866852e-06 -9.539178183521888904e-11
3.954812034078806846e+02 -8.377943915334664442e-06 -9.466045641978184771e-11
3.956062034078806846e+02 -8.361665396164962385e-06 -9.393472354907129615e-11
3.957312034078806846e+02 -8.345414600755889859e-06 -9.321454057361630969e-11
3.958562034078806846e+02 -8.329191490116734758e-06 -9.249986516822344660e-11
3.959812034078806846e+02 -8.312996025301987732e-06 -9.179065532951794085e-11
3.961062034078806846e+02 -8.296828167410722168e-06 -9.108686937350672457e-11
3.962312034078806846e+02 -8.280687877587043110e-06 -9.038846593315694731e-11
3.963562034078806846e+02 -8.264575117020021193e-06 -8.969540395599264155e-11
3.964812034078806846e+02 -8.248489846943159013e-06 -8.900764270171268809e-11
3.966062034078806846e+02 -8.232432028634624908e-06 -8.832514173982337344e-11
3.967312034078806846e+02 -8.216401623417220768e-06 -8.764786094729069616e-11
3.968562034078806846e+02 -8.200398592658170280e-06 -8.697576050620876441e-11
3.969812034078806846e+02 -8.184422897768985097e-06 -8.630880090148861456e-11
3.971062034078806846e+02 -8.168474500205466529e-06 -8.564694291856198367e-11
3.972312034078806846e+02 -8.152553361467951184e-06 -8.499014764110215544e-11
3.973562034078806846e+02 -8.136659443100460550e-06 -8.433837644876504632e-11
3.974812034078806846e+02 -8.120792706691261725e-06 -8.369159101494410809e-11
3.976062034078806846e+02 -8.104953113872911467e-06 -8.304975330454400996e-11
3.977312034078806846e+02 -8.089140626321288880e-06 -8.241282557176955901e-11
3.978562034078806846e+02 -8.073355205756415346e-06 -8.178077035793400756e-11
3.979812034078806846e+02 -8.057596813942278336e-06 -8.115355048928143559e-11
3.981062034078806846e+02 -8.041865412686236797e-06 -8.053112907482554755e-11
3.982312034078806846e+02 -8.026160963839300673e-06 -7.991346950420742963e-11
3.983562034078806846e+02 -8.010483429296049587e-06 -7.930053544556656786e-11
3.984812034078806846e+02 -7.994832770994502401e-06 -7.869229084342968925e-11
3.986062034078806846e+02 -7.979208950916115520e-06 -7.808869991661384607e-11
3.987312034078806846e+02 -7.963611931085457632e-06 -7.748972715614815037e-11
3.988562034078806846e+02 -7.948041673570777220e-06 -7.689533732320875639e-11
3.989812034078806846e+02 -7.932498140482842128e-06 -7.630549544706936548e-11
3.991062034078806846e+02 -7.916981293975832329e-06 -7.572016682306974803e-11
3.992312034078806846e+02 -7.901491096247241678e-06 -7.513931701059685416e-11
3.993562034078806846e+02 -7.886027509536829277e-06 -7.456291183108282979e-11
3.994812034078806846e+02 -7.870590496127815488e-06 -7.399091736601652615e-11
3.996062034078806846e+02 -7.855180018345894294e-06 -7.342329995497280662e-11
3.997312034078806846e+02 -7.839796038559582276e-06 -7.286002619365411906e-11
3.998562034078806846e+02 -7.824438519179971279e-06 -7.230106293194717712e-11
3.999812034078806846e+02 -7.809107422660801256e-06 -7.174637727199645663e-11
4.001062034078806846e+02 -7.793802711498502622e-06 -7.119593656628973776e-11
4.002312034078806846e+02 -7.778524348231496602e-06 -7.064970841575967379e-11
4.003562034078806846e+02 -7.763272295440857613e-06 -7.010766066789816831e-11
4.004812034078806846e+02 -7.748046515750125221e-06 -6.956976141488751570e-11
4.006062034078806846e+02 -7.732846971824638375e-06 -6.903597899174345821e-11
4.007312034078806846e+02 -7.717673626372312980e-06 -6.850628197447220173e-11
4.008562034078806846e+02 -7.702526442143020180e-06 -6.798063917824365200e-11
4.009812034078806846e+02 -7.687405381928350876e-06 -6.745901965557602457e-11
4.011062034078806846e+02 -7.672310408562354347e-06 -6.694139269453553796e-11
4.012312034078806846e+02 -7.657241484920625140e-06 -6.642772781694842392e-11
4.013562034078806846e+02 -7.642198573920918022e-06 -6.591799477662866717e-11
4.014812034078806846e+02 -7.627181638522289934e-06 -6.541216355761723511e-11
4.016062034078806846e+02 -7.612190641725718322e-06 -6.491020437243430983e-11
4.017312034078806846e+02 -7.597225546574015592e-06 -6.441208766034717188e-11
4.018562034078806846e+02 -7.582286316151087106e-06 -6.391778408564866946e-11
4.019812034078806846e+02 -7.567372913582811247e-06 -6.342726453595007263e-11
4.021062034078806846e+02 -7.552485302036289801e-06 -6.294050012048561164e-11
4.022312034078806846e+02 -7.537623444719735297e-06 -6.245746216843189146e-11
4.023562034078806846e+02 -7.522787304883066470e-06 -6.197812222723825353e-11
4.024812034078806846e+02 -7.507976845817328049e-06 -6.150245206096949363e-11
4.026062034078806846e+02 -7.493192030854592495e-06 -6.103042364866328790e-11
4.027312034078806846e+02 -7.478432823368164142e-06 -6.056200918269784242e-11
4.028562034078806846e+02 -7.463699186772361503e-06 -6.009718106717304904e-11
4.029812034078806846e+02 -7.448991084522422408e-06 -5.963591191630274353e-11
4.031062034078806846e+02 -7.434308480114586163e-06 -5.917817455282120678e-11
4.032312034078806846e+02 -7.419651337086019011e-06 -5.872394200639977304e-11
4.033562034078806846e+02 -7.405019619014630329e-06 -5.827318751207549700e-11
4.034812034078806846e+02 -7.390413289518782938e-06 -5.782588450869350804e-11
4.036062034078806846e+02 -7.375832312257941935e-06 -5.738200663735913559e-11
4.037312034078806846e+02 -7.361276650932090237e-06 -5.694152773990289457e-11
4.038562034078806846e+02 -7.346746269281392310e-06 -5.650442185735598504e-11
4.039812034078806846e+02 -7.332241131087025108e-06 -5.607066322843925296e-11
4.041062034078806846e+02 -7.317761200170292924e-06 -5.564022628806176042e-11
4.042312034078806846e+02 -7.303306440392887430e-06 -5.521308566583078781e-11
4.043562034078806846e+02 -7.288876815656860569e-06 -5.478921618457488992e-11
4.044812034078806846e+02 -7.274472289904593218e-06 -5.436859285887607035e-11
4.046062034078806846e+02 -7.260092827118530065e-06 -5.395119089361434436e-11
4.047312034078806846e+02 -7.245738391321238903e-06 -5.353698568252202101e-11
4.048562034078806846e+02 -7.231408946575569867e-06 -5.312595280675103278e-11
4.049812034078806846e+02 -7.217104456984233621e-06 -5.271806803344917682e-11
4.051062034078806846e+02 -7.202824886689747984e-06 -5.231330731434731628e-11
4.052312034078806846e+02 -7.188570199874905501e-06 -5.191164678435885372e-11
4.053562034078806846e+02 -7.174340360762091578e-06 -5.151306276018792861e-11
4.054812034078806846e+02 -7.160135333613499626e-06 -5.111753173894935693e-11
4.056062034078806846e+02 -7.145955082731082785e-06 -5.072503039679783786e-11
4.057312034078806846e+02 -7.131799572456559850e-06 -5.033553558756934189e-11
4.058562034078806846e+02 -7.117668767171135750e-06 -4.994902434143117791e-11
4.059812034078806846e+02 -7.103562631295593877e-06 -4.956547386354238716e-11
4.061062034078806846e+02 -7.089481129290488359e-06 -4.918486153272562719e-11
4.062312034078806846e+02 -7.075424225655324137e-06 -4.880716490014759258e-11
4.063562034078806846e+02 -7.061391884929419238e-06 -4.843236168801036357e-11
4.064812034078806846e+02 -7.047384071691376233e-06 -4.806042978825154337e-11
4.066062034078806846e+02 -7.033400750558978896e-06 -4.769134726125620225e-11
4.067312034078806846e+02 -7.019441886189298927e-06 -4.732509233457670573e-11
4.068562034078806846e+02 -7.005507443278537564e-06 -4.696164340166250112e-11
4.069812034078806846e+02 -6.991597386562151784e-06 -4.660097902060092249e-11
4.071062034078806846e+02 -6.977711680814571400e-06 -4.624307791286585385e-11
4.072312034078806846e+02 -6.963850290849186348e-06 -4.588791896207689997e-11
4.073562034078806846e+02 -6.950013181518691438e-06 -4.553548121276690030e-11
4.074812034078806846e+02 -6.936200317714182563e-06 -4.518574386916051917e-11
4.076062034078806846e+02 -6.922411664365974091e-06 -4.483868629396050044e-11
4.077312034078806846e+02 -6.908647186443302399e-06 -4.449428800714316976e-11
4.078562034078806846e+02 -6.894906848953687212e-06 -4.415252868476454798e-11
4.079812034078806846e+02 -6.881190616943878587e-06 -4.381338815777380575e-11
4.081062034078806846e+02 -6.867498455498941270e-06 -4.347684641083671551e-11
4.082312034078806846e+02 -6.853830329742757830e-06 -4.314288358116708432e-11
4.083562034078806846e+02 -6.840186204837621242e-06 -4.281147995736857824e-11
4.084812034078806846e+02 -6.826566045984348385e-06 -4.248261597828372637e-11
4.086062034078806846e+02 -6.812969818422446910e-06 -4.215627223185264423e-11
4.087312034078806846e+02 -6.799397487429448623e-06 -4.183242945397939567e-11
4.088562034078806846e+02 -6.785849018321410083e-06 -4.151106852740857819e-11
4.089812034078806846e+02 -6.772324376452994764e-06 -4.119217048060889407e-11
4.091062034078806846e+02 -6.758823527216606538e-06 -4.087571648666536166e-11
4.092312034078806846e+02 -6.745346436043129140e-06 -4.056168786218107803e-11
4.093562034078806846e+02 -6.731893068401798261e-06 -4.025006606618596741e-11
4.094812034078806846e+02 -6.718463389799452771e-06 -3.994083269905460274e-11
4.096062034078806846e+02 -6.705057365781542694e-06 -3.963396950143136205e-11
4.097312034078806846e+02 -6.691674961931302497e-06 -3.932945835316518134e-11
4.098562034078806846e+02 -6.678316143869703658e-06 -3.902728127225103488e-11
4.099812034078806846e+02 -6.664980877256083167e-06 -3.872742041377958381e-11
4.101062034078806846e+02 -6.651669127787261764e-06 -3.842985806889583974e-11
4.102312034078806846e+02 -6.638380861198343534e-06 -3.813457666376446527e-11
4.103562034078806846e+02 -6.625116043261695237e-06 -3.784155875854374685e-11
4.104812034078806846e+02 -6.611874639787673062e-06 -3.755078704636639842e-11
4.106062034078806846e+02 -6.598656616624503193e-06 -3.726224435232961914e-11
4.107312034078806846e+02 -6.585461939657566065e-06 -3.697591363249140664e-11
4.108562034078806846e+02 -6.572290574810399257e-06 -3.669177797287461862e-11
4.109812034078806846e+02 -6.559142488043797091e-06 -3.640982058847970050e-11
4.111062034078806846e+02 -6.546017645355894487e-06 -3.613002482230364276e-11
4.112312034078806846e+02 -6.532916012782702293e-06 -3.585237414436702262e-11
4.113562034078806846e+02 -6.519837556397328858e-06 -3.557685215074781837e-11
4.114812034078806846e+02 -6.506782242310412868e-06 -3.530344256262370867e-11
4.116062034078806846e+02 -6.493750036669839586e-06 -3.503212922532048528e-11
4.117312034078806846e+02 -6.480740905660744246e-06 -3.476289610736775528e-11
4.118562034078806846e+02 -6.467754815505767005e-06 -3.449572729956288930e-11
4.119812034078806846e+02 -6.454791732464244029e-06 -3.423060701404075352e-11
4.121062034078806846e+02 -6.441851622833208685e-06 -3.396751958335133865e-11
4.122312034078806846e+02 -6.428934452946516556e-06 -3.370644945954356695e-11
4.123562034078806846e+02 -6.416040189174958946e-06 -3.344738121325733867e-11
4.124812034078806846e+02 -6.403168797926707566e-06 -3.319029953282125904e-11
4.126062034078806846e+02 -6.390320245646625904e-06 -3.293518922335734441e-11
4.127312034078806846e+02 -6.377494498816650383e-06 -3.268203520589342519e-11
4.128562034078806846e+02 -6.364691523955572680e-06 -3.243082251648129377e-11
4.129812034078806846e+02 -6.351911287619050730e-06 -3.218153630532199332e-11
4.131062034078806846e+02 -6.339153756399525723e-06 -3.193416183589730400e-11
4.132312034078806846e+02 -6.326418896926169587e-06 -3.168868448410877719e-11
4.133562034078806846e+02 -6.313706675865045920e-06 -3.144508973742231440e-11
4.134812034078806846e+02 -6.301017059918845721e-06 -3.120336319401927966e-11
4.136062034078806846e+02 -6.288350015826667158e-06 -3.096349056195503711e-11
4.137312034078806846e+02 -6.275705510364574610e-06 -3.072545765832268428e-11
4.138562034078806846e+02 -6.263083510344982878e-06 -3.048925040842391344e-11
4.139812034078806846e+02 -6.250483982616840139e-06 -3.025485484494538528e-11
4.141062034078806846e+02 -6.237906894065671993e-06 -3.002225710714252131e-11
4.142312034078806846e+02 -6.225352211613395118e-06 -2.979144344002847272e-11
4.143562034078806846e+02 -6.212819902218291856e-06 -2.956240019356920897e-11
4.144812034078806846e+02 -6.200309932875021228e-06 -2.933511382188575383e-11
4.146062034078806846e+02 -6.187822270614716340e-06 -2.910957088246135212e-11
4.147312034078806846e+02 -6.175356882504545619e-06 -2.888575803535524101e-11
4.148562034078806846e+02 -6.162913735648063489e-06 -2.866366204242188199e-11
4.149812034078806846e+02 -6.150492797185093475e-06 -2.844326976653703326e-11
4.151062034078806846e+02 -6.138094034291589295e-06 -2.822456817082880133e-11
4.152312034078806846e+02 -6.125717414179387522e-06 -2.800754431791455394e-11
4.153562034078806846e+02 -6.113362904096847944e-06 -2.779218536914451193e-11
4.154812034078806846e+02 -6.101030471328116641e-06 -2.757847858385004558e-11
4.156062034078806846e+02 -6.088720083193361468e-06 -2.736641131859829119e-11
4.157312034078806846e+02 -6.076431707048806774e-06 -2.715597102645190841e-11
4.158562034078806846e+02 -6.064165310286566544e-06 -2.694714525623524507e-11
4.159812034078806846e+02 -6.051920860334708769e-06 -2.673992165180539072e-11
4.161062034078806846e+02 -6.039698324657070794e-06 -2.653428795132863589e-11
4.162312034078806846e+02 -6.027497670753546463e-06 -2.633023198656333884e-11
4.163562034078806846e+02 -6.015318866159505902e-06 -2.612774168214725131e-11
4.164812034078806846e+02 -6.003161878446205481e-06 -2.592680505489081870e-11
4.166062034078806846e+02 -5.991026675220856425e-06 -2.572741021307532699e-11
4.167312034078806846e+02 -5.978913224125914150e-06 -2.552954535575723739e-11
4.168562034078806846e+02 -5.966821492839859236e-06 -2.533319877207700911e-11
4.169812034078806846e+02 -5.954751449076595175e-06 -2.513835884057315658e-11
4.171062034078806846e+02 -5.942703060585637268e-06 -2.494501402850231023e-11
4.172312034078806846e+02 -5.930676295152028767e-06 -2.475315289116358440e-11
4.173562034078806846e+02 -5.918671120596318003e-06 -2.456276407122854166e-11
4.174812034078806846e+02 -5.906687504774697298e-06 -2.437383629807578095e-11
4.176062034078806846e+02 -5.894725415578431224e-06 -2.418635838713137737e-11
4.177312034078806846e+02 -5.882784820934437663e-06 -2.400031923921361937e-11
4.178562034078806846e+02 -5.870865688805060800e-06 -2.381570783988265101e-11
4.179812034078806846e+02 -5.858967987187696741e-06 -2.363251325879586876e-11
4.181062034078806846e+02 -5.847091684115330527e-06 -2.345072464906734126e-11
4.182312034078806846e+02 -5.835236747656098219e-06 -2.327033124663258304e-11
4.183562034078806846e+02 -5.823403145913170855e-06 -2.309132236961768394e-11
4.184812034078806846e+02 -5.811590847025219470e-06 -2.291368741771400899e-11
4.186062034078806846e+02 -5.799799819165903492e-06 -2.273741587155695673e-11
4.187312034078806846e+02 -5.788030030544157032e-06 -2.256249729210938327e-11
4.188562034078806846e+02 -5.776281449403733186e-06 -2.238892132005046125e-11
4.189812034078806846e+02 -5.764554044023629246e-06 -2.221667767516836768e-11
4.191062034078806846e+02 -5.752847782717969804e-06 -2.204575615575807064e-11
4.192312034078806846e+02 -5.741162633835570535e-06 -2.187614663802319367e-11
4.193562034078806846e+02 -5.729498565760515873e-06 -2.170783907548321160e-11
4.194812034078806846e+02 -5.717855546911698221e-06 -2.154082349838447213e-11
4.196062034078806846e+02 -5.706233545742716312e-06 -2.137509001311562792e-11
4.197312034078806846e+02 -5.694632530742354629e-06 -2.121062880162827088e-11
4.198562034078806846e+02 -5.683052470434059933e-06 -2.104743012086114019e-11
4.199812034078806846e+02 -5.671493333376067480e-06 -2.088548430216919315e-11
4.201062034078806846e+02 -5.659955088161395930e-06 -2.072478175075655347e-11
4.202312034078806846e+02 -5.648437703417775356e-06 -2.056531294511449059e-11
4.203562034078806846e+02 -5.636941147807806483e-06 -2.040706843646303066e-11
4.204812034078806846e+02 -5.625465390028479570e-06 -2.025003884819678439e-11
4.206062034078806846e+02 -5.614010398811562361e-06 -2.009421487533564413e-11
4.207312034078806846e+02 -5.602576142923590756e-06 -1.993958728397892549e-11
4.208562034078806846e+02 -5.591162591165319942e-06 -1.978614691076410685e-11
4.209812034078806846e+02 -5.579769712372378298e-06 -1.963388466232921367e-11
4.211062034078806846e+02 -5.568397475414830328e-06 -1.948279151478002692e-11
4.212312034078806846e+02 -5.557045849197000479e-06 -1.933285851316068429e-11
4.213562034078806846e+02 -5.545714802657996603e-06 -1.918407677092830414e-11
4.214812034078806846e+02 -5.534404304771162779e-06 -1.903643746943224626e-11
4.216062034078806846e+02 -5.523114324544253798e-06 -1.888993185739660049e-11
4.217312034078806846e+02 -5.511844831019400439e-06 -1.874455125040703107e-11
4.218562034078806846e+02 -5.500595793273051864e-06 -1.860028703040114609e-11
4.219812034078806846e+02 -5.489367180416117926e-06 -1.845713064516334864e-11
4.221062034078806846e+02 -5.478158961593438076e-06 -1.831507360782297087e-11
4.222312034078806846e+02 -5.466971105984460683e-06 -1.817410749635619485e-11
4.223562034078806846e+02 -5.455803582802677221e-06 -1.803422395309237446e-11
4.224812034078806846e+02 -5.444656361295640048e-06 -1.789541468422343002e-11
4.226062034078806846e+02 -5.433529410745354590e-06 -1.775767145931734004e-11
4.227312034078806846e+02 -5.422422700467730461e-06 -1.762098611083502578e-11
4.228562034078806846e+02 -5.411336199812836418e-06 -1.748535053365142983e-11
4.229812034078806846e+02 -5.400269878164802108e-06 -1.735075668457975798e-11
4.231062034078806846e+02 -5.389223704941830772e-06 -1.721719658189928188e-11
4.232312034078806846e+02 -5.378197649596106920e-06 -1.708466230488730349e-11
4.233562034078806846e+02 -5.367191681613756516e-06 -1.695314599335407273e-11
4.234812034078806846e+02 -5.356205770515044344e-06 -1.682263984718158261e-11
4.236062034078806846e+02 -5.345239885853868323e-06 -1.669313612586550504e-11
4.237312034078806846e+02 -5.334293997218237235e-06 -1.656462714806125287e-11
4.238562034078806846e+02 -5.323368074230019159e-06 -1.643710529113286914e-11
4.239812034078806846e+02 -5.312462086544872011e-06 -1.631056299070543517e-11
4.241062034078806846e+02 -5.301576003852263028e-06 -1.618499274022136247e-11
4.242312034078806846e+02 -5.290709795875437426e-06 -1.606038709049944730e-11
4.243562034078806846e+02 -5.279863432371481083e-06 -1.593673864929768310e-11
4.244812034078806846e+02 -5.269036883131115552e-06 -1.581404008087901331e-11
4.246062034078806846e+02 -5.258230117978792088e-06 -1.569228410558096800e-11
4.247312034078806846e+02 -5.247443106772776348e-06 -1.557146349938796952e-11
4.248562034078806846e+02 -5.236675819404703698e-06 -1.545157109350729902e-11
4.249812034078806846e+02 -5.225928225800053553e-06 -1.533259977394786765e-11
4.251062034078806846e+02 -5.215200295917950322e-06 -1.521454248110281671e-11
4.252312034078806846e+02 -5.204491999750809353e-06 -1.509739220933472858e-11
4.253562034078806846e+02 -5.193803307324899358e-06 -1.498114200656403325e-11
4.254812034078806846e+02 -5.183134188699801161e-06 -1.486578497386103383e-11
4.256062034078806846e+02 -5.172484613968707546e-06 -1.475131426504046847e-11
4.257312034078806846e+02 -5.161854553258188633e-06 -1.463772308625948123e-11
4.258562034078806846e+02 -5.151243976728296059e-06 -1.452500469561834422e-11
4.259812034078806846e+02 -5.140652854572508769e-06 -1.441315240276473730e-11
4.261062034078806846e+02 -5.130081157017647466e-06 -1.430215956850054332e-11
4.262312034078806846e+02 -5.119528854323860211e-06 -1.419201960439168213e-11
4.263562034078806846e+02 -5.108995916784868065e-06 -1.408272597238130674e-11
4.264812034078806846e+02 -5.098482314727356914e-06 -1.397427218440548425e-11
4.266062034078806846e+02 -5.087988018511461977e-06 -1.386665180201209333e-11
4.267312034078806846e+02 -5.077512998530715288e-06 -1.375985843598227282e-11
4.268562034078806846e+02 -5.067057225211545946e-06 -1.365388574595531951e-11
4.269812034078806846e+02 -5.056620669013947579e-06 -1.354872744005592216e-11
4.271062034078806846e+02 -5.046203300430875253e-06 -1.344437727452428245e-11
4.272312034078806846e+02 -5.035805089988508055e-06 -1.334082905334946723e-11
4.273562034078806846e+02 -5.025426008246141521e-06 -1.323807662790504836e-11
4.274812034078806846e+02 -5.015066025796128339e-06 -1.313611389658781382e-11
4.276062034078806846e+02 -5.004725113264130770e-06 -1.303493480445897002e-11
4.277312034078806846e+02 -4.994403241308553978e-06 -1.293453334288849617e-11
4.278562034078806846e+02 -4.984100380620980564e-06 -1.283490354920179272e-11
4.279812034078806846e+02 -4.973816501926143454e-06 -1.273603950632905536e-11
4.281062034078806846e+02 -4.963551575981424461e-06 -1.263793534245768630e-11
4.282312034078806846e+02 -4.953305573577532756e-06 -1.254058523068689625e-11
4.283562034078806846e+02 -4.943078465537922957e-06 -1.244398338868523227e-11
4.284812034078806846e+02 -4.932870222718855267e-06 -1.234812407835042240e-11
4.286062034078806846e+02 -4.922680816009738524e-06 -1.225300160547224778e-11
4.287312034078806846e+02 -4.912510216332602499e-06 -1.215861031939758953e-11
4.288562034078806846e+02 -4.902358394642593409e-06 -1.206494461269802001e-11
4.289812034078806846e+02 -4.892225321927361517e-06 -1.197199892084032647e-11
4.291062034078806846e+02 -4.882110969207493956e-06 -1.187976772185907998e-11
4.292312034078806846e+02 -4.872015307536474084e-06 -1.178824553603198163e-11
4.293562034078806846e+02 -4.861938308000221534e-06 -1.169742692555741715e-11
4.294812034078806846e+02 -4.851879941717710555e-06 -1.160730649423485985e-11
4.296062034078806846e+02 -4.841840179840455013e-06 -1.151787888714735929e-11
4.297312034078806846e+02 -4.831818993552533803e-06 -1.142913879034645331e-11
4.298562034078806846e+02 -4.821816354070905945e-06 -1.134108093053978942e-11
4.299812034078806846e+02 -4.811832232645005702e-06 -1.125370007478078183e-11
4.301062034078806846e+02 -4.801866600556943326e-06 -1.116699103016084370e-11
4.302312034078806846e+02 -4.791919429121372924e-06 -1.108094864350370513e-11
4.303562034078806846e+02 -4.781990689685512782e-06 -1.099556780106247766e-11
4.304812034078806846e+02 -4.772080353629133513e-06 -1.091084342821866714e-11
4.306062034078806846e+02 -4.762188392364479275e-06 -1.082677048918345654e-11
4.307312034078806846e+02 -4.752314777336375352e-06 -1.074334398670163502e-11
4.308562034078806846e+02 -4.742459480022090927e-06 -1.066055896175737858e-11
4.309812034078806846e+02 -4.732622471931183235e-06 -1.057841049328250890e-11
4.311062034078806846e+02 -4.722803724605882959e-06 -1.049689369786673132e-11
4.312312034078806846e+02 -4.713003209620660550e-06 -1.041600372947047720e-11
4.313562034078806846e+02 -4.703220898582388011e-06 -1.033573577913955724e-11
4.314812034078806846e+02 -4.693456763130343976e-06 -1.025608507472202991e-11
4.316062034078806846e+02 -4.683710774936106143e-06 -1.017704688058753350e-11
4.317312034078806846e+02 -4.673982905703570750e-06 -1.009861649734838090e-11
4.318562034078806846e+02 -4.664273127168904296e-06 -1.002078926158300015e-11
4.319812034078806846e+02 -4.654581411100579964e-06 -9.943560545561287850e-12
4.321062034078806846e+02 -4.644907729299309012e-06 -9.866925756972369819e-12
4.322312034078806846e+02 -4.635252053597983173e-06 -9.790880338654142099e-12
4.323562034078806846e+02 -4.625614355861805944e-06 -9.715419768324867014e-12
4.324812034078806846e+02 -4.615994607988092692e-06 -9.640539558317113427e-12
4.326062034078806846e+02 -4.606392781906189331e-06 -9.566235255313391760e-12
4.327312034078806846e+02 -4.596808849577861116e-06 -9.492502440083992666e-12
4.328562034078806846e+02 -4.587242782996782728e-06 -9.419336727226631932e-12
4.329812034078806846e+02 -4.577694554188778829e-06 -9.346733764908400825e-12
4.331062034078806846e+02 -4.568164135211764771e-06 -9.274689234609391802e-12
4.332312034078806846e+02 -4.558651498155675446e-06 -9.203198850868259688e-12
4.333562034078806846e+02 -4.549156615142527120e-06 -9.132258361030034992e-12
4.334812034078806846e+02 -4.539679458326268352e-06 -9.061863544995520490e-12
4.336062034078806846e+02 -4.530219999893007851e-06 -8.992010214972789690e-12
4.337312034078806846e+02 -4.520778212060586717e-06 -8.922694215230376818e-12
4.338562034078806846e+02 -4.511354067078901169e-06 -8.853911421852686618e-12
4.339812034078806846e+02 -4.501947537229888138e-06 -8.785657742496966429e-12
4.341062034078806846e+02 -4.492558594827233894e-06 -8.717929116152120024e-12
4.342312034078806846e+02 -4.483187212216562081e-06 -8.650721512899660495e-12
4.343562034078806846e+02 -4.473833361775364267e-06 -8.584030933676152705e-12
4.344812034078806846e+02 -4.464497015912985539e-06 -8.517853410037668757e-12
4.346062034078806846e+02 -4.455178147070559283e-06 -8.452185003925823519e-12
4.347312034078806846e+02 -4.445876727721031750e-06 -8.387021807435944328e-12
4.348562034078806846e+02 -4.436592730369256921e-06 -8.322359942586676956e-12
4.349812034078806846e+02 -4.427326127551613650e-06 -8.258195561091391342e-12
4.351062034078806846e+02 -4.418076891836358874e-06 -8.194524844131569645e-12
4.352312034078806846e+02 -4.408844995823555621e-06 -8.131344002131638634e-12
4.353562034078806846e+02 -4.399630412144751130e-06 -8.068649274535684238e-12
4.354812034078806846e+02 -4.390433113463378350e-06 -8.006436929585696055e-12
4.356062034078806846e+02 -4.381253072474422208e-06 -7.944703264101792574e-12
4.357312034078806846e+02 -4.372090261904527178e-06 -7.883444603263848720e-12
4.358562034078806846e+02 -4.362944654511949855e-06 -7.822657300394808467e-12
4.359812034078806846e+02 -4.353816223086555560e-06 -7.762337736745884445e-12
4.361062034078806846e+02 -4.344704940449871706e-06 -7.702482321283111417e-12
4.362312034078806846e+02 -4.335610779454812511e-06 -7.643087490475709212e-12
4.363562034078806846e+02 -4.326533712985922100e-06 -7.584149708085878682e-12
4.364812034078806846e+02 -4.317473713959358407e-06 -7.525665464960473357e-12
4.366062034078806846e+02 -4.308430755322585702e-06 -7.467631278824026575e-12
4.367312034078806846e+02 -4.299404810054732043e-06 -7.410043694073331199e-12
4.368562034078806846e+02 -4.290395851166324152e-06 -7.352899281573844936e-12
4.369812034078806846e+02 -4.281403851699202712e-06 -7.296194638457380058e-12
4.371062034078806846e+02 -4.272428784726834074e-06 -7.239926387921479788e-12
4.372312034078806846e+02 -4.263470623354020574e-06 -7.184091179030171981e-12
4.373562034078806846e+02 -4.254529340716796347e-06 -7.128685686516509641e-12
4.374812034078806846e+02 -4.245604909982797479e-06 -7.073706610586370785e-12
4.376062034078806846e+02 -4.236697304350818164e-06 -7.019150676723764042e-12
4.377312034078806846e+02 -4.227806497051141046e-06 -6.965014635497830609e-12
4.378562034078806846e+02 -4.218932461345174688e-06 -6.911295262371078910e-12
4.379812034078806846e+02 -4.210075170525689895e-06 -6.857989357509230794e-12
4.381062034078806846e+02 -4.201234597916840890e-06 -6.805093745592359402e-12
4.382312034078806846e+02 -4.192410716873779913e-06 -6.752605275627712895e-12
4.383562034078806846e+02 -4.183603500783111233e-06 -6.700520820763746641e-12
4.384812034078806846e+02 -4.174812923062598919e-06 -6.648837278105585201e-12
4.386062034078806846e+02 -4.166038957161044868e-06 -6.597551568532077279e-12
4.387312034078806846e+02 -4.157281576558643712e-06 -6.546660636514037323e-12
4.388562034078806846e+02 -4.148540754766591491e-06 -6.496161449933995276e-12
4.389812034078806846e+02 -4.139816465327275382e-06 -6.446050999907184676e-12
4.391062034078806846e+02 -4.131108681814161900e-06 -6.396326300604127759e-12
4.392312034078806846e+02 -4.122417377831821452e-06 -6.346984389074366024e-12
4.393562034078806846e+02 -4.113742527015999497e-06 -6.298022325071534145e-12
4.394812034078806846e+02 -4.105084103033284501e-06 -6.249437190879963045e-12
4.396062034078806846e+02 -4.096442079581511131e-06 -6.201226091142393685e-12
4.397312034078806846e+02 -4.087816430389450237e-06 -6.153386152689131148e-12
4.398562034078806846e+02 -4.079207129216788525e-06 -6.105914524368360328e-12
4.399812034078806846e+02 -4.070614149854363185e-06 -6.058808376877989968e-12
4.401062034078806846e+02 -4.062037466123864581e-06 -6.012064902598568641e-12
4.402312034078806846e+02 -4.053477051877946368e-06 -5.965681315427483500e-12
4.403562034078806846e+02 -4.044932881000174666e-06 -5.919654850614608218e-12
4.404812034078806846e+02 -4.036404927405078040e-06 -5.873982764598999438e-12
4.406062034078806846e+02 -4.027893165038000960e-06 -5.828662334846955977e-12
4.407312034078806846e+02 -4.019397567875180879e-06 -5.783690859691196007e-12
4.408562034078806846e+02 -4.010918109923765180e-06 -5.739065658171457580e-12
4.409812034078806846e+02 -4.002454765221692587e-06 -5.694784069876139580e-12
4.411062034078806846e+02 -3.994007507837622859e-06 -5.650843454785142256e-12
4.412312034078806846e+02 -3.985576311871187518e-06 -5.607241193114091503e-12
4.413562034078806846e+02 -3.977161151452673901e-06 -5.563974685159545417e-12
4.414812034078806846e+02 -3.968762000743157299e-06 -5.521041351145514328e-12
4.416062034078806846e+02 -3.960378833934448441e-06 -5.478438631071007533e-12
4.417312034078806846e+02 -3.952011625249116361e-06 -5.436163984558972672e-12
4.418562034078806846e+02 -3.943660348940390148e-06 -5.394214890706151941e-12
4.419812034078806846e+02 -3.935324979292170799e-06 -5.352588847934234013e-12
4.421062034078806846e+02 -3.927005490619150653e-06 -5.311283373842008426e-12
4.422312034078806846e+02 -3.918701857266476271e-06 -5.270296005058844758e-12
4.423562034078806846e+02 -3.910414053610051676e-06 -5.229624297099107221e-12
4.424812034078806846e+02 -3.902142054056412990e-06 -5.189265824217692900e-12
4.426062034078806846e+02 -3.893885833042625094e-06 -5.149218179266836607e-12
4.427312034078806846e+02 -3.885645365036346009e-06 -5.109478973553813204e-12
4.428562034078806846e+02 -3.877420624535798091e-06 -5.070045836699849988e-12
4.429812034078806846e+02 -3.869211586069746855e-06 -5.030916416499993898e-12
4.431062034078806846e+02 -3.861018224197492511e-06 -4.992088378784229990e-12
4.432312034078806846e+02 -3.852840513508803887e-06 -4.953559407279508676e-12
4.433562034078806846e+02 -3.844678428623970952e-06 -4.915327203472805335e-12
4.434812034078806846e+02 -3.836531944193729426e-06 -4.877389486475404523e-12
4.436062034078806846e+02 -3.828401034899246383e-06 -4.839743992888028342e-12
4.437312034078806846e+02 -3.820285675452253231e-06 -4.802388476667103790e-12
4.438562034078806846e+02 -3.812185840594695046e-06 -4.765320708991952611e-12
4.439812034078806846e+02 -3.804101505099008395e-06 -4.728538478133150833e-12
4.441062034078806846e+02 -3.796032643768110749e-06 -4.692039589321754260e-12
4.442312034078806846e+02 -3.787979231435042189e-06 -4.655821864619511896e-12
4.443562034078806846e+02 -3.779941242963442707e-06 -4.619883142790226433e-12
4.444812034078806846e+02 -3.771918653247113022e-06 -4.584221279171922535e-12
4.446062034078806846e+02 -3.763911437210215747e-06 -4.548834145550096761e-12
4.447312034078806846e+02 -3.755919569807186456e-06 -4.513719630031835856e-12
4.448562034078806846e+02 -3.747943026022721395e-06 -4.478875636921048193e-12
4.449812034078806846e+02 -3.739981780871875319e-06 -4.444300086594511077e-12
4.451062034078806846e+02 -3.732035809399778584e-06 -4.409990915378867215e-12
4.452312034078806846e+02 -3.724105086681841275e-06 -4.375946075428688276e-12
4.453562034078806846e+02 -3.716189587823791333e-06 -4.342163534605326047e-12
4.454812034078806846e+02 -3.708289287961309897e-06 -4.308641276356774149e-12
4.456062034078806846e+02 -3.700404162260471768e-06 -4.275377299598349651e-12
4.457312034078806846e+02 -3.692534185917398970e-06 -4.242369618594451481e-12
4.458562034078806846e+02 -3.684679334158254822e-06 -4.209616262841072510e-12
4.459812034078806846e+02 -3.676839582239495502e-06 -4.177115276949209084e-12
4.461062034078806846e+02 -3.669014905447514725e-06 -4.144864720529303735e-12
4.462312034078806846e+02 -3.661205279098952056e-06 -4.112862668076409249e-12
4.463562034078806846e+02 -3.653410678540315137e-06 -4.081107208856329352e-12
4.464812034078806846e+02 -3.645631079148242688e-06 -4.049596446792530032e-12
4.466062034078806846e+02 -3.637866456329486723e-06 -4.018328500354063843e-12
4.467312034078806846e+02 -3.630116785520596178e-06 -3.987301502444223634e-12
4.468562034078806846e+02 -3.622382042188334081e-06 -3.956513600290036391e-12
4.469812034078806846e+02 -3.614662201829320945e-06 -3.925962955332738545e-12
4.471062034078806846e+02 -3.606957239970071196e-06 -3.895647743118940332e-12
4.472312034078806846e+02 -3.599267132167182480e-06 -3.865566153192702146e-12
4.473562034078806846e+02 -3.591591854007065887e-06 -3.835716388988360528e-12
4.474812034078806846e+02 -3.583931381106086977e-06 -3.806096667724302507e-12
4.476062034078806846e+02 -3.576285689110459485e-06 -3.776705220297427367e-12
4.477312034078806846e+02 -3.568654753696265218e-06 -3.747540291178419443e-12
4.478562034078806846e+02 -3.561038550569513353e-06 -3.718600138307939380e-12
4.479812034078806846e+02 -3.553437055465892254e-06 -3.689883032993468083e-12
4.481062034078806846e+02 -3.545850244151051110e-06 -3.661387259807024706e-12
4.482312034078806846e+02 -3.538278092420400038e-06 -3.633111116483588226e-12
4.483562034078806846e+02 -3.530720576099021565e-06 -3.605052913820416474e-12
4.484812034078806846e+02 -3.523177671041925162e-06 -3.577210975577023928e-12
4.486062034078806846e+02 -3.515649353133778313e-06 -3.549583638375922863e-12
4.487312034078806846e+02 -3.508135598288907360e-06 -3.522169251604231270e-12
4.488562034078806846e+02 -3.500636382451510532e-06 -3.494966177315910445e-12
4.489812034078806846e+02 -3.493151681595359367e-06 -3.467972790134827339e-12
4.491062034078806846e+02 -3.485681471723937200e-06 -3.441187477158474855e-12
4.492312034078806846e+02 -3.478225728870372251e-06 -3.414608637862550424e-12
4.493562034078806846e+02 -3.470784429097411786e-06 -3.388234684006164659e-12
4.494812034078806846e+02 -3.463357548497545364e-06 -3.362064039537761683e-12
4.496062034078806846e+02 -3.455945063192672795e-06 -3.336095140501865819e-12
4.497312034078806846e+02 -3.448546949334453973e-06 -3.310326434946434940e-12
4.498562034078806846e+02 -3.441163183104059417e-06 -3.284756382830971121e-12
4.499812034078806846e+02 -3.433793740712118604e-06 -3.259383455935284805e-12
4.501062034078806846e+02 -3.426438598398973236e-06 -3.234206137769053420e-12
4.502312034078806846e+02 -3.419097732434360867e-06 -3.209222923481981004e-12
4.503562034078806846e+02 -3.411771119117552126e-06 -3.184432319774629512e-12
4.504812034078806846e+02 -3.404458734777299047e-06 -3.159832844810049022e-12
4.506062034078806846e+02 -3.397160555771826601e-06 -3.135423028125958865e-12
4.507312034078806846e+02 -3.389876558488808552e-06 -3.111201410547669091e-12
4.508562034078806846e+02 -3.382606719345319175e-06 -3.087166544101602132e-12
4.509812034078806846e+02 -3.375351014787945495e-06 -3.063316991929586304e-12
4.511062034078806846e+02 -3.368109421292526395e-06 -3.039651328203701446e-12
4.512312034078806846e+02 -3.360881915364352090e-06 -3.016168138041774823e-12
4.513562034078806846e+02 -3.353668473538135337e-06 -2.992866017423625857e-12
4.514812034078806846e+02 -3.346469072377843289e-06 -2.969743573107835930e-12
4.516062034078806846e+02 -3.339283688476811428e-06 -2.946799422549224592e-12
4.517312034078806846e+02 -3.332112298457661823e-06 -2.924032193816883960e-12
4.518562034078806846e+02 -3.324954878972337011e-06 -2.901440525512953867e-12
4.519812034078806846e+02 -3.317811406702025459e-06 -2.879023066691916413e-12
4.521062034078806846e+02 -3.310681858357187401e-06 -2.856778476780510912e-12
4.522312034078806846e+02 -3.303566210677589139e-06 -2.834705425498351610e-12
4.523562034078806846e+02 -3.296464440432083237e-06 -2.812802592779052300e-12
4.524812034078806846e+02 -3.289376524418804616e-06 -2.791068668692006864e-12
4.526062034078806846e+02 -3.282302439465137512e-06 -2.769502353364715476e-12
4.527312034078806846e+02 -3.275242162427499063e-06 -2.748102356905801876e-12
4.528562034078806846e+02 -3.268195670191598077e-06 -2.726867399328527843e-12
4.529812034078806846e+02 -3.261162939672187276e-06 -2.705796210474889272e-12
4.531062034078806846e+02 -3.254143947813178912e-06 -2.684887529940387976e-12
4.532312034078806846e+02 -3.247138671587560069e-06 -2.664140106999275240e-12
4.533562034078806846e+02 -3.240147087997421034e-06 -2.643552700530424643e-12
4.534812034078806846e+02 -3.233169174073973512e-06 -2.623124078943715003e-12
4.536062034078806846e+02 -3.226204906877353689e-06 -2.602853020107074095e-12
4.537312034078806846e+02 -3.219254263496795024e-06 -2.582738311273988474e-12
4.538562034078806846e+02 -3.212317221050623598e-06 -2.562778749011570258e-12
4.539812034078806846e+02 -3.205393756685999336e-06 -2.542973139129260869e-12
4.541062034078806846e+02 -3.198483847579220945e-06 -2.523320296607980671e-12
4.542312034078806846e+02 -3.191587470935479851e-06 -2.503819045529878796e-12
4.543562034078806846e+02 -3.184704603988846219e-06 -2.484468219008564822e-12
4.544812034078806846e+02 -3.177835224002443444e-06 -2.465266659119964875e-12
4.546062034078806846e+02 -3.170979308268240208e-06 -2.446213216833622828e-12
4.547312034078806846e+02 -3.164136834107101294e-06 -2.427306751944529384e-12
4.548562034078806846e+02 -3.157307778868770228e-06 -2.408546133005548133e-12
4.549812034078806846e+02 -3.150492119931826080e-06 -2.389930237260274568e-12
4.551062034078806846e+02 -3.143689834703780447e-06 -2.371457950576457749e-12
4.552312034078806846e+02 -3.136900900620838590e-06 -2.353128167379878757e-12
4.553562034078806846e+02 -3.130125295148069264e-06 -2.334939790588824101e-12
4.554812034078806846e+02 -3.123362995779397945e-06 -2.316891731548976340e-12
4.556062034078806846e+02 -3.116613980037377702e-06 -2.298982909968809584e-12
4.557312034078806846e+02 -3.109878225473444161e-06 -2.281212253855548831e-12
4.558562034078806846e+02 -3.103155709667737196e-06 -2.263578699451540470e-12
4.559812034078806846e+02 -3.096446410229023856e-06 -2.246081191171154722e-12
4.561062034078806846e+02 -3.089750304794909273e-06 -2.228718681538121856e-12
4.562312034078806846e+02 -3.083067371031581284e-06 -2.211490131123431042e-12
4.563562034078806846e+02 -3.076397586633984068e-06 -2.194394508483630274e-12
4.564812034078806846e+02 -3.069740929325595805e-06 -2.177430790099595205e-12
4.566062034078806846e+02 -3.063097376858599351e-06 -2.160597960315841243e-12
4.567312034078806846e+02 -3.056466907013836920e-06 -2.143895011280220942e-12
4.568562034078806846e+02 -3.049849497600594096e-06 -2.127320942884125880e-12
4.569812034078806846e+02 -3.043245126456903910e-06 -2.110874762703100097e-12
4.571062034078806846e+02 -3.036653771449269020e-06 -2.094555485937989505e-12
4.572312034078806846e+02 -3.030075410472708717e-06 -2.078362135356464500e-12
4.573562034078806846e+02 -3.023510021450865232e-06 -2.062293741234996153e-12
4.574812034078806846e+02 -3.016957582335814419e-06 -2.046349341301341302e-12
4.576062034078806846e+02 -3.010418071108141143e-06 -2.030527980677389551e-12
4.577312034078806846e+02 -3.003891465776903285e-06 -2.014828711822500983e-12
4.578562034078806846e+02 -2.997377744379623689e-06 -1.999250594477221538e-12
4.579812034078806846e+02 -2.990876884982247812e-06 -1.983792695607509303e-12
4.581062034078806846e+02 -2.984388865679129328e-06 -1.968454089349314221e-12
4.582312034078806846e+02 -2.977913664593086030e-06 -1.953233856953619451e-12
4.583562034078806846e+02 -2.971451259875271924e-06 -1.938131086731868455e-12
4.584812034078806846e+02 -2.965001629705160719e-06 -1.923144874001873517e-12
4.586062034078806846e+02 -2.958564752290686855e-06 -1.908274321034075666e-12
4.587312034078806846e+02 -2.952140605868037552e-06 -1.893518536998219798e-12
4.588562034078806846e+02 -2.945729168701734134e-06 -1.878876637910496300e-12
4.589812034078806846e+02 -2.939330419084593056e-06 -1.864347746581016294e-12
4.591062034078806846e+02 -2.932944335337717442e-06 -1.849930992561734797e-12
4.592312034078806846e+02 -2.926570895810462350e-06 -1.835625512094728917e-12
4.593562034078806846e+02 -2.920210078880409791e-06 -1.821430448060936882e-12
4.594812034078806846e+02 -2.913861862953446225e-06 -1.807344949929233124e-12
4.596062034078806846e+02 -2.907526226463538527e-06 -1.793368173705889076e-12
4.597312034078806846e+02 -2.901203147872921178e-06 -1.779499281884482699e-12
4.598562034078806846e+02 -2.894892605672029353e-06 -1.765737443396123859e-12
4.599812034078806846e+02 -2.888594578379411247e-06 -1.752081833560099961e-12
4.601062034078806846e+02 -2.882309044541693775e-06 -1.738531634034860847e-12
4.602312034078806846e+02 -2.876035982733737579e-06 -1.725086032769443346e-12
4.603562034078806846e+02 -2.869775371558441784e-06 -1.711744223955207222e-12
4.604812034078806846e+02 -2.863527189646787622e-06 -1.698505407977943114e-12
4.606062034078806846e+02 -2.857291415657833774e-06 -1.685368791370402748e-12
4.607312034078806846e+02 -2.851068028278678253e-06 -1.672333586765130860e-12
4.608562034078806846e+02 -2.844857006224457130e-06 -1.659399012847691328e-12
4.609812034078806846e+02 -2.838658328238282708e-06 -1.646564294310218428e-12
4.611062034078806846e+02 -2.832471973091366759e-06 -1.633828661805384523e-12
4.612312034078806846e+02 -2.826297919582757521e-06 -1.621191351900659759e-12
4.613562034078806846e+02 -2.820136146539521390e-06 -1.608651607032929615e-12
4.614812034078806846e+02 -2.813986632816709881e-06 -1.596208675463509893e-12
4.616062034078806846e+02 -2.807849357297225380e-06 -1.583861811233441599e-12
4.617312034078806846e+02 -2.801724298891919391e-06 -1.571610274119173173e-12
4.618562034078806846e+02 -2.795611436539506570e-06 -1.559453329588538965e-12
4.619812034078806846e+02 -2.789510749206573614e-06 -1.547390248757135761e-12
4.621062034078806846e+02 -2.783422215887561899e-06 -1.535420308344980011e-12
4.622312034078806846e+02 -2.777345815604718775e-06 -1.523542790633498275e-12
4.623562034078806846e+02 -2.771281527408191587e-06 -1.511756983422896928e-12
4.624812034078806846e+02 -2.765229330375804482e-06 -1.500062179989800655e-12
4.626062034078806846e+02 -2.759189203613210872e-06 -1.488457679045250219e-12
4.627312034078806846e+02 -2.753161126253885817e-06 -1.476942784692989611e-12
4.628562034078806846e+02 -2.747145077458909601e-06 -1.465516806388123384e-12
4.629812034078806846e+02 -2.741141036417228623e-06 -1.454179058896044181e-12
4.631062034078806846e+02 -2.735148982345405097e-06 -1.442928862251676323e-12
4.632312034078806846e+02 -2.729168894487714885e-06 -1.431765541719073605e-12
4.633562034078806846e+02 -2.723200752116103873e-06 -1.420688427751280243e-12
4.634812034078806846e+02 -2.717244534530136303e-06 -1.409696855950525221e-12
4.636062034078806846e+02 -2.711300221057104466e-06 -1.398790167028693526e-12
4.637312034078806846e+02 -2.705367791051793224e-06 -1.387967706768148562e-12
4.638562034078806846e+02 -2.699447223896636289e-06 -1.377228825982811239e-12
4.639812034078806846e+02 -2.693538499001701397e-06 -1.366572880479535330e-12
4.641062034078806846e+02 -2.687641595804486178e-06 -1.355999231019823907e-12
4.642312034078806846e+02 -2.681756493770166756e-06 -1.345507243281788928e-12
4.643562034078806846e+02 -2.675883172391380065e-06 -1.335096287822432936e-12
4.644812034078806846e+02 -2.670021611188211141e-06 -1.324765740040187228e-12
4.646062034078806846e+02 -2.664171789708344316e-06 -1.314514980137789900e-12
4.647312034078806846e+02 -2.658333687526854429e-06 -1.304343393085398560e-12
4.648562034078806846e+02 -2.652507284246299149e-06 -1.294250368583992438e-12
4.649812034078806846e+02 -2.646692559496645708e-06 -1.284235301029091141e-12
4.651062034078806846e+02 -2.640889492935268359e-06 -1.274297589474707671e-12
4.652312034078806846e+02 -2.635098064247009362e-06 -1.264436637597604374e-12
4.653562034078806846e+02 -2.629318253143955371e-06 -1.254651853661795859e-12
4.654812034078806846e+02 -2.623550039365677563e-06 -1.244942650483367575e-12
4.656062034078806846e+02 -2.617793402679040635e-06 -1.235308445395523584e-12
4.657312034078806846e+02 -2.612048322878165109e-06 -1.225748660213903147e-12
4.658562034078806846e+02 -2.606314779784584882e-06 -1.216262721202202032e-12
4.659812034078806846e+02 -2.600592753247067655e-06 -1.206850059038012542e-12
4.661062034078806846e+02 -2.594882223141582745e-06 -1.197510108778951519e-12
4.662312034078806846e+02 -2.589183169371470067e-06 -1.188242309829022408e-12
4.663562034078806846e+02 -2.583495571867212707e-06 -1.179046105905278219e-12
4.664812034078806846e+02 -2.577819410586523744e-06 -1.169920945004698357e-12
4.666062034078806846e+02 -2.572154665514311095e-06 -1.160866279371323745e-12
4.667312034078806846e+02 -2.566501316662630932e-06 -1.151881565463677496e-12
4.668562034078806846e+02 -2.560859344070768993e-06 -1.142966263922395213e-12
4.669812034078806846e+02 -2.555228727805027134e-06 -1.134119839538127919e-12
4.671062034078806846e+02 -2.549609447958937200e-06 -1.125341761219666318e-12
4.672312034078806846e+02 -2.544001484653075531e-06 -1.116631501962347988e-12
4.673562034078806846e+02 -2.538404818035053214e-06 -1.107988538816673597e-12
4.674812034078806846e+02 -2.532819428279650344e-06 -1.099412352857159789e-12
4.676062034078806846e+02 -2.527245295588605532e-06 -1.090902429151469763e-12
4.677312034078806846e+02 -2.521682400190703998e-06 -1.082458256729738317e-12
4.678562034078806846e+02 -2.516130722341735222e-06 -1.074079328554156003e-12
4.679812034078806846e+02 -2.510590242324471761e-06 -1.065765141488764506e-12
4.681062034078806846e+02 -2.505060940448665446e-06 -1.057515196269519014e-12
4.682312034078806846e+02 -2.499542797050981307e-06 -1.049328997474547879e-12
4.683562034078806846e+02 -2.494035792495072963e-06 -1.041206053494639477e-12
4.684812034078806846e+02 -2.488539907171466575e-06 -1.033145876503988369e-12
4.686062034078806846e+02 -2.483055121497532473e-06 -1.025147982431128465e-12
4.687312034078806846e+02 -2.477581415917621105e-06 -1.017211890930112158e-12
4.688562034078806846e+02 -2.472118770902855935e-06 -1.009337125351885960e-12
4.689812034078806846e+02 -2.466667166951216876e-06 -1.001523212715925032e-12
4.691062034078806846e+02 -2.461226584587501331e-06 -9.937696836820478544e-13
4.692312034078806846e+02 -2.455797004363304281e-06 -9.860760725224522279e-13
4.693562034078806846e+02 -2.450378406856990340e-06 -9.784419170939948302e-13
4.694812034078806846e+02 -2.444970772673685276e-06 -9.708667588106452525e-13
4.696062034078806846e+02 -2.439574082445299313e-06 -9.633501426161773264e-13
4.697312034078806846e+02 -2.434188316830374662e-06 -9.558916169570456373e-13
4.698562034078806846e+02 -2.428813456514204524e-06 -9.484907337555039721e-13
4.699812034078806846e+02 -2.423449482208795831e-06 -9.411470483829014812e-13
4.701062034078806846e+02 -2.418096374652770979e-06 -9.338601196331801837e-13
4.702312034078806846e+02 -2.412754114611415271e-06 -9.266295096966087513e-13
4.703562034078806846e+02 -2.407422682876633289e-06 -9.194547841336826985e-13
4.704812034078806846e+02 -2.402102060266945508e-06 -9.123355118492444938e-13
4.706062034078806846e+02 -2.396792227627443827e-06 -9.052712650667813867e-13
4.707312034078806846e+02 -2.391493165829793261e-06 -8.982616193029558778e-13
4.708562034078806846e+02 -2.386204855772252698e-06 -8.913061533422990610e-13
4.709812034078806846e+02 -2.380927278379525816e-06 -8.844044492120982405e-13
4.711062034078806846e+02 -2.375660414602873740e-06 -8.775560921575083058e-13
4.712312034078806846e+02 -2.370404245420081586e-06 -8.707606706168184051e-13
4.713562034078806846e+02 -2.365158751835339452e-06 -8.640177761969305643e-13
4.714812034078806846e+02 -2.359923914879312720e-06 -8.573270036490047108e-13
4.716062034078806846e+02 -2.354699715609155610e-06 -8.506879508443232150e-13
4.717312034078806846e+02 -2.349486135108330762e-06 -8.441002187503110339e-13
4.718562034078806846e+02 -2.344283154486792195e-06 -8.375634114067422521e-13
4.719812034078806846e+02 -2.339090754880829455e-06 -8.310771359021529140e-13
4.721062034078806846e+02 -2.333908917453078620e-06 -8.246410023504075378e-13
4.722312034078806846e+02 -2.328737623392529083e-06 -8.182546238674608137e-13
4.723562034078806846e+02 -2.323576853914462565e-06 -8.119176165482819701e-13
4.724812034078806846e+02 -2.318426590260518754e-06 -8.056295994439826043e-13
4.726062034078806846e+02 -2.313286813698541577e-06 -7.993901945390959736e-13
4.727312034078806846e+02 -2.308157505522658390e-06 -7.931990267290298611e-13
4.728562034078806846e+02 -2.303038647053289725e-06 -7.870557237977174524e-13
4.729812034078806846e+02 -2.297930219636970984e-06 -7.809599163954105853e-13
4.731062034078806846e+02 -2.292832204646541333e-06 -7.749112380166630331e-13
4.732312034078806846e+02 -2.287744583480973867e-06 -7.689093249784616147e-13
4.733562034078806846e+02 -2.282667337565372648e-06 -7.629538163985559200e-13
4.734812034078806846e+02 -2.277600448351046396e-06 -7.570443541739283902e-13
4.736062034078806846e+02 -2.272543897315376777e-06 -7.511805829594286826e-13
4.737312034078806846e+02 -2.267497665961901410e-06 -7.453621501465977664e-13
4.738562034078806846e+02 -2.262461735820168177e-06 -7.395887058426255060e-13
4.739812034078806846e+02 -2.257436088445822895e-06 -7.338599028494881804e-13
4.741062034078806846e+02 -2.252420705420608462e-06 -7.281753966432262558e-13
4.742312034078806846e+02 -2.247415568352177248e-06 -7.225348453534124945e-13
4.743562034078806846e+02 -2.242420658874296069e-06 -7.169379097427486043e-13
4.744812034078806846e+02 -2.237435958646664502e-06 -7.113842531868220326e-13
4.746062034078806846e+02 -2.232461449354917005e-06 -7.058735416540405756e-13
4.747312034078806846e+02 -2.227497112710706767e-06 -7.004054436856927017e-13
4.748562034078806846e+02 -2.222542930451557482e-06 -6.949796303761799339e-13
4.749812034078806846e+02 -2.217598884340915865e-06 -6.895957753533822150e-13
4.751062034078806846e+02 -2.212664956168111417e-06 -6.842535547592013925e-13
4.752312034078806846e+02 -2.207741127748330163e-06 -6.789526472302273857e-13
4.753562034078806846e+02 -2.202827380922654048e-06 -6.736927338785683362e-13
4.754812034078806846e+02 -2.197923697557894486e-06 -6.684734982728120237e-13
4.756062034078806846e+02 -2.193030059546768549e-06 -6.632946264191598477e-13
4.757312034078806846e+02 -2.188146448807727014e-06 -6.581558067426803617e-13
4.758562034078806846e+02 -2.183272847284972157e-06 -6.530567300687099279e-13
4.759812034078806846e+02 -2.178409236948509418e-06 -6.479970896044152325e-13
4.761062034078806846e+02 -2.173555599794019497e-06 -6.429765809204743450e-13
4.762312034078806846e+02 -2.168711917842916381e-06 -6.379949019329120669e-13
4.763562034078806846e+02 -2.163878173142282544e-06 -6.330517528850620016e-13
4.764812034078806846e+02 -2.159054347764887579e-06 -6.281468363296871547e-13
4.766062034078806846e+02 -2.154240423809130603e-06 -6.232798571112199870e-13
4.767312034078806846e+02 -2.149436383399028821e-06 -6.184505223481373680e-13
4.768562034078806846e+02 -2.144642208684247172e-06 -6.136585414154909297e-13
4.769812034078806846e+02 -2.139857881840003885e-06 -6.089036259275487945e-13
4.771062034078806846e+02 -2.135083385067056503e-06 -6.041854897205855330e-13
4.772312034078806846e+02 -2.130318700591778116e-06 -5.995038488357883437e-13
4.773562034078806846e+02 -2.125563810666025222e-06 -5.948584215023176217e-13
4.774812034078806846e+02 -2.120818697567129685e-06 -5.902489281204784981e-13
4.776062034078806846e+02 -2.116083343597979622e-06 -5.856750912450202133e-13
4.777312034078806846e+02 -2.111357731086880913e-06 -5.811366355685836188e-13
4.778562034078806846e+02 -2.106641842387595746e-06 -5.766332879052539949e-13
4.779812034078806846e+02 -2.101935659879310848e-06 -5.721647771742530121e-13
4.781062034078806846e+02 -2.097239165966615464e-06 -5.677308343837433781e-13
4.782312034078806846e+02 -2.092552343079489922e-06 -5.633311926147777779e-13
4.783562034078806846e+02 -2.087875173673254813e-06 -5.589655870053532311e-13
4.784812034078806846e+02 -2.083207640228637479e-06 -5.546337547345872231e-13
4.786062034078806846e+02 -2.078549725251603880e-06 -5.503354350070341915e-13
4.787312034078806846e+02 -2.073901411273464473e-06 -5.460703690371007646e-13
4.788562034078806846e+02 -2.069262680850835247e-06 -5.418383000335945891e-13
4.789812034078806846e+02 -2.064633516565557257e-06 -5.376389731843782718e-13
4.791062034078806846e+02 -2.060013901024730077e-06 -5.334721356411606461e-13
4.792312034078806846e+02 -2.055403816860671151e-06 -5.293375365043895178e-13
4.793562034078806846e+02 -2.050803246730895879e-06 -5.252349268082560881e-13
4.794812034078806846e+02 -2.046212173318106610e-06 -5.211640595058359950e-13
4.796062034078806846e+02 -2.041630579330144784e-06 -5.171246894543232509e-13
4.797312034078806846e+02 -2.037058447500054883e-06 -5.131165734003881760e-13
4.798562034078806846e+02 -2.032495760585912483e-06 -5.091394699656386290e-13
4.799812034078806846e+02 -2.027942501370935639e-06 -5.051931396322091719e-13
4.801062034078806846e+02 -2.023398652663456086e-06 -5.012773447284451501e-13
4.802312034078806846e+02 -2.018864197296773549e-06 -4.973918494146977439e-13
4.803562034078806846e+02 -2.014339118129318797e-06 -4.935364196692420059e-13
4.804812034078806846e+02 -2.009823398044482966e-06 -4.897108232742868862e-13
4.806062034078806846e+02 -2.005317019950667533e-06 -4.859148298021026908e-13
4.807312034078806846e+02 -2.000819966781246626e-06 -4.821482106012439599e-13
4.808562034078806846e+02 -1.996332221494537373e-06 -4.784107387828966463e-13
4.809812034078806846e+02 -1.991853767073845224e-06 -4.747021892073134438e-13
4.811062034078806846e+02 -1.987384586527308938e-06 -4.710223384703539269e-13
4.812312034078806846e+02 -1.982924662887998420e-06 -4.673709648901422241e-13
4.813562034078806846e+02 -1.978473979213891848e-06 -4.637478484938125396e-13
4.814812034078806846e+02 -1.974032518587729140e-06 -4.601527710043633226e-13
4.816062034078806846e+02 -1.969600264117176698e-06 -4.565855158276048376e-13
4.817312034078806846e+02 -1.965177198934660543e-06 -4.530458680392228053e-13
4.818562034078806846e+02 -1.960763306197369282e-06 -4.495336143719253967e-13
4.819812034078806846e+02 -1.956358569087326530e-06 -4.460485432026908487e-13
4.821062034078806846e+02 -1.951962970811239284e-06 -4.425904445401262018e-13
4.822312034078806846e+02 -1.947576494600610166e-06 -4.391591100119067661e-13
4.823562034078806846e+02 -1.943199123711572240e-06 -4.357543328523228730e-13
4.824812034078806846e+02 -1.938830841424974996e-06 -4.323759078899119500e-13
4.826062034078806846e+02 -1.934471631046368672e-06 -4.290236315352008585e-13
4.827312034078806846e+02 -1.930121475905876357e-06 -4.256973017685290123e-13
4.828562034078806846e+02 -1.925780359358275305e-06 -4.223967181279649975e-13
4.829812034078806846e+02 -1.921448264782985920e-06 -4.191216816973287098e-13
4.831062034078806846e+02 -1.917125175583923532e-06 -4.158719950942919504e-13
4.832312034078806846e+02 -1.912811075189638999e-06 -4.126474624585778231e-13
4.833562034078806846e+02 -1.908505947053189113e-06 -4.094478894402427303e-13
4.834812034078806846e+02 -1.904209774652115846e-06 -4.062730831880628758e-13
4.836062034078806846e+02 -1.899922541488524705e-06 -4.031228523379961455e-13
4.837312034078806846e+02 -1.895644231088948354e-06 -3.999970070017343600e-13
4.838562034078806846e+02 -1.891374827004387910e-06 -3.968953587553538758e-13
4.839812034078806846e+02 -1.887114312810273345e-06 -3.938177206280411095e-13
4.841062034078806846e+02 -1.882862672106437437e-06 -3.907639070909118675e-13
4.842312034078806846e+02 -1.878619888517152618e-06 -3.877337340459092324e-13
4.843562034078806846e+02 -1.874385945690974484e-06 -3.847270188147995471e-13
4.844812034078806846e+02 -1.870160827300888120e-06 -3.817435801282408979e-13
4.846062034078806846e+02 -1.865944517044174481e-06 -3.787832381149357593e-13
4.847312034078806846e+02 -1.861736998642386673e-06 -3.758458142908790094e-13
4.848562034078806846e+02 -1.857538255841428096e-06 -3.729311315486747082e-13
4.849812034078806846e+02 -1.853348272411421996e-06 -3.700390141469433496e-13
4.851062034078806846e+02 -1.849167032146745984e-06 -3.671692876998026721e-13
4.852312034078806846e+02 -1.844994518865997946e-06 -3.643217791664417201e-13
4.853562034078806846e+02 -1.840830716411972106e-06 -3.614963168407638698e-13
4.854812034078806846e+02 -1.836675608651652472e-06 -3.586927303411090192e-13
4.856062034078806846e+02 -1.832529179476157982e-06 -3.559108506000666048e-13
4.857312034078806846e+02 -1.828391412800784011e-06 -3.531505098543537458e-13
4.858562034078806846e+02 -1.824262292564910897e-06 -3.504115416347788638e-13
4.859812034078806846e+02 -1.820141802731988473e-06 -3.476937807562751759e-13
4.861062034078806846e+02 -1.816029927289602778e-06 -3.449970633080225913e-13
4.862312034078806846e+02 -1.811926650249341800e-06 -3.423212266436347865e-13
4.863562034078806846e+02 -1.807831955646838041e-06 -3.396661093714218091e-13
4.864812034078806846e+02 -1.803745827541735689e-06 -3.370315513447377020e-13
4.866062034078806846e+02 -1.799668250017653568e-06 -3.344173936523908831e-13
4.867312034078806846e+02 -1.795599207182189157e-06 -3.318234786091353044e-13
4.868562034078806846e+02 -1.791538683166867556e-06 -3.292496497462270420e-13
4.869812034078806846e+02 -1.787486662127178121e-06 -3.266957518020659069e-13
4.871062034078806846e+02 -1.783443128242447834e-06 -3.241616307128977409e-13
4.872312034078806846e+02 -1.779408065715918804e-06 -3.216471336035886570e-13
4.873562034078806846e+02 -1.775381458774704011e-06 -3.191521087784803614e-13
4.874812034078806846e+02 -1.771363291669730132e-06 -3.166764057123039404e-13
4.876062034078806846e+02 -1.767353548675747493e-06 -3.142198750411711949e-13
4.877312034078806846e+02 -1.763352214091295125e-06 -3.117823685536269131e-13
4.878562034078806846e+02 -1.759359272238688067e-06 -3.093637391817829321e-13
4.879812034078806846e+02 -1.755374707463988134e-06 -3.069638409925086442e-13
4.881062034078806846e+02 -1.751398504136986773e-06 -3.045825291786902161e-13
4.882312034078806846e+02 -1.747430646651206750e-06 -3.022196600505665488e-13
4.883562034078806846e+02 -1.743471119423809193e-06 -2.998750910271207219e-13
4.884812034078806846e+02 -1.739519906895642294e-06 -2.975486806275440904e-13
4.886062034078806846e+02 -1.735576993531226909e-06 -2.952402884627602067e-13
4.887312034078806846e+02 -1.731642363818650894e-06 -2.929497752270236169e-13
4.888562034078806846e+02 -1.727716002269626063e-06 -2.906770026895740401e-13
4.889812034078806846e+02 -1.723797893419461512e-06 -2.884218336863545156e-13
4.891062034078806846e+02 -1.719888021826991193e-06 -2.861841321118034124e-13
4.892312034078806846e+02 -1.715986372074596362e-06 -2.839637629106979355e-13
4.893562034078806846e+02 -1.712092928768171487e-06 -2.817605920700672541e-13
4.894812034078806846e+02 -1.708207676537096294e-06 -2.795744866111612666e-13
4.896062034078806846e+02 -1.704330600034224335e-06 -2.774053145814917132e-13
4.897312034078806846e+02 -1.700461683935844866e-06 -2.752529450469248869e-13
4.898562034078806846e+02 -1.696600912941705513e-06 -2.731172480838351309e-13
4.899812034078806846e+02 -1.692748271774914010e-06 -2.709980947713282596e-13
4.901062034078806846e+02 -1.688903745181975468e-06 -2.688953571835137013e-13
4.902312034078806846e+02 -1.685067317932784123e-06 -2.668089083818432323e-13
4.903562034078806846e+02 -1.681238974820516603e-06 -2.647386224075015613e-13
4.904812034078806846e+02 -1.677418700661717482e-06 -2.626843742738659300e-13
4.906062034078806846e+02 -1.673606480296208433e-06 -2.606460399590146861e-13
4.907312034078806846e+02 -1.669802298587054139e-06 -2.586234963982932097e-13
4.908562034078806846e+02 -1.666006140420621157e-06 -2.566166214769459771e-13
4.909812034078806846e+02 -1.662217990706461244e-06 -2.546252940227955791e-13
4.911062034078806846e+02 -1.658437834377379116e-06 -2.526493937989835338e-13
4.912312034078806846e+02 -1.654665656389308781e-06 -2.506888014967618403e-13
4.913562034078806846e+02 -1.650901441721378342e-06 -2.487433987283479935e-13
4.914812034078806846e+02 -1.647145175375877590e-06 -2.468130680198273572e-13
4.916062034078806846e+02 -1.643396842378158909e-06 -2.448976928041143026e-13
4.917312034078806846e+02 -1.639656427776728751e-06 -2.429971574139626236e-13
4.918562034078806846e+02 -1.635923916643143664e-06 -2.411113470750384038e-13
4.919812034078806846e+02 -1.632199294071993351e-06 -2.392401478990382715e-13
4.921062034078806846e+02 -1.628482545180943657e-06 -2.373834468768605150e-13
4.922312034078806846e+02 -1.624773655110636830e-06 -2.355411318718366815e-13
4.923562034078806846e+02 -1.621072609024713335e-06 -2.337130916130059884e-13
4.924812034078806846e+02 -1.617379392109773735e-06 -2.318992156884476943e-13
4.926062034078806846e+02 -1.613693989575358151e-06 -2.300993945386584544e-13
4.927312034078806846e+02 -1.610016386653963202e-06 -2.283135194499896534e-13
4.928562034078806846e+02 -1.606346568600916644e-06 -2.265414825481275274e-13
4.929812034078806846e+02 -1.602684520694491088e-06 -2.247831767916237472e-13
4.931062034078806846e+02 -1.599030228235780117e-06 -2.230384959654824204e-13
4.932312034078806846e+02 -1.595383676548697014e-06 -2.213073346747887718e-13
4.933562034078806846e+02 -1.591744850980005475e-06 -2.195895883383915912e-13
4.934812034078806846e+02 -1.588113736899224309e-06 -2.178851531826296819e-13
4.936062034078806846e+02 -1.584490319698655607e-06 -2.161939262351136170e-13
4.937312034078806846e+02 -1.580874584793334975e-06 -2.145158053185492486e-13
4.938562034078806846e+02 -1.577266517621026034e-06 -2.128506890446083981e-13
4.939812034078806846e+02 -1.573666103642193945e-06 -2.111984768078530867e-13
4.941062034078806846e+02 -1.570073328339976822e-06 -2.095590687796996768e-13
4.942312034078806846e+02 -1.566488177220160325e-06 -2.079323659024333492e-13
4.943562034078806846e+02 -1.562910635811196291e-06 -2.063182698832643323e-13
4.944812034078806846e+02 -1.559340689664094739e-06 -2.047166831884374968e-13
4.946062034078806846e+02 -1.555778324352510476e-06 -2.031275090373799927e-13
4.947312034078806846e+02 -1.552223525472631719e-06 -2.015506513968946770e-13
4.948562034078806846e+02 -1.548676278643176488e-06 -1.999860149754040802e-13
4.949812034078806846e+02 -1.545136569505427126e-06 -1.984335052172319091e-13
4.951062034078806846e+02 -1.541604383723139878e-06 -1.968930282969323866e-13
4.952312034078806846e+02 -1.538079706982549336e-06 -1.953644911136593499e-13
4.953562034078806846e+02 -1.534562524992351503e-06 -1.938478012855855078e-13
4.954812034078806846e+02 -1.531052823483667789e-06 -1.923428671443581240e-13
4.956062034078806846e+02 -1.527550588210038024e-06 -1.908495977295977918e-13
4.957312034078806846e+02 -1.524055804947374299e-06 -1.893679027834455243e-13
4.958562034078806846e+02 -1.520568459493987853e-06 -1.878976927451446811e-13
4.959812034078806846e+02 -1.517088537670507550e-06 -1.864388787456691160e-13
4.961062034078806846e+02 -1.513616025319867385e-06 -1.849913726023881042e-13
4.962312034078806846e+02 -1.510150908307342694e-06 -1.835550868137796112e-13
4.963562034078806846e+02 -1.506693172520453167e-06 -1.821299345541775139e-13
4.964812034078806846e+02 -1.503242803868986569e-06 -1.807158296685598684e-13
4.966062034078806846e+02 -1.499799788284955749e-06 -1.793126866673828931e-13
4.967312034078806846e+02 -1.496364111722585514e-06 -1.779204207214478949e-13
4.968562034078806846e+02 -1.492935760158287427e-06 -1.765389476568123217e-13
4.969812034078806846e+02 -1.489514719590627201e-06 -1.751681839497353216e-13
4.971062034078806846e+02 -1.486100976040346925e-06 -1.738080467216690699e-13
4.972312034078806846e+02 -1.482694515550261313e-06 -1.724584537342825589e-13
4.973562034078806846e+02 -1.479295324185301530e-06 -1.711193233845241609e-13
4.974812034078806846e+02 -1.475903388032500584e-06 -1.697905746997271320e-13
4.976062034078806846e+02 -1.472518693200885116e-06 -1.684721273327473258e-13
4.977312034078806846e+02 -1.469141225821572178e-06 -1.671639015571412460e-13
4.978562034078806846e+02 -1.465770972047647887e-06 -1.658658182623783048e-13
4.979812034078806846e+02 -1.462407918054194751e-06 -1.645777989490953134e-13
4.981062034078806846e+02 -1.459052050038258629e-06 -1.632997657243824002e-13
4.982312034078806846e+02 -1.455703354218808498e-06 -1.620316412971051293e-13
4.983562034078806846e+02 -1.452361816836774782e-06 -1.607733489732681188e-13
4.984812034078806846e+02 -1.449027424154925898e-06 -1.595248126514080674e-13
4.986062034078806846e+02 -1.445700162457928180e-06 -1.582859568180261365e-13
4.987312034078806846e+02 -1.442380018052321108e-06 -1.570567065430517351e-13
4.988562034078806846e+02 -1.439066977266416718e-06 -1.558369874753470472e-13
4.989812034078806846e+02 -1.435761026450386215e-06 -1.546267258382411202e-13
4.991062034078806846e+02 -1.432462151976157903e-06 -1.534258484250981575e-13
4.992312034078806846e+02 -1.429170340237396860e-06 -1.522342825949249145e-13
4.993562034078806846e+02 -1.425885577649551518e-06 -1.510519562680066687e-13
4.994812034078806846e+02 -1.422607850649749909e-06 -1.498787979215796937e-13
4.996062034078806846e+02 -1.419337145696825282e-06 -1.487147365855340491e-13
4.997312034078806846e+02 -1.416073449271276295e-06 -1.475597018381546158e-13
4.998562034078806846e+02 -1.412816747875238853e-06 -1.464136238018902514e-13
4.999812034078806846e+02 -1.409567028032503467e-06 -1.452764331391555864e-13
5.001062034078806846e+02 -1.406324276288418698e-06 -1.441480610481693728e-13
5.002312034078806846e+02 -1.403088479209928845e-06 -1.430284392588204738e-13
5.003562034078806846e+02 -1.399859623385561879e-06 -1.419175000285679081e-13
5.004812034078806846e+02 -1.396637695425323560e-06 -1.408151761383700245e-13
5.006062034078806846e+02 -1.393422681960781932e-06 -1.397214008886497496e-13
5.007312034078806846e+02 -1.390214569644970336e-06 -1.386361080952864425e-13
5.008562034078806846e+02 -1.387013345152364539e-06 -1.375592320856386727e-13
5.009812034078806846e+02 -1.383818995178929324e-06 -1.364907076946018844e-13
5.011062034078806846e+02 -1.380631506442010067e-06 -1.354304702606917338e-13
5.012312034078806846e+02 -1.377450865680385254e-06 -1.343784556221602936e-13
5.013562034078806846e+02 -1.374277059654164412e-06 -1.333346001131393177e-13
5.014812034078806846e+02 -1.371110075144827077e-06 -1.322988405598181666e-13
5.016062034078806846e+02 -1.367949898955210931e-06 -1.312711142766465461e-13
5.017312034078806846e+02 -1.364796517909405075e-06 -1.302513590625666554e-13
5.018562034078806846e+02 -1.361649918852829022e-06 -1.292395131972786565e-13
5.019812034078806846e+02 -1.358510088652142903e-06 -1.282355154375300742e-13
5.021062034078806846e+02 -1.355377014195223755e-06 -1.272393050134364734e-13
5.022312034078806846e+02 -1.352250682391210837e-06 -1.262508216248281368e-13
5.023562034078806846e+02 -1.349131080170400594e-06 -1.252700054376287012e-13
5.024812034078806846e+02 -1.346018194484269321e-06 -1.242967970802583807e-13
5.026062034078806846e+02 -1.342912012305438855e-06 -1.233311376400643018e-13
5.027312034078806846e+02 -1.339812520627646504e-06 -1.223729686597826204e-13
5.028562034078806846e+02 -1.336719706465764320e-06 -1.214222321340233820e-13
5.029812034078806846e+02 -1.333633556855687288e-06 -1.204788705057850448e-13
5.031062034078806846e+02 -1.330554058854420996e-06 -1.195428266629933108e-13
5.032312034078806846e+02 -1.327481199539977026e-06 -1.186140439350708308e-13
5.033562034078806846e+02 -1.324414966011357495e-06 -1.176924660895295272e-13
5.034812034078806846e+02 -1.321355345388598675e-06 -1.167780373285891699e-13
5.036062034078806846e+02 -1.318302324812666603e-06 -1.158707022858256644e-13
5.037312034078806846e+02 -1.315255891445479519e-06 -1.149704060228411749e-13
5.038562034078806846e+02 -1.312216032469875261e-06 -1.140770940259620917e-13
5.039812034078806846e+02 -1.309182735089583100e-06 -1.131907122029603485e-13
5.041062034078806846e+02 -1.306155986529208704e-06 -1.123112068798036308e-13
5.042312034078806846e+02 -1.303135774034202374e-06 -1.114385247974272565e-13
5.043562034078806846e+02 -1.300122084870866033e-06 -1.105726131085304410e-13
5.044812034078806846e+02 -1.297114906326268947e-06 -1.097134193744032590e-13
5.046062034078806846e+02 -1.294114225708278004e-06 -1.088608915617683357e-13
5.047312034078806846e+02 -1.291120030345534848e-06 -1.080149780396546605e-13
5.048562034078806846e+02 -1.288132307587397641e-06 -1.071756275762951673e-13
5.049812034078806846e+02 -1.285151044803945512e-06 -1.063427893360414051e-13
5.051062034078806846e+02 -1.282176229385943829e-06 -1.055164128763089295e-13
5.052312034078806846e+02 -1.279207848744826835e-06 -1.046964481445459942e-13
5.053562034078806846e+02 -1.276245890312675201e-06 -1.038828454752190173e-13
5.054812034078806846e+02 -1.273290341542192521e-06 -1.030755555868279474e-13
5.056062034078806846e+02 -1.270341189906675664e-06 -1.022745295789445651e-13
5.057312034078806846e+02 -1.267398422900002497e-06 -1.014797189292662446e-13
5.058562034078806846e+02 -1.264462028036593550e-06 -1.006910754907033532e-13
5.059812034078806846e+02 -1.261531992851427269e-06 -9.990855148847831342e-14
5.061062034078806846e+02 -1.258608304899954461e-06 -9.913209951725411108e-14
5.062312034078806846e+02 -1.255690951758123285e-06 -9.836167253828487940e-14
5.063562034078806846e+02 -1.252779921022357650e-06 -9.759722387658218440e-14
5.064812034078806846e+02 -1.249875200309502581e-06 -9.683870721810940634e-14
5.066062034078806846e+02 -1.246976777256823799e-06 -9.608607660699769183e-14
5.067312034078806846e+02 -1.244084639521982730e-06 -9.533928644277706469e-14
5.068562034078806846e+02 -1.241198774783004532e-06 -9.459829147763534254e-14
5.069812034078806846e+02 -1.238319170738268140e-06 -9.386304681369785413e-14
5.071062034078806846e+02 -1.235445815106464552e-06 -9.313350790032205028e-14
5.072312034078806846e+02 -1.232578695626611649e-06 -9.240963053141923913e-14
5.073562034078806846e+02 -1.229717800057972883e-06 -9.169137084279673067e-14
5.074812034078806846e+02 -1.226863116180080782e-06 -9.097868530951390320e-14
5.076062034078806846e+02 -1.224014631792719372e-06 -9.027153074326849888e-14
5.077312034078806846e+02 -1.221172334715838626e-06 -8.956986428979328175e-14
5.078562034078806846e+02 -1.218336212789619267e-06 -8.887364342627927723e-14
5.079812034078806846e+02 -1.215506253874381070e-06 -8.818282595881868901e-14
5.081062034078806846e+02 -1.212682445850587527e-06 -8.749737001986196481e-14
5.082312034078806846e+02 -1.209864776618824030e-06 -8.681723406570013112e-14
5.083562034078806846e+02 -1.207053234099760606e-06 -8.614237687396637597e-14
5.084812034078806846e+02 -1.204247806234164411e-06 -8.547275754115144008e-14
5.086062034078806846e+02 -1.201448480982815234e-06 -8.480833548014363292e-14
5.087312034078806846e+02 -1.198655246326537264e-06 -8.414907041778778160e-14
5.088562034078806846e+02 -1.195868090266174526e-06 -8.349492239245762187e-14
5.089812034078806846e+02 -1.193087000822509565e-06 -8.284585175165227141e-14
5.091062034078806846e+02 -1.190311966036323798e-06 -8.220181914961108054e-14
5.092312034078806846e+02 -1.187542973968312385e-06 -8.156278554494121824e-14
5.093562034078806846e+02 -1.184780012699066657e-06 -8.092871219827207943e-14
5.094812034078806846e+02 -1.182023070329100370e-06 -8.029956066991923431e-14
5.096062034078806846e+02 -1.179272134978762674e-06 -7.967529281757199311e-14
5.097312034078806846e+02 -1.176527194788272207e-06 -7.905587079399896937e-14
5.098562034078806846e+02 -1.173788237917634720e-06 -7.844125704476598745e-14
5.099812034078806846e+02 -1.171055252546668911e-06 -7.783141430597686058e-14
5.101062034078806846e+02 -1.168328226874982074e-06 -7.722630560203153652e-14
5.102312034078806846e+02 -1.165607149121895136e-06 -7.662589424339628445e-14
5.103562034078806846e+02 -1.162892007526490938e-06 -7.603014382439643683e-14
5.104812034078806846e+02 -1.160182790347540331e-06 -7.543901822102588049e-14
5.106062034078806846e+02 -1.157479485863486718e-06 -7.485248158876842477e-14
5.107312034078806846e+02 -1.154782082372456643e-06 -7.427049836044128296e-14
5.108562034078806846e+02 -1.152090568192195201e-06 -7.369303324405453295e-14
5.109812034078806846e+02 -1.149404931660048680e-06 -7.312005122068239188e-14
5.111062034078806846e+02 -1.146725161132980435e-06 -7.255151754235832064e-14
5.112312034078806846e+02 -1.144051244987502923e-06 -7.198739772997882484e-14
5.113562034078806846e+02 -1.141383171619677057e-06 -7.142765757122843508e-14
5.114812034078806846e+02 -1.138720929445079183e-06 -7.087226311852066635e-14
5.116062034078806846e+02 -1.136064506898782647e-06 -7.032118068695043809e-14
5.117312034078806846e+02 -1.133413892435353566e-06 -6.977437685226665118e-14
5.118562034078806846e+02 -1.130769074528775441e-06 -6.923181844886040326e-14
5.119812034078806846e+02 -1.128130041672497435e-06 -6.869347256776434916e-14
5.121062034078806846e+02 -1.125496782379353909e-06 -6.815930655467186483e-14
5.122312034078806846e+02 -1.122869285181550867e-06 -6.762928800797143320e-14
5.123562034078806846e+02 -1.120247538630681627e-06 -6.710338477679188465e-14
5.124812034078806846e+02 -1.117631531297660749e-06 -6.658156495906696157e-14
5.126062034078806846e+02 -1.115021251772715150e-06 -6.606379689961496581e-14
5.127312034078806846e+02 -1.112416688665366516e-06 -6.555004918822826377e-14
5.128562034078806846e+02 -1.109817830604405479e-06 -6.504029065778465248e-14
5.129812034078806846e+02 -1.107224666237861115e-06 -6.453449038236637437e-14
5.131062034078806846e+02 -1.104637184232987185e-06 -6.403261767539822881e-14
5.132312034078806846e+02 -1.102055373276245192e-06 -6.353464208779984537e-14
5.133562034078806846e+02 -1.099479222073267112e-06 -6.304053340614843301e-14
5.134812034078806846e+02 -1.096908719348819608e-06 -6.255026165085951541e-14
5.136062034078806846e+02 -1.094343853846830921e-06 -6.206379707438172690e-14
5.137312034078806846e+02 -1.091784614330315699e-06 -6.158111015940166800e-14
5.138562034078806846e+02 -1.089230989581375629e-06 -6.110217161706638086e-14
5.139812034078806846e+02 -1.086682968401178898e-06 -6.062695238521964565e-14
5.141062034078806846e+02 -1.084140539609928853e-06 -6.015542362664800827e-14
5.142312034078806846e+02 -1.081603692046839224e-06 -5.968755672734402417e-14
5.143562034078806846e+02 -1.079072414570119939e-06 -5.922332329478314637e-14
5.144812034078806846e+02 -1.076546696056962933e-06 -5.876269515620941074e-14
5.146062034078806846e+02 -1.074026525403480105e-06 -5.830564435694086185e-14
5.147312034078806846e+02 -1.071511891524722162e-06 -5.785214315868163040e-14
5.148562034078806846e+02 -1.069002783354646647e-06 -5.740216403785131523e-14
5.149812034078806846e+02 -1.066499189846077068e-06 -5.695567968392699953e-14
5.151062034078806846e+02 -1.064001099970693578e-06 -5.651266299779477148e-14
5.152312034078806846e+02 -1.061508502719012440e-06 -5.607308709011720492e-14
