1.801626344086021447e+01 0.000000000000000000e+00 0.000000000000000000e+00
1.814126344086021447e+01 5.728385772796344511e-06 1.332144179197140691e-04
1.826626344086021447e+01 2.504191372521448190e-05 1.937331321245384117e-04
1.839126344086021447e+01 5.052861569799077513e-05 2.435870629067345334e-04
1.851626344086021447e+01 7.782839184909734660e-05 2.883053601409218980e-04
1.864126344086021447e+01 1.068151744928763787e-04 3.299227659216462730e-04
1.876626344086021447e+01 1.378937347619471024e-04 3.694267923644763965e-04
1.889126344086021447e+01 1.706531770118434636e-04 4.073699010904085972e-04
1.901626344086021447e+01 2.047679687279583779e-04 4.440893816141116722e-04
1.914126344086021447e+01 2.399720783076504020e-04 4.798036402963171609e-04
1.926626344086021447e+01 2.760432669832131656e-04 5.146601612899191465e-04
1.939126344086021447e+01 3.127928528766623023e-04 5.487616774956559709e-04
1.951626344086021447e+01 3.500586755047971062e-04 5.821814598888441035e-04
1.964126344086021447e+01 3.877000530279579925e-04 6.149727356745916459e-04
1.976626344086021447e+01 4.255940433758218736e-04 6.471747402070309038e-04
1.989126344086021447e+01 4.636325936691176181e-04 6.788167418487908939e-04
2.001626344086021447e+01 5.017203154661464652e-04 7.099207958192132149e-04
2.014126344086021447e+01 5.397727136021426494e-04 7.405036736185773624e-04
2.026626344086021447e+01 5.777147518786664290e-04 7.705782420856416336e-04
2.039126344086021447e+01 6.154796742349992597e-04 8.001544658493460471e-04
2.051626344086021447e+01 6.530080232975318246e-04 8.292401464984168816e-04
2.064126344086021447e+01 6.902468139229846113e-04 8.578414742235350356e-04
2.076626344086021447e+01 7.271488302297886156e-04 8.859634436829060900e-04
2.089126344086021447e+01 7.636720223010383651e-04 9.136101701284203873e-04
2.101626344086021447e+01 7.997789842809645798e-04 9.407851313258534841e-04
2.114126344086021447e+01 8.354364996446274859e-04 9.674913536360064481e-04
2.126626344086021447e+01 8.706151424396079992e-04 9.937315556561778385e-04
2.139126344086021447e+01 9.052889255762110220e-04 1.019508259316074606e-03
2.151626344086021447e+01 9.394349889832794443e-04 1.044823875823671895e-03
2.164126344086021447e+01 9.730333217925086478e-04 1.077420843586797579e-03
2.176626344086021447e+01 1.006066513765868295e-03 1.110044800671048260e-03
2.189126344086021447e+01 1.038519532010964913e-03 1.141836165130687142e-03
2.201626344086021447e+01 1.070379519690551652e-03 1.172793336685436574e-03
2.214126344086021447e+01 1.101635613963893728e-03 1.202916828707395512e-03
2.226626344086021447e+01 1.132278780828092739e-03 1.232209045400905643e-03
2.239126344086021447e+01 1.162301664878816415e-03 1.260674080653981146e-03
2.251626344086021447e+01 1.191698452298526039e-03 1.288317536129083380e-03
2.264126344086021447e+01 1.220464745619074826e-03 1.315146356493969654e-03
2.276626344086021447e+01 1.248597449004329972e-03 1.341168679971395817e-03
2.289126344086021447e+01 1.276094662964843583e-03 1.366393702620784072e-03
2.301626344086021447e+01 1.302955587556655628e-03 1.390831554962943363e-03
2.314126344086021447e+01 1.329180433234874526e-03 1.414493189727434675e-03
2.326626344086021447e+01 1.352278088222935411e-03 1.437390279645960446e-03
2.339126344086021447e+01 1.371006500706622999e-03 1.459768112368847910e-03
2.351626344086021447e+01 1.389323086536518219e-03 1.481852704424826495e-03
2.364126344086021447e+01 1.407231973822103358e-03 1.503228172725840474e-03
2.376626344086021447e+01 1.424737399484499872e-03 1.523906964210635382e-03
2.389126344086021447e+01 1.441843703386307910e-03 1.543901875469027869e-03
2.401626344086021447e+01 1.458555322348059104e-03 1.563839548616895864e-03
2.414126344086021447e+01 1.474876784111354804e-03 1.583266375886243629e-03
2.426626344086021447e+01 1.490812701301188776e-03 1.602032261783727703e-03
2.439126344086021447e+01 1.506367765426290918e-03 1.620149877599009287e-03
2.451626344086021447e+01 1.521546740952111005e-03 1.637632092186736303e-03
2.464126344086021447e+01 1.536354459471321642e-03 1.654491932839663275e-03
2.476626344086021447e+01 1.550795813992947043e-03 1.670742549424060084e-03
2.489126344086021447e+01 1.564875753365718844e-03 1.686992014592837144e-03
2.501626344086021447e+01 1.578599276849485585e-03 1.703811603548570884e-03
2.514126344086021447e+01 1.591971428840615330e-03 1.720027510639090748e-03
2.526626344086021447e+01 1.604997293762083820e-03 1.735650122790481382e-03
2.539126344086021447e+01 1.617681991119938661e-03 1.750690046518634272e-03
2.551626344086021447e+01 1.630030670729131501e-03 1.765158079672152084e-03
2.564126344086021447e+01 1.642048508111303802e-03 1.779065184914285953e-03
2.576626344086021447e+01 1.653740700063528529e-03 1.792422464841742684e-03
2.589126344086021447e+01 1.665112460396797785e-03 1.805241138645445132e-03
2.601626344086021447e+01 1.676169015844474093e-03 1.817532520224467195e-03
2.614126344086021447e+01 1.686915602135186099e-03 1.829307997671070392e-03
2.626626344086021447e+01 1.697357460231732748e-03 1.840579014049002369e-03
2.639126344086021447e+01 1.707499832727067549e-03 1.851357049393631419e-03
2.651626344086021447e+01 1.717347960400924297e-03 1.861653603866083011e-03
2.664126344086021447e+01 1.726907078925228080e-03 1.871480181997340828e-03
2.676626344086021447e+01 1.736182415721985008e-03 1.880848277964094952e-03
2.689126344086021447e+01 1.745179186964240228e-03 1.889769361839362420e-03
2.701626344086021447e+01 1.753902594717818503e-03 1.898254866765236018e-03
2.714126344086021447e+01 1.762357824219956811e-03 1.906316176999174779e-03
2.726626344086021447e+01 1.770550041291171946e-03 1.913964616785987505e-03
2.739126344086021447e+01 1.778484389872826829e-03 1.921211440011931764e-03
2.751626344086021447e+01 1.786165989690686323e-03 1.928067820599547620e-03
2.764126344086021447e+01 1.793599934037785806e-03 1.934544843603506993e-03
2.776626344086021447e+01 1.800791287672128026e-03 1.940653496970069130e-03
2.789126344086021447e+01 1.807745084826166632e-03 1.946404663925844743e-03
2.801626344086021447e+01 1.814466327325379297e-03 1.951809115961749197e-03
2.814126344086021447e+01 1.820959982808775367e-03 1.956877506380677936e-03
2.826626344086021447e+01 1.827230983050785523e-03 1.961620364379183801e-03
2.839126344086021447e+01 1.833284222378494437e-03 1.966048089635222176e-03
2.851626344086021447e+01 1.839124556183379441e-03 1.970170947373462919e-03
2.864126344086021447e+01 1.844756799520131654e-03 1.973999063885005078e-03
2.876626344086021447e+01 1.850185725793812921e-03 1.977542422474577125e-03
2.889126344086021447e+01 1.855416065528174823e-03 1.980810859814941417e-03
2.901626344086021447e+01 1.860452505213684542e-03 1.983814062683431339e-03
2.914126344086021447e+01 1.865299686233321420e-03 1.986886355951282979e-03
2.926626344086021447e+01 1.869962203860160493e-03 1.990535890116983467e-03
2.939126344086021447e+01 1.874444606326551533e-03 1.993941907705893031e-03
2.951626344086021447e+01 1.878751393961419379e-03 1.997112234889647335e-03
2.964126344086021447e+01 1.882887018392178811e-03 2.000054574190801484e-03
2.976626344086021447e+01 1.886855881809182314e-03 2.002776503576884134e-03
2.989126344086021447e+01 1.890662336290388533e-03 2.005285475732756454e-03
3.001626344086021447e+01 1.894310683184384459e-03 2.007588817500208841e-03
3.014126344086021447e+01 1.897805172547034191e-03 2.009693729474385741e-03
3.026626344086021447e+01 1.901150002633565129e-03 2.011607285747166705e-03
3.039126344086021447e+01 1.904349319438255854e-03 2.013336433788243725e-03
3.051626344086021447e+01 1.907407216286786944e-03 2.014887994455022164e-03
3.064126344086021447e+01 1.910327733471804635e-03 2.016268662123110560e-03
3.076626344086021447e+01 1.913114857935832450e-03 2.017485004929438219e-03
3.089126344086021447e+01 1.915772522994699462e-03 2.018543465120666187e-03
3.101626344086021447e+01 1.918304608105109469e-03 2.019450359499740198e-03
3.114126344086021447e+01 1.920714938667911643e-03 2.020211879964040058e-03
3.126626344086021447e+01 1.923007285872745196e-03 2.020834094128742993e-03
3.139126344086021447e+01 1.923936891199308800e-03 2.021322946029518921e-03
3.151626344086021447e+01 1.924029519249965351e-03 2.021684256898852172e-03
3.164126344086021447e+01 1.924063614471701765e-03 2.021923726010703068e-03
3.176626344086021447e+01 1.924043413872256409e-03 2.022046931588512494e-03
3.189126344086021447e+01 1.923973012617805718e-03 2.022059331771686175e-03
3.201626344086021447e+01 1.923856367502110604e-03 2.021966265636089988e-03
3.214126344086021447e+01 1.923697300370510186e-03 2.021772954264360912e-03
3.226626344086021447e+01 1.923499501496640611e-03 2.021484501861874582e-03
3.239126344086021447e+01 1.923266532910422903e-03 2.021105896914690558e-03
3.251626344086021447e+01 1.923001831675525243e-03 2.020642013385718326e-03
3.264126344086021447e+01 1.922708713115088217e-03 2.020097611945875261e-03
3.276626344086021447e+01 1.922390373984636395e-03 2.019477341236827414e-03
3.289126344086021447e+01 1.922049895591141288e-03 2.018785739162454705e-03
3.301626344086021447e+01 1.921690246857378492e-03 2.018027234206010850e-03
3.314126344086021447e+01 1.921314287331208010e-03 2.017206146770328216e-03
3.326626344086021447e+01 1.920924770138787230e-03 2.016326690538552697e-03
3.339126344086021447e+01 1.920524344881919957e-03 2.015392973852865501e-03
3.351626344086021447e+01 1.920115560478902021e-03 2.014409001109028225e-03
3.364126344086021447e+01 1.919700867948685458e-03 2.013378674164508636e-03
3.376626344086021447e+01 1.919282623138629041e-03 2.012305793758242551e-03
3.389126344086021447e+01 1.918863089395650640e-03 2.011194060939997409e-03
3.401626344086021447e+01 1.918444440180916942e-03 2.010047078507643144e-03
3.414126344086021447e+01 1.918028761628435891e-03 2.008868352450576128e-03
3.426626344086021447e+01 1.917618055047610190e-03 2.007661293397712803e-03
3.439126344086021447e+01 1.917214239370356203e-03 2.006429218068521685e-03
3.451626344086021447e+01 1.916819153543073383e-03 2.005175350725703787e-03
3.464126344086021447e+01 1.916434558863867139e-03 2.003902824628205678e-03
3.476626344086021447e+01 1.916062141265707525e-03 2.002614683483261090e-03
3.489126344086021447e+01 1.915703513545860288e-03 2.001313882896334825e-03
3.501626344086021447e+01 1.915360217542545675e-03 2.000003291817891663e-03
3.514126344086021447e+01 1.915033726259142465e-03 1.998685693985862745e-03
3.526626344086021447e+01 1.914725445936577312e-03 1.997363789362965013e-03
3.539126344086021447e+01 1.914436718075076009e-03 1.996040195567879739e-03
3.551626344086021447e+01 1.914168821405375738e-03 1.994717449299526855e-03
3.564126344086021447e+01 1.913922973810607648e-03 1.993398007753568579e-03
3.576626344086021447e+01 1.913700334199450615e-03 1.992084250030494007e-03
3.589126344086021447e+01 1.913502004331206268e-03 1.991202993284162462e-03
3.601626344086021447e+01 1.913329030594141224e-03 1.990729753732981954e-03
3.614126344086021447e+01 1.913171734360097223e-03 1.990251102768152668e-03
3.626626344086021447e+01 1.912962834492554741e-03 1.989768999804920977e-03
3.639126344086021447e+01 1.912783473435032862e-03 1.989285351016115838e-03
3.651626344086021447e+01 1.912634542176023123e-03 1.988802010061547099e-03
3.664126344086021447e+01 1.912516881936627633e-03 1.988320778816506096e-03
3.676626344086021447e+01 1.912431285723813126e-03 1.987843408100807910e-03
3.689126344086021447e+01 1.912378499843361531e-03 1.987371598405810943e-03
3.701626344086021447e+01 1.912359225373576332e-03 1.986907000619895624e-03
3.714126344086021447e+01 1.912374119600359886e-03 1.986451216752599131e-03
3.726626344086021447e+01 1.912368886652716969e-03 1.986005800656754326e-03
3.739126344086021447e+01 1.912336915345103474e-03 1.985572258747065125e-03
3.751626344086021447e+01 1.912342814768391462e-03 1.985152050717652744e-03
3.764126344086021447e+01 1.912387140938720097e-03 1.984746590254926005e-03
3.776626344086021447e+01 1.912470409145929692e-03 1.984357245748740329e-03
3.789126344086021447e+01 1.912593095224614844e-03 1.983985340998657872e-03
3.801626344086021447e+01 1.912755636804568419e-03 1.983632155917684943e-03
3.814126344086021447e+01 1.912958434523743135e-03 1.983298927231146123e-03
3.826626344086021447e+01 1.913201853213158552e-03 1.982986849172670499e-03
3.839126344086021447e+01 1.913486223047776479e-03 1.982697074173838791e-03
3.851626344086021447e+01 1.913811840674994966e-03 1.982430713551911004e-03
3.864126344086021447e+01 1.914178970305367407e-03 1.982188838190061374e-03
3.876626344086021447e+01 1.914587844783515423e-03 1.981972479215941049e-03
3.889126344086021447e+01 1.915038666624066695e-03 1.981782628672274036e-03
3.901626344086021447e+01 1.915531609025167802e-03 1.981620240184295105e-03
3.914126344086021447e+01 1.916066816853075321e-03 1.981486229621208951e-03
3.926626344086021447e+01 1.916644407601623794e-03 1.981381475752951298e-03
3.939126344086021447e+01 1.917264472325011038e-03 1.981306820899919174e-03
3.951626344086021447e+01 1.917927076546334418e-03 1.981263071579341881e-03
3.964126344086021447e+01 1.918632261142544631e-03 1.981250999144048685e-03
3.976626344086021447e+01 1.919380043201918216e-03 1.981271340417000305e-03
3.989126344086021447e+01 1.920170416865560423e-03 1.981324798318790867e-03
4.001626344086021447e+01 1.921003354134644906e-03 1.981412042490104421e-03
4.014126344086021447e+01 1.921878805667043624e-03 1.981533709907673611e-03
4.026626344086021447e+01 1.922796701543805090e-03 1.981690405494276972e-03
4.039126344086021447e+01 1.923756952019442003e-03 1.981882702723558078e-03
4.051626344086021447e+01 1.924759448247147578e-03 1.982111144217103913e-03
4.064126344086021447e+01 1.925804062986425898e-03 1.982376242336514674e-03
4.076626344086021447e+01 1.926890651290006848e-03 1.982678479768970950e-03
4.089126344086021447e+01 1.928019051172127733e-03 1.983018310106579758e-03
4.101626344086021447e+01 1.929189084255841444e-03 1.983396158419592232e-03
4.114126344086021447e+01 1.930400556403322589e-03 1.983812421822244831e-03
4.126626344086021447e+01 1.931653258329054518e-03 1.984267470034478415e-03
4.139126344086021447e+01 1.932946966191442665e-03 1.984761645934896967e-03
4.151626344086021447e+01 1.934281442173574599e-03 1.985295266109029545e-03
4.164126344086021447e+01 1.935656435040614869e-03 1.985868621390715801e-03
4.176626344086021447e+01 1.937004859374186379e-03 1.986481977396482336e-03
4.189126344086021447e+01 1.937442682981742499e-03 1.987135575055089167e-03
4.201626344086021447e+01 1.937930794081734430e-03 1.987829631128880045e-03
4.214126344086021447e+01 1.938469308686094437e-03 1.988564338730630307e-03
4.226626344086021447e+01 1.939058316453991715e-03 1.989339867832015142e-03
4.239126344086021447e+01 1.939697881318531601e-03 1.990156365767528114e-03
4.251626344086021447e+01 1.940388042104936430e-03 1.991013957731392267e-03
4.264126344086021447e+01 1.941128813140260501e-03 1.991912747267606931e-03
4.276626344086021447e+01 1.941920184855117082e-03 1.992852816754575249e-03
4.289126344086021447e+01 1.942762124376667390e-03 1.993834227882986670e-03
4.301626344086021447e+01 1.943654576114235265e-03 1.994857022127373338e-03
4.314126344086021447e+01 1.944597462335620041e-03 1.995921221211916733e-03
4.326626344086021447e+01 1.945590683736293791e-03 1.997229259577799464e-03
4.339126344086021447e+01 1.946634119999445965e-03 1.998937898777083683e-03
4.351626344086021447e+01 1.947727630348825446e-03 2.000680650753657031e-03
4.364126344086021447e+01 1.948871054092815970e-03 2.002457254500098101e-03
4.376626344086021447e+01 1.950064211160812194e-03 2.004267441245411417e-03
4.389126344086021447e+01 1.951306902631543818e-03 2.006110934730197509e-03
4.401626344086021447e+01 1.952598911253429319e-03 2.007987451473655909e-03
4.414126344086021447e+01 1.953940001957060312e-03 2.009896701033401199e-03
4.426626344086021447e+01 1.955329922359739375e-03 2.011838386258128948e-03
4.439126344086021447e+01 1.956768403262220280e-03 2.013812203532741683e-03
4.451626344086021447e+01 1.958255159137830409e-03 2.015817843017276689e-03
4.464126344086021447e+01 1.959789888613826594e-03 2.017854988878650755e-03
4.476626344086021447e+01 1.961372274944889627e-03 2.019923319516325148e-03
4.489126344086021447e+01 1.963001986479522877e-03 2.022022507781634070e-03
4.501626344086021447e+01 1.964678677118354960e-03 2.024152221191207694e-03
4.514126344086021447e+01 1.966401986765266719e-03 2.026312122134321918e-03
4.526626344086021447e+01 1.968171541771267501e-03 2.028501868074798504e-03
4.539126344086021447e+01 1.969986955370614176e-03 2.030721111747393545e-03
4.551626344086021447e+01 1.971847828109961776e-03 2.032969501348710298e-03
4.564126344086021447e+01 1.973753748270217455e-03 2.035246680723318529e-03
4.576626344086021447e+01 1.975704292281204016e-03 2.037552289544429431e-03
4.589126344086021447e+01 1.977699025129141686e-03 2.039885963490076747e-03
4.601626344086021447e+01 1.979737500757305924e-03 2.042247334414477086e-03
4.614126344086021447e+01 1.981819262459691249e-03 2.044636030514864790e-03
4.626626344086021447e+01 1.983943843267523682e-03 2.047051676494085828e-03
4.639126344086021447e+01 1.986110766329384197e-03 2.049493893718569958e-03
4.651626344086021447e+01 1.988319545284145205e-03 2.051962300372494295e-03
4.664126344086021447e+01 1.990569684627482502e-03 2.054456511607834299e-03
4.676626344086021447e+01 1.992860680071863785e-03 2.056976139690687259e-03
4.689126344086021447e+01 1.995192018899629056e-03 2.059520794143348318e-03
4.701626344086021447e+01 1.997563180309880684e-03 2.062090081883428787e-03
4.714126344086021447e+01 1.999973635759029564e-03 2.064683607358907842e-03
4.726626344086021447e+01 2.002422849294675181e-03 2.067300972679972371e-03
4.739126344086021447e+01 2.004910277883532963e-03 2.069941777747702234e-03
4.751626344086021447e+01 2.007435371733147424e-03 2.072605620378980759e-03
4.764126344086021447e+01 2.009997574607230632e-03 2.075292096428964488e-03
4.776626344086021447e+01 2.012596324135305578e-03 2.078000799910175844e-03
4.789126344086021447e+01 2.015231052115980075e-03 2.080731323108479802e-03
4.801626344086021447e+01 2.017901184814769721e-03 2.083483256696782877e-03
4.814126344086021447e+01 2.020606143255775609e-03 2.086256189845310353e-03
4.826626344086021447e+01 2.023345343507456599e-03 2.089049710329627090e-03
4.839126344086021447e+01 2.026118196963144508e-03 2.091863404636047988e-03
4.851626344086021447e+01 2.028924110615740618e-03 2.094696858064236042e-03
4.864126344086021447e+01 2.031762487326660687e-03 2.097549654827685333e-03
4.876626344086021447e+01 2.034632726089586219e-03 2.100421378151600196e-03
4.889126344086021447e+01 2.037534222288630344e-03 2.103311610368632442e-03
4.901626344086021447e+01 2.040466367951267873e-03 2.106219933012130115e-03
4.914126344086021447e+01 2.043428551995880339e-03 2.109145926907720920e-03
4.926626344086021447e+01 2.046420160474253427e-03 2.112089172261924497e-03
4.939126344086021447e+01 2.049440576808858085e-03 2.115049248749614579e-03
4.951626344086021447e+01 2.052489182024934845e-03 2.118025735599044293e-03
4.964126344086021447e+01 2.055565354977802010e-03 2.121018211674891712e-03
4.976626344086021447e+01 2.058668472575116235e-03 2.124026255559467898e-03
4.989126344086021447e+01 2.061797909994355672e-03 2.127049445632244427e-03
5.001626344086021447e+01 2.064953040895451970e-03 2.130087360147499623e-03
5.014126344086021447e+01 2.068133237628625755e-03 2.133139577310083461e-03
5.026626344086021447e+01 2.071337871437629440e-03 2.136205675349786906e-03
5.039126344086021447e+01 2.074566312658581661e-03 2.139285232593828631e-03
5.051626344086021447e+01 2.077817930913814382e-03 2.142377827537831226e-03
5.064126344086021447e+01 2.081092095301904921e-03 2.145689981952090923e-03
5.076626344086021447e+01 2.084388174582520702e-03 2.149254159782088350e-03
5.089126344086021447e+01 2.087705537357712610e-03 2.152825977467688525e-03
5.101626344086021447e+01 2.091043552248387540e-03 2.156404844275514737e-03
5.114126344086021447e+01 2.094401588066915551e-03 2.159990175196534884e-03
5.126626344086021447e+01 2.097779013985255365e-03 2.163581390984229292e-03
5.139126344086021447e+01 2.101175199699352372e-03 2.167177918190529417e-03
5.151626344086021447e+01 2.104589515589122203e-03 2.170779189197134806e-03
5.164126344086021447e+01 2.108021332875154377e-03 2.174384642243293395e-03
5.176626344086021447e+01 2.111470023770550038e-03 2.177993721450867393e-03
5.189126344086021447e+01 2.114934961629777715e-03 2.181605876845221521e-03
5.201626344086021447e+01 2.118415521093240401e-03 2.185220564374306708e-03
5.214126344086021447e+01 2.121911078228454293e-03 2.188837245922910409e-03
5.226626344086021447e+01 2.125421010667166103e-03 2.192455389325031253e-03
5.239126344086021447e+01 2.128944697739403816e-03 2.196074468374223203e-03
5.251626344086021447e+01 2.132481520603441739e-03 2.199693962829104600e-03
5.264126344086021447e+01 2.136030862372568888e-03 2.203313358418111743e-03
5.276626344086021447e+01 2.139592108238443438e-03 2.206932146840536249e-03
5.289126344086021447e+01 2.143164645590973395e-03 2.210549825766061453e-03
5.301626344086021447e+01 2.146747864134905190e-03 2.214165898830982443e-03
5.314126344086021447e+01 2.150341156003004409e-03 2.217779875632680531e-03
5.326626344086021447e+01 2.153943915866375538e-03 2.221391271722262823e-03
5.339126344086021447e+01 2.157555541041225079e-03 2.224999608594347734e-03
5.351626344086021447e+01 2.161175431592810524e-03 2.228604413675353436e-03
5.364126344086021447e+01 2.164802990436110255e-03 2.232205220309018551e-03
5.376626344086021447e+01 2.168437623433589964e-03 2.235801567742410744e-03
5.389126344086021447e+01 2.172078739490140159e-03 2.239393001106522105e-03
5.401626344086021447e+01 2.175725750644896817e-03 2.242979071398666039e-03
5.414126344086021447e+01 2.179378072160281267e-03 2.246559335460830524e-03
5.426626344086021447e+01 2.183035122608323070e-03 2.250133355957794137e-03
5.439126344086021447e+01 2.186660946532133481e-03 2.253700701353208991e-03
5.451626344086021447e+01 2.190239555192890434e-03 2.257260945883974960e-03
5.464126344086021447e+01 2.193820548558080442e-03 2.260813669534942217e-03
5.476626344086021447e+01 2.197403394478110884e-03 2.264358458009529777e-03
5.489126344086021447e+01 2.200987564541715628e-03 2.267894902701142034e-03
5.501626344086021447e+01 2.204572534126279359e-03 2.271422600663711849e-03
5.514126344086021447e+01 2.208157782446206439e-03 2.274941154579182730e-03
5.526626344086021447e+01 2.211742792599395453e-03 2.278450172725531367e-03
5.539126344086021447e+01 2.215327051611669373e-03 2.281949268943720723e-03
5.551626344086021447e+01 2.218910050479453670e-03 2.285438062602539351e-03
5.564126344086021447e+01 2.222491284210532329e-03 2.288916178564152394e-03
5.576626344086021447e+01 2.226070251863029696e-03 2.292383247147262125e-03
5.589126344086021447e+01 2.229646456582602080e-03 2.295838904090523064e-03
5.601626344086021447e+01 2.233219405638018663e-03 2.299282790515408924e-03
5.614126344086021447e+01 2.236788610454878024e-03 2.302714552886684762e-03
5.626626344086021447e+01 2.240353586647772510e-03 2.306133842974171077e-03
5.639126344086021447e+01 2.243913854050917384e-03 2.309540317813431939e-03
5.651626344086021447e+01 2.247468936746992770e-03 2.312933639664385352e-03
5.664126344086021447e+01 2.251018363094692363e-03 2.316313475972022612e-03
5.676626344086021447e+01 2.254561665754528741e-03 2.319679499323872452e-03
5.689126344086021447e+01 2.258098381713327663e-03 2.323031387409316573e-03
5.701626344086021447e+01 2.261628052307204911e-03 2.326368822976671719e-03
5.714126344086021447e+01 2.265150223243157530e-03 2.329691493791551972e-03
5.726626344086021447e+01 2.268664444619210904e-03 2.332999092593204902e-03
5.739126344086021447e+01 2.272170270943359768e-03 2.336291317052014739e-03
5.751626344086021447e+01 2.275667261151028201e-03 2.339567869725595224e-03
5.764126344086021447e+01 2.279154978621324417e-03 2.342828458015863442e-03
5.776626344086021447e+01 2.282632991192066509e-03 2.346072794123942214e-03
5.789126344086021447e+01 2.285953810109179682e-03 2.349300595007113371e-03
5.801626344086021447e+01 2.289135207796288724e-03 2.352511582334401458e-03
5.814126344086021447e+01 2.292308990839668839e-03 2.355705482441555927e-03
5.826626344086021447e+01 2.295474770799746551e-03 2.358882026287394650e-03
5.839126344086021447e+01 2.298632162220280717e-03 2.362040949408705012e-03
5.851626344086021447e+01 2.301780782663597792e-03 2.365181991875768205e-03
5.864126344086021447e+01 2.304920252744529965e-03 2.368304898247474127e-03
5.876626344086021447e+01 2.308050196163092139e-03 2.371409417526863881e-03
5.889126344086021447e+01 2.311170239736121124e-03 2.374495303116607239e-03
5.901626344086021447e+01 2.314280013427745183e-03 2.377562312773861663e-03
5.914126344086021447e+01 2.317379150378078533e-03 2.380610208566176934e-03
5.926626344086021447e+01 2.320467286931974377e-03 2.383638756826136906e-03
5.939126344086021447e+01 2.323544062665197987e-03 2.386647728108146245e-03
5.951626344086021447e+01 2.326609120410801004e-03 2.389636897142809364e-03
5.964126344086021447e+01 2.329662106283519885e-03 2.392606042793192413e-03
5.976626344086021447e+01 2.332702669703457053e-03 2.395554948011589629e-03
5.989126344086021447e+01 2.335730463418702121e-03 2.398483399793572678e-03
6.001626344086021447e+01 2.338745143526727976e-03 2.401391189136302222e-03
6.014126344086021447e+01 2.341746369495206152e-03 2.404278110993584693e-03
6.026626344086021447e+01 2.344733804180867617e-03 2.407143964232577073e-03
6.039126344086021447e+01 2.347707113849087802e-03 2.409988551591486523e-03
6.051626344086021447e+01 2.350665968190091080e-03 2.412811679635320193e-03
6.064126344086021447e+01 2.353610040336910365e-03 2.415613158713909685e-03
6.076626344086021447e+01 2.356539006879805262e-03 2.418392802919781988e-03
6.089126344086021447e+01 2.359452547881868509e-03 2.421150430043949621e-03
6.101626344086021447e+01 2.362350346892431053e-03 2.423885861536878485e-03
6.114126344086021447e+01 2.365232090959948439e-03 2.426598922463945804e-03
6.126626344086021447e+01 2.368097470644378068e-03 2.429289441465505052e-03
6.139126344086021447e+01 2.370946180028034658e-03 2.431957250715516706e-03
6.151626344086021447e+01 2.373777916726171628e-03 2.434602185880012891e-03
6.164126344086021447e+01 2.376592381896552430e-03 2.437224086077738675e-03
6.176626344086021447e+01 2.379389280247669238e-03 2.439822793838740313e-03
6.189126344086021447e+01 2.382168320047195822e-03 2.442398155064861263e-03
6.201626344086021447e+01 2.384929213128904758e-03 2.444950018989948924e-03
6.214126344086021447e+01 2.387671674899070721e-03 2.447478238140916602e-03
6.226626344086021447e+01 2.390395424342208527e-03 2.449982668298560876e-03
6.239126344086021447e+01 2.393100184025098547e-03 2.452463168459110589e-03
6.251626344086021447e+01 2.395785680102220736e-03 2.454919600795469215e-03
6.264126344086021447e+01 2.398451642318243093e-03 2.457351830619614302e-03
6.276626344086021447e+01 2.401097804011066098e-03 2.459759726345243664e-03
6.289126344086021447e+01 2.403723902113769073e-03 2.462143159450433296e-03
6.301626344086021447e+01 2.406329677155728645e-03 2.464502004440163006e-03
6.314126344086021447e+01 2.408914873263905479e-03 2.466836138810935431e-03
6.326626344086021447e+01 2.411479238162281789e-03 2.469145443013585298e-03
6.339126344086021447e+01 2.414022523171729506e-03 2.471483643154567811e-03
6.351626344086021447e+01 2.416544483208330624e-03 2.474185205709091527e-03
6.364126344086021447e+01 2.419044876782049276e-03 2.476859919907676167e-03
6.376626344086021447e+01 2.421523465993856428e-03 2.479507559653909739e-03
6.389126344086021447e+01 2.423980016533025007e-03 2.482127903474364537e-03
6.401626344086021447e+01 2.426414297673383340e-03 2.484720734495116361e-03
6.414126344086021447e+01 2.428826082269439340e-03 2.487285840417369481e-03
6.426626344086021447e+01 2.431215146750982051e-03 2.489823013492843944e-03
6.439126344086021447e+01 2.433581271118985968e-03 2.492332050498898780e-03
6.451626344086021447e+01 2.435924238938864689e-03 2.494812752713105718e-03
6.464126344086021447e+01 2.438243837334574601e-03 2.497264925887404414e-03
6.476626344086021447e+01 2.440539856981839041e-03 2.499688380222046466e-03
6.489126344086021447e+01 2.442812092100833405e-03 2.502082930339002975e-03
6.501626344086021447e+01 2.445060340448328151e-03 2.504448395255231587e-03
6.514126344086021447e+01 2.447284403309886013e-03 2.506784598355473858e-03
6.526626344086021447e+01 2.449484085490605950e-03 2.509091367364762494e-03
6.539126344086021447e+01 2.451659195306159396e-03 2.511368534320623271e-03
6.551626344086021447e+01 2.453809544573515126e-03 2.513615935545063153e-03
6.564126344086021447e+01 2.455934948600599875e-03 2.515833411616197595e-03
6.576626344086021447e+01 2.458035226175957644e-03 2.518020807339695251e-03
6.589126344086021447e+01 2.460110199557859114e-03 2.520177971719716591e-03
6.601626344086021447e+01 2.462159694463059764e-03 2.522304757930091904e-03
6.614126344086021447e+01 2.464183540055480803e-03 2.524401023284713469e-03
6.626626344086021447e+01 2.466181568933605971e-03 2.526466629208203984e-03
6.639126344086021447e+01 2.468153617118425212e-03 2.528501441205825186e-03
6.651626344086021447e+01 2.470099524040949429e-03 2.530505328833945917e-03
6.664126344086021447e+01 2.472019132528380410e-03 2.532478165669448111e-03
6.676626344086021447e+01 2.473912288791451676e-03 2.534419829279633673e-03
6.689126344086021447e+01 2.475778842409949183e-03 2.536330201191613985e-03
6.701626344086021447e+01 2.477618646319015242e-03 2.538209166861685098e-03
6.714126344086021447e+01 2.479431556794683966e-03 2.540056615644452256e-03
6.726626344086021447e+01 2.481217433438823866e-03 2.541872440761828219e-03
6.739126344086021447e+01 2.482976139164386198e-03 2.543656539272072786e-03
6.751626344086021447e+01 2.484673523025339361e-03 2.545408812038354399e-03
6.764126344086021447e+01 2.486180624895336592e-03 2.547129163697581071e-03
6.776626344086021447e+01 2.487661819969603887e-03 2.548817502628885658e-03
6.789126344086021447e+01 2.489117015985328404e-03 2.550473740922037415e-03
6.801626344086021447e+01 2.490546122989720570e-03 2.552097794345808014e-03
6.814126344086021447e+01 2.491949053331660082e-03 2.553689582316338424e-03
6.826626344086021447e+01 2.493325721652335340e-03 2.555249027865209594e-03
6.839126344086021447e+01 2.494676044876417611e-03 2.556776057607675328e-03
6.851626344086021447e+01 2.495999942202810611e-03 2.558270601710625845e-03
6.864126344086021447e+01 2.497297335095139455e-03 2.559732593860757337e-03
6.876626344086021447e+01 2.498568147272397458e-03 2.561161971232346450e-03
6.889126344086021447e+01 2.499812304699258574e-03 2.562558674455360421e-03
6.901626344086021447e+01 2.501029735576437533e-03 2.563922647583259749e-03
6.914126344086021447e+01 2.502220370330617179e-03 2.565253838060936598e-03
6.926626344086021447e+01 2.503384141604776941e-03 2.566552196692426825e-03
6.939126344086021447e+01 2.504520984247661335e-03 2.567817677609013187e-03
6.951626344086021447e+01 2.505630835303917191e-03 2.569050238236738302e-03
6.964126344086021447e+01 2.506713634003544366e-03 2.570249839264547326e-03
6.976626344086021447e+01 2.507769321751500413e-03 2.571416444611927983e-03
6.989126344086021447e+01 2.508797842117050248e-03 2.572550021396744022e-03
7.001626344086021447e+01 2.509799140823236376e-03 2.573650539903338860e-03
7.014126344086021447e+01 2.510773165735824368e-03 2.574717973550140482e-03
7.026626344086021447e+01 2.511719866852699361e-03 2.575752298857743403e-03
7.039126344086021447e+01 2.512639196292558268e-03 2.576753495416838399e-03
7.051626344086021447e+01 2.513531108284054738e-03 2.577721545856156114e-03
7.064126344086021447e+01 2.514395559154425017e-03 2.578656435810532110e-03
7.076626344086021447e+01 2.515232507318264712e-03 2.579558153889028281e-03
7.089126344086021447e+01 2.516041913266077023e-03 2.580426691642961033e-03
7.101626344086021447e+01 2.516823739552646183e-03 2.581262043534143270e-03
7.114126344086021447e+01 2.517577950785794289e-03 2.582064206903176250e-03
7.126626344086021447e+01 2.518304513614299384e-03 2.582833181937712816e-03
7.139126344086021447e+01 2.519003396716399008e-03 2.583568971640860714e-03
7.151626344086021447e+01 2.519674570787746887e-03 2.584271581799601515e-03
7.164126344086021447e+01 2.520318008529631552e-03 2.584941020953464980e-03
7.176626344086021447e+01 2.520933684636746976e-03 2.585577300362957090e-03
7.189126344086021447e+01 2.521521575785361322e-03 2.586180433978443015e-03
7.201626344086021447e+01 2.522081660620825640e-03 2.586750438408803691e-03
7.214126344086021447e+01 2.522613919745589958e-03 2.587287332890454098e-03
7.226626344086021447e+01 2.523118335706555845e-03 2.587791139256243565e-03
7.239126344086021447e+01 2.523594892983049582e-03 2.588261881904573361e-03
7.251626344086021447e+01 2.524043577973975223e-03 2.588699587768634406e-03
7.264126344086021447e+01 2.524464378985505873e-03 2.589104286285609426e-03
7.276626344086021447e+01 2.524857286218388543e-03 2.589476009366189959e-03
7.289126344086021447e+01 2.525222291755192198e-03 2.589814791364040449e-03
7.301626344086021447e+01 2.525559389547767444e-03 2.590120669045387243e-03
7.314126344086021447e+01 2.525868575404115537e-03 2.590393681558980990e-03
7.326626344086021447e+01 2.526149846975911384e-03 2.590633870405689102e-03
7.339126344086021447e+01 2.526403203745232039e-03 2.590841279408795991e-03
7.351626344086021447e+01 2.526628647011852462e-03 2.591015954683871352e-03
7.364126344086021447e+01 2.526826179879993958e-03 2.591157944609264255e-03
7.376626344086021447e+01 2.526995807245483762e-03 2.591267299796353070e-03
7.389126344086021447e+01 2.527137535782302252e-03 2.591344073060128025e-03
7.401626344086021447e+01 2.527251373929775488e-03 2.591388319389856601e-03
7.414126344086021447e+01 2.527329627432999253e-03 2.591400095919848233e-03
7.426626344086021447e+01 2.527370286726257024e-03 2.591379461900542545e-03
7.439126344086021447e+01 2.527383182915311170e-03 2.591326478669388114e-03
7.451626344086021447e+01 2.527368334750769961e-03 2.591241209622266364e-03
7.464126344086021447e+01 2.527325762621941262e-03 2.591123720184841314e-03
7.476626344086021447e+01 2.527255488543568834e-03 2.590974077783942710e-03
7.489126344086021447e+01 2.527155068306621323e-03 2.590792351819538961e-03
7.501626344086021447e+01 2.527015554640645988e-03 2.590578613636241277e-03
7.514126344086021447e+01 2.526848560354484977e-03 2.590332936495617477e-03
7.526626344086021447e+01 2.526654116088378633e-03 2.590055395548050872e-03
7.539126344086021447e+01 2.526432253961976345e-03 2.589746067805377173e-03
7.551626344086021447e+01 2.526183007560915423e-03 2.589405032112938095e-03
7.564126344086021447e+01 2.525906411924177999e-03 2.589032369122647170e-03
7.576626344086021447e+01 2.525602503529167635e-03 2.588628161265390300e-03
7.589126344086021447e+01 2.525271320282754250e-03 2.588192492724354383e-03
7.601626344086021447e+01 2.524912901505235296e-03 2.587725449407710186e-03
7.614126344086021447e+01 2.524527287917798044e-03 2.587227118922365114e-03
7.626626344086021447e+01 2.524114521631852341e-03 2.586697590547016451e-03
7.639126344086021447e+01 2.523674646134396477e-03 2.586136955206029021e-03
7.651626344086021447e+01 2.523207706274359710e-03 2.585545305443080408e-03
7.664126344086021447e+01 2.522713748251924609e-03 2.584922735395197343e-03
7.676626344086021447e+01 2.522192819604760286e-03 2.584269340766841110e-03
7.689126344086021447e+01 2.521644969195315986e-03 2.583585218804186363e-03
7.701626344086021447e+01 2.521070247197086840e-03 2.582870468269680975e-03
7.714126344086021447e+01 2.520468705083942287e-03 2.582125189416588102e-03
7.726626344086021447e+01 2.519840395615592556e-03 2.581349483963879098e-03
7.739126344086021447e+01 2.519185372824677988e-03 2.580543455071175867e-03
7.751626344086021447e+01 2.518503692005563590e-03 2.579707207314012839e-03
7.764126344086021447e+01 2.517795409701040644e-03 2.578840846659002234e-03
7.776626344086021447e+01 2.517060583688407720e-03 2.577944480439559212e-03
7.789126344086021447e+01 2.516299272968542788e-03 2.577018217331480433e-03
7.801626344086021447e+01 2.515511537752568392e-03 2.576062167328896022e-03
7.814126344086021447e+01 2.514697439448694213e-03 2.575076441720129151e-03
7.826626344086021447e+01 2.513857040649650296e-03 2.574061153064272512e-03
7.839126344086021447e+01 2.512990405121050957e-03 2.573016415167253459e-03
7.851626344086021447e+01 2.512097597788457218e-03 2.571942343058678925e-03
7.864126344086021447e+01 2.511178684723933564e-03 2.570839052968406681e-03
7.876626344086021447e+01 2.510233733133946515e-03 2.569706662303699023e-03
7.889126344086021447e+01 2.509262811347613611e-03 2.568545289626113226e-03
7.901626344086021447e+01 2.508265988803447515e-03 2.567355054629039905e-03
7.914126344086021447e+01 2.507243336036626188e-03 2.566136078115037553e-03
7.926626344086021447e+01 2.506194924667459571e-03 2.564888481973597728e-03
7.939126344086021447e+01 2.505120827388547869e-03 2.563612389158896349e-03
7.951626344086021447e+01 2.504021117951057713e-03 2.562307923667859425e-03
7.964126344086021447e+01 2.502895871155315626e-03 2.560975210518509366e-03
7.976626344086021447e+01 2.501745162835673428e-03 2.559614375728069737e-03
7.989126344086021447e+01 2.500569069849263321e-03 2.558225546291854110e-03
8.001626344086021447e+01 2.499367670064129784e-03 2.556808850161743345e-03
8.014126344086021447e+01 2.498141042346396952e-03 2.555364416225292153e-03
8.026626344086021447e+01 2.496889266548073943e-03 2.553892374284746306e-03
8.039126344086021447e+01 2.495612423494581768e-03 2.552392855036422423e-03
8.051626344086021447e+01 2.494310594973727854e-03 2.550865990050054342e-03
8.064126344086021447e+01 2.492983863722437153e-03 2.549311911748554111e-03
8.076626344086021447e+01 2.491632313414779507e-03 2.547730753387745638e-03
8.089126344086021447e+01 2.490256028650734282e-03 2.546122649036478697e-03
8.101626344086021447e+01 2.488855094942735418e-03 2.544487733556703019e-03
8.114126344086021447e+01 2.487429598705114334e-03 2.542826142583924035e-03
8.126626344086021447e+01 2.485979627241454663e-03 2.541138012507626956e-03
8.139126344086021447e+01 2.484505268732420565e-03 2.539423480452168789e-03
8.151626344086021447e+01 2.483006612224981056e-03 2.537682684257460894e-03
8.164126344086021447e+01 2.481483747618106785e-03 2.535915762460283409e-03
8.176626344086021447e+01 2.479936765653992757e-03 2.534222896375520721e-03
8.189126344086021447e+01 2.478365757904677988e-03 2.532539228268292173e-03
8.201626344086021447e+01 2.476770816759725925e-03 2.530829322484845316e-03
8.214126344086021447e+01 2.475152035416035984e-03 2.529093303541125014e-03
8.226626344086021447e+01 2.473509507865460661e-03 2.527331296794810798e-03
8.239126344086021447e+01 2.471843328882086972e-03 2.525543428427415825e-03
8.251626344086021447e+01 2.470153594012585753e-03 2.523729825426469960e-03
8.264126344086021447e+01 2.468440399563736828e-03 2.521890615567756212e-03
8.276626344086021447e+01 2.466703842591035350e-03 2.520025927397777886e-03
8.289126344086021447e+01 2.464944020886558271e-03 2.518135890216579610e-03
8.301626344086021447e+01 2.463161032968603278e-03 2.516220634059949945e-03
8.314126344086021447e+01 2.461354978069993718e-03 2.514280289682851739e-03
8.326626344086021447e+01 2.459525956125969363e-03 2.512314988541894476e-03
8.339126344086021447e+01 2.457674067764010085e-03 2.510324862778871759e-03
8.351626344086021447e+01 2.455799414292304285e-03 2.508310045203732391e-03
8.364126344086021447e+01 2.453902097688182623e-03 2.506270669278190706e-03
8.376626344086021447e+01 2.451982220586880045e-03 2.504206869098968714e-03
8.389126344086021447e+01 2.450039886270662104e-03 2.502118779381588137e-03
8.401626344086021447e+01 2.448075198658321208e-03 2.500006535444103482e-03
8.414126344086021447e+01 2.446088262293043530e-03 2.497870273191343370e-03
8.426626344086021447e+01 2.444079182332669405e-03 2.495710129098293196e-03
8.439126344086021447e+01 2.442048064537975273e-03 2.493526240194856008e-03
8.451626344086021447e+01 2.439995015261185902e-03 2.491318744049859663e-03
8.464126344086021447e+01 2.437920141436788167e-03 2.489087778755762637e-03
8.476626344086021447e+01 2.435823550569564920e-03 2.486833482912870642e-03
8.489126344086021447e+01 2.433705350724879677e-03 2.484555995614330399e-03
8.501626344086021447e+01 2.431565650515986679e-03 2.482255456430813769e-03
8.514126344086021447e+01 2.429404559096170427e-03 2.479932005395686732e-03
8.526626344086021447e+01 2.427222186145674108e-03 2.477585782989861346e-03
8.539126344086021447e+01 2.425018641862833422e-03 2.475216930127239253e-03
8.551626344086021447e+01 2.422794036952653426e-03 2.472825588139903209e-03
8.564126344086021447e+01 2.420548482617399834e-03 2.470411898763663367e-03
8.576626344086021447e+01 2.418282090544605131e-03 2.467976004123896300e-03
8.589126344086021447e+01 2.415994972898927954e-03 2.465518046721080440e-03
8.601626344086021447e+01 2.413687242309453616e-03 2.463038169416565705e-03
8.614126344086021447e+01 2.411359011861875703e-03 2.460536515418889573e-03
8.626626344086021447e+01 2.409010395086086300e-03 2.458013228269960004e-03
8.639126344086021447e+01 2.406641505947993299e-03 2.455468451830930023e-03
8.651626344086021447e+01 2.404252458838479749e-03 2.452902330268887619e-03
8.664126344086021447e+01 2.401843368563312976e-03 2.450315008043452408e-03
8.676626344086021447e+01 2.399414350333365937e-03 2.447706629893362310e-03
8.689126344086021447e+01 2.396965519755199416e-03 2.445077340823109246e-03
8.701626344086021447e+01 2.394496992821071746e-03 2.442427286090260042e-03
8.714126344086021447e+01 2.392008885897839617e-03 2.439756611191846222e-03
8.726626344086021447e+01 2.389501315719774581e-03 2.437065461852362756e-03
8.739126344086021447e+01 2.386974399376069582e-03 2.434353984010326991e-03
8.751626344086021447e+01 2.384428254303500201e-03 2.431622323806306891e-03
8.764126344086021447e+01 2.381862998275626440e-03 2.428870627569954411e-03
8.776626344086021447e+01 2.379278749394123007e-03 2.426099041808012918e-03
8.789126344086021447e+01 2.376675626077986297e-03 2.423307713192076121e-03
8.801626344086021447e+01 2.374053747055911590e-03 2.420496788546553854e-03
8.814126344086021447e+01 2.371413231355069384e-03 2.417666414836489985e-03
8.826626344086021447e+01 2.368754198294009076e-03 2.414816739155862570e-03
8.839126344086021447e+01 2.366076767471359411e-03 2.411947908716246571e-03
8.851626344086021447e+01 2.363381058757804947e-03 2.409060070834521169e-03
8.864126344086021447e+01 2.360667192286957945e-03 2.406153372922195579e-03
8.876626344086021447e+01 2.357935288446000831e-03 2.403227962473215244e-03
8.889126344086021447e+01 2.355185467866476555e-03 2.400283987053705714e-03
8.901626344086021447e+01 2.352417851416343988e-03 2.397321594290129261e-03
8.914126344086021447e+01 2.349632560190053569e-03 2.394340931858704793e-03
8.926626344086021447e+01 2.346829715500055400e-03 2.391342147474266600e-03
8.939126344086021447e+01 2.344009438868638676e-03 2.388325388879959221e-03
8.951626344086021447e+01 2.341171852018093195e-03 2.385290803836137823e-03
8.964126344086021447e+01 2.338317076863126020e-03 2.382238540110387902e-03
8.976626344086021447e+01 2.335445235501730759e-03 2.379168745466516289e-03
8.989126344086021447e+01 2.332556450207220848e-03 2.376081567654937318e-03
9.001626344086021447e+01 2.329650843418767502e-03 2.372977154402169508e-03
9.014126344086021447e+01 2.326728537734144668e-03 2.369855653400845287e-03
9.026626344086021447e+01 2.323789655900350675e-03 2.366717212299805292e-03
9.039126344086021447e+01 2.320834320806544008e-03 2.363561978694370905e-03
9.051626344086021447e+01 2.317862655474287222e-03 2.360390100116697022e-03
9.064126344086021447e+01 2.314740055859596923e-03 2.357201724026029843e-03
9.076626344086021447e+01 2.311518732973188908e-03 2.353996997799539300e-03
9.089126344086021447e+01 2.308282358668278279e-03 2.350776068722398599e-03
9.101626344086021447e+01 2.305031080713042507e-03 2.347595212702531867e-03
9.114126344086021447e+01 2.301765046616855229e-03 2.344445186452456462e-03
9.126626344086021447e+01 2.298484403622774470e-03 2.341278935611233042e-03
9.139126344086021447e+01 2.295189298699973172e-03 2.338096595519425884e-03
9.151626344086021447e+01 2.291879878536570020e-03 2.334898301559810291e-03
9.164126344086021447e+01 2.288556289532242983e-03 2.331684189148310830e-03
9.176626344086021447e+01 2.285218677791165526e-03 2.328454393724996817e-03
9.189126344086021447e+01 2.281867189115012635e-03 2.325209050745390051e-03
9.201626344086021447e+01 2.278501968996067464e-03 2.321948295671567419e-03
9.214126344086021447e+01 2.275123162610417742e-03 2.318672263963560132e-03
9.226626344086021447e+01 2.271730914811271457e-03 2.315381091070716976e-03
9.239126344086021447e+01 2.268325370122403501e-03 2.312074912423153425e-03
9.251626344086021447e+01 2.264906672731694694e-03 2.308753863423414557e-03
9.264126344086021447e+01 2.261474966484706365e-03 2.305418079438004402e-03
9.276626344086021447e+01 2.258030394878535966e-03 2.302067695789202385e-03
9.289126344086021447e+01 2.254573101055588977e-03 2.298702847746844202e-03
9.301626344086021447e+01 2.251103227797533832e-03 2.295323670520138266e-03
9.314126344086021447e+01 2.247620917519373498e-03 2.291930299249817816e-03
9.326626344086021447e+01 2.244126312263610302e-03 2.288522868999994225e-03
9.339126344086021447e+01 2.240619553694496620e-03 2.285101514750486913e-03
9.351626344086021447e+01 2.237100783092353228e-03 2.281666371388851432e-03
9.364126344086021447e+01 2.233570141348071962e-03 2.278217573702813036e-03
9.376626344086021447e+01 2.230027768957651771e-03 2.274755256372571009e-03
9.389126344086021447e+01 2.226473806016828882e-03 2.271279553963397469e-03
9.401626344086021447e+01 2.222908392215843139e-03 2.267790600917892266e-03
9.414126344086021447e+01 2.219331666834288043e-03 2.264288531548946503e-03
9.426626344086021447e+01 2.215743768735965995e-03 2.260773480032172208e-03
9.439126344086021447e+01 2.212144836364030639e-03 2.257245580398815551e-03
9.451626344086021447e+01 2.208535007736047665e-03 2.253704966528586370e-03
9.464126344086021447e+01 2.204914420439219556e-03 2.250151772142567914e-03
9.476626344086021447e+01 2.201283211625651090e-03 2.246586130796298774e-03
9.489126344086021447e+01 2.197641518007783113e-03 2.243008175872751152e-03
9.501626344086021447e+01 2.193989475853874455e-03 2.239418040575686438e-03
9.514126344086021447e+01 2.190327220983552363e-03 2.235815857922688124e-03
9.526626344086021447e+01 2.186654888763510819e-03 2.232201760738657895e-03
9.539126344086021447e+01 2.182972614103171130e-03 2.228575881649117862e-03
9.551626344086021447e+01 2.179280531450617040e-03 2.224938353073773432e-03
9.564126344086021447e+01 2.175578774788451339e-03 2.221289307220015909e-03
9.576626344086021447e+01 2.171867477629811204e-03 2.217628876076599420e-03
9.589126344086021447e+01 2.168146773014434283e-03 2.213957191407297034e-03
9.601626344086021447e+01 2.164416793504889136e-03 2.210274384744694790e-03
9.614126344086021447e+01 2.160677671182753209e-03 2.206580587384198225e-03
9.626626344086021447e+01 2.156929537644945195e-03 2.202875930377710175e-03
9.639126344086021447e+01 2.153172524000208747e-03 2.199160544527912261e-03
9.651626344086021447e+01 2.149406760865538949e-03 2.195434560382109219e-03
9.664126344086021447e+01 2.145632378362742794e-03 2.191698108226635289e-03
9.676626344086021447e+01 2.141849506115167927e-03 2.187951318080889797e-03
9.689126344086021447e+01 2.138058273244327311e-03 2.184194319691750916e-03
9.701626344086021447e+01 2.134258808366788426e-03 2.180427242527960795e-03
9.714126344086021447e+01 2.130451239590980522e-03 2.176650215774498555e-03
9.726626344086021447e+01 2.126635694514194402e-03 2.172863368327206980e-03
9.739126344086021447e+01 2.122812300219579194e-03 2.169066828787409671e-03
9.751626344086021447e+01 2.118981183273301299e-03 2.165260725456466615e-03
9.764126344086021447e+01 2.115142469721636997e-03 2.161445186330587364e-03
9.776626344086021447e+01 2.111296285088225082e-03 2.157620339095666327e-03
9.789126344086021447e+01 2.107442754371462602e-03 2.153786311122188758e-03
9.801626344086021447e+01 2.103582002041820814e-03 2.149943229460099439e-03
9.814126344086021447e+01 2.099714152039342408e-03 2.146091220833953265e-03
9.826626344086021447e+01 2.095839327771137437e-03 2.142230411637854621e-03
9.839126344086021447e+01 2.091957652108952532e-03 2.138360927930815693e-03
9.851626344086021447e+01 2.088069247386937013e-03 2.134482895431878864e-03
9.864126344086021447e+01 2.084174235399246806e-03 2.130596439515450736e-03
9.876626344086021447e+01 2.080272737397918098e-03 2.126701685206641365e-03
9.889126344086021447e+01 2.076364874090708915e-03 2.122798757176758318e-03
9.901626344086021447e+01 2.072450765639018318e-03 2.118887779738867945e-03
9.914126344086021447e+01 2.068530531655864146e-03 2.114968876843204004e-03
9.926626344086021447e+01 2.064604291203975695e-03 2.111086567638302981e-03
9.939126344086021447e+01 2.060672162793865565e-03 2.107264488487681480e-03
9.951626344086021447e+01 2.056734264382048972e-03 2.103434410663894763e-03
9.964126344086021447e+01 2.052790713369201901e-03 2.099596442516805331e-03
9.976626344086021447e+01 2.048841626598585982e-03 2.095750692202098982e-03
9.989126344086021447e+01 2.044887120354298149e-03 2.091897267677629308e-03
1.000162634408602145e+02 2.040927310359732377e-03 2.088036276698802905e-03
1.001412634408602145e+02 2.036962311776096927e-03 2.084167826816215804e-03
1.002662634408602145e+02 2.032992239200825772e-03 2.080292025370817938e-03
1.003912634408602145e+02 2.029017206666310514e-03 2.076408979490885175e-03
1.005162634408602145e+02 2.025037327638521279e-03 2.072518796088296169e-03
1.006412634408602145e+02 2.021052715015603761e-03 2.068621581854847378e-03
1.007662634408602145e+02 2.017063481126781140e-03 2.064717443258732004e-03
1.008912634408602145e+02 2.013069737731080795e-03 2.060806486541207592e-03
1.010162634408602145e+02 2.009071596016240562e-03 2.056888817712895431e-03
1.011412634408602145e+02 2.005069166597607186e-03 2.052964542550092530e-03
1.012662634408602145e+02 2.001062559517158366e-03 2.049033766591802207e-03
1.013912634408602145e+02 1.997051884242441108e-03 2.045096595136498829e-03
1.015162634408602145e+02 1.993037249665764645e-03 2.041153133237765416e-03
1.016412634408602145e+02 1.989018764103264118e-03 2.037203485701762681e-03
1.017662634408602145e+02 1.984996535294071378e-03 2.033247757083884479e-03
1.018912634408602145e+02 1.980970670399583803e-03 2.029286051685135709e-03
1.020162634408602145e+02 1.976941276002748289e-03 2.025318473549015882e-03
1.021412634408602145e+02 1.972908458107332664e-03 2.021345126458257407e-03
1.022662634408602145e+02 1.968872322137367979e-03 2.017366113931958523e-03
1.023912634408602145e+02 1.964832972936521836e-03 2.013381539221615994e-03
1.025162634408602145e+02 1.960790514767632615e-03 2.009391505308868661e-03
1.026412634408602145e+02 1.956745051312109695e-03 2.005396114901856694e-03
1.027662634408602145e+02 1.952696685669658714e-03 2.001395470432395726e-03
1.028912634408602145e+02 1.948645520357731881e-03 1.997389674052661799e-03
1.030162634408602145e+02 1.944591657311318510e-03 1.993378827632528126e-03
1.031412634408602145e+02 1.940535197882529332e-03 1.989363032756052280e-03
1.032662634408602145e+02 1.936476242840395705e-03 1.985342390719185921e-03
1.033912634408602145e+02 1.932414892370629134e-03 1.981317002526402932e-03
1.035162634408602145e+02 1.928351246075462547e-03 1.977286968887752988e-03
1.036412634408602145e+02 1.924285402973551200e-03 1.973252390216182275e-03
1.037662634408602145e+02 1.920217461499762121e-03 1.969213366624895413e-03
1.038912634408602145e+02 1.916147519505257161e-03 1.965169997923988787e-03
1.040162634408602145e+02 1.912075674257398454e-03 1.961122383618103902e-03
1.041412634408602145e+02 1.908002022439838621e-03 1.957070622903648357e-03
1.042662634408602145e+02 1.903926660152516432e-03 1.953014814665954583e-03
1.043912634408602145e+02 1.899849682911830063e-03 1.948955057476485855e-03
1.045162634408602145e+02 1.895771185650743347e-03 1.944891449590534097e-03
1.046412634408602145e+02 1.891691262718962286e-03 1.940824088944403990e-03
1.047662634408602145e+02 1.887610007883193516e-03 1.936753073152682955e-03
1.048912634408602145e+02 1.883527514327384142e-03 1.932678499505740546e-03
1.050162634408602145e+02 1.879443874652939224e-03 1.928600464967724628e-03
1.051412634408602145e+02 1.875359180879212920e-03 1.924519066173082391e-03
1.052662634408602145e+02 1.871273524443711886e-03 1.920434399424866389e-03
1.053912634408602145e+02 1.867186996202560394e-03 1.916346560692123351e-03
1.055162634408602145e+02 1.863099686430948329e-03 1.912255645607052485e-03
1.056412634408602145e+02 1.859011684823542966e-03 1.908161749463460058e-03
1.057662634408602145e+02 1.854923080495039529e-03 1.904064967213633204e-03
1.058912634408602145e+02 1.850833961980664043e-03 1.899965393466391183e-03
1.060162634408602145e+02 1.846744417236748830e-03 1.895863122484709460e-03
1.061412634408602145e+02 1.842654533641298244e-03 1.891758248183593796e-03
1.062662634408602145e+02 1.838564397994651338e-03 1.887650864127777845e-03
1.063912634408602145e+02 1.834474096520128912e-03 1.883541063529336600e-03
1.065162634408602145e+02 1.830383714864699651e-03 1.879428939245918499e-03
1.066412634408602145e+02 1.826293338099759444e-03 1.875314583778291003e-03
1.067662634408602145e+02 1.822203050721773456e-03 1.871198089268312492e-03
1.068912634408602145e+02 1.818112936653149339e-03 1.867079547496841921e-03
1.070162634408602145e+02 1.814023079242982513e-03 1.862959049882017973e-03
1.071412634408602145e+02 1.809933561267936539e-03 1.858836687476709670e-03
1.072662634408602145e+02 1.805844464933061694e-03 1.854712550966899388e-03
1.073912634408602145e+02 1.801755871872677724e-03 1.850586730669684030e-03
1.075162634408602145e+02 1.797667863151348544e-03 1.846459316531431005e-03
1.076412634408602145e+02 1.793580519264761962e-03 1.842330398125620458e-03
1.077662634408602145e+02 1.789493920140737115e-03 1.838200064651209420e-03
1.078912634408602145e+02 1.785408145140175099e-03 1.834068404930650972e-03
1.080162634408602145e+02 1.781323273058117804e-03 1.829935507408395013e-03
1.081412634408602145e+02 1.777239382124797202e-03 1.825801460148800950e-03
1.082662634408602145e+02 1.773156550006650591e-03 1.821666350834520720e-03
1.083912634408602145e+02 1.769074853807457715e-03 1.817530266764797895e-03
1.085162634408602145e+02 1.764994370069461168e-03 1.813393294853910985e-03
1.086412634408602145e+02 1.760915174774440629e-03 1.809255521629127544e-03
1.087662634408602145e+02 1.756837343344974439e-03 1.805117033229751379e-03
1.088912634408602145e+02 1.752760950645527701e-03 1.800977915404836614e-03
1.090162634408602145e+02 1.748686070983753544e-03 1.796838253512181988e-03
1.091412634408602145e+02 1.744612778111634356e-03 1.792698132516326159e-03
1.092662634408602145e+02 1.740541145226776314e-03 1.788557636987454834e-03
1.093912634408602145e+02 1.736471244973672489e-03 1.784416851099854696e-03
1.095162634408602145e+02 1.732403149444999759e-03 1.780275858630101697e-03
1.096412634408602145e+02 1.728336930182966915e-03 1.776134742956199776e-03
1.097662634408602145e+02 1.724272658180524840e-03 1.771993587055829865e-03
1.098912634408602145e+02 1.720210403882853822e-03 1.767852473505117589e-03
1.100162634408602145e+02 1.716150237188681727e-03 1.763711484477304249e-03
1.101412634408602145e+02 1.712092227451650957e-03 1.759570701741696233e-03
1.102662634408602145e+02 1.708036443481783647e-03 1.755430206661672031e-03
1.103912634408602145e+02 1.703982953546851007e-03 1.751290080194386036e-03
1.105162634408602145e+02 1.699931825373842634e-03 1.747150402888945778e-03
1.106412634408602145e+02 1.695883126150440597e-03 1.743011254885243593e-03
1.107662634408602145e+02 1.691836922526490910e-03 1.738872715913144769e-03
1.108912634408602145e+02 1.687793280615498435e-03 1.734734865291296660e-03
1.110162634408602145e+02 1.683752265996102913e-03 1.730597781925669130e-03
1.111412634408602145e+02 1.679713943713704400e-03 1.726461544308881702e-03
1.112662634408602145e+02 1.675678378281914146e-03 1.722326230518883648e-03
1.113912634408602145e+02 1.671645633684168538e-03 1.718191918218483442e-03
1.115162634408602145e+02 1.667615773375275825e-03 1.714058684653554411e-03
1.116412634408602145e+02 1.663588860283041334e-03 1.709926606652663718e-03
1.117662634408602145e+02 1.659564956809835663e-03 1.705795760626129757e-03
1.118912634408602145e+02 1.655544124834253290e-03 1.701666222564743227e-03
1.120162634408602145e+02 1.651526425712725003e-03 1.697538068039257993e-03
1.121412634408602145e+02 1.647511920281158728e-03 1.693411372199439590e-03
1.122662634408602145e+02 1.643500668856633052e-03 1.689286209773204796e-03
1.123912634408602145e+02 1.639492731239065816e-03 1.685162655065931001e-03
1.125162634408602145e+02 1.635488166712852336e-03 1.681040781959514032e-03
1.126412634408602145e+02 1.631487034048678848e-03 1.676920663911890454e-03
1.127662634408602145e+02 1.627489391505113894e-03 1.672802373956132045e-03
1.128912634408602145e+02 1.623495296830401160e-03 1.668685984699852737e-03
1.130162634408602145e+02 1.619504807264189866e-03 1.664571568324396331e-03
1.131412634408602145e+02 1.615517979539283361e-03 1.660459196584446184e-03
1.132662634408602145e+02 1.611534869883387081e-03 1.656348940807342383e-03
1.133912634408602145e+02 1.607555534020898126e-03 1.652240871892391967e-03
1.135162634408602145e+02 1.603580027174689431e-03 1.648135060310456940e-03
1.136412634408602145e+02 1.599608404067892837e-03 1.644031576103259940e-03
1.137662634408602145e+02 1.595640718925702773e-03 1.639930488883276256e-03
1.138912634408602145e+02 1.591677025477192297e-03 1.635831867832572865e-03
1.140162634408602145e+02 1.587717376957150598e-03 1.631735781703132172e-03
1.141412634408602145e+02 1.583761826107915301e-03 1.627642298815946704e-03
1.142662634408602145e+02 1.579810425181186551e-03 1.623551487060695365e-03
1.143912634408602145e+02 1.575863225939931958e-03 1.619463413895412540e-03
1.145162634408602145e+02 1.571920279660156232e-03 1.615378146346187985e-03
1.146412634408602145e+02 1.567981637132887657e-03 1.611295751006807742e-03
1.147662634408602145e+02 1.564047348665963772e-03 1.607216294038418033e-03
1.148912634408602145e+02 1.560117464085987709e-03 1.603139841169307989e-03
1.150162634408602145e+02 1.556192032740144875e-03 1.599066457694501122e-03
1.151412634408602145e+02 1.552271103498186833e-03 1.594996208475831867e-03
1.152662634408602145e+02 1.548354724754266200e-03 1.590929157941655672e-03
1.153912634408602145e+02 1.544442944428912065e-03 1.586865370086295831e-03
1.155162634408602145e+02 1.540535809970902193e-03 1.582804908470271821e-03
1.156412634408602145e+02 1.536633368359274212e-03 1.578747836220278271e-03
1.157662634408602145e+02 1.532735666105138408e-03 1.574694216028584958e-03
1.158912634408602145e+02 1.528842749253732283e-03 1.570644110153438184e-03
1.160162634408602145e+02 1.524954663386323545e-03 1.566597580418650944e-03
1.161412634408602145e+02 1.521071453622162110e-03 1.562554688213943586e-03
1.162662634408602145e+02 1.517193164620458988e-03 1.558515494494458085e-03
1.163912634408602145e+02 1.513319840582326133e-03 1.554480059781013701e-03
1.165162634408602145e+02 1.509451525252793061e-03 1.550448444160393638e-03
1.166412634408602145e+02 1.505588261922722205e-03 1.546420707284875589e-03
1.167662634408602145e+02 1.501730093430852413e-03 1.542396908372612070e-03
1.168912634408602145e+02 1.497877062165763962e-03 1.538377106207688321e-03
1.170162634408602145e+02 1.494029210067808868e-03 1.534361359140269752e-03
1.171412634408602145e+02 1.490186578631239175e-03 1.530349725086601513e-03
1.172662634408602145e+02 1.486349208906080025e-03 1.526342261529403145e-03
1.173912634408602145e+02 1.482517141500193977e-03 1.522339025517641326e-03
1.175162634408602145e+02 1.478690416581297405e-03 1.518340073667337172e-03
1.176412634408602145e+02 1.474869073878915318e-03 1.514345462161155106e-03
1.177662634408602145e+02 1.471053152686462159e-03 1.510355246749224686e-03
1.178912634408602145e+02 1.467242691863233049e-03 1.506369482748891667e-03
1.180162634408602145e+02 1.463437729836414769e-03 1.502388225045355949e-03
1.181412634408602145e+02 1.459638304603105407e-03 1.498411528091757663e-03
1.182662634408602145e+02 1.455844453732374564e-03 1.494439445909816850e-03
1.183912634408602145e+02 1.452056214367267173e-03 1.490472032089650662e-03
1.185162634408602145e+02 1.448273623226838547e-03 1.486509339790792516e-03
1.186412634408602145e+02 1.444496716608204608e-03 1.482551421741928411e-03
1.187662634408602145e+02 1.440725530388552861e-03 1.478598330241836286e-03
1.188912634408602145e+02 1.436960100027198043e-03 1.474650117159602642e-03
1.190162634408602145e+02 1.433200460567620859e-03 1.470706833934708625e-03
1.191412634408602145e+02 1.429446646639494353e-03 1.466768531578383763e-03
1.192662634408602145e+02 1.425698692460767745e-03 1.462835260673219992e-03
1.193912634408602145e+02 1.421956631839637296e-03 1.458907071373874214e-03
1.195162634408602145e+02 1.418220498176685435e-03 1.454984013407946506e-03
1.196412634408602145e+02 1.414490324466863335e-03 1.451066136076297353e-03
1.197662634408602145e+02 1.410766143301551544e-03 1.447153488253326075e-03
1.198912634408602145e+02 1.407047986870618456e-03 1.443246118388052425e-03
1.200162634408602145e+02 1.403335886964472050e-03 1.439344074504299168e-03
1.201412634408602145e+02 1.399629874976070438e-03 1.435447404201484634e-03
1.202662634408602145e+02 1.395929981903062944e-03 1.431556154655423511e-03
1.203912634408602145e+02 1.392236238349734518e-03 1.427670372618536744e-03
1.205162634408602145e+02 1.388548674529117757e-03 1.423790104420818428e-03
1.206412634408602145e+02 1.384867320265019928e-03 1.419915395970543573e-03
1.207662634408602145e+02 1.381192204994104427e-03 1.416046292754642808e-03
1.208912634408602145e+02 1.377523357767897845e-03 1.412182839839923841e-03
1.210162634408602145e+02 1.373860807254871424e-03 1.408325081873194841e-03
1.211412634408602145e+02 1.370204581742469818e-03 1.404473063082594319e-03
1.212662634408602145e+02 1.366554709139183865e-03 1.400626827278073387e-03
1.213912634408602145e+02 1.362911216976563956e-03 1.396786417851910746e-03
1.215162634408602145e+02 1.359274132411307555e-03 1.392951877780036936e-03
1.216412634408602145e+02 1.355643482227251962e-03 1.389123249622737331e-03
1.217662634408602145e+02 1.352019292837480921e-03 1.385300575524847514e-03
1.218912634408602145e+02 1.348401590286318679e-03 1.381483897217392802e-03
1.220162634408602145e+02 1.344790400251384991e-03 1.377673256018258725e-03
1.221412634408602145e+02 1.341185748045650977e-03 1.373868692832507822e-03
1.222662634408602145e+02 1.337587658619460726e-03 1.370070248154084879e-03
1.223912634408602145e+02 1.333996156562570470e-03 1.366277962066036154e-03
1.225162634408602145e+02 1.330411266106186659e-03 1.362491874241834704e-03
1.226412634408602145e+02 1.326833011125001663e-03 1.358712023946233652e-03
1.227662634408602145e+02 1.323261415139233158e-03 1.354938450035918229e-03
1.228912634408602145e+02 1.319696501316604742e-03 1.351171190961032763e-03
1.230162634408602145e+02 1.316138292474451242e-03 1.347410284765618912e-03
1.231412634408602145e+02 1.312586811081660519e-03 1.343655769088725454e-03
1.232662634408602145e+02 1.309042079260790701e-03 1.339907681165760289e-03
1.233912634408602145e+02 1.305504118789984876e-03 1.336166057828825889e-03
1.235162634408602145e+02 1.301972951105061227e-03 1.332430935508449035e-03
1.236412634408602145e+02 1.298448597301484972e-03 1.328702350234319592e-03
1.237662634408602145e+02 1.294931078136427700e-03 1.324980337636083062e-03
1.238912634408602145e+02 1.291420414030720453e-03 1.321264932944901617e-03
1.240162634408602145e+02 1.287916625070897880e-03 1.317556170994262478e-03
1.241412634408602145e+02 1.284387632064131618e-03 1.313854086220770908e-03
1.242662634408602145e+02 1.280849044013757619e-03 1.310158712666066637e-03
1.243912634408602145e+02 1.277317493540626589e-03 1.306470083977204861e-03
1.245162634408602145e+02 1.273793002438758891e-03 1.302788233407838449e-03
1.246412634408602145e+02 1.270275592152159952e-03 1.299113193819874390e-03
1.247662634408602145e+02 1.266765283776775074e-03 1.295444997684011123e-03
1.248912634408602145e+02 1.263262098062370312e-03 1.291783677081287428e-03
1.250162634408602145e+02 1.259766055414547137e-03 1.288129263704219539e-03
1.251412634408602145e+02 1.256277175896611817e-03 1.284481788857729217e-03
1.252662634408602145e+02 1.252795479231543245e-03 1.280841283460615017e-03
1.253912634408602145e+02 1.249320984803890073e-03 1.277207778046654920e-03
1.255162634408602145e+02 1.245853711661716861e-03 1.273581302765835815e-03
1.256412634408602145e+02 1.242393678518550213e-03 1.269961887385591664e-03
1.257662634408602145e+02 1.238940903755266377e-03 1.266349561291824381e-03
1.258912634408602145e+02 1.235495405422048013e-03 1.262744353490574591e-03
1.260162634408602145e+02 1.232057201240306481e-03 1.259146292609025384e-03
1.261412634408602145e+02 1.228626308604558381e-03 1.255555406896541196e-03
1.262662634408602145e+02 1.225202744584403137e-03 1.251971724226489920e-03
1.263912634408602145e+02 1.221786525926411458e-03 1.248395272097202642e-03
1.265162634408602145e+02 1.218377669056041994e-03 1.244826077633054157e-03
1.266412634408602145e+02 1.214976190079569045e-03 1.241264167586235640e-03
1.267662634408602145e+02 1.211582104785954980e-03 1.237709568337919943e-03
1.268912634408602145e+02 1.208195428648807437e-03 1.234162305899256249e-03
1.270162634408602145e+02 1.204816176828265402e-03 1.230622405913186319e-03
1.271412634408602145e+02 1.201444364172889407e-03 1.227089893655386671e-03
1.272662634408602145e+02 1.198080005221590760e-03 1.223564794035922202e-03
1.273912634408602145e+02 1.194723114205498322e-03 1.220047131600520991e-03
1.275162634408602145e+02 1.191373705049889693e-03 1.216536930531698403e-03
1.276412634408602145e+02 1.188031791376048226e-03 1.213034214650500269e-03
1.277662634408602145e+02 1.184697386503190527e-03 1.209539007417677076e-03
1.278912634408602145e+02 1.181370503450332151e-03 1.206051331935039652e-03
1.280162634408602287e+02 1.178051154938152423e-03 1.202571210947051862e-03
1.281412634408602287e+02 1.174739353390926496e-03 1.199098666842054019e-03
1.282662634408602287e+02 1.171435110938367835e-03 1.195633721653716151e-03
1.283912634408602287e+02 1.168138439417512782e-03 1.192176397062633944e-03
1.285162634408602287e+02 1.164849350374585384e-03 1.188726714397296937e-03
1.286412634408602287e+02 1.161567855066873278e-03 1.185284694636141783e-03
1.287662634408602287e+02 1.158293964464593602e-03 1.181850358408632331e-03
1.288912634408602287e+02 1.155027689252756742e-03 1.178423725996530528e-03
1.290162634408602287e+02 1.151769039833012076e-03 1.175004817335926046e-03
1.291412634408602287e+02 1.148513763149036897e-03 1.171593652018080222e-03
1.292662634408602287e+02 1.145244618251513259e-03 1.168190249291228226e-03
1.293912634408602287e+02 1.141983241832490508e-03 1.164794628062245253e-03
1.295162634408602287e+02 1.138729644197689333e-03 1.161462181445888520e-03
1.296412634408602287e+02 1.135483835362165791e-03 1.158244560886895853e-03
1.297662634408602287e+02 1.132245825052461503e-03 1.155034437940129352e-03
1.298912634408602287e+02 1.129015622708273540e-03 1.151831819046854073e-03
1.300162634408602287e+02 1.125793237484612854e-03 1.148636710406674430e-03
1.301412634408602287e+02 1.122578678253546153e-03 1.145449117979296027e-03
1.302662634408602287e+02 1.119371953606184767e-03 1.142269047486369881e-03
1.303912634408602287e+02 1.116173071854468374e-03 1.139096504413202862e-03
1.305162634408602287e+02 1.112982041033193760e-03 1.135931494010508462e-03
1.306412634408602287e+02 1.109798868901859048e-03 1.132774021296196598e-03
1.307662634408602287e+02 1.106623562946529391e-03 1.129624091057085996e-03
1.308912634408602287e+02 1.103456130381716112e-03 1.126481707850677302e-03
1.310162634408602287e+02 1.100296578152254543e-03 1.123346876006881727e-03
1.311412634408602287e+02 1.097144912935252119e-03 1.120219599629715011e-03
1.312662634408602287e+02 1.094001141141861914e-03 1.117099882599031273e-03
1.313912634408602287e+02 1.090865268919156148e-03 1.113987728572279207e-03
1.315162634408602287e+02 1.087737302152107883e-03 1.110883140986175435e-03
1.316412634408602287e+02 1.084617246465224491e-03 1.107786123058398468e-03
1.317662634408602287e+02 1.081505107224677671e-03 1.104696677789295456e-03
1.318912634408602287e+02 1.078400889539862318e-03 1.101614807963567470e-03
1.320162634408602287e+02 1.075304598265489466e-03 1.098540516152007266e-03
1.321412634408602287e+02 1.072216238003259429e-03 1.095473804713071805e-03
1.322662634408602287e+02 1.069135813103794935e-03 1.092414675794631512e-03
1.323912634408602287e+02 1.066063327668374328e-03 1.089363131335586597e-03
1.325162634408602287e+02 1.062998785550806589e-03 1.086319173067604605e-03
1.326412634408602287e+02 1.059942190359292914e-03 1.083282802516652822e-03
1.327662634408602287e+02 1.056893545458200898e-03 1.080254021004736689e-03
1.328912634408602287e+02 1.053852853969760011e-03 1.077232829651481429e-03
1.330162634408602287e+02 1.050820118776089928e-03 1.074219229375784380e-03
1.331412634408602287e+02 1.047795342520830078e-03 1.071213220897483144e-03
1.332662634408602287e+02 1.044778527611014019e-03 1.068214804738875203e-03
1.333912634408602287e+02 1.041769676218754284e-03 1.065223981226407542e-03
1.335162634408602287e+02 1.038768790283162288e-03 1.062240750492228578e-03
1.336412634408602287e+02 1.035775871512035129e-03 1.059265112475867802e-03
1.337662634408602287e+02 1.032790921383666856e-03 1.056297066925715933e-03
1.338912634408602287e+02 1.029813941148570184e-03 1.053336613400684399e-03
1.340162634408602287e+02 1.026844931831241573e-03 1.050383751271744904e-03
1.341412634408602287e+02 1.023883894231980736e-03 1.047438479723547056e-03
1.342662634408602287e+02 1.020930828928617124e-03 1.044500797755940806e-03
1.343912634408602287e+02 1.017985736278176996e-03 1.041570704185520568e-03
1.345162634408602287e+02 1.015048616418714198e-03 1.038648197647219209e-03
1.346412634408602287e+02 1.012119469270994802e-03 1.035733276595828325e-03
1.347662634408602287e+02 1.009198294540239417e-03 1.032825939307537586e-03
1.348912634408602287e+02 1.006285091717842081e-03 1.029926183881464544e-03
1.350162634408602287e+02 1.003379860083065305e-03 1.027034008241157776e-03
1.351412634408602287e+02 1.000482598704818598e-03 1.024149410136166371e-03
1.352662634408602287e+02 9.975933064432793498e-04 1.021272387143485390e-03
1.353912634408602287e+02 9.947119819515867854e-04 1.018402936669115383e-03
1.355162634408602287e+02 9.918386236776456470e-04 1.015541055949502423e-03
1.356412634408602287e+02 9.889732298656685790e-04 1.012686742053065751e-03
1.357662634408602287e+02 9.861157985580006231e-04 1.009839991881688768e-03
1.358912634408602287e+02 9.832663275966006724e-04 1.007000802172147366e-03
1.360162634408602287e+02 9.804248146249487997e-04 1.004169169497628458e-03
1.361412634408602287e+02 9.775912570894988718e-04 1.001345090269142044e-03
1.362662634408602287e+02 9.747656522414847218e-04 9.985285607370403965e-04
1.363912634408602287e+02 9.719479971384592824e-04 9.957195769923962974e-04
1.365162634408602287e+02 9.691382886459555838e-04 9.929181349684933818e-04
1.366412634408602287e+02 9.663365234392171403e-04 9.901242304422269280e-04
1.367662634408602287e+02 9.635426980047490098e-04 9.873378590355746855e-04
1.368912634408602287e+02 9.607568086419226300e-04 9.845590162169692589e-04
1.370162634408602287e+02 9.579788514646679328e-04 9.817876973027264351e-04
1.371412634408602287e+02 9.552088224030224521e-04 9.790238974584769809e-04
1.372662634408602287e+02 9.524144259591864944e-04 9.762676117005461823e-04
1.373912634408602287e+02 9.496230467588048611e-04 9.735188348973312141e-04
1.375162634408602287e+02 9.468396992553913209e-04 9.707775617707175425e-04
1.376412634408602287e+02 9.440643807201989576e-04 9.680437868974380803e-04
1.377662634408602287e+02 9.412970882263531000e-04 9.653175047104725669e-04
1.378912634408602287e+02 9.385378186504287268e-04 9.625987095003688855e-04
1.380162634408602287e+02 9.357865686740480388e-04 9.598873954166379976e-04
1.381412634408602287e+02 9.330433347854770552e-04 9.571835564690859936e-04
1.382662634408602287e+02 9.303081132811672404e-04 9.544871865291748754e-04
1.383912634408602287e+02 9.275809002673882043e-04 9.517982793313726044e-04
1.385162634408602287e+02 9.248616916617366946e-04 9.491168284744330025e-04
1.386412634408602287e+02 9.221504831947459867e-04 9.464428274227640152e-04
1.387662634408602287e+02 9.194472704114752155e-04 9.437762695077417646e-04
1.388912634408602287e+02 9.167520486729562436e-04 9.411171479290265538e-04
1.390162634408602287e+02 9.140648131578446838e-04 9.384654557558304083e-04
1.391412634408602287e+02 9.113855588639314942e-04 9.358211859282497764e-04
1.392662634408602287e+02 9.087142806097313341e-04 9.331843312585399010e-04
1.393912634408602287e+02 9.060509730358831367e-04 9.305548844324407990e-04
1.395162634408602287e+02 9.033956306068368020e-04 9.279328380103709674e-04
1.396412634408602287e+02 9.007482476122971376e-04 9.253181844287802511e-04
1.397662634408602287e+02 8.981088181687699309e-04 9.227109160013470188e-04
1.398912634408602287e+02 8.954773362210726763e-04 9.201110249203040339e-04
1.400162634408602287e+02 8.928537955437771062e-04 9.175185032576445212e-04
1.401412634408602287e+02 8.902381897428578291e-04 9.149333429663464475e-04
1.402662634408602287e+02 8.876305122570588577e-04 9.123555358816553499e-04
1.403912634408602287e+02 8.850307563594683041e-04 9.097850737223053645e-04
1.405162634408602287e+02 8.824389151589597186e-04 9.072219480917217147e-04
1.406412634408602287e+02 8.798549816016718083e-04 9.046661504792510638e-04
1.407662634408602287e+02 8.772789484725454024e-04 9.021176722613601009e-04
1.408912634408602287e+02 8.747108083967325897e-04 8.995765047028493047e-04
1.410162634408602287e+02 8.721505538410922673e-04 8.970426389580696356e-04
1.411412634408602287e+02 8.695981771156427540e-04 8.945160660720709225e-04
1.412662634408602287e+02 8.670536703750206936e-04 8.919967769818097723e-04
1.413912634408602287e+02 8.645170256199433178e-04 8.894847625173184485e-04
1.415162634408602287e+02 8.619882346986140059e-04 8.869800134028919640e-04
1.416412634408602287e+02 8.594672893082417947e-04 8.844825202582327819e-04
1.417662634408602287e+02 8.569541809963418782e-04 8.819922735996119957e-04
1.418912634408602287e+02 8.544489011622910047e-04 8.795092638410063326e-04
1.420162634408602287e+02 8.519514410587232783e-04 8.770334812952960881e-04
1.421412634408602287e+02 8.494582835381383730e-04 8.745649161753307884e-04
1.422662634408602287e+02 8.469699197865527369e-04 8.721035585951042489e-04
1.423912634408602287e+02 8.444893700921060750e-04 8.696493985708656643e-04
1.425162634408602287e+02 8.420166255340573967e-04 8.672024260222559611e-04
1.426412634408602287e+02 8.395516770471670408e-04 8.647626307733707494e-04
1.427662634408602287e+02 8.370945154238561888e-04 8.623300025539338632e-04
1.428912634408602287e+02 8.346451313147051649e-04 8.599045310003247504e-04
1.430162634408602287e+02 8.322035152302784729e-04 8.574862056567357504e-04
1.431412634408602287e+02 8.297696575428217900e-04 8.550750159762121692e-04
1.432662634408602287e+02 8.273435484868735647e-04 8.526709513217395169e-04
1.433912634408602287e+02 8.249251781612475893e-04 8.502740009673403956e-04
1.435162634408602287e+02 8.225145365301262008e-04 8.478841540991083944e-04
1.436412634408602287e+02 8.201116134245031372e-04 8.455013998162981461e-04
1.437662634408602287e+02 8.177163985433710640e-04 8.431257271323446944e-04
1.438912634408602287e+02 8.153288814552731760e-04 8.407571249759545262e-04
1.440162634408602287e+02 8.129490515996010960e-04 8.383955821920945810e-04
1.441412634408602287e+02 8.105768982876882921e-04 8.360410875430806816e-04
1.442662634408602287e+02 8.082124107045649680e-04 8.336936297095692535e-04
1.443912634408602287e+02 8.058555779098139317e-04 8.313531972915744151e-04
1.445162634408602287e+02 8.035063888391899599e-04 8.290197788095195457e-04
1.446412634408602287e+02 8.011648323059415494e-04 8.266933627052352931e-04
1.447662634408602287e+02 7.988308970017084188e-04 8.243739373429254894e-04
1.448912634408602287e+02 7.965045714985848546e-04 8.220614910102144908e-04
1.450162634408602287e+02 7.941858442495291050e-04 8.197560119190970464e-04
1.451412634408602287e+02 7.918747035901334492e-04 8.174574882069736035e-04
1.452662634408602287e+02 7.895711377401414292e-04 8.151659079375831547e-04
1.453912634408602287e+02 7.872751348040262723e-04 8.128812591019803210e-04
1.455162634408602287e+02 7.849866827729131812e-04 8.106035296195110255e-04
1.456412634408602287e+02 7.827057695254492978e-04 8.083327073388108268e-04
1.457662634408602287e+02 7.804323828293260315e-04 8.060687800386810622e-04
1.458912634408602287e+02 7.781665103421992217e-04 8.038117354290966144e-04
1.460162634408602287e+02 7.759081396132552679e-04 8.015615611521314946e-04
1.461412634408602287e+02 7.736572580843844530e-04 7.993182447828773782e-04
1.462662634408602287e+02 7.714138530911165016e-04 7.970817738304211220e-04
1.463912634408602287e+02 7.691779118644281616e-04 7.948521357387094153e-04
1.465162634408602287e+02 7.669494215314241921e-04 7.926293178875114427e-04
1.466412634408602287e+02 7.647283691165815932e-04 7.904133075932874390e-04
1.467662634408602287e+02 7.625147415435878711e-04 7.882040921101740117e-04
1.468912634408602287e+02 7.603085256356147993e-04 7.860016586307834148e-04
1.470162634408602287e+02 7.581097081174109284e-04 7.838059942871744524e-04
1.471412634408602287e+02 7.559182756158138719e-04 7.816170861516940358e-04
1.472662634408602287e+02 7.537342146611401448e-04 7.794349212379004903e-04
1.473912634408602287e+02 7.515575116888031188e-04 7.772594865014128109e-04
1.475162634408602287e+02 7.493881530396709172e-04 7.750907688407874564e-04
1.476412634408602287e+02 7.472261249619907651e-04 7.729287550983709662e-04
1.477662634408602287e+02 7.450714136120884087e-04 7.707734320612049436e-04
1.478912634408602287e+02 7.429240050558249576e-04 7.686247864618255465e-04
1.480162634408602287e+02 7.407838852693818471e-04 7.664828049791350779e-04
1.481412634408602287e+02 7.386510401408395449e-04 7.643474742392544936e-04
1.482662634408602287e+02 7.365254554710660550e-04 7.622187808163342774e-04
1.483912634408602287e+02 7.344071169747016983e-04 7.600967112334120444e-04
1.485162634408602287e+02 7.322960102818772479e-04 7.579812519632317652e-04
1.486412634408602287e+02 7.301921209385794139e-04 7.558723894290413038e-04
1.487662634408602287e+02 7.280954344081771827e-04 7.537701100054219417e-04
1.488912634408602287e+02 7.260059360727779375e-04 7.516744000191241887e-04
1.490162634408602287e+02 7.239236112336211318e-04 7.495852457498101366e-04
1.491412634408602287e+02 7.218484451130444905e-04 7.475026334309104121e-04
1.492662634408602287e+02 7.197804228547236179e-04 7.454265492503734693e-04
1.493912634408602287e+02 7.177195295254316584e-04 7.433569793514862223e-04
1.495162634408602287e+02 7.156657501157968285e-04 7.412939098336122782e-04
1.496412634408602287e+02 7.136190695413757766e-04 7.392373267530216773e-04
1.497662634408602287e+02 7.115794726438707087e-04 7.371872161236032138e-04
1.498912634408602287e+02 7.095469441920710177e-04 7.351435639176878874e-04
1.500162634408602287e+02 7.075214688830352809e-04 7.331063560667460451e-04
1.501412634408602287e+02 7.055030313429076641e-04 7.310755784621890407e-04
1.502662634408602287e+02 7.034916161282474788e-04 7.290512169560967341e-04
1.503912634408602287e+02 7.014872077269742809e-04 7.270332573619694939e-04
1.505162634408602287e+02 6.994897905591643261e-04 7.250216854554611184e-04
1.506412634408602287e+02 6.974993489786333965e-04 7.230164869750936498e-04
1.507662634408602287e+02 6.955158672733173552e-04 7.210176476230226042e-04
1.508912634408602287e+02 6.935393296666092933e-04 7.190251530657215369e-04
1.510162634408602287e+02 6.915697203186106992e-04 7.170389889347342617e-04
1.511412634408602287e+02 6.896070233265631875e-04 7.150591408273475986e-04
1.512662634408602287e+02 6.876512227264590816e-04 7.130855943073169216e-04
1.513912634408602287e+02 6.857023024934631684e-04 7.111183349055806482e-04
1.515162634408602287e+02 6.837602465434085720e-04 7.091573481209364560e-04
1.516412634408602287e+02 6.818250387334692840e-04 7.072026194207320284e-04
1.517662634408602287e+02 6.798966628631254294e-04 7.052541342415610034e-04
1.518912634408602287e+02 6.779751026753909077e-04 7.033118779899334445e-04
1.520162634408602287e+02 6.760603418575198602e-04 7.013758360429685375e-04
1.521412634408602287e+02 6.741523640422150123e-04 6.994459937490453286e-04
1.522662634408602287e+02 6.722511528081510186e-04 6.975223364284688582e-04
1.523912634408602287e+02 6.703566916814688182e-04 6.956048493741418242e-04
1.525162634408602287e+02 6.684689641363821379e-04 6.936935178522302820e-04
1.526412634408602287e+02 6.665879535960636103e-04 6.917883271027788208e-04
1.527662634408602287e+02 6.647136434340348296e-04 6.898892623403911177e-04
1.528912634408602287e+02 6.628460169743542437e-04 6.879963087548335125e-04
1.530162634408602287e+02 6.609850574931210509e-04 6.861094515117262954e-04
1.531412634408602287e+02 6.591307482193321538e-04 6.842286757531222370e-04
1.532662634408602287e+02 6.572830723354877941e-04 6.823539665981491953e-04
1.533912634408602287e+02 6.554420129787340852e-04 6.804853091436366755e-04
1.535162634408602287e+02 6.536075532417288557e-04 6.786226884647268871e-04
1.536412634408602287e+02 6.517796761735481512e-04 6.767660896155092186e-04
1.537662634408602287e+02 6.499583647804591620e-04 6.749154976295771921e-04
1.538912634408602287e+02 6.481436020268374577e-04 6.730708975206759490e-04
1.540162634408602287e+02 6.463353708361532866e-04 6.712322742832742750e-04
1.541412634408602287e+02 6.445336540917852687e-04 6.693996128931746807e-04
1.542662634408602287e+02 6.427384346378896014e-04 6.675728983081002802e-04
1.543912634408602287e+02 6.409496952800285705e-04 6.657521154682502279e-04
1.545162634408602287e+02 6.391674187864496929e-04 6.639372492969071969e-04
1.546412634408602287e+02 6.373915878886748715e-04 6.621282847010145000e-04
1.547662634408602287e+02 6.356221852822132581e-04 6.603252065717235032e-04
1.548912634408602287e+02 6.338591936278811616e-04 6.585279997849712887e-04
1.550162634408602287e+02 6.321025955519313927e-04 6.567366492020332725e-04
1.551412634408602287e+02 6.303523736475480539e-04 6.549511396700983742e-04
1.552662634408602287e+02 6.286085104752616804e-04 6.531714560227961557e-04
1.553912634408602287e+02 6.268709885638785095e-04 6.513975830807574620e-04
1.555162634408602287e+02 6.251397904112872359e-04 6.496295056521502343e-04
1.556412634408602287e+02 6.234148984853081586e-04 6.478672085332338624e-04
1.557662634408602287e+02 6.216962952244045257e-04 6.461106765088573756e-04
1.558912634408602287e+02 6.199839630385777607e-04 6.443598943530373224e-04
1.560162634408602287e+02 6.182778843099619301e-04 6.426148468294338436e-04
1.561412634408602287e+02 6.165780413938412672e-04 6.408755186919011223e-04
1.562662634408602287e+02 6.148844166193201009e-04 6.391418946850043305e-04
1.563912634408602287e+02 6.131969922900775685e-04 6.374139595445107737e-04
1.565162634408602287e+02 6.115157506850835145e-04 6.356916979979136684e-04
1.566412634408602287e+02 6.098400825132046588e-04 6.339750947649313087e-04
1.567662634408602287e+02 6.081698023999274104e-04 6.322641345580125218e-04
1.568912634408602287e+02 6.065056467014070737e-04 6.305588020828088378e-04
1.570162634408602287e+02 6.048475977568152284e-04 6.288590820387018453e-04
1.571412634408602287e+02 6.031956378843406725e-04 6.271649591192504257e-04
1.572662634408602287e+02 6.015497493818866732e-04 6.254764180127020618e-04
1.573912634408602287e+02 5.999099145278175482e-04 6.237934434024549257e-04
1.575162634408602287e+02 5.982761155816328225e-04 6.221160199675428420e-04
1.576412634408602287e+02 5.966483347846367235e-04 6.204441323830820875e-04
1.577662634408602287e+02 5.950265543607544767e-04 6.187777653207845443e-04
1.578912634408602287e+02 5.934107565170853573e-04 6.171169034493701301e-04
1.580162634408602287e+02 5.918009234447374175e-04 6.154615314350357158e-04
1.581412634408602287e+02 5.901970373193231832e-04 6.138116339419382459e-04
1.582662634408602287e+02 5.885990803018266914e-04 6.121671956326044583e-04
1.583912634408602287e+02 5.870070345391646726e-04 6.105282011684047896e-04
1.585162634408602287e+02 5.854208821649163272e-04 6.088946352099920429e-04
1.586412634408602287e+02 5.838406052999013142e-04 6.072664824177098067e-04
1.587662634408602287e+02 5.822661860529264408e-04 6.056437274520727566e-04
1.588912634408602287e+02 5.806976065213795887e-04 6.040263549741606546e-04
1.590162634408602287e+02 5.791348487919445280e-04 6.024143496460609200e-04
1.591412634408602287e+02 5.775778949411608000e-04 6.008076961312947212e-04
1.592662634408602287e+02 5.760267270361063303e-04 5.992063790952040355e-04
1.593912634408602287e+02 5.744813271350354819e-04 5.976103832054256628e-04
1.595162634408602287e+02 5.729416772880070252e-04 5.960196931322277614e-04
1.596412634408602287e+02 5.714077595374942187e-04 5.944342935489889575e-04
1.597662634408602287e+02 5.698795559189908776e-04 5.928541691325528787e-04
1.598912634408602287e+02 5.683570484616590765e-04 5.912793045636449219e-04
1.600162634408602287e+02 5.668402191889275205e-04 5.897096845272747087e-04
1.601412634408602287e+02 5.653290501190696418e-04 5.881452937131022209e-04
1.602662634408602287e+02 5.638235232658595419e-04 5.865861168158633494e-04
1.603912634408602287e+02 5.623236206390790732e-04 5.850321385357430768e-04
1.605162634408602287e+02 5.608293242451795274e-04 5.834833435787213380e-04
1.606412634408602287e+02 5.593406160878896562e-04 5.819397166570022557e-04
1.607662634408602287e+02 5.578574781687069229e-04 5.804012424893662892e-04
1.608912634408602287e+02 5.563798924875157153e-04 5.788679058015273708e-04
1.610162634408602287e+02 5.549078410431722719e-04 5.773396913265331932e-04
1.611412634408602287e+02 5.534413058340786591e-04 5.758165838050771342e-04
1.612662634408602287e+02 5.519802688587210774e-04 5.742985679859206622e-04
1.613912634408602287e+02 5.505247121161981928e-04 5.727856286262120915e-04
1.615162634408602287e+02 5.490746176068390244e-04 5.712777504918358038e-04
1.616412634408602287e+02 5.476299673327258543e-04 5.697749183577872738e-04
1.617662634408602287e+02 5.461907432982067304e-04 5.682771170084896560e-04
1.618912634408602287e+02 5.447569275104958975e-04 5.667843312381599203e-04
1.620162634408602287e+02 5.433285019801012980e-04 5.652965458511569887e-04
1.621412634408602287e+02 5.419054487215084872e-04 5.638137456622712177e-04
1.622662634408602287e+02 5.404877497535528390e-04 5.623359154971133015e-04
1.623912634408602287e+02 5.390753871000729955e-04 5.608630401923911770e-04
1.625162634408602287e+02 5.376683427902849161e-04 5.593951045962925308e-04
1.626412634408602287e+02 5.362665988594316402e-04 5.579320935687669082e-04
1.627662634408602287e+02 5.348701373491974520e-04 5.564739919818460952e-04
1.628912634408602287e+02 5.334789403082964947e-04 5.550207847199764262e-04
1.630162634408602287e+02 5.320929897928279540e-04 5.535724566803449124e-04
1.631412634408602287e+02 5.307122678669413257e-04 5.521289927731416183e-04
1.632662634408602287e+02 5.293367566032052603e-04 5.506903779219152802e-04
1.633912634408602287e+02 5.279664380831326428e-04 5.492565970638392612e-04
1.635162634408602287e+02 5.266012943977061052e-04 5.478276351500573028e-04
1.636412634408602287e+02 5.252413076477265973e-04 5.464034771459336508e-04
1.637662634408602287e+02 5.238864599444465614e-04 5.449841080313617275e-04
1.638912634408602287e+02 5.225367334099267425e-04 5.435695128010855975e-04
1.640162634408602287e+02 5.211921101775666889e-04 5.421596764649233135e-04
1.641412634408602287e+02 5.198525723924584188e-04 5.407545840481347860e-04
1.642662634408602287e+02 5.185181022120028977e-04 5.393542205916395998e-04
1.643912634408602287e+02 5.171886818062091697e-04 5.379585711523053029e-04
1.645162634408602287e+02 5.158642933582749477e-04 5.365676208032559708e-04
1.646412634408602287e+02 5.145449190648692652e-04 5.351813546341088875e-04
1.647662634408602287e+02 5.132305411367451588e-04 5.337997577512685818e-04
1.648912634408602287e+02 5.119211417990477981e-04 5.324228152781829149e-04
1.650162634408602287e+02 5.106167032918087741e-04 5.310505123555943991e-04
1.651412634408602287e+02 5.093172078703550598e-04 5.296828341418455093e-04
1.652662634408602287e+02 5.080226378057108158e-04 5.283197658130743806e-04
1.653912634408602287e+02 5.067329753850451654e-04 5.269612925635229397e-04
1.655162634408602287e+02 5.054482029120901552e-04 5.256073996057700074e-04
1.656412634408602287e+02 5.041683027075195746e-04 5.242580721709678721e-04
1.657662634408602287e+02 5.028932571093672416e-04 5.229132955091117139e-04
1.658912634408602287e+02 5.016230484734529853e-04 5.215730548892760689e-04
1.660162634408602287e+02 5.003576591737570215e-04 5.202373355998389341e-04
1.661412634408602287e+02 4.990970716028275038e-04 5.189061229487506493e-04
1.662662634408602287e+02 4.978412681721287696e-04 5.175794022637431480e-04
1.663912634408602287e+02 4.965902313125114499e-04 5.162571588925849624e-04
1.665162634408602287e+02 4.953439434745111674e-04 5.149393782032956777e-04
1.666412634408602287e+02 4.941023871287942518e-04 5.136260455843638575e-04
1.667662634408602287e+02 4.928655447664800730e-04 5.123171464450196116e-04
1.668912634408602287e+02 4.916333988995261499e-04 5.110126662153857344e-04
1.670162634408602287e+02 4.904059320611177039e-04 5.097125903467626326e-04
1.671412634408602287e+02 4.891831268060251210e-04 5.084169043118098212e-04
1.672662634408602287e+02 4.879649657109500285e-04 5.071255936047624384e-04
1.673912634408602287e+02 4.867514313748767937e-04 5.058386437416627227e-04
1.675162634408602287e+02 4.855425064194306898e-04 5.045560402605348948e-04
1.676412634408602287e+02 4.843381734892580719e-04 5.032777687216259590e-04
1.677662634408602287e+02 4.831384152523266460e-04 5.020038147076117015e-04
1.678912634408602287e+02 4.819432144002817929e-04 5.007341638237493460e-04
1.680162634408602287e+02 4.807525536487843509e-04 4.994688016981316909e-04
1.681412634408602287e+02 4.795664157378676977e-04 4.982077139818631836e-04
1.682662634408602287e+02 4.783847834322424116e-04 4.969508863492402232e-04
1.683912634408602287e+02 4.772076395215994141e-04 4.956983044979711454e-04
1.685162634408602287e+02 4.760349668209849414e-04 4.944499541493336484e-04
1.686412634408602287e+02 4.748667481711148003e-04 4.932058210483880557e-04
1.687662634408602287e+02 4.737029664386379919e-04 4.919658909641546913e-04
1.688912634408602287e+02 4.725436045165271330e-04 4.907301496897822565e-04
1.690162634408602287e+02 4.713886453242903635e-04 4.894985830427473232e-04
1.691412634408602287e+02 4.702380718083632848e-04 4.882711768650088323e-04
1.692662634408602287e+02 4.690918669423944313e-04 4.870479170232083462e-04
1.693912634408602287e+02 4.679500137274931180e-04 4.858287894088350102e-04
1.695162634408602287e+02 4.668124951925917273e-04 4.846137799383714315e-04
1.696412634408602287e+02 4.656792943946789750e-04 4.834028745535016297e-04
1.697662634408602287e+02 4.645503944191451198e-04 4.821960592212319791e-04
1.698912634408602287e+02 4.634257783800210307e-04 4.809933199341082121e-04
1.700162634408602287e+02 4.623054294202631688e-04 4.797946427103338680e-04
1.701412634408602287e+02 4.611893307120625853e-04 4.786000135939298878e-04
1.702662634408602287e+02 4.600774654571037204e-04 4.774094186549237531e-04
1.703912634408602287e+02 4.589698168868301957e-04 4.762228439894708627e-04
1.705162634408602287e+02 4.578663682627323985e-04 4.750402757200268664e-04
1.706412634408602287e+02 4.567671028765445357e-04 4.738616999954951706e-04
1.707662634408602287e+02 4.556720040506373861e-04 4.726871029913479899e-04
1.708912634408602287e+02 4.545810551381355567e-04 4.715164709098258397e-04
1.710162634408602287e+02 4.534942395232986886e-04 4.703497899800344103e-04
1.711412634408602287e+02 4.524115406216358396e-04 4.691870464580900121e-04
1.712662634408602287e+02 4.513329418803025198e-04 4.680282266272976560e-04
1.713912634408602287e+02 4.502584267782230973e-04 4.668733167982322060e-04
1.715162634408602287e+02 4.491879788264399121e-04 4.657223033089251331e-04
1.716412634408602287e+02 4.481215815682247313e-04 4.645751725249735314e-04
1.717662634408602287e+02 4.470592185794618526e-04 4.634319108396546647e-04
1.718912634408602287e+02 4.460008734687784791e-04 4.622925046740949387e-04
1.720162634408602287e+02 4.449465298777895324e-04 4.611569404773627635e-04
1.721412634408602287e+02 4.438961714813893572e-04 4.600252047266129691e-04
1.722662634408602287e+02 4.428497819878578104e-04 4.588972839272073144e-04
1.723912634408602287e+02 4.418073451392161505e-04 4.577731646128139630e-04
1.725162634408602287e+02 4.407688447113497694e-04 4.566528333455697336e-04
1.726412634408602287e+02 4.397342645142733337e-04 4.555362767161529589e-04
1.727662634408602287e+02 4.387035883922906507e-04 4.544234813439283890e-04
1.728912634408602287e+02 4.376768002242691340e-04 4.533144338770495941e-04
1.730162634408602287e+02 4.366538839238109449e-04 4.522091209925665177e-04
1.731412634408602287e+02 4.356348234394712962e-04 4.511075293965460396e-04
1.732662634408602287e+02 4.346196027549022178e-04 4.500096458241745418e-04
1.733912634408602287e+02 4.336082058891575428e-04 4.489154570398501735e-04
1.735162634408602287e+02 4.326006168967808899e-04 4.478249498373269421e-04
1.736412634408602287e+02 4.315968198680802926e-04 4.467381110397584064e-04
1.737662634408602287e+02 4.305967989292604713e-04 4.456549274998494107e-04
1.738912634408602287e+02 4.296005382426244953e-04 4.445753860999395683e-04
1.740162634408602287e+02 4.286080220067888880e-04 4.434994737520712407e-04
1.741412634408602287e+02 4.276192344568228391e-04 4.424271773981421942e-04
1.742662634408602287e+02 4.266341598644535519e-04 4.413584840099357394e-04
1.743912634408602287e+02 4.256527825382099548e-04 4.402933805892592393e-04
1.745162634408602287e+02 4.246750868236334156e-04 4.392318541680189183e-04
1.746412634408602287e+02 4.237010571034348968e-04 4.381738918082961364e-04
1.747662634408602287e+02 4.227306777976628984e-04 4.371194806024525565e-04
1.748912634408602287e+02 4.217639333638286835e-04 4.360686076731996961e-04
1.750162634408602287e+02 4.208008082971509824e-04 4.350212601736900002e-04
1.751412634408602287e+02 4.198412871306363321e-04 4.339774252876080771e-04
1.752662634408602287e+02 4.188853544352867555e-04 4.329370902292224146e-04
1.753912634408602287e+02 4.179329948202297027e-04 4.319002422434937462e-04
1.755162634408602287e+02 4.169841929328648518e-04 4.308668686061223221e-04
1.756412634408602287e+02 4.160389334590272278e-04 4.298369566236580103e-04
1.757662634408602287e+02 4.150972011231511874e-04 4.288104936335470794e-04
1.758912634408602287e+02 4.141589806883747200e-04 4.277874670041997450e-04
1.760162634408602287e+02 4.132242569566942168e-04 4.267678641350820552e-04
1.761412634408602287e+02 4.122930147691066644e-04 4.257516724567802927e-04
1.762662634408602287e+02 4.113652390057911945e-04 4.247388794310410359e-04
1.763912634408602287e+02 4.104409145861547827e-04 4.237294725508806092e-04
1.765162634408602287e+02 4.095200264690165089e-04 4.227234393406020503e-04
1.766412634408602287e+02 4.086025596527453592e-04 4.217207673558927977e-04
1.767662634408602287e+02 4.076884991753649602e-04 4.207214441838850799e-04
1.768912634408602287e+02 4.067778301146782074e-04 4.197254574431752688e-04
1.770162634408602287e+02 4.058705375884182412e-04 4.187327947839378835e-04
1.771412634408602287e+02 4.049666067543058003e-04 4.177434438879293853e-04
1.772662634408602287e+02 4.040660228102496915e-04 4.167573924685880862e-04
1.773912634408602287e+02 4.031687709943832724e-04 4.157746282710628270e-04
1.775162634408602287e+02 4.022748365852548921e-04 4.147951390722565612e-04
1.776412634408602287e+02 4.013842049018399795e-04 4.138189126809062074e-04
1.777662634408602287e+02 4.004968613037453076e-04 4.128459369376088865e-04
1.778912634408602287e+02 3.996127911912643414e-04 4.118761997148745056e-04
1.780162634408602287e+02 3.987319800054938443e-04 4.109096889171823534e-04
1.781412634408602287e+02 3.978544132284239751e-04 4.099822897943033876e-04
1.782662634408602287e+02 3.969800763830464915e-04 4.090589896335703086e-04
1.783912634408602287e+02 3.961089550334585623e-04 4.081388151452542486e-04
1.785162634408602287e+02 3.952410347849577435e-04 4.072217533425670759e-04
1.786412634408602287e+02 3.943763012840997666e-04 4.063077912780913470e-04
1.787662634408602287e+02 3.935147402188318407e-04 4.053969160439084042e-04
1.788912634408602287e+02 3.926563373185740767e-04 4.044891147715294209e-04
1.790162634408602287e+02 3.918010783542745642e-04 4.035843746320252347e-04
1.791412634408602287e+02 3.909489491385467405e-04 4.026826828359858523e-04
1.792662634408602287e+02 3.900999355256710706e-04 4.017840266336067520e-04
1.793912634408602287e+02 3.892540234117712302e-04 4.008883933146341317e-04
1.795162634408602287e+02 3.884111987348186595e-04 3.999957702084991872e-04
1.796412634408602287e+02 3.875714474747529096e-04 3.991061446842609204e-04
1.797662634408602287e+02 3.867347556534953034e-04 3.982195041506524352e-04
1.798912634408602287e+02 3.859011093351156314e-04 3.973358360561070118e-04
1.800162634408602287e+02 3.850704946258049388e-04 3.964551278887822310e-04
1.801412634408602287e+02 3.842428976740254161e-04 3.955773671765809530e-04
1.802662634408602287e+02 3.834183046704829688e-04 3.947025414871494745e-04
1.803912634408602287e+02 3.825967018482839387e-04 3.938306384279023024e-04
1.805162634408602287e+02 3.817780754829605289e-04 3.929616456460400436e-04
1.806412634408602287e+02 3.809624118924925416e-04 3.920955508285720102e-04
1.807662634408602287e+02 3.801496974374586786e-04 3.912323417022980053e-04
1.808912634408602287e+02 3.793399185209588584e-04 3.903720060338635627e-04
1.810162634408602287e+02 3.785330615888054151e-04 3.895145316296979849e-04
1.811412634408602287e+02 3.777291131294792425e-04 3.886599063361085063e-04
1.812662634408602287e+02 3.769280596742435809e-04 3.878081180392169754e-04
1.813912634408602287e+02 3.761298877971215745e-04 3.869591546650154746e-04
1.815162634408602287e+02 3.753345841150249659e-04 3.861130041793005632e-04
1.816412634408602287e+02 3.745421352877330084e-04 3.852696545877602849e-04
1.817662634408602287e+02 3.737525280179898818e-04 3.844290939359103080e-04
1.818912634408602287e+02 3.729657490514728165e-04 3.835913103091304630e-04
1.820162634408602287e+02 3.721817851769160723e-04 3.827562918326221880e-04
1.821412634408602287e+02 3.714006232260921815e-04 3.819240266714587270e-04
1.822662634408602287e+02 3.706222500738754833e-04 3.810945030305323291e-04
1.823912634408602287e+02 3.698466526382541584e-04 3.802677091545911118e-04
1.825162634408602287e+02 3.690738178803751150e-04 3.794436333281724907e-04
1.826412634408602287e+02 3.683037328045728285e-04 3.786222638756584738e-04
1.827662634408602287e+02 3.675363844584187811e-04 3.778035891612325104e-04
1.828912634408602287e+02 3.667717599327043314e-04 3.769875975888894656e-04
1.830162634408602287e+02 3.660098463615095075e-04 3.761742776023602685e-04
1.831412634408602287e+02 3.652506309222038733e-04 3.753636176851975637e-04
1.832662634408602287e+02 3.644941008354700028e-04 3.745556063606870784e-04
1.833912634408602287e+02 3.637402433653532980e-04 3.737502321918587892e-04
1.835162634408602287e+02 3.629890458192115742e-04 3.729474837814755381e-04
1.836412634408602287e+02 3.622404955478291180e-04 3.721473497719864662e-04
1.837662634408602287e+02 3.614945799453483824e-04 3.713498188455392648e-04
1.838912634408602287e+02 3.607512864493393756e-04 3.705548797239609855e-04
1.840162634408602287e+02 3.600106025407852958e-04 3.697625211686988967e-04
1.841412634408602287e+02 3.592725157440913668e-04 3.689727319808346864e-04
1.842662634408602287e+02 3.585370136271135702e-04 3.681855010010482506e-04
1.843912634408602287e+02 3.578040838011612465e-04 3.674008171096033266e-04
1.845162634408602287e+02 3.570737139209991017e-04 3.666186692263046138e-04
1.846412634408602287e+02 3.563458916848445505e-04 3.658390463104721317e-04
1.847662634408602287e+02 3.556206048343862566e-04 3.650619373609265291e-04
1.848912634408602287e+02 3.548978411547910167e-04 3.642873314159652317e-04
1.850162634408602287e+02 3.541775884746882572e-04 3.635152175533109967e-04
1.851412634408602287e+02 3.534598346661653716e-04 3.627455848900800373e-04
1.852662634408602287e+02 3.527445676447967774e-04 3.619784225827766015e-04
1.853912634408602287e+02 3.520317753696181658e-04 3.612137198272484659e-04
1.855162634408602287e+02 3.513214458431165280e-04 3.604514658586432420e-04
1.856412634408602287e+02 3.506135671112443571e-04 3.596916499513801873e-04
1.857662634408602287e+02 3.499081272633777447e-04 3.589342614191081923e-04
1.858912634408602287e+02 3.492051144323555741e-04 3.581792896146868610e-04
1.860162634408602287e+02 3.485045167944334963e-04 3.574267239301349031e-04
1.861412634408602287e+02 3.478063225692863691e-04 3.566765537965944639e-04
1.862662634408602287e+02 3.471105200199857063e-04 3.559287686842747996e-04
1.863912634408602287e+02 3.464170974529972918e-04 3.551833581024468021e-04
1.865162634408602287e+02 3.457260432181655132e-04 3.544403115993849948e-04
1.866412634408602287e+02 3.450373457086913526e-04 3.536996187623110991e-04
1.867662634408602287e+02 3.443509933610996434e-04 3.529612692173658998e-04
1.868912634408602287e+02 3.436669746552486115e-04 3.522252526295632747e-04
1.870162634408602287e+02 3.429852781143030954e-04 3.514915587027524105e-04
1.871412634408602287e+02 3.423058923046833719e-04 3.507601771795621826e-04
1.872662634408602287e+02 3.416288058361020732e-04 3.500310978413380555e-04
1.873912634408602287e+02 3.409540073614429189e-04 3.493195855422156332e-04
1.875162634408602287e+02 3.402814855768588362e-04 3.486195236752456274e-04
1.876412634408602287e+02 3.396112292216408798e-04 3.479216836465369553e-04
1.877662634408602287e+02 3.389432270782543363e-04 3.472260547089365038e-04
1.878912634408602287e+02 3.382774679722570289e-04 3.465326261590791039e-04
1.880162634408602287e+02 3.376139407723263144e-04 3.458413873373639494e-04
1.881412634408602287e+02 3.369526343901894233e-04 3.451523276278698664e-04
1.882662634408602287e+02 3.362935377806100154e-04 3.444654364583090724e-04
1.883912634408602287e+02 3.356366399413236701e-04 3.437807032999660268e-04
1.885162634408602287e+02 3.349562477100248787e-04 3.430981176676360113e-04
1.886412634408602287e+02 3.342478820235990963e-04 3.424176691195820327e-04
1.887662634408602287e+02 3.335417791094972108e-04 3.417393472574395213e-04
1.888912634408602287e+02 3.328379296662107114e-04 3.410631417261962193e-04
1.890162634408602287e+02 3.321363244244567199e-04 3.403890422140885851e-04
1.891412634408602287e+02 3.314369541471309365e-04 3.397170384525630333e-04
1.892662634408602287e+02 3.307398096292823238e-04 3.390471202162155442e-04
1.893912634408602287e+02 3.300448816980586795e-04 3.383792773226956038e-04
1.895162634408602287e+02 3.293521612126822963e-04 3.377134996326785024e-04
1.896412634408602287e+02 3.286616390643997635e-04 3.370497770497541496e-04
1.897662634408602287e+02 3.279733061764432064e-04 3.364121532427686982e-04
1.898912634408602287e+02 3.272871535039882196e-04 3.357841262845674343e-04
1.900162634408602287e+02 3.266031720341155400e-04 3.351580634896844896e-04
1.901412634408602287e+02 3.259213527857628546e-04 3.345339538439957893e-04
1.902662634408602287e+02 3.252416868096886420e-04 3.339117863840117230e-04
1.903912634408602287e+02 3.245641651884164443e-04 3.332915501969425215e-04
1.905162634408602287e+02 3.238887790362087382e-04 3.326732344205078173e-04
1.906412634408602287e+02 3.232155194990036715e-04 3.320568282429300845e-04
1.907662634408602287e+02 3.225443777543777124e-04 3.314423209028676898e-04
1.908912634408602287e+02 3.218753450115092204e-04 3.308297016892626161e-04
1.910162634408602287e+02 3.212084125111135569e-04 3.302189599413663749e-04
1.911412634408602287e+02 3.205435715254107754e-04 3.296100850485978676e-04
1.912662634408602287e+02 3.198808133580679971e-04 3.290030664504649434e-04
1.913912634408602287e+02 3.192201293441675886e-04 3.283978936365365350e-04
1.915162634408602287e+02 3.185615108501359846e-04 3.277945561462692952e-04
1.916412634408602287e+02 3.179049492737143602e-04 3.271930435690345931e-04
1.917662634408602287e+02 3.172504360439032823e-04 3.265933455439694365e-04
1.918912634408602287e+02 3.165979626209026445e-04 3.259954517598920667e-04
1.920162634408602287e+02 3.159475204960869479e-04 3.253993519552232454e-04
1.921412634408602287e+02 3.152991011919249070e-04 3.248050359179293343e-04
1.922662634408602287e+02 3.146526962619505016e-04 3.242124934853922989e-04
1.923912634408602287e+02 3.140082972906961902e-04 3.236217145443426508e-04
1.925162634408602287e+02 3.133658958936518728e-04 3.230326890307797048e-04
1.926412634408602287e+02 3.127254837172110599e-04 3.224454069298402815e-04
1.927662634408602287e+02 3.120870524386136816e-04 3.218598582757706814e-04
1.928912634408602287e+02 3.114505937658919310e-04 3.212760331517500677e-04
1.930162634408602287e+02 3.108160994378244028e-04 3.206939216898860214e-04
1.931412634408602287e+02 3.101835612238771126e-04 3.201135140710702339e-04
1.932662634408602287e+02 3.095529709241439742e-04 3.195348005248615218e-04
1.933912634408602287e+02 3.089243203693067927e-04 3.189577713294536256e-04
1.935162634408602287e+02 3.082976014205616468e-04 3.183824168115193562e-04
1.936412634408602287e+02 3.076728059695804001e-04 3.178087273461329657e-04
1.937662634408602287e+02 3.070499259384356196e-04 3.172366933566886154e-04
1.938912634408602287e+02 3.064289532795714654e-04 3.166663053147589419e-04
1.940162634408602287e+02 3.058098799757160324e-04 3.160975537400397624e-04
1.941412634408602287e+02 3.051926980398448133e-04 3.155304292002076650e-04
1.942662634408602287e+02 3.045773995151229100e-04 3.149649223108537638e-04
1.943912634408602287e+02 3.039639764748323383e-04 3.144010237353348923e-04
1.945162634408602287e+02 3.033524210223292016e-04 3.138387241847307232e-04
1.946412634408602287e+02 3.027427252909788017e-04 3.132780144176528403e-04
1.947662634408602287e+02 3.021348814440989348e-04 3.127188852402213739e-04
1.948912634408602287e+02 3.015288816748931591e-04 3.121613275059338124e-04
1.950162634408602287e+02 3.009247182064072094e-04 3.116053321154965174e-04
1.951412634408602287e+02 3.003223832914526698e-04 3.110508900168237477e-04
1.952662634408602287e+02 2.997218692125561243e-04 3.104979922048187592e-04
1.953912634408602287e+02 2.991231682818929665e-04 3.099466297213482172e-04
1.955162634408602287e+02 2.985262728412350864e-04 3.093967936550865057e-04
1.956412634408602287e+02 2.979311752618816990e-04 3.088484751414036743e-04
1.957662634408602287e+02 2.973378679445980318e-04 3.083016653622794073e-04
1.958912634408602287e+02 2.967463433195656692e-04 3.077563555461687995e-04
1.960162634408602287e+02 2.961565938463016703e-04 3.072125369678772389e-04
1.961412634408602287e+02 2.955686120136125994e-04 3.066702009484784954e-04
1.962662634408602287e+02 2.949823903395196070e-04 3.061293388551675947e-04
1.963912634408602287e+02 2.943979213712102374e-04 3.055899421011648662e-04
1.965162634408602287e+02 2.938151976849602575e-04 3.050520021455958679e-04
1.966412634408602287e+02 2.932342118860751645e-04 3.045155104933625827e-04
1.967662634408602287e+02 2.926549566088374930e-04 3.039804586950212834e-04
1.968912634408602287e+02 2.920774245164233320e-04 3.034468383467165591e-04
1.970162634408602287e+02 2.915016083008562463e-04 3.029146410899648538e-04
1.971412634408602287e+02 2.909275006829269367e-04 3.023838586116314275e-04
1.972662634408602287e+02 2.903550944121496011e-04 3.018544826437295618e-04
1.973912634408602287e+02 2.897843822666709159e-04 3.013265049633706864e-04
1.975162634408602287e+02 2.892153570532265050e-04 3.007999173926052729e-04
1.976412634408602287e+02 2.886480116070668889e-04 3.002747117982662757e-04
1.977662634408602287e+02 2.880823387918889631e-04 2.997508800919273359e-04
1.978912634408602287e+02 2.875183314997732773e-04 2.992284142297170035e-04
1.980162634408602287e+02 2.869559826511287946e-04 2.987073062122007762e-04
1.981412634408602287e+02 2.863952851946057225e-04 2.981875480842809730e-04
1.982662634408602287e+02 2.858362321070415731e-04 2.976691319350644079e-04
1.983912634408602287e+02 2.852788163933952441e-04 2.971520498977082156e-04
1.985162634408602287e+02 2.847230310866771959e-04 2.966362941493336041e-04
1.986412634408602287e+02 2.841688692478827193e-04 2.961218569108705419e-04
1.987662634408602287e+02 2.836163239659198897e-04 2.956087304469369784e-04
1.988912634408602287e+02 2.830653883575586101e-04 2.950969070657401814e-04
1.990162634408602287e+02 2.825160555673409475e-04 2.945863791188791953e-04
1.991412634408602287e+02 2.819683187675244289e-04 2.940771390012883544e-04
1.992662634408602287e+02 2.814221711580211635e-04 2.935691791510819707e-04
1.993912634408602287e+02 2.808776059663132749e-04 2.930624920494048226e-04
1.995162634408602287e+02 2.803346164473985826e-04 2.925570702203358236e-04
1.996412634408602287e+02 2.797931958837113469e-04 2.920529062307081528e-04
1.997662634408602287e+02 2.792533375850677333e-04 2.915499926900476726e-04
1.998912634408602287e+02 2.787150348885776671e-04 2.910483222503885601e-04
2.000162634408602287e+02 2.781782811585920868e-04 2.905478876061383235e-04
2.001412634408602287e+02 2.776430697866288390e-04 2.900486814939975174e-04
2.002662634408602287e+02 2.771093941912978684e-04 2.895506966927729889e-04
2.003912634408602287e+02 2.765772478182381713e-04 2.890539260232654999e-04
2.005162634408602287e+02 2.760466241400479732e-04 2.885583623481329549e-04
2.006412634408602287e+02 2.755175166562133342e-04 2.880639985717864805e-04
2.007662634408602287e+02 2.749899188930327964e-04 2.875708276401842643e-04
2.008912634408602287e+02 2.744638244035555309e-04 2.870788425407852593e-04
2.010162634408602287e+02 2.739392267675150924e-04 2.865880363023441072e-04
2.011412634408602287e+02 2.734161195912433880e-04 2.860984019948104701e-04
2.012662634408602287e+02 2.728944965076108295e-04 2.856099327292032633e-04
2.013912634408602287e+02 2.723743511759555889e-04 2.851226216574231421e-04
2.015162634408602287e+02 2.718556772820129625e-04 2.846364619721846855e-04
2.016412634408602287e+02 2.713384685378367124e-04 2.841514469068312141e-04
2.017662634408602287e+02 2.708227186817432301e-04 2.836675697352071253e-04
2.018912634408602287e+02 2.703084214782252876e-04 2.831848237715489311e-04
2.020162634408602287e+02 2.697955707178899677e-04 2.827032023703019196e-04
2.021412634408602287e+02 2.692841602173813597e-04 2.822226989260294069e-04
2.022662634408602287e+02 2.687741838193202781e-04 2.817433068732422470e-04
2.023912634408602287e+02 2.682656353922186648e-04 2.812650196862630887e-04
2.025162634408602287e+02 2.677585088304125852e-04 2.807878308791050001e-04
2.026412634408602287e+02 2.672527980540029767e-04 2.803117340053377861e-04
2.027662634408602287e+02 2.667484970087629498e-04 2.798367226579092574e-04
2.028912634408602287e+02 2.662455996660814087e-04 2.793627904690506344e-04
2.030162634408602287e+02 2.657441000228875374e-04 2.788899311101284990e-04
2.031412634408602287e+02 2.652439921015773989e-04 2.784181382914620523e-04
2.032662634408602287e+02 2.647452699499391795e-04 2.779474057622653271e-04
2.033912634408602287e+02 2.642479276410849925e-04 2.774777273104120237e-04
2.035162634408602287e+02 2.637519592733830070e-04 2.770090967623811381e-04
2.036412634408602287e+02 2.632573589703762415e-04 2.765415079830756281e-04
2.037662634408602287e+02 2.627641208807118193e-04 2.760749548756623317e-04
2.038912634408602287e+02 2.622722391780733147e-04 2.756094313814788882e-04
2.040162634408602287e+02 2.617817080611116345e-04 2.751449314798675837e-04
2.041412634408602287e+02 2.612925217533569274e-04 2.746814491880199857e-04
2.042662634408602287e+02 2.608046745031640480e-04 2.742189785608824541e-04
2.043912634408602287e+02 2.603181605836250617e-04 2.737575136909432588e-04
2.045162634408602287e+02 2.598329742925120536e-04 2.732970487081840070e-04
2.046412634408602287e+02 2.593491099521862174e-04 2.728375777798586828e-04
2.047662634408602287e+02 2.588665619095435375e-04 2.723790951103834926e-04
2.048912634408602287e+02 2.583853245359284318e-04 2.719215949411943464e-04
2.050162634408602287e+02 2.579053922270646343e-04 2.714650715506199520e-04
2.051412634408602287e+02 2.574267594029918229e-04 2.710095192537069334e-04
2.052662634408602287e+02 2.569494205079734086e-04 2.705549324020983457e-04
2.053912634408602287e+02 2.564733700104435176e-04 2.701013053839105638e-04
2.055162634408602287e+02 2.559986024029177617e-04 2.696486326235365545e-04
2.056412634408602287e+02 2.555251122019387027e-04 2.691969085815729091e-04
2.057662634408602287e+02 2.550528939479800635e-04 2.687461277546120022e-04
2.058912634408602287e+02 2.545819422053926260e-04 2.682962846751495633e-04
2.060162634408602287e+02 2.541122515623247592e-04 2.678473739114293106e-04
2.061412634408602287e+02 2.536438166306446279e-04 2.673993900672689368e-04
2.062662634408602287e+02 2.531766320458745984e-04 2.669523277819725593e-04
2.063912634408602287e+02 2.527106924671152898e-04 2.665061817301432080e-04
2.065162634408602287e+02 2.522459925769714151e-04 2.660609466215609607e-04
2.066412634408602287e+02 2.517825270814776756e-04 2.656166172010385271e-04
2.067662634408602287e+02 2.513202907100304021e-04 2.651731882482701659e-04
2.068912634408602287e+02 2.508592782153114980e-04 2.647306545777122050e-04
2.070162634408602287e+02 2.503994843732133043e-04 2.642890110384071302e-04
2.071412634408602287e+02 2.499409039827710536e-04 2.638482525138723458e-04
2.072662634408602287e+02 2.494835318660854583e-04 2.634083739219352134e-04
2.073912634408602287e+02 2.490273628682500144e-04 2.629693702146133016e-04
2.075162634408602287e+02 2.485723918572754873e-04 2.625312363779333785e-04
2.076412634408602287e+02 2.481186137240272991e-04 2.620939674318377367e-04
2.077662634408602287e+02 2.476660233821398761e-04 2.616575584300162506e-04
2.078912634408602287e+02 2.472146157679504588e-04 2.612220044597484618e-04
2.080162634408602287e+02 2.467643858404226656e-04 2.607873006418049170e-04
2.081412634408602287e+02 2.463153285810823078e-04 2.603534421302503314e-04
2.082662634408602287e+02 2.458674389939285391e-04 2.599204241123568519e-04
2.083912634408602287e+02 2.454207121053761224e-04 2.594882418084229416e-04
2.085162634408602287e+02 2.449751429641756862e-04 2.590568904716401312e-04
2.086412634408602287e+02 2.445307266413386982e-04 2.586263653879637822e-04
2.087662634408602287e+02 2.440874582300703527e-04 2.581966618759604852e-04
2.088912634408602287e+02 2.436453328456937583e-04 2.577677752866621265e-04
2.090162634408602287e+02 2.432043456255759408e-04 2.573397010034343744e-04
2.091412634408602287e+02 2.427644917290566653e-04 2.569124344418277097e-04
2.092662634408602287e+02 2.423257663373755779e-04 2.564859710494378346e-04
2.093912634408602287e+02 2.418881646536013533e-04 2.560603063057776286e-04
2.095162634408602287e+02 2.414516819025561796e-04 2.556354357221043267e-04
2.096412634408602287e+02 2.410163133307401898e-04 2.552113548412984138e-04
2.097662634408602287e+02 2.405820542062697166e-04 2.547880592377517895e-04
2.098912634408602287e+02 2.401488998187938898e-04 2.543655445171477290e-04
2.100162634408602287e+02 2.397168454794225639e-04 2.539438063164043964e-04
2.101412634408602287e+02 2.392858865206691271e-04 2.535228403034831576e-04
2.102662634408602287e+02 2.388560182963551178e-04 2.531026421772591809e-04
2.103912634408602287e+02 2.384272361815555812e-04 2.526832076673977295e-04
2.105162634408602287e+02 2.379995355725149082e-04 2.522645325341770568e-04
2.106412634408602287e+02 2.375729118865893455e-04 2.518466125683950572e-04
2.107662634408602287e+02 2.371473605621574944e-04 2.514294435911905348e-04
2.108912634408602287e+02 2.367228770585577799e-04 2.510130214539179781e-04
2.110162634408602287e+02 2.362994568560223142e-04 2.505973420380080236e-04
2.111412634408602287e+02 2.358770954555879378e-04 2.501824012548320387e-04
2.112662634408602287e+02 2.354557883790413318e-04 2.497681950455495200e-04
2.113912634408602287e+02 2.350355311688375674e-04 2.493547193809804831e-04
2.115162634408602287e+02 2.346163193880322346e-04 2.489419702614545414e-04
2.116412634408602287e+02 2.341981486202043827e-04 2.485299437166856268e-04
2.117662634408602287e+02 2.337810144693940973e-04 2.481186358056342955e-04
2.118912634408602287e+02 2.333649125600224317e-04 2.477080426163343107e-04
2.120162634408602287e+02 2.329498385368257321e-04 2.472981602658070981e-04
2.121412634408602287e+02 2.325357880647781433e-04 2.468889848998871359e-04
2.122662634408602287e+02 2.321227568290271537e-04 2.464805126930883807e-04
2.123912634408602287e+02 2.317107405348186493e-04 2.460727398484863606e-04
2.125162634408602287e+02 2.312997349074229713e-04 2.456656625975376014e-04
2.126412634408602287e+02 2.308897356920729268e-04 2.452592771999961970e-04
2.127662634408602287e+02 2.304807386538810371e-04 2.448535799437396329e-04
2.128912634408602287e+02 2.300727395777774943e-04 2.444485671446325011e-04
2.130162634408602287e+02 2.296657342684323697e-04 2.440442351464105998e-04
2.131412634408602287e+02 2.292597185501976090e-04 2.436405803205304182e-04
2.132662634408602287e+02 2.288546882670194557e-04 2.432375990660238000e-04
2.133912634408602287e+02 2.284506392823749987e-04 2.428352878093780029e-04
2.135162634408602287e+02 2.280475674792100196e-04 2.424336430044003092e-04
2.136412634408602287e+02 2.276454687598541819e-04 2.420326611320544196e-04
2.137662634408602287e+02 2.272443390459607756e-04 2.416323387003647179e-04
2.138912634408602287e+02 2.268441742784303358e-04 2.412326722442500364e-04
2.140162634408602287e+02 2.264449704173506590e-04 2.408336583253975081e-04
2.141412634408602287e+02 2.260467234419108256e-04 2.404352935321436575e-04
2.142662634408602287e+02 2.256494293503456350e-04 2.400375744793010633e-04
2.143912634408602287e+02 2.252530841598590064e-04 2.396404978080640875e-04
2.145162634408602287e+02 2.248576839065535057e-04 2.392440601858596887e-04
2.146412634408602287e+02 2.244632246453652665e-04 2.388482583061972604e-04
2.147662634408602287e+02 2.240697024499898574e-04 2.384530888885631381e-04
2.148912634408602287e+02 2.236771134128168236e-04 2.380585486782589989e-04
2.150162634408602287e+02 2.232854536448557171e-04 2.376646344463001633e-04
2.151412634408602287e+02 2.228947192756709089e-04 2.372713429892510406e-04
2.152662634408602287e+02 2.225049064533112246e-04 2.368786711291059205e-04
2.153912634408602287e+02 2.221160113442413684e-04 2.364866157131571616e-04
2.155162634408602287e+02 2.217280301332679533e-04 2.360951736138713214e-04
2.156412634408602287e+02 2.213409590234821471e-04 2.357043417287343044e-04
2.157662634408602287e+02 2.209547942361788449e-04 2.353141169801392565e-04
2.158912634408602287e+02 2.205695320107922133e-04 2.349244963152542374e-04
2.160162634408602287e+02 2.201851686048326442e-04 2.345354767058683459e-04
2.161412634408602287e+02 2.198017002938127578e-04 2.341470551483011068e-04
2.162662634408602287e+02 2.194191233711781223e-04 2.337592286632220878e-04
2.163912634408602287e+02 2.190374341482405210e-04 2.333719942955702611e-04
2.165162634408602287e+02 2.186566289541169120e-04 2.329853491143959272e-04
2.166412634408602287e+02 2.182767041356468117e-04 2.325992902127164345e-04
2.167662634408602287e+02 2.178976560573390336e-04 2.322138147074309612e-04
2.168912634408602287e+02 2.175194811012972848e-04 2.318289197391520300e-04
2.170162634408602287e+02 2.171421756671500182e-04 2.314446024720902034e-04
2.171412634408602287e+02 2.167657361719898526e-04 2.310608600939341711e-04
2.172662634408602287e+02 2.163901590503023136e-04 2.306776898156956543e-04
2.173912634408602287e+02 2.160154407538984777e-04 2.302950888716290669e-04
2.175162634408602287e+02 2.156415777518468026e-04 2.299130545190522967e-04
2.176412634408602287e+02 2.152685665304105420e-04 2.295315840382379600e-04
2.177662634408602287e+02 2.148964035929780587e-04 2.291506747323137087e-04
2.178912634408602287e+02 2.145250854599962541e-04 2.287703239270810068e-04
2.180162634408602287e+02 2.141546086689014234e-04 2.283905289709365792e-04
2.181412634408602287e+02 2.137849697740600854e-04 2.280112872347256109e-04
2.182662634408602287e+02 2.134161653466956090e-04 2.276325961116225935e-04
2.183912634408602287e+02 2.130481919748229442e-04 2.272544530169992149e-04
2.185162634408602287e+02 2.126810462631902922e-04 2.268768553882892405e-04
2.186412634408602287e+02 2.123147248331994162e-04 2.264998006848900137e-04
2.187662634408602287e+02 2.119492243228527056e-04 2.261232863880230002e-04
2.188912634408602287e+02 2.115845413866797211e-04 2.257473100006066654e-04
2.190162634408602287e+02 2.112206726956763439e-04 2.253718690471440697e-04
2.191412634408602287e+02 2.108576149372382057e-04 2.249969610735720290e-04
2.192662634408602287e+02 2.104953648150900258e-04 2.246225836471739715e-04
2.193912634408602287e+02 2.101339190492309129e-04 2.242487343564392361e-04
2.195162634408602287e+02 2.097732743758584444e-04 2.238754108109317477e-04
2.196412634408602287e+02 2.094134275473113658e-04 2.235026106411904065e-04
2.197662634408602287e+02 2.090543753320032376e-04 2.231303314985868679e-04
2.198912634408602287e+02 2.086961145143554589e-04 2.227585710551955461e-04
2.200162634408602287e+02 2.083386418947336517e-04 2.223873270037217864e-04
2.201412634408602287e+02 2.079819542893860242e-04 2.220165970573172794e-04
2.202662634408602287e+02 2.076260485303770714e-04 2.216463789495050883e-04
2.203912634408602287e+02 2.072709214655234450e-04 2.212766704340411424e-04
2.205162634408602287e+02 2.069165699583290366e-04 2.209074692847811511e-04
2.206412634408602287e+02 2.065629908879237746e-04 2.205387732955972017e-04
2.207662634408602287e+02 2.062101811490009841e-04 2.201705802802259981e-04
2.208912634408602287e+02 2.058581376517463178e-04 2.198028880721686535e-04
2.210162634408602287e+02 2.055068573217862834e-04 2.194356945245553550e-04
2.211412634408602287e+02 2.051563371001140028e-04 2.190689975100561606e-04
2.212662634408602287e+02 2.048065739430329963e-04 2.187027949207106441e-04
2.213912634408602287e+02 2.044575648220895011e-04 2.183370846678742540e-04
2.215162634408602287e+02 2.041093067240178549e-04 2.179718646820629207e-04
2.216412634408602287e+02 2.037617966506679896e-04 2.176071329128356909e-04
2.217662634408602287e+02 2.034150316189452311e-04 2.172428873287037096e-04
2.218912634408602287e+02 2.030690086607580137e-04 2.168791259169694052e-04
2.220162634408602287e+02 2.027237248229407933e-04 2.165158466836645547e-04
2.221412634408602287e+02 2.023791771672007317e-04 2.161530476533960019e-04
2.222662634408602287e+02 2.020353627700558700e-04 2.157907268692498134e-04
2.223912634408602287e+02 2.016922787227731664e-04 2.154288823926723694e-04
2.225162634408602287e+02 2.013499221313002729e-04 2.150675123033398794e-04
2.226412634408602287e+02 2.010082901162128159e-04 2.147066146990769862e-04
2.227662634408602287e+02 2.006673798126500758e-04 2.143461876957115095e-04
2.228912634408602287e+02 2.003271883702512632e-04 2.139862294269852976e-04
2.230162634408602287e+02 1.999877129530976767e-04 2.136267380444235268e-04
2.231412634408602287e+02 1.996489507396520958e-04 2.132677117172395896e-04
2.232662634408602287e+02 1.993108989226956805e-04 2.129091486321983229e-04
2.233912634408602287e+02 1.989735547092680691e-04 2.125510469935284043e-04
2.235162634408602287e+02 1.986369153206082622e-04 2.121934050228058545e-04
2.236412634408602287e+02 1.982897386085057763e-04 2.118362209588320918e-04
2.237662634408602287e+02 1.979424543337146081e-04 2.114794930575434283e-04
2.238912634408602287e+02 1.975959070559201282e-04 2.111232195918622901e-04
2.240162634408602287e+02 1.972500939981445785e-04 2.107673988516369629e-04
2.241412634408602287e+02 1.969050123971465547e-04 2.104120291435051182e-04
2.242662634408602287e+02 1.965606595033689101e-04 2.100571087907770714e-04
2.243912634408602287e+02 1.962170325808841121e-04 2.097026361333506996e-04
2.245162634408602287e+02 1.958741289073276447e-04 2.093486095275876794e-04
2.246412634408602287e+02 1.955319457738477831e-04 2.089950273461979114e-04
2.247662634408602287e+02 1.951904804850466675e-04 2.086418879781506692e-04
2.248912634408602287e+02 1.948497303589129194e-04 2.082891898285639846e-04
2.250162634408602287e+02 1.945096927267816892e-04 2.079369313185851133e-04
2.251412634408602287e+02 1.941703649332609573e-04 2.075851108853063475e-04
2.252662634408602287e+02 1.938317443361863501e-04 2.072337269816234456e-04
2.253912634408602287e+02 1.934938283065595031e-04 2.068827780761618251e-04
2.255162634408602287e+02 1.931566142284835239e-04 2.065322626531687124e-04
2.256412634408602287e+02 1.928200994991236352e-04 2.061821792123893528e-04
2.257662634408602287e+02 1.924842815286371630e-04 2.058325262689781883e-04
2.258912634408602287e+02 1.921491577401184859e-04 2.054833023534005469e-04
2.260162634408602287e+02 1.918147255695499479e-04 2.051345060112915071e-04
2.261412634408602287e+02 1.914809824657379990e-04 2.047861358034061866e-04
2.262662634408602287e+02 1.911479258902623189e-04 2.044381903054770077e-04
2.263912634408602287e+02 1.908155533174192217e-04 2.040906681081344960e-04
2.265162634408602287e+02 1.904838622341622958e-04 2.037435678167869881e-04
2.266412634408602287e+02 1.901528501400549158e-04 2.033968880515225116e-04
2.267662634408602287e+02 1.898225145472055972e-04 2.030506274470254369e-04
2.268912634408602287e+02 1.894928529802215650e-04 2.027047846524491646e-04
2.270162634408602287e+02 1.891638629761467107e-04 2.023593583313393644e-04
2.271412634408602287e+02 1.888355420844106886e-04 2.020143471615183173e-04
2.272662634408602287e+02 1.885078878667761427e-04 2.016697498349801008e-04
2.273912634408602287e+02 1.881808978972776384e-04 2.013255650578101410e-04
2.275162634408602287e+02 1.878545697621742565e-04 2.009817915500737833e-04
2.276412634408602287e+02 1.875289010598938646e-04 2.006384280457269278e-04
2.277662634408602287e+02 1.872038894009728086e-04 2.002954732924985284e-04
2.278912634408602287e+02 1.868795324080125718e-04 1.999529260518203633e-04
2.280162634408602287e+02 1.865558277156195200e-04 1.996107850986902368e-04
2.281412634408602287e+02 1.862327729703494995e-04 1.992690492216221590e-04
2.282662634408602287e+02 1.859103658306639260e-04 1.989277172225133422e-04
2.283912634408602287e+02 1.855886039668623480e-04 1.985867879165671950e-04
2.285162634408602287e+02 1.852674850610431709e-04 1.982462601321953108e-04
2.286412634408602287e+02 1.849470068070448127e-04 1.979061327108957654e-04
2.287662634408602287e+02 1.846271669103906798e-04 1.975664045072042475e-04
2.288912634408602287e+02 1.843079630882414090e-04 1.972270743885600234e-04
2.290162634408602287e+02 1.839893930693388944e-04 1.968881412352329978e-04
2.291412634408602287e+02 1.836714545939537588e-04 1.965496039402183834e-04
2.292662634408602287e+02 1.833541454138409822e-04 1.962114614091553587e-04
2.293912634408602287e+02 1.830374632921741719e-04 1.958737125602110581e-04
2.295162634408602287e+02 1.827214060035078057e-04 1.955363563240125656e-04
2.296412634408602287e+02 1.824059713337144019e-04 1.951993916435454878e-04
2.297662634408602287e+02 1.820911570799430760e-04 1.948628174740552911e-04
2.298912634408602287e+02 1.817769610505596384e-04 1.945266327829719500e-04
2.300162634408602287e+02 1.814633810650991875e-04 1.941908365497861850e-04
2.301412634408602287e+02 1.811504149542172396e-04 1.938554277659958224e-04
2.302662634408602287e+02 1.808380605596337837e-04 1.935204054350049899e-04
2.303912634408602287e+02 1.805263157340893175e-04 1.931857685720127693e-04
2.305162634408602287e+02 1.802151783412871946e-04 1.928515162039512345e-04
2.306412634408602287e+02 1.799046462558475464e-04 1.925176473693802838e-04
2.307662634408602287e+02 1.795947173632570285e-04 1.921841611183931786e-04
2.308912634408602287e+02 1.792853895598189753e-04 1.918510565125465582e-04
2.310162634408602287e+02 1.789766607525993523e-04 1.915183326247636209e-04
2.311412634408602287e+02 1.786685288593852308e-04 1.911859885392439993e-04
2.312662634408602287e+02 1.783609918086229618e-04 1.908540233513768617e-04
2.313912634408602287e+02 1.780540475393836979e-04 1.905224361676486732e-04
2.315162634408602287e+02 1.777476940013038710e-04 1.901912261055692269e-04
2.316412634408602287e+02 1.774419291545361590e-04 1.898603922935780761e-04
2.317662634408602287e+02 1.771367509697087199e-04 1.895299338709577179e-04
2.318912634408602287e+02 1.768321574278663739e-04 1.891998499877552858e-04
2.320162634408602287e+02 1.765281465204277770e-04 1.888701398046773285e-04
2.321412634408602287e+02 1.762247162491384486e-04 1.885408024930312898e-04
2.322662634408602287e+02 1.759218646260160730e-04 1.882118372346287165e-04
2.323912634408602287e+02 1.756195896733105197e-04 1.878832432216955949e-04
2.325162634408602287e+02 1.753178894234481424e-04 1.875550196568020946e-04
2.326412634408602287e+02 1.750167619189879501e-04 1.872271657527691641e-04
2.327662634408602287e+02 1.747162052125760976e-04 1.868996807325793287e-04
2.328912634408602287e+02 1.744162173668917302e-04 1.865725638293223442e-04
2.330162634408602287e+02 1.741167964546077890e-04 1.862458142860785371e-04
2.331412634408602287e+02 1.738179405583387257e-04 1.859194313558616945e-04
2.332662634408602287e+02 1.735196477705924182e-04 1.855934143015280447e-04
2.333912634408602287e+02 1.732219161937271546e-04 1.852677623956877596e-04
2.335162634408602287e+02 1.729247439399026821e-04 1.849424749206397941e-04
2.336412634408602287e+02 1.726281291310349678e-04 1.846175511682873998e-04
2.337662634408602287e+02 1.723320698987495245e-04 1.842929904400532858e-04
2.338912634408602287e+02 1.720365643843318896e-04 1.839687920467989271e-04
2.340162634408602287e+02 1.717416107386899487e-04 1.836449553087605427e-04
2.341412634408602287e+02 1.714472071222952266e-04 1.833214795554382898e-04
2.342662634408602287e+02 1.711533517051494393e-04 1.829983641255593201e-04
2.343912634408602287e+02 1.708600426667337263e-04 1.826756083669679764e-04
2.345162634408602287e+02 1.705672781959608104e-04 1.823532116365658099e-04
2.346412634408602287e+02 1.702750564911357492e-04 1.820311733002308882e-04
2.347662634408602287e+02 1.699833757599031347e-04 1.817094927327220601e-04
2.348912634408602287e+02 1.696922342192088481e-04 1.813881693176366990e-04
2.350162634408602287e+02 1.694016300952534118e-04 1.810672024473087606e-04
2.351412634408602287e+02 1.691115616234439595e-04 1.807465915227450862e-04
2.352662634408602287e+02 1.688220270483558824e-04 1.804263359535387208e-04
2.353912634408602287e+02 1.685330246236819800e-04 1.801064351578167085e-04
2.355162634408602287e+02 1.682445526121913691e-04 1.797868885621312931e-04
2.356412634408602287e+02 1.679566092856885821e-04 1.794676956014158991e-04
2.357662634408602287e+02 1.676691929249620404e-04 1.791488557189009709e-04
2.358912634408602287e+02 1.673823018197483298e-04 1.788303683660348803e-04
2.360162634408602287e+02 1.670959342686837367e-04 1.785122330024242407e-04
2.361412634408602287e+02 1.668100885792620999e-04 1.781944490957360311e-04
2.362662634408602287e+02 1.665247630677910628e-04 1.778770161216587002e-04
2.363912634408602287e+02 1.662399560593493832e-04 1.775599335638084646e-04
2.365162634408602287e+02 1.659556658877449473e-04 1.772432009136592687e-04
2.366412634408602287e+02 1.656718908954721335e-04 1.769268176704845907e-04
2.367662634408602287e+02 1.653886294336649754e-04 1.766107833412580480e-04
2.368912634408602287e+02 1.651058798620626831e-04 1.762950974406206545e-04
2.370162634408602287e+02 1.648236405489546480e-04 1.759797594907864680e-04
2.371412634408602287e+02 1.645419098711537441e-04 1.756647690214732009e-04
2.372662634408602287e+02 1.642606862139440961e-04 1.753501255698450831e-04
2.373912634408602287e+02 1.639799679710392298e-04 1.750358286804340404e-04
2.375162634408602287e+02 1.636997535445474316e-04 1.747218779050680826e-04
2.376412634408602287e+02 1.634200413449192187e-04 1.744082728028133807e-04
2.377662634408602287e+02 1.631408297909179303e-04 1.740950129399024921e-04
2.378912634408602287e+02 1.628621173095712912e-04 1.737820978896641589e-04
2.380162634408602287e+02 1.625839023361293440e-04 1.734695272324619417e-04
2.381412634408602287e+02 1.623061833140288879e-04 1.731573005556110074e-04
2.382662634408602287e+02 1.620289586948478607e-04 1.728454174533319420e-04
2.383912634408602287e+02 1.617522269382662534e-04 1.725338775266784344e-04
2.385162634408602287e+02 1.614759865120275935e-04 1.722226803834619514e-04
2.386412634408602287e+02 1.612002358918939240e-04 1.719118256381996690e-04
2.387662634408602287e+02 1.609249735616111903e-04 1.716013129120443244e-04
2.388912634408602287e+02 1.606501980128658173e-04 1.712911418327041477e-04
2.390162634408602287e+02 1.603759077452435644e-04 1.709813120344097395e-04
2.391412634408602287e+02 1.601021012661933674e-04 1.706718231578228896e-04
2.392662634408602287e+02 1.598287770909840244e-04 1.703626748499870831e-04
2.393912634408602287e+02 1.595559337426687965e-04 1.700538667642605779e-04
2.395162634408602287e+02 1.592835697520434497e-04 1.697453985602428419e-04
2.396412634408602287e+02 1.590116836576053528e-04 1.694372699037341662e-04
2.397662634408602287e+02 1.587402740055207347e-04 1.691294804666534013e-04
2.398912634408602287e+02 1.584693393495758683e-04 1.688220299269869453e-04
2.400162634408602287e+02 1.581988782511489625e-04 1.685149179687235024e-04
2.401412634408602287e+02 1.579288892791658454e-04 1.682081442817861844e-04
2.402662634408602287e+02 1.576593710100597674e-04 1.679017085619842367e-04
2.403912634408602287e+02 1.573903220277405560e-04 1.675956105109445708e-04
2.405162634408602287e+02 1.571217409235457177e-04 1.672898498360585304e-04
2.406412634408602287e+02 1.568536262962133337e-04 1.669844262504072163e-04
2.407662634408602287e+02 1.565859767518372003e-04 1.666793394727232689e-04
2.408912634408602287e+02 1.563187909038311592e-04 1.663745892273016923e-04
2.410162634408602287e+02 1.560520673728919361e-04 1.660701752439764625e-04
2.411412634408602287e+02 1.557858047869629286e-04 1.657660972580349572e-04
2.412662634408602287e+02 1.555200017811910005e-04 1.654623550101732860e-04
2.413912634408602287e+02 1.552546569978987807e-04 1.651589482464382863e-04
2.415162634408602287e+02 1.549897690865382322e-04 1.648558767181498939e-04
2.416412634408602287e+02 1.547253367036620017e-04 1.645531401818781851e-04
2.417662634408602287e+02 1.544613585128818951e-04 1.642507383993566951e-04
2.418912634408602287e+02 1.541978331848314183e-04 1.639486711374452566e-04
2.420162634408602287e+02 1.539347593971334674e-04 1.636469381680593098e-04
2.421412634408602287e+02 1.536721358343597532e-04 1.633455392681271308e-04
2.422662634408602287e+02 1.534099611879997114e-04 1.630444742195200092e-04
2.423912634408602287e+02 1.531482341564204409e-04 1.627437428090083371e-04
2.425162634408602287e+02 1.528869534448307633e-04 1.624433448282055028e-04
2.426412634408602287e+02 1.526261177652491027e-04 1.621432800735073370e-04
2.427662634408602287e+02 1.523657258364632895e-04 1.618435483460484202e-04
2.428912634408602287e+02 1.521057763840000124e-04 1.615441494516238843e-04
2.430162634408602287e+02 1.518462681400864381e-04 1.612450832006695717e-04
2.431412634408602287e+02 1.515871998436139445e-04 1.609463494081895293e-04
2.432662634408602287e+02 1.513285702401081698e-04 1.606479478936986816e-04
2.433912634408602287e+02 1.510703780816869183e-04 1.603498784811844494e-04
2.435162634408602287e+02 1.508126221270327026e-04 1.600521409990427553e-04
2.436412634408602287e+02 1.505553011413540384e-04 1.597547352800276891e-04
2.437662634408602287e+02 1.502984138963518062e-04 1.594576611612067308e-04
2.438912634408602287e+02 1.500419591701848286e-04 1.591609184839039921e-04
2.440162634408602287e+02 1.497859357474378588e-04 1.588645070936514820e-04
2.441412634408602287e+02 1.495303424190816009e-04 1.585684268401363057e-04
2.442662634408602287e+02 1.492751779824473665e-04 1.582726775771448827e-04
2.443912634408602287e+02 1.490204412411856854e-04 1.579772591625253520e-04
2.445162634408602287e+02 1.487661310052376283e-04 1.576821714581308140e-04
2.446412634408602287e+02 1.485122460907998957e-04 1.573874143297672077e-04
2.447662634408602287e+02 1.482587853202910178e-04 1.570929876471525717e-04
2.448912634408602287e+02 1.480057475223174460e-04 1.567988912838530220e-04
2.450162634408602287e+02 1.477531315316409186e-04 1.565051251172502802e-04
2.451412634408602287e+02 1.475009361891486720e-04 1.562116890284883850e-04
2.452662634408602287e+02 1.472491603418169578e-04 1.559185829024191839e-04
2.453912634408602287e+02 1.469978028426785705e-04 1.556258066275640879e-04
2.455162634408602287e+02 1.467468625507923003e-04 1.553333600960594551e-04
2.456412634408602287e+02 1.464963383312083741e-04 1.550412432036107826e-04
2.457662634408602287e+02 1.462462290549384775e-04 1.547494558494525644e-04
2.458912634408602287e+02 1.459965335989239061e-04 1.544579979362910457e-04
2.460162634408602287e+02 1.457472508459992718e-04 1.541668693702687143e-04
2.461412634408602287e+02 1.454983796848664552e-04 1.538760700609128837e-04
2.462662634408602287e+02 1.452499190100583115e-04 1.535855999210820238e-04
2.463912634408602287e+02 1.450018677219081236e-04 1.532954588669405269e-04
2.465162634408602287e+02 1.447542247265222524e-04 1.530113580124395616e-04
2.466412634408602287e+02 1.445069889357420551e-04 1.527475285283519499e-04
2.467662634408602287e+02 1.442601592671179989e-04 1.524839982154324559e-04
2.468912634408602287e+02 1.440137346438784369e-04 1.522207666691425621e-04
2.470162634408602287e+02 1.437677139948925547e-04 1.519578334897347862e-04
2.471412634408602287e+02 1.435220962546478467e-04 1.516951982822166856e-04
2.472662634408602287e+02 1.432768803632142015e-04 1.514328606562881905e-04
2.473912634408602287e+02 1.430320652662153333e-04 1.511708202263227659e-04
2.475162634408602287e+02 1.427876499147994816e-04 1.509090766113096776e-04
2.476412634408602287e+02 1.425436332656033881e-04 1.506476294348188104e-04
2.477662634408602287e+02 1.423000142807309383e-04 1.503864783249694967e-04
2.478912634408602287e+02 1.420567919277155938e-04 1.501256229143698828e-04
2.480162634408602287e+02 1.418139651794956993e-04 1.498650628400942961e-04
2.481412634408602287e+02 1.415715330143824720e-04 1.496047977436387928e-04
2.482662634408602287e+02 1.413294944160287223e-04 1.493448272708734802e-04
2.483912634408602287e+02 1.410878483734022632e-04 1.490851510720143003e-04
2.485162634408602287e+02 1.408465938807550112e-04 1.488257688015749182e-04
2.486412634408602287e+02 1.406057299375951491e-04 1.485666801183303202e-04
2.487662634408602287e+02 1.403652555486572292e-04 1.483078846852822004e-04
2.488912634408602287e+02 1.401251697238705416e-04 1.480493821696104973e-04
2.490162634408602287e+02 1.398854714783365086e-04 1.477911722426482127e-04
2.491412634408602287e+02 1.396461598322933670e-04 1.475332545798305358e-04
2.492662634408602287e+02 1.394072338110904181e-04 1.472756288606565708e-04
2.493912634408602287e+02 1.391686924451619799e-04 1.470182947686707699e-04
2.495162634408602287e+02 1.389305347699931531e-04 1.467612519913979085e-04
2.496412634408602287e+02 1.386927598260978935e-04 1.465045002203224579e-04
2.497662634408602287e+02 1.384553666589878683e-04 1.462480391508521021e-04
2.498912634408602287e+02 1.382183543191410678e-04 1.459918684822667802e-04
2.500162634408602287e+02 1.379817218619827787e-04 1.457359879177027760e-04
2.501412634408602287e+02 1.377454683478480154e-04 1.454803971640941163e-04
2.502662634408602287e+02 1.375095928419612463e-04 1.452250959321484754e-04
2.503912634408602287e+02 1.372740944144062254e-04 1.449700839363154070e-04
2.505162634408602287e+02 1.370389721400954450e-04 1.447153608947327039e-04
2.506412634408602287e+02 1.368042250987497527e-04 1.444609265292135501e-04
2.507662634408602287e+02 1.365698523748644431e-04 1.442067805651874588e-04
2.508912634408602287e+02 1.363358530576872212e-04 1.439529227316795913e-04
2.510162634408602287e+02 1.361022262411888477e-04 1.436993527612783123e-04
2.511412634408602287e+02 1.358689710240368472e-04 1.434460703900861567e-04
2.512662634408602287e+02 1.356360865095678338e-04 1.431930753576914235e-04
2.513912634408602287e+02 1.354035718057637941e-04 1.429403674071436190e-04
2.515162634408602287e+02 1.351714260252218655e-04 1.426879462849016313e-04
2.516412634408602287e+02 1.349396482851327329e-04 1.424358117408127788e-04
2.517662634408602287e+02 1.347082377072487806e-04 1.421839635280708238e-04
2.518912634408602287e+02 1.344771934178636821e-04 1.419324014031842873e-04
2.520162634408602287e+02 1.342465145477820968e-04 1.416811251259500752e-04
2.521412634408602287e+02 1.340162002322964677e-04 1.414301344594041747e-04
2.522662634408602287e+02 1.337862496111608384e-04 1.411794291698062042e-04
2.523912634408602287e+02 1.335566618285630159e-04 1.409290090265921148e-04
2.525162634408602287e+02 1.333274360331040249e-04 1.406788738023493626e-04
2.526412634408602287e+02 1.330985713777671270e-04 1.404290232727829183e-04
2.527662634408602287e+02 1.328700670198954589e-04 1.401794572166800311e-04
2.528912634408602287e+02 1.326419221211684509e-04 1.399301754158763743e-04
2.530162634408602287e+02 1.324141358475723639e-04 1.396811776552362317e-04
2.531412634408602287e+02 1.321867073693797979e-04 1.394324637225999948e-04
2.532662634408602287e+02 1.319596358611246196e-04 1.391840334087750557e-04
2.533912634408602287e+02 1.317329205015714696e-04 1.389358865074847411e-04
2.535162634408602287e+02 1.315065604736994720e-04 1.386880228153468452e-04
2.536412634408602287e+02 1.312805549646716059e-04 1.384404421318454403e-04
2.537662634408602287e+02 1.310549031658140239e-04 1.381931442592878071e-04
2.538912634408602287e+02 1.308296042725906551e-04 1.379461290027902043e-04
2.540162634408602287e+02 1.306046574845775633e-04 1.376993961702305160e-04
2.541412634408602287e+02 1.303800620054402332e-04 1.374529455722261074e-04
2.542662634408602287e+02 1.301558170429129978e-04 1.372067770221086706e-04
2.543912634408602287e+02 1.299319218087675149e-04 1.369608903358829170e-04
2.545162634408602287e+02 1.297083755187972360e-04 1.367152853322009629e-04
2.546412634408602287e+02 1.294851773927884852e-04 1.364699618323399134e-04
2.547662634408602287e+02 1.292623266544986943e-04 1.362249196601610698e-04
2.548912634408602287e+02 1.290398225316349888e-04 1.359801586420905759e-04
2.550162634408602287e+02 1.288176642558271111e-04 1.357356786070795470e-04
2.551412634408602287e+02 1.285958510626076872e-04 1.354914793865821419e-04
2.552662634408602287e+02 1.283743821913873717e-04 1.352475608145308698e-04
2.553912634408602287e+02 1.281532568854337056e-04 1.350039227272977491e-04
2.555162634408602287e+02 1.279324743918457466e-04 1.347605649636680425e-04
2.556412634408602287e+02 1.277120339615326011e-04 1.345174873648240211e-04
2.557662634408602287e+02 1.274919348491932044e-04 1.342746897742967986e-04
2.558912634408602287e+02 1.272721763132890526e-04 1.340321720379597720e-04
2.560162634408602003e+02 1.270527576160263949e-04 1.337899340039811337e-04
2.561412634408602003e+02 1.268336780233327065e-04 1.335479755228079332e-04
2.562662634408602003e+02 1.266149368048306400e-04 1.333062964471408700e-04
2.563912634408602003e+02 1.263965332338235251e-04 1.330648966318958312e-04
2.565162634408602003e+02 1.261784665872660673e-04 1.328237759341889025e-04
2.566412634408602003e+02 1.259607361457471637e-04 1.325829342132995323e-04
2.567662634408602003e+02 1.257433411934675410e-04 1.323423713306481160e-04
2.568912634408602003e+02 1.255262810182152531e-04 1.321020871497757213e-04
2.570162634408602003e+02 1.253095549113469778e-04 1.318620815363050842e-04
2.571412634408602003e+02 1.250931621677669298e-04 1.316223543579217166e-04
2.572662634408602003e+02 1.248771020859027099e-04 1.313829054843524931e-04
2.573912634408602003e+02 1.246613739676882555e-04 1.311437347873254820e-04
2.575162634408602003e+02 1.244459771185380643e-04 1.309048421405618944e-04
2.576412634408602003e+02 1.242309108473291148e-04 1.306662274197364839e-04
2.577662634408602003e+02 1.240161744663808630e-04 1.304278905024571368e-04
2.578912634408602003e+02 1.238017672914305768e-04 1.301898312682448682e-04
2.580162634408602003e+02 1.235876886416168558e-04 1.299520495984970406e-04
2.581412634408602003e+02 1.233739378394561317e-04 1.297145453764770640e-04
2.582662634408602003e+02 1.231605142108243721e-04 1.294773184872768013e-04
2.583912634408602003e+02 1.229474170849340412e-04 1.292403688177958324e-04
2.585162634408602003e+02 1.227346457943164545e-04 1.290036962567250563e-04
2.586412634408602003e+02 1.225221996748005826e-04 1.287673006945099907e-04
2.587662634408602003e+02 1.223100780654914758e-04 1.285311820233342103e-04
2.588912634408602003e+02 1.220982803087530789e-04 1.282953401370960644e-04
2.590162634408602003e+02 1.218868057501872119e-04 1.280597749313780746e-04
2.591412634408602003e+02 1.216756537386108557e-04 1.278244863034336536e-04
2.592662634408602003e+02 1.214648236260413661e-04 1.275894741521564765e-04
2.593912634408602003e+02 1.212543147676745325e-04 1.273547383780529148e-04
2.595162634408602003e+02 1.210441265218638562e-04 1.271202788832344745e-04
2.596412634408602003e+02 1.208342582501041379e-04 1.268860955713759452e-04
2.597662634408602003e+02 1.206247093170073815e-04 1.266521883477107931e-04
2.598912634408602003e+02 1.204154790902894993e-04 1.264185571189916138e-04
2.600162634408602003e+02 1.202065669407474891e-04 1.261852017934779089e-04
2.601412634408602003e+02 1.199979722422401358e-04 1.259521222809170302e-04
2.602662634408602003e+02 1.197896943716719379e-04 1.257193184925078054e-04
2.603912634408602003e+02 1.195817327089709355e-04 1.254867903408909426e-04
2.605162634408602003e+02 1.193740866370712956e-04 1.252545377401263706e-04
2.606412634408602003e+02 1.191667555418969809e-04 1.250225606056635044e-04
2.607662634408602003e+02 1.189597388123388329e-04 1.247908588543285876e-04
2.608912634408602003e+02 1.187530358402399077e-04 1.245594324042967468e-04
2.610162634408602003e+02 1.185466460203740495e-04 1.243282811750722318e-04
2.611412634408602003e+02 1.183405687504309969e-04 1.240974050874744299e-04
2.612662634408602003e+02 1.181348034309947657e-04 1.238668040636023849e-04
2.613912634408602003e+02 1.179293494655274274e-04 1.236364780268294308e-04
2.615162634408602003e+02 1.177242062603513142e-04 1.234064269017737822e-04
2.616412634408602003e+02 1.175193732246302488e-04 1.231766506142753059e-04
2.617662634408602003e+02 1.173148497703524143e-04 1.229471490913870094e-04
2.618912634408602003e+02 1.171106353123127763e-04 1.227179222613414310e-04
2.620162634408602003e+02 1.169067292680924425e-04 1.224889700535367618e-04
2.621412634408602003e+02 1.167031310580462621e-04 1.222602923985228053e-04
2.622662634408602003e+02 1.164998401052825242e-04 1.220318892279648870e-04
2.623912634408602003e+02 1.162968558356440384e-04 1.218037604746443833e-04
2.625162634408602003e+02 1.160941776776950430e-04 1.215759060724231591e-04
2.626412634408602003e+02 1.158918050626986536e-04 1.213483259562293245e-04
2.627662634408602003e+02 1.156897374246054387e-04 1.211210200620439396e-04
2.628912634408602003e+02 1.154879742000325751e-04 1.208939883268700198e-04
2.630162634408602003e+02 1.152865148282473148e-04 1.206672306887283892e-04
2.631412634408602003e+02 1.150853587511524966e-04 1.204407470866228228e-04
2.632662634408602003e+02 1.148845054132662717e-04 1.202145374605319695e-04
2.633912634408602003e+02 1.146839542617082128e-04 1.199886017513919105e-04
2.635162634408602003e+02 1.144837047461824404e-04 1.197629399010698121e-04
2.636412634408602003e+02 1.142837563189587721e-04 1.195375518523470674e-04
2.637662634408602003e+02 1.140841084348605109e-04 1.193124375489129803e-04
2.638912634408602003e+02 1.138847605512432364e-04 1.190875969353283093e-04
2.640162634408602003e+02 1.136857121279828778e-04 1.188630299570241018e-04
2.641412634408602003e+02 1.134869626274564834e-04 1.186387365602711472e-04
2.642662634408602003e+02 1.132885115145272582e-04 1.184147166921681858e-04
2.643912634408602003e+02 1.130903582565296022e-04 1.181909703006288169e-04
2.645162634408602003e+02 1.128925023232523730e-04 1.179674973343538793e-04
2.646412634408602003e+02 1.126949431869217147e-04 1.177442977428238343e-04
2.647662634408602003e+02 1.124976803221879387e-04 1.175213714762756996e-04
2.648912634408602003e+02 1.123007132061068492e-04 1.172987184856859322e-04
2.650162634408602003e+02 1.121040413181277617e-04 1.170763387227619312e-04
2.651412634408602003e+02 1.119076641400752758e-04 1.168542321399128591e-04
2.652662634408602003e+02 1.117115811561340550e-04 1.166323986902404261e-04
2.653912634408602003e+02 1.115157918528360742e-04 1.164108383275262455e-04
2.655162634408602003e+02 1.113202957190403719e-04 1.161895510062036174e-04
2.656412634408602003e+02 1.111250922459234284e-04 1.159685366813551980e-04
2.657662634408602003e+02 1.109301809269613707e-04 1.157477953086853109e-04
2.658912634408602003e+02 1.107355612579141572e-04 1.155273268445082525e-04
2.660162634408602003e+02 1.105412327368132311e-04 1.153071312457394409e-04
2.661412634408602003e+02 1.103471948639436718e-04 1.150872084698658049e-04
2.662662634408602003e+02 1.101534471418313472e-04 1.148675584749445766e-04
2.663912634408602003e+02 1.099599890752287509e-04 1.146481812195763501e-04
2.665162634408602003e+02 1.097668201710979403e-04 1.144290766628934796e-04
2.666412634408602003e+02 1.095739399385993684e-04 1.142102447645532495e-04
2.667662634408602003e+02 1.093813478890733992e-04 1.139916854847078284e-04
2.668912634408602003e+02 1.091890435360307656e-04 1.137733987840000810e-04
2.670162634408602003e+02 1.089970263951336917e-04 1.135553846235470344e-04
2.671412634408602003e+02 1.088052959841837627e-04 1.133376429649204708e-04
2.672662634408602003e+02 1.086138518231087520e-04 1.131201737701402325e-04
2.673912634408602003e+02 1.084226934339470902e-04 1.129029770016516703e-04
2.675162634408602003e+02 1.082318203408338920e-04 1.126860526223146528e-04
2.676412634408602003e+02 1.080412320699875533e-04 1.124694005953928732e-04
2.677662634408602003e+02 1.078476541189574579e-04 1.122530208845321924e-04
2.678912634408602003e+02 1.076407059063885519e-04 1.120369134537563293e-04
2.680162634408602003e+02 1.074340625048779028e-04 1.118210782674418022e-04
2.681412634408602003e+02 1.072277236040105816e-04 1.116055152903108543e-04
2.682662634408602003e+02 1.070216888944258021e-04 1.113902244874224822e-04
2.683912634408602003e+02 1.068159580678003053e-04 1.111752058241481357e-04
2.685162634408602003e+02 1.066105308168422203e-04 1.109604592661613101e-04
2.686412634408602003e+02 1.064054068352755734e-04 1.107459847794337645e-04
2.687662634408602003e+02 1.062005858178286606e-04 1.105317823302074954e-04
2.688912634408602003e+02 1.059960674602262272e-04 1.103178518849948995e-04
2.690162634408602003e+02 1.057918514591759155e-04 1.101041934105558695e-04
2.691412634408602003e+02 1.055879375123558510e-04 1.098908068738893513e-04
2.692662634408602003e+02 1.053843253184068356e-04 1.096776922422251852e-04
2.693912634408602003e+02 1.051810145769171420e-04 1.094648494829985187e-04
2.695162634408602003e+02 1.049780049884156561e-04 1.092522785638536825e-04
2.696412634408602003e+02 1.047752962543574840e-04 1.090399794526175598e-04
2.697662634408602003e+02 1.045728880771173253e-04 1.088279521172941792e-04
2.698912634408602003e+02 1.043707801599715561e-04 1.086161965260544411e-04
2.700162634408602003e+02 1.041689722070961150e-04 1.084047126472174974e-04
2.701412634408602003e+02 1.039674639235507416e-04 1.081935004492431209e-04
2.702662634408602003e+02 1.037662550152701946e-04 1.079825599007217711e-04
2.703912634408602003e+02 1.035653451890527452e-04 1.077718909703543747e-04
2.705162634408602003e+02 1.033647341525512872e-04 1.075614936269537612e-04
2.706412634408602003e+02 1.031644216142616545e-04 1.073513678394200793e-04
2.707662634408602003e+02 1.029644072835153839e-04 1.071415135767349823e-04
2.708912634408602003e+02 1.027646908704620834e-04 1.069319308079534972e-04
2.710162634408602003e+02 1.025652720860705029e-04 1.067226195021860128e-04
2.711412634408602003e+02 1.023414407811605689e-04 1.065135796285937130e-04
2.712662634408602003e+02 1.021171770542299317e-04 1.063048111563724490e-04
2.713912634408602003e+02 1.018932480435348576e-04 1.060963140547413822e-04
2.715162634408602003e+02 1.016696537432887836e-04 1.058880882929399893e-04
2.716412634408602003e+02 1.014463941465098949e-04 1.056801338402078014e-04
2.717662634408602003e+02 1.012234692450117332e-04 1.054724506657761908e-04
2.718912634408602003e+02 1.010008790294061919e-04 1.052650387388649289e-04
2.720162634408602003e+02 1.007786234890869413e-04 1.050578980286596753e-04
2.721412634408602003e+02 1.005567026122349716e-04 1.048510285043144309e-04
2.722662634408602003e+02 1.003351163858034681e-04 1.046444301349289867e-04
2.723912634408602003e+02 1.001138647955206033e-04 1.044381028895464297e-04
2.725162634408602003e+02 9.989294782587934522e-05 1.042320467371448626e-04
2.726412634408602003e+02 9.967236546013573634e-05 1.040262616466172240e-04
2.727662634408602003e+02 9.945211768029942024e-05 1.038207475867756118e-04
2.728912634408602003e+02 9.923220446713189346e-05 1.036155045263280268e-04
2.730162634408602003e+02 9.901262580014380847e-05 1.034105324338753236e-04
2.731412634408602003e+02 9.879338165758636784e-05 1.032058312779045019e-04
2.732662634408602003e+02 9.857447201645024005e-05 1.030014010267712646e-04
2.733912634408602003e+02 9.835589685245612690e-05 1.027972416486961146e-04
2.735162634408602003e+02 9.813765614005446540e-05 1.025933531117559252e-04
2.736412634408602003e+02 9.791974985242179563e-05 1.023897353838696013e-04
2.737662634408602003e+02 9.770217796145433690e-05 1.021863884327945288e-04
2.738912634408602003e+02 9.748494043776506038e-05 1.019833122261128459e-04
2.740162634408602003e+02 9.726803725067839006e-05 1.017805067312240434e-04
2.741412634408602003e+02 9.705146836822605566e-05 1.015779719153406957e-04
2.742662634408602003e+02 9.683523375714690295e-05 1.013757077454698394e-04
2.743912634408602003e+02 9.661933338287961599e-05 1.011737141884155080e-04
2.745162634408602003e+02 9.640376720956121280e-05 1.009719912107614657e-04
2.746412634408602003e+02 9.618853520002062151e-05 1.007705387788641058e-04
2.747662634408602003e+02 9.597363731577693204e-05 1.005693568588517464e-04
2.748912634408602003e+02 9.575907351703829835e-05 1.003684454166045993e-04
2.750162634408602003e+02 9.554484376269586693e-05 1.001678044177550277e-04
2.751412634408602003e+02 9.533094801032212335e-05 9.996743382767740889e-05
2.752662634408602003e+02 9.511738621616511896e-05 9.976733361147543564e-05
2.753912634408602003e+02 9.490415833514706133e-05 9.956750373398348480e-05
2.755162634408602003e+02 9.469126432086421945e-05 9.936794415974889070e-05
2.756412634408602003e+02 9.447870412558146205e-05 9.916865485302817757e-05
2.757662634408602003e+02 9.426647770022645711e-05 9.896963577778364427e-05
2.758912634408602003e+02 9.405458499439323615e-05 9.877088689766655915e-05
2.760162634408602003e+02 9.384302595633678683e-05 9.857240817601993835e-05
2.761412634408602003e+02 9.363180053296687295e-05 9.837419957586103589e-05
2.762662634408602003e+02 9.342090866985367230e-05 9.817626105987978518e-05
2.763912634408602003e+02 9.321035031121582338e-05 9.797859259043271388e-05
2.765162634408602003e+02 9.300012539992763528e-05 9.778119412953138365e-05
2.766412634408602003e+02 9.279023387751167450e-05 9.758406563883561386e-05
2.767662634408602003e+02 9.258067568413381825e-05 9.738720707965154355e-05
2.768912634408602003e+02 9.237145075860959704e-05 9.719061841291714383e-05
2.770162634408602003e+02 9.216255903839344751e-05 9.699429959920296326e-05
2.771412634408602003e+02 9.195400045958353717e-05 9.679825059869854816e-05
2.772662634408602003e+02 9.174577495691691256e-05 9.660247137120864800e-05
2.773912634408602003e+02 9.153788246376857768e-05 9.640696187614912244e-05
2.775162634408602003e+02 9.133032291214753667e-05 9.621172207253425623e-05
2.776412634408602003e+02 9.112309623269740366e-05 9.601675191897387249e-05
2.777662634408602003e+02 9.091620235469686357e-05 9.582205137367002590e-05
2.778912634408602003e+02 9.070964120605421040e-05 9.562762039440247442e-05
2.780162634408602003e+02 9.050341271331077610e-05 9.545758093183249636e-05
2.781412634408602003e+02 9.029751680163008846e-05 9.528978349976441830e-05
2.782662634408602003e+02 9.009195339480967541e-05 9.512222317282429795e-05
2.783912634408602003e+02 8.988672241527118523e-05 9.495489966219886405e-05
2.785162634408602003e+02 8.968182378406187730e-05 9.478781268011016354e-05
2.786412634408602003e+02 8.947725742085443240e-05 9.462096193980912414e-05
2.787662634408602003e+02 8.927302324394311729e-05 9.445434715556625727e-05
2.788912634408602003e+02 8.906912117024470637e-05 9.428796804266470564e-05
2.790162634408602003e+02 8.886555111529956578e-05 9.412182431738960449e-05
2.791412634408602003e+02 8.866231299326903783e-05 9.395591569702173903e-05
2.792662634408602003e+02 8.845940671693511574e-05 9.379024189982994146e-05
2.793912634408602003e+02 8.825683219769827519e-05 9.362480264506079105e-05
2.795162634408602003e+02 8.805458934557779962e-05 9.345959765293118736e-05
2.796412634408602003e+02 8.785267806921439584e-05 9.329462664462322738e-05
2.797662634408602003e+02 8.765109827586688726e-05 9.312988934227233351e-05
2.798912634408602003e+02 8.744984987140995056e-05 9.296538546896077548e-05
2.800162634408602003e+02 8.724893276033956384e-05 9.280111474871029773e-05
2.801412634408602003e+02 8.704834684576581022e-05 9.263707690647486886e-05
2.802662634408602003e+02 8.684809202941927463e-05 9.247327166813146585e-05
2.803912634408602003e+02 8.664816821164788609e-05 9.230969876047270155e-05
2.805162634408602003e+02 8.644857529141477637e-05 9.214635791120054983e-05
2.806412634408602003e+02 8.624931316630309118e-05 9.198324884891689944e-05
2.807662634408602003e+02 8.605038173251353714e-05 9.182037130311666937e-05
2.808912634408602003e+02 8.585178088486237601e-05 9.165772500418203547e-05
2.810162634408602003e+02 8.565351051678719808e-05 9.149530968337180525e-05
2.811412634408602003e+02 8.545557052034070153e-05 9.133312507281637633e-05
2.812662634408602003e+02 8.525796078619680464e-05 9.117117090550906286e-05
2.813912634408602003e+02 8.506068120364873488e-05 9.100944691530087776e-05
2.815162634408602003e+02 8.486373166060676566e-05 9.084795283689059875e-05
2.816412634408602003e+02 8.466711204360295967e-05 9.068668840581865613e-05
2.817662634408602003e+02 8.447082223779038286e-05 9.052565335846116969e-05
2.818912634408602003e+02 8.427486212694315865e-05 9.036484743202071943e-05
2.820162634408602003e+02 8.407923159345701003e-05 9.020427036452101940e-05
2.821412634408602003e+02 8.388393051835260703e-05 9.004392189479869138e-05
2.822662634408602003e+02 8.368895878126887179e-05 8.988380176249772180e-05
2.823912634408602003e+02 8.349431626047424065e-05 8.972390970806051714e-05
2.825162634408602003e+02 8.330000283286067403e-05 8.956424547272246936e-05
2.826412634408602003e+02 8.310601837394665146e-05 8.940480879850622317e-05
2.827662634408602003e+02 8.291236275787915026e-05 8.924559942821155226e-05
2.828912634408602003e+02 8.271903585742921389e-05 8.908661710541123941e-05
2.830162634408602003e+02 8.252603754400158781e-05 8.892786157444400200e-05
2.831412634408602003e+02 8.233336768763058590e-05 8.876933258040748537e-05
2.832662634408602003e+02 8.214102615698263838e-05 8.861102986915136460e-05
2.833912634408602003e+02 8.194901281935535668e-05 8.845295318727102905e-05
2.835162634408602003e+02 8.175732754068364562e-05 8.829510228210184957e-05
2.836412634408602003e+02 8.156597018553496002e-05 8.813747690171156205e-05
2.837662634408602003e+02 8.137494061711675862e-05 8.798007679489404679e-05
2.838912634408602003e+02 8.118423869727462024e-05 8.782290171116405655e-05
2.840162634408602003e+02 8.099386428649235224e-05 8.766595140074912571e-05
2.841412634408602003e+02 8.080381724389840083e-05 8.750922561458414925e-05
2.842662634408602003e+02 8.061409742726154137e-05 8.735272410430621923e-05
2.843912634408602003e+02 8.042470469299774953e-05 8.719644662224643910e-05
2.845162634408602003e+02 8.023563889616960496e-05 8.704039292142457039e-05
2.846412634408602003e+02 8.004689989048611510e-05 8.688456275554300189e-05
2.847662634408602003e+02 7.985848752830932882e-05 8.672895587898168100e-05
2.848912634408602003e+02 7.967040166064997251e-05 8.657357204678977887e-05
2.850162634408602003e+02 7.948264213717627278e-05 8.641841101468124525e-05
2.851412634408602003e+02 7.929520880620890134e-05 8.626347253902918414e-05
2.852662634408602003e+02 7.910810151472864578e-05 8.610875637685850832e-05
2.853912634408602003e+02 7.892132010837550149e-05 8.595426228584120956e-05
2.855162634408602003e+02 7.873486443145178879e-05 8.579999002429031414e-05
2.856412634408602003e+02 7.854873432692234265e-05 8.564593935115401464e-05
2.857662634408602003e+02 7.836292963641806344e-05 8.549211002600927314e-05
2.858912634408602003e+02 7.817745020023969809e-05 8.533850180905698296e-05
2.860162634408602003e+02 7.799229585735743353e-05 8.518511446111650700e-05
2.861412634408602003e+02 7.780746644541523349e-05 8.503194774361871172e-05
2.862662634408602003e+02 7.762296180073003889e-05 8.487900141860129158e-05
2.863912634408602003e+02 7.743878175829666032e-05 8.472627524870379517e-05
2.865162634408602003e+02 7.725492615179078667e-05 8.457376899716094389e-05
2.866412634408602003e+02 7.707139481356920202e-05 8.442148242779719735e-05
2.867662634408602003e+02 7.688818757467481358e-05 8.426941530502282316e-05
2.868912634408602003e+02 7.670530426483533712e-05 8.411756739382641589e-05
2.870162634408602003e+02 7.652274471246828431e-05 8.396593845977119730e-05
2.871412634408602003e+02 7.634050874468443213e-05 8.381452826898832132e-05
2.872662634408602003e+02 7.615859618728924591e-05 8.366333658817337756e-05
2.873912634408602003e+02 7.597700686478558985e-05 8.351236318457915420e-05
2.875162634408602003e+02 7.579574060037519065e-05 8.336160782601130124e-05
2.876412634408602003e+02 7.561479721596231030e-05 8.321107028082425116e-05
2.877662634408602003e+02 7.543417653215851650e-05 8.306075031791411737e-05
2.878912634408602003e+02 7.525387836828226261e-05 8.291064770671435747e-05
2.880162634408602003e+02 7.507390254236415953e-05 8.276076221719166676e-05
2.881412634408602003e+02 7.489424887114666399e-05 8.261109361983986609e-05
2.882662634408602003e+02 7.471491717009143762e-05 8.246164168567484678e-05
2.883912634408602003e+02 7.453590725337723270e-05 8.231240618623003049e-05
2.885162634408602003e+02 7.435721893390828121e-05 8.216338689355185624e-05
2.886412634408602003e+02 7.417885202331123194e-05 8.201458358019456270e-05
2.887662634408602003e+02 7.400080633194390544e-05 8.186599601921429282e-05
2.888912634408602003e+02 7.382308166889517203e-05 8.171762398416643756e-05
2.890162634408602003e+02 7.364567784198713376e-05 8.156946724909866985e-05
2.891412634408602003e+02 7.346859465778183293e-05 8.142152558854728547e-05
2.892662634408602003e+02 7.329183192157962576e-05 8.127379877753334052e-05
2.893912634408602003e+02 7.311538943742773404e-05 8.112628659155611912e-05
2.895162634408602003e+02 7.293926700811958108e-05 8.097898880658960978e-05
2.896412634408602003e+02 7.276346443519766483e-05 8.083190519907766712e-05
2.897662634408602003e+02 7.258798151896049674e-05 8.068503554593025782e-05
2.898912634408602003e+02 7.241281805846139566e-05 8.053837962451732132e-05
2.900162634408602003e+02 7.223797385151567061e-05 8.039193721266525976e-05
2.901412634408602003e+02 7.206344869470173212e-05 8.024570808865288572e-05
2.902662634408602003e+02 7.188924238336599824e-05 8.009969203120589280e-05
2.903912634408602003e+02 7.171535471162187811e-05 7.995388881949358950e-05
2.905162634408602003e+02 7.154178547236028868e-05 7.980829823312307158e-05
2.906412634408602003e+02 7.136853445724787939e-05 7.966292005213702660e-05
2.907662634408602003e+02 7.119560145673207367e-05 7.951775405700729641e-05
2.908912634408602003e+02 7.102298626004625956e-05 7.937280002863171947e-05
2.910162634408602003e+02 7.085068865520687594e-05 7.922805774833028192e-05
2.911412634408602003e+02 7.067870842902639582e-05 7.908352699783965586e-05
2.912662634408602003e+02 7.050704536711024993e-05 7.893920755930981131e-05
2.913912634408602003e+02 7.033569925386228840e-05 7.879509921530027561e-05
2.915162634408602003e+02 7.016466987248937506e-05 7.865120174877537657e-05
2.916412634408602003e+02 6.999395700500260714e-05 7.850751494309975652e-05
2.917662634408602003e+02 6.982356043222250595e-05 7.836403858203574318e-05
2.918912634408602003e+02 6.965347993378382795e-05 7.822077244973848424e-05
2.920162634408602003e+02 6.948371528813830243e-05 7.807771633075155638e-05
2.921412634408602003e+02 6.931426627255604092e-05 7.793487001000352292e-05
2.922662634408602003e+02 6.914513266313412952e-05 7.779223327280454568e-05
2.923912634408602003e+02 6.897631423479496195e-05 7.764980590484137058e-05
2.925162634408602003e+02 6.880781076129468274e-05 7.750758769217384458e-05
2.926412634408602003e+02 6.863962201522526079e-05 7.736557842123239495e-05
2.927662634408602003e+02 6.847174776801616988e-05 7.722377787881218813e-05
2.928912634408602003e+02 6.830418778994279123e-05 7.708218585207028369e-05
2.930162634408602003e+02 6.813694185012531576e-05 7.694080212852205647e-05
2.931412634408602003e+02 6.797000971653682137e-05 7.679962649603812015e-05
2.932662634408602003e+02 6.780339115600537362e-05 7.665865874283893334e-05
2.933912634408602003e+02 6.763708593421684462e-05 7.651789865749226527e-05
2.935162634408602003e+02 6.747109381572106589e-05 7.637734602891002448e-05
2.936412634408602003e+02 6.730541456393533846e-05 7.623700064634346125e-05
2.937662634408602003e+02 6.714004794114624894e-05 7.609686229938037577e-05
2.938912634408602003e+02 6.697499370851732665e-05 7.595693077794196039e-05
2.940162634408602003e+02 6.681025162608926048e-05 7.581720587227805625e-05
2.941412634408602003e+02 6.664582145278709531e-05 7.567768737296479511e-05
2.942662634408602003e+02 6.648170294642351166e-05 7.553837507090057431e-05
2.943912634408602003e+02 6.631789586370072311e-05 7.539926875730333265e-05
2.945162634408602003e+02 6.615439996021713054e-05 7.526036822370603743e-05
2.946412634408602003e+02 6.599121499047115754e-05 7.512167326195389263e-05
2.947662634408602003e+02 6.582834070786421836e-05 7.498318366420211629e-05
2.948912634408602003e+02 6.566577686470600344e-05 7.484489922291070920e-05
2.950162634408602003e+02 6.550352321221876201e-05 7.470681973084185290e-05
2.951412634408602003e+02 6.534157950053785769e-05 7.456894498105768698e-05
2.952662634408602003e+02 6.517994547872240729e-05 7.443127476691559284e-05
2.953912634408602003e+02 6.501862089475468447e-05 7.429380888206593041e-05
2.955162634408602003e+02 6.485760549554616414e-05 7.415654712044839254e-05
2.956412634408602003e+02 6.469689902694204906e-05 7.401948927628963326e-05
2.957662634408602003e+02 6.453650123372189321e-05 7.388263514409894458e-05
2.958912634408602003e+02 6.437641185961002371e-05 7.374598451866591186e-05
2.960162634408602003e+02 6.421663064727570344e-05 7.360953719505790663e-05
2.961412634408602003e+02 6.405715733833844362e-05 7.347329296861557354e-05
2.962662634408602003e+02 6.389799167337139197e-05 7.333725163495078401e-05
2.963912634408602003e+02 6.373913339190810895e-05 7.320141298994404762e-05
2.965162634408602003e+02 6.358058223244343512e-05 7.306577682974054128e-05
2.966412634408602003e+02 6.342233793244125676e-05 7.293034295074756130e-05
2.967662634408602003e+02 6.326440022833744676e-05 7.279511114963174516e-05
2.968912634408602003e+02 6.310676885554273772e-05 7.266008122331645588e-05
2.970162634408602003e+02 6.294944354845006748e-05 7.252525296897829898e-05
2.971412634408602003e+02 6.279242404043615118e-05 7.239062618404426292e-05
2.972662634408602003e+02 6.263571006386829817e-05 7.225620066619003860e-05
2.973912634408602003e+02 6.247930135010792215e-05 7.212197621333566898e-05
2.975162634408602003e+02 6.232319762951299413e-05 7.198795262364352974e-05
2.976412634408602003e+02 6.216739863144664835e-05 7.185412969551624224e-05
2.977662634408602003e+02 6.201190408427711444e-05 7.172050722759294652e-05
2.978912634408602003e+02 6.185671371538637754e-05 7.158708501874667214e-05
2.980162634408602003e+02 6.170182725117073395e-05 7.145386286808193938e-05
2.981412634408602003e+02 6.154724441704851603e-05 7.132084057493311938e-05
2.982662634408602003e+02 6.139296493746292474e-05 7.118801793885954168e-05
2.983912634408602003e+02 6.123898853588739637e-05 7.105539475964455908e-05
2.985162634408602003e+02 6.108531493482829955e-05 7.092297083729328440e-05
2.986412634408602003e+02 6.093194385583097290e-05 7.079074597202864667e-05
2.987662634408602003e+02 6.077887501948518663e-05 7.065871996428976483e-05
2.988912634408602003e+02 6.062610814542765663e-05 7.052689261472914236e-05
2.990162634408602003e+02 6.047364295234833277e-05 7.039526372421060730e-05
2.991412634408602003e+02 6.032147915799275029e-05 7.026383309380576148e-05
2.992662634408602003e+02 6.016961647916823009e-05 7.013260052479364172e-05
2.993912634408602003e+02 6.001805463174900835e-05 7.000156581865619326e-05
2.995162634408602003e+02 5.986679333067938070e-05 6.987072877707631822e-05
2.996412634408602003e+02 5.971583228997962473e-05 6.974008920193615444e-05
2.997662634408602003e+02 5.956517122274871041e-05 6.960964689531469018e-05
2.998912634408602003e+02 5.941480984116993803e-05 6.947940165948499947e-05
3.000162634408602003e+02 5.926474785651667085e-05 6.934935329691185684e-05
3.001412634408602003e+02 5.911498497915551321e-05 6.921950161024977217e-05
3.002662634408602003e+02 5.896552091855166377e-05 6.908984640234106629e-05
3.003912634408602003e+02 5.881635538327237815e-05 6.896038747621278096e-05
3.005162634408602003e+02 5.866748808099231545e-05 6.883112463507480865e-05
3.006412634408602003e+02 5.851891871849927772e-05 6.870205768231832041e-05
3.007662634408602003e+02 5.837064700169740156e-05 6.857318642151258108e-05
3.008912634408602003e+02 5.822267263561258595e-05 6.844451065640292991e-05
3.010162634408602003e+02 5.807499532439564996e-05 6.831603019091006231e-05
3.011412634408602003e+02 5.792761477132977310e-05 6.818774482912572012e-05
3.012662634408602003e+02 5.778053067883185735e-05 6.805965437531227152e-05
3.013912634408602003e+02 5.763374274846053667e-05 6.793175863389940418e-05
3.015162634408602003e+02 5.748725068091744422e-05 6.780405740948384065e-05
3.016412634408602003e+02 5.734105417605499147e-05 6.767655050682516423e-05
3.017662634408602003e+02 5.719515293287947850e-05 6.754923773084492444e-05
3.018912634408602003e+02 5.704954664955482776e-05 6.742211888662514631e-05
3.020162634408602003e+02 5.690423502341017344e-05 6.729519377940509125e-05
3.021412634408602003e+02 5.675921775094056623e-05 6.716846221457995608e-05
3.022662634408602003e+02 5.661449452781589767e-05 6.704192399769962616e-05
3.023912634408602003e+02 5.647006504888300074e-05 6.691557893446517882e-05
3.025162634408602003e+02 5.632592900816981731e-05 6.678942683072813802e-05
3.026412634408602003e+02 5.618208609889268940e-05 6.666346749248834656e-05
3.027662634408602003e+02 5.603853601345803288e-05 6.653770072589239401e-05
3.028912634408602003e+02 5.589527844346981849e-05 6.641212633723074358e-05
3.030162634408602003e+02 5.575231307973235013e-05 6.628674413293685118e-05
3.031412634408602003e+02 5.560963961225667514e-05 6.616155391958557978e-05
3.032662634408602003e+02 5.546725773026166858e-05 6.603655550389033986e-05
3.033912634408602003e+02 5.532516712218371645e-05 6.591174869270197806e-05
3.035162634408602003e+02 5.518336747567822683e-05 6.578713329300744906e-05
3.036412634408602003e+02 5.504185847762515930e-05 6.566270911192686110e-05
3.037662634408602003e+02 5.490063981413447982e-05 6.553847595671323208e-05
3.038912634408602003e+02 5.475971117054755669e-05 6.541443363474923692e-05
3.040162634408602003e+02 5.461907223144695216e-05 6.529058195354734307e-05
3.041412634408602003e+02 5.447872268065764905e-05 6.516692072074612427e-05
3.042662634408602003e+02 5.433866220125286466e-05 6.504344974411007080e-05
3.043912634408602003e+02 5.419889047555887559e-05 6.492016883152792247e-05
3.045162634408602003e+02 5.405940718515858873e-05 6.479707779101010726e-05
3.046412634408602003e+02 5.392021201089711142e-05 6.467417643068754866e-05
3.047662634408602003e+02 5.378130463288751122e-05 6.455146455881105583e-05
3.048912634408602003e+02 5.364268473051423796e-05 6.442894198374824713e-05
3.050162634408602003e+02 5.350435198243685069e-05 6.430660851398291322e-05
3.051412634408602003e+02 5.336630606659766127e-05 6.418446395811263174e-05
3.052662634408602003e+02 5.322854666022304898e-05 6.406250812484968896e-05
3.053912634408602003e+02 5.309107343983107029e-05 6.394074082301605172e-05
3.055162634408602003e+02 5.295388608123505702e-05 6.381916186154424839e-05
3.056412634408602003e+02 5.281698425954664533e-05 6.369777104947557992e-05
3.057662634408602003e+02 5.268036764918421222e-05 6.357656819595791078e-05
3.058912634408602003e+02 5.254403592387321426e-05 6.345555311024477451e-05
3.060162634408602003e+02 5.240798875665470544e-05 6.333472560169456052e-05
3.061412634408602003e+02 5.227222581988810859e-05 6.321408547976774945e-05
3.062662634408602003e+02 5.213674678525522020e-05 6.309363255402654716e-05
3.063912634408602003e+02 5.200155132376702732e-05 6.297336663413296036e-05
3.065162634408602003e+02 5.186663910576717700e-05 6.285328752984843063e-05
3.066412634408602003e+02 5.173200980093610983e-05 6.273339505103100197e-05
3.067662634408602003e+02 5.159766307829617601e-05 6.261368900763502265e-05
3.068912634408602003e+02 5.146359860621754426e-05 6.249416920971003386e-05
3.070162634408602003e+02 5.132981605242135952e-05 6.237483546739834388e-05
3.071412634408602003e+02 5.119631508398524535e-05 6.225568759093510931e-05
3.072662634408602003e+02 5.106309536734689528e-05 6.213672539064578728e-05
3.073912634408602003e+02 5.093015656830985298e-05 6.201794867694618958e-05
3.075162634408602003e+02 5.079749835204820825e-05 6.189935726034027366e-05
3.076412634408602003e+02 5.066512038311058819e-05 6.178095095141904484e-05
3.077662634408602003e+02 5.053302232542518520e-05 6.166272956086016332e-05
3.078912634408602003e+02 5.040120384230503572e-05 6.154469289942564021e-05
3.080162634408602003e+02 5.026966459644980235e-05 6.142684077796122769e-05
3.081412634408602003e+02 5.013840424995484049e-05 6.130917300739559229e-05
3.082662634408602003e+02 5.000742246431289244e-05 6.119168939873856664e-05
3.083912634408602003e+02 4.987671890041960325e-05 6.107438976308024144e-05
3.085162634408602003e+02 4.974629321857751196e-05 6.095727391158962374e-05
3.086412634408602003e+02 4.961614507850107956e-05 6.084034165551444046e-05
3.087662634408602003e+02 4.948627413932213035e-05 6.072359280617898350e-05
3.088912634408602003e+02 4.935668005959339592e-05 6.060702717498315433e-05
3.090162634408602003e+02 4.922736249729375320e-05 6.049064457340250461e-05
3.091412634408602003e+02 4.909832110983163971e-05 6.037444481298572224e-05
3.092662634408602003e+02 4.896955555405202632e-05 6.025842770535422472e-05
3.093912634408602003e+02 4.884106548623794869e-05 6.014259306220176620e-05
3.095162634408602003e+02 4.871285056211802891e-05 6.002694069529249262e-05
3.096412634408602003e+02 4.858491043686979591e-05 5.991147041646012185e-05
3.097662634408602003e+02 4.845724476512280925e-05 5.979618203760723213e-05
3.098912634408602003e+02 4.832985320096675684e-05 5.968107537070472000e-05
3.100162634408602003e+02 4.820273539795196308e-05 5.956615022778969287e-05
3.101412634408602003e+02 4.807589100909733068e-05 5.945140642096529283e-05
3.102662634408602003e+02 4.794931968689342388e-05 5.933684376240000549e-05
3.103912634408602003e+02 4.782302108330612758e-05 5.922246206432606755e-05
3.105162634408602003e+02 4.769699484978349817e-05 5.910826113903878238e-05
3.106412634408602003e+02 4.757124063725779643e-05 5.899424079889622189e-05
3.107662634408602003e+02 4.744575809615254837e-05 5.888040085631743081e-05
3.108912634408602003e+02 4.732054687638427993e-05 5.876674112378203367e-05
3.110162634408602003e+02 4.719560662736980154e-05 5.865326141382936064e-05
3.111412634408602003e+02 4.707093699802895241e-05 5.853996153905784448e-05
3.112662634408602003e+02 4.694653763679007585e-05 5.842684131212333323e-05
3.113912634408602003e+02 4.682240819159327855e-05 5.831390054573965263e-05
3.115162634408602003e+02 4.669854830989593301e-05 5.820113905267661393e-05
3.116412634408602003e+02 4.657495763867741407e-05 5.808855664575949884e-05
3.117662634408602003e+02 4.645163582444304272e-05 5.797615313786835486e-05
3.118912634408602003e+02 4.632858251322874817e-05 5.786392834193774452e-05
3.120162634408602003e+02 4.620579735060499133e-05 5.775188207095503779e-05
3.121412634408602003e+02 4.608327998168160980e-05 5.764001413796035104e-05
3.122662634408602003e+02 4.596103005111304917e-05 5.752832435604538836e-05
3.123912634408602003e+02 4.583904720310171048e-05 5.741681253835340088e-05
3.125162634408602003e+02 4.571733108140336446e-05 5.730547849807747913e-05
3.126412634408602003e+02 4.559588132933012632e-05 5.719432204846040401e-05
3.127662634408602003e+02 4.547469758975589707e-05 5.708334300279454507e-05
3.128912634408602003e+02 4.535377950512135765e-05 5.697254117441982773e-05
3.130162634408602003e+02 4.523312671743725540e-05 5.686191637672395680e-05
3.131412634408602003e+02 4.511273886828960145e-05 5.675146842314198966e-05
3.132662634408602003e+02 4.499261559884321473e-05 5.664119712715482509e-05
3.133912634408602003e+02 4.487275654984647887e-05 5.653110230228928460e-05
3.135162634408602003e+02 4.475316136163647865e-05 5.642118376211693339e-05
3.136412634408602003e+02 4.463382967414254395e-05 5.631144132025423616e-05
3.137662634408602003e+02 4.451476112689089831e-05 5.620187479036116803e-05
3.138912634408602003e+02 4.439595535900825029e-05 5.609248398614071981e-05
3.140162634408602003e+02 4.427741200922800057e-05 5.598326872133914877e-05
3.141412634408602003e+02 4.415913071589201732e-05 5.587422880974417613e-05
3.142662634408602003e+02 4.404111111695766320e-05 5.576536406518502095e-05
3.143912634408602003e+02 4.392335284999969268e-05 5.565667430153245433e-05
3.145162634408602003e+02 4.380585555221643202e-05 5.554815933269700374e-05
3.146412634408602003e+02 4.368861886043335713e-05 5.543981897262933919e-05
3.147662634408602003e+02 4.357164241110649525e-05 5.533165303531912134e-05
3.148912634408602003e+02 4.345492584032865235e-05 5.522366133479553679e-05
3.150162634408602003e+02 4.333846878383153408e-05 5.511584368512540750e-05
3.151412634408602003e+02 4.322227087699202059e-05 5.500819990041343476e-05
3.152662634408602003e+02 4.310633175483532430e-05 5.490072979480208396e-05
3.153912634408602003e+02 4.299065105203860840e-05 5.479343318247021581e-05
3.155162634408602003e+02 4.287522840293721423e-05 5.468630987763333027e-05
3.156412634408602003e+02 4.276006344152645023e-05 5.457935969454244171e-05
3.157662634408602003e+02 4.264515580146804294e-05 5.447258244748467521e-05
3.158912634408602003e+02 4.253050511609296269e-05 5.436597795078161989e-05
3.160162634408602003e+02 4.241611101840666844e-05 5.425954601878960005e-05
3.161412634408602003e+02 4.230197314109103901e-05 5.415328646589935661e-05
3.162662634408602003e+02 4.218809111651167790e-05 5.404719910653508488e-05
3.163912634408602003e+02 4.207446457672019011e-05 5.394128375515419745e-05
3.165162634408602003e+02 4.196109315345873577e-05 5.383554022624756808e-05
3.166412634408602003e+02 4.184797647816458383e-05 5.372996833433824423e-05
3.167662634408602003e+02 4.173511418197242950e-05 5.362456789398154194e-05
3.168912634408602003e+02 4.162250589572151613e-05 5.351933871976442239e-05
3.170162634408602003e+02 4.151015124995766808e-05 5.341428062630568843e-05
3.171412634408602003e+02 4.139804987493788502e-05 5.330939342825496134e-05
3.172662634408602003e+02 4.128620140063485495e-05 5.320467694029224040e-05
3.173912634408602003e+02 4.117460545674020000e-05 5.310013097712906163e-05
3.175162634408602003e+02 4.106326167266883355e-05 5.299575535350601089e-05
3.176412634408602003e+02 4.095216967756419834e-05 5.289154988419353024e-05
3.177662634408602003e+02 4.084132910030099727e-05 5.278751438399209415e-05
3.178912634408602003e+02 4.073073956948906942e-05 5.268364866773076616e-05
3.180162634408602003e+02 4.062040071347904145e-05 5.257995255026763929e-05
3.181412634408602003e+02 4.051031216036410978e-05 5.247642584648921270e-05
3.182662634408602003e+02 4.040047353798632216e-05 5.237306837131076431e-05
3.183912634408602003e+02 4.029088447393932209e-05 5.226987993967501591e-05
3.185162634408602003e+02 4.018154459557191310e-05 5.216686036655249908e-05
3.186412634408602003e+02 4.007245352999347978e-05 5.206400946694170428e-05
3.187662634408602003e+02 3.996361090407713195e-05 5.196132705586773234e-05
3.188912634408602003e+02 3.985501634446305216e-05 5.185881294838297887e-05
3.190162634408602003e+02 3.974666947756412674e-05 5.175646695956673450e-05
3.191412634408602003e+02 3.963856992956784318e-05 5.165428890452455462e-05
3.192662634408602003e+02 3.953071732644218545e-05 5.155227859838825945e-05
3.193912634408602003e+02 3.942311129393845294e-05 5.145043585631590689e-05
3.195162634408602003e+02 3.931575145759514327e-05 5.134876049349160280e-05
3.196412634408602003e+02 3.920863744274186895e-05 5.124725232512483691e-05
3.197662634408602003e+02 3.910176887450422274e-05 5.114591116645053707e-05
3.198912634408602003e+02 3.899514537780646108e-05 5.104473683272935379e-05
3.200162634408602003e+02 3.888876657737617287e-05 5.094372913924682006e-05
3.201412634408602003e+02 3.878263209774728145e-05 5.084288790131318188e-05
3.202662634408602003e+02 3.867674156326459815e-05 5.074221293426406913e-05
3.203912634408602003e+02 3.857109459808765096e-05 5.064170405345922842e-05
3.205162634408602003e+02 3.846569082619439786e-05 5.054136107428314651e-05
3.206412634408602003e+02 3.836052987138480473e-05 5.044118381214447429e-05
3.207662634408602003e+02 3.825561135728533800e-05 5.034117208247645373e-05
3.208912634408602003e+02 3.815093490735085521e-05 5.024132570073599628e-05
3.210162634408602003e+02 3.804650014487122545e-05 5.014164448240400137e-05
3.211412634408602003e+02 3.794230669297312503e-05 5.004212824298568166e-05
3.212662634408602003e+02 3.783835417462460475e-05 4.994277679800939075e-05
3.213912634408602003e+02 3.773464221263816623e-05 4.984358996302734146e-05
3.215162634408602003e+02 3.763117042967470578e-05 4.974456755361541610e-05
3.216412634408602003e+02 3.752793844824806800e-05 4.964570938537278701e-05
3.217662634408602003e+02 3.742494589072781051e-05 4.954701527392193686e-05
3.218912634408602003e+02 3.732219237934349332e-05 4.944848503490855026e-05
3.220162634408602003e+02 3.721967753618740969e-05 4.935011848400185932e-05
3.221412634408602003e+02 3.711740098321976992e-05 4.925191543689391862e-05
3.222662634408602003e+02 3.701536234227070039e-05 4.915387570929984236e-05
3.223912634408602003e+02 3.691356123504549517e-05 4.905599911695802799e-05
3.225162634408602003e+02 3.681199728312739425e-05 4.895828547562949888e-05
3.226412634408602003e+02 3.671067010798066677e-05 4.886073460109829062e-05
3.227662634408602003e+02 3.660957933095599812e-05 4.876334630917166104e-05
3.228912634408602003e+02 3.650872457329180459e-05 4.866612041567927030e-05
3.230162634408602003e+02 3.640810545612016254e-05 4.856905673647377041e-05
3.231412634408602003e+02 3.630772160046819079e-05 4.847215508743050034e-05
3.232662634408602003e+02 3.620757262726351905e-05 4.837541528444797386e-05
3.233912634408602003e+02 3.610765815733686293e-05 4.827883714344689700e-05
3.235162634408602003e+02 3.600797781142523585e-05 4.818242048037134714e-05
3.236412634408602003e+02 3.590853121017673988e-05 4.808616511118788528e-05
3.237662634408602003e+02 3.580931797415249696e-05 4.799007085188576615e-05
3.238912634408602003e+02 3.571033772383167692e-05 4.789413751847716179e-05
3.240162634408602003e+02 3.561159007961420118e-05 4.779836492699689730e-05
3.241412634408602003e+02 3.551307466182436804e-05 4.770275289350297935e-05
3.242662634408602003e+02 3.541479109071408500e-05 4.760730123407590507e-05
3.243912634408602003e+02 3.531673898646649402e-05 4.751200976481918375e-05
3.245162634408602003e+02 3.521891796919994244e-05 4.741687830185951306e-05
3.246412634408602003e+02 3.512132765897078835e-05 4.732190666134610820e-05
3.247662634408602003e+02 3.502396767577747985e-05 4.722709465945136597e-05
3.248912634408602003e+02 3.492683763956219500e-05 4.713244211237102062e-05
3.250162634408602003e+02 3.482993717021697425e-05 4.703794883632368983e-05
3.251412634408602003e+02 3.473326588758521803e-05 4.694361464755119321e-05
3.252662634408602003e+02 3.463682341146547472e-05 4.684943936231851166e-05
3.253912634408602003e+02 3.454060936161542500e-05 4.675542279691430233e-05
3.255162634408602003e+02 3.444462335775400291e-05 4.666156476765031586e-05
3.256412634408602003e+02 3.434886501956565809e-05 4.656786509086180301e-05
3.257662634408602003e+02 3.425333396670384551e-05 4.647432358290792115e-05
3.258912634408602003e+02 3.415802981879379705e-05 4.638094006017105673e-05
3.260162634408602003e+02 3.406295219543626192e-05 4.628771433905744183e-05
3.261412634408602003e+02 3.396810071621015622e-05 4.619464623599754048e-05
3.262662634408602003e+02 3.387347500067632375e-05 4.610173556744543875e-05
3.263912634408602003e+02 3.377907466838110710e-05 4.600898214987927845e-05
3.265162634408602003e+02 3.368489933885910562e-05 4.591638579980137909e-05
3.266412634408602003e+02 3.359094863163678034e-05 4.582394633373869868e-05
3.267662634408602003e+02 3.349722216623479183e-05 4.573166356824228486e-05
3.268912634408602003e+02 3.340371956217290617e-05 4.563953731988763400e-05
3.270162634408602003e+02 3.331044043897135023e-05 4.554756740527536211e-05
3.271412634408602003e+02 3.321738441615559574e-05 4.545575364103045940e-05
3.272662634408602003e+02 3.312455111325822947e-05 4.536409584380307635e-05
3.273912634408602003e+02 3.303194014982312746e-05 4.527259383026846951e-05
3.275162634408602003e+02 3.293955114540840268e-05 4.518124741712705567e-05
3.276412634408602003e+02 3.284738371958874283e-05 4.509005642110457454e-05
3.277662634408602003e+02 3.275543749195998435e-05 4.499902065895233945e-05
3.278912634408602003e+02 3.266371208214067091e-05 4.490813994744758292e-05
3.280162634408602003e+02 3.257220710977647837e-05 4.481741410339307722e-05
3.281412634408602003e+02 3.248092219454288459e-05 4.472684294361770356e-05
3.282662634408602003e+02 3.238985695614750044e-05 4.463642628497666216e-05
3.283912634408602003e+02 3.229901101433466418e-05 4.454616394435138415e-05
3.285162634408602003e+02 3.220838398888673567e-05 4.445605573864982974e-05
3.286412634408602003e+02 3.211797549962879910e-05 4.436610148480681347e-05
3.287662634408602003e+02 3.202778516643075012e-05 4.427630099978393645e-05
3.288912634408602003e+02 3.193781260921080587e-05 4.418665410056989807e-05
3.290162634408602003e+02 3.184805744793729401e-05 4.409716060418058408e-05
3.291412634408602003e+02 3.175851930263367385e-05 4.400782032765964937e-05
3.292662634408602003e+02 3.166919779338008814e-05 4.391863308807814525e-05
3.293912634408602003e+02 3.158009254031677156e-05 4.382959870253472955e-05
3.295162634408602003e+02 3.149120316364731684e-05 4.374071698815709637e-05
3.296412634408602003e+02 3.140252928364024686e-05 4.365198776210028203e-05
3.297662634408602003e+02 3.131407052063402911e-05 4.356341084154800002e-05
3.298912634408602003e+02 3.122582649503872907e-05 4.347498604371308141e-05
3.300162634408602003e+02 3.113779682733904599e-05 4.338671318583689891e-05
3.301412634408602003e+02 3.104998113809764003e-05 4.329859208518996316e-05
3.302662634408602003e+02 3.096237904795726679e-05 4.321062255907226154e-05
3.303912634408602003e+02 3.087499017764426708e-05 4.312280442481348180e-05
3.305162634408602003e+02 3.078781414797164334e-05 4.303513749977297816e-05
3.306412634408602003e+02 3.070085057984150588e-05 4.294762160134005594e-05
3.307662634408602003e+02 3.061409909424744457e-05 4.286025654693472370e-05
3.308912634408602003e+02 3.052755931227868269e-05 4.277304215400711050e-05
3.310162634408602003e+02 3.044123085512133052e-05 4.268597824003810286e-05
3.311412634408602003e+02 3.035511334406261377e-05 4.259906462253998849e-05
3.312662634408602003e+02 3.026920640049295385e-05 4.251230111905607008e-05
3.313912634408602003e+02 3.018350964590832942e-05 4.242568754716107861e-05
3.315162634408602003e+02 3.009802270191408127e-05 4.233922372446151221e-05
3.316412634408602003e+02 3.001274519022707730e-05 4.225290946859619853e-05
3.317662634408602003e+02 2.992767673267813846e-05 4.216674459723595598e-05
3.318912634408602003e+02 2.984281695121575553e-05 4.208072892808411550e-05
3.320162634408602003e+02 2.975816546790750872e-05 4.199486227887706260e-05
3.321412634408602003e+02 2.967372190494404872e-05 4.190914446738400027e-05
3.322662634408602003e+02 2.958948588464116691e-05 4.182357531140761978e-05
3.323912634408602003e+02 2.950545702944230590e-05 4.173815462878404650e-05
3.325162634408602003e+02 2.942163496192135813e-05 4.165288223738364623e-05
3.326412634408602003e+02 2.933801930478580335e-05 4.156775795511050348e-05
3.327662634408602003e+02 2.925460968087887693e-05 4.148278159990341079e-05
3.328912634408602003e+02 2.917140571318239562e-05 4.139795298973591612e-05
3.330162634408602003e+02 2.908840702481905132e-05 4.131327194261641780e-05
3.331412634408602003e+02 2.900561323905527739e-05 4.122873827658851681e-05
3.332662634408602003e+02 2.892302397930417266e-05 4.114435180973174868e-05
3.333912634408602003e+02 2.884063886912753428e-05 4.106011236016126497e-05
3.335162634408602003e+02 2.875845753223877830e-05 4.097601974602834828e-05
3.336412634408602003e+02 2.867647959250557563e-05 4.089207378552073074e-05
3.337662634408602003e+02 2.859470467395142077e-05 4.080827429686311575e-05
3.338912634408602003e+02 2.851313240075980255e-05 4.072462109831715094e-05
3.340162634408602003e+02 2.843176239727565090e-05 4.064111400818163814e-05
3.341412634408602003e+02 2.835059428800821337e-05 4.055775284479333986e-05
3.342662634408602003e+02 2.826962769763317272e-05 4.047453742652685045e-05
3.343912634408602003e+02 2.818886225099537772e-05 4.039146757179484012e-05
3.345162634408602003e+02 2.810829757311174342e-05 4.030854309904901032e-05
3.346412634408602003e+02 2.802793328917305363e-05 4.022576382677959237e-05
3.347662634408602003e+02 2.794776902454695265e-05 4.014312957351611312e-05
3.348912634408602003e+02 2.786780440477961898e-05 4.006064015782752374e-05
3.350162634408602003e+02 2.778803905559932967e-05 3.997829539832299927e-05
3.351412634408602003e+02 2.770847260291767322e-05 3.989609511365148467e-05
3.352662634408602003e+02 2.762910467283294456e-05 3.981403912250238596e-05
3.353912634408602003e+02 2.754993489163219819e-05 3.973212724360617332e-05
3.355162634408602003e+02 2.747096288579306086e-05 3.965035929573444207e-05
3.356412634408602003e+02 2.739218828198729252e-05 3.956873509770000077e-05
3.357662634408602003e+02 2.731361070708177900e-05 3.948725446835767757e-05
3.358912634408602003e+02 2.723522978814223525e-05 3.940591722660427283e-05
3.360162634408602003e+02 2.715704515243424889e-05 3.932472319137903340e-05
3.361412634408602003e+02 2.707905642742665142e-05 3.924367218166397792e-05
3.362662634408602003e+02 2.700126324079327324e-05 3.916276401648445922e-05
3.363912634408602003e+02 2.692366522041555931e-05 3.908199851490904916e-05
3.365162634408602003e+02 2.684626199438436823e-05 3.900137549605006714e-05
3.366412634408602003e+02 2.676905319100252013e-05 3.892089477906420354e-05
3.367662634408602003e+02 2.669203843878741229e-05 3.884055618315247906e-05
3.368912634408602003e+02 2.661521736647283522e-05 3.876035952756067161e-05
3.370162634408602003e+02 2.653858960301144255e-05 3.868030463157989910e-05
3.371412634408602003e+02 2.646215477757667215e-05 3.860039131454659906e-05
3.372662634408602003e+02 2.638591251956503647e-05 3.852061939584320633e-05
3.373912634408602003e+02 2.630986245859884664e-05 3.844098869489820044e-05
3.375162634408602003e+02 2.623400422452781499e-05 3.836149903118679004e-05
3.376412634408602003e+02 2.615833744743179952e-05 3.828215022423095355e-05
3.377662634408602003e+02 2.608286175762166781e-05 3.820294209359993383e-05
3.378912634408602003e+02 2.600757678564339330e-05 3.812387445891078706e-05
3.380162634408602003e+02 2.593248216227878034e-05 3.804494713982825398e-05
3.381412634408602003e+02 2.585757751854811371e-05 3.796615995606542396e-05
3.382662634408602003e+02 2.578286248571241512e-05 3.788751272738437878e-05
3.383912634408602003e+02 2.570833669527491705e-05 3.780900527359592832e-05
3.385162634408602003e+02 2.563399977898371226e-05 3.773063741456036274e-05
3.386412634408602003e+02 2.555985136883395269e-05 3.765240897018761509e-05
3.387662634408602003e+02 2.548589109706959435e-05 3.757431976043811516e-05
3.388912634408602003e+02 2.541211859618568093e-05 3.749636960532240319e-05
3.390162634408602003e+02 2.533853349893002769e-05 3.741855832490193629e-05
3.391412634408602003e+02 2.526513543830551182e-05 3.734088573928963047e-05
3.392662634408602003e+02 2.519192404757244756e-05 3.726335166864973200e-05
3.393912634408602003e+02 2.511889896025019554e-05 3.718595593319838649e-05
3.395162634408602003e+02 2.504605981011896187e-05 3.710869835320443181e-05
3.396412634408602003e+02 2.497340623122240702e-05 3.703157874898903892e-05
3.397662634408602003e+02 2.490093785786931616e-05 3.695459694092655210e-05
3.398912634408602003e+02 2.482865432463526951e-05 3.687775274944467193e-05
3.400162634408602003e+02 2.475655526636534945e-05 3.680104599502516003e-05
3.401412634408602003e+02 2.468464031817519763e-05 3.672447649820371709e-05
3.402662634408602003e+02 2.461290911545379662e-05 3.664804407957057236e-05
3.403912634408602003e+02 2.454136129386498102e-05 3.657174855977113424e-05
3.405162634408602003e+02 2.446999648934906037e-05 3.649558975950589534e-05
3.406412634408602003e+02 2.439881433812555675e-05 3.641956749953108308e-05
3.407662634408602003e+02 2.432781447669412299e-05 3.634368160065894421e-05
3.408912634408602003e+02 2.425699654183731754e-05 3.626793188375832764e-05
3.410162634408602003e+02 2.418636017062196649e-05 3.619231816975469794e-05
3.411412634408602003e+02 2.411590500040103381e-05 3.611684027963080624e-05
3.412662634408602003e+02 2.404563066881551536e-05 3.604149803442707642e-05
3.413912634408602003e+02 2.397553681379654625e-05 3.596629125524173390e-05
3.415162634408602003e+02 2.390562307356697635e-05 3.589121976323119187e-05
3.416412634408602003e+02 2.383588908664323379e-05 3.581628337961118973e-05
3.417662634408602003e+02 2.376633449183736117e-05 3.574148192565602733e-05
3.418912634408602003e+02 2.369695892825787278e-05 3.566681522269961530e-05
3.420162634408602003e+02 2.362776203531302419e-05 3.559228309213569193e-05
3.421412634408602003e+02 2.355874345271154741e-05 3.551788535541853463e-05
3.422662634408602003e+02 2.348990282046468041e-05 3.544362183406274310e-05
3.423912634408602003e+02 2.342123977888822711e-05 3.536949234964403897e-05
3.425162634408602003e+02 2.335275396860326210e-05 3.529549672379974007e-05
3.426412634408602003e+02 2.328444503053933920e-05 3.522163477822871984e-05
3.427662634408602003e+02 2.321631260593518944e-05 3.514790633469207134e-05
3.428912634408602003e+02 2.314835633634080810e-05 3.507431121501375105e-05
3.430162634408602003e+02 2.308057586361916578e-05 3.500084924108037555e-05
3.431412634408602003e+02 2.301297082994750937e-05 3.492752023484199404e-05
3.432662634408602003e+02 2.294554087781938822e-05 3.485432401831237289e-05
3.433912634408602003e+02 2.287828565004652775e-05 3.478126041356964624e-05
3.435162634408602003e+02 2.281120478976016096e-05 3.470832924275620072e-05
3.436412634408602003e+02 2.274429794041241761e-05 3.463553032807937349e-05
3.437662634408602003e+02 2.267756474577873314e-05 3.456286349181200782e-05
3.438912634408602003e+02 2.261100484995860426e-05 3.449032855629244635e-05
3.440162634408602003e+02 2.254461789737790303e-05 3.441792534392512063e-05
3.441412634408602003e+02 2.247840353279026597e-05 3.434565367718114061e-05
3.442662634408602003e+02 2.241236140127820202e-05 3.427351337859828794e-05
3.443912634408602003e+02 2.234649114825548453e-05 3.420150427078167999e-05
3.445162634408602003e+02 2.228079241946831341e-05 3.412962617640404766e-05
3.446412634408602003e+02 2.221526486099658905e-05 3.405787891820629787e-05
3.447662634408602003e+02 2.214990811925618238e-05 3.398626231899768292e-05
3.448912634408602003e+02 2.208472184099963620e-05 3.391477620165617998e-05
3.450162634408602003e+02 2.201970567331842848e-05 3.384342038912928390e-05
3.451412634408602003e+02 2.195485926364421238e-05 3.377219470443389203e-05
3.452662634408602003e+02 2.189018225975011055e-05 3.370109897065688020e-05
3.453912634408602003e+02 2.182567430975235158e-05 3.363013301095576000e-05
3.455162634408602003e+02 2.176133506211204874e-05 3.355929664855863135e-05
3.456412634408602003e+02 2.169716416563633848e-05 3.348858970676489404e-05
3.457662634408602003e+02 2.163316126948005406e-05 3.341801200894541708e-05
3.458912634408602003e+02 2.156932602314692163e-05 3.334756337854328416e-05
3.460162634408602003e+02 2.150565807649111198e-05 3.327724363907373937e-05
3.461412634408602003e+02 2.144215707971893799e-05 3.320705261412484454e-05
3.462662634408602003e+02 2.137882268339003707e-05 3.313699012735797390e-05
3.463912634408602003e+02 2.131565453841881793e-05 3.306705600250788181e-05
3.465162634408602003e+02 2.125265229607605297e-05 3.299725006338323816e-05
3.466412634408602003e+02 2.118981560798952881e-05 3.292757213386729914e-05
3.467662634408602003e+02 2.112714412614664163e-05 3.285802203791790050e-05
3.468912634408602003e+02 2.106463750289491548e-05 3.278859959956800644e-05
3.470162634408602003e+02 2.100229539094373030e-05 3.271930464292607550e-05
3.471412634408602003e+02 2.094011744336529091e-05 3.265013699217663654e-05
3.472662634408602003e+02 2.087810331359633121e-05 3.258109647158046498e-05
3.473912634408602003e+02 2.081625265543948978e-05 3.251218290547488765e-05
3.475162634408602003e+02 2.075456512306445169e-05 3.244339611827453502e-05
3.476412634408602003e+02 2.069304037100939861e-05 3.237473593447158510e-05
3.477662634408602003e+02 2.063167805418192699e-05 3.230620217863581768e-05
3.478912634408602003e+02 2.057047782786108095e-05 3.223779467541563077e-05
3.480162634408602003e+02 2.050943934769785710e-05 3.216951324953781695e-05
3.481412634408602003e+02 2.044856226971709514e-05 3.210135772580836980e-05
3.482662634408602003e+02 2.038784625031851797e-05 3.203332792911263969e-05
3.483912634408602003e+02 2.032729094627768043e-05 3.196542368441605212e-05
3.485162634408602003e+02 2.026689601474794452e-05 3.189764481676403315e-05
3.486412634408602003e+02 2.020666111326085892e-05 3.182999115128268703e-05
3.487662634408602003e+02 2.014658589972823587e-05 3.176246251317934509e-05
3.488912634408602003e+02 2.008667003244252731e-05 3.169505872774247085e-05
3.490162634408602003e+02 2.002691317007883058e-05 3.162777962034254775e-05
3.491412634408602003e+02 1.996731497169560338e-05 3.156062501643203165e-05
3.492662634408602003e+02 1.990787509673603932e-05 3.149359474154630637e-05
3.493912634408602003e+02 1.984859320502910132e-05 3.142668862130339224e-05
3.495162634408602003e+02 1.978946895679070065e-05 3.135990648140482703e-05
3.496412634408602003e+02 1.973050201262519789e-05 3.129324814763598446e-05
3.497662634408602003e+02 1.967169203352620255e-05 3.122671344586624357e-05
3.498912634408602003e+02 1.961303868087789777e-05 3.116030220204950378e-05
3.500162634408602003e+02 1.955454161645600602e-05 3.109401424222474721e-05
3.501412634408602003e+02 1.949620050242893422e-05 3.102784939251614722e-05
3.502662634408602003e+02 1.943801500135921372e-05 3.096180747913357655e-05
3.503912634408602003e+02 1.937998477620426601e-05 3.089588832837295972e-05
3.505162634408602003e+02 1.932210949031779189e-05 3.083009176661681512e-05
3.506412634408602003e+02 1.926438880745018139e-05 3.076441762033445152e-05
3.507662634408602003e+02 1.920682239175058054e-05 3.069886571608230010e-05
3.508912634408602003e+02 1.914940990776734200e-05 3.063343588050469377e-05
3.510162634408602003e+02 1.909215102044920076e-05 3.056812794033371801e-05
3.511412634408602003e+02 1.903504539514649043e-05 3.050294172238989196e-05
3.512662634408602003e+02 1.897809269761183785e-05 3.043787705358272402e-05
3.513912634408602003e+02 1.892129259400142347e-05 3.037293376091065088e-05
3.515162634408602003e+02 1.886464475087618750e-05 3.030811167146172196e-05
3.516412634408602003e+02 1.880814883520257532e-05 3.024341061241390768e-05
3.517662634408602003e+02 1.875180451435371994e-05 3.017883041103563139e-05
3.518912634408602003e+02 1.869561145611018399e-05 3.011437089468583042e-05
3.520162634408602003e+02 1.863956932866111168e-05 3.005003189081447440e-05
3.521412634408602003e+02 1.858367780060542822e-05 2.998581322696325648e-05
3.522662634408602003e+02 1.852793654095261569e-05 2.992171473076543406e-05
3.523912634408602003e+02 1.847234521912337031e-05 2.985773622994655047e-05
3.525162634408602003e+02 1.841690350495118138e-05 2.979387755232485173e-05
3.526412634408602003e+02 1.836161106868292413e-05 2.973013852581140511e-05
3.527662634408602003e+02 1.830646758097958482e-05 2.966651897841068188e-05
3.528912634408602003e+02 1.825147271291781926e-05 2.960301873822082503e-05
3.530162634408602003e+02 1.819662613599013919e-05 2.953963763343422517e-05
3.531412634408602003e+02 1.814192752210638945e-05 2.947637549233759853e-05
3.532662634408602003e+02 1.808737654359452731e-05 2.941323214331247141e-05
3.533912634408602003e+02 1.803297287320121197e-05 2.935020741483579685e-05
3.535162634408602003e+02 1.797871618409314966e-05 2.928730113547985638e-05
3.536412634408602003e+02 1.792460614985748327e-05 2.922451313391318493e-05
3.537662634408602003e+02 1.787064244450321197e-05 2.916184323890052009e-05
3.538912634408602003e+02 1.781682474246159442e-05 2.909929127930325942e-05
3.540162634408602003e+02 1.776315271858741252e-05 2.903685708407993487e-05
3.541412634408602003e+02 1.770962604815905952e-05 2.897454048228654473e-05
3.542662634408602003e+02 1.765624440688041025e-05 2.891234130307675362e-05
3.543912634408602003e+02 1.760300747088095667e-05 2.885025937570279706e-05
3.545162634408602003e+02 1.754991491671684800e-05 2.878829452951512912e-05
3.546412634408602003e+02 1.749696642137177165e-05 2.872644659396325590e-05
3.547662634408602003e+02 1.744416166225722087e-05 2.866471539859591174e-05
3.548912634408602003e+02 1.739150031721420239e-05 2.860310077306157754e-05
3.550162634408602003e+02 1.733898206451336176e-05 2.854160254710869430e-05
3.551412634408602003e+02 1.728660658285597270e-05 2.848022055058597812e-05
3.552662634408602003e+02 1.723437355137481800e-05 2.841895461344331813e-05
3.553912634408602003e+02 1.718228264963437248e-05 2.835780456573128858e-05
3.555162634408602003e+02 1.713033355763246318e-05 2.829677023760208732e-05
3.556412634408602003e+02 1.707852595580042185e-05 2.823585145930974591e-05
3.557662634408602003e+02 1.702685952500400648e-05 2.817504806121052938e-05
3.558912634408602003e+02 1.697533394654387226e-05 2.811435987376321072e-05
3.560162634408602003e+02 1.692394890215681504e-05 2.805378672752936896e-05
3.561412634408602003e+02 1.687270407401590347e-05 2.799332845317427016e-05
3.562662634408602003e+02 1.682159914473169192e-05 2.793298488146638624e-05
3.563912634408602003e+02 1.677063379735269487e-05 2.787275584327835725e-05
3.565162634408602003e+02 1.671980771536582053e-05 2.781264116958712010e-05
3.566412634408602003e+02 1.666912058269762789e-05 2.775264069147431511e-05
3.567662634408602003e+02 1.661857208371444525e-05 2.769275424012655713e-05
3.568912634408602003e+02 1.656816190322345111e-05 2.763298164683622489e-05
3.570162634408602003e+02 1.651788972647319587e-05 2.757332274300103078e-05
3.571412634408602003e+02 1.646775523915399488e-05 2.751377736012499320e-05
3.572662634408602003e+02 1.641775812739903299e-05 2.745434532981853482e-05
3.573912634408602003e+02 1.636789807778478802e-05 2.739502648379896712e-05
3.575162634408602003e+02 1.631817477733144079e-05 2.733582065389064618e-05
3.576412634408602003e+02 1.626858791350397959e-05 2.727672767202541997e-05
3.577662634408602003e+02 1.621913717421224764e-05 2.721774737024328225e-05
3.578912634408602003e+02 1.616982224781211876e-05 2.715887958069209809e-05
3.580162634408602003e+02 1.612064282310575491e-05 2.710012413562841368e-05
3.581412634408602003e+02 1.607159858934220921e-05 2.704148086741763588e-05
3.582662634408602003e+02 1.602268923621801892e-05 2.698294960853437444e-05
3.583912634408602003e+02 1.597391445387799484e-05 2.692453019156288582e-05
3.585162634408602003e+02 1.592527393291558725e-05 2.686622244919721888e-05
3.586412634408602003e+02 1.587676736437352963e-05 2.680802621424195351e-05
3.587662634408602003e+02 1.582839443974431304e-05 2.674994131961198719e-05
3.588912634408602003e+02 1.578015485097067396e-05 2.669196759833323629e-05
3.590162634408602003e+02 1.573204829044646508e-05 2.663410488354293087e-05
3.591412634408602003e+02 1.568407445101690261e-05 2.657635300848986879e-05
3.592662634408602003e+02 1.563623302597911857e-05 2.651871180653478160e-05
3.593912634408602003e+02 1.558852370908291293e-05 2.646118111115061580e-05
3.595162634408602003e+02 1.554094619453065535e-05 2.640376075592322736e-05
3.596412634408602003e+02 1.549350017697864046e-05 2.634645057455108359e-05
3.597662634408602003e+02 1.544618535153698959e-05 2.628925040084614407e-05
3.598912634408602003e+02 1.539900141377044699e-05 2.623216006873383690e-05
3.600162634408602003e+02 1.535194805969852211e-05 2.617517941225360080e-05
3.601412634408602003e+02 1.530502498579625195e-05 2.611830826555902745e-05
3.602662634408602003e+02 1.525823188899468046e-05 2.606154646291861023e-05
3.603912634408602003e+02 1.521156846668124481e-05 2.600489383871544609e-05
3.605162634408602003e+02 1.516503441670020739e-05 2.594835022744801479e-05
3.606412634408602003e+02 1.511862943735301319e-05 2.589191546373033139e-05
3.607662634408602003e+02 1.507235322739900307e-05 2.583558938229235283e-05
3.608912634408602003e+02 1.502620548605559841e-05 2.577937181798022864e-05
3.610162634408602003e+02 1.498018591299883977e-05 2.572326260575655166e-05
3.611412634408602003e+02 1.493429420836394428e-05 2.566726158070106953e-05
3.612662634408602003e+02 1.488853007274527345e-05 2.561136857801043403e-05
3.613912634408602003e+02 1.484289320719737163e-05 2.555558343299891929e-05
3.615162634408602003e+02 1.479738331323474916e-05 2.549990598109854381e-05
3.616412634408602003e+02 1.475200009283287339e-05 2.544433605785955494e-05
3.617662634408602003e+02 1.470674324842788750e-05 2.538887349895055766e-05
3.618912634408602003e+02 1.466161248291768281e-05 2.533351814015889062e-05
3.620162634408602003e+02 1.461660749966180394e-05 2.527826981739127329e-05
3.621412634408602003e+02 1.457172800248205524e-05 2.522312836667346038e-05
3.622662634408602003e+02 1.452697369566266010e-05 2.516809362415103806e-05
3.623912634408602003e+02 1.448234428395071660e-05 2.511316542608965771e-05
3.625162634408602003e+02 1.443783947255667694e-05 2.505834360887521550e-05
3.626412634408602003e+02 1.439345896715455073e-05 2.500362800901417091e-05
3.627662634408602003e+02 1.434920247388230483e-05 2.494901846313421414e-05
3.628912634408602003e+02 1.430506969934203946e-05 2.489451480798401202e-05
3.630162634408602003e+02 1.426106035060041855e-05 2.484011688043383484e-05
3.631412634408602003e+02 1.421717413518914404e-05 2.478582451747582735e-05
3.632662634408602003e+02 1.417341076110507621e-05 2.473163755622427310e-05
3.633912634408602003e+02 1.412976993681062155e-05 2.467755583391593996e-05
3.635162634408602003e+02 1.408625137123377349e-05 2.462357918791022586e-05
3.636412634408602003e+02 1.404285477376885095e-05 2.456970745568990753e-05
3.637662634408602003e+02 1.399957985427656955e-05 2.451594047486081189e-05
3.638912634408602003e+02 1.395642632308420756e-05 2.446227808315248349e-05
3.640162634408602003e+02 1.391339389098612266e-05 2.440872011841845556e-05
3.641412634408602003e+02 1.387048226924370108e-05 2.435526641863649733e-05
3.642662634408602003e+02 1.382769116958589800e-05 2.430191682190890884e-05
3.643912634408602003e+02 1.378502030420942901e-05 2.424867116646270724e-05
3.645162634408602003e+02 1.374246938577899539e-05 2.419552929065032479e-05
3.646412634408602003e+02 1.370003812742753823e-05 2.414249103294936486e-05
3.647662634408602003e+02 1.365772624275637059e-05 2.408955623196316103e-05
3.648912634408602003e+02 1.361553344583549086e-05 2.403672472642107521e-05
3.650162634408602003e+02 1.357345945120397243e-05 2.398399635517869754e-05
3.651412634408602003e+02 1.353150397386998401e-05 2.393137095721815472e-05
3.652662634408602003e+02 1.348966672931089127e-05 2.387884837164867922e-05
3.653912634408602003e+02 1.344794743347384467e-05 2.382642843770631111e-05
3.655162634408602003e+02 1.340634580277566597e-05 2.377411099475463331e-05
3.656412634408602003e+02 1.336486155410311082e-05 2.372189588228485965e-05
3.657662634408602003e+02 1.332349440481318384e-05 2.366978293991633972e-05
3.658912634408602003e+02 1.328224407273310475e-05 2.361777200739654530e-05
3.660162634408602003e+02 1.324111027616072509e-05 2.356586292460138550e-05
3.661412634408602003e+02 1.320009273386461126e-05 2.351405553153587078e-05
3.662662634408602003e+02 1.315919116508404957e-05 2.346234966833384193e-05
3.663912634408602003e+02 1.311840528952957650e-05 2.341074517525859686e-05
3.665162634408602003e+02 1.307773482738262805e-05 2.335924189270302277e-05
3.666412634408602003e+02 1.303717949929623256e-05 2.330783966118993151e-05
3.667662634408602003e+02 1.299673902639478206e-05 2.325653832137230360e-05
3.668912634408602003e+02 1.295641313027443543e-05 2.320533771403348130e-05
3.670162634408602003e+02 1.291620153300277112e-05 2.315423768008781239e-05
3.671412634408602003e+02 1.287610395711959355e-05 2.310323806058029776e-05
3.672662634408602003e+02 1.283612012563658747e-05 2.305233869668730297e-05
3.673912634408602003e+02 1.279624976203760262e-05 2.300153942971674457e-05
3.675162634408602003e+02 1.275649259027878414e-05 2.295084010110825951e-05
3.676412634408602003e+02 1.271684833478837099e-05 2.290024055243353038e-05
3.677662634408602003e+02 1.267731672046735660e-05 2.284974062539646503e-05
3.678912634408602003e+02 1.263789747268914335e-05 2.279934016183380639e-05
3.680162634408602003e+02 1.259859031729984404e-05 2.274903900371483094e-05
3.681412634408602003e+02 1.255939498061831752e-05 2.269883699314199246e-05
3.682662634408602003e+02 1.252031118943602973e-05 2.264873397235107449e-05
3.683912634408602003e+02 1.248133867101753488e-05 2.259872978371144445e-05
3.685162634408602003e+02 1.244247715310034663e-05 2.254882426972622979e-05
3.686412634408602003e+02 1.240372636389494828e-05 2.249901727303294487e-05
3.687662634408602003e+02 1.236508603208485040e-05 2.244930863640315203e-05
3.688912634408602003e+02 1.232655588682681610e-05 2.239969820274310885e-05
3.690162634408602003e+02 1.228813565775069840e-05 2.235018581509394422e-05
3.691412634408602003e+02 1.224982507495964017e-05 2.230077131663188545e-05
3.692662634408602003e+02 1.221162386903013000e-05 2.225145455066847500e-05
3.693912634408602003e+02 1.217353177101176502e-05 2.220223536065078066e-05
3.695162634408602003e+02 1.213554851242771851e-05 2.215311359016197820e-05
3.696412634408602003e+02 1.209767382527430785e-05 2.210408908292104991e-05
3.697662634408602003e+02 1.205990744202142658e-05 2.205516168278339779e-05
3.698912634408602003e+02 1.202224909561230547e-05 2.200633123374097237e-05
3.700162634408602003e+02 1.198469851946349392e-05 2.195759757992256061e-05
3.701412634408602003e+02 1.194725544746507170e-05 2.190896056559395538e-05
3.702662634408602003e+02 1.190991961398054227e-05 2.186042003515815873e-05
3.703912634408602003e+02 1.187269075384677849e-05 2.181197583315597818e-05
3.705162634408602003e+02 1.183556860237396171e-05 2.176362780426567775e-05
3.706412634408602003e+02 1.179855289534585786e-05 2.171537579330360142e-05
3.707662634408602003e+02 1.176164336901947695e-05 2.166721964522435600e-05
3.708912634408602003e+02 1.172483976012528483e-05 2.161915920512093997e-05
3.710162634408602003e+02 1.168814180586695080e-05 2.157119431822499415e-05
3.711412634408602003e+02 1.165154924392143057e-05 2.152332482990730315e-05
3.712662634408602003e+02 1.161506181243902558e-05 2.147555058567756161e-05
3.713912634408602003e+02 1.157867925004322886e-05 2.142787143118489256e-05
3.715162634408602003e+02 1.154240129583063858e-05 2.138028721221802700e-05
3.716412634408602003e+02 1.150622768937111903e-05 2.133279777470544619e-05
3.717662634408602003e+02 1.147015817070727376e-05 2.128540296471584926e-05
3.718912634408602003e+02 1.143419248035501478e-05 2.123810262845795323e-05
3.720162634408602003e+02 1.139833035930304584e-05 2.119089661228125204e-05
3.721412634408602003e+02 1.136257154901304545e-05 2.114378476267572509e-05
3.722662634408602003e+02 1.132691579141929584e-05 2.109676692627228791e-05
3.723912634408602003e+02 1.129136282892890149e-05 2.104984294984307676e-05
3.725162634408602003e+02 1.125591240442159772e-05 2.100301268030154347e-05
3.726412634408602003e+02 1.122056426124968291e-05 2.095627596470270621e-05
3.727662634408602003e+02 1.118531814323788130e-05 2.090963265024330529e-05
3.728912634408602003e+02 1.115017379468322610e-05 2.086308258426231141e-05
3.730162634408602003e+02 1.111513096035503234e-05 2.081662561424066477e-05
3.731412634408602003e+02 1.108018938549478175e-05 2.077026158780180700e-05
3.732662634408602003e+02 1.104534881581602782e-05 2.072399035271177943e-05
3.733912634408602003e+02 1.101060899750424677e-05 2.067781175687951446e-05
3.735162634408602003e+02 1.097596967721661898e-05 2.063172564835685587e-05
3.736412634408602003e+02 1.094143060208215607e-05 2.058573187533913824e-05
3.737662634408602003e+02 1.090699151970133499e-05 2.053983028616494972e-05
3.738912634408602003e+02 1.087265217814613357e-05 2.049402072931656238e-05
3.740162634408602003e+02 1.083841232595986958e-05 2.044830305342013206e-05
3.741412634408602003e+02 1.080427171215685348e-05 2.040267710724584749e-05
3.742662634408602003e+02 1.077023008622263065e-05 2.035714273970817080e-05
3.743912634408602003e+02 1.073628719811344774e-05 2.031169979986595278e-05
3.745162634408602003e+02 1.070244279825645769e-05 2.026634813692288005e-05
3.746412634408602003e+02 1.066869663754915729e-05 2.022108760022730569e-05
3.747662634408602003e+02 1.063504846735966838e-05 2.017591803927264564e-05
3.748912634408602003e+02 1.060149803952624996e-05 2.013083930369759556e-05
3.750162634408602003e+02 1.056804510635735241e-05 2.008585124328625616e-05
3.751412634408602003e+02 1.053468942063123295e-05 2.004095370796832293e-05
3.752662634408602003e+02 1.050143073559588106e-05 1.999614654781925560e-05
3.753912634408602003e+02 1.046826880496894229e-05 1.995142961306072194e-05
3.755162634408602003e+02 1.043520338293741501e-05 1.990680275406033349e-05
3.756412634408602003e+02 1.040223422415753009e-05 1.986226582133214361e-05
3.757662634408602003e+02 1.036936108375445114e-05 1.981781866553677628e-05
3.758912634408602003e+02 1.033658371732216090e-05 1.977346113748157510e-05
3.760162634408602003e+02 1.030390188092331396e-05 1.972919308812080664e-05
3.761412634408602003e+02 1.027131533108899441e-05 1.968501436855574173e-05
3.762662634408602003e+02 1.023882382481852959e-05 1.964092483003517721e-05
3.763912634408602003e+02 1.020642711957905801e-05 1.959692432395512428e-05
3.765162634408602003e+02 1.017412497330570730e-05 1.955301270185932683e-05
3.766412634408602003e+02 1.014191714440116050e-05 1.950918981543931906e-05
3.767662634408602003e+02 1.010980339173540701e-05 1.946545551653462540e-05
3.768912634408602003e+02 1.007778347464566132e-05 1.942180965713285532e-05
3.770162634408602003e+02 1.004585715293591066e-05 1.937825208937018790e-05
3.771412634408602003e+02 1.001402418687691164e-05 1.933478266553104313e-05
3.772662634408602003e+02 9.982284337205851404e-06 1.929140123804865453e-05
3.773912634408602003e+02 9.950637365126173162e-06 1.924810765950502850e-05
3.775162634408602003e+02 9.919083032307267871e-06 1.920490178263123906e-05
3.776412634408602003e+02 9.887621100884206563e-06 1.916178346030749901e-05
3.777662634408602003e+02 9.856251333457531982e-06 1.911875254556329209e-05
3.778912634408602003e+02 9.824973493093099340e-06 1.907580889157791166e-05
3.780162634408602003e+02 9.793787343321752747e-06 1.903295235168000671e-05
3.781412634408602003e+02 9.762692648138886453e-06 1.899018277934816463e-05
3.782662634408602003e+02 9.731689172004524466e-06 1.894750002821097553e-05
3.783912634408602003e+02 9.700776679842822498e-06 1.890490395204716786e-05
3.785162634408602003e+02 9.669954937041813853e-06 1.886239440478578447e-05
3.786412634408602003e+02 9.639223709453277294e-06 1.881997124050629455e-05
3.787662634408602003e+02 9.608582763392257617e-06 1.877763431343898654e-05
3.788912634408602003e+02 9.578031865636969094e-06 1.873538347796472765e-05
3.790162634408602003e+02 9.547570783428487151e-06 1.869321858861534667e-05
3.791412634408602003e+02 9.517199284470282498e-06 1.865113950007383730e-05
3.792662634408602003e+02 9.486917136928253320e-06 1.860914606717436828e-05
3.793912634408602003e+02 9.456724109430045955e-06 1.856723814490246295e-05
3.795162634408602003e+02 9.426619971065144677e-06 1.852541558839537880e-05
3.796412634408602003e+02 9.396604491384305882e-06 1.848367825294184986e-05
3.797662634408602003e+02 9.366677440399471689e-06 1.844202599398251708e-05
3.798912634408602003e+02 9.336838588583094007e-06 1.840045866711001977e-05
3.800162634408602003e+02 9.307087706868310718e-06 1.835897612806907693e-05
3.801412634408602003e+02 9.277424566648320568e-06 1.831757823275670407e-05
3.802662634408602003e+02 9.247848939776174795e-06 1.827626483722226744e-05
3.803912634408602003e+02 9.218360598564484057e-06 1.823503579766785673e-05
3.805162634408602003e+02 9.188959315784866167e-06 1.819389097044807159e-05
3.806412634408602003e+02 9.159644864668027407e-06 1.815283021207039774e-05
3.807662634408602003e+02 9.130417018903134028e-06 1.811185337919528826e-05
3.808912634408602003e+02 9.101275552637597108e-06 1.807096032863629576e-05
3.810162634408602003e+02 9.072220240476765922e-06 1.803015091736020787e-05
3.811412634408602003e+02 9.043250857483370596e-06 1.798942500248712858e-05
3.812662634408602003e+02 9.014367179177545824e-06 1.794878244129085093e-05
3.813912634408602003e+02 8.985568981536254886e-06 1.790822309119861644e-05
3.815162634408602003e+02 8.956856040993023678e-06 1.786774680979149121e-05
3.816412634408602003e+02 8.928228134437485010e-06 1.782735345480443705e-05
3.817662634408602003e+02 8.899685039215229527e-06 1.778704288412644025e-05
3.818912634408602003e+02 8.871226533127258526e-06 1.774681495580058272e-05
3.820162634408602003e+02 8.842852394429748483e-06 1.770666952802440452e-05
3.821412634408602003e+02 8.814562401833742728e-06 1.766660645914965992e-05
3.822662634408602003e+02 8.786356334504521258e-06 1.762662560768268332e-05
3.823912634408602003e+02 8.758233972061638004e-06 1.758672683228447393e-05
3.825162634408602003e+02 8.730195094578177133e-06 1.754690999177077712e-05
3.826412634408602003e+02 8.702239482580680210e-06 1.750717494511225381e-05
3.827662634408602003e+02 8.674366917048617644e-06 1.746752155143448722e-05
3.828912634408602003e+02 8.646577179413978727e-06 1.742794967001840646e-05
3.830162634408602003e+02 8.618870051561046319e-06 1.738845916029994762e-05
3.831412634408602003e+02 8.591245315825959784e-06 1.734904988187052142e-05
3.832662634408602003e+02 8.563702754996266062e-06 1.730972169447696571e-05
3.833912634408602003e+02 8.536242152310528336e-06 1.727047445802174541e-05
3.835162634408602003e+02 8.508863291458124441e-06 1.723130803256298638e-05
3.836412634408602003e+02 8.481565956578643775e-06 1.719222227831460078e-05
3.837662634408602003e+02 8.454349932261665381e-06 1.715321705564654456e-05
3.838912634408602003e+02 8.427215003546193814e-06 1.711429222508474972e-05
3.840162634408602003e+02 8.400160955920359302e-06 1.707544764731120220e-05
3.841412634408602003e+02 8.373187575321067066e-06 1.703668318316420619e-05
3.842662634408602003e+02 8.346294648133534844e-06 1.699799869363840784e-05
3.843912634408602003e+02 8.319481961190860903e-06 1.695939403988487994e-05
3.845162634408602003e+02 8.292749301773754683e-06 1.692086908321122697e-05
3.846412634408602003e+02 8.266096457609811737e-06 1.688242368508187651e-05
3.847662634408602003e+02 8.239523216873534059e-06 1.684405770711786232e-05
3.848912634408602003e+02 8.213029368185618576e-06 1.680577101109710224e-05
3.850162634408602003e+02 8.186614700612675937e-06 1.676756345895449643e-05
3.851412634408602003e+02 8.160279003666664688e-06 1.672943491278199509e-05
3.852662634408602003e+02 8.134022067304633779e-06 1.669138523482866291e-05
3.853912634408602003e+02 8.107843681928239755e-06 1.665341428750097036e-05
3.855162634408602003e+02 8.081743638383324932e-06 1.661552193336257694e-05
3.856412634408602003e+02 8.055721727959488799e-06 1.657770803513462587e-05
3.857662634408602003e+02 8.029777742389601820e-06 1.653997245569578480e-05
3.858912634408602003e+02 8.003911473849461541e-06 1.650231505808237453e-05
3.860162634408602003e+02 7.978122714957325027e-06 1.646473570548840292e-05
3.861412634408602003e+02 7.952411258773497201e-06 1.642723426126563600e-05
3.862662634408602003e+02 7.926776898799858204e-06 1.638981058892388599e-05
3.863912634408602003e+02 7.901219428979373808e-06 1.635246455213080463e-05
3.865162634408602003e+02 7.875738643695804036e-06 1.631519601471213387e-05
3.866412634408602003e+02 7.850334337773084829e-06 1.627800484065177028e-05
3.867662634408602003e+02 7.825006306475046830e-06 1.624089089409185650e-05
3.868912634408602003e+02 7.799754345504797051e-06 1.620385403933282192e-05
3.870162634408602003e+02 7.774578251004408860e-06 1.616689414083348093e-05
3.871412634408602003e+02 7.749477819554452721e-06 1.613001106321125313e-05
3.872662634408602003e+02 7.724452848173391417e-06 1.609320467124198041e-05
3.873912634408602003e+02 7.699503134317371676e-06 1.605647482986015390e-05
3.875162634408602003e+02 7.674628475879485560e-06 1.601982140415902922e-05
3.876412634408602003e+02 7.649828671189577343e-06 1.598324425939060274e-05
3.877662634408602003e+02 7.625103519013590445e-06 1.594674326096572338e-05
3.878912634408602003e+02 7.600452818553221847e-06 1.591031827445429591e-05
3.880162634408602003e+02 7.575876369445338481e-06 1.587396916558513526e-05
3.881412634408602003e+02 7.551373971761585057e-06 1.583769580024615287e-05
3.882662634408602003e+02 7.526945426007922427e-06 1.580149804448440409e-05
3.883912634408602003e+02 7.502590533124138850e-06 1.576537576450621022e-05
3.885162634408602003e+02 7.478309094483418852e-06 1.572932882667715167e-05
3.886412634408602003e+02 7.454100911891635949e-06 1.569335709752214591e-05
3.887662634408602003e+02 7.429965787587238303e-06 1.565746044372568467e-05
3.888912634408602003e+02 7.405903524240517733e-06 1.562163873213160008e-05
3.890162634408602003e+02 7.381913924953208214e-06 1.558589182974333921e-05
3.891412634408602003e+02 7.357996793258003076e-06 1.555021960372396061e-05
3.892662634408602003e+02 7.334151933118012901e-06 1.551462192139623256e-05
3.893912634408602003e+02 7.310379148926325910e-06 1.547909865024265348e-05
3.895162634408602003e+02 7.286678245505553955e-06 1.544364965790548231e-05
3.896412634408602003e+02 7.263049028107281102e-06 1.540827481218702661e-05
3.897662634408602003e+02 7.239491302411635031e-06 1.537297398104929688e-05
3.898912634408602003e+02 7.216004874526649221e-06 1.533774703261446402e-05
3.900162634408602003e+02 7.192589550987929217e-06 1.530259383516463907e-05
3.901412634408602003e+02 7.169245138758096132e-06 1.526751425714204942e-05
3.902662634408602003e+02 7.145971445226284353e-06 1.523250816714905910e-05
3.903912634408602003e+02 7.122768278207657044e-06 1.519757543394837039e-05
3.905162634408602003e+02 7.099635445942825073e-06 1.516271592646276636e-05
3.906412634408602003e+02 7.076572757097410800e-06 1.512792951377544453e-05
3.907662634408602003e+02 7.053580020761602529e-06 1.509321606512993391e-05
3.908912634408602003e+02 7.030657046449556507e-06 1.505857544993016955e-05
3.910162634408602003e+02 7.007803644098831104e-06 1.502400753774057042e-05
3.911412634408602003e+02 6.985019624070053087e-06 1.498951219828599200e-05
3.912662634408602003e+02 6.962304797146272172e-06 1.495508930145200242e-05
3.913912634408602003e+02 6.939658974532449425e-06 1.492073871728463174e-05
3.915162634408602003e+02 6.917081967855043058e-06 1.488646031599058030e-05
3.916412634408602003e+02 6.894573589161329110e-06 1.485225396793725770e-05
3.917662634408602003e+02 6.872133650919052466e-06 1.481811954365281328e-05
3.918912634408602003e+02 6.849761966015832248e-06 1.478405691382612936e-05
3.920162634408602003e+02 6.827458347758560414e-06 1.475006594930689239e-05
3.921412634408602003e+02 6.805222609873064640e-06 1.471614652110579113e-05
3.922662634408602003e+02 6.783054566503357005e-06 1.468229850039422192e-05
3.923912634408602003e+02 6.760954032211318894e-06 1.464852175850460883e-05
3.925162634408602003e+02 6.738920821976049626e-06 1.461481616693031557e-05
3.926412634408602003e+02 6.716954751193420073e-06 1.458118159732571666e-05
3.927662634408602003e+02 6.695055635675345900e-06 1.454761792150621607e-05
3.928912634408602003e+02 6.673223291649554636e-06 1.451412501144826071e-05
3.930162634408602003e+02 6.651457535758833507e-06 1.448070273928953364e-05
3.931412634408602003e+02 6.629758185060585589e-06 1.444735097732872363e-05
3.932662634408602003e+02 6.608125057026290251e-06 1.441406959802573352e-05
3.933912634408602003e+02 6.586557969540837383e-06 1.438085847400164299e-05
3.935162634408602003e+02 6.565056740902222469e-06 1.434771747803880507e-05
3.936412634408602003e+02 6.543621189820825759e-06 1.431464648308074456e-05
3.937662634408602003e+02 6.522251135418949790e-06 1.428164536223243748e-05
3.938912634408602003e+02 6.500946397230283213e-06 1.424871398876001638e-05
3.940162634408602003e+02 6.479706795199207074e-06 1.421585223609099726e-05
3.941412634408602003e+02 6.458532149680503435e-06 1.418305997781425592e-05
3.942662634408602003e+02 6.437422281438644711e-06 1.415033708768007876e-05
3.943912634408602003e+02 6.416377011647281221e-06 1.411768343960012889e-05
3.945162634408602003e+02 6.395396161888645714e-06 1.408509890764745970e-05
3.946412634408602003e+02 6.374479554153124782e-06 1.405258336605672828e-05
3.947662634408602003e+02 6.353627010838572753e-06 1.402013668922390578e-05
3.948912634408602003e+02 6.332838354749853452e-06 1.398775875170652470e-05
3.950162634408602003e+02 6.312113409098292170e-06 1.395544942822360270e-05
3.951412634408602003e+02 6.291451997500972624e-06 1.392320859365567475e-05
3.952662634408602003e+02 6.270853943980423560e-06 1.389103612304484735e-05
3.953912634408602003e+02 6.250319072963825922e-06 1.385893189159472232e-05
3.955162634408602003e+02 6.229847209282635933e-06 1.382689577467061021e-05
3.956412634408602003e+02 6.209438178171937103e-06 1.379492764779927116e-05
3.957662634408602003e+02 6.189091805269848164e-06 1.376302738666909950e-05
3.958912634408602003e+02 6.168807916617058888e-06 1.373119486713009499e-05
3.960162634408602003e+02 6.148586338656229544e-06 1.369942996519394581e-05
3.961412634408602003e+02 6.128426898231390352e-06 1.366773255703382527e-05
3.962662634408602003e+02 6.108329422587362959e-06 1.363610251898474251e-05
3.963912634408602003e+02 6.088293739369321673e-06 1.360453972754321551e-05
3.965162634408602003e+02 6.068319676622094667e-06 1.357304405936743712e-05
3.966412634408602003e+02 6.048407062789676082e-06 1.354161539127728693e-05
3.967662634408602003e+02 6.028555726714600073e-06 1.351025360025429569e-05
3.968912634408602003e+02 6.008765497637380073e-06 1.347895856344168254e-05
3.970162634408602003e+02 5.989036205196000569e-06 1.344773015814427717e-05
3.971412634408602003e+02 5.969367679425294542e-06 1.341656826182874843e-05
3.972662634408602003e+02 5.949759750756370016e-06 1.338547275212330454e-05
3.973912634408602003e+02 5.930212250016100995e-06 1.335444350681786245e-05
3.975162634408602003e+02 5.910725008426365984e-06 1.332348040386404281e-05
3.976412634408602003e+02 5.891297857603747285e-06 1.329258332137514281e-05
3.977662634408602003e+02 5.871930629558755968e-06 1.326175213762613791e-05
3.978912634408602003e+02 5.852623156695361765e-06 1.323098673105364119e-05
3.980162634408602003e+02 5.833375271810291727e-06 1.320028698025607950e-05
3.981412634408602003e+02 5.814186808092580450e-06 1.316965276399342073e-05
3.982662634408602003e+02 5.795057599122947505e-06 1.313908396118732458e-05
3.983912634408602003e+02 5.775987478873204516e-06 1.310858045092113581e-05
3.985162634408602003e+02 5.756976281705697811e-06 1.307814211243984014e-05
3.986412634408602003e+02 5.738023842372665525e-06 1.304776882515004398e-05
3.987662634408602003e+02 5.719129996015732769e-06 1.301746046862010652e-05
3.988912634408602003e+02 5.700294578165290752e-06 1.298721692257990937e-05
3.990162634408602003e+02 5.681517424739941131e-06 1.295703806692097343e-05
3.991412634408602003e+02 5.662798372045880216e-06 1.292692378169644196e-05
3.992662634408602003e+02 5.644137256776279789e-06 1.289687394712107549e-05
3.993912634408602003e+02 5.625533916010810225e-06 1.286688844357118746e-05
3.995162634408602003e+02 5.606988187214939147e-06 1.283696715158465436e-05
3.996412634408602003e+02 5.588499908239439305e-06 1.280710995186102927e-05
3.997662634408602003e+02 5.570068917319690612e-06 1.277731672526127583e-05
3.998912634408602003e+02 5.551695053075210051e-06 1.274758735280794958e-05
4.000162634408602003e+02 5.533378154509007921e-06 1.271792171568509626e-05
4.001412634408602003e+02 5.515118061006939015e-06 1.268831969523828234e-05
4.002662634408602003e+02 5.496914612337252845e-06 1.265878117297453568e-05
4.003912634408602003e+02 5.478767648649823688e-06 1.262930603056231341e-05
4.005162634408602003e+02 5.460677010475732996e-06 1.259989414983163061e-05
4.006412634408602003e+02 5.442642538726551119e-06 1.257054541277381135e-05
4.007662634408602003e+02 5.424664074693830772e-06 1.254125970154159533e-05
4.008912634408602003e+02 5.406741460048430262e-06 1.251203689844914137e-05
4.010162634408602003e+02 5.388874536839952747e-06 1.248287688597191891e-05
4.011412634408602003e+02 5.371063147496189738e-06 1.245377954674675379e-05
4.012662634408602003e+02 5.353307134822490059e-06 1.242474476357172658e-05
4.013912634408602003e+02 5.335606342001192334e-06 1.239577241940634032e-05
4.015162634408602003e+02 5.317960612590899083e-06 1.236686239737122065e-05
4.016412634408602003e+02 5.300369790526085388e-06 1.233801458074825644e-05
4.017662634408602003e+02 5.282833720116361977e-06 1.230922885298054723e-05
4.018912634408602003e+02 5.265352246045917031e-06 1.228050509767233892e-05
4.020162634408602003e+02 5.247925213372922410e-06 1.225184319858906605e-05
4.021412634408602003e+02 5.230552467528885676e-06 1.222324303965731629e-05
4.022662634408602003e+02 5.213233854318099518e-06 1.219470450496466945e-05
4.023912634408602003e+02 5.195969219917056458e-06 1.216622747875980086e-05
4.025162634408602003e+02 5.178758410873797477e-06 1.213781184545239495e-05
4.026412634408602003e+02 5.161601274107359751e-06 1.210945748961314863e-05
4.027662634408602003e+02 5.144497656907091404e-06 1.208116429597370018e-05
4.028912634408602003e+02 5.127447406932138204e-06 1.205293214942656991e-05
4.030162634408602003e+02 5.110450372210808287e-06 1.202476093502528722e-05
4.031412634408602003e+02 5.093506401139994483e-06 1.199665053798412638e-05
4.032662634408602003e+02 5.076615342484460266e-06 1.196860084367819286e-05
4.033912634408602003e+02 5.059777045376407767e-06 1.194061173764337932e-05
4.035162634408602003e+02 5.042991359314710362e-06 1.191268310557631307e-05
4.036412634408602003e+02 5.026258134164430712e-06 1.188481483333434596e-05
4.037662634408602003e+02 5.009577220156165158e-06 1.185700680693541878e-05
4.038912634408602003e+02 4.992948467885369483e-06 1.182925891255823919e-05
4.040162634408602003e+02 4.976371728311896430e-06 1.180157103654195643e-05
4.041412634408602003e+02 4.959846852759279966e-06 1.177394306538632229e-05
4.042662634408602003e+02 4.943373692914144889e-06 1.174637488575155555e-05
4.043912634408602003e+02 4.926952100825654574e-06 1.171886638445835385e-05
4.045162634408602003e+02 4.910581928904804540e-06 1.169141744848777850e-05
4.046412634408602003e+02 4.894263029923915926e-06 1.166402796498136120e-05
4.047662634408602003e+02 4.877995257015991749e-06 1.163669782124087028e-05
4.048912634408602003e+02 4.861778463674066376e-06 1.160942690472833774e-05
4.050162634408602003e+02 4.845612503750620234e-06 1.158221510306607628e-05
4.051412634408602003e+02 4.829497231457019910e-06 1.155506230403655219e-05
4.052662634408602003e+02 4.813432501362846464e-06 1.152796839558235825e-05
4.053912634408602003e+02 4.797418168395308429e-06 1.150093326580614766e-05
4.055162634408602003e+02 4.781454087838663289e-06 1.147395680297072894e-05
4.056412634408602003e+02 4.765540115333470395e-06 1.144703889549876434e-05
4.057662634408602003e+02 4.749676106876189476e-06 1.142017943197289693e-05
4.058912634408602003e+02 4.733861918818420844e-06 1.139337830113565911e-05
4.060162634408602003e+02 4.718097407866341275e-06 1.136663539188939973e-05
4.061412634408602003e+02 4.702382431080109387e-06 1.133995059329626553e-05
4.062662634408602003e+02 4.686716845873155833e-06 1.131332379457807572e-05
4.063912634408602003e+02 4.671100510011724202e-06 1.128675488511642533e-05
4.065162634408602003e+02 4.655533281614154436e-06 1.126024375445244296e-05
4.066412634408602003e+02 4.640015019150299218e-06 1.123379029228682977e-05
4.067662634408602003e+02 4.624545581440931900e-06 1.120739438847979506e-05
4.068912634408602003e+02 4.609124827657034148e-06 1.118105593305100547e-05
4.070162634408602003e+02 4.593752617319336848e-06 1.115477481617947319e-05
4.071412634408602003e+02 4.578428810297611141e-06 1.112855092820365248e-05
4.072662634408602003e+02 4.563153266810081429e-06 1.110238415962117037e-05
4.073912634408602003e+02 4.547925847422756219e-06 1.107627440108888757e-05
4.075162634408602003e+02 4.532746413048921597e-06 1.105022154342283588e-05
4.076412634408602003e+02 4.517614824948427179e-06 1.102422547759813341e-05
4.077662634408602003e+02 4.502530944727132153e-06 1.099828609474892701e-05
4.078912634408602003e+02 4.487494634336297106e-06 1.097240328616830760e-05
4.080162634408602003e+02 4.472505756071873368e-06 1.094657694330834228e-05
4.081412634408602003e+02 4.457564172574036293e-06 1.092080695777992025e-05
4.082662634408602003e+02 4.442669746826437330e-06 1.089509322135266467e-05
4.083912634408602003e+02 4.427822342155691569e-06 1.086943562595494793e-05
4.085162634408602003e+02 4.413021822230706891e-06 1.084383406367377643e-05
4.086412634408602003e+02 4.398268051062046997e-06 1.081828842675476521e-05
4.087662634408602003e+02 4.383560893001389309e-06 1.079279860760198881e-05
4.088912634408602003e+02 4.368900212740871906e-06 1.076736449877809653e-05
4.090162634408602003e+02 4.354285875312470111e-06 1.074198599300400576e-05
4.091412634408602003e+02 4.339717746087356977e-06 1.071666298315897994e-05
4.092662634408602003e+02 4.325195690775368812e-06 1.069139536228054382e-05
4.093912634408602003e+02 4.310719575424330092e-06 1.066618302356438354e-05
4.095162634408602003e+02 4.296289266419452916e-06 1.064102586036430258e-05
4.096412634408602003e+02 4.281904630482714436e-06 1.061592376619209299e-05
4.097662634408602003e+02 4.267565534672223277e-06 1.059087663471763368e-05
4.098912634408602003e+02 4.253271846381669811e-06 1.056588435976857360e-05
4.100162634408602003e+02 4.239023433339660393e-06 1.054094683533042661e-05
4.101412634408602003e+02 4.224820163609099868e-06 1.051606395554645124e-05
4.102662634408602003e+02 4.210661905586628299e-06 1.049123561471757608e-05
4.103912634408602003e+02 4.196548528001879812e-06 1.046646170730229990e-05
4.105162634408602003e+02 4.182479899917037903e-06 1.044174212791674582e-05
4.106412634408602003e+02 4.168455890726106989e-06 1.041707677133437672e-05
4.107662634408602003e+02 4.154476370154353368e-06 1.039246553248607317e-05
4.108912634408602003e+02 4.140541208257613191e-06 1.036790830645999282e-05
4.110162634408602003e+02 4.126650275421759683e-06 1.034340498850153650e-05
4.111412634408602003e+02 4.112803442362063625e-06 1.031895547401322627e-05
4.112662634408602003e+02 4.099000580122576722e-06 1.029455965855461395e-05
4.113912634408602003e+02 4.085241560075506489e-06 1.027021743784234545e-05
4.115162634408602003e+02 4.071526253920600456e-06 1.024592870774986606e-05
4.116412634408602003e+02 4.057854533684538003e-06 1.022169336430746615e-05
4.117662634408602003e+02 4.044226271720339976e-06 1.019751130370219477e-05
4.118912634408602003e+02 4.030641340706724093e-06 1.017338242227775296e-05
4.120162634408602003e+02 4.017099613647506095e-06 1.014930661653441239e-05
4.121412634408602003e+02 4.003600963870950917e-06 1.012528378312894425e-05
4.122662634408602003e+02 3.990145265029226351e-06 1.010131381887458873e-05
4.123912634408602003e+02 3.976732391097722032e-06 1.007739662074084158e-05
4.125162634408602003e+02 3.963362216374492093e-06 1.005353208585347611e-05
4.126412634408602003e+02 3.950034615479576687e-06 1.002972011149442974e-05
4.127662634408602003e+02 3.936749463354455655e-06 1.000596059510170567e-05
4.128912634408602003e+02 3.923506635261416637e-06 9.982253434269276410e-06
4.130162634408602003e+02 3.910306006782885915e-06 9.958598526747112478e-06
4.131412634408602003e+02 3.897147453820920197e-06 9.934995770440914814e-06
4.132662634408602003e+02 3.884030852596469695e-06 9.911445063412129995e-06
4.133912634408602003e+02 3.870956079648886000e-06 9.887946303877862147e-06
4.135162634408602003e+02 3.857923011835228361e-06 9.864499390210767916e-06
4.136412634408602003e+02 3.844931526329700411e-06 9.841104220938963292e-06
4.137662634408602003e+02 3.831981500622990325e-06 9.817760694745911802e-06
4.138912634408602003e+02 3.819072812521682134e-06 9.794468710470477028e-06
4.140162634408602003e+02 3.806205340147670425e-06 9.771228167106575316e-06
4.141412634408602003e+02 3.793378961937515323e-06 9.748038963803331639e-06
4.142662634408602003e+02 3.780593556641866939e-06 9.724900999864830565e-06
4.143912634408602003e+02 3.767849003324753851e-06 9.701814174750097623e-06
4.145162634408602003e+02 3.755145181363130378e-06 9.678778388072979021e-06
4.146412634408602003e+02 3.742481970446145155e-06 9.655793539602029846e-06
4.147662634408602003e+02 3.729859250574580830e-06 9.632859529260554712e-06
4.148912634408602003e+02 3.717276902060242502e-06 9.609976257126289282e-06
4.150162634408602003e+02 3.704734805525308044e-06 9.587143623431479885e-06
4.151412634408602003e+02 3.692232841901763985e-06 9.564361528562712422e-06
4.152662634408602003e+02 3.679770892430796068e-06 9.541629873060849675e-06
4.153912634408602003e+02 3.667348838662151430e-06 9.518948557620887321e-06
4.155162634408602003e+02 3.654966562453566860e-06 9.496317483091981033e-06
4.156412634408602003e+02 3.642623945970100488e-06 9.473736550477173735e-06
4.157662634408602003e+02 3.630320871683581636e-06 9.451205660933417627e-06
4.158912634408602003e+02 3.618057222371988675e-06 9.428724715771438656e-06
4.160162634408602003e+02 3.605832881118850592e-06 9.406293616455646734e-06
4.161412634408602003e+02 3.593647731312575721e-06 9.383912264604029013e-06
4.162662634408602003e+02 3.581501656645951145e-06 9.361580561988032989e-06
4.163912634408602003e+02 3.569394541115434997e-06 9.339298410532573282e-06
4.165162634408602003e+02 3.557326269020622834e-06 9.317065712315758893e-06
4.166412634408602003e+02 3.545296724963621676e-06 9.294882369568908446e-06
4.167662634408602003e+02 3.533305793848392711e-06 9.272748284676419749e-06
4.168912634408602003e+02 3.521353360880232062e-06 9.250663360175671534e-06
4.170162634408602003e+02 3.509439311565117724e-06 9.228627498756913349e-06
4.171412634408602003e+02 3.497563531709088269e-06 9.206640603263153744e-06
4.172662634408602003e+02 3.485725907417688882e-06 9.184702576690138249e-06
4.173912634408602003e+02 3.473926325095326348e-06 9.162813322186112207e-06
4.175162634408602003e+02 3.462164671444678246e-06 9.140972743051797056e-06
4.176412634408602003e+02 3.450440833466078850e-06 9.119180742740283602e-06
4.177662634408602003e+02 3.438754698456985922e-06 9.097437224856904967e-06
4.178912634408602003e+02 3.427106154011225158e-06 9.075742093159150186e-06
4.180162634408602003e+02 3.415495088018577683e-06 9.054095251556516829e-06
4.181412634408602003e+02 3.403921388664029158e-06 9.032496604110534715e-06
4.182662634408602003e+02 3.392384944427224712e-06 9.010946055034471146e-06
4.183912634408602003e+02 3.380885644081920066e-06 8.989443508693335986e-06
4.185162634408602003e+02 3.369423376695235719e-06 8.967988869603771553e-06
4.186412634408602003e+02 3.357998031627246986e-06 8.946582042433901840e-06
4.187662634408602003e+02 3.346609498530220397e-06 8.925222932003235956e-06
4.188912634408602003e+02 3.335257667348094043e-06 8.903911443282666436e-06
4.190162634408602003e+02 3.323942428315908366e-06 8.882647481394164303e-06
4.191412634408602003e+02 3.312663671959078989e-06 8.861430951610806174e-06
4.192662634408602003e+02 3.301421289092974038e-06 8.840261759356623494e-06
4.193912634408602003e+02 3.290215170822168758e-06 8.819139810206511049e-06
4.195162634408602003e+02 3.279045208539925011e-06 8.798065009886082974e-06
4.196412634408602003e+02 3.267911293927573363e-06 8.777037264271566027e-06
4.197662634408602003e+02 3.256813318953905765e-06 8.756056479389779260e-06
4.198912634408602003e+02 3.245751175874632177e-06 8.735122561417873132e-06
4.200162634408602003e+02 3.234724757231705910e-06 8.714235416683285463e-06
4.201412634408602003e+02 3.223733955852778136e-06 8.693394951663683837e-06
4.202662634408602003e+02 3.212778664850601151e-06 8.672601072986764009e-06
4.203912634408602003e+02 3.201858777622406231e-06 8.651853687430160117e-06
4.205162634408602003e+02 3.190974187849372121e-06 8.631152701921351509e-06
4.206412634408602003e+02 3.180124789495934699e-06 8.610498023537594981e-06
4.207662634408602003e+02 3.169310476809319416e-06 8.589889559505680834e-06
4.208912634408602003e+02 3.158531144318797176e-06 8.569327217201912539e-06
4.210162634408602003e+02 3.147786686835215932e-06 8.548810904151976300e-06
4.211412634408602003e+02 3.137076999450389544e-06 8.528340528030813996e-06
4.212662634408602003e+02 3.126401977536449803e-06 8.507915996662480880e-06
4.213912634408602003e+02 3.115761516745304756e-06 8.487537218020140497e-06
4.215162634408602003e+02 3.105155513008033071e-06 8.467204100225786856e-06
4.216412634408602003e+02 3.094583862534282649e-06 8.446916551550225799e-06
4.217662634408602003e+02 3.084046461811741225e-06 8.426674480412939470e-06
4.218912634408602003e+02 3.073543207605457475e-06 8.406477795381957571e-06
4.220162634408602003e+02 3.063073996957316274e-06 8.386326405173752328e-06
4.221412634408602003e+02 3.052638727185430955e-06 8.366220218653086025e-06
4.222662634408602003e+02 3.042237295883547840e-06 8.346159144832988980e-06
4.223912634408602003e+02 3.031869600920508378e-06 8.326143092874496967e-06
4.225162634408602003e+02 3.021535540439584646e-06 8.306171972086620722e-06
4.226412634408602003e+02 3.011235012857959270e-06 8.286245691926213806e-06
4.227662634408602003e+02 3.000967916866104551e-06 8.266364161997833689e-06
4.228912634408602003e+02 2.990734151427207330e-06 8.246527292053641806e-06
4.230162634408602003e+02 2.980533615776617992e-06 8.226734991993239226e-06
4.231412634408602003e+02 2.970366209421207145e-06 8.206987171863653103e-06
4.232662634408602003e+02 2.960231832138824789e-06 8.187283741859067320e-06
4.233912634408602003e+02 2.950130383977708241e-06 8.167624612320776748e-06
4.235162634408602003e+02 2.940061765255881587e-06 8.148009693737083908e-06
4.236412634408602003e+02 2.930025876560646616e-06 8.128438896743129564e-06
4.237662634408602003e+02 2.920022618747865809e-06 8.108912132120763976e-06
4.238912634408602003e+02 2.910051892941547288e-06 8.089429310798523180e-06
4.240162634408602003e+02 2.900113600533119761e-06 8.069990343851359633e-06
4.241412634408602003e+02 2.890207643180973000e-06 8.050595142500608335e-06
4.242662634408602003e+02 2.880333922809787000e-06 8.031243618113827581e-06
4.243912634408602003e+02 2.870492341609976740e-06 8.011935682204702401e-06
4.245162634408602003e+02 2.860682802037183969e-06 7.992671246432885322e-06
4.246412634408602003e+02 2.850905206811593648e-06 7.973450222603872695e-06
4.247662634408602003e+02 2.841159458917457494e-06 7.954272522668958960e-06
4.248912634408602003e+02 2.831445461602448119e-06 7.935138058724970674e-06
4.250162634408602003e+02 2.821763118377081775e-06 7.916046743014236022e-06
4.251412634408602003e+02 2.812112333014225381e-06 7.896998487924427264e-06
4.252662634408602003e+02 2.802493009548429488e-06 7.877993205988448932e-06
4.253912634408602003e+02 2.792905052275431911e-06 7.859030809884290440e-06
4.255162634408602003e+02 2.783348365751500863e-06 7.840111212434882094e-06
4.256412634408602003e+02 2.773822854792927998e-06 7.821234326608064597e-06
4.257662634408602003e+02 2.764328424475471071e-06 7.802400065516312914e-06
4.258912634408602003e+02 2.754864980133704679e-06 7.783608342416700699e-06
4.260162634408602003e+02 2.745432427360553977e-06 7.764859070710759689e-06
4.261412634408602003e+02 2.736030672006603494e-06 7.746152163944318764e-06
4.262662634408602003e+02 2.726659620179628302e-06 7.727487535807429410e-06
4.263912634408602003e+02 2.717319178244010835e-06 7.708865100134145489e-06
4.265162634408602003e+02 2.708009252820116623e-06 7.690284770902530020e-06
4.266412634408602003e+02 2.698729750783809368e-06 7.671746462234367182e-06
4.267662634408602003e+02 2.689480579265790259e-06 7.653250088395133517e-06
4.268912634408602003e+02 2.680261645651107535e-06 7.634795563793833606e-06
4.270162634408602003e+02 2.671072857578586438e-06 7.616382802982870475e-06
4.271412634408602003e+02 2.661914122940219768e-06 7.598011720657894817e-06
4.272662634408602003e+02 2.652785349880634257e-06 7.579682231657767731e-06
4.273912634408602003e+02 2.643686446796523052e-06 7.561394250964267640e-06
4.275162634408602003e+02 2.634617322336103193e-06 7.543147693702078439e-06
4.276412634408602003e+02 2.625577885398510407e-06 7.524942475138617544e-06
4.277662634408602003e+02 2.616568045133271409e-06 7.506778510683901216e-06
4.278912634408602003e+02 2.607587710939736809e-06 7.488655715890407338e-06
4.280162634408602003e+02 2.598636792466503016e-06 7.470574006452939895e-06
4.281412634408602003e+02 2.589715199610906558e-06 7.452533298208560360e-06
4.282662634408602003e+02 2.580822842518388383e-06 7.434533507136327654e-06
4.283912634408602003e+02 2.571959631581994956e-06 7.416574549357250719e-06
4.285162634408602003e+02 2.563125477441801010e-06 7.398656341134136045e-06
4.286412634408602003e+02 2.554320290984336947e-06 7.380778798871443676e-06
4.287662634408602003e+02 2.545543983342087819e-06 7.362941839115158465e-06
4.288912634408602003e+02 2.536796465892874575e-06 7.345145378552629130e-06
4.290162634408602003e+02 2.528077650259303058e-06 7.327389334012527606e-06
4.291412634408602003e+02 2.519387448308287134e-06 7.309673622464555965e-06
4.292662634408602003e+02 2.510725772150392658e-06 7.291998161019428627e-06
4.293912634408602003e+02 2.502092534139372456e-06 7.274362866928690256e-06
4.295162634408602003e+02 2.493487646871559852e-06 7.256767657584592085e-06
4.296412634408602003e+02 2.484911023185301573e-06 7.239212450519927594e-06
4.297662634408602003e+02 2.476362576160499933e-06 7.221697163407976608e-06
4.298912634408602003e+02 2.467842219117948759e-06 7.204221714062246952e-06
4.300162634408602003e+02 2.459349865618887425e-06 7.186786020436414307e-06
4.301412634408602003e+02 2.450885429464360919e-06 7.169390000624162973e-06
4.302662634408602003e+02 2.442448824694738732e-06 7.152033572859057963e-06
4.303912634408602003e+02 2.434039965589132520e-06 7.134716655514381531e-06
4.305162634408602003e+02 2.425658766664862895e-06 7.117439167103001028e-06
4.306412634408602003e+02 2.417305142676938082e-06 7.100201026277293521e-06
4.307662634408602003e+02 2.408979008617430496e-06 7.083002151828892529e-06
4.308912634408602003e+02 2.400680279715040948e-06 7.065842462688621955e-06
4.310162634408602003e+02 2.392408871434468452e-06 7.048721877926340228e-06
4.311412634408602003e+02 2.384164699475898190e-06 7.031640316750796313e-06
4.312662634408602003e+02 2.375947679774494993e-06 7.014597698509493335e-06
4.313912634408602003e+02 2.367757728499768906e-06 6.997593942688522564e-06
4.315162634408602003e+02 2.359594762055154640e-06 6.980628968912513433e-06
4.316412634408602003e+02 2.351458697077369524e-06 6.963702696944352334e-06
4.317662634408602003e+02 2.343349450435925182e-06 6.946815046685143642e-06
4.318912634408602003e+02 2.335266939232603651e-06 6.929965938174026768e-06
4.320162634408602003e+02 2.327211080800843280e-06 6.913155291588043164e-06
4.321412634408602003e+02 2.319181792705314364e-06 6.896383027241977089e-06
4.322662634408602003e+02 2.311178992741281754e-06 6.879649065588312406e-06
4.323912634408602003e+02 2.303202598934123318e-06 6.862953327216914100e-06
4.325162634408602003e+02 2.295252529538781489e-06 6.846295732855018956e-06
4.326412634408602003e+02 2.287328703039224125e-06 6.829676203367042443e-06
4.327662634408602003e+02 2.279431038147933328e-06 6.813094659754454195e-06
4.328912634408602003e+02 2.271559453805343012e-06 6.796551023155622155e-06
4.330162634408602003e+02 2.263713869179319249e-06 6.780045214845655033e-06
4.331412634408602003e+02 2.255894203664640614e-06 6.763577156236334539e-06
4.332662634408602003e+02 2.248100376882439567e-06 6.747146768875851958e-06
4.333912634408602003e+02 2.240332308679719646e-06 6.730753974448748008e-06
4.335162634408602003e+02 2.232589919128768470e-06 6.714398694775740896e-06
4.336412634408602003e+02 2.224873128526694412e-06 6.698080851813587399e-06
4.337662634408602003e+02 2.217181857394819280e-06 6.681800367654932947e-06
4.338912634408602003e+02 2.209516026478221764e-06 6.665557164528159150e-06
4.340162634408602003e+02 2.201875556745196605e-06 6.649351164797294863e-06
4.341412634408602003e+02 2.194260369386701058e-06 6.633182290961779016e-06
4.342662634408602003e+02 2.186670385815853028e-06 6.617050465656372523e-06
4.343912634408602003e+02 2.179105527667404638e-06 6.600955611651000734e-06
4.345162634408602003e+02 2.171565716797209867e-06 6.584897651850611978e-06
4.346412634408602003e+02 2.164050875281732002e-06 6.568876509295025948e-06
4.347662634408602003e+02 2.156560925417481208e-06 6.552892107158758362e-06
4.348912634408602003e+02 2.149095789720515201e-06 6.536944368750976921e-06
4.350162634408602003e+02 2.141655390925923830e-06 6.521033217515217548e-06
4.351412634408602003e+02 2.134239651987291210e-06 6.505158577029320017e-06
4.352662634408602003e+02 2.126848496076215879e-06 6.489320371005262780e-06
4.353912634408602003e+02 2.119481846581742013e-06 6.473518523289014739e-06
4.355162634408602003e+02 2.112139627109878314e-06 6.457752957860370916e-06
4.356412634408602003e+02 2.104821761483068613e-06 6.442023598832881309e-06
4.357662634408602003e+02 2.097528173739675603e-06 6.426330370453588306e-06
4.358912634408602003e+02 2.090258788133496338e-06 6.410673197102941986e-06
4.360162634408602003e+02 2.083013529133173967e-06 6.395052003294659509e-06
4.361412634408602003e+02 2.075792321421782263e-06 6.379466713675556557e-06
4.362662634408602003e+02 2.068595089896238634e-06 6.363917253025399950e-06
4.363912634408602003e+02 2.061421759666814532e-06 6.348403546256753489e-06
4.365162634408602003e+02 2.054272256056661967e-06 6.332925518414887317e-06
4.366412634408602003e+02 2.047146504601217191e-06 6.317483094677531439e-06
4.367662634408602003e+02 2.040044431047797515e-06 6.302076200354790168e-06
4.368912634408602003e+02 2.032965961355003722e-06 6.286704760888983731e-06
4.370162634408602003e+02 2.025911021692277922e-06 6.271368701854489875e-06
4.371412634408602003e+02 2.018879538439355938e-06 6.256067948957599020e-06
4.372662634408602003e+02 2.011871438185749353e-06 6.240802428036350788e-06
4.373912634408602003e+02 2.004886647730310975e-06 6.225572065060450988e-06
4.375162634408602003e+02 1.997925094080645731e-06 6.210376786131009887e-06
4.376412634408602003e+02 1.990986704452683760e-06 6.195216517480473598e-06
4.377662634408602003e+02 1.984071406270093842e-06 6.180091185472449590e-06
4.378912634408602003e+02 1.977179127163853107e-06 6.165000716601556769e-06
4.380162634408602003e+02 1.970309794971728227e-06 6.149945037493260298e-06
4.381412634408602003e+02 1.963463337737743054e-06 6.134924074903782667e-06
4.382662634408602003e+02 1.956639683711733931e-06 6.119937755719875835e-06
4.383912634408602003e+02 1.949838761348779634e-06 6.104986006958697565e-06
4.385162634408602003e+02 1.943060499308762190e-06 6.090068755767669125e-06
4.386412634408602003e+02 1.936304826455866281e-06 6.075185929424324513e-06
4.387662634408602003e+02 1.929571671858038406e-06 6.060337455336151215e-06
4.388912634408602003e+02 1.922860964786551940e-06 6.045523261040421647e-06
4.390162634408602003e+02 1.916172634715442155e-06 6.030743274204122851e-06
4.391412634408602003e+02 1.909506611321068731e-06 6.015997422623682902e-06
4.392662634408602003e+02 1.902862824481615583e-06 6.001285634224898912e-06
4.393912634408602003e+02 1.896241204276563793e-06 5.986607837062771857e-06
4.395162634408602003e+02 1.889641680986250308e-06 5.971963959321343948e-06
4.396412634408602003e+02 1.883064185091306779e-06 5.957353929313556327e-06
4.397662634408602003e+02 1.876508647272258281e-06 5.942777675481066960e-06
4.398912634408602003e+02 1.869974998408957705e-06 5.928235126394182021e-06
4.400162634408602003e+02 1.863463169580137252e-06 5.913726210751595011e-06
4.401412634408602003e+02 1.856973092062908479e-06 5.899250857380292733e-06
4.402662634408602003e+02 1.850504697332273977e-06 5.884808995235402830e-06
4.403912634408602003e+02 1.844057917060659177e-06 5.870400553400024377e-06
4.405162634408602003e+02 1.837632683117397989e-06 5.856025461085070332e-06
4.406412634408602003e+02 1.831228927568266721e-06 5.841683647629178598e-06
4.407662634408602003e+02 1.824846582674999577e-06 5.827375042498457066e-06
4.408912634408602003e+02 1.818485580894792510e-06 5.813099575286391290e-06
4.410162634408602003e+02 1.812145854879854501e-06 5.798857175713686088e-06
4.411412634408602003e+02 1.805827337476879860e-06 5.784647773628107153e-06
4.412662634408602003e+02 1.799529961726603535e-06 5.770471299004320109e-06
4.413912634408602003e+02 1.793253660863302633e-06 5.756327681943734663e-06
4.415162634408602003e+02 1.786998368314323984e-06 5.742216852674405501e-06
4.416412634408602003e+02 1.780764017699619336e-06 5.728138741550789188e-06
4.417662634408602003e+02 1.774550542831246026e-06 5.714093279053639135e-06
4.418912634408602003e+02 1.768357877712881420e-06 5.700080395789856524e-06
4.420162634408602003e+02 1.762185956539398760e-06 5.686100022492321749e-06
4.421412634408602003e+02 1.756034713696332265e-06 5.672152090019744487e-06
4.422662634408602003e+02 1.749904083759451706e-06 5.658236529356495988e-06
4.423912634408602003e+02 1.743794001494257788e-06 5.644353271612514209e-06
4.425162634408602003e+02 1.737704401855498280e-06 5.630502248023059865e-06
4.426412634408602003e+02 1.731635219986756995e-06 5.616683389948612246e-06
4.427662634408602003e+02 1.725586391219910419e-06 5.602896628874717598e-06
4.428912634408602003e+02 1.719557851074718166e-06 5.589141896411819717e-06
4.430162634408602003e+02 1.713549535258307351e-06 5.575419124295110022e-06
4.431412634408602003e+02 1.707561379664729168e-06 5.561728244384359844e-06
4.432662634408602003e+02 1.701593320374488359e-06 5.548069188663823018e-06
4.433912634408602003e+02 1.695645293654065281e-06 5.534441889241992782e-06
4.435162634408602003e+02 1.689717235955484129e-06 5.520846278351503525e-06
4.436412634408602003e+02 1.683809083915783961e-06 5.507282288348961375e-06
4.437662634408602003e+02 1.677920774356628645e-06 5.493749851714790893e-06
4.438912634408602003e+02 1.672052244283791223e-06 5.480248901053064812e-06
4.440162634408602003e+02 1.666203430886703926e-06 5.466779369091411717e-06
4.441412634408602003e+02 1.660374271538025130e-06 5.453341188680758542e-06
4.442662634408602003e+02 1.654564703793115463e-06 5.439934292795242481e-06
4.443912634408602003e+02 1.648774665389654950e-06 5.426558614532057674e-06
4.445162634408602003e+02 1.643004094247120813e-06 5.413214087111267168e-06
4.446412634408602003e+02 1.637252928466357607e-06 5.399900643875668235e-06
4.447662634408602003e+02 1.631521106329131886e-06 5.386618218290611959e-06
4.448912634408602003e+02 1.625808566297625260e-06 5.373366743943919372e-06
4.450162634408602003e+02 1.620115247014048566e-06 5.360146154545623965e-06
4.451412634408602003e+02 1.614441087300125394e-06 5.346956383927883590e-06
4.452662634408602003e+02 1.608786026156674075e-06 5.333797366044798352e-06
4.453912634408602003e+02 1.603150002763133552e-06 5.320669034972270845e-06
4.455162634408602003e+02 1.597532956477122504e-06 5.307571324907835055e-06
4.456412634408602003e+02 1.591934826833994435e-06 5.294504170170495418e-06
4.457662634408602003e+02 1.586355553546364826e-06 5.281467505200626033e-06
4.458912634408602003e+02 1.580795076503673636e-06 5.268461264559721623e-06
4.460162634408602003e+02 1.575253335771738919e-06 5.255485382930308604e-06
4.461412634408602003e+02 1.569730271592296039e-06 5.242539795115770593e-06
4.462662634408602003e+02 1.564225824382575206e-06 5.229624436040184935e-06
4.463912634408602003e+02 1.558739934734814230e-06 5.216739240748165993e-06
4.465162634408602003e+02 1.553272543415864006e-06 5.203884144404753350e-06
4.466412634408602003e+02 1.547823591366680512e-06 5.191059082295172938e-06
4.467662634408602003e+02 1.542393019701931785e-06 5.178263989824745564e-06
4.468912634408602003e+02 1.536980769709546026e-06 5.165498802518702251e-06
4.470162634408602003e+02 1.531586782850245735e-06 5.152763456022035166e-06
4.471412634408602003e+02 1.526211000757119745e-06 5.140057886099345998e-06
4.472662634408602003e+02 1.520853365235187427e-06 5.127382028634664691e-06
4.473912634408602003e+02 1.515513818260942981e-06 5.114735819631356276e-06
4.475162634408602003e+02 1.510192301981942937e-06 5.102119195211876074e-06
4.476412634408602003e+02 1.504888758716333929e-06 5.089532091617668901e-06
4.477662634408602003e+02 1.499603130952433631e-06 5.076974445209000506e-06
4.478912634408602003e+02 1.494335361348293257e-06 5.064446192464803414e-06
4.480162634408602003e+02 1.489085392731251605e-06 5.051947269982507520e-06
4.481412634408602003e+02 1.483853168097522973e-06 5.039477614477885923e-06
4.482662634408602003e+02 1.478638630611729594e-06 5.027037162784942279e-06
4.483912634408602003e+02 1.473441723606491043e-06 5.014625851855671931e-06
4.485162634408602003e+02 1.468262390581981231e-06 5.002243618759967046e-06
4.486412634408602003e+02 1.463100575205499180e-06 4.989890400685433650e-06
4.487662634408602003e+02 1.457956221311052061e-06 4.977566134937246794e-06
4.488912634408602003e+02 1.452829272898881078e-06 4.965270758937970128e-06
4.490162634408602003e+02 1.447719674135091728e-06 4.953004210227466119e-06
4.491412634408602003e+02 1.442627369351176928e-06 4.940766426462640246e-06
4.492662634408602003e+02 1.437552303043604721e-06 4.928557345417344442e-06
4.493912634408602003e+02 1.432494419873413604e-06 4.916376904982220386e-06
4.495162634408602003e+02 1.427453664665730565e-06 4.904225043164519937e-06
4.496412634408602003e+02 1.422429982409411946e-06 4.892101698087961987e-06
4.497662634408602003e+02 1.417423318256565924e-06 4.880006807992554576e-06
4.498912634408602003e+02 1.412433617522164995e-06 4.867940311234504270e-06
4.500162634408602003e+02 1.407460825683600011e-06 4.855902146285956961e-06
4.501412634408602003e+02 1.402504888380249887e-06 4.843892251734915708e-06
4.502662634408602003e+02 1.397565751413102977e-06 4.831910566285045918e-06
4.503912634408602003e+02 1.392643360744284642e-06 4.819957028755561000e-06
4.505162634408602003e+02 1.387737662496685615e-06 4.808031578081008062e-06
4.506412634408602003e+02 1.382848602953489989e-06 4.796134153311134925e-06
4.507662634408602003e+02 1.377976128557799986e-06 4.784264693610785100e-06
4.508912634408602003e+02 1.373120185912212224e-06 4.772423138259641125e-06
4.510162634408602003e+02 1.368280721778376204e-06 4.760609426652134788e-06
4.511412634408602003e+02 1.363457683076613992e-06 4.748823498297278566e-06
4.512662634408602003e+02 1.358651016885465783e-06 4.737065292818496216e-06
4.513912634408602003e+02 1.353860670441304294e-06 4.725334749953476239e-06
4.515162634408602003e+02 1.349086591137926068e-06 4.713631809553993158e-06
4.516412634408602003e+02 1.344328726526105933e-06 4.701956411585812647e-06
4.517662634408602003e+02 1.339587024313229182e-06 4.690308496128446743e-06
4.518912634408602003e+02 1.334861432362832264e-06 4.678688003375048809e-06
4.520162634408602003e+02 1.330151898694229248e-06 4.667094873632250908e-06
4.521412634408602003e+02 1.325458371482099527e-06 4.655529047319998627e-06
4.522662634408602003e+02 1.320780799056059644e-06 4.643990464971384218e-06
4.523912634408602003e+02 1.316119129900269205e-06 4.632479067232539864e-06
4.525162634408602003e+02 1.311473312653020289e-06 4.620994794862408138e-06
4.526412634408602003e+02 1.306843296106343358e-06 4.609537588732621726e-06
4.527662634408602003e+02 1.302229029205578450e-06 4.598107389827352649e-06
4.528912634408602003e+02 1.297630461048992529e-06 4.586704139243139474e-06
4.530162634408602003e+02 1.293047540887361904e-06 4.575327778188739079e-06
4.531412634408602003e+02 1.288480218123575388e-06 4.563978247984952169e-06
4.532662634408602003e+02 1.283928442312241487e-06 4.552655490064515697e-06
4.533912634408602003e+02 1.279392163159267216e-06 4.541359445971875017e-06
4.535162634408602003e+02 1.274871330521472274e-06 4.530090057363075462e-06
4.536412634408602003e+02 1.270365894406185433e-06 4.518847266005585312e-06
4.537662634408602003e+02 1.265875804970841982e-06 4.507631013778149263e-06
4.538912634408602003e+02 1.261401012522601935e-06 4.496441242670625790e-06
4.540162634408602003e+02 1.256941467517933071e-06 4.485277894783810120e-06
4.541412634408602003e+02 1.252497120562211138e-06 4.474140912329350378e-06
4.542662634408602003e+02 1.248067922409359229e-06 4.463030237629486698e-06
4.543912634408602003e+02 1.243653823961411558e-06 4.451945813116961436e-06
4.545162634408602003e+02 1.239254776268150299e-06 4.440887581334847228e-06
4.546412634408602003e+02 1.234870730526695827e-06 4.429855484936384355e-06
4.547662634408602003e+02 1.230501638081105443e-06 4.418849466684817265e-06
4.548912634408602003e+02 1.226147450422018038e-06 4.407869469453287004e-06
4.550162634408602003e+02 1.221808119186224018e-06 4.396915436224594044e-06
4.551412634408602003e+02 1.217483596156304672e-06 4.385987310091095791e-06
4.552662634408602003e+02 1.213173833260225817e-06 4.375085034254537181e-06
4.553912634408602003e+02 1.208878782570940955e-06 4.364208552025891438e-06
4.555162634408602003e+02 1.204598396306042088e-06 4.353357806825205910e-06
4.556412634408602003e+02 1.200332626827328578e-06 4.342532742181425890e-06
4.557662634408602003e+02 1.196081426640457955e-06 4.331733301732300595e-06
4.558912634408602003e+02 1.191844748394531087e-06 4.320959429224136678e-06
4.560162634408602003e+02 1.187622544881727106e-06 4.310211068511705902e-06
4.561412634408602003e+02 1.183414769036912500e-06 4.299488163558060485e-06
4.562662634408602003e+02 1.179221373937258260e-06 4.288790658434385722e-06
4.563912634408602003e+02 1.175042312801873533e-06 4.278118497319855136e-06
4.565162634408602003e+02 1.170877538991387402e-06 4.267471624501429732e-06
4.566412634408602003e+02 1.166727006007615367e-06 4.256849984373781769e-06
4.567662634408602003e+02 1.162590667493146414e-06 4.246253521439043186e-06
4.568912634408602003e+02 1.158468477230972230e-06 4.235682180306714125e-06
4.570162634408602003e+02 1.154360389144128482e-06 4.225135905693485053e-06
4.571412634408602003e+02 1.150266357295275748e-06 4.214614642423080062e-06
4.572662634408602003e+02 1.146186335886375948e-06 4.204118335426095084e-06
4.573912634408602003e+02 1.142120279258273917e-06 4.193646929739878460e-06
4.575162634408602003e+02 1.138068141890342489e-06 4.183200370508316644e-06
4.576412634408602003e+02 1.134029878400116796e-06 4.172778602981713070e-06
4.577662634408602003e+02 1.130005443542886635e-06 4.162381572516629765e-06
4.578912634408602003e+02 1.125994792211372895e-06 4.152009224575722171e-06
4.580162634408602003e+02 1.121997879435315481e-06 4.141661504727591766e-06
4.581412634408602003e+02 1.118014660381123699e-06 4.131338358646614113e-06
4.582662634408602003e+02 1.114045090351497844e-06 4.121039732112827054e-06
4.583912634408602003e+02 1.110089124785063707e-06 4.110765571011709632e-06
4.585162634408602003e+02 1.106146719256010254e-06 4.100515821334067745e-06
4.586412634408602003e+02 1.102217829473708250e-06 4.090290429175872358e-06
4.587662634408602003e+02 1.098302411282353237e-06 4.080089340738098571e-06
4.588912634408602003e+02 1.094400420660597919e-06 4.069912502326573999e-06
4.590162634408602003e+02 1.090511813721182434e-06 4.059759860351806823e-06
4.591412634408602003e+02 1.086636546710586222e-06 4.049631361328879911e-06
4.592662634408602003e+02 1.082774576008636907e-06 4.039526951877226356e-06
4.593912634408602003e+02 1.078925858128181652e-06 4.029446578720516818e-06
4.595162634408602003e+02 1.075090349714685660e-06 4.019390188686492664e-06
4.596412634408602003e+02 1.071268007545903530e-06 4.009357728706816880e-06
4.597662634408602003e+02 1.067458788531511641e-06 3.999349145816908913e-06
4.598912634408602003e+02 1.063662649712737155e-06 3.989364387155786262e-06
4.600162634408602003e+02 1.059879548262007553e-06 3.979403399965948445e-06
4.601412634408602003e+02 1.056109441482592981e-06 3.969466131593160155e-06
4.602662634408602003e+02 1.052352286808243501e-06 3.959552529486333521e-06
4.603912634408602003e+02 1.048608041802846049e-06 3.949662541197368018e-06
4.605162634408602003e+02 1.044876664160050467e-06 3.939796114380995466e-06
4.606412634408602003e+02 1.041158111702925396e-06 3.929953196794604687e-06
4.607662634408602003e+02 1.037452342383603369e-06 3.920133736298150030e-06
4.608912634408602003e+02 1.033759314282921670e-06 3.910337680853904882e-06
4.610162634408602003e+02 1.030078985610085215e-06 3.900564978526372731e-06
4.611412634408602003e+02 1.026411314702293009e-06 3.890815577482110982e-06
4.612662634408602003e+02 1.022756260024402086e-06 3.881089425989575952e-06
4.613912634408602003e+02 1.019113780168571970e-06 3.871386472418975483e-06
4.615162634408602003e+02 1.015483833853914209e-06 3.861706665242093611e-06
4.616412634408602003e+02 1.011866379926156321e-06 3.852049953032187220e-06
4.617662634408602003e+02 1.008261377357264649e-06 3.842416284463762436e-06
4.618912634408602003e+02 1.004668785245133713e-06 3.832805608312467043e-06
4.620162634408602003e+02 1.001088562813212455e-06 3.823217873454921933e-06
4.621412634408602003e+02 9.975206694101652156e-07 3.813653028868570751e-06
4.622662634408602003e+02 9.939650645095443567e-07 3.804111023631519384e-06
4.623912634408602003e+02 9.904217077094080354e-07 3.794591806922375873e-06
4.625162634408602003e+02 9.868905587320233206e-07 3.785095328020147921e-06
4.626412634408602003e+02 9.833715774234837571e-07 3.775621536304004032e-06
4.627662634408602003e+02 9.798647237533963873e-07 3.766170381253179061e-06
4.628912634408602003e+02 9.763699578145240908e-07 3.756741812446803120e-06
4.630162634408602003e+02 9.728872398224393607e-07 3.747335779563752074e-06
4.631412634408602003e+02 9.694165301152138650e-07 3.737952232382476861e-06
4.632662634408602003e+02 9.659577891530457530e-07 3.728591120780901006e-06
4.633912634408602003e+02 9.625109775179511227e-07 3.719252394736198273e-06
4.635162634408602003e+02 9.590760559133959859e-07 3.709936004324676619e-06
4.636412634408602003e+02 9.556529851639858297e-07 3.700641899721629119e-06
4.637662634408602003e+02 9.522417262151233100e-07 3.691370031201160749e-06
4.638912634408602003e+02 9.488422401326623441e-07 3.682120349136058785e-06
4.640162634408602003e+02 9.454544881025939676e-07 3.672892803997606036e-06
4.641412634408602003e+02 9.420784314306838038e-07 3.663687346355486824e-06
4.642662634408602003e+02 9.387140315421664971e-07 3.654503926877561671e-06
4.643912634408602003e+02 9.353612499814080643e-07 3.645342496329760572e-06
4.645162634408602003e+02 9.320200484115592462e-07 3.636203005575920370e-06
4.646412634408602003e+02 9.286903886142501527e-07 3.627085405577628047e-06
4.647662634408602003e+02 9.253722324892294260e-07 3.617989647394074618e-06
4.648912634408602003e+02 9.220655420540616387e-07 3.608915682181882755e-06
4.650162634408602003e+02 9.187702794437941981e-07 3.599863461195005570e-06
4.651412634408602003e+02 9.154864069106188502e-07 3.590832935784506384e-06
4.652662634408602003e+02 9.122138868235526663e-07 3.581824057398453272e-06
4.653912634408602003e+02 9.089526816681091823e-07 3.572836777581748810e-06
4.655162634408602003e+02 9.057027540459831967e-07 3.563871047975983538e-06
4.656412634408602003e+02 9.024640666747104749e-07 3.554926820319274176e-06
4.657662634408602003e+02 8.992365823873537120e-07 3.546004046446148428e-06
4.658912634408602003e+02 8.960202641321773777e-07 3.537102678287334919e-06
4.660162634408602003e+02 8.928150749723245735e-07 3.528222667869656043e-06
4.661412634408602003e+02 8.896209780855025716e-07 3.519363967315856019e-06
4.662662634408602003e+02 8.864379367636492959e-07 3.510526528844460701e-06
4.663912634408602003e+02 8.832659144126233075e-07 3.501710304769616225e-06
4.665162634408602003e+02 8.801048745518797091e-07 3.492915247500936962e-06
4.666412634408602003e+02 8.769547808141517663e-07 3.484141309543389476e-06
4.667662634408602003e+02 8.738155969451425876e-07 3.475388443497076107e-06
4.668912634408602003e+02 8.706872868031939348e-07 3.466656602057137987e-06
4.670162634408602003e+02 8.675698143589693265e-07 3.457945738013579277e-06
4.671412634408602003e+02 8.644631436951590587e-07 3.449255804251124447e-06
4.672662634408602003e+02 8.613672390061395924e-07 3.440586753749067499e-06
4.673912634408602003e+02 8.582820645976815381e-07 3.431938539581110612e-06
4.675162634408602003e+02 8.552075848866202666e-07 3.423311114915247248e-06
4.676412634408602003e+02 8.521437644005413415e-07 3.414704433013562676e-06
4.677662634408602003e+02 8.490905677774907288e-07 3.406118447232117508e-06
4.678912634408602003e+02 8.460479597656377829e-07 3.397553111020784642e-06
4.680162634408602003e+02 8.430159052229842912e-07 3.389008377923107808e-06
4.681412634408602003e+02 8.399943691170421782e-07 3.380484201576141480e-06
4.682662634408602003e+02 8.369833165245206322e-07 3.371980535710296291e-06
4.683912634408602003e+02 8.339827126310413969e-07 3.363497334149228074e-06
4.685162634408602003e+02 8.309925227308015460e-07 3.355034550809638806e-06
4.686412634408602003e+02 8.280127122262947037e-07 3.346592139701144475e-06
4.687662634408602003e+02 8.250432466279723373e-07 3.338170054926130655e-06
4.688912634408602003e+02 8.220840915539740832e-07 3.329768250679603434e-06
4.690162634408602003e+02 8.191352127297958157e-07 3.321386681249026782e-06
4.691412634408602003e+02 8.161965759879956208e-07 3.313025301014209046e-06
4.692662634408602003e+02 8.132681472678999817e-07 3.304684064447103477e-06
4.693912634408602003e+02 8.103498926152753416e-07 3.296362926111692184e-06
4.695162634408602003e+02 8.074417781820572650e-07 3.288061840663829012e-06
4.696412634408602003e+02 8.045437702260267654e-07 3.279780762851090463e-06
4.697662634408602003e+02 8.016558351105177609e-07 3.271519647512626191e-06
4.698912634408602003e+02 7.987779393041260130e-07 3.263278449579007815e-06
4.700162634408602003e+02 7.959100493803839714e-07 3.255057124072106090e-06
4.701412634408602003e+02 7.930521320174979823e-07 3.246855626104894403e-06
4.702662634408602003e+02 7.902041539980219688e-07 3.238673910881338230e-06
4.703912634408602003e+02 7.873660822085742043e-07 3.230511933696231660e-06
4.705162634408602003e+02 7.845378836395369335e-07 3.222369649935057636e-06
4.706412634408602003e+02 7.817195253847611813e-07 3.214247015073831254e-06
4.707662634408602003e+02 7.789109746412787619e-07 3.206143984678950682e-06
4.708912634408602003e+02 7.761121987089956525e-07 3.198060514407080272e-06
4.710162634408602003e+02 7.733231649904080255e-07 3.189996560004951932e-06
4.711412634408602003e+02 7.705438409903047285e-07 3.181952077309251198e-06
4.712662634408602003e+02 7.677741943154788694e-07 3.173927022246462649e-06
4.713912634408602003e+02 7.650141926744386606e-07 3.165921350832720409e-06
4.715162634408602003e+02 7.622638038771074632e-07 3.157935019173657375e-06
4.716412634408602003e+02 7.595229958345432077e-07 3.149967983464287052e-06
4.717662634408602003e+02 7.567917365586444734e-07 3.142020199988808317e-06
4.718912634408602003e+02 7.540699941618615441e-07 3.134091625120488524e-06
4.720162634408602003e+02 7.513577368569167818e-07 3.126182215321516971e-06
4.721412634408602003e+02 7.486549329565029766e-07 3.118291927142849044e-06
4.722662634408602003e+02 7.459615508730162141e-07 3.110420717224063914e-06
4.723912634408602003e+02 7.432775591182451198e-07 3.102568542293212075e-06
4.725162634408602003e+02 7.406029263031073262e-07 3.094735359166696755e-06
4.726412634408602003e+02 7.379376211373614818e-07 3.086921124749083762e-06
4.727662634408602003e+02 7.352816124293143890e-07 3.079125796032985012e-06
4.728912634408602003e+02 7.326348690855440246e-07 3.071349330098903949e-06
4.730162634408602003e+02 7.299973601106176896e-07 3.063591684115092818e-06
4.731412634408602003e+02 7.273690546068078295e-07 3.055852815337404435e-06
4.732662634408602003e+02 7.247499217738183369e-07 3.048132681109140568e-06
4.733912634408602003e+02 7.221399309084933839e-07 3.040431238860937588e-06
4.735162634408602003e+02 7.195390514045444658e-07 3.032748446110572498e-06
4.736412634408602003e+02 7.169472527522713035e-07 3.025084260462849429e-06
4.737662634408602003e+02 7.143645045382806289e-07 3.017438639609450567e-06
4.738912634408602003e+02 7.117907764452164046e-07 3.009811541328784528e-06
4.740162634408602003e+02 7.092260382514721504e-07 3.002202923485839826e-06
4.741412634408602003e+02 7.066702598309197873e-07 2.994612744032070097e-06
4.742662634408602003e+02 7.041234111526427156e-07 2.987040961005198437e-06
4.743912634408602003e+02 7.015854622806413653e-07 2.979487532529108555e-06
4.745162634408602003e+02 6.990563833735753807e-07 2.971952416813696122e-06
4.746412634408602003e+02 6.965361446844907696e-07 2.964435572154713763e-06
4.747662634408602003e+02 6.940247165605322300e-07 2.956936956933635531e-06
4.748912634408602003e+02 6.915220694426927457e-07 2.949456529617502746e-06
4.750162634408602003e+02 6.890281738655160662e-07 2.941994248758811342e-06
4.751412634408602003e+02 6.865430004568464082e-07 2.934550072995323825e-06
4.752662634408602003e+02 6.840665199375567703e-07 2.927123961049950265e-06
4.753912634408602003e+02 6.815987031212695174e-07 2.919715871730605568e-06
4.755162634408602003e+02 6.791395209140851187e-07 2.912325763930059132e-06
4.756412634408602003e+02 6.766889443143410610e-07 2.904953596625795509e-06
4.757662634408602003e+02 6.742469444123038463e-07 2.897599328879863207e-06
4.758912634408602003e+02 6.718134923899393397e-07 2.890262919838762884e-06
4.760162634408602003e+02 6.693885595206236141e-07 2.882944328733254647e-06
4.761412634408602003e+02 6.669721171688774049e-07 2.875643514878250481e-06
4.762662634408602003e+02 6.645641367901283057e-07 2.868360437672664320e-06
4.763912634408602003e+02 6.621645899304041422e-07 2.861095056599262975e-06
4.765162634408602003e+02 6.597734482261094616e-07 2.853847331224536107e-06
4.766412634408602003e+02 6.573906834037374354e-07 2.846617221198531063e-06
4.767662634408602003e+02 6.550162672796100322e-07 2.839404686254756309e-06
4.768912634408602003e+02 6.526501717596389424e-07 2.832209686209981532e-06
4.770162634408602003e+02 6.502923688390286931e-07 2.825032180964134728e-06
4.771412634408602003e+02 6.479428306020502791e-07 2.817872130500148885e-06
4.772662634408602003e+02 6.456015292217602649e-07 2.810729494883821376e-06
4.773912634408602003e+02 6.432684369597419107e-07 2.803604234263664037e-06
4.775162634408602003e+02 6.409435261658719206e-07 2.796496308870796015e-06
4.776412634408602003e+02 6.386267692780236633e-07 2.789405679018751070e-06
4.777662634408602003e+02 6.363181388218462025e-07 2.782332305103372963e-06
4.778912634408602003e+02 6.340176074104855173e-07 2.775276147602663842e-06
4.780162634408602003e+02 6.317251477443307097e-07 2.768237167076643629e-06
4.781412634408602003e+02 6.294407326107805412e-07 2.761215324167207298e-06
4.782662634408602003e+02 6.271643348839518419e-07 2.754210579597984694e-06
4.783912634408602003e+02 6.248959275244678580e-07 2.747222894174221940e-06
4.785162634408602003e+02 6.226354835791670842e-07 2.740252228782598488e-06
4.786412634408602003e+02 6.203829761808683179e-07 2.733298544391119538e-06
4.787662634408602003e+02 6.181383785481330667e-07 2.726361802048966116e-06
4.788912634408602003e+02 6.159016639849820037e-07 2.719441962886356585e-06
4.790162634408602003e+02 6.136728058806673280e-07 2.712538988114406884e-06
4.791412634408602003e+02 6.114517777094240540e-07 2.705652839024982720e-06
4.792662634408602003e+02 6.092385530301982201e-07 2.698783476990590724e-06
4.793912634408602003e+02 6.070331054864331187e-07 2.691930863464193377e-06
4.795162634408602003e+02 6.048354088057842694e-07 2.685094959979104819e-06
4.796412634408602003e+02 6.026454367998961205e-07 2.678275728148833734e-06
4.797662634408602003e+02 6.004631633641534439e-07 2.671473129666955861e-06
4.798912634408602003e+02 5.982885624774170619e-07 2.664687126306961958e-06
4.800162634408602003e+02 5.961216082018095470e-07 2.657917679922149382e-06
4.801412634408602003e+02 5.939622746824352779e-07 2.651164752445440820e-06
4.802662634408602003e+02 5.918105361471590463e-07 2.644428305889275025e-06
4.803912634408602003e+02 5.896663669063626406e-07 2.637708302345460278e-06
4.805162634408602003e+02 5.875297413526806776e-07 2.631004703985035898e-06
4.806412634408602003e+02 5.854006339607918089e-07 2.624317473058140105e-06
4.807662634408602003e+02 5.832790192871408943e-07 2.617646571893855439e-06
4.808912634408602003e+02 5.811648719697213137e-07 2.610991962900108382e-06
4.810162634408602003e+02 5.790581667278333518e-07 2.604353608563484284e-06
4.811412634408602003e+02 5.769588783618250052e-07 2.597731471449120212e-06
4.812662634408602003e+02 5.748669817528839306e-07 2.591125514200561383e-06
4.813912634408602003e+02 5.727824518627656527e-07 2.584535699539620123e-06
4.815162634408602003e+02 5.707052637335759828e-07 2.577961990266247128e-06
4.816412634408602003e+02 5.686353924875323670e-07 2.571404349258378993e-06
4.817662634408602003e+02 5.665728133267160235e-07 2.564862739471835298e-06
4.818912634408602003e+02 5.645175015328500201e-07 2.558337123940137343e-06
4.820162634408602003e+02 5.624694324670475988e-07 2.551827465774400153e-06
4.821412634408602003e+02 5.604285815695882424e-07 2.545333728163191869e-06
4.822662634408602003e+02 5.583949243596853749e-07 2.538855874372393138e-06
4.823912634408602003e+02 5.563684364352426285e-07 2.532393867745059900e-06
4.825162634408602003e+02 5.543490934726212264e-07 2.525947671701311999e-06
4.826412634408602003e+02 5.523368712264210255e-07 2.519517249738152763e-06
4.827662634408602003e+02 5.503317455292304295e-07 2.513102565429368212e-06
4.828912634408602003e+02 5.483336922914096545e-07 2.506703582425381366e-06
4.830162634408602003e+02 5.463426875008494304e-07 2.500320264453117141e-06
4.831412634408602003e+02 5.443587072227409257e-07 2.493952575315866406e-06
4.832662634408602003e+02 5.423817275993589069e-07 2.487600478893147910e-06
4.833912634408602003e+02 5.404117248498146168e-07 2.481263939140594784e-06
4.835162634408602003e+02 5.384486752698434866e-07 2.474942920089784708e-06
4.836412634408602003e+02 5.364925552315656380e-07 2.468637385848130224e-06
4.837662634408602003e+02 5.345433411832586656e-07 2.462347300598738126e-06
4.838912634408602003e+02 5.326010096491437619e-07 2.456072628600274356e-06
4.840162634408602003e+02 5.306655372291427244e-07 2.449813334186832296e-06
4.841412634408602003e+02 5.287369005986672563e-07 2.443569381767790462e-06
4.842662634408602003e+02 5.268150765083826440e-07 2.437340735827702814e-06
4.843912634408602003e+02 5.249000417839842467e-07 2.431127360926133586e-06
4.845162634408602003e+02 5.229917733259863730e-07 2.424929221697541243e-06
4.846412634408602003e+02 5.210902481094808770e-07 2.418746282851142528e-06
4.847662634408602003e+02 5.191954431839307994e-07 2.412578509170780754e-06
4.848912634408602003e+02 5.173073356729372220e-07 2.406425865514790697e-06
4.850162634408602003e+02 5.154259027740162862e-07 2.400288316815859687e-06
4.851412634408602003e+02 5.135511217583968581e-07 2.394165828080920456e-06
4.852662634408602003e+02 5.116829699707720300e-07 2.388058364390981732e-06
4.853912634408602003e+02 5.098214248291056793e-07 2.381965890901021088e-06
4.855162634408602003e+02 5.079664638243963582e-07 2.375888372839842219e-06
4.856412634408602003e+02 5.061180645204592886e-07 2.369825775509948734e-06
4.857662634408602003e+02 5.042762045537266738e-07 2.363778064287402699e-06
4.858912634408602003e+02 5.024408616330044944e-07 2.357745204621720032e-06
4.860162634408602003e+02 5.006120135392678443e-07 2.351727162035696434e-06
4.861412634408602003e+02 4.987896381254563713e-07 2.345723902125307020e-06
4.862662634408602003e+02 4.969737133162308619e-07 2.339735390559565706e-06
4.863912634408602003e+02 4.951642171077895408e-07 2.333761593080393925e-06
4.865162634408602003e+02 4.933611275676263486e-07 2.327802475502486789e-06
4.866412634408602003e+02 4.915644228343280776e-07 2.321858003713188582e-06
4.867662634408602003e+02 4.897740811173727780e-07 2.315928143672368665e-06
4.868912634408602003e+02 4.879900806968896240e-07 2.310012861412265202e-06
4.870162634408602003e+02 4.862123999234780723e-07 2.304112123037375463e-06
4.871412634408602003e+02 4.844410172179675165e-07 2.298225894724323696e-06
4.872662634408602003e+02 4.826759110712199283e-07 2.292354142721725593e-06
4.873912634408602003e+02 4.809170600439280520e-07 2.286496833350060393e-06
4.875162634408602003e+02 4.791644427663807766e-07 2.280653933001536627e-06
4.876412634408602003e+02 4.774180379382827172e-07 2.274825408139984543e-06
4.877662634408602003e+02 4.756778243285178935e-07 2.269011225300691360e-06
4.878912634408602003e+02 4.739437807749577174e-07 2.263211351090295385e-06
4.880162634408602003e+02 4.722158861842548998e-07 2.257425752186650070e-06
4.881412634408602003e+02 4.704941195316183512e-07 2.251654395338697801e-06
4.882662634408602003e+02 4.687784598606332405e-07 2.245897247366331406e-06
4.883912634408602003e+02 4.670688862830267900e-07 2.240154275160291669e-06
4.885162634408602003e+02 4.653653779784801815e-07 2.234425445682003425e-06
4.886412634408602003e+02 4.636679141944238917e-07 2.228710725963466294e-06
4.887662634408602003e+02 4.619764742458167757e-07 2.223010083107126356e-06
4.888912634408602003e+02 4.602910375149673956e-07 2.217323484285744862e-06
4.890162634408602003e+02 4.586115834513038926e-07 2.211650896742271174e-06
4.891412634408602003e+02 4.569380915711879042e-07 2.205992287789707247e-06
4.892662634408602003e+02 4.552705414577119647e-07 2.200347624811005979e-06
4.893912634408602003e+02 4.536089127604835647e-07 2.194716875258906467e-06
4.895162634408602003e+02 4.519531851954462681e-07 2.189100006655831515e-06
4.896412634408602003e+02 4.503033385446548782e-07 2.183496986593753377e-06
4.897662634408602003e+02 4.486593526560900958e-07 2.177907782734066704e-06
4.898912634408602003e+02 4.470212074434598375e-07 2.172332362807461490e-06
4.900162634408602003e+02 4.453888828859875301e-07 2.166770694613793897e-06
4.901412634408602003e+02 4.437623590282249696e-07 2.161222746021976569e-06
4.902662634408602003e+02 4.421416159798531091e-07 2.155688484969822346e-06
4.903912634408602003e+02 4.405266339154758068e-07 2.150167879463938393e-06
4.905162634408602003e+02 4.389173930744360725e-07 2.144660897579595754e-06
4.906412634408602003e+02 4.373138737606046270e-07 2.139167507460603566e-06
4.907662634408602003e+02 4.357160563421940316e-07 2.133687677319176501e-06
4.908912634408602003e+02 4.341239212515644523e-07 2.128221375435830155e-06
4.910162634408602003e+02 4.325374489850182550e-07 2.122768570159227315e-06
4.911412634408602003e+02 4.309566201026190576e-07 2.117329229906066568e-06
4.912662634408602003e+02 4.293814152279865363e-07 2.111903323160959066e-06
4.913912634408602003e+02 4.278118150481044141e-07 2.106490818476301040e-06
4.915162634408602003e+02 4.262478003131385601e-07 2.101091684472145056e-06
4.916412634408602003e+02 4.246893518362294669e-07 2.095705889836076768e-06
4.917662634408602003e+02 4.231364504933131556e-07 2.090333403323105231e-06
4.918912634408602003e+02 4.215890772229211703e-07 2.084974193755510433e-06
4.920162634408602003e+02 4.200472130259901018e-07 2.079628230022738261e-06
4.921412634408602003e+02 4.185108389656809575e-07 2.074295481081274298e-06
4.922662634408602003e+02 4.169799361671762442e-07 2.068975915954512951e-06
4.923912634408602003e+02 4.154544858175027266e-07 2.063669503732642259e-06
4.925162634408602003e+02 4.139344691653334859e-07 2.058376213572504553e-06
4.926412634408602003e+02 4.124198675208004083e-07 2.053096014697510060e-06
4.927662634408602003e+02 4.109106622553166257e-07 2.047828876397462839e-06
4.928912634408602003e+02 4.094068348013753448e-07 2.042574768028471838e-06
4.930162634408602003e+02 4.079083666523749885e-07 2.037333659012817492e-06
4.931412634408602003e+02 4.064152393624250661e-07 2.032105518838828477e-06
4.932662634408602003e+02 4.049274345461604084e-07 2.026890317060756348e-06
4.933912634408602003e+02 4.034449338785654616e-07 2.021688023298675168e-06
4.935162634408602003e+02 4.019677190947793634e-07 2.016498607238319298e-06
4.936412634408602003e+02 4.004957719899113960e-07 2.011322038630990651e-06
4.937662634408602003e+02 3.990290744188719501e-07 2.006158287293429940e-06
4.938912634408602003e+02 3.975676082961671191e-07 2.001007323107691319e-06
4.940162634408602003e+02 3.961113555957365986e-07 1.995869116021022524e-06
4.941412634408602003e+02 3.946602983507587628e-07 1.990743636045737402e-06
4.942662634408602003e+02 3.932144186534691872e-07 1.985630853259117646e-06
4.943912634408602003e+02 3.917736986549934665e-07 1.980530737803256101e-06
4.945162634408602003e+02 3.903381205651436609e-07 1.975443259884960623e-06
4.946412634408602003e+02 3.889076666522635545e-07 1.970368389775624483e-06
4.947662634408602003e+02 3.874823192430265317e-07 1.965306097811106088e-06
4.948912634408602003e+02 3.860620607222665415e-07 1.960256354391612939e-06
4.950162634408602003e+02 3.846468735328072612e-07 1.955219129981566526e-06
4.951412634408602003e+02 3.832367401752640496e-07 1.950194395109512125e-06
4.952662634408602003e+02 3.818316432078895225e-07 1.945182120367960819e-06
4.953912634408602003e+02 3.804315652463756645e-07 1.940182276413294213e-06
4.955162634408602003e+02 3.790364889636858518e-07 1.935194833965638645e-06
4.956412634408602003e+02 3.776463970898876159e-07 1.930219763808743216e-06
4.957662634408602003e+02 3.762612724119561853e-07 1.925257036789860782e-06
4.958912634408602003e+02 3.748810977736228134e-07 1.920306623819626826e-06
4.960162634408602003e+02 3.735058560751793257e-07 1.915368495871955275e-06
4.961412634408602003e+02 3.721355302733125250e-07 1.910442623983893234e-06
4.962662634408602003e+02 3.707701033809397079e-07 1.905528979255519975e-06
4.963912634408602003e+02 3.694095584670138474e-07 1.900627532849823696e-06
4.965162634408602003e+02 3.680538786563749387e-07 1.895738255992582089e-06
4.966412634408602003e+02 3.667030471295567696e-07 1.890861119972241214e-06
4.967662634408602003e+02 3.653570471226241315e-07 1.885996096139813217e-06
4.968912634408602003e+02 3.640158619270092363e-07 1.881143155908732129e-06
4.970162634408602003e+02 3.626794748893237805e-07 1.876302270754753699e-06
4.971412634408602003e+02 3.613478694112002858e-07 1.871473412215832999e-06
4.972662634408602003e+02 3.600210289491225864e-07 1.866656551892006052e-06
4.973912634408602003e+02 3.586989370142448818e-07 1.861851661445272941e-06
4.975162634408602003e+02 3.573815771722410175e-07 1.857058712599476471e-06
4.976412634408602003e+02 3.560689330431161794e-07 1.852277677140201162e-06
4.977662634408602003e+02 3.547609883010511454e-07 1.847508526914632640e-06
4.978912634408602003e+02 3.534577266742341493e-07 1.842751233831452815e-06
4.980162634408602003e+02 3.521591319446865510e-07 1.838005769860725960e-06
4.981412634408602003e+02 3.508651879481053941e-07 1.833272107033775039e-06
4.982662634408602003e+02 3.495758785736870645e-07 1.828550217443070539e-06
4.983912634408602003e+02 3.482911877639686829e-07 1.823840073242106374e-06
4.985162634408602003e+02 3.470110995146632519e-07 1.819141646645304174e-06
4.986412634408602003e+02 3.457355978744880250e-07 1.814454909927867172e-06
4.987662634408602003e+02 3.444646669450092355e-07 1.809779835425688935e-06
4.988912634408602003e+02 3.431982908804679253e-07 1.805116395535223979e-06
4.990162634408602003e+02 3.419364538876232434e-07 1.800464562713378925e-06
4.991412634408602003e+02 3.406791402255915102e-07 1.795824309477390955e-06
4.992662634408602003e+02 3.394263342056743751e-07 1.791195608404728702e-06
4.993912634408602003e+02 3.381780201912080451e-07 1.786578432132955033e-06
4.995162634408602003e+02 3.369341825973901195e-07 1.781972753359623080e-06
4.996412634408602003e+02 3.356948058911260117e-07 1.777378544842164000e-06
4.997662634408602003e+02 3.344598745908690195e-07 1.772795779397769458e-06
4.998912634408602003e+02 3.332293732664523474e-07 1.768224429903274518e-06
5.000162634408602003e+02 3.320032865389394467e-07 1.763664469295045415e-06
5.001412634408602003e+02 3.307815990804535499e-07 1.759115870568877696e-06
5.002662634408602003e+02 3.295642956140261051e-07 1.754578606779856675e-06
5.003912634408602003e+02 3.283513609134394920e-07 1.750052651042263833e-06
5.005162634408602003e+02 3.271427798030625924e-07 1.745537976529456752e-06
5.006412634408602003e+02 3.259385371576939825e-07 1.741034556473756039e-06
5.007662634408602003e+02 3.247386179024150789e-07 1.736542364166331817e-06
5.008912634408602003e+02 3.235430070124160204e-07 1.732061372957087687e-06
5.010162634408602003e+02 3.223516895128559605e-07 1.727591556254563106e-06
5.011412634408602003e+02 3.211646504786966254e-07 1.723132887525797226e-06
5.012662634408602003e+02 3.199818750345472010e-07 1.718685340296230004e-06
5.013912634408602003e+02 3.188033483545205490e-07 1.714248888149588272e-06
5.015162634408602003e+02 3.176290556620611009e-07 1.709823504727772243e-06
5.016412634408602003e+02 3.164589822298068439e-07 1.705409163730739245e-06
5.017662634408602003e+02 3.152931133794258967e-07 1.701005838916410133e-06
5.018912634408602003e+02 3.141314344814629852e-07 1.696613504100529101e-06
5.020162634408602003e+02 3.129739309551978814e-07 1.692232133156570296e-06
5.021412634408602003e+02 3.118205882684755211e-07 1.687861700015624952e-06
5.022662634408602003e+02 3.106713919375706366e-07 1.683502178666284077e-06
5.023912634408602003e+02 3.095263275270256038e-07 1.679153543154532359e-06
5.025162634408602003e+02 3.083853806495000931e-07 1.674815767583630220e-06
5.026412634408602003e+02 3.072485369656301445e-07 1.670488826114022547e-06
5.027662634408602003e+02 3.061157821838627846e-07 1.666172692963198931e-06
5.028912634408602003e+02 3.049871020603201305e-07 1.661867342405601764e-06
5.030162634408602003e+02 3.038624823986413655e-07 1.657572748772513584e-06
5.031412634408602003e+02 3.027419090498334491e-07 1.653288886451942514e-06
5.032662634408602003e+02 3.016253679121331572e-07 1.649015729888515959e-06
5.033912634408602003e+02 3.005128449308427039e-07 1.644753253583365410e-06
5.035162634408602003e+02 2.994043260981973404e-07 1.640501432094032210e-06
5.036412634408602003e+02 2.982997974532079124e-07 1.636260240034334996e-06
5.037662634408602003e+02 2.971992450815152235e-07 1.632029652074273346e-06
5.038912634408602003e+02 2.961026551152529215e-07 1.627809642939919997e-06
5.040162634408602003e+02 2.950100137328853448e-07 1.623600187413306070e-06
5.041412634408602003e+02 2.939213071590797794e-07 1.619401260332314133e-06
5.042662634408602003e+02 2.928365216645454690e-07 1.615212836590567027e-06
5.043912634408602003e+02 2.917556435658961318e-07 1.611034891137334059e-06
5.045162634408602003e+02 2.906786592255109936e-07 1.606867398977397167e-06
5.046412634408602003e+02 2.896055550513782986e-07 1.602710335170958176e-06
5.047662634408602003e+02 2.885363174969605255e-07 1.598563674833533547e-06
5.048912634408602003e+02 2.874709330610522445e-07 1.594427393135835587e-06
5.050162634408602003e+02 2.864093882876278632e-07 1.590301465303667625e-06
5.051412634408602003e+02 2.853516697657135658e-07 1.586185866617831685e-06
5.052662634408602003e+02 2.842977641292307712e-07 1.582080572413994023e-06
5.053912634408602003e+02 2.832476580568633068e-07 1.577985558082597032e-06
5.055162634408602003e+02 2.822013382719175959e-07 1.573900799068745530e-06
5.056412634408602003e+02 2.811587915421722563e-07 1.569826270872101514e-06
5.057662634408602003e+02 2.801200046797524214e-07 1.565761949046776166e-06
5.058912634408602003e+02 2.790849645409745745e-07 1.561707809201218678e-06
5.060162634408602003e+02 2.780536580262164768e-07 1.557663826998127527e-06
5.061412634408602003e+02 2.770260720797785178e-07 1.553629978154318334e-06
5.062662634408602003e+02 2.760021936897363853e-07 1.549606238440633238e-06
5.063912634408602003e+02 2.749820098878163923e-07 1.545592583681832893e-06
5.065162634408602003e+02 2.739655077492425878e-07 1.541588989756488474e-06
5.066412634408602003e+02 2.729526743926091192e-07 1.537595432596877070e-06
5.067662634408602003e+02 2.719434969797435428e-07 1.533611888188871141e-06
5.068912634408602003e+02 2.709379627155604984e-07 1.529638332571849799e-06
5.070162634408602003e+02 2.699360588479400016e-07 1.525674741838568569e-06
5.071412634408602003e+02 2.689377726675766189e-07 1.521721092135071303e-06
5.072662634408602003e+02 2.679430915078531008e-07 1.517777359660581121e-06
5.073912634408602003e+02 2.669520027447050156e-07 1.513843520667393689e-06
5.075162634408602003e+02 2.659644937964805123e-07 1.509919551460770911e-06
5.076412634408602003e+02 2.649805521238131601e-07 1.506005428398850936e-06
5.077662634408602003e+02 2.640001652294801757e-07 1.502101127892520465e-06
5.078912634408602003e+02 2.630233206582741513e-07 1.498206626405326239e-06
5.080162634408602003e+02 2.620500059968711290e-07 1.494321900453366616e-06
5.081412634408602003e+02 2.610802088736925873e-07 1.490446926605188234e-06
5.082662634408602003e+02 2.601139169587742570e-07 1.486581681481682250e-06
5.083912634408602003e+02 2.591511179636397014e-07 1.482726141755976343e-06
5.085162634408602003e+02 2.581917996411603442e-07 1.478880284153346623e-06
5.086412634408602003e+02 2.572359497854315381e-07 1.475044085451092479e-06
5.087662634408602003e+02 2.562835562316364569e-07 1.471217522478447644e-06
5.088912634408602003e+02 2.553346068559158114e-07 1.467400572116473682e-06
5.090162634408602003e+02 2.543890895752436534e-07 1.463593211297956855e-06
5.091412634408602003e+02 2.534469923472893619e-07 1.459795417007306275e-06
5.092662634408602003e+02 2.525083031702954059e-07 1.456007166280446537e-06
5.093912634408602003e+02 2.515730100829433542e-07 1.452228436204732594e-06
5.095162634408602003e+02 2.506411011642253385e-07 1.448459203918821222e-06
5.096412634408602003e+02 2.497125645333216037e-07 1.444699446612588430e-06
5.097662634408602003e+02 2.487873883494645595e-07 1.440949141527019562e-06
5.098912634408602003e+02 2.478655608118189781e-07 1.437208265954111884e-06
5.100162634408602003e+02 2.469470701593481627e-07 1.433476797236765108e-06
5.101412634408602003e+02 2.460319046706895400e-07 1.429754712768698805e-06
5.102662634408602003e+02 2.451200526640321579e-07 1.426041989994325563e-06
5.103912634408602003e+02 2.442115024969836481e-07 1.422338606408666069e-06
5.105162634408602003e+02 2.433062425664516947e-07 1.418644539557244716e-06
5.106412634408602003e+02 2.424042613085130618e-07 1.414959767035989015e-06
5.107662634408602003e+02 2.415055471982886030e-07 1.411284266491127952e-06
5.108912634408602003e+02 2.406100887498273240e-07 1.407618015619089711e-06
5.110162634408602003e+02 2.397178745159685804e-07 1.403960992166413789e-06
5.111412634408602003e+02 2.388288930882312230e-07 1.400313173929629452e-06
5.112662634408602003e+02 2.379431330966809838e-07 1.396674538755171241e-06
5.113912634408602003e+02 2.370605832098097736e-07 1.393045064539275422e-06
5.115162634408602003e+02 2.361812321344187126e-07 1.389424729227878980e-06
5.116412634408602003e+02 2.353050686154860192e-07 1.385813510816521782e-06
5.117662634408602003e+02 2.344320814360498552e-07 1.382211387350242395e-06
5.118912634408602003e+02 2.335622594170914082e-07 1.378618336923494444e-06
5.120162634408601434e+02 2.326955914174023846e-07 1.375034337680023998e-06
5.121412634408601434e+02 2.318320663334765889e-07 1.371459367812786565e-06
5.122662634408601434e+02 2.309716730993785014e-07 1.367893405563845023e-06
5.123912634408601434e+02 2.301144006866273139e-07 1.364336429224270306e-06
5.125162634408601434e+02 2.292602381040826336e-07 1.360788417134042302e-06
5.126412634408601434e+02 2.284091743978126367e-07 1.357249347681949688e-06
5.127662634408601434e+02 2.275611986509886661e-07 1.353719199305504383e-06
5.128912634408601434e+02 2.267162999837546555e-07 1.350197950490823811e-06
5.130162634408601434e+02 2.258744675531133630e-07 1.346685579772545135e-06
5.131412634408601434e+02 2.250356905528133180e-07 1.343182065733727217e-06
5.132662634408601434e+02 2.241999582132195960e-07 1.339687387005749182e-06
5.133912634408601434e+02 2.233672598012093424e-07 1.336201522268213647e-06
5.135162634408601434e+02 2.225375846200428118e-07 1.332724450248859267e-06
5.136412634408601434e+02 2.217109220092534917e-07 1.329256149723446803e-06
5.137662634408601434e+02 2.208872613445328004e-07 1.325796599515673153e-06
5.138912634408601434e+02 2.200665920376062083e-07 1.322345778497073308e-06
5.140162634408601434e+02 2.192489035361287353e-07 1.318903665586921244e-06
5.141412634408601434e+02 2.184341853235582132e-07 1.315470239752136332e-06
5.142662634408601434e+02 2.176224269190471044e-07 1.312045480007182324e-06
5.143912634408601434e+02 2.168136178773284955e-07 1.308629365413983077e-06
5.145162634408601434e+02 2.160077477885944963e-07 1.305221875081810104e-06
5.146412634408601434e+02 2.152048062783931390e-07 1.301822988167195972e-06
5.147662634408601434e+02 2.144047830075032562e-07 1.298432683873839851e-06
5.148912634408601434e+02 2.136076676718283370e-07 1.295050941452507359e-06
5.150162634408601434e+02 2.128134500022836330e-07 1.291677740200938652e-06
5.151412634408601434e+02 2.120221197646782093e-07 1.288313059463748691e-06
5.152662634408601434e+02 2.112336667596069215e-07 1.284956878632344232e-06
5.153912634408601434e+02 2.104480808223390039e-07 1.281609177144812225e-06
5.155162634408601434e+02 2.096653518227019468e-07 1.278269934485833637e-06
5.156412634408601434e+02 2.088854696649760941e-07 1.274939130186591115e-06
5.157662634408601434e+02 2.081084242877769053e-07 1.271616743824669045e-06
5.158912634408601434e+02 2.073342056639489708e-07 1.268302755023960798e-06
5.160162634408601434e+02 2.065628038004561092e-07 1.264997143454584449e-06
5.161412634408601434e+02 2.057942087382668856e-07 1.261699888832769911e-06
5.162662634408601434e+02 2.050284105522505854e-07 1.258410970920779105e-06
5.163912634408601434e+02 2.042653993510617529e-07 1.255130369526807488e-06
5.165162634408601434e+02 2.035051652770353714e-07 1.251858064504893211e-06
5.166412634408601434e+02 2.027476985060786276e-07 1.248594035754819499e-06
5.167662634408601434e+02 2.019929892475579395e-07 1.245338263222022322e-06
5.168912634408601434e+02 2.012410277441966761e-07 1.242090726897509507e-06
5.170162634408601434e+02 2.004918042719628207e-07 1.238851406817745113e-06
5.171412634408601434e+02 1.997453091399618470e-07 1.235620283064573626e-06
5.172662634408601434e+02 1.990015326903342811e-07 1.232397335765121491e-06
5.173912634408601434e+02 1.982604652981421996e-07 1.229182545091706053e-06
5.175162634408601434e+02 1.975220973712689615e-07 1.225975891261743869e-06
5.176412634408601434e+02 1.967864193503083000e-07 1.222777354537652448e-06
5.177662634408601434e+02 1.960534217084594495e-07 1.219586915226773812e-06
5.178912634408601434e+02 1.953230949514252366e-07 1.216404553681262682e-06
5.180162634408601434e+02 1.945954296173012777e-07 1.213230250298007286e-06
