1.408901209677419430e+01 0.000000000000000000e+00 0.000000000000000000e+00
1.421401209677419430e+01 8.291270872548684156e-06 4.200151551627367540e-04
1.433901209677419430e+01 5.731805221378920295e-05 1.162747587402092027e-03
1.446401209677419430e+01 1.637441209707928816e-04 2.090712532697055082e-03
1.458901209677419430e+01 3.365325758932648887e-04 3.150437645159640844e-03
1.471401209677419430e+01 5.809110354757073685e-04 4.309241381499200399e-03
1.483901209677419430e+01 8.997122074494478053e-04 5.544138068144386505e-03
1.496401209677419430e+01 1.294076955286343209e-03 6.837730502701235002e-03
1.508901209677419430e+01 1.763890943226683770e-03 8.176247883510335407e-03
1.521401209677419430e+01 2.308083048969524452e-03 9.548460446007836500e-03
1.533901209677419430e+01 2.924842178532512538e-03 1.094501747318597784e-02
1.546401209677419430e+01 3.611781528730070683e-03 1.235801410024664308e-02
1.558901209677419430e+01 4.366066804571752148e-03 1.378069230979409553e-02
1.571401209677419430e+01 5.184518512448511515e-03 1.520722571916853852e-02
1.583901209677419430e+01 6.063694908981523413e-03 1.663255935347707562e-02
1.596401209677419430e+01 6.999960088051664434e-03 1.805228698959814720e-02
1.608901209677419430e+01 7.989540378502243273e-03 1.946255504923197210e-02
1.621401209677419075e+01 9.028571370154945749e-03 2.085998579303918049e-02
1.633901209677419075e+01 1.011313730707678708e-02 2.224161489242192785e-02
1.646401209677419075e+01 1.123930418280248873e-02 2.360483993986556284e-02
1.658901209677419075e+01 1.240314758211374761e-02 2.494737743658254764e-02
1.671401209677419075e+01 1.360077610081549503e-02 2.626722645804779876e-02
1.683901209677419075e+01 1.482835101503350052e-02 2.756263765680857375e-02
1.696401209677419075e+01 1.608210274937271062e-02 2.883208658679328393e-02
1.708901209677419075e+01 1.735834459836689894e-02 3.007425056773533126e-02
1.721401209677419075e+01 1.865348408085901535e-02 3.128798848035631297e-02
1.733901209677419075e+01 1.996403224720658121e-02 3.247232301116965286e-02
1.746401209677419075e+01 2.128661121094993502e-02 3.362642496267489317e-02
1.758901209677419075e+01 2.261796013713691933e-02 3.474959931890072434e-02
1.771401209677419075e+01 2.395493988698348467e-02 3.584127281371942558e-02
1.783901209677419075e+01 2.529453649148730165e-02 3.690098279434819023e-02
1.796401209677419075e+01 2.663386360390785496e-02 3.792836720803464956e-02
1.808901209677419075e+01 2.797016406184930568e-02 3.892315556832450646e-02
1.821401209677419075e+01 2.930081067336269551e-02 3.988516078017298461e-02
1.833901209677419075e+01 3.062330632753104340e-02 4.081427172171701867e-02
1.846401209677419075e+01 3.193528351797199349e-02 4.171044649569657231e-02
1.858901209677419075e+01 3.323450335731516908e-02 4.257370627600520069e-02
1.871401209677419075e+01 3.451885415167210702e-02 4.340412968520435816e-02
1.883901209677419075e+01 3.578634959624264061e-02 4.420184764747094042e-02
1.896401209677419075e+01 3.703512664630072976e-02 4.496703866869095761e-02
1.908901209677419075e+01 3.826344311173406759e-02 4.569996441044490987e-02
1.921401209677419075e+01 3.946967501796872640e-02 4.640202909092240591e-02
1.933901209677419075e+01 4.065231377136589719e-02 4.707235727575457412e-02
1.946401209677419075e+01 4.180996316301105464e-02 4.771127420396779895e-02
1.958901209677419075e+01 4.294133624104701230e-02 4.831913432245447254e-02
1.971401209677419075e+01 4.404525207842312218e-02 4.889631840250723699e-02
1.983901209677419075e+01 4.510349458795542138e-02 4.944323087372352876e-02
1.996401209677419075e+01 4.602079829141354078e-02 4.996029735715053210e-02
2.008901209677419075e+01 4.691041776238506072e-02 5.044796238138741368e-02
2.021401209677419075e+01 4.777183681941877397e-02 5.090668726697721719e-02
2.033901209677419075e+01 4.860460395746436790e-02 5.154213048217928805e-02
2.046401209677419075e+01 4.940832976714516767e-02 5.236670727467725855e-02
2.058901209677419075e+01 5.018268438466441661e-02 5.315466301435782526e-02
2.071401209677419075e+01 5.092739497703643176e-02 5.390580845233614721e-02
2.083901209677419075e+01 5.164224326673166887e-02 5.462002775488997847e-02
2.096401209677419075e+01 5.232706309927760008e-02 5.529727459614324631e-02
2.108901209677419075e+01 5.298173805686409721e-02 5.593756834707113573e-02
2.121401209677419075e+01 5.357388576084802512e-02 5.654099036454618421e-02
2.133901209677419075e+01 5.379379706660814692e-02 5.710768038338767671e-02
2.146401209677419075e+01 5.398996842776734167e-02 5.763783301365030254e-02
2.158901209677419075e+01 5.416294464734580649e-02 5.813169434478884789e-02
2.171401209677419075e+01 5.431327114358797808e-02 5.858955865777671496e-02
2.183901209677419075e+01 5.444149316367256908e-02 5.901176524576277199e-02
2.196401209677419075e+01 5.454815505682739096e-02 5.939869534340384144e-02
2.208901209677419075e+01 5.463379960292117504e-02 5.975076916465508342e-02
2.221401209677419075e+01 5.469896739288971493e-02 6.006844304841490317e-02
2.233901209677419075e+01 5.474419625761593050e-02 6.035220671116606206e-02
2.246401209677419075e+01 5.477002074212251187e-02 6.060258060545720138e-02
2.258901209677419075e+01 5.477697162215491161e-02 6.082011338285255031e-02
2.271401209677419075e+01 5.476557546043366725e-02 6.100537945978792148e-02
2.283901209677419075e+01 5.473635420004105412e-02 6.115897668458409459e-02
2.296401209677419075e+01 5.468982479257636364e-02 6.128152410372069564e-02
2.308901209677419075e+01 5.462649885887166379e-02 6.149230420988785473e-02
2.321401209677419075e+01 5.454688238020528879e-02 6.167370773850785332e-02
2.333901209677419075e+01 5.445147541808376818e-02 6.182483265864981148e-02
2.346401209677419075e+01 5.434077186078724309e-02 6.194621742852880059e-02
2.358901209677419075e+01 5.421525919498838136e-02 6.203841883606127372e-02
2.371401209677419075e+01 5.407541830086139839e-02 6.210201027568108822e-02
2.383901209677419075e+01 5.392172326919651704e-02 6.213758009616871664e-02
2.396401209677419075e+01 5.375464123912764708e-02 6.214573001806970171e-02
2.408901209677419075e+01 5.357463225516629485e-02 6.212707361914567711e-02
2.421401209677419075e+01 5.338214914231462216e-02 6.208223488634381088e-02
2.433901209677419075e+01 5.317763739810486140e-02 6.201184683265823644e-02
2.446401209677419075e+01 5.296153510048159235e-02 6.191655017727251686e-02
2.458901209677419075e+01 5.273427283050806380e-02 6.179699208734645149e-02
2.471401209677419075e+01 5.249627360893874967e-02 6.165382497976025500e-02
2.483901209677419075e+01 5.224795284575584065e-02 6.148770538119732038e-02
2.496401209677419075e+01 5.198971830182170378e-02 6.129929284482361906e-02
2.508901209677419075e+01 5.172197006184785922e-02 6.108924892197570289e-02
2.521401209677419075e+01 5.144510051792818006e-02 6.085823618711946881e-02
2.533901209677419075e+01 5.115949436292728525e-02 6.060691731446977287e-02
2.546401209677419075e+01 5.086552859305622232e-02 6.033595420461482922e-02
2.558901209677419075e+01 5.056357251900595734e-02 6.004600715951854961e-02
2.571401209677419075e+01 5.025398778504527181e-02 5.973773410429314423e-02
2.583901209677419075e+01 4.993712839552379157e-02 5.941178985415689756e-02
2.596401209677419075e+01 4.961334074825241025e-02 5.906882542502379235e-02
2.608901209677419075e+01 4.928296367426392155e-02 5.870948738615874851e-02
2.621401209677419075e+01 4.894632848348504095e-02 5.833441725342585621e-02
2.633901209677419075e+01 4.860375901587687258e-02 5.794425092161681334e-02
2.646401209677419075e+01 4.825557169762721005e-02 5.753961813440842954e-02
2.658901209677419075e+01 4.790207560200069464e-02 5.712114199054232899e-02
2.671401209677419075e+01 4.754357251447607208e-02 5.668943848480796632e-02
2.683901209677419075e+01 4.718035700182004327e-02 5.624511608249056771e-02
2.696401209677419075e+01 4.681271648476824365e-02 5.578877532594243155e-02
2.708901209677419075e+01 4.644093131400130886e-02 5.532100847196975285e-02
2.721401209677419075e+01 4.606527484912327497e-02 5.484239915879075833e-02
2.733901209677419075e+01 4.568601354036484763e-02 5.435352210131630390e-02
2.746401209677419075e+01 4.530340701275128307e-02 5.385494281356284496e-02
2.758901209677419075e+01 4.491770815248885551e-02 5.334721735702285805e-02
2.771401209677419075e+01 4.452916319533807565e-02 5.283089211386292339e-02
2.783901209677419075e+01 4.413801181675564705e-02 5.230650358385199178e-02
2.796401209677419075e+01 4.374448722359976227e-02 5.177457820393445431e-02
2.808901209677419075e+01 4.334881624720500481e-02 5.123563218943766318e-02
2.821401209677419075e+01 4.295121943764486361e-02 5.069017139587059240e-02
2.833901209677419075e+01 4.255191115901063581e-02 5.013869120039047417e-02
2.846401209677419075e+01 4.215109968554548586e-02 4.958167640191895459e-02
2.858901209677419075e+01 4.174898729848221940e-02 4.901960113908929856e-02
2.871401209677419075e+01 4.134577038344244143e-02 4.845292882504822346e-02
2.883901209677419075e+01 4.094163952826374020e-02 4.788211209832986259e-02
2.896401209677419075e+01 4.053677962112885169e-02 4.730759278892786995e-02
2.908901209677419075e+01 4.013136994888007181e-02 4.672980189879205604e-02
2.921401209677419075e+01 3.972558429540756775e-02 4.614915959598497874e-02
2.933901209677419075e+01 3.931959104000954525e-02 4.556607522173462127e-02
2.946401209677419075e+01 3.891355325562621120e-02 4.498094730969218191e-02
2.958901209677419075e+01 3.850762880685864448e-02 4.439416361667612027e-02
2.971401209677419075e+01 3.810197044768676850e-02 4.383440393060820256e-02
2.983901209677419075e+01 3.769672591880857820e-02 4.329798546403799270e-02
2.996401209677419075e+01 3.729203804452671522e-02 4.276011825149751006e-02
3.008901209677419075e+01 3.688804482911408472e-02 4.222110682438556112e-02
3.021401209677419075e+01 3.648487955259490517e-02 4.168124759540076107e-02
3.033901209677419075e+01 3.608267086588211325e-02 4.114082890629019301e-02
3.046401209677419075e+01 3.568154288521631357e-02 4.060013108144545912e-02
3.058901209677419075e+01 3.528161528585578577e-02 4.005942648698306019e-02
3.071401209677419075e+01 3.488300339497046182e-02 3.951897959496736279e-02
3.083901209677419075e+01 3.448581828369671337e-02 3.897904705244493312e-02
3.096401209677419075e+01 3.408987134552871057e-02 3.843987775496686410e-02
3.108901209677419075e+01 3.369492332971874005e-02 3.790171292429944661e-02
3.121401209677419075e+01 3.330171516033080675e-02 3.736478619002301521e-02
3.133901209677419075e+01 3.291034242930684917e-02 3.682932367474035795e-02
3.146401209677419075e+01 3.252089690246816323e-02 3.629554408262281040e-02
3.158901209677419075e+01 3.213346660570805952e-02 3.576365879103547696e-02
3.171401209677419075e+01 3.174813591014993136e-02 3.523387194498909386e-02
3.183901209677419075e+01 3.128236458459131286e-02 3.470638055418597684e-02
3.196401209677419075e+01 3.076475165594601269e-02 3.418137459242891196e-02
3.208901209677419075e+01 3.025218330122623686e-02 3.365903709916939074e-02
3.221401209677419075e+01 2.974478768639429727e-02 3.313954428300012328e-02
3.233901209677419075e+01 2.924268516880492927e-02 3.262306562687618955e-02
3.246401209677419075e+01 2.874598849056918953e-02 3.210976399488531252e-02
3.258901209677419075e+01 2.825480297103336383e-02 3.159979574038200567e-02
3.271401209677419075e+01 2.776922669818935804e-02 3.109331081530913518e-02
3.283901209677419075e+01 2.728935071887730185e-02 3.059045288054562661e-02
3.296401209677419075e+01 2.681525922758814379e-02 3.009135941711997900e-02
3.308901209677419075e+01 2.634702975374298567e-02 2.959616183813980339e-02
3.321401209677419075e+01 2.588473334731282091e-02 2.910498560129217913e-02
3.333901209677419075e+01 2.542843476264039157e-02 2.861795032178787376e-02
3.346401209677419075e+01 2.497819264035835291e-02 2.813516988560313403e-02
3.358901209677419075e+01 2.453405968730886649e-02 2.765675256291395823e-02
3.371401209677419075e+01 2.409608285432831426e-02 2.718280112159843567e-02
3.383901209677419075e+01 2.366430351185166633e-02 2.671341294069265460e-02
3.396401209677419075e+01 2.323875762322925517e-02 2.624868012370535145e-02
3.408901209677419075e+01 2.281947591567777198e-02 2.578868961168471682e-02
3.421401209677419075e+01 2.240648404880754216e-02 2.533352329594679847e-02
3.433901209677419075e+01 2.199980278067992234e-02 2.488325813037852233e-02
3.446401209677419075e+01 2.159944813128321026e-02 2.443796624322870994e-02
3.458901209677419075e+01 2.120543154346458958e-02 2.399771504831191976e-02
3.471401209677419075e+01 2.081776004119631138e-02 2.356256735554865256e-02
3.483901209677419075e+01 2.043643638518504238e-02 2.313258148077888821e-02
3.496401209677419075e+01 2.006145922576007060e-02 2.270781135477076967e-02
3.508901209677419075e+01 1.969282325305741349e-02 2.238535584095037445e-02
3.521401209677419075e+01 1.933051934442589145e-02 2.208122273052648410e-02
3.533901209677419075e+01 1.897453470907493195e-02 2.178037177087369797e-02
3.546401209677419075e+01 1.862485302993495406e-02 2.148281159803898388e-02
3.558901209677419075e+01 1.828145460270268891e-02 2.118854928738193866e-02
3.571401209677419075e+01 1.794431647211794031e-02 2.089759040273411403e-02
3.583901209677419075e+01 1.761341256540438494e-02 2.060993904453567796e-02
3.596401209677419075e+01 1.728871382291164924e-02 2.032559789696088831e-02
3.608901209677419075e+01 1.697018832596964080e-02 2.004456827404464334e-02
3.621401209677419075e+01 1.665780142192863772e-02 1.976685016482321658e-02
3.633901209677419075e+01 1.635151584641422740e-02 1.949244227750076067e-02
3.646401209677419075e+01 1.605129184282650875e-02 1.922134208265556532e-02
3.658901209677419075e+01 1.575708727905316547e-02 1.895354585549789000e-02
3.671401209677419075e+01 1.546885776144703989e-02 1.868904871719300267e-02
3.683901209677419075e+01 1.518655674608833731e-02 1.842784467526246625e-02
3.696401209677419075e+01 1.491013564731914244e-02 1.816992666307645776e-02
3.708901209677419075e+01 1.463954394362078880e-02 1.791528657845074812e-02
3.721401209677419075e+01 1.437472928079971957e-02 1.766391532136144665e-02
3.733901209677419075e+01 1.411563757256549360e-02 1.741580283079059016e-02
3.746401209677419075e+01 1.386221309849080055e-02 1.717093812071626702e-02
3.758901209677419075e+01 1.361439859938852470e-02 1.692930931526022420e-02
3.771401209677419075e+01 1.337213537014375966e-02 1.669090368300637714e-02
3.783901209677419075e+01 1.313536335003399023e-02 1.645570767050355543e-02
3.796401209677419075e+01 1.290402121053227727e-02 1.622370693496559199e-02
3.808901209677419075e+01 1.267804644070264983e-02 1.599488637618197776e-02
3.821401209677419075e+01 1.245737543012695632e-02 1.576923016765239757e-02
3.833901209677419075e+01 1.224194354946763798e-02 1.554672178695789587e-02
3.846401209677419075e+01 1.203168522868422984e-02 1.532734404538209534e-02
3.858901209677419075e+01 1.182653403291080395e-02 1.511107911679504708e-02
3.871401209677419075e+01 1.160584085021182724e-02 1.489790856581290485e-02
3.883901209677419075e+01 1.137150680440106830e-02 1.468781337524607995e-02
3.896401209677419075e+01 1.114281520147101558e-02 1.448077397284833201e-02
3.908901209677419075e+01 1.091970645852592854e-02 1.427677025737996916e-02
3.921401209677419075e+01 1.070211977415102926e-02 1.407578162399710127e-02
3.933901209677419075e+01 1.048999320399991546e-02 1.387778698897953501e-02
3.946401209677419075e+01 1.028326373442205524e-02 1.368276481380980257e-02
3.958901209677419075e+01 1.008186735419432795e-02 1.349069312861501599e-02
3.971401209677419075e+01 9.885739124316995224e-03 1.330154955498419680e-02
3.983901209677419075e+01 9.694813245959976386e-03 1.311531132817241041e-02
3.996401209677419075e+01 9.509023126533625719e-03 1.293195531870393843e-02
4.008901209677419075e+01 9.328301443952280100e-03 1.275145805338599725e-02
4.021401209677419075e+01 9.152580209080199772e-03 1.257379573574447622e-02
4.033901209677419075e+01 8.981790826404991226e-03 1.239894426589325561e-02
4.046401209677419075e+01 8.815864152956525562e-03 1.222687925984825182e-02
4.058901209677419075e+01 8.654730555505104825e-03 1.205757606829741674e-02
4.071401209677419075e+01 8.498319966075753087e-03 1.189100979483769839e-02
4.083901209677419075e+01 8.346561935746536418e-03 1.172715531368960507e-02
4.096401209677419075e+01 8.199385686855794469e-03 1.156598728690055519e-02
4.108901209677419075e+01 8.056720163561530493e-03 1.140748018104692507e-02
4.121401209677419075e+01 7.918494080818841083e-03 1.125160828344601641e-02
4.133901209677419075e+01 7.784635971790544555e-03 1.109834571788743604e-02
4.146401209677419075e+01 7.655074233732410589e-03 1.094766645989473340e-02
4.158901209677419075e+01 7.529737172364352714e-03 1.079954435152673253e-02
4.171401209677419075e+01 7.408553044766422353e-03 1.065395311572887166e-02
4.183901209677419075e+01 7.291450100805500767e-03 1.051086637024390216e-02
4.196401209677419075e+01 7.178356623174990229e-03 1.037025764109167358e-02
4.208901209677419075e+01 7.069200965988706870e-03 1.023210037562762194e-02
4.221401209677419075e+01 6.963911592038516014e-03 1.009636795518878416e-02
4.233901209677419075e+01 6.862417108707591536e-03 9.963033707336796385e-03
4.246401209677419075e+01 6.764646302543265641e-03 9.832070917706907040e-03
4.258901209677419075e+01 6.670528172564109057e-03 9.703452841471650603e-03
4.271401209677419075e+01 6.579991962293943626e-03 9.577152714427912897e-03
4.283901209677419075e+01 6.492967190570681293e-03 9.453143763716132658e-03
4.296401209677419075e+01 6.409383681121526635e-03 9.331399218179889724e-03
4.308901209677419075e+01 6.329171590986906737e-03 9.211892318374152733e-03
4.321401209677419075e+01 6.252261437753809173e-03 9.094596326230459243e-03
4.333901209677419075e+01 6.170980040026800839e-03 8.979484534386890024e-03
4.346401209677419075e+01 6.076516248513213168e-03 8.866530275190836335e-03
4.358901209677419075e+01 5.985368491482451550e-03 8.755706929382064616e-03
4.371401209677419075e+01 5.897480019776470475e-03 8.646987934464072170e-03
4.383901209677419075e+01 5.812794218285013796e-03 8.540346792770566950e-03
4.396401209677419075e+01 5.731254628306592380e-03 8.435757079235241956e-03
4.408901209677419075e+01 5.652804969105970807e-03 8.333192448871037245e-03
4.421401209677419075e+01 5.577389158694853570e-03 8.232626643966980268e-03
4.433901209677419075e+01 5.504951333850005915e-03 8.134033501008594569e-03
4.446401209677419075e+01 5.435435869379843035e-03 8.037386957329502660e-03
4.458901209677419075e+01 5.368787396661644368e-03 7.942661057500173191e-03
4.471401209677419075e+01 5.304950821459534192e-03 7.849829959461025394e-03
4.483901209677419075e+01 5.243871341044641955e-03 7.758867940405743749e-03
4.496401209677419075e+01 5.185494460625198268e-03 7.669749402421583047e-03
4.508901209677419075e+01 5.129766009107625258e-03 7.582448877892492521e-03
4.521401209677419075e+01 5.076632154201714091e-03 7.496941034671421138e-03
4.533901209677419075e+01 5.026039416882276470e-03 7.413200681027371647e-03
4.546401209677419075e+01 4.977934685224913967e-03 7.331202770373580237e-03
4.558901209677419075e+01 4.932265227630840305e-03 7.250922405782055449e-03
4.571401209677419075e+01 4.888978705449055495e-03 7.172334844290188804e-03
4.583901209677419075e+01 4.848023185018032928e-03 7.095415501005203351e-03
4.596401209677419075e+01 4.809347149135917432e-03 7.020139953011457837e-03
4.608901209677419075e+01 4.772899507971474498e-03 6.946483943086167144e-03
4.621401209677419075e+01 4.738629609431606153e-03 6.874423383228396231e-03
4.633901209677419075e+01 4.706487249003218735e-03 6.803934358006835312e-03
4.646401209677419075e+01 4.676422679071305655e-03 6.734993127730789370e-03
4.658901209677419075e+01 4.648386617736250184e-03 6.667576131449739693e-03
4.671401209677419075e+01 4.622330257139741806e-03 6.601659989785824655e-03
4.683901209677419075e+01 4.598205271307147061e-03 6.537221507604012820e-03
4.696401209677419075e+01 4.575963823529190753e-03 6.474237676524888067e-03
4.708901209677419075e+01 4.555558573281828609e-03 6.412685677283775504e-03
4.721401209677419075e+01 4.536942682710315769e-03 6.352542881941285711e-03
4.733901209677419075e+01 4.520069822674618355e-03 6.293786855949031270e-03
4.746401209677419075e+01 4.504894178380084747e-03 6.236395360075220121e-03
4.758901209677419075e+01 4.491370454597789705e-03 6.180346352193505019e-03
4.771401209677419075e+01 4.479453880487847123e-03 6.125617988939791037e-03
4.783901209677419075e+01 4.469100214034763159e-03 6.072188627240505260e-03
4.796401209677419075e+01 4.460265746109636463e-03 6.043952822890658397e-03
4.808901209677419075e+01 4.452907304166408078e-03 6.036924053702948274e-03
4.821401209677419075e+01 4.446982255581728022e-03 6.030550862562702660e-03
4.833901209677419075e+01 4.442448510650980585e-03 6.024801670876621384e-03
4.846401209677419075e+01 4.439264525252463976e-03 6.019645621385085431e-03
4.858901209677419075e+01 4.437389303181249120e-03 6.015052571572563483e-03
4.871401209677419075e+01 4.436782398174868303e-03 6.010993086869619202e-03
4.883901209677419075e+01 4.437403915626735376e-03 6.007438433689910734e-03
4.896401209677419075e+01 4.439214514008132419e-03 6.004360572338170166e-03
4.908901209677419075e+01 4.442175405998976222e-03 6.001732149749983321e-03
4.921401209677419075e+01 4.446248359343915602e-03 5.999526492100964829e-03
4.933901209677419075e+01 4.451395697436196820e-03 5.997717597300006830e-03
4.946401209677419075e+01 4.457580299640349041e-03 5.996280127359635524e-03
4.958901209677419075e+01 4.464765601366622177e-03 5.995189400642526693e-03
4.971401209677419075e+01 4.472915593893023352e-03 5.994421384042386211e-03
4.983901209677419075e+01 4.481994823959003886e-03 5.993952685044510141e-03
4.996401209677419075e+01 4.491968393124805975e-03 5.993760543702948869e-03
5.008901209677419075e+01 4.502801956914876183e-03 5.993822824554847356e-03
5.021401209677419075e+01 4.514461723743675228e-03 5.994118008469162540e-03
5.033901209677419075e+01 4.526914453639721211e-03 5.994625184397766975e-03
5.046401209677419075e+01 4.540127456767612153e-03 5.995324041121108914e-03
5.058901209677419075e+01 4.554068591760356520e-03 5.996194858910887555e-03
5.071401209677419075e+01 4.568706263869285432e-03 5.997218501154704881e-03
5.083901209677419075e+01 4.584009422931211754e-03 5.998376405956419230e-03
5.096401209677419075e+01 4.599947561169675896e-03 5.999650577698828480e-03
5.108901209677419075e+01 4.616490710828774317e-03 6.001023578578274995e-03
5.121401209677419075e+01 4.633609441650103113e-03 6.002478520126266169e-03
5.133901209677419075e+01 4.651274858196685971e-03 6.003999054721397867e-03
5.146401209677419075e+01 4.669458597030708320e-03 6.005569367085447641e-03
5.158901209677419075e+01 4.688132823753609832e-03 6.007174165762262097e-03
5.171401209677419075e+01 4.707270229910149456e-03 6.008798674639031362e-03
5.183901209677419075e+01 4.726844029762955132e-03 6.010428624435392234e-03
5.196401209677419075e+01 4.746827956945022693e-03 6.012050244211147518e-03
5.208901209677419075e+01 4.767196260997337912e-03 6.013650252904487875e-03
5.221401209677419075e+01 4.787923703788092393e-03 6.015215850870098309e-03
5.233901209677419075e+01 4.808985555829218585e-03 6.016734711449171422e-03
5.246401209677419075e+01 4.829592135120192552e-03 6.018194972564146553e-03
5.258901209677419075e+01 4.811532487327500711e-03 6.019585228352965049e-03
5.271401209677419075e+01 4.794089113212439933e-03 6.020894520811083221e-03
5.283901209677419075e+01 4.777248558872484313e-03 6.022112331502117895e-03
5.296401209677419075e+01 4.760997560818314850e-03 6.023228573288342408e-03
5.308901209677419075e+01 4.745323044679717467e-03 6.024233582098980494e-03
5.321401209677419075e+01 4.730212123887250417e-03 6.025118108777792643e-03
5.333901209677419075e+01 4.715652098330324650e-03 6.025873310937852022e-03
5.346401209677419075e+01 4.701630452993795298e-03 6.026490744891829440e-03
5.358901209677419075e+01 4.688134856573360904e-03 6.026962357632297332e-03
5.371401209677419075e+01 4.675153160071881565e-03 6.027280478868406177e-03
5.383901209677419075e+01 4.662673395376852777e-03 6.027437813111322269e-03
5.396401209677419075e+01 4.650683773821090612e-03 6.027427431841050898e-03
5.408901209677419075e+01 4.639172684726883267e-03 6.027242765716612008e-03
5.421401209677419075e+01 4.628128693935411320e-03 6.026877596850997373e-03
5.433901209677419075e+01 4.617540542321664845e-03 6.026326051178515671e-03
5.446401209677419075e+01 4.607397144296729134e-03 6.025582590854407748e-03
5.458901209677419075e+01 4.597687586297657600e-03 6.024642006741279601e-03
5.471401209677419075e+01 4.588401125266435010e-03 6.023499410989041278e-03
5.483901209677419075e+01 4.579527187118424825e-03 6.022150229633879172e-03
5.496401209677419075e+01 4.571055365201731786e-03 6.020590195327940597e-03
5.508901209677419075e+01 4.562975418747916047e-03 6.018815340111700364e-03
5.521401209677419075e+01 4.555277271314957417e-03 6.026130441882548115e-03
5.533901209677419075e+01 4.547951009223664097e-03 6.040077981185885611e-03
5.546401209677419075e+01 4.540986879987569252e-03 6.053685014698858072e-03
5.558901209677419075e+01 4.534375290737943480e-03 6.066944007544684825e-03
5.571401209677419075e+01 4.528106806643805195e-03 6.079847812436011897e-03
5.583901209677419075e+01 4.522172149328366163e-03 6.092389662318169197e-03
5.596401209677419075e+01 4.516562195281991106e-03 6.104563163062171754e-03
5.608901209677419075e+01 4.511267974272977627e-03 6.116362286223700311e-03
5.621401209677419075e+01 4.506280667755967369e-03 6.127781361813758321e-03
5.633901209677419075e+01 4.501591607279568745e-03 6.138815071142999201e-03
5.646401209677419075e+01 4.497192272892845157e-03 6.149458439731980003e-03
5.658901209677419075e+01 4.493074291552125871e-03 6.159706830226511706e-03
5.671401209677419075e+01 4.489229435527866338e-03 6.169555935420040216e-03
5.683901209677419075e+01 4.485649620812845115e-03 6.179001771302605923e-03
5.696401209677419075e+01 4.482326905531645346e-03 6.188040670170324303e-03
5.708901209677419075e+01 4.479253488352354096e-03 6.196669273799530059e-03
5.721401209677419075e+01 4.476421706900456099e-03 6.204884526677675351e-03
5.733901209677419075e+01 4.473824036176150126e-03 6.212683669309071802e-03
5.746401209677419075e+01 4.471453086974579681e-03 6.220064231546341103e-03
5.758901209677419075e+01 4.469301604310410916e-03 6.227024026032705779e-03
5.771401209677419075e+01 4.467362465846205256e-03 6.233561141670955659e-03
5.783901209677419075e+01 4.465628680325896445e-03 6.239673937184217652e-03
5.796401209677419075e+01 4.464093386013004254e-03 6.245361034709548224e-03
5.808901209677419075e+01 4.462749849134448749e-03 6.250621313507024636e-03
5.821401209677419075e+01 4.461591462330086535e-03 6.255453903684994252e-03
5.833901209677419075e+01 4.460611743108465997e-03 6.259858180031040512e-03
5.846401209677419075e+01 4.459804332308814519e-03 6.263833755891984323e-03
5.858901209677419075e+01 4.459162992570155429e-03 6.267380477135051434e-03
5.871401209677419075e+01 4.458681606807056788e-03 6.270498416160047613e-03
5.883901209677419075e+01 4.458354176693239343e-03 6.273187866018211517e-03
5.896401209677419075e+01 4.458174821152360162e-03 6.275449334554618168e-03
5.908901209677419075e+01 4.458137774857047486e-03 6.277283538655329363e-03
5.921401209677419075e+01 4.458237386735834640e-03 6.278691398573953662e-03
5.933901209677419075e+01 4.458468118488751950e-03 6.279674032277904154e-03
5.946401209677419075e+01 4.458824543111307784e-03 6.280232749936127262e-03
5.958901209677419075e+01 4.459301343427505768e-03 6.280369048418761244e-03
5.971401209677419075e+01 4.459893310631744649e-03 6.280084605923529247e-03
5.983901209677419075e+01 4.460595342840161133e-03 6.279381276608987129e-03
5.996401209677419075e+01 4.461402443651278638e-03 6.278261085372400380e-03
6.008901209677419075e+01 4.462309720716414740e-03 6.276726222652888147e-03
6.021401209677419075e+01 4.463312384319651285e-03 6.274779039319852356e-03
6.033901209677419075e+01 4.464405745968091400e-03 6.272422041631731636e-03
6.046401209677419075e+01 4.465585216991881275e-03 6.269657886279293539e-03
6.058901209677419075e+01 4.466846307154848442e-03 6.266489375487961123e-03
6.071401209677419075e+01 4.468184623275047070e-03 6.262919452201295110e-03
6.083901209677419075e+01 4.469595867856458390e-03 6.258951195325108095e-03
6.096401209677419075e+01 4.471075837730589461e-03 6.254587815065307602e-03
6.108901209677419075e+01 4.472620422709474262e-03 6.249832648314826607e-03
6.121401209677419075e+01 4.474225604249010280e-03 6.244689154128540975e-03
6.133901209677419075e+01 4.475887454123710432e-03 6.239160909263462805e-03
6.146401209677419075e+01 4.477602133111966559e-03 6.233251603782725622e-03
6.158901209677419075e+01 4.479365889692897389e-03 6.226965036752300960e-03
6.171401209677419075e+01 4.481175058754041131e-03 6.220305111986606378e-03
6.183901209677419075e+01 4.483026060310654239e-03 6.213275833877595321e-03
6.196401209677419075e+01 4.484915398235853057e-03 6.205881303283978558e-03
6.208901209677419075e+01 4.486839659002706850e-03 6.198125713507867882e-03
6.221401209677419075e+01 4.488795510437205809e-03 6.190013346316658796e-03
6.233901209677419075e+01 4.490779700483241155e-03 6.182597868723768882e-03
6.246401209677419075e+01 4.492789055978588589e-03 6.186515331094575437e-03
6.258901209677419075e+01 4.494820481442880419e-03 6.190028254228706860e-03
6.271401209677419075e+01 4.496870957876840380e-03 6.193137880642705061e-03
6.283901209677419075e+01 4.498937541573440335e-03 6.195845582092297278e-03
6.296401209677419075e+01 4.501017362940269370e-03 6.198152856161439662e-03
6.308901209677419075e+01 4.503107625334044212e-03 6.200061322894856453e-03
6.321401209677419075e+01 4.505205603906299074e-03 6.201572721472327007e-03
6.333901209677419075e+01 4.507308644461107544e-03 6.202688906927455482e-03
6.346401209677419075e+01 4.509414162324355997e-03 6.203411846908124180e-03
6.358901209677419075e+01 4.511519641224428882e-03 6.203743618483447027e-03
6.371401209677419075e+01 4.513622632185096059e-03 6.203686404988236446e-03
6.383901209677419075e+01 4.515720752429426901e-03 6.203242492916163919e-03
6.396401209677419075e+01 4.517811684295928998e-03 6.202414268850632573e-03
6.408901209677419786e+01 4.519893174165813370e-03 6.201204216444313952e-03
6.421401209677419786e+01 4.521963031402206727e-03 6.199614913434198064e-03
6.433901209677419786e+01 4.524019127300718361e-03 6.197649028704364793e-03
6.446401209677419786e+01 4.526059394051862132e-03 6.195309319390009638e-03
6.458901209677419786e+01 4.528081823714494823e-03 6.192598628021849481e-03
6.471401209677419786e+01 4.530084467201422709e-03 6.189519879713785422e-03
6.483901209677419786e+01 4.532065433275727848e-03 6.186076079393362966e-03
6.496401209677419786e+01 4.534022887559267800e-03 6.182270309071810806e-03
6.508901209677419786e+01 4.535955051551908944e-03 6.178105725156673132e-03
6.521401209677419786e+01 4.537860201662506469e-03 6.173585555804834979e-03
6.533901209677419786e+01 4.539736668251023906e-03 6.168713098318038754e-03
6.546401209677419786e+01 4.541582834681991664e-03 6.163491716578328901e-03
6.558901209677419786e+01 4.543397136388929898e-03 6.157924838523259024e-03
6.571401209677419786e+01 4.545178059950402694e-03 6.152015953662146909e-03
6.583901209677419786e+01 4.546924142176477987e-03 6.145768610632402519e-03
6.596401209677419786e+01 4.548633969207002692e-03 6.139186414796534395e-03
6.608901209677419786e+01 4.550306175620217643e-03 6.132273025876091785e-03
6.621401209677419786e+01 4.551939443552634364e-03 6.125032155627378912e-03
6.633901209677419786e+01 4.553532501829697481e-03 6.117467565555926440e-03
6.646401209677419786e+01 4.555084125107315175e-03 6.109583064668386992e-03
6.658901209677419786e+01 4.556593133023876044e-03 6.101382507263228630e-03
6.671401209677419786e+01 4.558058389363421094e-03 6.092869790759919239e-03
6.683901209677419786e+01 4.559478801228891882e-03 6.084048853567947113e-03
6.696401209677419786e+01 4.560853318226263178e-03 6.074923672987906156e-03
6.708901209677419786e+01 4.562180931659025850e-03 6.065498263156964866e-03
6.721401209677419786e+01 4.563460673733157023e-03 6.055776673024565460e-03
6.733901209677419786e+01 4.564691616772265266e-03 6.045762984370455471e-03
6.746401209677419786e+01 4.565872872443198748e-03 6.035461309854543710e-03
6.758901209677419786e+01 4.567003590991576024e-03 6.024875791105328664e-03
6.771401209677419786e+01 4.568082960487805828e-03 6.014010596844084761e-03
6.783901209677419786e+01 4.569110206082715488e-03 6.002869921042571291e-03
6.796401209677419786e+01 4.570084589273463657e-03 5.991457981118027479e-03
6.808901209677419786e+01 4.571005407179177041e-03 5.979779016160200952e-03
6.821401209677419786e+01 4.571871991826520140e-03 5.967837285195614662e-03
6.833901209677419786e+01 4.572683709444770421e-03 5.955637065484426645e-03
6.846401209677419786e+01 4.573439959770889823e-03 5.943182650851116036e-03
6.858901209677419786e+01 4.574140175363714846e-03 5.930478350047890292e-03
6.871401209677419786e+01 4.574783820928170729e-03 5.917528485152288159e-03
6.883901209677419786e+01 4.575370392648445486e-03 5.904337389997627028e-03
6.896401209677419786e+01 4.575899417530686700e-03 5.890909408634279788e-03
6.908901209677419786e+01 4.576370452754977350e-03 5.877248893823400558e-03
6.921401209677419786e+01 4.576783085036509151e-03 5.863360205565493199e-03
6.933901209677419786e+01 4.577136929995551801e-03 5.849247709653704851e-03
6.946401209677419786e+01 4.577431631536972752e-03 5.834915776264752545e-03
6.958901209677419786e+01 4.577666861237992581e-03 5.820368778576730240e-03
6.971401209677419786e+01 4.577842317745500419e-03 5.805611091418976140e-03
6.983901209677419786e+01 4.577957726181565087e-03 5.790647089949392881e-03
6.996401209677419786e+01 4.564573119651951262e-03 5.775481148365220127e-03
7.008901209677419786e+01 4.549239733689496371e-03 5.760117638638670955e-03
7.021401209677419786e+01 4.533980822438054246e-03 5.744560929285756970e-03
7.033901209677419786e+01 4.518798546320454239e-03 5.728815384160253904e-03
7.046401209677419786e+01 4.503695019532821808e-03 5.712885361277616342e-03
7.058901209677419786e+01 4.488672310062293523e-03 5.696775211665857860e-03
7.071401209677419786e+01 4.473732439723929373e-03 5.680489278245806975e-03
7.083901209677419786e+01 4.458877384197130686e-03 5.664031894736073353e-03
7.096401209677419786e+01 4.444109073092929185e-03 5.647407384585407912e-03
7.108901209677419786e+01 4.429429390041736241e-03 5.630620059933274732e-03
7.121401209677419786e+01 4.414840172779416379e-03 5.613674220594978836e-03
7.133901209677419786e+01 4.400343213265985737e-03 5.596574153073301423e-03
7.146401209677419786e+01 4.385940257818078149e-03 5.579324129593972795e-03
7.158901209677419786e+01 4.371633007237924438e-03 5.561928407169069132e-03
7.171401209677419786e+01 4.357423116985422243e-03 5.544391226683247770e-03
7.183901209677419786e+01 4.343312197340065510e-03 5.526716812004089929e-03
7.196401209677419786e+01 4.329301813581136298e-03 5.508909369118962160e-03
7.208901209677419786e+01 4.315393486201538065e-03 5.490973085292502782e-03
7.221401209677419786e+01 4.301588691096348838e-03 5.472912128250131784e-03
7.233901209677419786e+01 4.287888859799543310e-03 5.454730645382949855e-03
7.246401209677419786e+01 4.274295379714202793e-03 5.436432762976487268e-03
7.258901209677419786e+01 4.260809594355124963e-03 5.418022585462756169e-03
7.271401209677419786e+01 4.247432803607243887e-03 5.399504194689932861e-03
7.283901209677419786e+01 4.234166263992518095e-03 5.380881649221757636e-03
7.296401209677419786e+01 4.221011188947335416e-03 5.362158983648927617e-03
7.308901209677419786e+01 4.207968749105479335e-03 5.343340207931595795e-03
7.321401209677419786e+01 4.195040072599521587e-03 5.324429306754200480e-03
7.333901209677419786e+01 4.182226245366599260e-03 5.305430238905005022e-03
7.346401209677419786e+01 4.169528311459738679e-03 5.286346936676500179e-03
7.358901209677419786e+01 4.156947273372920033e-03 5.267183305283381842e-03
7.371401209677419786e+01 4.144484092373047074e-03 5.247943222301858050e-03
7.383901209677419786e+01 4.132139688837120108e-03 5.228630537126442018e-03
7.396401209677419786e+01 4.119914942598925690e-03 5.209249070449154320e-03
7.408901209677419786e+01 4.107810693307506825e-03 5.189802613753455481e-03
7.421401209677419786e+01 4.095827740778213745e-03 5.170294928827940534e-03
7.433901209677419786e+01 4.083966845370599549e-03 5.150729747300486841e-03
7.446401209677419786e+01 4.072228728357578896e-03 5.131110770186577200e-03
7.458901209677419786e+01 4.060614072300982626e-03 5.111441667457622580e-03
7.471401209677419786e+01 4.049123521446308833e-03 5.091726077625859277e-03
7.483901209677419786e+01 4.037757682102863233e-03 5.071967607344482140e-03
7.496401209677419786e+01 4.026517123048004368e-03 5.052169831028983059e-03
7.508901209677419786e+01 4.015402375923659770e-03 5.032336290488032167e-03
7.521401209677419786e+01 4.004413935642427320e-03 5.012470494577955619e-03
7.533901209677419786e+01 3.993552260798736812e-03 4.992575918866631185e-03
7.546401209677419786e+01 3.982817774081260503e-03 4.972656005317196114e-03
7.558901209677419786e+01 3.972210862692170628e-03 4.952714161984938038e-03
7.571401209677419786e+01 3.961731878767258200e-03 4.932753762728981327e-03
7.583901209677419786e+01 3.951381139798919306e-03 4.912778146940842763e-03
7.596401209677419786e+01 3.941158929068737903e-03 4.892790619284802418e-03
7.608901209677419786e+01 3.931065496078018154e-03 4.872794449454488988e-03
7.621401209677419786e+01 3.921101056972762199e-03 4.852792871942276064e-03
7.633901209677419786e+01 3.911265794991390134e-03 4.832789085821679285e-03
7.646401209677419786e+01 3.901559860897127214e-03 4.812786254546704348e-03
7.658901209677419786e+01 3.891983373418861705e-03 4.792787505758715899e-03
7.671401209677419786e+01 3.882536419693180182e-03 4.772795931111483737e-03
7.683901209677419786e+01 3.873219055709397826e-03 4.752814586107146494e-03
7.696401209677419786e+01 3.864031306756871183e-03 4.732846489941391899e-03
7.708901209677419786e+01 3.854973167864609619e-03 4.712894625367217670e-03
7.721401209677419786e+01 3.846044604257243486e-03 4.692961938563837594e-03
7.733901209677419786e+01 3.837245551801402726e-03 4.673051339023859448e-03
7.746401209677419786e+01 3.828575917450389391e-03 4.653165699445595098e-03
7.758901209677419786e+01 3.820035579701760390e-03 4.634806451929797400e-03
7.771401209677419786e+01 3.811624389044176650e-03 4.617069844376508504e-03
7.783901209677419786e+01 3.803342168402479382e-03 4.599360452071053589e-03
7.796401209677419786e+01 3.795188713605907125e-03 4.581680549723370424e-03
7.808901209677419786e+01 3.787163793814482971e-03 4.564032380796330217e-03
7.821401209677419786e+01 3.779267151987954123e-03 4.546418157497180215e-03
7.833901209677419786e+01 3.771498505334805983e-03 4.528840060777797848e-03
7.846401209677419786e+01 3.763857545750205237e-03 4.511300240342499580e-03
7.858901209677419786e+01 3.756343940274816436e-03 4.493800814664822632e-03
7.871401209677419786e+01 3.748957331542731447e-03 4.476343871008781408e-03
7.883901209677419786e+01 3.741697338227707552e-03 4.458931465459684863e-03
7.896401209677419786e+01 3.734563555483050822e-03 4.441565622960092115e-03
7.908901209677419786e+01 3.727555555398998077e-03 4.425998160321577626e-03
7.921401209677419786e+01 3.720672887438325038e-03 4.422088486412867683e-03
7.933901209677419786e+01 3.713915078877909771e-03 4.418141346799948563e-03
7.946401209677419786e+01 3.707281635258584222e-03 4.414157286695118317e-03
7.958901209677419786e+01 3.700772040812266503e-03 4.410136851963726394e-03
7.971401209677419786e+01 3.694385758908674301e-03 4.406080588982216016e-03
7.983901209677419786e+01 3.688122232492794823e-03 4.401989044499262163e-03
7.996401209677419786e+01 3.681980884510917696e-03 4.397862765500449266e-03
8.008901209677419786e+01 3.675961118342997019e-03 4.393702299075518888e-03
8.021401209677419786e+01 3.670062318247872910e-03 4.389508192289229109e-03
8.033901209677419786e+01 3.664283849764961472e-03 4.385280992054683274e-03
8.046401209677419786e+01 3.658625060162200293e-03 4.381021245009972948e-03
8.058901209677419786e+01 3.653085278851051117e-03 4.376729497397632840e-03
8.071401209677419786e+01 3.647663817804019590e-03 4.372406294946948498e-03
8.083901209677419786e+01 3.642359971975015626e-03 4.368052182758980564e-03
8.096401209677419786e+01 3.637173019722291130e-03 4.363667705194633484e-03
8.108901209677419786e+01 3.632102223200754220e-03 4.359253405765104242e-03
8.121401209677419786e+01 3.627146828796770726e-03 4.354809827025399836e-03
8.133901209677419786e+01 3.617834746433472651e-03 4.350337510470133305e-03
8.146401209677419786e+01 3.606457766393262199e-03 4.345836996432218477e-03
8.158901209677419786e+01 3.595243677731771014e-03 4.341308823983912671e-03
8.171401209677419786e+01 3.584192551504934970e-03 4.336753530840571635e-03
8.183901209677419786e+01 3.573304425470834149e-03 4.332171653266648353e-03
8.196401209677419786e+01 3.562579304550519098e-03 4.327563725984462199e-03
8.208901209677419786e+01 3.552017161287396394e-03 4.322930282084904048e-03
8.221401209677419786e+01 3.541617936326800758e-03 4.318271852941079139e-03
8.233901209677419786e+01 3.531381538865773721e-03 4.313588968123728898e-03
8.246401209677419786e+01 3.521307847130099571e-03 4.308882155319261782e-03
8.258901209677419786e+01 3.511396708821883962e-03 4.304151940249936921e-03
8.271401209677419786e+01 3.501647941602855241e-03 4.299398846596288147e-03
8.283901209677419786e+01 3.492061333544241135e-03 4.294623395921563780e-03
8.296401209677419786e+01 3.482636643588411622e-03 4.289826107598636654e-03
8.308901209677419786e+01 3.473373602020382415e-03 4.285007498738580348e-03
8.321401209677419786e+01 3.464271910920533985e-03 4.280168084121720000e-03
8.333901209677419786e+01 3.455331244619550164e-03 4.275308376130374476e-03
8.346401209677419786e+01 3.446551250165493744e-03 4.270428884683862350e-03
8.358901209677419786e+01 3.437931547779859206e-03 4.265530117175266901e-03
8.371401209677419786e+01 3.429471731304189856e-03 4.260612578410276699e-03
8.383901209677419786e+01 3.421171368667497333e-03 4.255676770547730560e-03
8.396401209677419786e+01 3.413030002322373253e-03 4.250723193042305753e-03
8.408901209677419786e+01 3.405047149711374829e-03 4.245752342588717150e-03
8.421401209677419786e+01 3.397222303707547048e-03 4.240764713067992839e-03
8.433901209677419786e+01 3.389554933063675286e-03 4.235760795495259814e-03
8.446401209677419786e+01 3.382044482859559043e-03 4.230741077969487306e-03
8.458901209677419786e+01 3.374690374938463591e-03 4.225706045624781811e-03
8.471401209677419786e+01 3.367492008362553847e-03 4.220656180583443745e-03
8.483901209677419786e+01 3.360448759836775785e-03 4.215591961910550647e-03
8.496401209677419786e+01 3.353559984155289261e-03 4.210513865570321076e-03
8.508901209677419786e+01 3.346825014632251894e-03 4.205422364383891443e-03
8.521401209677419786e+01 3.340243163542036368e-03 4.200317927988773785e-03
8.533901209677419786e+01 3.333813722538277180e-03 4.195201022799755104e-03
8.546401209677419786e+01 3.327535963091800275e-03 4.190072111971385703e-03
8.558901209677419786e+01 3.321409136907549527e-03 4.184931655361779843e-03
8.571401209677419786e+01 3.315432476354164982e-03 4.179780109498080001e-03
8.583901209677419786e+01 3.309605194883010089e-03 4.174617927543092070e-03
8.596401209677419786e+01 3.303926487440846365e-03 4.169445559263590222e-03
8.608901209677419786e+01 3.298395530893836677e-03 4.164263450999695568e-03
8.621401209677419786e+01 3.293011484429549628e-03 4.159072045635800463e-03
8.633901209677419786e+01 3.287773489972967925e-03 4.153871782572702773e-03
8.646401209677419786e+01 3.282680672589455978e-03 4.148663097701130523e-03
8.658901209677419786e+01 3.277732140895548915e-03 4.143446423376303915e-03
8.671401209677419786e+01 3.272926987445222598e-03 4.138222188394104564e-03
8.683901209677419786e+01 3.268264289144233187e-03 4.132990817968053114e-03
8.696401209677419786e+01 3.263743107634676718e-03 4.127752733707809076e-03
8.708901209677419786e+01 3.259362489688307721e-03 4.122508353598623027e-03
8.721401209677419786e+01 3.255121467593221230e-03 4.117258091982049957e-03
8.733901209677419786e+01 3.251019059544456996e-03 4.112002359537712121e-03
8.746401209677419786e+01 3.247054270025032368e-03 4.106741563266293540e-03
8.758901209677419786e+01 3.243226090181267063e-03 4.101476106473335090e-03
8.771401209677419786e+01 3.239533498199902942e-03 4.096206388754505823e-03
8.783901209677419786e+01 3.235975459681465945e-03 4.090932805981454569e-03
8.796401209677419786e+01 3.232550928010708910e-03 4.085655750289016348e-03
8.808901209677419786e+01 3.229258844721668090e-03 4.080375610063274004e-03
8.821401209677419786e+01 3.226098139857368034e-03 4.075092769930610363e-03
8.833901209677419786e+01 3.223067732333231416e-03 4.069807610747651176e-03
8.846401209677419786e+01 3.220166530292185598e-03 4.064520509592289658e-03
8.858901209677419786e+01 3.217393431459068375e-03 4.059231839755443084e-03
8.871401209677419786e+01 3.214747323478420703e-03 4.053941970733959503e-03
8.883901209677419786e+01 3.210614690655300835e-03 4.048651268224059616e-03
8.896401209677419786e+01 3.200555766723352236e-03 4.043360094115872397e-03
8.908901209677419786e+01 3.190639386400074152e-03 4.038068806488803383e-03
8.921401209677419786e+01 3.180865496005383201e-03 4.032777759607674914e-03
8.933901209677419786e+01 3.171234021819758012e-03 4.027487303919580208e-03
8.946401209677419786e+01 3.161744870353202889e-03 4.022197786051705422e-03
8.958901209677419786e+01 3.152397928612026608e-03 4.016909548809702475e-03
8.971401209677419786e+01 3.143193064366859787e-03 4.011622931177153892e-03
8.983901209677419786e+01 3.134130126417275682e-03 4.006338268315319529e-03
8.996401209677419786e+01 3.125208944859749448e-03 4.001055891563943222e-03
9.008901209677419786e+01 3.116429331350306989e-03 3.995776128442647505e-03
9.021401209677419786e+01 3.107791079368569381e-03 3.990499302653051708e-03
9.033901209677419786e+01 3.099293964482246599e-03 3.985225734081451233e-03
9.046401209677419786e+01 3.090937744607598434e-03 3.979955738802292212e-03
9.058901209677419786e+01 3.082722160271914209e-03 3.974689629082154424e-03
9.071401209677419786e+01 3.074646934873507056e-03 3.969427713384553885e-03
9.083901209677419786e+01 3.066711774939749700e-03 3.964170296375098441e-03
9.096401209677419786e+01 3.058916370387858037e-03 3.958917678927378891e-03
9.108901209677419786e+01 3.051260394779074965e-03 3.953670158129474199e-03
9.121401209677419786e+01 3.043743505576976347e-03 3.948428027291070799e-03
9.133901209677419786e+01 3.036365344401362968e-03 3.943191575950802212e-03
9.146401209677419786e+01 3.029125537281908767e-03 3.937961089884612145e-03
9.158901209677419786e+01 3.022023694911680266e-03 3.932736851114177444e-03
9.171401209677419786e+01 3.015059412896903789e-03 3.927519137916336313e-03
9.183901209677419786e+01 3.008232272009668268e-03 3.922308224832493119e-03
9.196401209677419786e+01 3.001541838433544312e-03 3.917104382678880149e-03
9.208901209677419786e+01 2.994987664013720047e-03 3.911907878557159372e-03
9.221401209677419786e+01 2.988569286502091096e-03 3.906718975865569772e-03
9.233901209677419786e+01 2.982286229802229120e-03 3.901537934310319276e-03
9.246401209677419786e+01 2.976138004213554986e-03 3.896365009917680984e-03
9.258901209677419786e+01 2.970124106672336530e-03 3.891200455046302763e-03
9.271401209677419786e+01 2.964244020993448726e-03 3.886044518400142214e-03
9.283901209677419786e+01 2.958497218109862239e-03 3.880897445041544755e-03
9.296401209677419786e+01 2.952883156309173401e-03 3.875759476404895890e-03
9.308901209677419786e+01 2.947401281471321612e-03 3.870630850310644716e-03
9.321401209677419786e+01 2.942051027302749686e-03 3.865511800979689119e-03
9.333901209677419786e+01 2.936831815570377282e-03 3.860402559047992985e-03
9.346401209677419786e+01 2.931743056332777961e-03 3.855303351581736409e-03
9.358901209677419786e+01 2.926784148171295095e-03 3.850214402092692716e-03
9.371401209677419786e+01 2.921954478418213510e-03 3.845135930554029191e-03
9.383901209677419786e+01 2.917253423384637105e-03 3.840068153416286052e-03
9.396401209677419786e+01 2.912680348585407891e-03 3.835011283623758309e-03
9.408901209677419786e+01 2.908234608963428287e-03 3.829965530631208523e-03
9.421401209677419786e+01 2.903915549112385305e-03 3.824931100420858425e-03
9.433901209677419786e+01 2.899722503497208313e-03 3.819908195519482880e-03
9.446401209677419786e+01 2.895654796673309463e-03 3.814897015016084549e-03
9.458901209677419786e+01 2.891711743504124521e-03 3.809897754579576364e-03
9.471401209677419786e+01 2.887892649377337036e-03 3.804910606476876421e-03
9.483901209677419786e+01 2.884196810418506070e-03 3.799935759591164652e-03
9.496401209677419786e+01 2.880623513703682581e-03 3.794973399440340709e-03
9.508901209677419786e+01 2.877172037470788948e-03 3.790023708195870006e-03
9.521401209677419786e+01 2.873841651328159184e-03 3.785086864701756384e-03
9.533901209677419786e+01 2.870631616462096004e-03 3.780163044493604126e-03
9.546401209677419786e+01 2.867541185842936886e-03 3.775252419818117544e-03
9.558901209677419786e+01 2.864569604428416575e-03 3.770355159652659122e-03
9.571401209677419786e+01 2.861716109366953253e-03 3.765471429725040110e-03
9.583901209677419786e+01 2.858979930197208530e-03 3.760601392533446854e-03
9.596401209677419786e+01 2.856360289046989964e-03 3.755745207366615202e-03
9.608901209677419786e+01 2.853856400831102352e-03 3.750903030324102914e-03
9.621401209677419786e+01 2.851467473445703105e-03 3.746075014336770672e-03
9.633901209677419786e+01 2.849192707962555290e-03 3.741261309187452616e-03
9.646401209677419786e+01 2.847031298820427905e-03 3.736462061531658965e-03
9.658901209677419786e+01 2.844982434015518209e-03 3.731677414918510224e-03
9.671401209677419786e+01 2.843045295289430702e-03 3.726907509811774183e-03
9.683901209677419786e+01 2.841219058315435676e-03 3.722152483611125377e-03
9.696401209677419786e+01 2.839502892883872566e-03 3.717412470673322599e-03
9.708901209677419786e+01 2.837895963084575198e-03 3.712687602333671760e-03
9.721401209677419786e+01 2.836397427488451372e-03 3.707978006927569424e-03
9.733901209677419786e+01 2.835006439326799490e-03 3.703283809812164297e-03
9.746401209677419786e+01 2.833722146668247750e-03 3.698605133387974919e-03
9.758901209677419786e+01 2.832543692596490009e-03 3.693942097120820039e-03
9.771401209677419786e+01 2.831470215382075016e-03 3.689294817563639698e-03
9.783901209677419786e+01 2.830500848656408719e-03 3.684663408378616861e-03
9.796401209677419786e+01 2.829634721581571546e-03 3.680047980359080900e-03
9.808901209677419786e+01 2.828870959019139097e-03 3.675448641451746316e-03
9.821401209677419786e+01 2.828208681697644104e-03 3.670865496778873398e-03
9.833901209677419786e+01 2.827647006377139675e-03 3.666298648660609293e-03
9.846401209677419786e+01 2.827185046013087292e-03 3.661748196637209813e-03
9.858901209677419786e+01 2.826821909918341823e-03 3.657214237491474614e-03
9.871401209677419786e+01 2.826556703922276838e-03 3.652696865271104314e-03
9.883901209677419786e+01 2.826388530529752498e-03 3.648196171311296997e-03
9.896401209677419786e+01 2.826316489076839515e-03 3.643712244257081914e-03
9.908901209677419786e+01 2.826339675886258614e-03 3.639245170085954589e-03
9.921401209677419786e+01 2.826457184419422976e-03 3.634795032130381815e-03
9.933901209677419786e+01 2.826668105428230444e-03 3.630361911100506590e-03
9.946401209677419786e+01 2.826971527104741103e-03 3.625945885106550328e-03
9.958901209677419786e+01 2.827366535227707634e-03 3.624358488754526268e-03
9.971401209677419786e+01 2.827852213309711964e-03 3.625801456163118674e-03
9.983901209677419786e+01 2.828427642740494186e-03 3.627227208220848778e-03
9.996401209677419786e+01 2.829091902930183904e-03 3.628635285150249180e-03
1.000890120967741979e+02 2.829844071449820649e-03 3.630025235250078797e-03
1.002140120967741979e+02 2.830683224169803017e-03 3.631396614867914239e-03
1.003390120967741979e+02 2.831608435398106239e-03 3.632748988371660871e-03
1.004640120967741979e+02 2.832618778015608824e-03 3.634081928123192827e-03
1.005890120967741979e+02 2.833713323610009740e-03 3.635395014448990648e-03
1.007140120967741979e+02 2.834891142607660029e-03 3.636687835606788183e-03
1.008390120967741979e+02 2.836151304404971579e-03 3.637959987759143213e-03
1.009640120967741979e+02 2.837492877496757600e-03 3.639211074936520365e-03
1.010890120967741979e+02 2.838914929603412584e-03 3.640440709006314158e-03
1.012140120967741979e+02 2.840416527796661098e-03 3.641648509636694325e-03
1.013390120967741979e+02 2.841996738623720625e-03 3.642834104265066809e-03
1.014640120967741979e+02 2.843654628228929528e-03 3.643997128056551422e-03
1.015890120967741979e+02 2.845389262474855470e-03 3.645137223873420786e-03
1.017140120967741979e+02 2.847199707060871568e-03 3.646254042233021582e-03
1.018390120967741979e+02 2.849085027641011340e-03 3.647347241269875175e-03
1.019640120967741979e+02 2.851044289939112276e-03 3.648416486696901776e-03
1.020890120967741979e+02 2.853076559863563025e-03 3.649461451764355636e-03
1.022140120967741979e+02 2.855180903618938486e-03 3.650481817221549671e-03
1.023390120967741979e+02 2.857356387818335303e-03 3.651477271272434832e-03
1.024640120967741979e+02 2.859602079591138518e-03 3.652447509533517881e-03
1.025890120967741979e+02 2.861917046691570161e-03 3.653392234995156678e-03
1.027140120967741979e+02 2.864300357605118006e-03 3.654311157966168722e-03
1.028390120967741979e+02 2.866751081652455478e-03 3.655203996044341722e-03
1.029640120967741979e+02 2.869268289093106997e-03 3.656070474063250440e-03
1.030890120967741979e+02 2.871851051226837793e-03 3.656910324046279588e-03
1.032140120967741979e+02 2.874498440493197110e-03 3.657723285162458628e-03
1.033390120967741979e+02 2.877209530571218834e-03 3.658509103680281267e-03
1.034640120967741979e+02 2.879983396474716361e-03 3.659267532916345503e-03
1.035890120967741979e+02 2.882819114648986925e-03 3.659998333191142889e-03
1.037140120967741979e+02 2.885715763064517457e-03 3.660701271781678472e-03
1.038390120967741979e+02 2.888672421308964393e-03 3.661376122867744665e-03
1.039640120967741979e+02 2.891688170678872842e-03 3.662022667485394234e-03
1.040890120967741979e+02 2.894762094268500934e-03 3.662640693478507684e-03
1.042140120967741979e+02 2.897893277058990677e-03 3.663229995442628985e-03
1.043390120967741979e+02 2.901080806003449204e-03 3.663790374680993365e-03
1.044640120967741979e+02 2.904323770113428644e-03 3.664321639149693138e-03
1.045890120967741979e+02 2.907621260542369353e-03 3.664823603405378827e-03
1.047140120967741979e+02 2.910972370667321875e-03 3.665296088553300722e-03
1.048390120967741979e+02 2.914376196171118618e-03 3.665738922198212308e-03
1.049640120967741979e+02 2.917831835120630272e-03 3.666151938387735877e-03
1.050890120967741979e+02 2.921338388045640645e-03 3.666534977557795501e-03
1.052140120967741979e+02 2.924894958016036658e-03 3.666887886485865368e-03
1.053390120967741979e+02 2.928500650716001595e-03 3.667210518229817740e-03
1.054640120967741979e+02 2.932154574519263077e-03 3.667502732078668087e-03
1.055890120967741979e+02 2.935855840561028135e-03 3.667764393493128713e-03
1.057140120967741979e+02 2.939603562810046665e-03 3.667995374059238294e-03
1.058390120967741979e+02 2.943396858137959596e-03 3.668195551423197431e-03
1.059640120967741979e+02 2.947234846388722095e-03 3.668364809243461217e-03
1.060890120967741979e+02 2.951116650445553043e-03 3.668503037131972885e-03
1.062140120967741979e+02 2.955041396297492049e-03 3.668610130600640212e-03
1.063390120967741979e+02 2.959008213103943730e-03 3.668685991001098545e-03
1.064640120967741979e+02 2.963016233258264874e-03 3.668730525478756683e-03
1.065890120967741979e+02 2.967064592450489435e-03 3.668743646900372597e-03
1.067140120967741979e+02 2.971152429728090259e-03 3.668725273812650789e-03
1.068390120967741979e+02 2.975278887555871717e-03 3.668675330377937395e-03
1.069640120967741979e+02 2.979443111874540903e-03 3.668593746321061316e-03
1.070890120967741979e+02 2.983644252158626584e-03 3.668480456867833934e-03
1.072140120967741979e+02 2.987881461471986449e-03 3.668335402694679684e-03
1.073390120967741979e+02 2.992153896522908429e-03 3.668158529865387599e-03
1.074640120967741979e+02 2.996460717718431397e-03 3.667949789777026105e-03
1.075890120967741979e+02 3.000801089216517843e-03 3.667709139102140730e-03
1.077140120967741979e+02 3.005174178977635009e-03 3.667436539732379496e-03
1.078390120967741979e+02 3.009579158815250954e-03 3.667131958718552586e-03
1.079640120967741979e+02 3.014015204444519570e-03 3.666795368218642680e-03
1.080890120967741979e+02 3.017778082258215470e-03 3.666426745431885462e-03
1.082140120967741979e+02 3.020830901338120850e-03 3.666026072548986096e-03
1.083390120967741979e+02 3.023913548118805587e-03 3.665593336690250743e-03
1.084640120967741979e+02 3.027025362879855099e-03 3.665128529850864274e-03
1.085890120967741979e+02 3.030165688880619244e-03 3.664631648840464221e-03
1.087140120967741979e+02 3.033333872394729843e-03 3.664102695230700077e-03
1.088390120967741979e+02 3.036529262744294255e-03 3.663541675289531951e-03
1.089640120967741979e+02 3.039751212333120095e-03 3.662948599931891563e-03
1.090890120967741979e+02 3.042999076679161509e-03 3.662323484657940397e-03
1.092140120967741979e+02 3.046272214446723442e-03 3.661666349496451797e-03
1.093390120967741979e+02 3.049569987477010555e-03 3.660977218948350924e-03
1.094640120967741979e+02 3.052891760817948857e-03 3.660256121930804615e-03
1.095890120967741979e+02 3.056236902754522113e-03 3.659503091716013404e-03
1.097140120967741979e+02 3.059604784836544768e-03 3.658718165877199602e-03
1.098390120967741979e+02 3.062994781906960059e-03 3.657901386230914733e-03
1.099640120967741979e+02 3.066406272128795012e-03 3.657052798780409050e-03
1.100890120967741979e+02 3.069838637011658346e-03 3.656172453658723936e-03
1.102140120967741979e+02 3.073291261437436066e-03 3.655260405074257143e-03
1.103390120967741979e+02 3.076763533685212930e-03 3.654316711249664101e-03
1.104640120967741979e+02 3.080254845454972676e-03 3.653341434369036887e-03
1.105890120967741979e+02 3.083764591892183826e-03 3.652334640518756659e-03
1.107140120967741979e+02 3.087292171609758683e-03 3.651296399636184877e-03
1.108390120967741979e+02 3.090836986710490241e-03 3.652719354322388288e-03
1.109640120967741979e+02 3.094398442808574470e-03 3.655194069376558382e-03
1.110890120967741979e+02 3.097975949050167221e-03 3.657630790314525017e-03
1.112140120967741979e+02 3.101568918133511352e-03 3.660029239960894444e-03
1.113390120967741979e+02 3.105176766328776768e-03 3.662389148366735400e-03
1.114640120967741979e+02 3.108798913496190006e-03 3.664710252762018190e-03
1.115890120967741979e+02 3.112434783104713314e-03 3.666992297505372329e-03
1.117140120967741979e+02 3.116083802249540631e-03 3.669235034045358404e-03
1.118390120967741979e+02 3.119745401668560115e-03 3.671438220863266003e-03
1.119640120967741979e+02 3.123419015758995779e-03 3.673601623432881571e-03
1.120890120967741979e+02 3.127104082593015234e-03 3.675725014167375519e-03
1.122140120967741979e+02 3.130800043932554198e-03 3.677808172370952439e-03
1.123390120967741979e+02 3.134506345244061649e-03 3.679850884195339043e-03
1.124640120967741979e+02 3.138222435711920076e-03 3.681852942581416346e-03
1.125890120967741979e+02 3.141947768252046150e-03 3.683814147215864164e-03
1.127140120967741979e+02 3.145681799524612313e-03 3.685734304482446606e-03
1.128390120967741979e+02 3.149423989945901014e-03 3.687613227405981808e-03
1.129640120967741979e+02 3.153173803699936030e-03 3.689450735606784187e-03
1.130890120967741979e+02 3.156930708749605945e-03 3.691246655248916781e-03
1.132140120967741979e+02 3.160694176846995732e-03 3.693000818988714188e-03
1.133390120967741979e+02 3.164463683543151939e-03 3.694713065924907103e-03
1.134640120967741979e+02 3.168238708197531305e-03 3.696383241543655003e-03
1.135890120967741979e+02 3.172018733987024778e-03 3.698011197670317794e-03
1.137140120967741979e+02 3.175803247914007511e-03 3.699596792418803192e-03
1.138390120967741979e+02 3.179591740814333763e-03 3.701139890136685272e-03
1.139640120967741979e+02 3.183383707364282299e-03 3.702640361353841045e-03
1.140890120967741979e+02 3.187178646087676995e-03 3.704098082731613079e-03
1.142140120967741979e+02 3.190976059362128810e-03 3.705512937006422754e-03
1.143390120967741979e+02 3.194775453424695752e-03 3.706884812947161979e-03
1.144640120967741979e+02 3.198576338376959982e-03 3.708213605287681656e-03
1.145890120967741979e+02 3.202378228190631403e-03 3.709499214684837832e-03
1.147140120967741979e+02 3.206180640710975475e-03 3.710741547665410891e-03
1.148390120967741979e+02 3.209983097661433214e-03 3.711940516565346865e-03
1.149640120967741979e+02 3.213785124646793140e-03 3.713096039483008374e-03
1.150890120967741979e+02 3.212882461599648933e-03 3.714208040227513254e-03
1.152140120967741979e+02 3.210594813909947460e-03 3.715276448256123187e-03
1.153390120967741979e+02 3.208320388113634295e-03 3.716301198633176293e-03
1.154640120967741979e+02 3.206059094826648088e-03 3.717282231968357421e-03
1.155890120967741979e+02 3.203810844368759018e-03 3.718219494363004130e-03
1.157140120967741979e+02 3.201575546774275069e-03 3.719112937363130804e-03
1.158390120967741979e+02 3.199353111802763060e-03 3.719962517898133068e-03
1.159640120967741979e+02 3.197143448949712422e-03 3.720768198231522508e-03
1.160890120967741979e+02 3.194946467456957848e-03 3.721529945907236982e-03
1.162140120967741979e+02 3.192762076323017815e-03 3.722247733696315650e-03
1.163390120967741979e+02 3.190590184313446542e-03 3.722921539537317297e-03
1.164640120967741979e+02 3.188430699970911438e-03 3.723551346495989744e-03
1.165890120967741979e+02 3.186283531625320412e-03 3.724137142695053884e-03
1.167140120967741979e+02 3.184148587403740158e-03 3.724678921274161055e-03
1.168390120967741979e+02 3.182025775240210352e-03 3.725176680327713184e-03
1.169640120967741979e+02 3.179915002885523589e-03 3.725630422855933602e-03
1.170890120967741979e+02 3.177816177916888661e-03 3.726040156711154811e-03
1.172140120967741979e+02 3.175729207747390870e-03 3.726405894540807655e-03
1.173390120967741979e+02 3.173653999635471425e-03 3.726727653737476904e-03
1.174640120967741979e+02 3.171590460694228165e-03 3.727005456384835554e-03
1.175890120967741979e+02 3.169538497900726681e-03 3.727239329204818600e-03
1.177140120967741979e+02 3.167498018104999633e-03 3.727429303501533786e-03
1.178390120967741979e+02 3.165468928039134097e-03 3.727575415113074889e-03
1.179640120967741979e+02 3.163451134326227942e-03 3.727677704352677299e-03
1.180890120967741979e+02 3.161444543489174905e-03 3.727736215961470218e-03
1.182140120967741979e+02 3.159449061959380273e-03 3.727750999051638453e-03
1.183390120967741979e+02 3.157464596085434502e-03 3.727722107053508573e-03
1.184640120967741979e+02 3.155491052141565656e-03 3.727649597667972384e-03
1.185890120967741979e+02 3.153528336336186826e-03 3.727533532807728815e-03
1.187140120967741979e+02 3.151576354820124787e-03 3.727373978548970991e-03
1.188390120967741979e+02 3.149635013694908076e-03 3.727171005078152351e-03
1.189640120967741979e+02 3.147704219020875088e-03 3.726924686636845421e-03
1.190890120967741979e+02 3.145783876825308193e-03 3.726635101476377492e-03
1.192140120967741979e+02 3.143873893110272957e-03 3.726302331798101927e-03
1.193390120967741979e+02 3.141974173860525438e-03 3.725926463708164812e-03
1.194640120967741979e+02 3.140084625051303702e-03 3.725507587163553753e-03
1.195890120967741979e+02 3.138205152655987058e-03 3.725045795918526578e-03
1.197140120967741979e+02 3.136335662653609579e-03 3.724541187475721195e-03
1.198390120967741979e+02 3.134476061036430873e-03 3.723993863039007542e-03
1.199640120967741979e+02 3.132626253817297375e-03 3.723403927452248376e-03
1.200890120967741979e+02 3.130786147036962019e-03 3.722771489158564068e-03
1.202140120967741979e+02 3.128955646771242570e-03 3.722096660145981974e-03
1.203390120967741979e+02 3.127134659138234175e-03 3.721379555894683069e-03
1.204640120967741979e+02 3.125323090305264298e-03 3.720620295333162009e-03
1.205890120967741979e+02 3.123520846495860676e-03 3.719819000780400994e-03
1.207140120967741979e+02 3.121727833996668523e-03 3.718975797901901467e-03
1.208390120967741979e+02 3.119943959164135725e-03 3.718090815657661922e-03
1.209640120967741979e+02 3.118169128431223618e-03 3.717164186256710807e-03
1.210890120967741979e+02 3.116403248314025820e-03 3.716196045099531484e-03
1.212140120967741979e+02 3.114646225418285161e-03 3.715186530738829717e-03
1.213390120967741979e+02 3.112897966445763148e-03 3.714135784823043712e-03
1.214640120967741979e+02 3.111158378200646734e-03 3.713043952053576673e-03
1.215890120967741979e+02 3.109427367595750391e-03 3.711911180132713463e-03
1.217140120967741979e+02 3.107704841658736391e-03 3.710737619716340287e-03
1.218390120967741979e+02 3.105990707538195013e-03 3.709523424369483725e-03
1.219640120967741979e+02 3.104284872509602451e-03 3.708268750512479228e-03
1.220890120967741979e+02 3.102587243981309081e-03 3.706973757379343395e-03
1.222140120967741979e+02 3.100897729500372031e-03 3.705638606968611470e-03
1.223390120967741979e+02 3.099216236758292348e-03 3.704263463994439832e-03
1.224640120967741979e+02 3.097542673596717904e-03 3.702848495842565694e-03
1.225890120967741979e+02 3.095876948013027465e-03 3.701393872524562020e-03
1.227140120967741979e+02 3.094218968165927345e-03 3.699899766627723959e-03
1.228390120967741979e+02 3.092568642380793924e-03 3.698366353275024491e-03
1.229640120967741979e+02 3.090925879155097689e-03 3.696793810072156791e-03
1.230890120967741979e+02 3.089290587163707590e-03 3.695182317069594952e-03
1.232140120967741979e+02 3.087662675264093472e-03 3.693532056713641834e-03
1.233390120967741979e+02 3.086042052501435269e-03 3.691843213801069938e-03
1.234640120967741979e+02 3.084428628113737841e-03 3.690115975434094930e-03
1.235890120967741979e+02 3.082822311536764087e-03 3.688350530981466657e-03
1.237140120967741979e+02 3.081223012409004067e-03 3.686547072027540270e-03
1.238390120967741979e+02 3.079630640576474978e-03 3.684705792330707046e-03
1.239640120967741979e+02 3.078045106097501617e-03 3.682826887783004818e-03
1.240890120967741979e+02 3.076466319247393201e-03 3.680910556362033178e-03
1.242140120967741979e+02 3.074894190523121910e-03 3.678956998094049836e-03
1.243390120967741979e+02 3.073328630647791104e-03 3.676966415003854460e-03
1.244640120967741979e+02 3.071769550575167724e-03 3.674939011076420927e-03
1.245890120967741979e+02 3.070216861494059861e-03 3.672874992217574613e-03
1.247140120967741979e+02 3.068670474832716020e-03 3.670774566205200692e-03
1.248390120967741979e+02 3.067130302263013173e-03 3.668637942654227446e-03
1.249640120967741979e+02 3.065596255704674308e-03 3.666465332971907253e-03
1.250890120967741979e+02 3.064068247329452578e-03 3.664256950316797327e-03
1.252140120967741979e+02 3.062546189565163238e-03 3.662013009559898866e-03
1.253390120967741979e+02 3.061029995099640542e-03 3.659733727244047184e-03
1.254640120967741979e+02 3.059519576884737590e-03 3.657419321539781207e-03
1.255890120967741979e+02 3.058014848140121894e-03 3.655070012211648640e-03
1.257140120967741979e+02 3.056515722357140349e-03 3.652686020574819233e-03
1.258390120967741979e+02 3.055022113302502049e-03 3.650267569455376091e-03
1.259640120967741979e+02 3.053533935021958065e-03 3.647814883155119439e-03
1.260890120967741979e+02 3.052051101843894498e-03 3.648339314847644926e-03
1.262140120967741979e+02 3.050573528382940700e-03 3.650974276518966551e-03
1.263390120967741979e+02 3.049101129543335936e-03 3.653571035913555972e-03
1.264640120967741979e+02 3.047633820522423990e-03 3.656129459031244588e-03
1.265890120967741979e+02 3.046171516813995540e-03 3.658649415542663142e-03
1.267140120967741979e+02 3.044714134211568956e-03 3.661130778764396139e-03
1.268390120967741979e+02 3.043261588811609509e-03 3.663573425634239055e-03
1.269640120967741979e+02 3.041813797016714761e-03 3.665977236686298549e-03
1.270890120967741979e+02 3.040370675538728827e-03 3.668342096026520286e-03
1.272140120967741979e+02 3.038932141401810665e-03 3.670667891307323374e-03
1.273390120967741979e+02 3.037498111945365325e-03 3.672954513702909179e-03
1.274640120967741979e+02 3.036068504827061504e-03 3.675201857884369348e-03
1.275890120967741979e+02 3.034643238025620110e-03 3.677409821994597362e-03
1.277140120967741979e+02 3.033222229843731202e-03 3.679578307623346690e-03
1.278390120967741979e+02 3.031805398910747146e-03 3.681707219782194822e-03
1.279640120967741979e+02 3.030392664185405267e-03 3.683796466879383710e-03
1.280890120967742121e+02 3.028983944958472865e-03 3.685845960695087378e-03
1.282140120967742121e+02 3.027579160855403077e-03 3.687855616355845568e-03
1.283390120967742121e+02 3.026178231838786477e-03 3.689825352309851307e-03
1.284640120967742121e+02 3.024781078210885508e-03 3.691755090301778331e-03
1.285890120967742121e+02 3.023387620616083907e-03 3.693644755347486215e-03
1.287140120967742121e+02 3.021997780043230754e-03 3.695494275709130128e-03
1.288390120967742121e+02 3.020611477828000560e-03 3.697303582869960505e-03
1.289640120967742121e+02 3.019228635655145810e-03 3.699072611509334786e-03
1.290890120967742121e+02 3.017849175560731716e-03 3.700801299477298519e-03
1.292140120967742121e+02 3.016473019934299855e-03 3.702489587769836055e-03
1.293390120967742121e+02 3.015100091521018353e-03 3.704137420503581749e-03
1.294640120967742121e+02 3.013730313423726697e-03 3.705744744890789207e-03
1.295890120967742121e+02 3.012363609104958852e-03 3.707311511214239803e-03
1.297140120967742121e+02 3.010999902388906968e-03 3.708837672802358515e-03
1.298390120967742121e+02 3.009639117463420218e-03 3.710323186003870472e-03
1.299640120967742121e+02 3.008281178881766840e-03 3.711768010163152276e-03
1.300890120967742121e+02 3.006926011564536698e-03 3.713172107594972689e-03
1.302140120967742121e+02 3.005573540801392048e-03 3.714535443559635781e-03
1.303390120967742121e+02 3.004223692252851706e-03 3.715857986238013926e-03
1.304640120967742121e+02 3.002876391951892626e-03 3.717139706706657117e-03
1.305890120967742121e+02 3.001531566305667715e-03 3.718380578913006371e-03
1.307140120967742121e+02 3.000189142097049299e-03 3.719580579650417183e-03
1.308390120967742121e+02 2.998849046486229842e-03 3.720739688533320887e-03
1.309640120967742121e+02 2.997511207012189087e-03 3.721857887972746404e-03
1.310890120967742121e+02 2.996175551594155995e-03 3.722935163151318110e-03
1.312140120967742121e+02 2.994842008533039023e-03 3.723971501998555103e-03
1.313390120967742121e+02 2.993510506512831251e-03 3.724966895166354798e-03
1.314640120967742121e+02 2.992180974601888008e-03 3.725921336004434006e-03
1.315890120967742121e+02 2.990853342254227477e-03 3.726834820535612595e-03
1.317140120967742121e+02 2.989527539310794877e-03 3.727707347431365170e-03
1.318390120967742121e+02 2.988203496000704524e-03 3.728538917987591315e-03
1.319640120967742121e+02 2.986881142942319264e-03 3.729329536099827702e-03
1.320890120967742121e+02 2.985560411144424012e-03 3.730079208239141936e-03
1.322140120967742121e+02 2.984241232007321231e-03 3.730787943427856836e-03
1.323390120967742121e+02 2.982923537323868730e-03 3.731455753215210096e-03
1.324640120967742121e+02 2.981607259280439400e-03 3.732082651653212575e-03
1.325890120967742121e+02 2.980292330457960746e-03 3.732668655272538671e-03
1.327140120967742121e+02 2.978978683832770973e-03 3.733213783058517317e-03
1.328390120967742121e+02 2.977666252777562243e-03 3.733718056427129048e-03
1.329640120967742121e+02 2.976354971062205538e-03 3.734181499200934975e-03
1.330890120967742121e+02 2.975044772854567709e-03 3.734604137585437276e-03
1.332140120967742121e+02 2.973735592721272591e-03 3.734986000145181211e-03
1.333390120967742121e+02 2.972427365628505912e-03 3.735327117779981606e-03
1.334640120967742121e+02 2.971120026942628521e-03 3.735627523701318467e-03
1.335890120967742121e+02 2.969813512430906702e-03 3.735887253408800689e-03
1.337140120967742121e+02 2.968507758262105885e-03 3.736106344666666190e-03
1.338390120967742121e+02 2.967202701007160253e-03 3.736284837480194441e-03
1.339640120967742121e+02 2.965898277639641544e-03 3.736422774072533162e-03
1.340890120967742121e+02 2.964594425536352766e-03 3.736520198861293003e-03
1.342140120967742121e+02 2.963291082477787896e-03 3.736577158435388547e-03
1.343390120967742121e+02 2.961988186648650562e-03 3.736593701531968660e-03
1.344640120967742121e+02 2.960685676638201858e-03 3.736569879013277879e-03
1.345890120967742121e+02 2.959383491440730884e-03 3.736505743843695181e-03
1.347140120967742121e+02 2.958081570455864395e-03 3.736401351067009536e-03
1.348390120967742121e+02 2.956779853488950179e-03 3.736256757783450871e-03
1.349640120967742121e+02 2.955478280751317691e-03 3.736072023126994247e-03
1.350890120967742121e+02 2.954176792860556486e-03 3.735847208242812356e-03
1.352140120967742121e+02 2.952875330840759073e-03 3.735582376264730622e-03
1.353390120967742121e+02 2.951573836122773319e-03 3.735277592292683604e-03
1.354640120967742121e+02 2.950272250544283114e-03 3.734932923370494918e-03
1.355890120967742121e+02 2.948970516350045163e-03 3.734548438463426885e-03
1.357140120967742121e+02 2.947668576191970514e-03 3.734124208436234542e-03
1.358390120967742121e+02 2.946366373129241222e-03 3.733660306030850591e-03
1.359640120967742121e+02 2.945063850628329861e-03 3.733156805844403420e-03
1.360890120967742121e+02 2.943760952563067614e-03 3.732613784307535227e-03
1.362140120967742121e+02 2.942457623214641237e-03 3.732031319662350213e-03
1.363390120967742121e+02 2.941153807271590023e-03 3.731409491940761332e-03
1.364640120967742121e+02 2.939849449829706925e-03 3.730748382942929414e-03
1.365890120967742121e+02 2.938544496392016866e-03 3.730048076215769504e-03
1.367140120967742121e+02 2.937238892868642738e-03 3.729308657031353991e-03
1.368390120967742121e+02 2.935932585576680066e-03 3.728530212365670053e-03
1.369640120967742121e+02 2.934625521240074707e-03 3.727712830877520211e-03
1.370890120967742121e+02 2.933317646989399511e-03 3.726856602887159645e-03
1.372140120967742121e+02 2.932008910361656989e-03 3.725961620355414897e-03
1.373390120967742121e+02 2.930699259300078088e-03 3.725027976862736647e-03
1.374640120967742121e+02 2.929388642153851578e-03 3.724055767588260735e-03
1.375890120967742121e+02 2.928077007677811362e-03 3.723045089289336255e-03
1.377140120967742121e+02 2.926764305032215300e-03 3.721996040280532367e-03
1.378390120967742121e+02 2.925450483782305027e-03 3.720908720413421394e-03
1.379640120967742121e+02 2.924135493898081736e-03 3.719783231055982017e-03
1.380890120967742121e+02 2.922819285753825228e-03 3.718619675072365894e-03
1.382140120967742121e+02 2.921501810127772551e-03 3.717418156802697674e-03
1.383390120967742121e+02 2.920183018201633583e-03 3.716178782042854189e-03
1.384640120967742121e+02 2.918862861560241051e-03 3.714901658024557640e-03
1.385890120967742121e+02 2.917541292191000186e-03 3.713586893395535993e-03
1.387140120967742121e+02 2.916218262483437264e-03 3.712234598199581469e-03
1.388390120967742121e+02 2.914893725228708682e-03 3.710844883856943398e-03
1.389640120967742121e+02 2.913567633619077498e-03 3.709417863144750995e-03
1.390890120967742121e+02 2.912239941247344449e-03 3.707953650177598769e-03
1.392140120967742121e+02 2.910910602106274187e-03 3.706452360388031754e-03
1.393390120967742121e+02 2.909579570588046674e-03 3.704914110507405000e-03
1.394640120967742121e+02 2.908246801483636151e-03 3.703339018546845853e-03
1.395890120967742121e+02 2.906912249982161051e-03 3.701727203777945615e-03
1.397140120967742121e+02 2.905575871670260796e-03 3.700078786714011518e-03
1.398390120967742121e+02 2.904237622531431404e-03 3.698393889091254952e-03
1.399640120967742121e+02 2.902897458945347640e-03 3.696672633850050377e-03
1.400890120967742121e+02 2.901555337687133571e-03 3.694915145116291818e-03
1.402140120967742121e+02 2.900211215926685581e-03 3.693121548182934106e-03
1.403390120967742121e+02 2.898865051227874409e-03 3.691291969491672896e-03
1.404640120967742121e+02 2.897516801547892450e-03 3.689426536614651576e-03
1.405890120967742121e+02 2.896166425236363848e-03 3.687525378236221948e-03
1.407140120967742121e+02 2.892695891212646898e-03 3.685588624134959919e-03
1.408390120967742121e+02 2.889160897407477748e-03 3.683616405165829506e-03
1.409640120967742121e+02 2.885633485345368791e-03 3.681608853242169035e-03
1.410890120967742121e+02 2.882113715827338760e-03 3.679566101318106682e-03
1.412140120967742121e+02 2.878601648467279603e-03 3.677488283370936983e-03
1.413390120967742121e+02 2.875097341695429833e-03 3.675375534383693802e-03
1.414640120967742121e+02 2.871600852765139079e-03 3.673227990327600570e-03
1.415890120967742121e+02 2.868112237756525757e-03 3.671045788145018817e-03
1.417140120967742121e+02 2.864631551584249057e-03 3.668829065732140404e-03
1.418390120967742121e+02 2.861158848000064196e-03 3.666577961921982896e-03
1.419640120967742121e+02 2.857694179599925242e-03 3.664292616467560576e-03
1.420890120967742121e+02 2.854237597828883106e-03 3.661973170024976094e-03
1.422140120967742121e+02 2.850789152987662309e-03 3.659619764136677784e-03
1.423390120967742121e+02 2.847348894236869862e-03 3.657232541215029234e-03
1.424640120967742121e+02 2.843916869605048713e-03 3.654811644525691062e-03
1.425890120967742121e+02 2.840493125991267256e-03 3.652357218171283296e-03
1.427140120967742121e+02 2.837077709173219629e-03 3.649869407075170477e-03
1.428390120967742121e+02 2.833670663812638043e-03 3.647348356965282330e-03
1.429640120967742121e+02 2.830272033460699485e-03 3.644794214358165578e-03
1.430890120967742121e+02 2.826881860564363098e-03 3.642207126542951201e-03
1.432140120967742121e+02 2.823500186473447849e-03 3.639587241565608346e-03
1.433390120967742121e+02 2.820127051444445022e-03 3.636934708213358704e-03
1.434640120967742121e+02 2.816762494648553886e-03 3.634249675998888797e-03
1.435890120967742121e+02 2.813406554177265342e-03 3.631532295145045806e-03
1.437140120967742121e+02 2.810059267047895683e-03 3.628782716569395068e-03
1.438390120967742121e+02 2.806720669210947035e-03 3.626001091869077240e-03
1.439640120967742121e+02 2.803390795556537102e-03 3.623187573305542298e-03
1.440890120967742121e+02 2.800069679919580355e-03 3.620342313789653033e-03
1.442140120967742121e+02 2.796757355086556054e-03 3.617465466866775104e-03
1.443390120967742121e+02 2.793453852802725568e-03 3.614557186701864051e-03
1.444640120967742121e+02 2.790159203777746368e-03 3.611617628064846350e-03
1.445890120967742121e+02 2.786873437692228422e-03 3.608646946316132736e-03
1.447140120967742121e+02 2.783596583205725627e-03 3.605645297392018334e-03
1.448390120967742121e+02 2.780328667960992820e-03 3.602612837790412827e-03
1.449640120967742121e+02 2.777069718591598617e-03 3.599549724556564984e-03
1.450890120967742121e+02 2.773819760729832277e-03 3.596456115268972364e-03
1.452140120967742121e+02 2.770578819011113806e-03 3.593332168025380798e-03
1.453390120967742121e+02 2.767346917082133713e-03 3.590178041428733133e-03
1.454640120967742121e+02 2.764124077608160965e-03 3.586993894573577233e-03
1.455890120967742121e+02 2.760910322277641740e-03 3.583779887032191667e-03
1.457140120967742121e+02 2.757705671811403435e-03 3.580536178841118612e-03
1.458390120967742121e+02 2.754510145967326712e-03 3.577262930487641688e-03
1.459640120967742121e+02 2.751323763549025619e-03 3.573960302896475854e-03
1.460890120967742121e+02 2.748146542410919053e-03 3.570628457416482465e-03
1.462140120967742121e+02 2.744978499467681105e-03 3.567267555807464990e-03
1.463390120967742121e+02 2.741819650698186246e-03 3.563877760227297797e-03
1.464640120967742121e+02 2.738670011154166039e-03 3.560459233218792995e-03
1.465890120967742121e+02 2.735529594967023997e-03 3.557012137697023509e-03
1.467140120967742121e+02 2.732398415354016404e-03 3.553536636936574598e-03
1.468390120967742121e+02 2.729276484626826614e-03 3.550032894558915932e-03
1.469640120967742121e+02 2.726163814196841222e-03 3.546501074519917227e-03
1.470890120967742121e+02 2.723060414582521328e-03 3.542941341097501778e-03
1.472140120967742121e+02 2.719966295417688019e-03 3.539353858879281788e-03
1.473390120967742121e+02 2.716881465456757322e-03 3.535738792750432648e-03
1.474640120967742121e+02 2.713805932583245560e-03 3.532096307881572427e-03
1.475890120967742121e+02 2.710739703816353059e-03 3.528426569716879447e-03
1.477140120967742121e+02 2.707682785318062200e-03 3.524729743962137871e-03
1.478390120967742121e+02 2.704635182399834324e-03 3.521005996573032659e-03
1.479640120967742121e+02 2.701596899529477500e-03 3.517255493743435841e-03
1.480890120967742121e+02 2.698567940340561300e-03 3.513478401894037581e-03
1.482140120967742121e+02 2.695548307635517622e-03 3.509674887660624212e-03
1.483390120967742121e+02 2.692538003397659720e-03 3.505845117882905315e-03
1.484640120967742121e+02 2.689537028793434741e-03 3.501989259593346008e-03
1.485890120967742121e+02 2.686545384183478685e-03 3.498107480005829655e-03
1.487140120967742121e+02 2.683563069126758491e-03 3.494199946504757300e-03
1.488390120967742121e+02 2.680590082390146844e-03 3.490266826634088985e-03
1.489640120967742121e+02 2.677626421953623308e-03 3.486308288086568518e-03
1.490890120967742121e+02 2.674672085019577650e-03 3.482324498692855857e-03
1.492140120967742121e+02 2.671727068017689180e-03 3.478315626411016860e-03
1.493390120967742121e+02 2.668791366613440345e-03 3.474281839315994814e-03
1.494640120967742121e+02 2.665864975714696099e-03 3.470223305589106681e-03
1.495890120967742121e+02 2.662947889479524467e-03 3.466140193507778744e-03
1.497140120967742121e+02 2.660040101322411633e-03 3.462032671435322142e-03
1.498390120967742121e+02 2.657141603922865292e-03 3.457900907810755684e-03
1.499640120967742121e+02 2.654252389230414132e-03 3.453745071138858511e-03
1.500890120967742121e+02 2.651372448474088959e-03 3.449565329980117372e-03
1.502140120967742121e+02 2.648501772167763911e-03 3.445361852941028653e-03
1.503390120967742121e+02 2.645640350118119277e-03 3.441134808664243847e-03
1.504640120967742121e+02 2.642788171431815006e-03 3.436884365819015564e-03
1.505890120967742121e+02 2.639945224522427872e-03 3.432610693091611449e-03
1.507140120967742121e+02 2.637111497117797156e-03 3.428313959175905042e-03
1.508390120967742121e+02 2.634286976266362029e-03 3.423994332763955362e-03
1.509640120967742121e+02 2.631471648345208927e-03 3.419651982536849304e-03
1.510890120967742121e+02 2.628665499066823973e-03 3.415287077155478111e-03
1.512140120967742121e+02 2.625868513485828028e-03 3.410899785251460866e-03
1.513390120967742121e+02 2.623080676007242228e-03 3.406490275418188555e-03
1.514640120967742121e+02 2.620301970391840027e-03 3.402058716202022073e-03
1.515890120967742121e+02 2.617532379764234921e-03 3.397605276093368810e-03
1.517140120967742121e+02 2.614771886620037480e-03 3.393130123518077988e-03
1.518390120967742121e+02 2.612020472832047007e-03 3.388633426828898450e-03
1.519640120967742121e+02 2.609278119658513164e-03 3.384115354296824557e-03
1.520890120967742121e+02 2.606544807749059181e-03 3.379576074102774719e-03
1.522140120967742121e+02 2.603820517152375790e-03 3.375015754329253014e-03
1.523390120967742121e+02 2.601105227322322681e-03 3.370434562952127466e-03
1.524640120967742121e+02 2.598398917126145020e-03 3.365832667832466870e-03
1.525890120967742121e+02 2.595701564850116504e-03 3.361210236708453512e-03
1.527140120967742121e+02 2.593013148207343882e-03 3.356567437187493643e-03
1.528390120967742121e+02 2.590333644344857203e-03 3.351904436738353116e-03
1.529640120967742121e+02 2.587663029849608491e-03 3.347221402683231428e-03
1.530890120967742121e+02 2.585001280755841718e-03 3.342518502190192694e-03
1.532140120967742121e+02 2.582348372552012612e-03 3.337795902265519414e-03
1.533390120967742121e+02 2.579704280187431788e-03 3.333053769746174236e-03
1.534640120967742121e+02 2.577068978079891885e-03 3.328292271292350619e-03
1.535890120967742121e+02 2.574442440121351827e-03 3.323511573380173115e-03
1.537140120967742121e+02 2.571824639684568668e-03 3.318711842294403292e-03
1.538390120967742121e+02 2.569215549631456361e-03 3.313893244121208104e-03
1.539640120967742121e+02 2.566615142318476404e-03 3.309055944741142938e-03
1.540890120967742121e+02 2.564023389603531204e-03 3.304200109822090850e-03
1.542140120967742121e+02 2.561440262853378717e-03 3.299325904812342326e-03
1.543390120967742121e+02 2.558865732949625917e-03 3.294433494933756128e-03
1.544640120967742121e+02 2.556299770295186301e-03 3.289523045175006891e-03
1.545890120967742121e+02 2.553742344822060566e-03 3.284594720284857855e-03
1.547140120967742121e+02 2.551193425996488295e-03 3.279648684765655228e-03
1.548390120967742121e+02 2.548652982826412044e-03 3.274685102866711946e-03
1.549640120967742121e+02 2.546120983868571490e-03 3.269704138577898735e-03
1.550890120967742121e+02 2.543597397233663803e-03 3.264705955623352276e-03
1.552140120967742121e+02 2.541082190593754817e-03 3.259690717455102690e-03
1.553390120967742121e+02 2.538575331188676690e-03 3.254658587246968618e-03
1.554640120967742121e+02 2.536076785832265101e-03 3.249609727888354716e-03
1.555890120967742121e+02 2.533586520919025795e-03 3.244544301978262088e-03
1.557140120967742121e+02 2.531104502430840154e-03 3.239462471819378082e-03
1.558390120967742121e+02 2.528630695942422641e-03 3.234364399412070681e-03
1.559640120967742121e+02 2.526165066628575841e-03 3.229250246448685593e-03
1.560890120967742121e+02 2.523707579270193478e-03 3.224120174307757488e-03
1.562140120967742121e+02 2.521258198260676719e-03 3.218974344048414205e-03
1.563390120967742121e+02 2.518816887611644451e-03 3.213812916404754517e-03
1.564640120967742121e+02 2.516383610960924722e-03 3.208636051780330845e-03
1.565890120967742121e+02 2.513958331576089233e-03 3.203443910242838831e-03
1.567140120967742121e+02 2.511541012363155585e-03 3.198236651518592249e-03
1.568390120967742121e+02 2.509131615870974826e-03 3.193014434987370437e-03
1.569640120967742121e+02 2.506730104299023827e-03 3.187777419677182041e-03
1.570890120967742121e+02 2.504336439501437216e-03 3.182525764259096397e-03
1.572140120967742121e+02 2.501950582995740840e-03 3.177259627042269222e-03
1.573390120967742121e+02 2.499572495966256597e-03 3.171979165968835581e-03
1.574640120967742121e+02 2.497202139271844073e-03 3.166684538609106873e-03
1.575890120967742121e+02 2.494839473451494587e-03 3.161375902156679778e-03
1.577140120967742121e+02 2.492484458729645955e-03 3.156053413423626740e-03
1.578390120967742121e+02 2.490137055022990410e-03 3.150717228835849936e-03
1.579640120967742121e+02 2.487797221946618995e-03 3.145367504428423552e-03
1.580890120967742121e+02 2.485464918818329309e-03 3.140004395840995458e-03
1.582140120967742121e+02 2.483140104666351974e-03 3.134628058313390121e-03
1.583390120967742121e+02 2.480822738233568608e-03 3.129649169605746521e-03
1.584640120967742121e+02 2.478512777984505800e-03 3.125195677621144408e-03
1.585890120967742121e+02 2.476210182110332413e-03 3.120728642386825288e-03
1.587140120967742121e+02 2.473914908535036501e-03 3.116248185344705577e-03
1.588390120967742121e+02 2.471626914921101759e-03 3.111754427742935685e-03
1.589640120967742121e+02 2.469346158674401177e-03 3.107247490631790884e-03
1.590890120967742121e+02 2.467072596950997156e-03 3.102727494859647186e-03
1.592140120967742121e+02 2.464806186661496097e-03 3.098194561069196606e-03
1.593390120967742121e+02 2.462546884478277864e-03 3.093648809693525393e-03
1.594640120967742121e+02 2.460294646838979971e-03 3.089090360952256430e-03
1.595890120967742121e+02 2.458049429953578294e-03 3.084519334847872496e-03
1.597140120967742121e+02 2.455811189809054777e-03 3.079935851161922852e-03
1.598390120967742121e+02 2.453579882175128523e-03 3.075340029451340430e-03
1.599640120967742121e+02 2.451355462609334200e-03 3.070731989044919903e-03
1.600890120967742121e+02 2.449137886463433143e-03 3.066111849039660029e-03
1.602140120967742121e+02 2.446927108886836830e-03 3.061479728297220038e-03
1.603390120967742121e+02 2.444723084833858896e-03 3.056835745440522178e-03
1.604640120967742121e+02 2.442525769067376701e-03 3.052180018850189896e-03
1.605890120967742121e+02 2.440335116165678279e-03 3.047512666661287856e-03
1.607140120967742121e+02 2.438151080525617371e-03 3.042833806759853797e-03
1.608390120967742121e+02 2.435973616370322968e-03 3.038143556779719211e-03
1.609640120967742121e+02 2.433802677751888566e-03 3.033442034099156134e-03
1.610890120967742121e+02 2.431638218557593753e-03 3.028729355837738151e-03
1.612140120967742121e+02 2.429480192515427999e-03 3.024005638853079561e-03
1.613390120967742121e+02 2.427328553197854143e-03 3.019270999737842538e-03
1.614640120967742121e+02 2.425183254028152272e-03 3.014525554816546542e-03
1.615890120967742121e+02 2.423044248284103846e-03 3.009769420142608017e-03
1.617140120967742121e+02 2.420911489104121336e-03 3.005002711495279900e-03
1.618390120967742121e+02 2.418784929491091511e-03 3.000225544376784997e-03
1.619640120967742121e+02 2.416664522317779531e-03 2.995438034009315336e-03
1.620890120967742121e+02 2.414238313119813472e-03 2.990640295332281338e-03
1.622140120967742121e+02 2.410472679344301174e-03 2.985832442999380130e-03
1.623390120967742121e+02 2.406718753291508129e-03 2.981014591375893714e-03
1.624640120967742121e+02 2.402976544726547533e-03 2.976186854535933356e-03
1.625890120967742121e+02 2.399246062652520169e-03 2.971349346259677913e-03
1.627140120967742121e+02 2.395527315316569889e-03 2.966502180030838095e-03
1.628390120967742121e+02 2.391820310214224764e-03 2.961645469033924276e-03
1.629640120967742121e+02 2.388125054099174416e-03 2.956779326151741556e-03
1.630890120967742121e+02 2.384441552984433582e-03 2.951903863962849258e-03
1.632140120967742121e+02 2.380769812151336661e-03 2.947019194739063357e-03
1.633390120967742121e+02 2.377109836155891567e-03 2.942125430442917283e-03
1.634640120967742121e+02 2.373461628832502449e-03 2.937222682725405039e-03
1.635890120967742121e+02 2.369825193301495787e-03 2.932311062923476271e-03
1.637140120967742121e+02 2.366200531974869698e-03 2.927390682057757695e-03
1.638390120967742121e+02 2.362587646562209348e-03 2.922461650830202127e-03
1.639640120967742121e+02 2.358986538076266251e-03 2.917524079621877566e-03
1.640890120967742121e+02 2.355397206839868109e-03 2.912578078490715532e-03
1.642140120967742121e+02 2.351819652490244779e-03 2.907623757169354797e-03
1.643390120967742121e+02 2.348253873986814143e-03 2.902661225062943499e-03
1.644640120967742121e+02 2.344699869615644253e-03 2.897690591247058765e-03
1.645890120967742121e+02 2.341157636995811961e-03 2.892711964465638063e-03
1.647140120967742121e+02 2.337627173086361757e-03 2.887725453128900995e-03
1.648390120967742121e+02 2.334108474190144285e-03 2.882731165311357840e-03
1.649640120967742121e+02 2.330601535961227943e-03 2.877729208749890515e-03
1.650890120967742121e+02 2.327106353411380248e-03 2.872719690841770215e-03
1.652140120967742121e+02 2.323622920913449245e-03 2.867702718642783054e-03
1.653390120967742121e+02 2.320151232210029748e-03 2.862678398865318823e-03
1.654640120967742121e+02 2.316691280417119709e-03 2.857646837876631502e-03
1.655890120967742121e+02 2.313243058031023112e-03 2.852608141696976601e-03
1.657140120967742121e+02 2.309806556935081572e-03 2.847562415997899419e-03
1.658390120967742121e+02 2.306381768403123391e-03 2.842509766100456085e-03
1.659640120967742121e+02 2.302968683106944130e-03 2.837450296973590292e-03
1.660890120967742121e+02 2.299567291122362085e-03 2.832384113232392069e-03
1.662140120967742121e+02 2.296177581934172665e-03 2.827311319136582932e-03
1.663390120967742121e+02 2.292799544441905934e-03 2.822232018588821060e-03
1.664640120967742121e+02 2.289433166965778449e-03 2.817146315133210732e-03
1.665890120967742121e+02 2.286078437253014160e-03 2.812054311953752789e-03
1.667140120967742121e+02 2.282735342482605356e-03 2.806956111872876188e-03
1.668390120967742121e+02 2.279403869271694281e-03 2.801851817349862005e-03
1.669640120967742121e+02 2.276084003680824575e-03 2.796741530479598774e-03
1.670890120967742121e+02 2.272775731220623430e-03 2.791625352991058094e-03
1.672140120967742121e+02 2.269479036855506521e-03 2.786503386245945020e-03
1.673390120967742121e+02 2.266193905011676824e-03 2.781375731237398317e-03
1.674640120967742121e+02 2.262920319581501749e-03 2.776242488588632606e-03
1.675890120967742121e+02 2.259658263928510449e-03 2.771103758551699339e-03
1.677140120967742121e+02 2.256407720894855300e-03 2.765959641006256013e-03
1.678390120967742121e+02 2.253168672804956117e-03 2.760810235458277268e-03
1.679640120967742121e+02 2.249941101472389179e-03 2.755655641038955508e-03
1.680890120967742121e+02 2.246724988205332091e-03 2.750495956503513049e-03
1.682140120967742121e+02 2.243520313810981690e-03 2.745331280230025109e-03
1.683390120967742121e+02 2.240327058602453042e-03 2.740161710218391982e-03
1.684640120967742121e+02 2.237145202404246420e-03 2.734987344089237493e-03
1.685890120967742121e+02 2.233974724556128319e-03 2.729808279082870763e-03
1.687140120967742121e+02 2.230815603920508795e-03 2.724624612058276600e-03
1.688390120967742121e+02 2.227667818886921829e-03 2.719436439492079870e-03
1.689640120967742121e+02 2.224531347377504444e-03 2.714243857477679437e-03
1.690890120967742121e+02 2.221406166852619816e-03 2.709046961724252862e-03
1.692140120967742121e+02 2.218292254316612221e-03 2.703845847555864761e-03
1.693390120967742121e+02 2.215189586321807732e-03 2.698640609910605507e-03
1.694640120967742121e+02 2.212098138975884202e-03 2.693431343339717371e-03
1.695890120967742121e+02 2.209017887945735788e-03 2.688218142006772692e-03
1.697140120967742121e+02 2.205948808463177591e-03 2.683001099686914501e-03
1.698390120967742121e+02 2.202890875330592614e-03 2.677780309766013452e-03
1.699640120967742121e+02 2.199844062925370488e-03 2.672555865240000810e-03
1.700890120967742121e+02 2.196808345206399671e-03 2.667327858714121230e-03
1.702140120967742121e+02 2.193783695718207801e-03 2.662096382402171640e-03
1.703390120967742121e+02 2.190770087596587406e-03 2.656861528125942229e-03
1.704640120967742121e+02 2.187767493574358652e-03 2.651623387314503907e-03
1.705890120967742121e+02 2.184775885985125888e-03 2.646382051003582075e-03
1.707140120967742121e+02 2.181795236770282895e-03 2.641137609835008445e-03
1.708390120967742121e+02 2.178825517482607665e-03 2.635890154056100450e-03
1.709640120967742121e+02 2.175866699292079796e-03 2.630639773519110030e-03
1.710890120967742121e+02 2.172918752990761568e-03 2.625386557680765235e-03
1.712140120967742121e+02 2.169981648998304397e-03 2.620130595601703402e-03
1.713390120967742121e+02 2.167055357366206268e-03 2.614871975946015791e-03
1.714640120967742121e+02 2.164139847783648225e-03 2.609610786980802195e-03
1.715890120967742121e+02 2.161235089581999870e-03 2.604347116575704731e-03
1.717140120967742121e+02 2.158341051739885198e-03 2.599081052202549622e-03
1.718390120967742121e+02 2.155457702888545924e-03 2.593812680934911349e-03
1.719640120967742121e+02 2.152585011315960584e-03 2.588542089447785650e-03
1.720890120967742121e+02 2.149722944972370930e-03 2.583269364017233474e-03
1.722140120967742121e+02 2.146871471475432763e-03 2.577994590520047043e-03
1.723390120967742121e+02 2.144030558113879225e-03 2.572717854433449747e-03
1.724640120967742121e+02 2.141200171854282328e-03 2.567439240834861088e-03
1.725890120967742121e+02 2.138380279343739601e-03 2.562158834401580525e-03
1.727140120967742121e+02 2.135570846915890979e-03 2.556876719410596660e-03
1.728390120967742121e+02 2.132771840596518059e-03 2.551592979738333961e-03
1.729640120967742121e+02 2.129983226106026053e-03 2.546307698860502712e-03
1.730890120967742121e+02 2.127204968865987599e-03 2.541020959851856588e-03
1.732140120967742121e+02 2.124437034003081454e-03 2.535732845386136705e-03
1.733390120967742121e+02 2.121679386354419390e-03 2.530443437735837003e-03
1.734640120967742121e+02 2.118931990471069424e-03 2.525152818772162175e-03
1.735890120967742121e+02 2.116194810624074003e-03 2.519861069964877184e-03
1.737140120967742121e+02 2.113467810807783710e-03 2.514568272382278636e-03
1.738390120967742121e+02 2.110750954745401007e-03 2.509274506691079425e-03
1.739640120967742121e+02 2.108044205893345232e-03 2.503979853156472479e-03
1.740890120967742121e+02 2.105347527444748935e-03 2.498684391641973774e-03
1.742140120967742121e+02 2.102660882335887198e-03 2.493388201609557202e-03
1.743390120967742121e+02 2.099984233248785356e-03 2.488091362119577380e-03
1.744640120967742121e+02 2.097317542616682941e-03 2.482793951830781359e-03
1.745890120967742121e+02 2.094660772628623765e-03 2.477496049000529367e-03
1.747140120967742121e+02 2.092013885232927098e-03 2.472197731484659933e-03
1.748390120967742121e+02 2.089376842142889705e-03 2.466899076737725811e-03
1.749640120967742121e+02 2.086749604839519771e-03 2.461600161813009592e-03
1.750890120967742121e+02 2.084132134577508250e-03 2.456301063362713224e-03
1.752140120967742121e+02 2.081524392388803268e-03 2.451001857638042142e-03
1.753390120967742121e+02 2.078926339086295538e-03 2.445702620489370940e-03
1.754640120967742121e+02 2.076337935268960516e-03 2.440403427366510513e-03
1.755890120967742121e+02 2.073759141326166153e-03 2.435104353318723238e-03
1.757140120967742121e+02 2.071189917441099409e-03 2.429805472995126732e-03
1.758390120967742121e+02 2.068630223595269591e-03 2.424506860644710330e-03
1.759640120967742121e+02 2.066080019573172163e-03 2.419208590116774405e-03
1.760890120967742121e+02 2.063539264965775534e-03 2.413910734861015803e-03
1.762140120967742121e+02 2.061007919175226501e-03 2.408613367927948945e-03
1.763390120967742121e+02 2.058485941418033462e-03 2.403316561969052849e-03
1.764640120967742121e+02 2.055973290729912802e-03 2.398020389237118070e-03
1.765890120967742121e+02 2.053469925969855087e-03 2.392724921586650028e-03
1.767140120967742121e+02 2.050975805823342969e-03 2.387430230474048547e-03
1.768390120967742121e+02 2.048490888806986810e-03 2.382136386958090112e-03
1.769640120967742121e+02 2.046015133272869723e-03 2.376843461700170294e-03
1.770890120967742121e+02 2.043548497411115834e-03 2.371551524964798149e-03
1.772140120967742121e+02 2.041090939255218051e-03 2.366260646619845580e-03
1.773390120967742121e+02 2.038642416685139749e-03 2.360970896137053882e-03
1.774640120967742121e+02 2.036202887431184938e-03 2.355682342592447468e-03
1.775890120967742121e+02 2.033772309078417037e-03 2.350395054666679084e-03
1.777140120967742121e+02 2.031350639069354636e-03 2.345109100645594025e-03
1.778390120967742121e+02 2.028937834709013035e-03 2.339824548420531107e-03
1.779640120967742121e+02 2.026533853167792557e-03 2.334541465488967991e-03
1.780890120967742121e+02 2.024138651485567729e-03 2.329259918954848605e-03
1.782140120967742121e+02 2.021752186574790264e-03 2.323979975529211987e-03
1.783390120967742121e+02 2.019374415225754817e-03 2.318701701530571316e-03
1.784640120967742121e+02 2.017005294108104724e-03 2.313425162885522374e-03
1.785890120967742121e+02 2.014644779775899997e-03 2.308150425129273930e-03
1.787140120967742121e+02 2.012292828671017816e-03 2.302877553406114820e-03
1.788390120967742121e+02 2.009949397125839182e-03 2.300063626652735539e-03
1.789640120967742121e+02 2.007614441368306933e-03 2.297527889491883957e-03
1.790890120967742121e+02 2.005287917523797519e-03 2.294989568671625731e-03
1.792140120967742121e+02 2.002969781620022021e-03 2.292448682269829056e-03
1.793390120967742121e+02 2.000659989589618267e-03 2.289905248383870395e-03
1.794640120967742121e+02 1.998358497274027503e-03 2.287359285129919768e-03
1.795890120967742121e+02 1.996065260426332835e-03 2.284810810642271591e-03
1.797140120967742121e+02 1.993780234715667159e-03 2.282259843072685906e-03
1.798390120967742121e+02 1.991503375729381138e-03 2.279706400589696230e-03
1.799640120967742121e+02 1.989234638977505337e-03 2.277150501377965975e-03
1.800890120967742121e+02 1.986973979895056974e-03 2.274592163637605396e-03
1.802140120967742121e+02 1.984721353846053641e-03 2.272031405583538419e-03
1.803390120967742121e+02 1.982476716126576385e-03 2.269468245444843449e-03
1.804640120967742121e+02 1.980240021967485421e-03 2.266902701464096337e-03
1.805890120967742121e+02 1.978011226538855388e-03 2.264334791896737212e-03
1.807140120967742121e+02 1.975790284951998033e-03 2.261764535010427329e-03
1.808390120967742121e+02 1.973577152262871812e-03 2.259191949084423702e-03
1.809640120967742121e+02 1.971371783475602945e-03 2.256617052408940293e-03
1.810890120967742121e+02 1.969174133545459598e-03 2.254039863284533051e-03
1.812140120967742121e+02 1.966984157381422311e-03 2.251460400021454596e-03
1.813390120967742121e+02 1.964801809850215929e-03 2.248878680939087830e-03
1.814640120967742121e+02 1.962627045778523541e-03 2.246294724365275469e-03
1.815890120967742121e+02 1.960459819955931177e-03 2.243708548635750619e-03
1.817140120967742121e+02 1.958300087139242494e-03 2.241120172093515744e-03
1.818390120967742121e+02 1.956147802053278487e-03 2.238529613088258065e-03
1.819640120967742121e+02 1.954002919395987116e-03 2.235936889975737203e-03
1.820890120967742121e+02 1.951865393839617930e-03 2.233342021117209683e-03
1.822140120967742121e+02 1.949735180034664010e-03 2.230745024878833058e-03
1.823390120967742121e+02 1.947612232612558163e-03 2.228145919631096487e-03
1.824640120967742121e+02 1.945496506187793838e-03 2.225544723748227888e-03
1.825890120967742121e+02 1.943387955362145710e-03 2.222941455607619753e-03
1.827140120967742121e+02 1.941286534725712243e-03 2.220336133589280968e-03
1.828390120967742121e+02 1.939192198861452001e-03 2.217728776075241805e-03
1.829640120967742121e+02 1.937104902346376695e-03 2.215119401449020062e-03
1.830890120967742121e+02 1.935024599755057499e-03 2.212508028095041233e-03
1.832140120967742121e+02 1.932951245662546755e-03 2.209894674398104209e-03
1.833390120967742121e+02 1.930884794646325637e-03 2.207279358742830072e-03
1.834640120967742121e+02 1.928825201289572364e-03 2.204662099513100045e-03
1.835890120967742121e+02 1.926772420183162559e-03 2.202042915091535508e-03
1.837140120967742121e+02 1.924726405929038297e-03 2.199421823858947224e-03
1.838390120967742121e+02 1.922687113141704086e-03 2.196798844193817088e-03
1.839640120967742121e+02 1.920654496452616801e-03 2.194173994471752560e-03
1.840890120967742121e+02 1.918628510510370002e-03 2.191547293064984459e-03
1.842140120967742121e+02 1.916609109984836233e-03 2.188918758341817494e-03
1.843390120967742121e+02 1.914596249569094086e-03 2.186288408666153208e-03
1.844640120967742121e+02 1.912589883981598337e-03 2.183656262396937910e-03
1.845890120967742121e+02 1.907699786180340777e-03 2.181022337887673912e-03
1.847140120967742121e+02 1.902188759318720499e-03 2.178386653485921230e-03
1.848390120967742121e+02 1.896685538729545517e-03 2.175749227532781070e-03
1.849640120967742121e+02 1.891190167180861661e-03 2.173110078362415747e-03
1.850890120967742121e+02 1.885702687003793648e-03 2.170469224301539105e-03
1.852140120967742121e+02 1.880223140094395597e-03 2.167826683668940772e-03
1.853390120967742121e+02 1.874751567915378158e-03 2.165182474775008241e-03
1.854640120967742121e+02 1.869288011497950795e-03 2.162536615921225539e-03
1.855890120967742121e+02 1.863832511443593368e-03 2.159889125399703114e-03
1.857140120967742121e+02 1.858385107925861982e-03 2.157240021492716400e-03
1.858390120967742121e+02 1.852945840692192883e-03 2.154589322472228331e-03
1.859640120967742121e+02 1.847514749065679897e-03 2.151937046599413164e-03
1.860890120967742121e+02 1.842091871946934054e-03 2.149283212124222797e-03
1.862140120967742121e+02 1.836677247815820917e-03 2.146627837284897141e-03
1.863390120967742121e+02 1.831270914733347521e-03 2.143970940307527839e-03
1.864640120967742121e+02 1.825872910343404043e-03 2.141312539405618512e-03
1.865890120967742121e+02 1.820483271874626455e-03 2.138652652779610315e-03
1.867140120967742121e+02 1.815102036142200205e-03 2.135991298616453024e-03
1.868390120967742121e+02 1.809729239549645033e-03 2.133328495089175693e-03
1.869640120967742121e+02 1.804364918090707332e-03 2.130664260356433023e-03
1.870890120967742121e+02 1.799009107351068207e-03 2.127998612562089029e-03
1.872140120967742121e+02 1.793661842510305441e-03 2.125331569834778590e-03
1.873390120967742121e+02 1.788323158343571410e-03 2.122663150287483307e-03
1.874640120967742121e+02 1.782993089223543779e-03 2.119993372017130347e-03
1.875890120967742121e+02 1.777671669122156970e-03 2.117322253104137950e-03
1.877140120967742121e+02 1.772358931612480872e-03 2.114649811612039423e-03
1.878390120967742121e+02 1.767054909870525601e-03 2.111976065587048163e-03
1.879640120967742121e+02 1.761759636677070768e-03 2.109301033057659966e-03
1.880890120967742121e+02 1.756473144419497343e-03 2.106624732034252309e-03
1.882140120967742121e+02 1.751195465093621697e-03 2.103947180508687533e-03
1.883390120967742121e+02 1.745926630305497324e-03 2.101268396453896507e-03
1.884640120967742121e+02 1.740666671273300272e-03 2.098588397823529517e-03
1.885890120967742121e+02 1.735415618829065382e-03 2.095907202551514342e-03
1.887140120967742121e+02 1.730173503420626363e-03 2.093224828551703675e-03
1.888390120967742121e+02 1.724940355113357016e-03 2.090541293717496953e-03
1.889640120967742121e+02 1.719716203592036715e-03 2.087856615921436162e-03
1.890890120967742121e+02 1.714501078162683143e-03 2.085170813014856298e-03
1.892140120967742121e+02 1.709295007754364857e-03 2.082483902827501118e-03
1.893390120967742121e+02 1.704098020921040752e-03 2.079795903167151478e-03
1.894640120967742121e+02 1.698910145843376745e-03 2.077106831819281862e-03
1.895890120967742121e+02 1.693731410330609087e-03 2.074416706546669629e-03
1.897140120967742121e+02 1.688561841822289276e-03 2.071725545089056313e-03
1.898390120967742121e+02 1.683401467390226516e-03 2.069033365162784629e-03
1.899640120967742121e+02 1.678250313740184928e-03 2.066340184460455434e-03
1.900890120967742121e+02 1.673108407213835325e-03 2.063646020650569939e-03
1.902140120967742121e+02 1.667975773790449610e-03 2.060950891377194907e-03
1.903390120967742121e+02 1.662852439088850385e-03 2.058254814259603133e-03
1.904640120967742121e+02 1.657738428369129194e-03 2.055557806891973767e-03
1.905890120967742121e+02 1.652633766534522628e-03 2.052859886843002874e-03
1.907140120967742121e+02 1.647538478133209281e-03 2.050161071655618502e-03
1.908390120967742121e+02 1.642452587360141835e-03 2.047461378846626365e-03
1.909640120967742121e+02 1.637376118058840330e-03 2.044760825906396726e-03
1.910890120967742121e+02 1.632309093723229888e-03 2.042059430298533065e-03
1.912140120967742121e+02 1.627251537499454365e-03 2.039357209459562864e-03
1.913390120967742121e+02 1.622203472187655742e-03 2.036654180798611481e-03
1.914640120967742121e+02 1.617164920243816407e-03 2.033950361697103772e-03
1.915890120967742121e+02 1.612135903781550250e-03 2.031245769508441875e-03
1.917140120967742121e+02 1.607116444573920225e-03 2.028540421557696854e-03
1.918390120967742121e+02 1.602106564055222728e-03 2.025834335141321173e-03
1.919640120967742121e+02 1.597106283322815776e-03 2.023127527526827774e-03
1.920890120967742121e+02 1.592115623138891899e-03 2.020420015952515986e-03
1.922140120967742121e+02 1.587134603932296778e-03 2.017711817627158410e-03
1.923390120967742121e+02 1.582163245800304301e-03 2.015002949729712521e-03
1.924640120967742121e+02 1.577201568510451036e-03 2.012293429409053088e-03
1.925890120967742121e+02 1.572249591502246227e-03 2.009583273783653850e-03
1.927140120967742121e+02 1.567307333889068075e-03 2.006872499941331645e-03
1.928390120967742121e+02 1.562374814459837951e-03 2.004161124938955412e-03
1.929640120967742121e+02 1.557452051680912122e-03 2.001449165802175138e-03
1.930890120967742121e+02 1.552539063697749248e-03 1.998736639525142134e-03
1.932140120967742121e+02 1.547635868336799496e-03 1.996023563070252731e-03
1.933390120967742121e+02 1.542742483107218667e-03 1.993309953367857282e-03
1.934640120967742121e+02 1.537858925202610508e-03 1.990595827316029003e-03
1.935890120967742121e+02 1.532985211502892837e-03 1.987881201780269946e-03
1.937140120967742121e+02 1.528121358575955510e-03 1.985166093593266397e-03
1.938390120967742121e+02 1.523267382679524594e-03 1.982450519554639079e-03
1.939640120967742121e+02 1.518423299762826839e-03 1.979734496430679471e-03
1.940890120967742121e+02 1.513589125468442357e-03 1.977018040954106951e-03
1.942140120967742121e+02 1.508764875133979935e-03 1.974301169823814220e-03
1.943390120967742121e+02 1.503950563793879629e-03 1.971583899704633987e-03
1.944640120967742121e+02 1.499146206181133176e-03 1.968866247227079626e-03
1.945890120967742121e+02 1.494351816729047556e-03 1.966148228987135704e-03
1.947140120967742121e+02 1.489567409572970826e-03 1.963429861545982601e-03
1.948390120967742121e+02 1.484792998552047008e-03 1.960711161429800047e-03
1.949640120967742121e+02 1.480028597210934771e-03 1.957992145129508216e-03
1.950890120967742121e+02 1.475274218801554292e-03 1.955272829100554791e-03
1.952140120967742121e+02 1.470529876284795527e-03 1.952553229762692263e-03
1.953390120967742121e+02 1.465795582332275488e-03 1.949833363499742451e-03
1.954640120967742121e+02 1.461071349328028294e-03 1.947113246659382037e-03
1.955890120967742121e+02 1.456357189370227536e-03 1.944392895552938096e-03
1.957140120967742121e+02 1.451653114272914279e-03 1.941672326455152597e-03
1.958390120967742121e+02 1.446959135567692971e-03 1.938951555603976844e-03
1.959640120967742121e+02 1.442275264505450336e-03 1.936230599200374153e-03
1.960890120967742121e+02 1.437601512058035019e-03 1.933509473408096067e-03
1.962140120967742121e+02 1.432937888920003807e-03 1.930788194353489154e-03
1.963390120967742121e+02 1.428284405510236652e-03 1.928066778125288360e-03
1.964640120967742121e+02 1.423641071973725169e-03 1.925345240774415127e-03
1.965890120967742121e+02 1.419007898183157531e-03 1.922623598313798286e-03
1.967140120967742121e+02 1.414384893740704792e-03 1.919901866718152659e-03
1.968390120967742121e+02 1.409772067979594068e-03 1.917180061923808845e-03
1.969640120967742121e+02 1.405169429965880557e-03 1.914458199828509817e-03
1.970890120967742121e+02 1.400576988500046305e-03 1.911736296291237673e-03
1.972140120967742121e+02 1.395994752118702182e-03 1.909014367132016955e-03
1.973390120967742121e+02 1.391422729096235874e-03 1.906292428131745303e-03
1.974640120967742121e+02 1.386860927446472878e-03 1.903570495031994391e-03
1.975890120967742121e+02 1.382309354924350945e-03 1.900848583534868550e-03
1.977140120967742121e+02 1.377768019027511039e-03 1.898126709302788576e-03
1.978390120967742121e+02 1.373236926998024467e-03 1.895404887958342978e-03
1.979640120967742121e+02 1.368716085823945897e-03 1.892683135084119927e-03
1.980890120967742121e+02 1.364205502241027041e-03 1.889961466222525978e-03
1.982140120967742121e+02 1.359705182734294391e-03 1.887239896875639485e-03
1.983390120967742121e+02 1.355215133539703059e-03 1.884518442505026502e-03
1.984640120967742121e+02 1.350735360645743998e-03 1.881867585308869906e-03
1.985890120967742121e+02 1.346265869795077027e-03 1.879890744111751546e-03
1.987140120967742121e+02 1.341806666486127647e-03 1.877911460849443579e-03
1.988390120967742121e+02 1.337357755974715292e-03 1.875929735634404225e-03
1.989640120967742121e+02 1.332919143275630627e-03 1.873945568742480970e-03
1.990890120967742121e+02 1.328490833164277466e-03 1.871958960611239814e-03
1.992140120967742121e+02 1.324072830178204315e-03 1.869969911839782905e-03
1.993390120967742121e+02 1.319665138618769705e-03 1.867978423186933802e-03
1.994640120967742121e+02 1.315267762552649452e-03 1.865984495571079401e-03
1.995890120967742121e+02 1.310880705813496786e-03 1.863988130068826169e-03
1.997140120967742121e+02 1.306503972003438116e-03 1.861989327913809696e-03
1.998390120967742121e+02 1.302137564494711911e-03 1.859988090496326931e-03
1.999640120967742121e+02 1.297781486431207618e-03 1.857984419361837598e-03
2.000890120967742121e+02 1.293435740729995467e-03 1.855978316210347718e-03
2.002140120967742121e+02 1.289100330082952562e-03 1.853969782895395447e-03
2.003390120967742121e+02 1.284775256958235658e-03 1.851958821422763045e-03
2.004640120967742121e+02 1.280460523601905732e-03 1.849945433950073116e-03
2.005890120967742121e+02 1.276156132039391218e-03 1.847929622785248610e-03
2.007140120967742121e+02 1.271862084077098705e-03 1.845911390386055940e-03
2.008390120967742121e+02 1.267578381303887010e-03 1.843890739358683591e-03
2.009640120967742121e+02 1.263305025092626268e-03 1.841867672457122391e-03
2.010890120967742121e+02 1.259042016601705401e-03 1.839842192582233750e-03
2.012140120967742121e+02 1.254789356776555859e-03 1.837814302780152193e-03
2.013390120967742121e+02 1.250547046351155192e-03 1.835784006242304660e-03
2.014640120967742121e+02 1.246315085849544714e-03 1.833751306303443764e-03
2.015890120967742121e+02 1.242093475587316160e-03 1.831716206441500773e-03
2.017140120967742121e+02 1.237882215673122418e-03 1.829678710276192192e-03
2.018390120967742121e+02 1.233681306010151824e-03 1.827638821567957247e-03
2.019640120967742121e+02 1.229490746297640189e-03 1.825596544217337504e-03
2.020890120967742121e+02 1.225310536032321899e-03 1.823551882263649586e-03
2.022140120967742121e+02 1.221140674509918304e-03 1.821504839884291937e-03
2.023390120967742121e+02 1.216981160826614405e-03 1.819455421393803519e-03
2.024640120967742121e+02 1.212831993880509945e-03 1.817403631242355032e-03
2.025890120967742121e+02 1.208693172373093497e-03 1.815349474015630739e-03
2.027140120967742121e+02 1.204564694810679026e-03 1.813292954432991176e-03
2.028390120967742121e+02 1.200446559505888430e-03 1.811234077347222485e-03
2.029640120967742121e+02 1.196338764579039536e-03 1.809172847743044984e-03
2.030890120967742121e+02 1.192241307959654656e-03 1.807109270736431640e-03
2.032140120967742121e+02 1.188154187387821048e-03 1.805043351573730080e-03
2.033390120967742121e+02 1.184077400415691666e-03 1.802975095630089414e-03
2.034640120967742121e+02 1.180010944408835857e-03 1.800904508409393668e-03
2.035890120967742121e+02 1.175954816547725591e-03 1.798831595542393696e-03
2.037140120967742121e+02 1.171909013829090275e-03 1.796756362786486880e-03
2.038390120967742121e+02 1.167873533067359396e-03 1.794678816024333464e-03
2.039640120967742121e+02 1.163848370896047695e-03 1.792598961262802494e-03
2.040890120967742121e+02 1.159833523769152920e-03 1.790516804632464416e-03
2.042140120967742121e+02 1.155828987962565510e-03 1.788432352386030467e-03
2.043390120967742121e+02 1.151834759575406280e-03 1.786345610897991211e-03
2.044640120967742121e+02 1.147850834531472311e-03 1.784256586663099300e-03
2.045890120967742121e+02 1.143877208580542986e-03 1.782165286295789210e-03
2.047140120967742121e+02 1.139913877299809182e-03 1.780071716529232038e-03
2.048390120967742121e+02 1.135960836095191440e-03 1.777975884213805688e-03
2.049640120967742121e+02 1.132018080202726448e-03 1.775877796317058008e-03
2.050890120967742121e+02 1.128085604689903210e-03 1.773777459921768457e-03
2.052140120967742121e+02 1.124163404457022199e-03 1.771674882225795665e-03
2.053390120967742121e+02 1.120251474238524595e-03 1.769570070540751232e-03
2.054640120967742121e+02 1.116349808604342108e-03 1.767463032290789117e-03
2.055890120967742121e+02 1.112458401961212125e-03 1.765353775012363851e-03
2.057140120967742121e+02 1.108577248554032304e-03 1.763242306352399112e-03
2.058390120967742121e+02 1.104706342467128011e-03 1.761128634068229821e-03
2.059640120967742121e+02 1.100845677625634893e-03 1.759012766025744041e-03
2.060890120967742121e+02 1.096995247796738989e-03 1.756894710199266314e-03
2.062140120967742121e+02 1.093155046591039138e-03 1.754774474670117192e-03
2.063390120967742121e+02 1.089325067463806822e-03 1.752652067625626179e-03
2.064640120967742121e+02 1.085505303716288077e-03 1.750527497358588327e-03
2.065890120967742121e+02 1.081695748497009954e-03 1.748400772265806856e-03
2.067140120967742121e+02 1.077896394803019766e-03 1.746271900847630410e-03
2.068390120967742121e+02 1.074107235481214966e-03 1.744140891706755020e-03
2.069640120967742121e+02 1.070328263229559191e-03 1.742007753547088937e-03
2.070890120967742121e+02 1.066559470598400002e-03 1.739872495173450367e-03
2.072140120967742121e+02 1.062800849991674731e-03 1.737735125489797607e-03
2.073390120967742121e+02 1.059052393668222149e-03 1.735595653499037803e-03
2.074640120967742121e+02 1.055314093742970106e-03 1.733454088301705732e-03
2.075890120967742121e+02 1.051585942188236998e-03 1.731310439094978053e-03
2.077140120967742121e+02 1.047867930834922882e-03 1.729164715172035139e-03
2.078390120967742121e+02 1.044160051373771480e-03 1.727016925920802325e-03
2.079640120967742121e+02 1.040462295356578415e-03 1.724867080823405197e-03
2.080890120967742121e+02 1.036774654197426555e-03 1.722715189454718937e-03
2.082140120967742121e+02 1.033097119173888388e-03 1.720561261482088595e-03
2.083390120967742121e+02 1.029429681428248788e-03 1.718405306663923311e-03
2.084640120967742121e+02 1.025772331968692868e-03 1.716247334848863219e-03
2.085890120967742121e+02 1.022125061670532643e-03 1.714087355975117645e-03
2.087140120967742121e+02 1.018487861277370815e-03 1.711925380069146936e-03
2.088390120967742121e+02 1.014860721402302502e-03 1.709761417245125132e-03
2.089640120967742121e+02 1.011243632529102224e-03 1.707595477703934689e-03
2.090890120967742121e+02 1.007636585013389850e-03 1.705427571731946536e-03
2.092140120967742121e+02 1.004039569083815201e-03 1.703257709700696119e-03
2.093390120967742121e+02 1.000452574843208172e-03 1.701085902065318459e-03
2.094640120967742121e+02 9.968755922697657146e-04 1.698912159364330231e-03
2.095890120967742121e+02 9.933086112181657452e-04 1.696736492218037283e-03
2.097140120967742121e+02 9.897516214207677937e-04 1.694558911328264894e-03
2.098390120967742121e+02 9.862046124887058774e-04 1.692379427477125027e-03
2.099640120967742121e+02 9.826675739130776542e-04 1.690198051526046628e-03
2.100890120967742121e+02 9.791404950660264565e-04 1.688014794415247178e-03
2.102140120967742121e+02 9.756233652019222040e-04 1.685829667162401296e-03
2.103390120967742121e+02 9.721161734584324874e-04 1.683642680862146995e-03
2.104640120967742121e+02 9.686189088576867843e-04 1.681453846685089732e-03
2.105890120967742121e+02 9.651315603073494943e-04 1.679263175876632985e-03
2.107140120967742121e+02 9.616541166017493524e-04 1.677070679756623292e-03
2.108390120967742121e+02 9.581865664229819541e-04 1.674876369717985232e-03
2.109640120967742121e+02 9.547288983419765021e-04 1.672680257226248721e-03
2.110890120967742121e+02 9.512811008196305320e-04 1.670482353818330580e-03
2.112140120967742121e+02 9.478431622078466266e-04 1.668282671101935840e-03
2.113390120967742121e+02 9.444150707506572756e-04 1.666081220754705343e-03
2.114640120967742121e+02 9.409968145852613732e-04 1.663878014522945275e-03
2.115890120967742121e+02 9.375883817431182859e-04 1.661673064221439160e-03
2.117140120967742121e+02 9.341897601509930238e-04 1.659466381731872307e-03
2.118390120967742121e+02 9.308009376320285164e-04 1.657257979002621463e-03
2.119640120967742121e+02 9.274219019067864471e-04 1.655047868047544637e-03
2.120890120967742121e+02 9.240526405943055421e-04 1.652836060945089445e-03
2.122140120967742121e+02 9.206931412131277685e-04 1.650622569837758170e-03
2.123390120967742121e+02 9.173433911823599849e-04 1.648407406930902340e-03
2.124640120967742121e+02 9.140033778226673957e-04 1.646190584492251323e-03
2.125890120967742121e+02 9.106730883573447427e-04 1.643972114850706257e-03
2.127140120967742121e+02 9.073525099132904613e-04 1.641752010395828958e-03
2.128390120967742121e+02 9.040416295220632349e-04 1.639530283576924466e-03
2.129640120967742121e+02 9.007404341208653667e-04 1.637306946901943405e-03
2.130890120967742121e+02 8.974489105535521719e-04 1.635082012937202033e-03
2.132140120967742121e+02 8.941670455716399599e-04 1.632855494305933321e-03
2.133390120967742121e+02 8.908948258352887561e-04 1.630627403687977739e-03
2.134640120967742121e+02 8.876322379143087660e-04 1.628397753818843895e-03
2.135890120967742121e+02 8.843792682891124133e-04 1.626166557488570351e-03
2.137140120967742121e+02 8.811359033517353334e-04 1.623933827541496847e-03
2.138390120967742121e+02 8.779021294067636911e-04 1.621699576874839231e-03
2.139640120967742121e+02 8.746779326723467174e-04 1.619463818438442258e-03
2.140890120967742121e+02 8.714632992811155703e-04 1.617226565233647684e-03
2.142140120967742121e+02 8.682582152811842710e-04 1.614987830312514076e-03
2.143390120967742121e+02 8.650626666370652036e-04 1.612747626777219414e-03
2.144640120967742121e+02 8.618766392306405604e-04 1.610505967779025677e-03
2.145890120967742121e+02 8.587001188620900938e-04 1.608262866517788355e-03
2.147140120967742121e+02 8.555330912508377333e-04 1.606018336240746039e-03
2.148390120967742121e+02 8.523755420364744579e-04 1.603772390242240702e-03
2.149640120967742121e+02 8.492274567796922287e-04 1.601525041862681418e-03
2.150890120967742121e+02 8.460888209632079450e-04 1.599276304487583971e-03
2.152140120967742121e+02 8.429596199926649592e-04 1.597026191547314122e-03
2.153390120967742121e+02 8.398398391975615872e-04 1.594774716515688336e-03
2.154640120967742121e+02 8.367294638321450331e-04 1.592521892909809413e-03
2.155890120967742121e+02 8.336284790763210349e-04 1.590267734288963210e-03
2.157140120967742121e+02 8.305368700365430186e-04 1.588012254253844298e-03
2.158390120967742121e+02 8.274546217467113355e-04 1.585755466446044006e-03
2.159640120967742121e+02 8.243817191690459368e-04 1.583497384546946919e-03
2.160890120967742121e+02 8.213181471949908144e-04 1.581238022277485196e-03
2.162140120967742121e+02 8.182638906460551259e-04 1.578977393396770309e-03
2.163390120967742121e+02 8.152189342747250076e-04 1.576715511701971394e-03
2.164640120967742121e+02 8.121832627652893037e-04 1.574452391027175106e-03
2.165890120967742121e+02 8.091568607347388031e-04 1.572188045242699315e-03
2.167140120967742121e+02 8.061397127335856796e-04 1.569922488254605003e-03
2.168390120967742121e+02 8.031318032467500440e-04 1.567655734003604905e-03
2.169640120967742121e+02 8.001331166943720114e-04 1.565387796464675577e-03
2.170890120967742121e+02 7.971436374326822073e-04 1.563118689646248805e-03
2.172140120967742121e+02 7.941633497548277127e-04 1.560848427589215217e-03
2.173390120967742121e+02 7.911922378916853241e-04 1.558577024366739755e-03
2.174640120967742121e+02 7.882302860127251209e-04 1.556304494082956947e-03
2.175890120967742121e+02 7.852774782267928251e-04 1.554030850872869639e-03
2.177140120967742121e+02 7.823337985829639362e-04 1.551756108901032345e-03
2.178390120967742121e+02 7.793992310713189356e-04 1.549480282361426989e-03
2.179640120967742121e+02 7.764737596237866876e-04 1.547203385476386087e-03
2.180890120967742121e+02 7.735573681149179089e-04 1.544925432495990354e-03
2.182140120967742121e+02 7.706500403626989713e-04 1.542646437697507743e-03
2.183390120967742121e+02 7.677517601293376223e-04 1.540366415384467535e-03
2.184640120967742121e+02 7.648625111220580313e-04 1.538085379886262438e-03
2.185890120967742121e+02 7.619822769938749095e-04 1.535803345557278619e-03
2.187140120967742121e+02 7.591110413443808574e-04 1.533520326776220254e-03
2.188390120967742121e+02 7.562487877205121374e-04 1.531236337945596692e-03
2.189640120967742121e+02 7.533954996173321175e-04 1.528951393490806093e-03
2.190890120967742121e+02 7.505511604787699388e-04 1.526665507859732750e-03
2.192140120967742121e+02 7.477157536984138262e-04 1.524378695522000731e-03
2.193390120967742121e+02 7.448892626202325163e-04 1.522090970968092852e-03
2.194640120967742121e+02 7.420716705393551240e-04 1.519802348709137956e-03
2.195890120967742121e+02 7.392629607027977751e-04 1.517512843275765563e-03
2.197140120967742121e+02 7.364631163102099707e-04 1.515222469217947145e-03
2.198390120967742121e+02 7.336721205146158565e-04 1.512931241103865733e-03
2.199640120967742121e+02 7.308899564231363015e-04 1.510639173519736809e-03
2.200890120967742121e+02 7.281166070977347204e-04 1.508346281068888468e-03
2.202140120967742121e+02 7.253520555559109630e-04 1.506052578371110248e-03
2.203390120967742121e+02 7.225962847714544014e-04 1.503758080062258043e-03
2.204640120967742121e+02 7.198492776751222065e-04 1.501462800793349015e-03
2.205890120967742121e+02 7.171110171553840866e-04 1.499166755230163474e-03
2.207140120967742121e+02 7.143814860590919991e-04 1.496869958052584161e-03
2.208390120967742121e+02 7.116606671922127460e-04 1.494572423953748628e-03
2.209640120967742121e+02 7.089485433204985526e-04 1.492274167639859924e-03
2.210890120967742121e+02 7.062450971701946184e-04 1.489975203829138183e-03
2.212140120967742121e+02 7.035503114287152250e-04 1.487675547251572986e-03
2.213390120967742121e+02 7.008641687453356743e-04 1.485375212648065105e-03
2.214640120967742121e+02 6.981866517318609158e-04 1.483074214770004106e-03
2.215890120967742121e+02 6.955177429633068592e-04 1.480772568378650126e-03
2.217140120967742121e+02 6.928574249785701949e-04 1.478470288244344583e-03
2.218390120967742121e+02 6.902056802810822757e-04 1.476167389146281839e-03
2.219640120967742121e+02 6.875624913394833828e-04 1.473863885871521708e-03
2.220890120967742121e+02 6.849278405882685845e-04 1.471559793214758088e-03
2.222140120967742121e+02 6.823017104284474733e-04 1.469255125977597318e-03
2.223390120967742121e+02 6.796840832281849298e-04 1.466949898967899197e-03
2.224640120967742121e+02 6.770749413234515351e-04 1.464644126999407056e-03
2.225890120967742121e+02 6.744742670186540346e-04 1.462337824890895793e-03
2.227140120967742121e+02 6.718820425872794625e-04 1.460031007466007936e-03
2.228390120967742121e+02 6.692982502725150886e-04 1.457723689552290446e-03
2.229640120967742121e+02 6.667228722878905910e-04 1.455415885980970280e-03
2.230890120967742121e+02 6.641558908178765361e-04 1.453107611586173988e-03
2.232140120967742121e+02 6.615972880185301292e-04 1.450798881204425073e-03
2.233390120967742121e+02 6.590470460180805753e-04 1.448489709674274494e-03
2.234640120967742121e+02 6.565051469175672404e-04 1.446180111835481232e-03
2.235890120967742121e+02 6.539715727914155799e-04 1.443870102528670759e-03
2.237140120967742121e+02 6.514463056880643492e-04 1.441559696594816578e-03
2.238390120967742121e+02 6.489293276305517239e-04 1.439248908874533970e-03
2.239640120967742121e+02 6.464206206170974075e-04 1.436937754207727848e-03
2.240890120967742121e+02 6.439201666217170489e-04 1.434626247432929007e-03
2.242140120967742121e+02 6.414279475947778962e-04 1.432314403386985126e-03
2.243390120967742121e+02 6.389439454636086603e-04 1.430002236904281444e-03
2.244640120967742121e+02 6.364681421330476872e-04 1.427689762816382107e-03
2.245890120967742121e+02 6.340005194860428477e-04 1.425376995951576535e-03
2.247140120967742121e+02 6.315410593841979748e-04 1.423063951134155829e-03
2.248390120967742121e+02 6.290897436683529119e-04 1.420750643184219781e-03
2.249640120967742121e+02 6.266465541591337458e-04 1.418437086916771780e-03
2.250890120967742121e+02 6.242114726575177840e-04 1.416123297141671112e-03
2.252140120967742121e+02 6.217844809453807516e-04 1.413809288662859704e-03
2.253390120967742121e+02 6.193655607860501684e-04 1.411495076277891145e-03
2.254640120967742121e+02 6.169546939248450644e-04 1.409180674777551221e-03
2.255890120967742121e+02 6.145518620896236106e-04 1.406866098945255958e-03
2.257140120967742121e+02 6.121570469913123176e-04 1.404551363556710321e-03
2.258390120967742121e+02 6.097702303244501975e-04 1.402236483379408830e-03
2.259640120967742121e+02 6.073913937677091800e-04 1.399921473171912394e-03
2.260890120967742121e+02 6.050205189844209269e-04 1.397606347683828147e-03
2.262140120967742121e+02 6.026575876231044047e-04 1.395291121654913466e-03
2.263390120967742121e+02 6.003025813179768688e-04 1.392975809814976217e-03
2.264640120967742121e+02 5.979554816894748232e-04 1.390660426883046866e-03
2.265890120967742121e+02 5.956162703447576319e-04 1.388344987567282198e-03
2.267140120967742121e+02 5.932849288782250088e-04 1.386029506564369655e-03
2.268390120967742121e+02 5.909614388720025235e-04 1.383713998558882023e-03
2.269640120967742121e+02 5.886457818964639698e-04 1.381398478223232543e-03
2.270890120967742121e+02 5.863379395107022347e-04 1.379082960216851785e-03
2.272140120967742121e+02 5.840378932630464629e-04 1.376767459186062316e-03
2.273390120967742121e+02 5.817456246915242522e-04 1.374451989763411696e-03
2.274640120967742121e+02 5.794611153243722041e-04 1.372136566567309923e-03
2.275890120967742121e+02 5.771843466804956260e-04 1.369821204201733013e-03
2.277140120967742121e+02 5.749153002699596742e-04 1.367505917255585918e-03
2.278390120967742121e+02 5.726539575944544769e-04 1.365190720302442325e-03
2.279640120967742121e+02 5.704003001477722917e-04 1.362875627900005365e-03
2.280890120967742121e+02 5.681543094162680744e-04 1.360630280622863314e-03
2.282140120967742121e+02 5.659159668793259032e-04 1.359039716872397418e-03
2.283390120967742121e+02 5.636852540098214988e-04 1.357448152989472467e-03
2.284640120967742121e+02 5.614621522745684825e-04 1.355855591323510334e-03
2.285890120967742121e+02 5.592466431347820890e-04 1.354262034301513627e-03
2.287140120967742121e+02 5.570387080465191362e-04 1.352667484427774475e-03
2.288390120967742121e+02 5.548383284611304624e-04 1.351071944283083496e-03
2.289640120967742121e+02 5.526454858256966670e-04 1.349475416524062357e-03
2.290890120967742121e+02 5.504601615834738264e-04 1.347877903882834178e-03
2.292140120967742121e+02 5.482823371743201276e-04 1.346279409166040815e-03
2.293390120967742121e+02 5.461119940351364874e-04 1.344679935254660709e-03
2.294640120967742121e+02 5.439491136002865728e-04 1.343079485103094691e-03
2.295890120967742121e+02 5.417936773020313491e-04 1.341478061738783038e-03
2.297140120967742121e+02 5.396456665709367401e-04 1.339875668261334644e-03
2.298390120967742121e+02 5.375050628363099107e-04 1.338272307842248380e-03
2.299640120967742121e+02 5.353718475265943503e-04 1.336667983724217470e-03
2.300890120967742121e+02 5.332460020698019275e-04 1.335062699220362090e-03
2.302140120967742121e+02 5.311275078938995165e-04 1.333456457713926447e-03
2.303390120967742121e+02 5.290163464272343297e-04 1.331849262657371731e-03
2.304640120967742121e+02 5.269124990989257481e-04 1.330241117572172286e-03
2.305890120967742121e+02 5.248159473392558514e-04 1.328632026047778030e-03
2.307140120967742121e+02 5.227266725800853173e-04 1.327021991741435128e-03
2.308390120967742121e+02 5.206446562552215088e-04 1.325411018377518554e-03
2.309640120967742121e+02 5.185698798008300369e-04 1.323799109746616161e-03
2.310890120967742121e+02 5.165023246557988359e-04 1.322186269705432184e-03
2.312140120967742121e+02 5.144419722621406191e-04 1.320572502175822518e-03
2.313390120967742121e+02 5.123888040653550024e-04 1.318957811144505889e-03
2.314640120967742121e+02 5.103428015148172995e-04 1.317342200662251130e-03
2.315890120967742121e+02 5.083039460641414035e-04 1.315725674843536098e-03
2.317140120967742121e+02 5.062722191715588252e-04 1.314108237865678139e-03
2.318390120967742121e+02 5.042476023002772376e-04 1.312489893968594046e-03
2.319640120967742121e+02 5.022300769188511654e-04 1.310870647454051314e-03
2.320890120967742121e+02 5.002196245015356514e-04 1.309250502684947571e-03
2.322140120967742121e+02 4.982162265286507654e-04 1.307629464085244666e-03
2.323390120967742121e+02 4.962198644869276814e-04 1.306007536138741780e-03
2.324640120967742121e+02 4.942305198698706929e-04 1.304384723389093647e-03
2.325890120967742121e+02 4.922481741780971101e-04 1.302761030438833465e-03
2.327140120967742121e+02 4.902728089196833373e-04 1.301136461949148468e-03
2.328390120967742121e+02 4.883044056105125767e-04 1.299511022639004759e-03
2.329640120967742121e+02 4.863429457746083285e-04 1.297884717284845469e-03
2.330890120967742121e+02 4.843884109444765115e-04 1.296257550719991190e-03
2.332140120967742121e+02 4.824407826614314282e-04 1.294629527833835499e-03
2.333390120967742121e+02 4.805000424759384267e-04 1.293000653571713772e-03
2.334640120967742121e+02 4.785661719479248504e-04 1.291370932933878822e-03
2.335890120967742121e+02 4.766391526471243801e-04 1.289740370975569431e-03
2.337140120967742121e+02 4.747189661533783881e-04 1.288108972805712552e-03
2.338390120967742121e+02 4.728055940569760528e-04 1.286476743587042790e-03
2.339640120967742121e+02 4.708990179589500743e-04 1.284843688535139200e-03
2.340890120967742121e+02 4.689992194714091996e-04 1.283209812918073567e-03
2.342140120967742121e+02 4.671061802178329628e-04 1.281575122055931409e-03
2.343390120967742121e+02 4.652198818333908199e-04 1.279939621319947001e-03
2.344640120967742121e+02 4.633403059652387869e-04 1.278303316132456315e-03
2.345890120967742121e+02 4.614674342728276781e-04 1.276666211965843184e-03
2.347140120967742121e+02 4.596012484282030507e-04 1.275028314342456460e-03
2.348390120967742121e+02 4.577417301162923558e-04 1.273389628833807713e-03
2.349640120967742121e+02 4.558888610352140988e-04 1.271750161060196090e-03
2.350890120967742121e+02 4.540426228965525760e-04 1.270109916689960436e-03
2.352140120967742121e+02 4.522029974256628064e-04 1.268468901439226025e-03
2.353390120967742121e+02 4.503699663619427211e-04 1.266827121071320821e-03
2.354640120967742121e+02 4.485435114591257888e-04 1.265184581395985318e-03
2.355890120967742121e+02 4.467236144855549402e-04 1.263541288269309868e-03
2.357140120967742121e+02 4.449102572244663031e-04 1.261897247592727892e-03
2.358390120967742121e+02 4.431034214742591692e-04 1.260252465312991597e-03
2.359640120967742121e+02 4.413030890487743083e-04 1.258606947421169950e-03
2.360890120967742121e+02 4.395092417775569422e-04 1.256960699952561081e-03
2.362140120967742121e+02 4.377218615061339202e-04 1.255313728985909269e-03
2.363390120967742121e+02 4.359409300962663932e-04 1.253666040643035447e-03
2.364640120967742121e+02 4.341664294262259595e-04 1.252017641088304205e-03
2.365890120967742121e+02 4.323983413910397486e-04 1.250368536527963299e-03
2.367140120967742121e+02 4.306366479027640744e-04 1.248718733209992727e-03
2.368390120967742121e+02 4.288813308907214413e-04 1.247068237423162775e-03
2.369640120967742121e+02 4.271323723017688844e-04 1.245417055497008213e-03
2.370890120967742121e+02 4.253897541005407764e-04 1.243765193800842536e-03
2.372140120967742121e+02 4.236534582696897377e-04 1.242112658743756235e-03
2.373390120967742121e+02 4.219234668101464652e-04 1.240459456773648382e-03
2.374640120967742121e+02 4.201997617413457883e-04 1.238805594377093925e-03
2.375890120967742121e+02 4.184823251014825412e-04 1.237151078078824575e-03
2.377140120967742121e+02 4.167711389477333898e-04 1.235495914440902857e-03
2.378390120967742121e+02 4.150661853565074458e-04 1.233840110062753553e-03
2.379640120967742121e+02 4.133674464236640283e-04 1.232183671580123086e-03
2.380890120967742121e+02 4.116749042647575851e-04 1.230526605665197048e-03
2.382140120967742121e+02 4.099885410152533409e-04 1.228868919025485852e-03
2.383390120967742121e+02 4.083083388307620263e-04 1.227210618404009053e-03
2.384640120967742121e+02 4.066342798872567732e-04 1.225551710578236296e-03
2.385890120967742121e+02 4.049663463812992791e-04 1.223892202359966753e-03
2.387140120967742121e+02 4.033045205302541536e-04 1.222232100594802199e-03
2.388390120967742121e+02 4.016487845725096625e-04 1.220571412161513408e-03
2.389640120967742121e+02 3.999991207676868699e-04 1.218910143971827431e-03
2.390890120967742121e+02 3.983555113968579426e-04 1.217248302969702479e-03
2.392140120967742121e+02 3.967179387627500341e-04 1.215585896131169633e-03
2.393390120967742121e+02 3.950863851899541566e-04 1.213922930463467434e-03
2.394640120967742121e+02 3.934608330251332929e-04 1.212259413005019760e-03
2.395890120967742121e+02 3.918412646372201554e-04 1.210595350824688167e-03
2.397140120967742121e+02 3.902276624176240520e-04 1.208930751021387645e-03
2.398390120967742121e+02 3.886200087804228976e-04 1.207265620723772847e-03
2.399640120967742121e+02 3.870182861625677496e-04 1.205599967089430362e-03
2.400890120967742121e+02 3.854224770240656040e-04 1.203933797304929890e-03
2.402140120967742121e+02 3.838325638481852311e-04 1.202267118584941698e-03
2.403390120967742121e+02 3.822485291416333046e-04 1.200599938172073342e-03
2.404640120967742121e+02 3.806703554347551951e-04 1.198932263336219576e-03
2.405890120967742121e+02 3.790980252817079013e-04 1.197264101374380862e-03
2.407140120967742121e+02 3.775315212606562896e-04 1.195595459609849129e-03
2.408390120967742121e+02 3.759708259739436400e-04 1.193926345392165925e-03
2.409640120967742121e+02 3.744159220482788869e-04 1.192256766096580749e-03
2.410890120967742121e+02 3.728667921349087372e-04 1.190586729123290378e-03
2.412140120967742121e+02 3.713234189097958582e-04 1.188916241897573734e-03
2.413390120967742121e+02 3.697857850737940846e-04 1.187245311868792043e-03
2.414640120967742121e+02 3.682538733528114834e-04 1.185573946510471441e-03
2.415890120967742121e+02 3.667276664979918482e-04 1.183902153319495469e-03
2.417140120967742121e+02 3.652071472858685482e-04 1.182229939815925739e-03
2.418390120967742121e+02 3.636922985185426084e-04 1.180557313542408880e-03
2.419640120967742121e+02 3.621831030238357443e-04 1.178884282063944518e-03
2.420890120967742121e+02 3.606795436554583053e-04 1.177210852967294601e-03
2.422140120967742121e+02 3.591816032931641526e-04 1.175537033860609348e-03
2.423390120967742121e+02 3.576892648429125308e-04 1.173862832373239254e-03
2.424640120967742121e+02 3.562025112370188263e-04 1.172188256154865554e-03
2.425890120967742121e+02 3.547213254343126437e-04 1.170513312875645076e-03
2.427140120967742121e+02 3.532456904202847694e-04 1.168838010225263947e-03
2.428390120967742121e+02 3.517755892072441104e-04 1.167162355913036256e-03
2.429640120967742121e+02 3.503110048344548993e-04 1.165486357667092640e-03
2.430890120967742121e+02 3.488519203682955848e-04 1.163810023234254946e-03
2.432140120967742121e+02 3.473983189023900197e-04 1.162133360379554196e-03
2.433390120967742121e+02 3.459501835577615805e-04 1.160456376885742697e-03
2.434640120967742121e+02 3.445074974829659821e-04 1.158779080553044892e-03
2.435890120967742121e+02 3.430702438542312482e-04 1.157101479198636290e-03
2.437140120967742121e+02 3.416384058755994710e-04 1.155423580656495799e-03
2.438390120967742121e+02 3.402119667790527951e-04 1.153745392776599080e-03
2.439640120967742121e+02 3.387909098246581047e-04 1.152066923425039109e-03
2.440890120967742121e+02 3.373752183006866650e-04 1.150388180483153180e-03
2.442140120967742121e+02 3.359648755237559900e-04 1.148709171847566921e-03
2.443390120967742121e+02 3.345598648389454732e-04 1.147029905429596680e-03
2.444640120967742121e+02 3.331601696199351648e-04 1.145350389154789613e-03
2.445890120967742121e+02 3.317657732691184748e-04 1.143670630962839111e-03
2.447140120967742121e+02 3.303766592177356386e-04 1.141990638806923870e-03
2.448390120967742121e+02 3.289928109259864192e-04 1.140310420653498644e-03
2.449640120967742121e+02 3.276142118831556040e-04 1.138629984481845381e-03
2.450890120967742121e+02 3.262408456077261413e-04 1.136949338283860288e-03
2.452140120967742121e+02 3.248726956474997578e-04 1.135268490063490480e-03
2.453390120967742121e+02 3.235097455797066794e-04 1.133587447836435823e-03
2.454640120967742121e+02 3.221519790111223463e-04 1.131906219629951393e-03
2.455890120967742121e+02 3.207993795781781095e-04 1.130224813482145997e-03
2.457140120967742121e+02 3.194519309470671034e-04 1.128543237442097965e-03
2.458390120967742121e+02 3.181096168138573279e-04 1.126861499568989310e-03
2.459640120967742121e+02 3.167724209045931299e-04 1.125179607932199830e-03
2.460890120967742121e+02 3.154403269754047076e-04 1.123497570610655725e-03
2.462140120967742121e+02 3.141133188126065561e-04 1.121815395692614056e-03
2.463390120967742121e+02 3.127913802328034483e-04 1.120133091275356350e-03
2.464640120967742121e+02 3.114744950829858444e-04 1.118450665464735616e-03
2.465890120967742121e+02 3.101626472406343550e-04 1.116768126374897930e-03
2.467140120967742121e+02 3.088558206138082118e-04 1.115085482127896668e-03
2.468390120967742121e+02 3.075539991412513030e-04 1.113402740853517738e-03
2.469640120967742121e+02 3.062571667924741383e-04 1.111719910688612140e-03
2.470890120967742121e+02 3.049653075678586921e-04 1.110036999777233449e-03
2.472140120967742121e+02 3.036784054987367362e-04 1.108354016269790833e-03
2.473390120967742121e+02 3.023964446474911049e-04 1.106670968323153568e-03
2.474640120967742121e+02 3.011194091076324565e-04 1.104987864100135829e-03
2.475890120967742121e+02 2.998472830038963633e-04 1.103304711769034817e-03
2.477140120967742121e+02 2.985800504923188264e-04 1.101621519503648760e-03
2.478390120967742121e+02 2.973176957603258308e-04 1.099938295482651542e-03
2.479640120967742121e+02 2.960602030268154740e-04 1.098255047889438963e-03
2.480890120967742121e+02 2.948075565422318537e-04 1.096571784911699616e-03
2.482140120967742121e+02 2.935597405886546780e-04 1.094888514741287379e-03
2.483390120967742121e+02 2.923167394798663766e-04 1.093205245573599304e-03
2.484640120967742121e+02 2.910785375614386209e-04 1.091521985607659751e-03
2.485890120967742121e+02 2.898451192107987851e-04 1.089838743045475067e-03
2.487140120967742121e+02 2.886164688373100149e-04 1.088155526091864021e-03
2.488390120967742121e+02 2.873925708823382849e-04 1.086472342954239445e-03
2.489640120967742121e+02 2.861734098193284559e-04 1.084789201842047699e-03
2.490890120967742121e+02 2.849589701538688931e-04 1.083106110966811607e-03
2.492140120967742121e+02 2.837492364237643788e-04 1.081423078541550410e-03
2.493390120967742121e+02 2.825441931990982369e-04 1.079740112780626675e-03
2.494640120967742121e+02 2.813438250823040534e-04 1.078057221899356415e-03
2.495890120967742121e+02 2.801481167082216206e-04 1.076374414113874869e-03
2.497140120967742121e+02 2.789570527441697419e-04 1.074691697640661617e-03
2.498390120967742121e+02 2.777706178899980020e-04 1.073009080696367109e-03
2.499640120967742121e+02 2.765887968781562643e-04 1.071326571497501932e-03
2.500890120967742121e+02 2.754115744737474719e-04 1.069644178260086400e-03
2.502140120967742121e+02 2.742389354745873326e-04 1.067961909199561426e-03
2.503390120967742121e+02 2.730708647112626490e-04 1.066279772530181590e-03
2.504640120967742121e+02 2.719073470471836313e-04 1.064597776465101009e-03
2.505890120967742121e+02 2.707483673786423902e-04 1.062915929215841855e-03
2.507140120967742121e+02 2.695939106348592320e-04 1.061234238992088148e-03
2.508390120967742121e+02 2.684439617780429947e-04 1.059552714001501215e-03
2.509640120967742121e+02 2.672985058034322474e-04 1.057871362449291659e-03
2.510890120967742121e+02 2.661575277393537836e-04 1.056190192538071244e-03
2.512140120967742121e+02 2.650210126472614890e-04 1.054509212467549329e-03
2.513390120967742121e+02 2.638889456217922871e-04 1.052828430434255523e-03
2.514640120967742121e+02 2.627613117908041943e-04 1.051147854631263650e-03
2.515890120967742121e+02 2.616380963154266810e-04 1.049467493248046465e-03
2.517140120967742121e+02 2.605192843900997575e-04 1.047787354469950031e-03
2.518390120967742121e+02 2.594048612426197811e-04 1.046107446478277640e-03
2.519640120967742121e+02 2.582948121341775119e-04 1.044427777449840949e-03
2.520890120967742121e+02 2.571891223594005593e-04 1.042748355556598729e-03
2.522140120967742121e+02 2.560877772463920877e-04 1.041069188965692205e-03
2.523390120967742121e+02 2.549907621567660534e-04 1.039390285838945674e-03
2.524640120967742121e+02 2.538980624856873743e-04 1.037711654332742909e-03
2.525890120967742121e+02 2.528096636619041847e-04 1.036033302597738105e-03
2.527140120967742121e+02 2.517255511477858908e-04 1.034355238778687184e-03
2.528390120967742121e+02 2.506457104393530950e-04 1.032677471013998061e-03
2.529640120967742121e+02 2.495701270663129405e-04 1.031000007435788329e-03
2.530890120967742121e+02 2.484987865920873008e-04 1.029322856169390642e-03
2.532140120967742121e+02 2.474316746138475825e-04 1.027646025333246466e-03
2.533390120967742121e+02 2.463687767625374935e-04 1.025969523038694009e-03
2.534640120967742121e+02 2.453100787029088218e-04 1.024293357389543645e-03
2.535890120967742121e+02 2.442555661335403007e-04 1.022617536482128007e-03
2.537140120967742121e+02 2.432052247868724925e-04 1.020942068404845100e-03
2.538390120967742121e+02 2.421590404292240522e-04 1.019266961238031888e-03
2.539640120967742121e+02 2.411169988608244429e-04 1.017592223053711675e-03
2.540890120967742121e+02 2.400790859158285725e-04 1.015917861915412168e-03
2.542140120967742121e+02 2.390452874623464198e-04 1.014243885877878391e-03
2.543390120967742121e+02 2.380155894024604357e-04 1.012570302986863860e-03
2.544640120967742121e+02 2.369899776722436495e-04 1.010897121278956897e-03
2.545890120967742121e+02 2.359684382417851476e-04 1.009224348781309361e-03
2.547140120967742121e+02 2.349509571152005362e-04 1.007551993511526063e-03
2.548390120967742121e+02 2.339375203306574196e-04 1.005880063477220671e-03
2.549640120967742121e+02 2.329281139603834238e-04 1.004208566676111341e-03
2.550890120967742121e+02 2.319227241106895882e-04 1.002537511095554727e-03
2.552140120967742121e+02 2.309213369219781983e-04 1.000866904712448616e-03
2.553390120967742121e+02 2.299239385687613262e-04 9.991967554930964064e-04
2.554640120967742121e+02 2.289305152596694500e-04 9.975270713928113733e-04
2.555890120967742121e+02 2.279410532374672013e-04 9.958578603558802377e-04
2.557140120967742121e+02 2.269555387790602775e-04 9.941891303152713012e-04
2.558390120967742121e+02 2.259739581955091297e-04 9.925208891924861259e-04
2.559640120967742121e+02 2.249962978320344106e-04 9.908531448973333707e-04
2.560890120967741836e+02 2.240225440680296601e-04 9.891859053277915308e-04
2.562140120967741836e+02 2.230526833170628771e-04 9.875191783696357552e-04
2.563390120967741836e+02 2.220867020268895299e-04 9.858529718964972616e-04
2.564640120967741836e+02 2.211245866794516617e-04 9.841872937695304857e-04
2.565890120967741836e+02 2.201663237908885976e-04 9.825221518371465845e-04
2.567140120967741836e+02 2.192118999115376485e-04 9.808575539350431437e-04
2.568390120967741836e+02 2.182613016259365242e-04 9.791935078858017213e-04
2.569640120967741836e+02 2.173145155528287268e-04 9.775300214988433961e-04
2.570890120967741836e+02 2.163715283451617349e-04 9.758671025701673657e-04
2.572140120967741836e+02 2.154323266900915032e-04 9.742047588822221440e-04
2.573390120967741836e+02 2.144968973089769054e-04 9.725429982036873106e-04
2.574640120967741836e+02 2.135652269573858335e-04 9.708818282893479611e-04
2.575890120967741836e+02 2.126373024250859274e-04 9.692212568798569405e-04
2.577140120967741836e+02 2.117131105360493999e-04 9.675612917015518309e-04
2.578390120967741836e+02 2.107926381484431159e-04 9.659019404664042100e-04
2.579640120967741836e+02 2.098758721546304903e-04 9.642432108716515651e-04
2.580890120967741836e+02 2.089627994811620005e-04 9.625851105998443468e-04
2.582140120967741836e+02 2.080534070887728561e-04 9.609276473184868821e-04
2.583390120967741836e+02 2.071476819723743249e-04 9.592708286799783929e-04
2.584640120967741836e+02 2.062456111610492062e-04 9.576146623214614254e-04
2.585890120967741836e+02 2.053471817180413145e-04 9.559591558645603396e-04
2.587140120967741836e+02 2.044523807407492720e-04 9.543043169153387012e-04
2.588390120967741836e+02 2.035611953607170221e-04 9.526501530640257365e-04
2.589640120967741836e+02 2.026736127436216321e-04 9.509966718849430407e-04
2.590890120967741836e+02 2.017896200892660289e-04 9.493438809362925081e-04
2.592140120967741836e+02 2.009092046315646063e-04 9.476917877600852082e-04
2.593390120967741836e+02 2.000323536385337924e-04 9.460403998818303281e-04
2.594640120967741836e+02 1.991590544122769525e-04 9.443897248105620609e-04
2.595890120967741836e+02 1.982892942889735190e-04 9.427397700386157178e-04
2.597140120967741836e+02 1.974230606388619434e-04 9.410905430413557017e-04
2.598390120967741836e+02 1.965603408662283116e-04 9.394420512772759047e-04
2.599640120967741836e+02 1.957011224093870721e-04 9.377943021876238147e-04
2.600890120967741836e+02 1.948453927406698150e-04 9.361473031964187303e-04
2.602140120967741836e+02 1.939931393664025034e-04 9.345010617101851555e-04
2.603390120967741836e+02 1.931443498268947939e-04 9.328555851179034684e-04
2.604640120967741836e+02 1.922990116964153984e-04 9.312108807907932976e-04
2.605890120967741836e+02 1.914571125831796971e-04 9.295669560822680940e-04
2.607140120967741836e+02 1.906186401293243949e-04 9.279238183277216520e-04
2.608390120967741836e+02 1.897835820108931292e-04 9.262814748443789223e-04
2.609640120967741836e+02 1.889519259378131318e-04 9.246399329312815930e-04
2.610890120967741836e+02 1.881236596538725153e-04 9.229991998689527450e-04
2.612140120967741836e+02 1.872987709367034137e-04 9.213592829195044057e-04
2.613390120967741836e+02 1.864772475977536845e-04 9.197201893262987350e-04
2.614640120967741836e+02 1.856590774822698871e-04 9.180819263139689511e-04
2.615890120967741836e+02 1.848442484692683612e-04 9.164445010881954422e-04
2.617140120967741836e+02 1.840327484715160642e-04 9.148079208356101402e-04
2.618390120967741836e+02 1.832245654355016764e-04 9.131721927237366728e-04
2.619640120967741836e+02 1.824196873414134028e-04 9.115373239007338408e-04
2.620890120967741836e+02 1.816181022031110814e-04 9.099033214954189291e-04
2.622140120967741836e+02 1.808197980681018700e-04 9.082701926170099914e-04
2.623390120967741836e+02 1.800247630175108376e-04 9.066379443551646645e-04
2.624640120967741836e+02 1.792329851660562443e-04 9.050065837796693281e-04
2.625890120967741836e+02 1.784444526620188314e-04 9.033761179405262742e-04
2.627140120967741836e+02 1.776591536872158816e-04 9.017465538676887283e-04
2.628390120967741836e+02 1.768770764569694523e-04 9.001178985710049044e-04
2.629640120967741836e+02 1.760982092200796226e-04 8.984901590401618435e-04
2.630890120967741836e+02 1.753225402587924280e-04 8.968633422444010272e-04
2.632140120967741836e+02 1.745500578887688255e-04 8.952374551326476148e-04
2.633390120967741836e+02 1.737807504590559344e-04 8.936125046332035055e-04
2.634640120967741836e+02 1.730146063520525055e-04 8.919884976537589393e-04
2.635890120967741836e+02 1.722516139834792399e-04 8.903654410812077494e-04
2.637140120967741836e+02 1.714917618023438788e-04 8.887433417816586372e-04
2.638390120967741836e+02 1.707350382909109533e-04 8.871222066001498109e-04
2.639640120967741836e+02 1.699814319646641091e-04 8.855020423607372392e-04
2.640890120967741836e+02 1.692309313722767784e-04 8.838828558663366832e-04
2.642140120967741836e+02 1.684835250955727423e-04 8.822646538985025192e-04
2.643390120967741836e+02 1.677392017494957999e-04 8.806474432175432059e-04
2.644640120967741836e+02 1.669979499820695450e-04 8.790312305622135884e-04
2.645890120967741836e+02 1.662597584743659776e-04 8.774160226498115001e-04
2.647140120967741836e+02 1.655246159404650641e-04 8.758018261759325162e-04
2.648390120967741836e+02 1.647925111274210991e-04 8.741886478144842657e-04
2.649640120967741836e+02 1.640634328152225905e-04 8.725764942175114405e-04
2.650890120967741836e+02 1.633373698167569143e-04 8.709653720152003495e-04
2.652140120967741836e+02 1.626143109777700635e-04 8.693552878156999165e-04
2.653390120967741836e+02 1.618942451768295412e-04 8.677462482050606399e-04
2.654640120967741836e+02 1.611771613252851673e-04 8.661382597472433746e-04
2.655890120967741836e+02 1.604630483672279050e-04 8.645313289838350542e-04
2.657140120967741836e+02 1.597518952794524296e-04 8.629254624342009130e-04
2.658390120967741836e+02 1.590436910714143018e-04 8.613206665952115922e-04
2.659640120967741836e+02 1.583384247851919670e-04 8.597169479412714380e-04
2.660890120967741836e+02 1.576360854954427632e-04 8.581143129241915407e-04
2.662140120967741836e+02 1.569366623093641343e-04 8.565127679731344415e-04
2.663390120967741836e+02 1.562401443666492046e-04 8.549123194945547170e-04
2.664640120967741836e+02 1.555465208394467172e-04 8.533129738720585762e-04
2.665890120967741836e+02 1.548557809323160945e-04 8.517147374663906322e-04
2.667140120967741836e+02 1.541679138821873223e-04 8.501176166153103040e-04
2.668390120967741836e+02 1.534829089583134888e-04 8.485216176336300882e-04
2.669640120967741836e+02 1.528007554622315097e-04 8.469267468129464604e-04
2.670890120967741836e+02 1.521214427277133388e-04 8.453330104217937234e-04
2.672140120967741836e+02 1.514449601207260964e-04 8.437404147054100361e-04
2.673390120967741836e+02 1.507712970393824134e-04 8.421489658857249459e-04
2.674640120967741836e+02 1.501004429138991768e-04 8.405586701613736991e-04
2.675890120967741836e+02 1.494323872065504483e-04 8.389695337074381176e-04
2.677140120967741836e+02 1.487671194116194616e-04 8.373815626756051086e-04
2.678390120967741836e+02 1.481046290553564738e-04 8.357947631939420183e-04
2.679640120967741836e+02 1.474449056959274825e-04 8.342091413669123524e-04
2.680890120967741836e+02 1.467879389233720238e-04 8.326247032752678986e-04
2.682140120967741836e+02 1.461337183595510212e-04 8.310414549760958888e-04
2.683390120967741836e+02 1.454822336581036626e-04 8.294594025025677896e-04
2.684640120967741836e+02 1.448334745043958183e-04 8.278785518640810080e-04
2.685890120967741836e+02 1.441874306154742886e-04 8.262989090461150170e-04
2.687140120967741836e+02 1.435440917400163878e-04 8.247204800101001678e-04
2.688390120967741836e+02 1.429034476582827272e-04 8.231432706935602620e-04
2.689640120967741836e+02 1.422654881820663124e-04 8.215672870098229613e-04
2.690890120967741836e+02 1.416302031546447292e-04 8.199925348481833937e-04
2.692140120967741836e+02 1.409975824507286987e-04 8.184190200737004317e-04
2.693390120967741836e+02 1.403676159764136134e-04 8.168467485272235809e-04
2.694640120967741836e+02 1.397402936691272786e-04 8.152757260253036412e-04
2.695890120967741836e+02 1.391156054975814483e-04 8.137059583602142829e-04
2.697140120967741836e+02 1.384935414617193233e-04 8.121374512998143528e-04
2.698390120967741836e+02 1.378740915926639969e-04 8.105702105875386585e-04
2.699640120967741836e+02 1.372572459526686902e-04 8.090042419424174841e-04
2.700890120967741836e+02 1.366429946350630569e-04 8.074395510588787232e-04
2.702140120967741836e+02 1.360313277642028222e-04 8.058761436069178819e-04
2.703390120967741836e+02 1.354222354954156269e-04 8.043140252318276787e-04
2.704640120967741836e+02 1.348157080149509914e-04 8.027532015543621929e-04
2.705890120967741836e+02 1.342117355399240458e-04 8.011936781705497309e-04
2.707140120967741836e+02 1.336103083182663880e-04 7.996354606517218832e-04
2.708390120967741836e+02 1.330114166286688654e-04 7.980785545444873952e-04
2.709640120967741836e+02 1.324150507805316201e-04 7.965229653706533451e-04
2.710890120967741836e+02 1.318212011139067888e-04 7.949686986272097491e-04
2.712140120967741836e+02 1.312298579994478163e-04 7.934157597862807713e-04
2.713390120967741836e+02 1.306410118383520200e-04 7.918641542951569256e-04
2.714640120967741836e+02 1.300546530623087379e-04 7.903138875761206265e-04
2.715890120967741836e+02 1.294707721334423538e-04 7.887649650266030741e-04
2.717140120967741836e+02 1.288893595442589543e-04 7.872173920189832422e-04
2.718390120967741836e+02 1.283104058175909266e-04 7.856711739006505459e-04
2.719640120967741836e+02 1.277339015065394681e-04 7.841263159939878191e-04
2.720890120967741836e+02 1.271598371944225722e-04 7.825828235962309105e-04
2.722140120967741836e+02 1.265882034947152343e-04 7.810407019796030163e-04
2.723390120967741836e+02 1.260189910509970309e-04 7.794999563911635425e-04
2.724640120967741836e+02 1.254521905368928135e-04 7.779605920528339085e-04
2.725890120967741836e+02 1.248877926560184443e-04 7.764226141613490839e-04
2.727140120967741836e+02 1.243257881419224120e-04 7.748860278882864277e-04
2.728390120967741836e+02 1.237661677580306459e-04 7.733508383799746156e-04
2.729640120967741836e+02 1.232089222975876438e-04 7.718170507575067589e-04
2.730890120967741836e+02 1.226540425836010690e-04 7.702846701167534145e-04
2.732140120967741836e+02 1.221015194687823091e-04 7.687537015282296625e-04
2.733390120967741836e+02 1.215513438354913446e-04 7.672241500372461347e-04
2.734640120967741836e+02 1.210035065956758025e-04 7.656960206636983547e-04
2.735890120967741836e+02 1.204579986908164350e-04 7.641693184022419448e-04
2.737140120967741836e+02 1.199148110918654421e-04 7.626440482221226230e-04
2.738390120967741836e+02 1.193739347991913528e-04 7.611202150672227154e-04
2.739640120967741836e+02 1.188353608425185136e-04 7.595978238560845749e-04
2.740890120967741836e+02 1.182990802808685552e-04 7.580768794818094252e-04
2.742140120967741836e+02 1.177650842025030107e-04 7.565573868121120045e-04
2.743390120967741836e+02 1.172333637248618008e-04 7.550393506892780649e-04
2.744640120967741836e+02 1.167039099945072758e-04 7.535227759301952721e-04
2.745890120967741836e+02 1.161767141870614938e-04 7.520076673262360029e-04
2.747140120967741836e+02 1.156517675071501140e-04 7.504940296434098931e-04
2.748390120967741836e+02 1.151290611883395531e-04 7.489818676221711739e-04
2.749640120967741836e+02 1.146085864930804172e-04 7.474711859775822788e-04
2.750890120967741836e+02 1.140903347126443878e-04 7.459619893992156144e-04
2.752140120967741836e+02 1.135742971670673280e-04 7.444542825511008682e-04
2.753390120967741836e+02 1.130604652050864263e-04 7.429480700718503429e-04
2.754640120967741836e+02 1.125488302040818255e-04 7.414433565745362237e-04
2.755890120967741836e+02 1.120393835700148099e-04 7.399401466467430549e-04
2.757140120967741836e+02 1.115321167373684448e-04 7.384384448505502832e-04
2.758390120967741836e+02 1.110270211690854794e-04 7.369382557225609897e-04
2.759640120967741836e+02 1.105240883565091896e-04 7.354395837738018178e-04
2.760890120967741836e+02 1.100233098193205758e-04 7.339424334898591489e-04
2.762140120967741836e+02 1.095246771054791111e-04 7.324468093307706824e-04
2.763390120967741836e+02 1.090281817911605217e-04 7.309527157310698880e-04
2.764640120967741836e+02 1.085338154806950552e-04 7.294601570998063885e-04
2.765890120967741836e+02 1.080415698065075649e-04 7.279691378204633436e-04
2.767140120967741836e+02 1.075514364290543006e-04 7.264796622510844102e-04
2.768390120967741836e+02 1.070634070367628034e-04 7.249917347241658641e-04
2.769640120967741836e+02 1.065774733459687237e-04 7.235053595467216521e-04
2.770890120967741836e+02 1.060936271008556885e-04 7.220205410002588893e-04
2.772140120967741836e+02 1.056118600733911984e-04 7.205372833408240458e-04
2.773390120967741836e+02 1.051321640632671721e-04 7.190555907989524230e-04
2.774640120967741836e+02 1.046545308978349487e-04 7.175754675797044744e-04
2.775890120967741836e+02 1.041789524320461583e-04 7.160969178626765391e-04
2.777140120967741836e+02 1.037054205483872493e-04 7.146199458019931441e-04
2.778390120967741836e+02 1.032339271568201693e-04 7.131445555263615397e-04
2.779640120967741836e+02 1.027644641947171502e-04 7.116707511389772653e-04
2.780890120967741836e+02 1.022970236268003452e-04 7.101985367176660716e-04
2.782140120967741836e+02 1.018315974450773460e-04 7.087279163147879686e-04
2.783390120967741836e+02 1.013681776687799254e-04 7.072588939572957726e-04
2.784640120967741836e+02 1.009067563443009365e-04 7.057914736467732703e-04
2.785890120967741836e+02 1.004473255451299792e-04 7.043256593593732020e-04
2.787140120967741836e+02 9.998987737179306401e-05 7.028614550458916381e-04
2.788390120967741836e+02 9.953440395178671989e-05 7.013988646317486806e-04
2.789640120967741836e+02 9.908089743951773961e-05 6.999378920170498284e-04
2.790890120967741836e+02 9.862935001623746359e-05 6.984785410765131193e-04
2.792140120967741836e+02 9.817975388998056313e-05 6.970208156596049802e-04
2.793390120967741836e+02 9.773210129550032705e-05 6.955647195904170622e-04
2.794640120967741836e+02 9.728638449420655052e-05 6.941102566678109811e-04
2.795890120967741836e+02 9.684259577410084881e-05 6.926574306653797202e-04
2.797140120967741836e+02 9.640072744971468158e-05 6.912062453314231272e-04
2.798390120967741836e+02 9.596077186204411105e-05 6.897567043890589361e-04
2.799640120967741836e+02 9.552272137848851743e-05 6.883088115361631369e-04
2.800890120967741836e+02 9.508656839278413736e-05 6.868625704454289554e-04
2.802140120967741836e+02 9.465230532494353828e-05 6.854179847643708653e-04
2.803390120967741836e+02 9.421992462118891295e-05 6.839750581153800990e-04
2.804640120967741836e+02 9.378941875389091686e-05 6.825337940956679441e-04
2.805890120967741836e+02 9.336078022150350768e-05 6.810941962773938959e-04
2.807140120967741836e+02 9.293400154849982826e-05 6.796562682075970273e-04
2.808390120967741836e+02 9.250907528530995987e-05 6.782200134082589814e-04
2.809640120967741836e+02 9.208599400825474520e-05 6.767854353763461464e-04
2.810890120967741836e+02 9.166475031948453098e-05 6.753525375837723596e-04
2.812140120967741836e+02 9.124533684691234041e-05 6.739213234775034240e-04
2.813390120967741836e+02 9.082774624415288682e-05 6.724917964795125479e-04
2.814640120967741836e+02 9.041197119045562419e-05 6.710639599868513600e-04
2.815890120967741836e+02 8.999800439064343550e-05 6.696378173716401516e-04
2.817140120967741836e+02 8.958583857504599497e-05 6.682133719811445298e-04
2.818390120967741836e+02 8.917546649943821247e-05 6.667906271377553595e-04
2.819640120967741836e+02 8.876688094497392099e-05 6.653695861390329994e-04
2.820890120967741836e+02 8.836007471812334533e-05 6.639502522577418872e-04
2.822140120967741836e+02 8.795504065060784664e-05 6.625326287418595392e-04
2.823390120967741836e+02 8.755177159933675408e-05 6.611167188146645874e-04
2.824640120967741836e+02 8.715026044634220431e-05 6.597025256746583913e-04
2.825890120967741836e+02 8.675050009871574275e-05 6.582900524957247413e-04
2.827140120967741836e+02 8.635248348854415235e-05 6.568793024270508200e-04
2.828390120967741836e+02 8.595620357284421175e-05 6.554702785932203356e-04
2.829640120967741836e+02 8.556165333349997416e-05 6.540629840942398677e-04
2.830890120967741836e+02 8.516882577719718669e-05 6.526574220055433124e-04
2.832140120967741836e+02 8.477771393536025755e-05 6.512535953780510803e-04
2.833390120967741836e+02 8.438831086408690577e-05 6.498515072381901535e-04
2.834640120967741836e+02 8.400060964408522326e-05 6.484511605879360449e-04
2.835890120967741836e+02 8.361460338060783661e-05 6.470525584048276513e-04
2.837140120967741836e+02 8.323028520338971456e-05 6.456557036420549657e-04
2.838390120967741836e+02 8.284764826658166579e-05 6.442605992284033490e-04
2.839640120967741836e+02 8.246668574868849864e-05 6.428672480683830922e-04
2.840890120967741836e+02 8.208739085250246477e-05 6.414756530422290916e-04
2.842140120967741836e+02 8.170975680504128334e-05 6.400858170058827418e-04
2.843390120967741836e+02 8.133377685748204543e-05 6.386977427911308229e-04
2.844640120967741836e+02 8.095944428509880457e-05 6.373114332055666853e-04
2.845890120967741836e+02 8.058675238719653535e-05 6.359268910326545433e-04
2.847140120967741836e+02 8.021569448704896793e-05 6.345441190317587486e-04
2.848390120967741836e+02 7.984626393183273630e-05 6.331631199382159979e-04
2.849640120967741836e+02 7.947845409256434554e-05 6.317838964632990122e-04
2.850890120967741836e+02 7.911225836403605475e-05 6.304064512943469666e-04
2.852140120967741836e+02 7.874767016475071651e-05 6.290307870947458658e-04
2.853390120967741836e+02 7.838468293685944886e-05 6.276569065039748398e-04
2.854640120967741836e+02 7.802329014609572929e-05 6.262848121376858330e-04
2.855890120967741836e+02 7.766348528171331065e-05 6.249145065876678248e-04
2.857140120967741836e+02 7.730526185642046428e-05 6.235459924219832230e-04
2.858390120967741836e+02 7.694861340631746222e-05 6.221792721849369635e-04
2.859640120967741836e+02 7.659353349083148439e-05 6.208143483971476344e-04
2.860890120967741836e+02 7.624001569265389752e-05 6.194512235555790260e-04
2.862140120967741836e+02 7.588805361767517589e-05 6.180899001336103869e-04
2.863390120967741836e+02 7.553764089492222094e-05 6.167303805810414119e-04
2.864640120967741836e+02 7.518877117649345814e-05 6.153726673241511139e-04
2.865890120967741836e+02 7.484143813749642769e-05 6.140167627657597315e-04
2.867140120967741836e+02 7.449563547598229865e-05 6.126626692852355600e-04
2.868390120967741836e+02 7.415135691288415073e-05 6.113103892385940473e-04
2.869640120967741836e+02 7.380859619195140721e-05 6.099599249584627741e-04
2.870890120967741836e+02 7.346734707968789985e-05 6.086112787542124255e-04
2.872140120967741836e+02 7.312760336528731820e-05 6.072644529119709941e-04
2.873390120967741836e+02 7.278935886056960762e-05 6.059194496946140223e-04
2.874640120967741836e+02 7.245260739991828884e-05 6.045762713419084756e-04
2.875890120967741836e+02 7.211734284021600210e-05 6.032349200704844455e-04
2.877140120967741836e+02 7.178355906078234176e-05 6.018953980739170061e-04
2.878390120967741836e+02 7.145124996330888545e-05 6.005577075227576563e-04
2.879640120967741836e+02 7.112040947179780112e-05 5.992218505646020824e-04
2.880890120967741836e+02 7.079103153249660522e-05 5.978878293241054456e-04
2.882140120967741836e+02 7.046311011383697297e-05 5.965556459030761649e-04
2.883390120967741836e+02 7.013663920636957786e-05 5.952253023804765682e-04
2.884640120967741836e+02 6.981161282270288845e-05 5.938968008124920640e-04
2.885890120967741836e+02 6.948802499743853629e-05 5.925701432326158178e-04
2.887140120967741836e+02 6.916586978710955716e-05 5.912453316516079862e-04
2.888390120967741836e+02 6.884514127011636883e-05 5.899223680576566120e-04
2.889640120967741836e+02 6.852583354666498517e-05 5.886012544163371843e-04
2.890890120967741836e+02 6.820794073870311593e-05 5.872819926707140105e-04
2.892140120967741836e+02 6.789145698985824527e-05 5.859645847413651534e-04
2.893390120967741836e+02 6.757637646537478868e-05 5.846490325264493268e-04
2.894640120967741836e+02 6.726269335205074850e-05 5.833353379017632489e-04
2.895890120967741836e+02 6.695040185817614472e-05 5.820235027207586653e-04
2.897140120967741836e+02 6.663949621346952146e-05 5.807135288146299517e-04
2.898390120967741836e+02 6.632997066901648623e-05 5.794054179923362321e-04
2.899640120967741836e+02 6.602181949720628410e-05 5.780991720407091484e-04
2.900890120967741836e+02 6.571503699167047252e-05 5.767947927244089501e-04
2.902140120967741836e+02 6.540961746721968523e-05 5.754922817860854984e-04
2.903390120967741836e+02 6.510555525978233417e-05 5.741916409463500770e-04
2.904640120967741836e+02 6.480284472634164445e-05 5.728928719038596344e-04
2.905890120967741836e+02 6.450148024487461378e-05 5.715959763353990752e-04
2.907140120967741836e+02 6.420145621428860016e-05 5.703009558958554558e-04
2.908390120967741836e+02 6.390276705436110803e-05 5.690078122183673875e-04
2.909640120967741836e+02 6.360540720567617269e-05 5.677165469143062798e-04
2.910890120967741836e+02 6.330937112956434973e-05 5.664271615733679557e-04
2.912140120967741836e+02 6.301465330803924852e-05 5.651396577636031175e-04
2.913390120967741836e+02 6.272124824373742679e-05 5.638540370315237070e-04
2.914640120967741836e+02 6.242915045985619803e-05 5.625703009020666936e-04
2.915890120967741836e+02 6.213835450009150675e-05 5.612884508787425010e-04
2.917140120967741836e+02 6.184885492857799920e-05 5.600084884436535475e-04
2.918390120967741836e+02 6.156064632982604474e-05 5.587304150575076898e-04
2.919640120967741836e+02 6.127372330866210476e-05 5.574542321597612295e-04
2.920890120967741836e+02 6.098808049016598448e-05 5.561799411685991804e-04
2.922140120967741836e+02 6.070371251961127632e-05 5.549075434810299195e-04
2.923390120967741836e+02 6.042061406240296413e-05 5.536370404729290973e-04
2.924640120967741836e+02 6.013877980401765650e-05 5.523684334991021960e-04
2.925890120967741836e+02 5.985820444994170594e-05 5.511017238933293072e-04
2.927140120967741836e+02 5.957888272561147612e-05 5.498369129684579394e-04
2.928390120967741836e+02 5.930080937635165753e-05 5.485740020164078974e-04
2.929640120967741836e+02 5.902397916731559569e-05 5.473129923082587769e-04
2.930890120967741836e+02 5.874838688342386438e-05 5.460538850943252084e-04
2.932140120967741836e+02 5.847402732930493259e-05 5.447966816041551223e-04
2.933390120967741836e+02 5.820089532923347349e-05 5.435413830466692860e-04
2.934640120967741836e+02 5.792898572707158708e-05 5.422879906101478594e-04
2.935890120967741836e+02 5.765829338620719042e-05 5.410365054623282989e-04
2.937140120967741836e+02 5.738881318949517254e-05 5.397869287504478576e-04
2.938390120967741836e+02 5.712054003919678078e-05 5.385392616013078785e-04
2.939640120967741836e+02 5.685346885691951532e-05 5.372935051213443766e-04
2.940890120967741836e+02 5.658759458355802662e-05 5.360496603966625161e-04
2.942140120967741836e+02 5.632291217923356271e-05 5.348077284931128297e-04
2.943390120967741836e+02 5.605941662323530710e-05 5.335677104563377312e-04
2.944640120967741836e+02 5.579710291395970409e-05 5.323296073118660579e-04
2.945890120967741836e+02 5.553596606885223037e-05 5.310934200651045052e-04
2.947140120967741836e+02 5.527600112434678808e-05 5.298591497014806329e-04
2.948390120967741836e+02 5.501720313580782200e-05 5.286267971864380948e-04
2.949640120967741836e+02 5.475956717746969230e-05 5.273963634655190382e-04
2.950890120967741836e+02 5.450308834237904920e-05 5.261678494644501892e-04
2.952140120967741836e+02 5.424776174233457844e-05 5.249412560891355889e-04
2.953390120967741836e+02 5.399358250782917263e-05 5.237165842258063213e-04
2.954640120967741836e+02 5.374054578799032048e-05 5.224938347410042509e-04
2.955890120967741836e+02 5.348864675052214263e-05 5.212730084816848044e-04
2.957140120967741836e+02 5.323788058164614001e-05 5.200541062752594718e-04
2.958390120967741836e+02 5.298824248604322288e-05 5.188371289296836268e-04
2.959640120967741836e+02 5.273972768679533336e-05 5.176220772334615139e-04
2.960890120967741836e+02 5.249233142532649867e-05 5.164089519557812317e-04
2.962140120967741836e+02 5.224604896134555818e-05 5.151977538465302370e-04
2.963390120967741836e+02 5.200087557278726413e-05 5.139884836363396887e-04
2.964640120967741836e+02 5.175680655575502895e-05 5.127811420367110826e-04
2.965890120967741836e+02 5.151383722446231737e-05 5.115757297399972777e-04
2.967140120967741836e+02 5.127196291117556997e-05 5.103722474195459364e-04
2.968390120967741836e+02 5.103117896615585276e-05 5.091706957296963801e-04
2.969640120967741836e+02 5.079148075760196366e-05 5.079710753058723971e-04
2.970890120967741836e+02 5.055286367159214986e-05 5.067733867646337419e-04
2.972140120967741836e+02 5.031532311202779710e-05 5.055776307037597277e-04
2.973390120967741836e+02 5.007885450057487594e-05 5.043838077022766561e-04
2.974640120967741836e+02 4.984345327660811214e-05 5.031919183205449874e-04
2.975890120967741836e+02 4.960911489715269724e-05 5.020019631003281874e-04
2.977140120967741836e+02 4.937583483682848602e-05 5.008139425648105080e-04
2.978390120967741836e+02 4.914360858779204591e-05 4.996278572187275255e-04
2.979640120967741836e+02 4.891243165968088156e-05 4.984437075483695015e-04
2.980890120967741836e+02 4.868229957955636514e-05 4.972614940216799366e-04
2.982140120967741836e+02 4.845320789184684961e-05 4.960812170882978548e-04
2.983390120967741836e+02 4.822515215829219145e-05 4.949028771796304448e-04
2.984640120967741836e+02 4.799812795788630150e-05 4.937264747089266772e-04
2.985890120967741836e+02 4.777213088682211493e-05 4.925520100713130832e-04
2.987140120967741836e+02 4.754715655843434535e-05 4.913794836438788649e-04
2.988390120967741836e+02 4.732320060314463775e-05 4.902088957857303215e-04
2.989640120967741836e+02 4.710025866840464109e-05 4.890402468380710809e-04
2.990890120967741836e+02 4.687832641864112735e-05 4.878735371242210730e-04
2.992140120967741836e+02 4.665739953519959271e-05 4.867087669497427308e-04
2.993390120967741836e+02 4.643747371628941043e-05 4.855459366024478750e-04
2.994640120967741836e+02 4.621854467692775731e-05 4.843850463524936121e-04
2.995890120967741836e+02 4.600060814888486143e-05 4.832260964524502048e-04
2.997140120967741836e+02 4.578365988062827423e-05 4.820690871373215641e-04
2.998390120967741836e+02 4.556769563726826731e-05 4.809140186246700947e-04
2.999640120967741836e+02 4.535271120050232132e-05 4.797608911146307355e-04
3.000890120967741836e+02 4.513870236856083452e-05 4.786097047900010029e-04
3.002140120967741836e+02 4.492566495615199788e-05 4.774604598162922732e-04
3.003390120967741836e+02 4.471359479440695478e-05 4.763131563418113688e-04
3.004640120967741836e+02 4.450248773082590936e-05 4.751677944976995900e-04
3.005890120967741836e+02 4.429233962922297458e-05 4.740243743980069278e-04
3.007140120967741836e+02 4.408314636967254477e-05 4.728828961397770663e-04
3.008390120967741836e+02 4.387490384845443511e-05 4.717433598030656506e-04
3.009640120967741836e+02 4.366760797800053878e-05 4.706057654510598749e-04
3.010890120967741836e+02 4.346125468684004095e-05 4.694701131300831986e-04
3.012140120967741836e+02 4.325583991954645545e-05 4.683364028697183492e-04
3.013390120967741836e+02 4.305135963668295390e-05 4.672046346828262952e-04
3.014640120967741836e+02 4.284780981474972769e-05 4.660748085656322244e-04
3.015890120967741836e+02 4.264518644612952039e-05 4.649469244977906491e-04
3.017140120967741836e+02 4.244348553903514555e-05 4.638209824424355514e-04
3.018390120967741836e+02 4.224270311745545280e-05 4.626969823462556263e-04
3.019640120967741836e+02 4.204283522110280504e-05 4.615749241395502266e-04
3.020890120967741836e+02 4.184387790535932909e-05 4.604548077363192432e-04
3.022140120967741836e+02 4.164582724122501632e-05 4.593366330342774171e-04
3.023390120967741836e+02 4.144867931526370901e-05 4.582203999149799976e-04
3.024640120967741836e+02 4.125243022955143817e-05 4.571061082438223635e-04
3.025890120967741836e+02 4.105707610162333146e-05 4.559937578701646517e-04
3.027140120967741836e+02 4.086261306442119206e-05 4.548833486273656389e-04
3.028390120967741836e+02 4.066903726624148405e-05 4.537748803328287657e-04
3.029640120967741836e+02 4.047634487068248432e-05 4.526683527881160862e-04
3.030890120967741836e+02 4.028453205659314213e-05 4.515637657789657242e-04
3.032140120967741836e+02 4.009359501802002774e-05 4.504611190753812105e-04
3.033390120967741836e+02 3.990352996415643587e-05 4.493604124316847724e-04
3.034640120967741836e+02 3.971433311928979516e-05 4.482616455866007084e-04
3.035890120967741836e+02 3.952600072275096134e-05 4.471648182632804330e-04
3.037140120967741836e+02 3.933852902886172834e-05 4.460699301694174028e-04
3.038390120967741836e+02 3.915191430688431799e-05 4.449769809972706431e-04
3.039640120967741836e+02 3.896615284096951451e-05 4.438859704237417807e-04
3.040890120967741836e+02 3.878124093010596450e-05 4.427968981104581482e-04
3.042140120967741836e+02 3.859717488806864346e-05 4.417097637037936003e-04
3.043390120967741836e+02 3.841395104336854205e-05 4.406245668349873424e-04
3.044640120967741836e+02 3.823156573920142394e-05 4.395413071201610612e-04
3.045890120967741836e+02 3.805001533339739012e-05 4.384599841604102689e-04
3.047140120967741836e+02 3.786929619837034830e-05 4.373805975418527123e-04
3.048390120967741836e+02 3.768940472106738064e-05 4.363031468357128325e-04
3.049640120967741836e+02 3.751033730291876883e-05 4.352276315983628560e-04
3.050890120967741836e+02 3.733209035978738219e-05 4.341540513713967918e-04
3.052140120967741836e+02 3.715466032191911604e-05 4.330824056817073552e-04
3.053390120967741836e+02 3.697804363389254408e-05 4.320126940415136151e-04
3.054640120967741836e+02 3.680223675456945168e-05 4.309449159484777083e-04
3.055890120967741836e+02 3.662723615704459665e-05 4.298790708857105859e-04
3.057140120967741836e+02 3.645303832859701499e-05 4.288151583218907333e-04
3.058390120967741836e+02 3.627963977063950390e-05 4.277531777112872097e-04
3.059640120967741836e+02 3.610703699867024596e-05 4.266931284938383609e-04
3.060890120967741836e+02 3.593522654222280714e-05 4.256350100952288520e-04
3.062140120967741836e+02 3.576420494481786946e-05 4.245788219269262592e-04
3.063390120967741836e+02 3.559396876391333734e-05 4.235245633862681314e-04
3.064640120967741836e+02 3.542451457085634813e-05 4.224722338565073095e-04
3.065890120967741836e+02 3.525583895083390701e-05 4.214218327069031624e-04
3.067140120967741836e+02 3.508793850282470775e-05 4.203733592927390425e-04
3.068390120967741836e+02 3.492080983955052662e-05 4.193268129554437161e-04
3.069640120967741836e+02 3.475444958742752131e-05 4.182821930225967847e-04
3.070890120967741836e+02 3.458885438651877005e-05 4.172394988080404665e-04
3.072140120967741836e+02 3.442402089048521139e-05 4.161987296119228552e-04
3.073390120967741836e+02 3.425994576653852215e-05 4.151598847207405843e-04
3.074640120967741836e+02 3.409662569539247731e-05 4.141229634074454036e-04
3.075890120967741836e+02 3.393405737121602445e-05 4.130879649314738323e-04
3.077140120967741836e+02 3.377223750158475890e-05 4.120548885388221317e-04
3.078390120967741836e+02 3.361116280743418108e-05 4.110237334621056650e-04
3.079640120967741836e+02 3.345083002301184929e-05 4.099944989206389116e-04
3.080890120967741836e+02 3.329123589583040668e-05 4.089671841204579644e-04
3.082140120967741836e+02 3.313237718662010670e-05 4.079417882544372981e-04
3.083390120967741836e+02 3.297425066928221280e-05 4.069183105023108028e-04
3.084640120967741836e+02 3.281685313084176103e-05 4.058967500307471363e-04
3.085890120967741836e+02 3.266018137140107492e-05 4.048771059934293585e-04
3.087140120967741836e+02 3.250423220409271108e-05 4.038593775310787837e-04
3.088390120967741836e+02 3.234900245503346871e-05 4.028435637715630218e-04
3.089640120967741836e+02 3.219448896327766727e-05 4.018296638299277993e-04
3.090890120967741836e+02 3.204068858077066127e-05 4.008176768084691674e-04
3.092140120967741836e+02 3.188759817230323609e-05 3.998076017967909642e-04
3.093390120967741836e+02 3.173521461546505499e-05 3.987994378718839081e-04
3.094640120967741836e+02 3.158353480059913616e-05 3.977931840981652786e-04
3.095890120967741836e+02 3.143255563075562513e-05 3.967888395275517214e-04
3.097140120967741836e+02 3.128227402164674608e-05 3.957864031995258179e-04
3.098390120967741836e+02 3.113268690160048613e-05 3.947858741411873137e-04
3.099640120967741836e+02 3.098379121151593297e-05 3.937872513673342715e-04
3.100890120967741836e+02 3.083558390481726404e-05 3.927905338804891459e-04
3.102140120967741836e+02 3.068806194740935522e-05 3.917957206710057398e-04
3.103390120967741836e+02 3.054122231763182419e-05 3.908028107170983699e-04
3.104640120967741836e+02 3.039506200621490685e-05 3.898118029849101710e-04
3.105890120967741836e+02 3.024957801623409355e-05 3.888226964285894241e-04
3.107140120967741836e+02 3.010476736306579544e-05 3.878354899903294550e-04
3.108390120967741836e+02 2.996062707434240087e-05 3.868501826004445282e-04
3.109640120967741836e+02 2.981715418990821276e-05 3.858667731774228105e-04
3.110890120967741836e+02 2.967434576177503693e-05 3.848852606280068187e-04
3.112140120967741836e+02 2.953219885407761469e-05 3.839056438472151578e-04
3.113390120967741836e+02 2.939071054303010218e-05 3.829279217184549527e-04
3.114640120967741836e+02 2.924987791688163174e-05 3.819520931135290585e-04
3.115890120967741836e+02 2.910969807587286920e-05 3.809781568927429621e-04
3.117140120967741836e+02 2.897016813219184287e-05 3.800061119049493981e-04
3.118390120967741836e+02 2.883128520993087694e-05 3.790359569875838015e-04
3.119640120967741836e+02 2.869304644504266441e-05 3.780676909667710474e-04
3.120890120967741836e+02 2.855544898529726827e-05 3.771013126573486535e-04
3.122140120967741836e+02 2.841848999023844846e-05 3.761368208629442458e-04
3.123390120967741836e+02 2.828216663114120527e-05 3.751742143760304735e-04
3.124640120967741836e+02 2.814647609096805202e-05 3.742134919779981387e-04
3.125890120967741836e+02 2.801141556432679562e-05 3.732546524391837351e-04
3.127140120967741836e+02 2.787698225742723620e-05 3.722976945189739647e-04
3.128390120967741836e+02 2.774317338803914415e-05 3.713426169658289402e-04
3.129640120967741836e+02 2.760998618544908173e-05 3.703894185173565068e-04
3.130890120967741836e+02 2.747741789041863419e-05 3.694380979003854260e-04
3.132140120967741836e+02 2.734546575514168546e-05 3.684886538309877098e-04
3.133390120967741836e+02 2.721412704320259502e-05 3.675410850145833012e-04
3.134640120967741836e+02 2.708339902953407326e-05 3.665953901459651724e-04
3.135890120967741836e+02 2.695327900037503991e-05 3.656515679093743526e-04
3.137140120967741836e+02 2.682376425322942435e-05 3.647096169785543542e-04
3.138390120967741836e+02 2.669485209682376651e-05 3.637695360168198577e-04
3.139640120967741836e+02 2.656653985106637977e-05 3.628313236770983985e-04
3.140890120967741836e+02 2.643882484700530418e-05 3.618949786020020333e-04
3.142140120967741836e+02 2.631170442678766586e-05 3.609604994238840977e-04
3.143390120967741836e+02 2.618517594361780308e-05 3.600278847648903267e-04
3.144640120967741836e+02 2.605923676171679839e-05 3.590971332370411452e-04
3.145890120967741836e+02 2.593388425628111971e-05 3.581682434422469013e-04
3.147140120967741836e+02 2.580911581344215249e-05 3.572412139724124918e-04
3.148390120967741836e+02 2.568492883022507116e-05 3.563160434094737373e-04
3.149640120967741836e+02 2.556132071450874062e-05 3.553927303254403162e-04
3.150890120967741836e+02 2.543828888498484515e-05 3.544712732824917712e-04
3.152140120967741836e+02 2.531583077111788482e-05 3.535516708330017953e-04
3.153390120967741836e+02 2.519394381310453138e-05 3.526339215196101686e-04
3.154640120967741836e+02 2.507262546183404477e-05 3.517180238752801126e-04
3.155890120967741836e+02 2.495187317884792723e-05 3.508039764233558070e-04
3.157140120967741836e+02 2.483168443629999076e-05 3.498917776776108539e-04
3.158390120967741836e+02 2.471205671691698030e-05 3.489814261423275325e-04
3.159640120967741836e+02 2.459298751395855306e-05 3.480729203123287293e-04
3.160890120967741836e+02 2.447447433117810159e-05 3.471662586730457547e-04
3.162140120967741836e+02 2.435651468278294323e-05 3.462614397005864307e-04
3.163390120967741836e+02 2.423910609339562084e-05 3.453584618617637145e-04
3.164640120967741836e+02 2.412224609801407534e-05 3.444573236141885053e-04
3.165890120967741836e+02 2.400593224197322429e-05 3.435580234062960998e-04
3.167140120967741836e+02 2.389016208090549354e-05 3.426605596774180739e-04
3.168390120967741836e+02 2.377493318070255166e-05 3.417649308578343792e-04
3.169640120967741836e+02 2.366024311747608216e-05 3.408711353688274989e-04
3.170890120967741836e+02 2.354608947751963991e-05 3.399791716227487464e-04
3.172140120967741836e+02 2.343246985726990783e-05 3.390890380230615793e-04
3.173390120967741836e+02 2.331938186326861092e-05 3.382007329644025318e-04
3.174640120967741836e+02 2.320682311212394577e-05 3.373142548326357498e-04
3.175890120967741836e+02 2.309479123047285709e-05 3.364296020049202117e-04
3.177140120967741836e+02 2.298328385494289412e-05 3.355467728497367789e-04
3.178390120967741836e+02 2.287229863211413141e-05 3.346657657269818168e-04
3.179640120967741836e+02 2.276183321848177743e-05 3.337865789879905054e-04
3.180890120967741836e+02 2.265188528041822409e-05 3.329092109756051979e-04
3.182140120967741836e+02 2.254245249413578403e-05 3.320336600242364614e-04
3.183390120967741836e+02 2.243353254564894690e-05 3.311599244599023250e-04
3.184640120967741836e+02 2.232512313073746222e-05 3.302880026002976690e-04
3.185890120967741836e+02 2.221722195490884972e-05 3.294178927548388394e-04
3.187140120967741836e+02 2.210982673336159407e-05 3.285495932247249054e-04
3.188390120967741836e+02 2.200293519094784155e-05 3.276831023029847683e-04
3.189640120967741836e+02 2.189654506213705216e-05 3.268184182745474719e-04
3.190890120967741836e+02 2.179065409097875728e-05 3.259555394162664882e-04
3.192140120967741836e+02 2.168526003106639478e-05 3.250944639970078094e-04
3.193390120967741836e+02 2.158036064550042574e-05 3.242351902776863227e-04
3.194640120967741836e+02 2.147595370685239665e-05 3.233777165113086902e-04
3.195890120967741836e+02 2.137203699712817806e-05 3.225220409430547188e-04
3.197140120967741836e+02 2.126860830773222327e-05 3.216681618103056032e-04
3.198390120967741836e+02 2.116566543943135254e-05 3.208160773427120682e-04
3.199640120967741836e+02 2.106320620231876437e-05 3.199657857622407726e-04
3.200890120967741836e+02 2.096122841577842286e-05 3.191172852832300372e-04
3.202140120967741836e+02 2.085972990844905538e-05 3.182705741124380915e-04
3.203390120967741836e+02 2.075870851818900414e-05 3.174256504491095900e-04
3.204640120967741836e+02 2.065816209204023404e-05 3.165825124850087883e-04
3.205890120967741836e+02 2.055808848619345184e-05 3.157411584044839451e-04
3.207140120967741836e+02 2.045848556595242579e-05 3.149015863845255436e-04
3.208390120967741836e+02 2.035935120569930804e-05 3.140637945947946435e-04
3.209640120967741836e+02 2.026068328885911692e-05 3.132277811977071777e-04
3.210890120967741836e+02 2.016247970786524569e-05 3.123935443484591600e-04
3.212140120967741836e+02 2.006473836412435817e-05 3.115610821950935802e-04
3.213390120967741836e+02 1.996745716798194496e-05 3.107303928785466458e-04
3.214640120967741836e+02 1.987063403868744260e-05 3.099014745326964079e-04
3.215890120967741836e+02 1.977426690436012192e-05 3.090743252844267296e-04
3.217140120967741836e+02 1.967835370195439014e-05 3.082489432536622510e-04
3.218390120967741836e+02 1.958289237722584178e-05 3.074253265534281836e-04
3.219640120967741836e+02 1.948788088469677091e-05 3.066034732899009961e-04
3.220890120967741836e+02 1.939331718762256422e-05 3.057833815624643597e-04
3.222140120967741836e+02 1.929919925795748432e-05 3.049650494637406984e-04
3.223390120967741836e+02 1.920552507632082567e-05 3.041484750796689799e-04
3.224640120967741836e+02 1.911229263196349067e-05 3.033336564895330141e-04
3.225890120967741836e+02 1.901949992273411848e-05 3.025205917660211919e-04
3.227140120967741836e+02 1.892714495504583733e-05 3.017092789752827018e-04
3.228390120967741836e+02 1.883522574384257966e-05 3.008997161769559896e-04
3.229640120967741836e+02 1.874374031256628167e-05 3.000919014242474717e-04
3.230890120967741836e+02 1.865268669312320185e-05 2.992858327639584233e-04
3.232140120967741836e+02 1.856206292585132380e-05 2.984815082365460193e-04
3.233390120967741836e+02 1.847186705948704072e-05 2.976789258761670270e-04
3.234640120967741836e+02 1.838209715113272422e-05 2.968780837107376004e-04
3.235890120967741836e+02 1.829275126622355448e-05 2.960789797619610354e-04
3.237140120967741836e+02 1.820382747849532288e-05 2.952816120454016045e-04
3.238390120967741836e+02 1.811532386995157724e-05 2.944859785705237500e-04
3.239640120967741836e+02 1.802723853083152946e-05 2.936920773407268874e-04
3.240890120967741836e+02 1.793956955957740071e-05 2.928999063534203236e-04
3.242140120967741836e+02 1.785231506280259331e-05 2.921094636000493320e-04
3.243390120967741836e+02 1.776547315525945945e-05 2.913207470661546210e-04
3.244640120967741836e+02 1.767904195980716131e-05 2.905337547314178702e-04
3.245890120967741836e+02 1.759301960738009378e-05 2.897484845697095987e-04
3.247140120967741836e+02 1.750740423695588683e-05 2.889649345491356221e-04
3.248390120967741836e+02 1.742219399552392986e-05 2.881831026320922392e-04
3.249640120967741836e+02 1.733738703805357738e-05 2.874029867753013058e-04
3.250890120967741836e+02 1.725298152746300201e-05 2.866245849298648240e-04
3.252140120967741836e+02 1.716897563458755942e-05 2.858478950413196403e-04
3.253390120967741836e+02 1.708536753814880391e-05 2.850729150496635208e-04
3.254640120967741836e+02 1.700215542472307021e-05 2.842996428894287143e-04
3.255890120967741836e+02 1.691933748871081097e-05 2.835280764897071598e-04
3.257140120967741836e+02 1.683691193230523275e-05 2.827582137742079495e-04
3.258390120967741836e+02 1.675487696546189094e-05 2.819900526613006967e-04
3.259640120967741836e+02 1.667323080586760031e-05 2.812235910640626443e-04
3.260890120967741836e+02 1.659197167891018231e-05 2.804588268903291889e-04
3.262140120967741836e+02 1.651109781764758570e-05 2.796957580427299845e-04
3.263390120967741836e+02 1.643060746277775585e-05 2.789343824187438033e-04
3.264640120967741836e+02 1.635049886260822968e-05 2.781746979107390305e-04
3.265890120967741836e+02 1.627077027302582538e-05 2.774167024060278743e-04
3.267140120967741836e+02 1.619141995746677611e-05 2.766603937868958567e-04
3.268390120967741836e+02 1.611244618688641969e-05 2.759057699306671904e-04
3.269640120967741836e+02 1.603384723972965076e-05 2.751528287097334559e-04
3.270890120967741836e+02 1.595562140190074266e-05 2.744015679916053728e-04
3.272140120967741836e+02 1.587776696673403671e-05 2.736519856389650032e-04
3.273390120967741836e+02 1.580028223496395047e-05 2.729040795096899304e-04
3.274640120967741836e+02 1.572316551469591097e-05 2.721578474569245443e-04
3.275890120967741836e+02 1.564641512137650861e-05 2.714132873291035149e-04
3.277140120967741836e+02 1.557002937776460664e-05 2.706703969700051350e-04
3.278390120967741836e+02 1.549400661390184060e-05 2.699291742187935497e-04
3.279640120967741836e+02 1.541834516708375831e-05 2.691896169100671120e-04
3.280890120967741836e+02 1.534304338183059714e-05 2.684517228738957334e-04
3.282140120967741836e+02 1.526809960985862390e-05 2.677154899358657157e-04
3.283390120967741836e+02 1.519351221005114080e-05 2.669809159171338529e-04
3.284640120967741836e+02 1.511927954842990665e-05 2.662479986344478680e-04
3.285890120967741836e+02 1.504539999812653081e-05 2.655167359002204644e-04
3.287140120967741836e+02 1.497187193935387229e-05 2.647871255225418483e-04
3.288390120967741836e+02 1.489869375937780474e-05 2.640591653052481958e-04
3.289640120967741836e+02 1.482586385248869519e-05 2.633328530479485960e-04
3.290890120967741836e+02 1.475338061997345363e-05 2.626081865460711288e-04
3.292140120967741836e+02 1.468124247008719298e-05 2.618851635909125218e-04
3.293390120967741836e+02 1.460944781802542102e-05 2.611637819696715980e-04
3.294640120967741836e+02 1.453799508589588837e-05 2.604440394654949204e-04
3.295890120967741836e+02 1.446688270269108367e-05 2.597259338575188051e-04
3.297140120967741836e+02 1.439610910426016627e-05 2.590094629209180018e-04
3.298390120967741836e+02 1.432567273328166471e-05 2.582946244269290043e-04
3.299640120967741836e+02 1.425557203923565837e-05 2.575814161429166205e-04
3.300890120967741836e+02 1.418580547837666576e-05 2.568698358323963610e-04
3.302140120967741836e+02 1.411637151370595491e-05 2.561598812550822525e-04
3.303390120967741836e+02 1.404726861494461795e-05 2.554515501669345429e-04
3.304640120967741836e+02 1.397849525850620683e-05 2.547448403201834450e-04
3.305890120967741836e+02 1.391004992746984512e-05 2.540397494633922374e-04
3.307140120967741836e+02 1.384193111155310094e-05 2.533362753414822549e-04
3.308390120967741836e+02 1.377413730708529525e-05 2.526344156957777750e-04
3.309640120967741836e+02 1.370666701698070511e-05 2.519341682640473799e-04
3.310890120967741836e+02 1.363951875071172627e-05 2.512355307805493303e-04
3.312140120967741836e+02 1.357269102428254576e-05 2.505385009760567735e-04
3.313390120967741836e+02 1.350618236020244503e-05 2.498430765779155851e-04
3.314640120967741836e+02 1.343999128745959279e-05 2.491492553100781962e-04
3.315890120967741836e+02 1.337411634149453455e-05 2.484570348931316747e-04
3.317140120967741836e+02 1.330855606417423279e-05 2.477664130443587654e-04
3.318390120967741836e+02 1.324330900376573775e-05 2.470773874777542614e-04
3.319640120967741836e+02 1.317837371491035294e-05 2.463899559040869124e-04
3.320890120967741836e+02 1.311374875859751606e-05 2.457041160309223556e-04
3.322140120967741836e+02 1.304943270213915585e-05 2.450198655626677842e-04
3.323390120967741836e+02 1.298542411914380178e-05 2.443372022006095158e-04
3.324640120967741836e+02 1.292172158949106624e-05 2.436561236429582846e-04
3.325890120967741836e+02 1.285832369930589481e-05 2.429766275848767526e-04
3.327140120967741836e+02 1.279522904093335175e-05 2.422987117185238545e-04
3.328390120967741836e+02 1.273243621291298031e-05 2.416223737331001163e-04
3.329640120967741836e+02 1.266994381995372209e-05 2.409476113148671986e-04
3.330890120967741836e+02 1.260775047290862466e-05 2.402744221472096148e-04
3.332140120967741836e+02 1.254585478874970497e-05 2.396028039106483376e-04
3.333390120967741836e+02 1.248425539054305507e-05 2.389327542829007285e-04
3.334640120967741836e+02 1.242295090742371405e-05 2.382642709389032245e-04
3.335890120967741836e+02 1.236193997457110913e-05 2.375973515508525923e-04
3.337140120967741836e+02 1.230122123318400214e-05 2.369319937882486185e-04
3.338390120967741836e+02 1.224079333045609836e-05 2.362681953179229224e-04
3.339640120967741836e+02 1.218065491955123693e-05 2.356059538040811857e-04
3.340890120967741836e+02 1.212080465957918093e-05 2.349452669083364643e-04
3.342140120967741836e+02 1.206124121557089929e-05 2.342861322897560805e-04
3.343390120967741836e+02 1.200196325845457881e-05 2.336285476048778858e-04
3.344640120967741836e+02 1.194296946503115507e-05 2.329725105077715727e-04
3.345890120967741836e+02 1.188425851795036848e-05 2.323180186500510612e-04
3.347140120967741836e+02 1.182582910568655784e-05 2.316650696809299565e-04
3.348390120967741836e+02 1.176767992251486031e-05 2.310136612472511741e-04
3.349640120967741836e+02 1.170980966848720321e-05 2.303637909935111181e-04
3.350890120967741836e+02 1.165221704940863105e-05 2.297154565619156799e-04
3.352140120967741836e+02 1.159490077681356668e-05 2.290686555924007840e-04
3.353390120967741836e+02 1.153785956794214339e-05 2.284233857226726928e-04
3.354640120967741836e+02 1.148109214571681164e-05 2.277796445882433794e-04
3.355890120967741836e+02 1.142459723871873392e-05 2.271374298224702361e-04
3.357140120967741836e+02 1.136837358116460990e-05 2.264967390565763216e-04
3.358390120967741836e+02 1.131241991288324924e-05 2.258575699197052495e-04
3.359640120967741836e+02 1.125673497929253562e-05 2.252199200389402693e-04
3.360890120967741836e+02 1.120131753137614359e-05 2.245837870393440575e-04
3.362140120967741836e+02 1.114616632566076853e-05 2.239491685439995374e-04
3.363390120967741836e+02 1.109128012419292987e-05 2.233160621740278766e-04
3.364640120967741836e+02 1.103665769451637393e-05 2.226844655486427248e-04
3.365890120967741836e+02 1.098229780964907867e-05 2.220543762851682926e-04
3.367140120967741836e+02 1.092819924806082423e-05 2.214257919990805779e-04
3.368390120967741836e+02 1.087436079365034172e-05 2.207987103040389711e-04
3.369640120967741836e+02 1.082078123572302100e-05 2.201731288119235241e-04
3.370890120967741836e+02 1.076745936896832534e-05 2.195490451328618658e-04
3.372140120967741836e+02 1.071439399343753824e-05 2.189264568752653599e-04
3.373390120967741836e+02 1.066158391452149320e-05 2.183053616458686518e-04
3.374640120967741836e+02 1.060902794292827814e-05 2.176857570497465544e-04
3.375890120967741836e+02 1.055672489466134465e-05 2.170676406903689635e-04
3.377140120967741836e+02 1.050467359099725647e-05 2.164510101696100728e-04
3.378390120967741836e+02 1.045287285846395459e-05 2.158358630878021785e-04
3.379640120967741836e+02 1.040132152881874120e-05 2.152221970437531067e-04
3.380890120967741836e+02 1.035001843902665833e-05 2.146100096347832668e-04
3.382140120967741836e+02 1.029896243123861741e-05 2.139992984567635440e-04
3.383390120967741836e+02 1.024815235276996601e-05 2.133900611041371733e-04
3.384640120967741836e+02 1.019758705607881562e-05 2.127822951699583098e-04
3.385890120967741836e+02 1.014726539874469133e-05 2.121759982459202722e-04
3.387140120967741836e+02 1.009718624344704603e-05 2.115711679223941947e-04
3.388390120967741836e+02 1.004734845794409810e-05 2.109678017884460220e-04
3.389640120967741836e+02 9.997750915051499760e-06 2.103658974318874119e-04
3.390890120967741836e+02 9.948392492621308607e-06 2.097654524392857111e-04
3.392140120967741836e+02 9.899272073520793176e-06 2.091664643960140443e-04
3.393390120967741836e+02 9.850388545611626410e-06 2.085689308862725109e-04
3.394640120967741836e+02 9.801740801728872475e-06 2.079728494931131215e-04
3.395890120967741836e+02 9.753327739660142966e-06 2.073782177984872046e-04
3.397140120967741836e+02 9.705148262124964884e-06 2.067850333832599893e-04
3.398390120967741836e+02 9.657201276754007999e-06 2.061932938272490129e-04
3.399640120967741836e+02 9.609485696068600200e-06 2.056029967092505486e-04
3.400890120967741836e+02 9.562000437460070065e-06 2.050141396070766849e-04
3.402140120967741836e+02 9.514744423169519704e-06 2.044267200975718871e-04
3.403390120967741836e+02 9.467716580267231702e-06 2.038407357566595366e-04
3.404640120967741836e+02 9.420915840632614763e-06 2.032561841593568655e-04
3.405890120967741836e+02 9.374341140933793604e-06 2.026730628798121723e-04
3.407140120967741836e+02 9.327991422607695212e-06 2.020913694913368868e-04
3.408390120967741836e+02 9.281865631839777652e-06 2.015111015664214269e-04
3.409640120967741836e+02 9.235962719544238292e-06 2.009322566767831469e-04
3.410890120967741836e+02 9.190281641343986559e-06 2.003548323933797011e-04
3.412140120967741836e+02 9.144821357550921622e-06 1.997788262864452552e-04
3.413390120967741836e+02 9.099580833146057613e-06 1.992042359255168061e-04
3.414640120967741836e+02 9.054559037759992739e-06 1.986310588794667348e-04
3.415890120967741836e+02 9.009754945653175110e-06 1.980592927165249781e-04
3.417140120967741836e+02 8.965167535696487048e-06 1.974889350043113653e-04
3.418390120967741836e+02 8.920795791351724370e-06 1.969199833098626417e-04
3.419640120967741836e+02 8.876638700652207797e-06 1.963524351996601429e-04
3.420890120967741836e+02 8.832695256183572253e-06 1.957862882396624023e-04
3.422140120967741836e+02 8.788964455064376583e-06 1.952215399953208990e-04
3.423390120967741836e+02 8.745445298927128323e-06 1.946581880316229109e-04
3.424640120967741836e+02 8.702136793899040805e-06 1.940962299131107052e-04
3.425890120967741836e+02 8.659037950583151096e-06 1.935356632039037102e-04
3.427140120967741836e+02 8.616147784039227881e-06 1.929764854677395254e-04
3.428390120967741836e+02 8.573465313765106239e-06 1.924186942679889645e-04
3.429640120967741836e+02 8.530989563677664981e-06 1.918622871676887445e-04
3.430890120967741836e+02 8.488719562094308813e-06 1.913072617295658257e-04
3.432140120967741836e+02 8.446654341714133715e-06 1.907536155160692061e-04
3.433390120967741836e+02 8.404792939599534462e-06 1.902013460893859948e-04
3.434640120967741836e+02 8.363134397157500450e-06 1.896504510114809308e-04
3.435890120967741836e+02 8.321677760121346882e-06 1.891009278441119960e-04
3.437140120967741836e+02 8.280422078532213877e-06 1.885527741488621819e-04
3.438390120967741836e+02 8.239366406720867125e-06 1.880059874871669201e-04
3.439640120967741836e+02 8.198509803289435847e-06 1.874605654203303996e-04
3.440890120967741836e+02 8.157851331093184656e-06 1.869165055095655195e-04
3.442140120967741836e+02 8.117390057222592024e-06 1.863738053160082005e-04
3.443390120967741836e+02 8.077125052985134002e-06 1.858324624007480139e-04
3.444640120967741836e+02 8.037055393887516849e-06 1.852924743248514643e-04
3.445890120967741836e+02 7.997180159617636925e-06 1.847538386493915346e-04
3.447140120967741836e+02 7.957498434026933612e-06 1.842165529354660358e-04
3.448390120967741836e+02 7.918009305112483031e-06 1.836806147442282089e-04
3.449640120967741836e+02 7.878711864999472935e-06 1.831460216369083273e-04
3.450890120967741836e+02 7.839605209923477695e-06 1.826127711748404769e-04
3.452140120967741836e+02 7.800688440213029751e-06 1.820808609194897692e-04
3.453390120967741836e+02 7.761960660272025042e-06 1.815502884324659758e-04
3.454640120967741836e+02 7.723420978562474032e-06 1.810210512755633177e-04
3.455890120967741836e+02 7.685068507587017249e-06 1.804931470107727989e-04
3.457140120967741836e+02 7.646902363871798284e-06 1.799665732003105580e-04
3.458390120967741836e+02 7.608921667949114859e-06 1.794413274066447290e-04
3.459640120967741836e+02 7.571125544340444289e-06 1.789174071925135482e-04
3.460890120967741836e+02 7.533513121539280054e-06 1.783948101209528378e-04
3.462140120967741836e+02 7.496083531994116596e-06 1.778735337553188564e-04
3.463390120967741836e+02 7.458835912091600994e-06 1.773535756593119610e-04
3.464640120967741836e+02 7.421769402139587218e-06 1.768349333969987793e-04
3.465890120967741836e+02 7.384883146350400451e-06 1.763176045328405342e-04
3.467140120967741836e+02 7.348176292824003162e-06 1.758015866317047809e-04
3.468390120967741836e+02 7.311647993531477957e-06 1.752868772589023501e-04
3.469640120967741836e+02 7.275297404298237697e-06 1.747734739802031241e-04
3.470890120967741836e+02 7.239123684787662513e-06 1.742613743618543322e-04
3.472140120967741836e+02 7.203125998484458147e-06 1.737505759706142424e-04
3.473390120967741836e+02 7.167303512678415797e-06 1.732410763737654428e-04
3.474640120967741836e+02 7.131655398447890732e-06 1.727328731391410252e-04
3.475890120967741836e+02 7.096180830643668859e-06 1.722259638351469739e-04
3.477140120967741836e+02 7.060878987872634232e-06 1.717203460307830634e-04
3.478390120967741836e+02 7.025749052481711851e-06 1.712160172956652207e-04
3.479640120967741836e+02 6.990790210541662224e-06 1.707129752000506508e-04
3.480890120967741836e+02 6.956001651831160540e-06 1.702112173148532875e-04
3.482140120967741836e+02 6.921382569820795365e-06 1.697107412116700032e-04
3.483390120967741836e+02 6.886932161657100379e-06 1.692115444628040553e-04
3.484640120967741836e+02 6.852649628146823284e-06 1.687136246412779066e-04
3.485890120967741836e+02 6.818534173741044775e-06 1.682169793208662667e-04
3.487140120967741836e+02 6.784585006519564341e-06 1.677216060761080991e-04
3.488390120967741836e+02 6.750801338175125970e-06 1.672275024823313683e-04
3.489640120967741836e+02 6.717182383997951324e-06 1.667346661156741277e-04
3.490890120967741836e+02 6.683727362860100973e-06 1.662430945531037370e-04
3.492140120967741836e+02 6.650435497200096509e-06 1.657527853724415545e-04
3.493390120967741836e+02 6.617306013007411376e-06 1.652637361523781980e-04
3.494640120967741836e+02 6.584338139807248838e-06 1.647759444724967732e-04
3.495890120967741836e+02 6.551531110645120051e-06 1.642894079132934467e-04
3.497140120967741836e+02 6.518884162071735539e-06 1.638041240561999160e-04
3.498390120967741836e+02 6.486396534127734879e-06 1.633200904835953088e-04
3.499640120967741836e+02 6.454067470328700998e-06 1.628373047788379227e-04
3.500890120967741836e+02 6.421896217649973717e-06 1.623557645262759593e-04
3.502140120967741836e+02 6.389882026511797879e-06 1.618754673112703460e-04
3.503390120967741836e+02 6.358024150764286813e-06 1.613964107202171523e-04
3.504640120967741836e+02 6.326321847672638230e-06 1.609185923405625248e-04
3.505890120967741836e+02 6.294774377902292504e-06 1.604420097608248318e-04
3.507140120967741836e+02 6.263381005504133317e-06 1.599666605706133384e-04
3.508390120967741836e+02 6.232140997899922078e-06 1.594925423606484275e-04
3.509640120967741836e+02 6.201053625867515505e-06 1.590196527227785402e-04
3.510890120967741836e+02 6.170118163526423715e-06 1.585479892500040551e-04
3.512140120967741836e+02 6.139333888323185348e-06 1.580775495364866669e-04
3.513390120967741836e+02 6.108700081017023916e-06 1.576083311775794188e-04
3.514640120967741836e+02 6.078216025665317799e-06 1.571403317698403634e-04
3.515890120967741836e+02 6.047881009609383643e-06 1.566735489110462236e-04
3.517140120967741836e+02 6.017694323460088656e-06 1.562079802002205278e-04
3.518390120967741836e+02 5.987655261083709399e-06 1.557436232376449396e-04
3.519640120967741836e+02 5.957763119587671980e-06 1.552804756248796680e-04
3.520890120967741836e+02 5.928017199306525193e-06 1.548185349647816279e-04
3.522140120967741836e+02 5.898416803787816241e-06 1.543577988615228713e-04
3.523390120967741836e+02 5.868961239778140952e-06 1.538982649206069591e-04
3.524640120967741836e+02 5.839649817209129617e-06 1.534399307488902922e-04
3.525890120967741836e+02 5.810481849183648824e-06 1.529827939545945806e-04
3.527140120967741836e+02 5.781456651961908427e-06 1.525268521473277408e-04
3.528390120967741836e+02 5.752573544947665913e-06 1.520721029381037369e-04
3.529640120967741836e+02 5.723831850674572238e-06 1.516185439393514438e-04
3.530890120967741836e+02 5.695230894792435491e-06 1.511661727649434061e-04
3.532140120967741836e+02 5.666770006053675990e-06 1.507149870302035895e-04
3.533390120967741836e+02 5.638448516299679732e-06 1.502649843519290114e-04
3.534640120967741836e+02 5.610265760447411043e-06 1.498161623484050545e-04
3.535890120967741836e+02 5.582221076475845646e-06 1.493685186394233023e-04
3.537140120967741836e+02 5.554313805412677326e-06 1.489220508462988865e-04
3.538390120967741836e+02 5.526543291320883994e-06 1.484767565918845812e-04
3.539640120967741836e+02 5.498908881285554621e-06 1.480326335005890449e-04
3.540890120967741836e+02 5.471409925400528994e-06 1.475896791983926769e-04
3.542140120967741836e+02 5.444045776755331385e-06 1.471478913128669705e-04
3.543390120967741836e+02 5.416815791421961070e-06 1.467072674731829420e-04
3.544640120967741836e+02 5.389719328441892914e-06 1.462678053101377487e-04
3.545890120967741836e+02 5.362755749812972929e-06 1.458295024561616544e-04
3.547140120967741836e+02 5.335924420476537439e-06 1.453923565453376266e-04
3.548390120967741836e+02 5.309224708304462793e-06 1.449563652134209331e-04
3.549640120967741836e+02 5.282655984086260823e-06 1.445215260978447260e-04
3.550890120967741836e+02 5.256217621516353017e-06 1.440878368377470926e-04
3.552140120967741836e+02 5.229908997181237971e-06 1.436552950739790238e-04
3.553390120967741836e+02 5.203729490546846880e-06 1.432238984491217347e-04
3.554640120967741836e+02 5.177678483945822799e-06 1.427936446075023854e-04
3.555890120967741836e+02 5.151755362564994719e-06 1.423645311952118618e-04
3.557140120967741836e+02 5.125959514432751694e-06 1.419365558601117688e-04
3.558390120967741836e+02 5.100290330406610938e-06 1.415097162518594211e-04
3.559640120967741836e+02 5.074747204160691056e-06 1.410840100219179266e-04
3.560890120967741836e+02 5.049329532173414816e-06 1.406594348235665399e-04
3.562140120967741836e+02 5.024036713715042525e-06 1.402359883119261145e-04
3.563390120967741836e+02 4.998868150835492534e-06 1.398136681439632225e-04
3.564640120967741836e+02 4.973823248351980493e-06 1.393924719785103480e-04
3.565890120967741836e+02 4.948901413836937269e-06 1.389723974762788162e-04
3.567140120967741836e+02 4.924102057605748146e-06 1.385534422998721559e-04
3.568390120967741836e+02 4.899424592704744437e-06 1.381356041138036641e-04
3.569640120967741836e+02 4.874868434899116328e-06 1.377188805845057297e-04
3.570890120967741836e+02 4.850433002660897709e-06 1.373032693803470454e-04
3.572140120967741836e+02 4.826117717157064522e-06 1.368887681716449947e-04
3.573390120967741836e+02 4.801922002237567871e-06 1.364753746306825112e-04
3.574640120967741836e+02 4.777845284423565354e-06 1.360630864317148277e-04
3.575890120967741836e+02 4.753886992895525327e-06 1.356519012509926783e-04
3.577140120967741836e+02 4.730046559481557334e-06 1.352418167667678549e-04
3.578390120967741836e+02 4.706323418645627335e-06 1.348328306593091989e-04
3.579640120967741836e+02 4.682717007475983006e-06 1.344249406109194610e-04
3.580890120967741836e+02 4.659226765673448583e-06 1.340181443059401526e-04
3.582140120967741836e+02 4.635852135539949265e-06 1.336124394307750191e-04
3.583390120967741836e+02 4.612592561966928884e-06 1.332078236738951896e-04
3.584640120967741836e+02 4.589447492423937833e-06 1.328042947258553045e-04
3.585890120967741836e+02 4.566416376947147291e-06 1.324018502793053605e-04
3.587140120967741836e+02 4.543498668128047274e-06 1.320004880290067838e-04
3.588390120967741836e+02 4.520693821102057419e-06 1.316002056718375800e-04
3.589640120967741836e+02 4.498001293537300417e-06 1.312010009068141267e-04
3.590890120967741836e+02 4.475420545623302589e-06 1.308028714350984649e-04
3.592140120967741836e+02 4.452951040059885899e-06 1.304058149600083273e-04
3.593390120967741836e+02 4.430592242045973564e-06 1.300098291870370069e-04
3.594640120967741836e+02 4.408343619268483761e-06 1.296149118238566094e-04
3.595890120967741836e+02 4.386204641891327512e-06 1.292210605803388970e-04
3.597140120967741836e+02 4.364174782544404034e-06 1.288282731685606549e-04
3.598390120967741836e+02 4.342253516312550351e-06 1.284365473028185455e-04
3.599640120967741836e+02 4.320440320724758556e-06 1.280458806996400583e-04
3.600890120967741836e+02 4.298734675743238084e-06 1.276562710777977673e-04
3.602140120967741836e+02 4.277136063752608410e-06 1.272677161583162702e-04
3.603390120967741836e+02 4.255643969549070586e-06 1.268802136644879629e-04
3.604640120967741836e+02 4.234257880329770200e-06 1.264937613218841260e-04
3.605890120967741836e+02 4.212977285682047679e-06 1.261083568583615928e-04
3.607140120967741836e+02 4.191801677572819884e-06 1.257239980040822640e-04
3.608390120967741836e+02 4.170730550337907497e-06 1.253406824915153858e-04
3.609640120967741836e+02 4.149763400671605504e-06 1.249584080554567934e-04
3.610890120967741836e+02 4.128899727616074951e-06 1.245771724330342785e-04
3.612140120967741836e+02 4.108139032550907503e-06 1.241969733637203824e-04
3.613390120967741836e+02 4.087480819182714559e-06 1.238178085893452713e-04
3.614640120967741836e+02 4.066924593534680795e-06 1.234396758541040002e-04
3.615890120967741836e+02 4.046469863936325230e-06 1.230625729045690627e-04
3.617140120967741836e+02 4.026116141013133544e-06 1.226864974897014498e-04
3.618390120967741836e+02 4.005862937676355562e-06 1.223114473608617086e-04
3.619640120967741836e+02 3.985709769112712116e-06 1.219374202718160547e-04
3.620890120967741836e+02 3.965656152774338217e-06 1.215644139787542074e-04
3.622140120967741836e+02 3.945701608368586477e-06 1.211924262402912868e-04
3.623390120967741836e+02 3.925845657847993999e-06 1.208214548174852288e-04
3.624640120967741836e+02 3.906087825400151868e-06 1.204514974738443885e-04
3.625890120967741836e+02 3.886427637437824506e-06 1.200825519753333264e-04
3.627140120967741836e+02 3.866864622588929278e-06 1.197146160903906308e-04
3.628390120967741836e+02 3.847398311686638909e-06 1.193476875899325356e-04
3.629640120967741836e+02 3.828028237759461881e-06 1.189817642473649690e-04
3.630890120967741836e+02 3.808753936021497319e-06 1.186168438385935549e-04
3.632140120967741836e+02 3.789574943862585269e-06 1.182529241420341977e-04
3.633390120967741836e+02 3.770490800838571749e-06 1.178900029386178392e-04
3.634640120967741836e+02 3.751501048661617421e-06 1.175280780118065046e-04
3.635890120967741836e+02 3.732605231190461792e-06 1.171671471475997265e-04
3.637140120967741836e+02 3.713802894420906803e-06 1.168072081345402914e-04
3.638390120967741836e+02 3.695093586476147945e-06 1.164482587637311663e-04
3.639640120967741836e+02 3.676476857597265044e-06 1.160902968288361092e-04
3.640890120967741836e+02 3.657952260133671541e-06 1.157333201260967175e-04
3.642140120967741836e+02 3.639519348533713275e-06 1.153773264543357083e-04
3.643390120967741836e+02 3.621177679335201194e-06 1.150223136149675703e-04
3.644640120967741836e+02 3.602926811156044018e-06 1.146682794120082270e-04
3.645890120967741836e+02 3.584766304684856337e-06 1.143152216520840626e-04
3.647140120967741836e+02 3.566695722671717484e-06 1.139631381444379256e-04
3.648390120967741836e+02 3.548714629918863486e-06 1.136120267009400116e-04
3.649640120967741836e+02 3.530822593271484056e-06 1.132618851360977027e-04
3.650890120967741836e+02 3.513019181608462400e-06 1.129127112670585622e-04
3.652140120967741836e+02 3.495303965833322979e-06 1.125645029136265301e-04
3.653390120967741836e+02 3.477676518865055179e-06 1.122172578982617738e-04
3.654640120967741836e+02 3.460136415629075043e-06 1.118709740460967483e-04
3.655890120967741836e+02 3.442683233048118819e-06 1.115256491849388925e-04
3.657140120967741836e+02 3.425316550033338530e-06 1.111812811452802521e-04
3.658390120967741836e+02 3.408035947475291235e-06 1.108378677603074405e-04
3.659640120967741836e+02 3.390841008235019348e-06 1.104954068659062463e-04
3.660890120967741836e+02 3.373731317135188558e-06 1.101538963006714461e-04
3.662140120967741836e+02 3.356706460951179581e-06 1.098133339059139324e-04
3.663390120967741836e+02 3.339766028402374312e-06 1.094737175256706206e-04
3.664640120967741836e+02 3.322909610143312372e-06 1.091350450067065639e-04
3.665890120967741836e+02 3.306136798754994204e-06 1.087973141985299006e-04
3.667140120967741836e+02 3.289447188736133757e-06 1.084605229533918417e-04
3.668390120967741836e+02 3.272840376494563226e-06 1.081246691263002766e-04
3.669640120967741836e+02 3.256315960338573403e-06 1.077897505750246800e-04
3.670890120967741836e+02 3.239873540468338747e-06 1.074557651601005972e-04
3.672140120967741836e+02 3.223512718967325923e-06 1.071227107448423837e-04
3.673390120967741836e+02 3.207233099793850156e-06 1.068081299072953002e-04
3.674640120967741836e+02 3.191034288772542644e-06 1.065537692828959649e-04
3.675890120967741836e+02 3.174915893585950534e-06 1.063000011894649308e-04
3.677140120967741836e+02 3.158877523766056851e-06 1.060468243009226116e-04
3.678390120967741836e+02 3.142918790686004983e-06 1.057942372939042768e-04
3.679640120967741836e+02 3.127039307551701201e-06 1.055422388477546578e-04
3.680890120967741836e+02 3.111238689393542109e-06 1.052908276445248579e-04
3.682140120967741836e+02 3.095516553058147181e-06 1.050400023689671480e-04
3.683390120967741836e+02 3.079872517200087057e-06 1.047897617085313755e-04
3.684640120967741836e+02 3.064306202273773630e-06 1.045401043533601666e-04
3.685890120967741836e+02 3.048817230525238318e-06 1.042910289962846297e-04
3.687140120967741836e+02 3.033405225984040360e-06 1.040425343328206292e-04
3.688390120967741836e+02 3.018069814455125559e-06 1.037946190611636893e-04
3.689640120967741836e+02 3.002810623510854851e-06 1.035472818821856058e-04
3.690890120967741836e+02 2.987627282482919383e-06 1.033005214994293100e-04
3.692140120967741836e+02 2.972519422454392796e-06 1.030543366191048976e-04
3.693390120967741836e+02 2.957486676251724647e-06 1.028087259500853190e-04
3.694640120967741836e+02 2.942528678436901124e-06 1.025636882039023001e-04
3.695890120967741836e+02 2.927645065299505800e-06 1.023192220947418020e-04
3.697140120967741836e+02 2.912835474848899406e-06 1.020753263394397930e-04
3.698390120967741836e+02 2.898099546806357669e-06 1.018319996574780062e-04
3.699640120967741836e+02 2.883436922597353570e-06 1.015892407709791421e-04
3.700890120967741836e+02 2.868847245343765491e-06 1.013470484047040906e-04
3.702140120967741836e+02 2.854330159856168791e-06 1.011054212860455878e-04
3.703390120967741836e+02 2.839885312626176507e-06 1.008643581450253436e-04
3.704640120967741836e+02 2.825512351818726276e-06 1.006238577142894196e-04
3.705890120967741836e+02 2.811210927264542166e-06 1.003839187291036760e-04
3.707140120967741836e+02 2.796980690452507140e-06 1.001445399273496377e-04
3.708390120967741836e+02 2.782821294522128700e-06 9.990572004952060490e-05
3.709640120967741836e+02 2.768732394255972344e-06 9.966745783871635406e-05
3.710890120967741836e+02 2.754713646072249177e-06 9.942975204064064421e-05
3.712140120967741836e+02 2.740764708017316706e-06 9.919260140359479304e-05
3.713390120967741836e+02 2.726885239758269422e-06 9.895600467847473600e-05
3.714640120967741836e+02 2.713074902575512435e-06 9.871996061876660820e-05
3.715890120967741836e+02 2.699333359355468097e-06 9.848446798054204167e-05
3.717140120967741836e+02 2.685660274583201736e-06 9.824952552245416737e-05
3.718390120967741836e+02 2.672055314335149452e-06 9.801513200573367139e-05
3.719640120967741836e+02 2.658518146271810342e-06 9.778128619418375341e-05
3.720890120967741836e+02 2.645048439630586105e-06 9.754798685417614230e-05
3.722140120967741836e+02 2.631645865218521549e-06 9.731523275464785700e-05
3.723390120967741836e+02 2.618310095405158595e-06 9.708302266709501306e-05
3.724640120967741836e+02 2.605040804115404259e-06 9.685135536557011213e-05
3.725890120967741836e+02 2.591837666822375769e-06 9.662022962667712238e-05
3.727140120967741836e+02 2.578700360540388821e-06 9.638964422956727721e-05
3.728390120967741836e+02 2.565628563817867916e-06 9.615959795593505017e-05
3.729640120967741836e+02 2.552621956730357916e-06 9.593008959001354710e-05
3.730890120967741836e+02 2.539680220873481384e-06 9.570111791857019640e-05
3.732140120967741836e+02 2.526803039356056871e-06 9.547268173090359134e-05
3.733390120967741836e+02 2.513990096793129946e-06 9.524477981883749977e-05
3.734640120967741836e+02 2.501241079299093176e-06 9.501741097671770645e-05
3.735890120967741836e+02 2.488555674480783651e-06 9.479057400140774399e-05
3.737140120967741836e+02 2.475933571430704183e-06 9.456426769228408165e-05
3.738390120967741836e+02 2.463374460720183510e-06 9.433849085123257466e-05
3.739640120967741836e+02 2.450878034392611473e-06 9.411324228264363945e-05
3.740890120967741836e+02 2.438443985956650888e-06 9.388852079340820149e-05
3.742140120967741836e+02 2.426072010379592155e-06 9.366432519291367016e-05
3.743390120967741836e+02 2.413761804080606635e-06 9.344065429303972394e-05
3.744640120967741836e+02 2.401513064924108458e-06 9.321750690815329594e-05
3.745890120967741836e+02 2.389325492213127757e-06 9.299488185510547042e-05
3.747140120967741836e+02 2.377198786682674590e-06 9.277277795322629212e-05
3.748390120967741836e+02 2.365132650493219325e-06 9.255119402432108002e-05
3.749640120967741836e+02 2.353126787224108659e-06 9.233012889266623956e-05
3.750890120967741836e+02 2.341180901867073949e-06 9.210958138500454642e-05
3.752140120967741836e+02 2.329294700819697630e-06 9.188955033054133819e-05
3.753390120967741836e+02 2.317467891879015149e-06 9.167003456094050288e-05
3.754640120967741836e+02 2.305700184235044058e-06 9.145103291031943737e-05
3.755890120967741836e+02 2.293991288464403313e-06 9.123254421524564569e-05
3.757140120967741836e+02 2.282340916523892342e-06 9.101456731473218540e-05
3.758390120967741836e+02 2.270748781744203941e-06 9.079710105023324949e-05
3.759640120967741836e+02 2.259214598823567721e-06 9.058014426564054778e-05
3.760890120967741836e+02 2.247738083821476127e-06 9.036369580727842809e-05
3.762140120967741836e+02 2.236318954152379130e-06 9.014775452390012215e-05
3.763390120967741836e+02 2.224956928579502580e-06 8.993231926668323261e-05
3.764640120967741836e+02 2.213651727208607265e-06 8.971738888922623650e-05
3.765890120967741836e+02 2.202403071481805573e-06 8.950296224754325394e-05
3.767140120967741836e+02 2.191210684171420077e-06 8.928903820006042964e-05
3.768390120967741836e+02 2.180074289373815446e-06 8.907561560761162315e-05
3.769640120967741836e+02 2.168993612503354856e-06 8.886269333343450579e-05
3.770890120967741836e+02 2.157968380286281459e-06 8.865027024316584432e-05
3.772140120967741836e+02 2.146998320754689616e-06 8.843834520483776049e-05
3.773390120967741836e+02 2.136083163240472428e-06 8.822691708887346195e-05
3.774640120967741836e+02 2.125222638369368789e-06 8.801598476808260730e-05
3.775890120967741836e+02 2.114416478054965119e-06 8.780554711765810772e-05
3.777140120967741836e+02 2.103664415492764865e-06 8.759560301517097696e-05
3.778390120967741836e+02 2.092966185154243176e-06 8.738615134056642827e-05
3.779640120967741836e+02 2.082321522780996872e-06 8.717719097616025582e-05
3.780890120967741836e+02 2.071730165378849938e-06 8.696872080663380674e-05
3.782140120967741836e+02 2.061191851212034410e-06 8.676073971903037617e-05
3.783390120967741836e+02 2.050706319797332295e-06 8.655324660275106013e-05
3.784640120967741836e+02 2.040273311898343700e-06 8.634624034955013416e-05
3.785890120967741836e+02 2.029892569519690158e-06 8.613971985353169227e-05
3.787140120967741836e+02 2.019563835901282339e-06 8.593368401114480869e-05
3.788390120967741836e+02 2.009286855512615275e-06 8.572813172117943145e-05
3.789640120967741836e+02 1.999061374047048779e-06 8.552306188476254702e-05
3.790890120967741836e+02 1.988887138416195420e-06 8.531847340535399259e-05
3.792140120967741836e+02 1.978763896744248798e-06 8.511436518874209215e-05
3.793390120967741836e+02 1.968691398362382530e-06 8.491073614303979399e-05
3.794640120967741836e+02 1.958669393803136971e-06 8.470758517868026618e-05
3.795890120967741836e+02 1.948697634794901212e-06 8.450491120841283077e-05
3.797140120967741836e+02 1.938775874256339608e-06 8.430271314729948081e-05
3.798390120967741836e+02 1.928903866290892835e-06 8.410098991270962198e-05
3.799640120967741836e+02 1.919081366181263285e-06 8.389974042431648114e-05
3.800890120967741836e+02 1.909308130383986857e-06 8.369896360409348783e-05
3.802140120967741836e+02 1.899583916523963872e-06 8.349865837630930047e-05
3.803390120967741836e+02 1.889908483389055643e-06 8.329882366752426918e-05
3.804640120967741836e+02 1.880281590924664520e-06 8.309945840658622092e-05
3.805890120967741836e+02 1.870703000228401818e-06 8.290056152462600074e-05
3.807140120967741836e+02 1.861172473544714454e-06 8.270213195505431397e-05
3.808390120967741836e+02 1.851689774259573412e-06 8.250416863355637307e-05
3.809640120967741836e+02 1.842254666895175131e-06 8.230667049808850942e-05
3.810890120967741836e+02 1.832866917104641193e-06 8.210963648887429733e-05
3.812140120967741836e+02 1.823526291666806746e-06 8.191306554839990553e-05
3.813390120967741836e+02 1.814232558480967411e-06 8.171695662141026178e-05
3.814640120967741836e+02 1.804985486561679778e-06 8.152130865490519042e-05
3.815890120967741836e+02 1.795784846033555746e-06 8.132612059813498068e-05
3.817140120967741836e+02 1.786630408126142425e-06 8.113139140259618542e-05
3.818390120967741836e+02 1.777521945168760739e-06 8.093712002202870729e-05
3.819640120967741836e+02 1.768459230585398877e-06 8.074330541240999832e-05
3.820890120967741836e+02 1.759442038889596001e-06 8.054994653195222737e-05
3.822140120967741836e+02 1.750470145679418071e-06 8.035704234109779427e-05
3.823390120967741836e+02 1.741543327632376707e-06 8.016459180251523698e-05
3.824640120967741836e+02 1.732661362500424917e-06 7.997259388109546397e-05
3.825890120967741836e+02 1.723824029104922332e-06 7.978104754394748515e-05
3.827140120967741836e+02 1.715031107331703996e-06 7.958995176039425129e-05
3.828390120967741836e+02 1.706282378126087525e-06 7.939930550196883216e-05
3.829640120967741836e+02 1.697577623487955238e-06 7.920910774241067607e-05
3.830890120967741836e+02 1.688916626466815741e-06 7.901935745766067675e-05
3.832140120967741836e+02 1.680299171156947888e-06 7.883005362585801556e-05
3.833390120967741836e+02 1.671725042692506201e-06 7.864119522733572989e-05
3.834640120967741836e+02 1.663194027242680500e-06 7.845278124461682351e-05
3.835890120967741836e+02 1.654705912006875438e-06 7.826481066241011957e-05
3.837140120967741836e+02 1.646260485209876062e-06 7.807728246760627609e-05
3.838390120967741836e+02 1.637857536097107178e-06 7.789019564927388288e-05
3.839640120967741836e+02 1.629496854929844867e-06 7.770354919865569390e-05
3.840890120967741836e+02 1.621178232980484319e-06 7.751734210916392457e-05
3.842140120967741836e+02 1.612901462527796665e-06 7.733157337637685006e-05
3.843390120967741836e+02 1.604666336852269019e-06 7.714624199803460402e-05
3.844640120967741836e+02 1.596472650231401969e-06 7.696134697403512635e-05
3.845890120967741836e+02 1.588320197935060209e-06 7.677688730643039564e-05
3.847140120967741836e+02 1.580208776220814495e-06 7.659286199942213298e-05
3.848390120967741836e+02 1.572138182329365549e-06 7.640927005935831899e-05
3.849640120967741836e+02 1.564108214479919896e-06 7.622611049472843685e-05
3.850890120967741836e+02 1.556118671865629645e-06 7.604338231616047722e-05
3.852140120967741836e+02 1.548169354649013014e-06 7.586108453641618129e-05
3.853390120967741836e+02 1.540260063957459752e-06 7.567921617038732740e-05
3.854640120967741836e+02 1.532390601878690839e-06 7.549777623509184145e-05
3.855890120967741836e+02 1.524560771456271111e-06 7.531676374966994798e-05
3.857140120967741836e+02 1.516770376685145611e-06 7.513617773537990114e-05
3.858390120967741836e+02 1.509019222507157727e-06 7.495601721559428483e-05
3.859640120967741836e+02 1.501307114806654994e-06 7.477628121579591987e-05
3.860890120967741836e+02 1.493633860406050430e-06 7.459696876357429964e-05
3.862140120967741836e+02 1.485999267061444015e-06 7.441807888862111780e-05
3.863390120967741836e+02 1.478403143458220018e-06 7.423961062272659548e-05
3.864640120967741836e+02 1.470845299206731585e-06 7.406156299977549693e-05
3.865890120967741836e+02 1.463325544837943593e-06 7.388393505574349736e-05
3.867140120967741836e+02 1.455843691799125069e-06 7.370672582869280552e-05
3.868390120967741836e+02 1.448399552449533556e-06 7.352993435876847741e-05
3.869640120967741836e+02 1.440992940056169784e-06 7.335355968819467576e-05
3.870890120967741836e+02 1.433623668789503542e-06 7.317760086127026548e-05
3.872140120967741836e+02 1.426291553719238298e-06 7.300205692436579144e-05
3.873390120967741836e+02 1.418996410810075194e-06 7.282692692591861310e-05
3.874640120967741836e+02 1.411738056917546273e-06 7.265220991642939443e-05
3.875890120967741836e+02 1.404516309783806846e-06 7.247790494845852602e-05
3.877140120967741836e+02 1.397330988033482276e-06 7.230401107662174764e-05
3.878390120967741836e+02 1.390181911169527049e-06 7.213052735758648901e-05
3.879640120967741836e+02 1.383068899569080236e-06 7.195745285006826489e-05
3.880890120967741836e+02 1.375991774479388095e-06 7.178478661482610784e-05
3.882140120967741836e+02 1.368950358013697225e-06 7.161252771465962731e-05
3.883390120967741836e+02 1.361944473147192414e-06 7.144067521440436116e-05
3.884640120967741836e+02 1.354973943712928758e-06 7.126922818092814357e-05
3.885890120967741836e+02 1.348038594397824139e-06 7.109818568312754070e-05
3.887140120967741836e+02 1.341138250738626503e-06 7.092754679192363589e-05
3.888390120967741836e+02 1.334272739117928776e-06 7.075731058025830269e-05
3.889640120967741836e+02 1.327441886760164311e-06 7.058747612309057280e-05
3.890890120967741836e+02 1.320645521727682367e-06 7.041804249739247543e-05
3.892140120967741836e+02 1.313883472916778492e-06 7.024900878214510708e-05
3.893390120967741836e+02 1.307155570053787159e-06 7.008037405833578550e-05
3.894640120967741836e+02 1.300461643691145391e-06 6.991213740895284550e-05
3.895890120967741836e+02 1.293801525203538554e-06 6.974429791898263036e-05
3.897140120967741836e+02 1.287175046784006964e-06 6.957685467540561570e-05
3.898390120967741836e+02 1.280582041440094220e-06 6.940980676719235738e-05
3.899640120967741836e+02 1.274022342990016285e-06 6.924315328529999489e-05
3.900890120967741836e+02 1.267495786058819345e-06 6.907689332266815847e-05
3.902140120967741836e+02 1.261002206074611570e-06 6.891102597421535064e-05
3.903390120967741836e+02 1.254541439264750618e-06 6.874555033683505659e-05
3.904640120967741836e+02 1.248113322652090013e-06 6.858046550939232895e-05
3.905890120967741836e+02 1.241717694051207513e-06 6.841577059271926125e-05
3.907140120967741836e+02 1.235354392064697440e-06 6.825146468961184373e-05
3.908390120967741836e+02 1.229023256079435685e-06 6.808754690482601954e-05
3.909640120967741836e+02 1.222724126262886857e-06 6.792401634507367323e-05
3.910890120967741836e+02 1.216456843559404234e-06 6.776087211901947298e-05
3.912140120967741836e+02 1.210221249686586667e-06 6.759811333727631694e-05
3.913390120967741836e+02 1.204017187131612208e-06 6.743573911240212132e-05
3.914640120967741836e+02 1.197844499147612590e-06 6.727374855889620186e-05
3.915890120967741836e+02 1.191703029750035644e-06 6.711214079319485564e-05
3.917140120967741836e+02 1.185592623713072731e-06 6.695091493366821700e-05
3.918390120967741836e+02 1.179513126566055458e-06 6.679007010061635433e-05
3.919640120967741836e+02 1.173464384589892427e-06 6.662960541626540762e-05
3.920890120967741836e+02 1.167446244813518893e-06 6.646952000476409194e-05
3.922140120967741836e+02 1.161458555010343250e-06 6.630981299217978070e-05
3.923390120967741836e+02 1.155501163694756620e-06 6.615048350649480589e-05
3.924640120967741836e+02 1.149573920118606022e-06 6.599153067760282591e-05
3.925890120967741836e+02 1.143676674267717720e-06 6.583295363730539687e-05
3.927140120967741836e+02 1.137809276858405969e-06 6.567475151930763570e-05
3.928390120967741836e+02 1.131971579334044226e-06 6.551692345921488630e-05
3.929640120967741836e+02 1.126163433861604382e-06 6.535946859452901965e-05
3.930890120967741836e+02 1.120384693328240892e-06 6.520238606464482886e-05
3.932140120967741836e+02 1.114635211337865587e-06 6.504567501084611248e-05
3.933390120967741836e+02 1.108914842207775842e-06 6.488933457630213732e-05
3.934640120967741836e+02 1.103223440965261581e-06 6.473336390606395209e-05
3.935890120967741836e+02 1.097560863344248268e-06 6.457776214706098582e-05
3.937140120967741836e+02 1.091926965781933978e-06 6.442252844809662963e-05
3.938390120967741836e+02 1.086321605415479614e-06 6.426766195984543145e-05
3.939640120967741836e+02 1.080744640078676045e-06 6.411316183484881334e-05
3.940890120967741836e+02 1.075195928298644486e-06 6.395902722751194093e-05
3.942140120967741836e+02 1.069675329292555310e-06 6.380525729409960338e-05
3.943390120967741836e+02 1.064182702964336262e-06 6.365185119273278466e-05
3.944640120967741836e+02 1.058717909901441029e-06 6.349880808338519405e-05
3.945890120967741836e+02 1.053280811371591127e-06 6.334612712787920040e-05
3.947140120967741836e+02 1.047871269319554214e-06 6.319380748988279639e-05
3.948390120967741836e+02 1.042489146363915409e-06 6.304184833490553272e-05
3.949640120967741836e+02 1.037134305793903252e-06 6.289024883029487251e-05
3.950890120967741836e+02 1.031806611566190665e-06 6.273900814523281674e-05
3.952140120967741836e+02 1.026505928301731927e-06 6.258812545073229924e-05
3.953390120967741836e+02 1.021232121282591590e-06 6.243759991963333778e-05
3.954640120967741836e+02 1.015985056448830999e-06 6.228743072659974084e-05
3.955890120967741836e+02 1.010764600395362624e-06 6.213761704811528576e-05
3.957140120967741836e+02 1.005570620368848646e-06 6.198815806248003245e-05
3.958390120967741836e+02 1.000402984264585785e-06 6.183905294980746384e-05
3.959640120967741836e+02 9.952615606234487812e-07 6.169030089201987799e-05
3.960890120967741836e+02 9.901462186288008386e-07 6.154190107284535235e-05
3.962140120967741836e+02 9.850568281034460053e-07 6.139385267781427428e-05
3.963390120967741836e+02 9.799932595065906519e-07 6.124615489425560058e-05
3.964640120967741836e+02 9.749553839307998707e-07 6.109880691129321187e-05
3.965890120967741836e+02 9.699430730990091440e-07 6.095180791984265316e-05
3.967140120967741836e+02 9.649561993615067887e-07 6.080515711260708845e-05
3.968390120967741836e+02 9.599946356929583298e-07 6.065885368407463092e-05
3.969640120967741836e+02 9.550582556894177446e-07 6.051289683051375531e-05
3.970890120967741836e+02 9.501469335653907995e-07 6.036728574997037743e-05
3.972140120967741836e+02 9.452605441508779521e-07 6.022201964226435081e-05
3.973390120967741836e+02 9.403989628884467936e-07 6.007709770898563809e-05
3.974640120967741836e+02 9.355620658303016321e-07 5.993251915349098388e-05
3.975890120967741836e+02 9.307497296353997696e-07 5.978828318090046568e-05
3.977140120967741836e+02 9.259618315665472371e-07 5.964438899809379398e-05
3.978390120967741836e+02 9.211982494875256595e-07 5.950083581370672767e-05
3.979640120967741836e+02 9.164588618602144604e-07 5.935762283812832962e-05
3.980890120967741836e+02 9.117435477417617728e-07 5.921474928349629107e-05
3.982140120967741836e+02 9.070521867817290905e-07 5.907221436369433632e-05
3.983390120967741836e+02 9.023846592192716017e-07 5.893001729434836026e-05
3.984640120967741836e+02 8.977408458803272038e-07 5.878815729282299958e-05
3.985890120967741836e+02 8.931206281748063662e-07 5.864663357821831241e-05
3.987140120967741836e+02 8.885238880938225441e-07 5.850544537136613267e-05
3.988390120967741836e+02 8.839505082069059695e-07 5.836459189482646510e-05
3.989640120967741836e+02 8.794003716592512177e-07 5.822407237288475447e-05
3.990890120967741836e+02 8.748733621689519623e-07 5.808388603154740639e-05
3.992140120967741836e+02 8.703693640242880346e-07 5.794403209853895491e-05
3.993390120967741836e+02 8.658882620809874953e-07 5.780450980329857947e-05
3.994640120967741836e+02 8.614299417595249174e-07 5.766531837697652706e-05
3.995890120967741836e+02 8.569942890424068571e-07 5.752645705243079861e-05
3.997140120967741836e+02 8.525811904715081468e-07 5.738792506422355080e-05
3.998390120967741836e+02 8.481905331453852129e-07 5.724972164861780280e-05
3.999640120967741836e+02 8.438222047166220037e-07 5.711184604357396005e-05
4.000890120967741836e+02 8.394760933891669176e-07 5.697429748874669717e-05
4.002140120967741836e+02 8.351520879157167421e-07 5.683707522548090573e-05
4.003390120967741836e+02 8.308500775950807934e-07 5.670017849680893639e-05
4.004640120967741836e+02 8.265699522695695131e-07 5.656360654744677021e-05
4.005890120967741836e+02 8.223116023223988423e-07 5.642735862379078644e-05
4.007140120967741836e+02 8.180749186750891949e-07 5.629143397391450990e-05
4.008390120967741836e+02 8.138597927849093239e-07 5.615583184756490435e-05
4.009640120967741836e+02 8.096661166422980589e-07 5.602055149615926897e-05
4.010890120967741836e+02 8.054937827683177019e-07 5.588559217278195866e-05
4.012140120967741836e+02 8.013426842121042460e-07 5.575095313218048765e-05
4.013390120967741836e+02 7.972127145483530642e-07 5.561663363076273096e-05
4.014640120967741836e+02 7.931037678747918922e-07 5.548263292659324483e-05
4.015890120967741836e+02 7.890157388096807052e-07 5.534895027938998706e-05
4.017140120967741836e+02 7.849485224893059823e-07 5.521558495052113891e-05
4.018390120967741836e+02 7.809020145655161587e-07 5.508253620300148658e-05
4.019640120967741836e+02 7.768761112032383361e-07 5.494980330148916862e-05
4.020890120967741836e+02 7.728707090780265467e-07 5.481738551228243684e-05
4.022140120967741836e+02 7.688857053735991104e-07 5.468528210331643087e-05
4.023390120967741836e+02 7.649209977794218376e-07 5.455349234415951212e-05
4.024640120967741836e+02 7.609764844882699518e-07 5.442201550601013323e-05
4.025890120967741836e+02 7.570520641938203973e-07 5.429085086169355829e-05
4.027140120967741836e+02 7.531476360882354668e-07 5.415999768565854251e-05
4.028390120967741836e+02 7.492630998597901558e-07 5.402945525397397796e-05
4.029640120967741836e+02 7.453983556904801417e-07 5.389922284432559354e-05
4.030890120967741836e+02 7.415533042536527385e-07 5.376929973601277010e-05
4.032140120967741836e+02 7.377278467116526745e-07 5.363968520994497616e-05
4.033390120967741836e+02 7.339218847134623648e-07 5.351037854863905063e-05
4.034640120967741836e+02 7.301353203923825227e-07 5.338137903621528610e-05
4.035890120967741836e+02 7.263680563636945610e-07 5.325268595839438633e-05
4.037140120967741836e+02 7.226199957223499918e-07 5.312429860249439658e-05
4.038390120967741836e+02 7.188910420406567561e-07 5.299621625742718673e-05
4.039640120967741836e+02 7.151810993659999639e-07 5.286843821369523937e-05
4.040890120967741836e+02 7.114900722185492939e-07 5.274096376338864106e-05
4.042140120967741836e+02 7.078178655889908506e-07 5.261379220018135548e-05
4.043390120967741836e+02 7.041643849362553164e-07 5.248692281932860771e-05
4.044640120967741836e+02 7.005295361852817847e-07 5.236035491766308957e-05
4.045890120967741836e+02 6.969132257247663458e-07 5.223408779359194418e-05
4.047140120967741836e+02 6.933153604049376732e-07 5.210812074709350654e-05
4.048390120967741836e+02 6.897358475353245618e-07 5.198245307971431525e-05
4.049640120967741836e+02 6.861745948825634892e-07 5.185708409456542620e-05
4.050890120967741836e+02 6.826315106681870130e-07 5.173201309631970203e-05
4.052140120967741836e+02 6.791065035664395899e-07 5.160723939120821400e-05
4.053390120967741836e+02 6.755994827020978427e-07 5.148276228701708420e-05
4.054640120967741836e+02 6.721103576482928384e-07 5.135858109308486316e-05
4.055890120967741836e+02 6.686390384243677301e-07 5.123469512029847086e-05
4.057140120967741836e+02 6.651854354937163409e-07 5.111110368109043878e-05
4.058390120967741836e+02 6.617494597616513935e-07 5.098780608943588772e-05
4.059640120967741836e+02 6.583310225732635287e-07 5.086480166084901767e-05
4.060890120967741836e+02 6.549300357113205576e-07 5.074208971238011945e-05
4.062140120967741836e+02 6.515464113941451149e-07 5.061966956261243738e-05
4.063390120967741836e+02 6.481800622735225934e-07 5.049754053165876751e-05
4.064640120967741836e+02 6.448309014326003962e-07 5.037570194115888948e-05
4.065890120967741836e+02 6.414988423838246703e-07 5.025415311427558880e-05
4.067140120967741836e+02 6.381837990668594648e-07 5.013289337569207515e-05
4.068390120967741836e+02 6.348856858465306637e-07 5.001192205160874326e-05
4.069640120967741836e+02 6.316044175107674842e-07 4.989123846973990005e-05
4.070890120967741836e+02 6.283399092685742566e-07 4.977084195931078979e-05
4.072140120967741836e+02 6.250920767479899217e-07 4.965073185105440927e-05
4.073390120967741836e+02 6.218608359940682809e-07 4.953090747720835686e-05
4.074640120967741836e+02 6.186461034668677748e-07 4.941136817151158667e-05
4.075890120967741836e+02 6.154477960394386159e-07 4.929211326920189453e-05
4.077140120967741836e+02 6.122658309958429547e-07 4.917314210701187937e-05
4.078390120967741836e+02 6.091001260291619169e-07 4.905445402316665961e-05
4.079640120967741836e+02 6.059505992395238167e-07 4.893604835738028173e-05
4.080890120967741836e+02 6.028171691321289820e-07 4.881792445085280648e-05
4.082140120967741836e+02 5.996997546153078254e-07 4.870008164626734768e-05
4.083390120967741836e+02 5.965982749985633507e-07 4.858251928778673146e-05
4.084640120967741836e+02 5.935126499906368480e-07 4.846523672105058933e-05
4.085890120967741836e+02 5.904427996975694580e-07 4.834823329317220711e-05
4.087140120967741836e+02 5.873886446207964544e-07 4.823150835273575356e-05
4.088390120967741836e+02 5.843501056552249024e-07 4.811506124979266852e-05
4.089640120967741836e+02 5.813271040873373636e-07 4.799889133585907446e-05
4.090890120967741836e+02 5.783195615932878717e-07 4.788299796391244249e-05
4.092140120967741836e+02 5.753274002370325311e-07 4.776738048838884127e-05
4.093390120967741836e+02 5.723505424684427510e-07 4.765203826517956914e-05
4.094640120967741836e+02 5.693889111214417727e-07 4.753697065162832845e-05
4.095890120967741836e+02 5.664424294121480791e-07 4.742217700652812205e-05
4.097140120967741836e+02 5.635110209370167933e-07 4.730765669011846141e-05
4.098390120967741836e+02 5.605946096710124161e-07 4.719340906408182949e-05
4.099640120967741836e+02 5.576931199657673768e-07 4.707943349154116667e-05
4.100890120967741836e+02 5.548064765477631355e-07 4.696572933705658431e-05
4.102140120967741836e+02 5.519346045165062039e-07 4.685229596662247127e-05
4.103390120967741836e+02 5.490774293427340232e-07 4.673913274766452590e-05
4.104640120967741836e+02 5.462348768666094081e-07 4.662623904903659834e-05
4.105890120967741836e+02 5.434068732959336241e-07 4.651361424101792572e-05
4.107140120967741836e+02 5.405933452043583018e-07 4.640125769530985934e-05
4.108390120967741836e+02 5.377942195296236077e-07 4.628916878503330990e-05
4.109640120967741836e+02 5.350094235717869928e-07 4.617734688472540690e-05
4.110890120967741836e+02 5.322388849914691990e-07 4.606579137033658478e-05
4.112140120967741836e+02 5.294825318080993127e-07 4.595450161922767595e-05
4.113390120967741836e+02 5.267402923981876648e-07 4.584347701016707827e-05
4.114640120967741836e+02 5.240120954935845424e-07 4.573271692332754991e-05
4.115890120967741836e+02 5.212978701797595476e-07 4.562222074028348529e-05
4.117140120967741836e+02 5.185975458940888964e-07 4.551198784400775730e-05
4.118390120967741836e+02 5.159110524241392247e-07 4.540201761886912882e-05
4.119640120967741836e+02 5.132383199059807217e-07 4.529230945062889168e-05
4.120890120967741836e+02 5.105792788224877702e-07 4.518286272643818322e-05
4.122140120967741836e+02 5.079338600016595980e-07 4.507367683483494382e-05
4.123390120967741836e+02 5.053019946149377525e-07 4.496475116574121986e-05
4.124640120967741836e+02 5.026836141755495166e-07 4.485608511046001963e-05
4.125890120967741836e+02 5.000786505368404178e-07 4.474767806167242654e-05
4.127140120967741836e+02 4.974870358906280202e-07 4.463952941343488870e-05
4.128390120967741836e+02 4.949087027655475629e-07 4.453163856117596628e-05
4.129640120967741836e+02 4.923435840254294687e-07 4.442400490169402078e-05
4.130890120967741836e+02 4.897916128676622409e-07 4.431662783315364399e-05
4.132140120967741836e+02 4.872527228215756893e-07 4.420950675508315749e-05
4.133390120967741836e+02 4.847268477468194975e-07 4.410264106837178701e-05
4.134640120967741836e+02 4.822139218317699534e-07 4.399603017526654530e-05
4.135890120967741836e+02 4.797138795919241874e-07 4.388967347936951487e-05
4.137140120967741836e+02 4.772266558683110319e-07 4.378357038563504940e-05
4.138390120967741836e+02 4.747521858259100345e-07 4.367772030036673117e-05
4.139640120967741836e+02 4.722904049520690948e-07 4.357212263121449118e-05
4.140890120967741836e+02 4.698412490549474060e-07 4.346677678717233230e-05
4.142140120967741836e+02 4.674046542619470675e-07 4.336168217857455491e-05
4.143390120967741836e+02 4.649805570181634379e-07 4.325683821709365624e-05
4.144640120967741836e+02 4.625688940848325768e-07 4.315224431573711167e-05
4.145890120967741836e+02 4.601696025378028269e-07 4.304789988884470485e-05
4.147140120967741836e+02 4.577826197659968136e-07 4.294380435208575625e-05
4.148390120967741836e+02 4.554078834698902269e-07 4.283995712245612799e-05
4.149640120967741836e+02 4.530453316599889622e-07 4.273635761827541176e-05
4.150890120967741836e+02 4.506949026553286012e-07 4.263300525918457741e-05
4.152140120967741836e+02 4.483565350819657934e-07 4.252989946614242899e-05
4.153390120967741836e+02 4.460301678714861015e-07 4.242703966142328723e-05
4.154640120967741836e+02 4.437157402595084064e-07 4.232442526861413678e-05
4.155890120967741836e+02 4.414131917842141398e-07 4.222205571261173951e-05
4.157140120967741836e+02 4.391224622848657709e-07 4.211993041961996462e-05
4.158390120967741836e+02 4.368434919003421277e-07 4.201804881714684103e-05
4.159640120967741836e+02 4.345762210676783237e-07 4.191641033400194847e-05
4.160890120967741836e+02 4.323205905206063733e-07 4.181501440029353081e-05
4.162140120967741836e+02 4.300765412881187827e-07 4.171386044742596174e-05
4.163390120967741836e+02 4.278440146930214999e-07 4.161294790809660059e-05
4.164640120967741836e+02 4.256229523505047054e-07 4.151227621629336638e-05
4.165890120967741836e+02 4.234132961667098974e-07 4.141184480729179701e-05
4.167140120967741836e+02 4.212149883373212226e-07 4.131165311765237931e-05
4.168390120967741836e+02 4.190279713461447909e-07 4.121170058521789284e-05
4.169640120967741836e+02 4.168521879637073644e-07 4.111198664911044860e-05
4.170890120967741836e+02 4.146875812458498599e-07 4.101251074972896827e-05
4.172140120967741836e+02 4.125340945323447790e-07 4.091327232874654825e-05
4.173390120967741836e+02 4.103916714455032097e-07 4.081427082910729518e-05
4.174640120967741836e+02 4.082602558887993506e-07 4.071550569502408969e-05
4.175890120967741836e+02 4.061397920454911178e-07 4.061697637197560494e-05
4.177140120967741836e+02 4.040302243772624569e-07 4.051868230670362315e-05
4.178390120967741836e+02 4.019314976228582966e-07 4.042062294721055551e-05
4.179640120967741836e+02 3.998435567967322077e-07 4.032279774275642674e-05
4.180890120967741836e+02 3.977663471877005204e-07 4.022520614385638146e-05
4.182140120967741836e+02 3.956998143575961245e-07 4.012784760227791262e-05
4.183390120967741836e+02 3.936439041399434981e-07 4.003072157103838147e-05
4.184640120967741836e+02 3.915985626386244718e-07 3.993382750440204273e-05
4.185890120967741836e+02 3.895637362265599278e-07 3.983716485787753062e-05
4.187140120967741836e+02 3.875393715443877933e-07 3.974073308821511445e-05
4.188390120967741836e+02 3.855254154991642213e-07 3.964453165340423209e-05
4.189640120967741836e+02 3.835218152630539717e-07 3.954856001267057614e-05
4.190890120967741836e+02 3.815285182720368864e-07 3.945281762647359354e-05
4.192140120967741836e+02 3.795454722246114521e-07 3.935730395650375468e-05
4.193390120967741836e+02 3.775726250805202276e-07 3.926201846568018851e-05
4.194640120967741836e+02 3.756099250594645243e-07 3.916696061814753160e-05
4.195890120967741836e+02 3.736573206398359215e-07 3.907212987927373936e-05
4.197140120967741836e+02 3.717147605574444990e-07 3.897752571564719939e-05
4.198390120967741836e+02 3.697821938042674522e-07 3.888314759507433265e-05
4.199640120967741836e+02 3.678595696271890776e-07 3.878899498657674747e-05
4.200890120967741836e+02 3.659468375267542046e-07 3.869506736038872552e-05
4.202140120967741836e+02 3.640439472559281928e-07 3.860136418795472138e-05
4.203390120967741836e+02 3.621508488188542284e-07 3.850788494192646232e-05
4.204640120967741836e+02 3.602674924696320084e-07 3.841462909616082051e-05
4.205890120967741836e+02 3.583938287110873201e-07 3.832159612571671631e-05
4.207140120967741836e+02 3.565298082935575009e-07 3.822878550685278722e-05
4.208390120967741836e+02 3.546753822136711289e-07 3.813619671702475866e-05
4.209640120967741836e+02 3.528305017131509538e-07 3.804382923488296392e-05
4.210890120967741836e+02 3.509951182776069804e-07 3.795168254026953195e-05
4.212140120967741836e+02 3.491691836353428405e-07 3.785975611421611058e-05
4.213390120967741836e+02 3.473526497561614767e-07 3.776804943894102046e-05
4.214640120967741836e+02 3.455454688501888780e-07 3.767656199784678173e-05
4.215890120967741836e+02 3.437475933666904573e-07 3.758529327551787108e-05
4.217140120967741836e+02 3.419589759929002929e-07 3.749424275771765213e-05
4.218390120967741836e+02 3.401795696528493117e-07 3.740340993138607144e-05
4.219640120967741836e+02 3.384093275062114182e-07 3.731279428463725299e-05
4.220890120967741836e+02 3.366482029471418948e-07 3.722239530675671310e-05
4.222140120967741836e+02 3.348961496031297781e-07 3.713221248819895489e-05
4.223390120967741836e+02 3.331531213338470059e-07 3.704224532058499492e-05
4.224640120967741836e+02 3.314190722300177867e-07 3.695249329669960525e-05
4.225890120967741836e+02 3.296939566122780703e-07 3.686295591048928058e-05
4.227140120967741836e+02 3.279777290300488347e-07 3.677363265705909404e-05
4.228390120967741836e+02 3.262703442604135561e-07 3.668452303267056945e-05
4.229640120967741836e+02 3.245717573069958370e-07 3.659562653473918769e-05
4.230890120967741836e+02 3.228819233988538166e-07 3.650694266183171678e-05
4.232140120967741836e+02 3.212007979893679106e-07 3.641847091366381994e-05
4.233390120967741836e+02 3.195283367551421566e-07 3.633021079109761606e-05
4.234640120967741836e+02 3.178644955949013241e-07 3.624216179613903703e-05
4.235890120967741836e+02 3.162092306284075595e-07 3.615432343193538821e-05
4.237140120967741836e+02 3.145624981953694078e-07 3.606669520277316655e-05
4.238390120967741836e+02 3.129242548543627982e-07 3.597927661407505185e-05
4.239640120967741836e+02 3.112944573817506007e-07 3.589206717239793495e-05
4.240890120967741836e+02 3.096730627706191764e-07 3.580506638543011906e-05
4.242140120967741836e+02 3.080600282297080985e-07 3.571827376198901587e-05
4.243390120967741836e+02 3.064553111823515724e-07 3.563168881201870608e-05
4.244640120967741836e+02 3.048588692654192215e-07 3.554531104658743899e-05
4.245890120967741836e+02 3.032706603282719073e-07 3.545913997788508457e-05
4.247140120967741836e+02 3.016906424317127844e-07 3.537317511922112096e-05
4.248390120967741836e+02 3.001187738469470919e-07 3.528741598502160544e-05
4.249640120967741836e+02 2.985550130545487727e-07 3.520186209082706028e-05
4.250890120967741836e+02 2.969993187434256641e-07 3.511651295329013488e-05
4.252140120967741836e+02 2.954516498098003582e-07 3.503136809017292242e-05
4.253390120967741836e+02 2.939119653561858218e-07 3.494642702034483206e-05
4.254640120967741836e+02 2.923802246903717620e-07 3.486168926377993947e-05
4.255890120967741836e+02 2.908563873244096698e-07 3.477715434155466255e-05
4.257140120967741836e+02 2.893404129736136380e-07 3.469282177584536938e-05
4.258390120967741836e+02 2.878322615555547223e-07 3.460869108992612180e-05
4.259640120967741836e+02 2.863318931890673706e-07 3.452476180816593093e-05
4.260890120967741836e+02 2.848392681932534718e-07 3.444103345602673115e-05
4.262140120967741836e+02 2.833543470865020209e-07 3.435750556006071020e-05
4.263390120967741836e+02 2.818770905855031726e-07 3.427417764790814756e-05
4.264640120967741836e+02 2.804074596042733061e-07 3.419104924829496146e-05
4.265890120967741836e+02 2.789454152531780262e-07 3.410811989103024910e-05
4.267140120967741836e+02 2.774909188379706212e-07 3.402538910700410465e-05
4.268390120967741836e+02 2.760439318588252816e-07 3.394285642818496300e-05
4.269640120967741836e+02 2.746044160093788934e-07 3.386052138761772273e-05
4.270890120967741836e+02 2.731723331757788675e-07 3.377838351942090005e-05
4.272140120967741836e+02 2.717476454357290097e-07 3.369644235878452141e-05
4.273390120967741836e+02 2.703303150575514324e-07 3.361469744196770437e-05
4.274640120967741836e+02 2.689203044992422179e-07 3.353314830629646885e-05
4.275890120967741836e+02 2.675175764075375123e-07 3.345179449016119606e-05
4.277140120967741836e+02 2.661220936169784006e-07 3.337063553301435840e-05
4.278390120967741836e+02 2.647338191489905529e-07 3.328967097536831047e-05
4.279640120967741836e+02 2.633527162109573585e-07 3.320890035879295121e-05
4.280890120967741836e+02 2.619787481953047065e-07 3.312832322591322345e-05
4.282140120967741836e+02 2.606118786785835435e-07 3.304793912040693879e-05
4.283390120967741836e+02 2.592520714205665660e-07 3.296774758700242615e-05
4.284640120967741836e+02 2.578992903633398304e-07 3.288774817147634990e-05
4.285890120967741836e+02 2.565534996304046859e-07 3.280794042065123645e-05
4.287140120967741836e+02 2.552146635257775382e-07 3.272832388239326526e-05
4.288390120967741836e+02 2.538827465331045403e-07 3.264889810561002581e-05
4.289640120967741836e+02 2.525577133147700910e-07 3.256966264024807145e-05
4.290890120967741836e+02 2.512395287110152851e-07 3.249061703729090003e-05
4.292140120967741836e+02 2.499281577390595929e-07 3.241176084875644671e-05
4.293390120967741836e+02 2.486235655922225407e-07 3.233309362769484774e-05
4.294640120967741836e+02 2.473257176390597365e-07 3.225461492818627212e-05
4.295890120967741836e+02 2.460345794224925438e-07 3.217632430533857698e-05
4.297140120967741836e+02 2.447501166589477611e-07 3.209822131528505107e-05
4.298390120967741836e+02 2.434722952374967716e-07 3.202030551518224641e-05
4.299640120967741836e+02 2.422010812190073983e-07 3.194257646320753199e-05
4.300890120967741836e+02 2.409364408352902009e-07 3.186503371855721001e-05
4.302140120967741836e+02 2.396783404882554133e-07 3.178767684144387991e-05
4.303390120967741836e+02 2.384267467490679223e-07 3.171050539309436484e-05
4.304640120967741836e+02 2.371816263573153753e-07 3.163351893574748222e-05
4.305890120967741836e+02 2.359429462201714179e-07 3.155671703265190930e-05
4.307140120967741836e+02 2.347106734115680629e-07 3.148009924806373009e-05
4.308390120967741836e+02 2.334847751713675836e-07 3.140366514724450412e-05
4.309640120967741836e+02 2.322652189045461326e-07 3.132741429645874572e-05
4.310890120967741836e+02 2.310519721803729671e-07 3.125134626297188434e-05
4.312140120967741836e+02 2.298450027315985148e-07 3.117546061504825196e-05
4.313390120967741836e+02 2.286442784536457219e-07 3.109975692194842011e-05
4.314640120967741836e+02 2.274497674038006075e-07 3.102423475392732951e-05
4.315890120967741836e+02 2.262614378004168469e-07 3.094889368223204044e-05
4.317140120967741836e+02 2.250792580221143986e-07 3.087373327909952365e-05
4.318390120967741836e+02 2.239031966069870521e-07 3.079875311775442416e-05
4.319640120967741836e+02 2.227332222518093672e-07 3.072395277240700133e-05
4.320890120967741836e+02 2.215693038112556563e-07 3.064933181825077067e-05
4.322140120967741836e+02 2.204114102971144409e-07 3.057488983146064042e-05
4.323390120967741836e+02 2.192595108775112990e-07 3.050062638919038733e-05
4.324640120967741836e+02 2.181135748761306003e-07 3.042654106957066789e-05
4.325890120967741836e+02 2.169735717714505034e-07 3.035263345170691087e-05
4.327140120967741836e+02 2.158394711959710176e-07 3.027890311567702695e-05
4.328390120967741836e+02 2.147112429354531289e-07 3.020534964252935214e-05
4.329640120967741836e+02 2.135888569281550146e-07 3.013197261428053695e-05
4.330890120967741836e+02 2.124722832640813339e-07 3.005877161391324587e-05
4.332140120967741836e+02 2.113614921842270129e-07 2.998574622537412108e-05
4.333390120967741836e+02 2.102564540798292878e-07 2.991289603357184787e-05
4.334640120967741836e+02 2.091571394916234806e-07 2.984022062437457961e-05
4.335890120967741836e+02 2.080635191090981133e-07 2.976771958460819288e-05
4.337140120967741836e+02 2.069755637697612711e-07 2.969539250205396999e-05
4.338390120967741836e+02 2.058932444584035781e-07 2.962323896544655257e-05
4.339640120967741836e+02 2.048165323063687961e-07 2.955125856447190187e-05
4.340890120967741836e+02 2.037453985908227292e-07 2.947945088976500503e-05
4.342140120967741836e+02 2.026798147340348074e-07 2.940781553290792690e-05
4.343390120967741836e+02 2.016197523026545618e-07 2.933635208642763483e-05
4.344640120967741836e+02 2.005651830069960935e-07 2.926506014379404714e-05
4.345890120967741836e+02 1.995160787003217219e-07 2.919393929941765803e-05
4.347140120967741836e+02 1.984724113781369356e-07 2.912298914864773510e-05
4.348390120967741836e+02 1.974341531774810026e-07 2.905220928777003912e-05
4.349640120967741836e+02 1.964012763762250176e-07 2.898159931400490973e-05
4.350890120967741836e+02 1.953737533923696862e-07 2.891115882550502253e-05
4.352140120967741836e+02 1.943515567833538536e-07 2.884088742135343411e-05
4.353390120967741836e+02 1.933346592453581388e-07 2.877078470156145090e-05
4.354640120967741836e+02 1.923230336126168520e-07 2.870085026706677928e-05
4.355890120967741836e+02 1.913166528567321363e-07 2.863108371973105222e-05
4.357140120967741836e+02 1.903154900859888769e-07 2.856148466233813862e-05
4.358390120967741836e+02 1.893195185446791393e-07 2.849205269859192405e-05
4.359640120967741836e+02 1.883287116124233520e-07 2.842278743311435924e-05
4.360890120967741836e+02 1.873430428034991121e-07 2.835368847144329840e-05
4.362140120967741836e+02 1.863624857661683501e-07 2.828475542003057480e-05
4.363390120967741836e+02 1.853870142820156382e-07 2.821598788623995091e-05
4.364640120967741836e+02 1.844166022652821579e-07 2.814738547834495682e-05
4.365890120967741836e+02 1.834512237622074756e-07 2.807894780552714194e-05
4.367140120967741836e+02 1.824908529503696783e-07 2.801067447787376088e-05
4.368390120967741836e+02 1.815354641380365452e-07 2.794256510637588970e-05
4.369640120967741836e+02 1.805850317635124335e-07 2.787461930292643364e-05
4.370890120967741836e+02 1.796395303944924678e-07 2.780683668031808074e-05
4.372140120967741836e+02 1.786989347274158839e-07 2.773921685224127568e-05
4.373390120967741836e+02 1.777632195868294042e-07 2.767175943328231569e-05
4.374640120967741836e+02 1.768323599247468538e-07 2.760446403892115165e-05
4.375890120967741836e+02 1.759063308200151833e-07 2.753733028552973804e-05
4.377140120967741836e+02 1.749851074776836674e-07 2.747035779036968161e-05
4.378390120967741836e+02 1.740686652283727592e-07 2.740354617159045583e-05
4.379640120967741836e+02 1.731569795276531889e-07 2.733689504822735104e-05
4.380890120967741836e+02 1.722500259554202446e-07 2.727040404019957036e-05
4.382140120967741836e+02 1.713477802152765498e-07 2.720407276830818323e-05
4.383390120967741836e+02 1.704502181339128295e-07 2.713790085423417386e-05
4.384640120967741836e+02 1.695573156604985496e-07 2.707188792053652693e-05
4.385890120967741836e+02 1.686690488660693793e-07 2.700603359065013374e-05
4.387140120967741836e+02 1.677853939429207689e-07 2.694033748888413537e-05
4.388390120967741836e+02 1.669063272040016062e-07 2.687479924041956460e-05
4.389640120967741836e+02 1.660318250823162379e-07 2.680941847130766196e-05
4.390890120967741836e+02 1.651618641303235792e-07 2.674419480846789709e-05
4.392140120967741836e+02 1.642964210193431582e-07 2.667912787968595618e-05
4.393390120967741836e+02 1.634354725389596517e-07 2.661421731361187170e-05
4.394640120967741836e+02 1.625789955964370301e-07 2.654946273975807090e-05
4.395890120967741836e+02 1.617269672161293394e-07 2.648486378849744448e-05
4.397140120967741836e+02 1.608793645388979958e-07 2.642042009106132397e-05
4.398390120967741836e+02 1.600361648215278626e-07 2.635613127953789601e-05
4.399640120967741836e+02 1.591973454361531201e-07 2.629199698686980700e-05
4.400890120967741836e+02 1.583628838696791134e-07 2.622801684685262144e-05
4.402140120967741836e+02 1.575327577232102337e-07 2.616419049413271796e-05
4.403390120967741836e+02 1.567069447114809514e-07 2.610051756420545970e-05
4.404640120967741836e+02 1.558854226622859209e-07 2.603699769341332064e-05
4.405890120967741836e+02 1.550681695159199863e-07 2.597363051894392396e-05
4.407140120967741836e+02 1.542551633246135281e-07 2.591041567882808360e-05
4.408390120967741836e+02 1.534463822519750624e-07 2.584735281193824917e-05
4.409640120967741836e+02 1.526418045724332583e-07 2.578444155798615458e-05
4.410890120967741836e+02 1.518414086706865778e-07 2.572168155752121204e-05
4.412140120967741836e+02 1.510451730411505604e-07 2.565907245192862489e-05
4.413390120967741836e+02 1.502530762874109050e-07 2.559661388342742249e-05
4.414640120967741836e+02 1.494650971216761537e-07 2.553430549506866787e-05
4.415890120967741836e+02 1.486812143642383172e-07 2.547214693073355363e-05
4.417140120967741836e+02 1.479014069429306947e-07 2.541013783513152490e-05
4.418390120967741836e+02 1.471256538925918868e-07 2.534827785379843959e-05
4.419640120967741836e+02 1.463539343545284594e-07 2.528656663309482349e-05
4.420890120967741836e+02 1.455862275759867919e-07 2.522500382020376286e-05
4.422140120967741836e+02 1.448225129096209553e-07 2.516358906312930865e-05
4.423390120967741836e+02 1.440627698129667580e-07 2.510232201069448083e-05
4.424640120967741836e+02 1.433069778479176963e-07 2.504120231253947949e-05
4.425890120967741836e+02 1.425551166802012509e-07 2.498022961911989593e-05
4.427140120967741836e+02 1.418071660788631486e-07 2.491940358170476443e-05
4.428390120967741836e+02 1.410631059157482115e-07 2.485872385237482417e-05
4.429640120967741836e+02 1.403229161649876102e-07 2.479819008402080148e-05
4.430890120967741836e+02 1.395865769024850858e-07 2.473780193034127184e-05
4.432140120967741836e+02 1.388540683054112707e-07 2.467755904584115903e-05
4.433390120967741836e+02 1.381253706516946491e-07 2.461746108582973269e-05
4.434640120967741836e+02 1.374004643195189481e-07 2.455750770641888377e-05
4.435890120967741836e+02 1.366793297868189680e-07 2.449769856452132545e-05
4.437140120967741836e+02 1.359619476307852007e-07 2.443803331784873305e-05
4.438390120967741836e+02 1.352482985273643708e-07 2.437851162490996184e-05
4.439640120967741836e+02 1.345383632507666220e-07 2.431913314500929203e-05
4.440890120967741836e+02 1.338321226729716432e-07 2.425989753824467371e-05
4.442140120967741836e+02 1.331295577632421281e-07 2.420080446550581252e-05
4.443390120967741836e+02 1.324306495876347456e-07 2.414185358847245871e-05
4.444640120967741836e+02 1.317353793085160344e-07 2.408304456961261474e-05
4.445890120967741836e+02 1.310437281840808642e-07 2.402437707218081078e-05
4.447140120967741836e+02 1.303556775678702098e-07 2.396585076021627171e-05
4.448390120967741836e+02 1.296712089082966272e-07 2.390746529854114174e-05
4.449640120967741836e+02 1.289903037481675326e-07 2.384922035275874967e-05
4.450890120967741836e+02 1.283129437242127966e-07 2.379111558925196230e-05
4.452140120967741836e+02 1.276391105666123910e-07 2.373315067518114811e-05
4.453390120967741836e+02 1.269687860985313143e-07 2.367532527848266620e-05
4.454640120967741836e+02 1.263019522356515800e-07 2.361763906786701296e-05
4.455890120967741836e+02 1.256385909857094718e-07 2.356009171281713138e-05
4.457140120967741836e+02 1.249786844480323224e-07 2.350268288358658826e-05
4.458390120967741836e+02 1.243222148130823863e-07 2.344541225119789707e-05
4.459640120967741836e+02 1.236691643619979594e-07 2.338827948744080695e-05
4.460890120967741836e+02 1.230195154661398995e-07 2.333128426487042907e-05
4.462140120967741836e+02 1.223732505866370863e-07 2.327442625680578312e-05
4.463390120967741836e+02 1.217303522739395593e-07 2.321770513732777122e-05
4.464640120967741836e+02 1.210908031673682929e-07 2.316112058127759902e-05
4.465890120967741836e+02 1.204545859946702927e-07 2.310467226425507150e-05
4.467140120967741836e+02 1.198216835715753057e-07 2.304835986261685485e-05
4.468390120967741836e+02 1.191920788013526238e-07 2.299218305347474513e-05
4.469640120967741836e+02 1.185657546743749147e-07 2.293614151469402165e-05
4.470890120967741836e+02 1.179426942676791016e-07 2.288023492489166816e-05
4.472140120967741836e+02 1.173228807445326161e-07 2.282446296343465514e-05
4.473390120967741836e+02 1.167062973539987508e-07 2.276882531043850994e-05
4.474640120967741836e+02 1.160929274305087762e-07 2.271332164676519922e-05
4.475890120967741836e+02 1.154827543934318587e-07 2.265795165402169581e-05
4.477140120967741836e+02 1.148757617466492155e-07 2.260271501455834555e-05
4.478390120967741836e+02 1.142719330781285333e-07 2.254761141146700051e-05
4.479640120967741836e+02 1.136712520595040250e-07 2.249264052857946378e-05
4.480890120967741836e+02 1.130737024456549518e-07 2.243780205046580221e-05
4.482140120967741836e+02 1.124792680742881415e-07 2.238309566243258458e-05
4.483390120967741836e+02 1.118879328655205205e-07 2.232852105052145517e-05
4.484640120967741836e+02 1.112996808214676545e-07 2.227407790150714837e-05
4.485890120967741836e+02 1.107144960258303034e-07 2.221976590289601478e-05
4.487140120967741836e+02 1.101323626434847487e-07 2.216558474292436783e-05
4.488390120967741836e+02 1.095532649200756355e-07 2.211153411055676602e-05
4.489640120967741836e+02 1.089771871816083906e-07 2.205761369548438317e-05
4.490890120967741836e+02 1.084041138340479011e-07 2.200382318812341945e-05
4.492140120967741836e+02 1.078340293629149693e-07 2.195016227961335645e-05
4.493390120967741836e+02 1.072669183328873337e-07 2.189663066181534785e-05
4.494640120967741836e+02 1.067027653874003194e-07 2.184322802731075908e-05
4.495890120967741836e+02 1.061415552482531267e-07 2.178995406939922261e-05
4.497140120967741836e+02 1.055832727152132800e-07 2.173680848209722503e-05
4.498390120967741836e+02 1.050279026656256689e-07 2.168379096013642318e-05
4.499640120967741836e+02 1.044754300540205310e-07 2.163090119896200091e-05
4.500890120967741836e+02 1.039258399117279327e-07 2.157813889473113425e-05
4.502140120967741836e+02 1.033791173464897621e-07 2.152550374431125667e-05
4.503390120967741836e+02 1.028352475420763933e-07 2.147299544527846670e-05
4.504640120967741836e+02 1.022942157579025174e-07 2.142061369591613534e-05
4.505890120967741836e+02 1.017560073286489294e-07 2.136835819521295458e-05
4.507140120967741836e+02 1.012206076638824482e-07 2.131622864286154481e-05
4.508390120967741836e+02 1.006880022476793444e-07 2.126422473925685227e-05
4.509640120967741836e+02 1.001581766382508326e-07 2.121234618549447189e-05
4.510890120967741836e+02 9.963111646756852424e-08 2.116059268336916674e-05
4.512140120967741836e+02 9.910680744099543856e-08 2.110896393537315695e-05
4.513390120967741836e+02 9.858523533691501560e-08 2.105745964469461204e-05
4.514640120967741836e+02 9.806638600636423177e-08 2.100607951521602459e-05
4.515890120967741836e+02 9.755024537266659634e-08 2.095482325151278724e-05
4.517140120967741836e+02 9.703679943107017723e-08 2.090369055885133600e-05
4.518390120967741836e+02 9.652603424838399885e-08 2.085268114318781870e-05
4.519640120967741836e+02 9.601793596261838400e-08 2.080179471116640091e-05
4.520890120967741836e+02 9.551249078262515015e-08 2.075103097011775827e-05
4.522140120967741836e+02 9.500968498774262321e-08 2.070038962805751111e-05
4.523390120967741836e+02 9.450950492743927490e-08 2.064987039368463886e-05
4.524640120967741836e+02 9.401193702096127764e-08 2.059947297637997231e-05
4.525890120967741836e+02 9.351696775697933149e-08 2.054919708620453340e-05
4.527140120967741836e+02 9.302458369324103657e-08 2.049904243389818678e-05
4.528390120967741836e+02 9.253477145622147870e-08 2.044900873087790848e-05
4.529640120967741836e+02 9.204751774077721649e-08 2.039909568923628492e-05
4.530890120967741836e+02 9.156280930980180355e-08 2.034930302174002895e-05
4.532140120967741836e+02 9.108063299388166819e-08 2.029963044182843485e-05
4.533390120967741836e+02 9.060097569095690319e-08 2.025007766361178931e-05
4.534640120967741836e+02 9.012382436598029528e-08 2.020064440186990771e-05
4.535890120967741836e+02 8.964916605058008696e-08 2.015133037205055192e-05
4.537140120967741836e+02 8.917698784272252652e-08 2.010213529026802758e-05
4.538390120967741836e+02 8.870727690637938109e-08 2.005305887330151716e-05
4.539640120967741836e+02 8.824002047119351749e-08 2.000410083859360610e-05
4.540890120967741836e+02 8.777520583214857262e-08 1.995526090424880219e-05
4.542140120967741836e+02 8.731282034923796204e-08 1.990653878903206857e-05
4.543390120967741836e+02 8.685285144713881207e-08 1.985793421236720750e-05
4.544640120967741836e+02 8.639528661488442269e-08 1.980944689433543064e-05
4.545890120967741836e+02 8.594011340554017155e-08 1.976107655567386825e-05
4.547140120967741836e+02 8.548731943587917979e-08 1.971282291777399370e-05
4.548390120967741836e+02 8.503689238606263650e-08 1.966468570268031904e-05
4.549640120967741836e+02 8.458881999931857471e-08 1.961666463308863996e-05
4.550890120967741836e+02 8.414309008162414139e-08 1.956875943234474491e-05
4.552140120967741836e+02 8.369969050138880714e-08 1.952096982444286670e-05
4.553390120967741836e+02 8.325860918913817139e-08 1.947329553402418837e-05
4.554640120967741836e+02 8.281983413720214846e-08 1.942573628637540999e-05
4.555890120967741836e+02 8.238335339940175063e-08 1.937829180742726466e-05
4.557140120967741836e+02 8.194915509073904760e-08 1.933096182375296335e-05
4.558390120967741836e+02 8.151722738708705981e-08 1.928374606256693115e-05
4.559640120967741836e+02 8.108755852488421775e-08 1.923664425172311656e-05
4.560890120967741836e+02 8.066013680082712725e-08 1.918965611971362611e-05
4.562140120967741836e+02 8.023495057156688168e-08 1.914278139566730471e-05
4.563390120967741836e+02 7.981198825340480509e-08 1.909601980934823130e-05
4.564640120967741836e+02 7.939123832199318485e-08 1.904937109115426540e-05
4.565890120967741836e+02 7.897268931203388679e-08 1.900283497211565791e-05
4.567140120967741836e+02 7.855632981698067600e-08 1.895641118389350616e-05
4.568390120967741836e+02 7.814214848874116714e-08 1.891009945877834107e-05
4.569640120967741836e+02 7.773013403738319519e-08 1.886389952968889043e-05
4.570890120967741836e+02 7.732027523083947887e-08 1.881781113017029342e-05
4.572140120967741836e+02 7.691256089461557953e-08 1.877183399439288423e-05
4.573390120967741836e+02 7.650697991149911745e-08 1.872596785715075209e-05
4.574640120967741836e+02 7.610352122126893508e-08 1.868021245386026070e-05
4.575890120967741836e+02 7.570217382040869406e-08 1.863456752055864214e-05
4.577140120967741836e+02 7.530292676181902959e-08 1.858903279390261787e-05
4.578390120967741836e+02 7.490576915453274882e-08 1.854360801116691139e-05
4.579640120967741836e+02 7.451069016342983076e-08 1.849829291024285567e-05
4.580890120967741836e+02 7.411767900895662161e-08 1.845308722963708877e-05
4.582140120967741836e+02 7.372672496684366692e-08 1.840799070846994780e-05
4.583390120967741836e+02 7.333781736782654804e-08 1.836300308647422554e-05
4.584640120967741836e+02 7.295094559736653330e-08 1.831812410399368641e-05
4.585890120967741836e+02 7.256609909537518646e-08 1.827335350198168749e-05
4.587140120967741836e+02 7.218326735593804863e-08 1.822869102199983684e-05
4.588390120967741836e+02 7.180243992704060993e-08 1.818413640621650609e-05
4.589640120967741836e+02 7.142360641029473103e-08 1.813968939740544811e-05
4.590890120967741836e+02 7.104675646066881024e-08 1.809534973894460437e-05
4.592140120967741836e+02 7.067187978621649477e-08 1.805111717481441423e-05
4.593390120967741836e+02 7.029896614780846239e-08 1.800699144959664612e-05
4.594640120967741836e+02 6.992800535886404439e-08 1.796297230847294395e-05
4.595890120967741836e+02 6.955898728508684539e-08 1.791905949722347527e-05
4.597140120967741836e+02 6.919190184419865589e-08 1.787525276222556248e-05
4.598390120967741836e+02 6.882673900567648825e-08 1.783155185045229031e-05
4.599640120967741836e+02 6.846348879049068468e-08 1.778795650947115391e-05
4.600890120967741836e+02 6.810214127084301201e-08 1.774446648744269011e-05
4.602140120967741836e+02 6.774268656990874017e-08 1.770108153311917971e-05
4.603390120967741836e+02 6.738511486157737067e-08 1.765780139584317707e-05
4.604640120967741836e+02 6.702941637019627681e-08 1.761462582554622599e-05
4.605890120967741836e+02 6.667558137031390712e-08 1.757155457274748073e-05
4.607140120967741836e+02 6.632360018642694598e-08 1.752858738855240839e-05
4.608390120967741836e+02 6.597346319272636261e-08 1.748572402465138956e-05
4.609640120967741836e+02 6.562516081284584226e-08 1.744296423331840378e-05
4.610890120967741836e+02 6.527868351961025710e-08 1.740030776740963359e-05
4.612140120967741836e+02 6.493402183478785620e-08 1.735775438036231259e-05
4.613390120967741836e+02 6.459116632884114517e-08 1.731530382619310250e-05
4.614640120967741836e+02 6.425010762068049221e-08 1.727295585949700221e-05
4.615890120967741836e+02 6.391083637741748270e-08 1.723071023544589763e-05
4.617140120967741836e+02 6.357334331412203255e-08 1.718856670978731151e-05
4.618390120967741836e+02 6.323761919357823088e-08 1.714652503884300748e-05
4.619640120967741836e+02 6.290365482604247246e-08 1.710458497950772291e-05
4.620890120967741836e+02 6.257144106900304593e-08 1.706274628924784418e-05
4.622140120967741836e+02 6.224096882693961613e-08 1.702100872610004461e-05
4.623390120967741836e+02 6.191222905108620048e-08 1.697937204867011217e-05
4.624640120967741836e+02 6.158521273919300711e-08 1.693783601613148583e-05
4.625890120967741836e+02 6.125991093529098620e-08 1.689640038822399178e-05
4.627140120967741836e+02 6.093631472945605041e-08 1.685506492525257625e-05
4.628390120967741836e+02 6.061441525757678931e-08 1.681382938808602821e-05
4.629640120967741836e+02 6.029420370112101919e-08 1.677269353815559699e-05
4.630890120967741836e+02 5.997567128690500625e-08 1.673165713745379630e-05
4.632140120967741836e+02 5.965880928686230605e-08 1.669071994853300148e-05
4.633390120967741836e+02 5.934360901781611678e-08 1.664988173450432813e-05
4.634640120967741836e+02 5.903006184125053401e-08 1.660914225903618866e-05
4.635890120967741836e+02 5.871815916308418118e-08 1.656850128635304213e-05
4.637140120967741836e+02 5.840789243344378707e-08 1.652795858123417790e-05
4.638390120967741836e+02 5.809925314644101251e-08 1.648751390901241121e-05
4.639640120967741836e+02 5.779223283994814542e-08 1.644716703557278211e-05
4.640890120967741836e+02 5.748682309537615836e-08 1.640691772735129847e-05
4.642140120967741836e+02 5.718301553745376527e-08 1.636676575133371288e-05
4.643390120967741836e+02 5.688080183400647158e-08 1.632671087505413012e-05
4.644640120967741836e+02 5.658017369573905224e-08 1.628675286659399412e-05
4.645890120967741836e+02 5.628112287601673258e-08 1.624689149458052938e-05
4.647140120967741836e+02 5.598364117064893692e-08 1.620712652818565681e-05
4.648390120967741836e+02 5.568772041767277233e-08 1.616745773712472995e-05
4.649640120967741836e+02 5.539335249713972853e-08 1.612788489165524407e-05
4.650890120967741836e+02 5.510052933090125949e-08 1.608840776257558936e-05
4.652140120967741836e+02 5.480924288239680675e-08 1.604902612122385152e-05
4.653390120967741836e+02 5.451948515644160449e-08 1.600973973947652089e-05
4.654640120967741836e+02 5.423124819901758809e-08 1.597054838974722526e-05
4.655890120967741836e+02 5.394452409706319762e-08 1.593145184498565589e-05
4.657140120967741836e+02 5.365930497826574888e-08 1.589244987867608684e-05
4.658390120967741836e+02 5.337558301085328831e-08 1.585354226483632806e-05
4.659640120967741836e+02 5.309335040338973012e-08 1.581472877801642097e-05
4.660890120967741836e+02 5.281259940456886182e-08 1.577600919329740853e-05
4.662140120967741836e+02 5.253332230301059975e-08 1.573738328629018673e-05
4.663390120967741836e+02 5.225551142705798571e-08 1.569885083313416621e-05
4.664640120967741836e+02 5.197915914457437550e-08 1.566041161049609999e-05
4.665890120967741836e+02 5.170425786274364504e-08 1.562206539556899930e-05
4.667140120967741836e+02 5.143080002786933763e-08 1.558381196607068340e-05
4.668390120967741836e+02 5.115877812517594880e-08 1.554565110024270559e-05
4.669640120967741836e+02 5.088818467861028374e-08 1.550758257684918428e-05
4.670890120967741836e+02 5.061901225064543541e-08 1.546960617517547488e-05
4.672140120967741836e+02 5.035125344208397509e-08 1.543172167502708552e-05
4.673390120967741836e+02 5.008490089186335320e-08 1.539392885672839304e-05
4.674640120967741836e+02 4.981994727686097580e-08 1.535622750112148417e-05
4.675890120967741836e+02 4.955638531170220610e-08 1.531861738956494264e-05
4.677140120967741836e+02 4.929420774856749236e-08 1.528109830393274463e-05
4.678390120967741836e+02 4.903340737700154726e-08 1.524367002661289669e-05
4.679640120967741836e+02 4.877397702372236187e-08 1.520633234050639737e-05
4.680890120967741836e+02 4.851590955243303853e-08 1.516908502902599202e-05
4.682140120967741836e+02 4.825919786363275036e-08 1.513192787609499202e-05
4.683390120967741836e+02 4.800383489442944768e-08 1.509486066614612793e-05
4.684640120967741836e+02 4.774981361835374902e-08 1.505788318412033485e-05
4.685890120967741836e+02 4.749712704517256737e-08 1.502099521546557669e-05
4.687140120967741836e+02 4.724576822070566802e-08 1.498419654613577388e-05
4.688390120967741836e+02 4.699573022664129991e-08 1.494748696258945993e-05
4.689640120967741836e+02 4.674700618035380562e-08 1.491086625178877011e-05
4.690890120967741836e+02 4.649958923472107253e-08 1.487433420119817936e-05
4.692140120967741836e+02 4.625347257794474346e-08 1.483789059878339604e-05
4.693390120967741836e+02 4.600864943336951411e-08 1.480153523301021848e-05
4.694640120967741836e+02 4.576511305930430321e-08 1.476526789284331013e-05
4.695890120967741836e+02 4.552285674884342273e-08 1.472908836774508319e-05
4.697140120967741836e+02 4.528187382969037512e-08 1.469299644767457207e-05
4.698390120967741836e+02 4.504215766398063156e-08 1.465699192308628984e-05
4.699640120967741836e+02 4.480370164810654096e-08 1.462107458492902891e-05
4.700890120967741836e+02 4.456649921254194123e-08 1.458524422464473442e-05
4.702140120967741836e+02 4.433054382166950348e-08 1.454950063416738108e-05
4.703390120967741836e+02 4.409582897360704398e-08 1.451384360592186191e-05
4.704640120967741836e+02 4.386234820003575515e-08 1.447827293282279214e-05
4.705890120967741836e+02 4.363009506602917766e-08 1.444278840827340816e-05
4.707140120967741836e+02 4.339906316988222552e-08 1.440738982616446633e-05
4.708390120967741836e+02 4.316924614294275228e-08 1.437207698087301985e-05
4.709640120967741836e+02 4.294063764944227014e-08 1.433684966726146336e-05
4.710890120967741836e+02 4.271323138632858154e-08 1.430170768067622676e-05
4.712140120967741836e+02 4.248702108309817254e-08 1.426665081694674526e-05
4.713390120967741836e+02 4.226200050163111415e-08 1.423167887238434973e-05
4.714640120967741836e+02 4.203816343602523581e-08 1.419679164378111984e-05
4.715890120967741836e+02 4.181550371243198625e-08 1.416198892840878293e-05
4.717140120967741836e+02 4.159401518889228122e-08 1.412727052401762469e-05
4.718390120967741836e+02 4.137369175517463407e-08 1.409263622883530503e-05
4.719640120967741836e+02 4.115452733261267773e-08 1.405808584156591956e-05
4.720890120967741836e+02 4.093651587394426807e-08 1.402361916138870196e-05
4.722140120967741836e+02 4.071965136315056754e-08 1.398923598795701597e-05
4.723390120967741836e+02 4.050392781529758384e-08 1.395493612139726952e-05
4.724640120967741836e+02 4.028933927637666960e-08 1.392071936230779495e-05
4.725890120967741836e+02 4.007587982314693459e-08 1.388658551175776141e-05
4.727140120967741836e+02 3.986354356297816080e-08 1.385253437128609236e-05
4.728390120967741836e+02 3.965232463369401529e-08 1.381856574290035765e-05
4.729640120967741836e+02 3.944221720341727485e-08 1.378467942907566391e-05
4.730890120967741836e+02 3.923321547041458063e-08 1.375087523275373298e-05
4.732140120967741836e+02 3.902531366294273484e-08 1.371715295734156356e-05
4.733390120967741836e+02 3.881850603909493116e-08 1.368351240671052834e-05
4.734640120967741836e+02 3.861278688664916889e-08 1.364995338519527790e-05
4.735890120967741836e+02 3.840815052291603853e-08 1.361647569759260905e-05
4.737140120967741836e+02 3.820459129458816826e-08 1.358307914916044507e-05
4.738390120967741836e+02 3.800210357758939917e-08 1.354976354561675482e-05
4.739640120967741836e+02 3.780068177692636256e-08 1.351652869313843303e-05
4.740890120967741836e+02 3.760032032653925654e-08 1.348337439836040916e-05
4.742140120967741836e+02 3.740101368915427707e-08 1.345030046837433287e-05
4.743390120967741836e+02 3.720275635613584374e-08 1.341730671072768287e-05
4.744640120967741836e+02 3.700554284734116158e-08 1.338439293342268957e-05
4.745890120967741836e+02 3.680936771097392263e-08 1.335155894491525249e-05
4.747140120967741836e+02 3.661422552343954926e-08 1.331880455411387815e-05
4.748390120967741836e+02 3.642011088920118539e-08 1.328612957037868392e-05
4.749640120967741836e+02 3.622701844063558837e-08 1.325353380352028167e-05
4.750890120967741836e+02 3.603494283789133701e-08 1.322101706379874941e-05
4.752140120967741836e+02 3.584387876874617265e-08 1.318857916192270637e-05
4.753390120967741836e+02 3.565382094846596825e-08 1.315621990904806450e-05
4.754640120967741836e+02 3.546476411966367748e-08 1.312393911677714579e-05
4.755890120967741836e+02 3.527670305216016328e-08 1.309173659715758628e-05
4.757140120967741836e+02 3.508963254284453007e-08 1.305961216268130771e-05
4.758390120967741836e+02 3.490354741553591177e-08 1.302756562628350789e-05
4.759640120967741836e+02 3.471844252084518043e-08 1.299559680134161715e-05
4.760890120967741836e+02 3.453431273603860707e-08 1.296370550167423104e-05
4.762140120967741836e+02 3.435115296490098637e-08 1.293189154154022102e-05
4.763390120967741836e+02 3.416895813760017765e-08 1.290015473563753669e-05
4.764640120967741836e+02 3.398772321055159939e-08 1.286849489910227747e-05
4.765890120967741836e+02 3.380744316628457673e-08 1.283691184750769308e-05
4.767140120967741836e+02 3.362811301330829849e-08 1.280540539686311294e-05
4.768390120967741836e+02 3.344972778597883963e-08 1.277397536361299065e-05
4.769640120967741836e+02 3.327228254436705718e-08 1.274262156463584017e-05
4.770890120967741836e+02 3.309577237412638694e-08 1.271134381724325323e-05
4.772140120967741836e+02 3.292019238636265185e-08 1.268014193917888799e-05
4.773390120967741836e+02 3.274553771750320205e-08 1.264901574861752036e-05
4.774640120967741836e+02 3.257180352916754380e-08 1.261796506416391405e-05
4.775890120967741836e+02 3.239898500803780301e-08 1.258698970485195491e-05
4.777140120967741836e+02 3.222707736573114089e-08 1.255608949014356842e-05
4.778390120967741836e+02 3.205607583867151452e-08 1.252526423992775068e-05
4.779640120967741836e+02 3.188597568796286009e-08 1.249451377451960110e-05
4.780890120967741836e+02 3.171677219926226299e-08 1.246383791465929582e-05
4.782140120967741836e+02 3.154846068265477557e-08 1.243323648151111695e-05
4.783390120967741836e+02 3.138103647252787762e-08 1.240270929666243452e-05
4.784640120967741836e+02 3.121449492744718751e-08 1.237225618212283056e-05
4.785890120967741836e+02 3.104883143003206085e-08 1.234187696032297262e-05
4.787140120967741836e+02 3.088404138683308833e-08 1.231157145411371078e-05
4.788390120967741836e+02 3.072012022820895172e-08 1.228133948676509345e-05
4.789640120967741836e+02 3.055706340820464960e-08 1.225118088196540168e-05
4.790890120967741836e+02 3.039486640442965041e-08 1.222109546382014805e-05
4.792140120967741836e+02 3.023352471793776592e-08 1.219108305685113470e-05
4.793390120967741836e+02 3.007303387310653509e-08 1.216114348599545048e-05
4.794640120967741836e+02 2.991338941751777919e-08 1.213127657660459004e-05
4.795890120967741836e+02 2.975458692183871606e-08 1.210148215444336621e-05
4.797140120967741836e+02 2.959662197970317040e-08 1.207176004568903080e-05
4.798390120967741836e+02 2.943949020759449462e-08 1.204211007693027511e-05
4.799640120967741836e+02 2.928318724472792056e-08 1.201253207516632695e-05
4.800890120967741836e+02 2.912770875293421491e-08 1.198302586780593428e-05
4.802140120967741836e+02 2.897305041654326843e-08 1.195359128266644015e-05
4.803390120967741836e+02 2.881920794226936269e-08 1.192422814797283920e-05
4.804640120967741836e+02 2.866617705909585115e-08 1.189493629235679163e-05
4.805890120967741836e+02 2.851395351816122332e-08 1.186571554485576100e-05
4.807140120967741836e+02 2.836253309264494722e-08 1.183656573491196892e-05
4.808390120967741836e+02 2.821191157765510844e-08 1.180748669237149048e-05
4.809640120967741836e+02 2.806208479011539416e-08 1.177847824748335124e-05
4.810890120967741836e+02 2.791304856865341048e-08 1.174954023089853461e-05
4.812140120967741836e+02 2.776479877348887413e-08 1.172067247366906525e-05
4.813390120967741836e+02 2.761733128632343195e-08 1.169187480724710451e-05
4.814640120967741836e+02 2.747064201022998746e-08 1.166314706348394245e-05
4.815890120967741836e+02 2.732472686954315240e-08 1.163448907462920839e-05
4.817140120967741836e+02 2.717958180975014817e-08 1.160590067332977823e-05
4.818390120967741836e+02 2.703520279738186617e-08 1.157738169262894269e-05
4.819640120967741836e+02 2.689158581990542366e-08 1.154893196596546032e-05
4.820890120967741836e+02 2.674872688561629278e-08 1.152055132717267149e-05
4.822140120967741836e+02 2.660662202353153139e-08 1.149223961047750737e-05
4.823390120967741836e+02 2.646526728328300399e-08 1.146399665049965306e-05
4.824640120967741836e+02 2.632465873501210476e-08 1.143582228225056843e-05
4.825890120967741836e+02 2.618479246926406377e-08 1.140771634113258008e-05
4.827140120967741836e+02 2.604566459688332181e-08 1.137967866293808514e-05
4.828390120967741836e+02 2.590727124890888880e-08 1.135170908384844337e-05
4.829640120967741836e+02 2.576960857647121088e-08 1.132380744043321817e-05
4.830890120967741836e+02 2.563267275068857430e-08 1.129597356964923983e-05
4.832140120967741836e+02 2.549645996256459128e-08 1.126820730883966863e-05
4.833390120967741836e+02 2.536096642288567926e-08 1.124050849573312756e-05
4.834640120967741836e+02 2.522618836211999594e-08 1.121287696844280101e-05
4.835890120967741836e+02 2.509212203031590456e-08 1.118531256546551324e-05
4.837140120967741836e+02 2.495876369700147472e-08 1.115781512568085424e-05
4.838390120967741836e+02 2.482610965108445642e-08 1.113038448835033096e-05
4.839640120967741836e+02 2.469415620075231362e-08 1.110302049311636449e-05
4.840890120967741836e+02 2.456289967337371032e-08 1.107572298000150564e-05
4.842140120967741836e+02 2.443233641539950040e-08 1.104849178940749309e-05
4.843390120967741836e+02 2.430246279226487870e-08 1.102132676211438770e-05
4.844640120967741836e+02 2.417327518829138996e-08 1.099422773927970008e-05
4.845890120967741836e+02 2.404477000659036703e-08 1.096719456243748592e-05
4.847140120967741836e+02 2.391694366896600845e-08 1.094022707349746683e-05
4.848390120967741836e+02 2.378979261581940240e-08 1.091332511474423239e-05
4.849640120967741836e+02 2.366331330605255050e-08 1.088648852883622202e-05
4.850890120967741836e+02 2.353750221697376821e-08 1.085971715880496777e-05
4.852140120967741836e+02 2.341235584420270790e-08 1.083301084805417776e-05
4.853390120967741836e+02 2.328787070157626541e-08 1.080636944035887567e-05
4.854640120967741836e+02 2.316404332105460242e-08 1.077979277986454691e-05
4.855890120967741836e+02 2.304087025262846250e-08 1.075328071108624748e-05
4.857140120967741836e+02 2.291834806422599089e-08 1.072683307890775872e-05
4.858390120967741836e+02 2.279647334162061635e-08 1.070044972858071313e-05
4.859640120967741836e+02 2.267524268833927709e-08 1.067413050572379475e-05
4.860890120967741836e+02 2.255465272557078244e-08 1.064787525632178884e-05
4.862140120967741836e+02 2.243470009207539871e-08 1.062168382672477547e-05
4.863390120967741836e+02 2.231538144409409418e-08 1.059555606364727399e-05
4.864640120967741836e+02 2.219669345525878674e-08 1.056949181416741303e-05
4.865890120967741836e+02 2.207863281650246907e-08 1.054349092572603254e-05
4.867140120967741836e+02 2.196119623597065725e-08 1.051755324612587240e-05
4.868390120967741836e+02 2.184438043893249870e-08 1.049167862353071180e-05
4.869640120967741836e+02 2.172818216769275016e-08 1.046586690646457984e-05
4.870890120967741836e+02 2.161259818150378226e-08 1.044011794381080680e-05
4.872140120967741836e+02 2.149762525647880495e-08 1.041443158481127205e-05
4.873390120967741836e+02 2.138326018550472239e-08 1.038880767906553152e-05
4.874640120967741836e+02 2.126949977815595061e-08 1.036324607652999614e-05
4.875890120967741836e+02 2.115634086060815918e-08 1.033774662751710004e-05
4.877140120967741836e+02 2.104378027555324691e-08 1.031230918269443487e-05
4.878390120967741836e+02 2.093181488211399338e-08 1.028693359308397561e-05
4.879640120967741836e+02 2.082044155575947145e-08 1.026161971006118274e-05
4.880890120967741836e+02 2.070965718822097594e-08 1.023636738535428054e-05
4.882140120967741836e+02 2.059945868740791920e-08 1.021117647104332197e-05
4.883390120967741836e+02 2.048984297732498070e-08 1.018604681955941452e-05
4.884640120967741836e+02 2.038080699798884303e-08 1.016097828368389683e-05
4.885890120967741836e+02 2.027234770534589076e-08 1.013597071654754422e-05
4.887140120967741836e+02 2.016446207118980666e-08 1.011102397162970131e-05
4.888390120967741836e+02 2.005714708308039225e-08 1.008613790275751971e-05
4.889640120967741836e+02 1.995039974426198790e-08 1.006131236410507029e-05
4.890890120967741836e+02 1.984421707358282935e-08 1.003654721019266559e-05
4.892140120967741836e+02 1.973859610541432813e-08 1.001184229588590267e-05
4.893390120967741836e+02 1.963353388957149344e-08 9.987197476394931247e-06
4.894640120967741836e+02 1.952902749123303979e-08 9.962612607273635488e-06
4.895890120967741836e+02 1.942507399086236143e-08 9.938087544418841175e-06
4.897140120967741836e+02 1.932167048412840426e-08 9.913622144069495780e-06
4.898390120967741836e+02 1.921881408182776528e-08 9.889216262805868867e-06
4.899640120967741836e+02 1.911650190980636522e-08 9.864869757548782981e-06
4.900890120967741836e+02 1.901473110888195160e-08 9.840582485558741212e-06
4.902140120967741836e+02 1.891349883476696912e-08 9.816354304435285136e-06
4.903390120967741836e+02 1.881280225799144329e-08 9.792185072116008874e-06
4.904640120967741836e+02 1.871263856382702866e-08 9.768074646875893322e-06
4.905890120967741836e+02 1.861300495221067665e-08 9.744022887326494694e-06
4.907140120967741836e+02 1.851389863766914698e-08 9.720029652415136453e-06
4.908390120967741836e+02 1.841531684924345635e-08 9.696094801424131734e-06
4.909640120967741836e+02 1.831725683041445867e-08 9.672218193970022706e-06
4.910890120967741836e+02 1.821971583902804138e-08 9.648399690002757264e-06
4.912140120967741836e+02 1.812269114722118553e-08 9.624639149804904665e-06
4.913390120967741836e+02 1.802618004134793968e-08 9.600936433990989771e-06
4.914640120967741836e+02 1.793017982190649894e-08 9.577291403506544364e-06
4.915890120967741836e+02 1.783468780346591353e-08 9.553703919627456629e-06
4.917140120967741836e+02 1.773970131459363432e-08 9.530173843959130898e-06
4.918390120967741836e+02 1.764521769778302866e-08 9.506701038435760891e-06
4.919640120967741836e+02 1.755123430938185575e-08 9.483285365319545369e-06
4.920890120967741836e+02 1.745774851952055003e-08 9.459926687199905472e-06
4.922140120967741836e+02 1.736475771204110688e-08 9.436624866992707143e-06
4.923390120967741836e+02 1.727225928442639170e-08 9.413379767939602139e-06
4.924640120967741836e+02 1.718025064772945570e-08 9.390191253607097985e-06
4.925890120967741836e+02 1.708872922650386083e-08 9.367059187885905762e-06
4.927140120967741836e+02 1.699769245873374329e-08 9.343983434990172694e-06
4.928390120967741836e+02 1.690713779576457193e-08 9.320963859456689324e-06
4.929640120967741836e+02 1.681706270223389995e-08 9.298000326144167843e-06
4.930890120967741836e+02 1.672746465600313910e-08 9.275092700232469596e-06
4.932140120967741836e+02 1.663834114808899297e-08 9.252240847221846140e-06
4.933390120967741836e+02 1.654968968259563814e-08 9.229444632932198939e-06
4.934640120967741836e+02 1.646150777664687221e-08 9.206703923502372936e-06
4.935890120967741836e+02 1.637379296031929081e-08 9.184018585389311213e-06
4.937140120967741836e+02 1.628654277657506763e-08 9.161388485367397700e-06
4.938390120967741836e+02 1.619975478119554173e-08 9.138813490527669426e-06
4.939640120967741836e+02 1.611342654271476184e-08 9.116293468277088076e-06
4.940890120967741836e+02 1.602755564235394058e-08 9.093828286337806460e-06
4.942140120967741836e+02 1.594213967395567705e-08 9.071417812746404487e-06
4.943390120967741836e+02 1.585717624391879156e-08 9.049061915853174272e-06
4.944640120967741836e+02 1.577266297113350441e-08 9.026760464321415402e-06
4.945890120967741836e+02 1.568859748691665777e-08 9.004513327126620090e-06
4.947140120967741836e+02 1.560497743494783082e-08 8.982320373555807412e-06
4.948390120967741836e+02 1.552180047120522338e-08 8.960181473206766054e-06
4.949640120967741836e+02 1.543906426390220116e-08 8.938096495987334336e-06
4.950890120967741836e+02 1.535676649342382461e-08 8.916065312114681928e-06
4.952140120967741836e+02 1.527490485226425778e-08 8.894087792114557686e-06
4.953390120967741836e+02 1.519347704496396875e-08 8.872163806820593390e-06
4.954640120967741836e+02 1.511248078804754223e-08 8.850293227373558352e-06
4.955890120967741836e+02 1.503191380996149212e-08 8.828475925220688572e-06
4.957140120967741836e+02 1.495177385101297400e-08 8.806711772114902381e-06
4.958390120967741836e+02 1.487205866330822144e-08 8.785000640114110958e-06
4.959640120967741836e+02 1.479276601069163735e-08 8.763342401580508513e-06
4.960890120967741836e+02 1.471389366868486385e-08 8.741736929179865867e-06
4.962140120967741836e+02 1.463543942442674718e-08 8.720184095880798613e-06
4.963390120967741836e+02 1.455740107661299654e-08 8.698683774954065772e-06
4.964640120967741836e+02 1.447977643543653935e-08 8.677235839971870142e-06
4.965890120967741836e+02 1.440256332252782037e-08 8.655840164807112916e-06
4.967140120967741836e+02 1.432575957089597755e-08 8.634496623632777033e-06
4.968390120967741836e+02 1.424936302486973501e-08 8.613205090921117422e-06
4.969640120967741836e+02 1.417337154003890320e-08 8.591965441443010474e-06
4.970890120967741836e+02 1.409778298319617184e-08 8.570777550267261177e-06
4.972140120967741836e+02 1.402259523227892436e-08 8.549641292759879743e-06
4.973390120967741836e+02 1.394780617631187956e-08 8.528556544583395512e-06
4.974640120967741836e+02 1.387341371534952318e-08 8.507523181696181026e-06
4.975890120967741836e+02 1.379941576041911342e-08 8.486541080351698161e-06
4.977140120967741836e+02 1.372581023346367837e-08 8.465610117097900129e-06
4.978390120967741836e+02 1.365259506728585368e-08 8.444730168776453896e-06
4.979640120967741836e+02 1.357976820549143907e-08 8.423901112522079500e-06
4.980890120967741836e+02 1.350732760243358520e-08 8.403122825761863955e-06
4.982140120967741836e+02 1.343527122315696224e-08 8.382395186214597173e-06
4.983390120967741836e+02 1.336359704334268948e-08 8.361718071890045212e-06
4.984640120967741836e+02 1.329230304925309792e-08 8.341091361088306535e-06
4.985890120967741836e+02 1.322138723767701058e-08 8.320514932399095410e-06
4.987140120967741836e+02 1.315084761587505923e-08 8.299988664701071073e-06
4.988390120967741836e+02 1.308068220152574233e-08 8.279512437161224464e-06
4.989640120967741836e+02 1.301088902267128106e-08 8.259086129234073553e-06
4.990890120967741836e+02 1.294146611766399321e-08 8.238709620661097520e-06
4.992140120967741836e+02 1.287241153511294668e-08 8.218382791470013390e-06
4.993390120967741836e+02 1.280372333383063605e-08 8.198105521974113650e-06
4.994640120967741836e+02 1.273539958278042357e-08 8.177877692771595402e-06
4.995890120967741836e+02 1.266743836102375014e-08 8.157699184744904758e-06
4.997140120967741836e+02 1.259983775766793853e-08 8.137569879060018558e-06
4.998390120967741836e+02 1.253259587181393712e-08 8.117489657165893795e-06
4.999640120967741836e+02 1.246571081250484439e-08 8.097458400793654468e-06
5.000890120967741836e+02 1.239918069867418375e-08 8.077475991956018983e-06
5.002140120967741836e+02 1.233300365909476712e-08 8.057542312946634389e-06
5.003390120967741836e+02 1.226717783232751075e-08 8.037657246339385196e-06
5.004640120967741836e+02 1.220170136667099701e-08 8.017820674987759797e-06
5.005890120967741836e+02 1.213657242011080459e-08 7.998032482024189781e-06
5.007140120967741836e+02 1.207178916026940954e-08 7.978292550859380776e-06
5.008390120967741836e+02 1.200734976435605808e-08 7.958600765181655153e-06
5.009640120967741836e+02 1.194325241911731279e-08 7.938957008956364187e-06
5.010890120967741836e+02 1.187949532078747472e-08 7.919361166425137579e-06
5.012140120967741836e+02 1.181607667503940417e-08 7.899813122105293930e-06
5.013390120967741836e+02 1.175299469693565918e-08 7.880312760789183436e-06
5.014640120967741836e+02 1.169024761087961573e-08 7.860859967543537370e-06
5.015890120967741836e+02 1.162783365056731260e-08 7.841454627708831115e-06
5.017140120967741836e+02 1.156575105893908613e-08 7.822096626898626863e-06
5.018390120967741836e+02 1.150399808813170459e-08 7.802785850998940033e-06
5.019640120967741836e+02 1.144257299943053065e-08 7.783522186167592146e-06
5.020890120967741836e+02 1.138147406322230760e-08 7.764305518833616198e-06
5.022140120967741836e+02 1.132069955894779990e-08 7.745135735696534994e-06
5.023390120967741836e+02 1.126024777505489706e-08 7.726012723725791939e-06
5.024640120967741836e+02 1.120011700895175052e-08 7.706936370160086968e-06
5.025890120967741836e+02 1.114030556696051769e-08 7.687906562506768371e-06
5.027140120967741836e+02 1.108081176427095880e-08 7.668923188541160253e-06
5.028390120967741836e+02 1.102163392489453336e-08 7.649986136305976384e-06
5.029640120967741836e+02 1.096277038161842872e-08 7.631095294110657823e-06
5.030890120967741836e+02 1.090421947596031000e-08 7.612250550530796086e-06
5.032140120967741836e+02 1.084597955812281856e-08 7.593451794407425025e-06
5.033390120967741836e+02 1.078804898694857666e-08 7.574698914846470262e-06
5.034640120967741836e+02 1.073042612987536752e-08 7.555991801218088498e-06
5.035890120967741836e+02 1.067310936289137324e-08 7.537330343156054262e-06
5.037140120967741836e+02 1.061609707049104641e-08 7.518714430557153438e-06
5.038390120967741836e+02 1.055938764563077818e-08 7.500143953580542906e-06
5.039640120967741836e+02 1.050297948968507751e-08 7.481618802647149997e-06
5.040890120967741836e+02 1.044687101240269259e-08 7.463138868439032133e-06
5.042140120967741836e+02 1.039106063186340053e-08 7.444704041898822024e-06
5.043390120967741836e+02 1.033554677443456389e-08 7.426314214229036489e-06
5.044640120967741836e+02 1.028032787472820660e-08 7.407969276891515718e-06
5.045890120967741836e+02 1.022540237555804686e-08 7.389669121606787149e-06
5.047140120967741836e+02 1.017076872789713064e-08 7.371413640353488645e-06
5.048390120967741836e+02 1.011642539083531296e-08 7.353202725367724742e-06
5.049640120967741836e+02 1.006237083153718576e-08 7.335036269142484740e-06
5.050890120967741836e+02 1.000860352519999432e-08 7.316914164427015052e-06
5.052140120967741836e+02 9.955121955012135950e-09 7.298836304226276258e-06
5.053390120967741836e+02 9.901924612111504790e-09 7.280802581800257849e-06
5.054640120967741836e+02 9.849009995544238695e-09 7.262812890663425120e-06
5.055890120967741836e+02 9.796376612223687753e-09 7.244867124584108460e-06
5.057140120967741836e+02 9.744022976889369586e-09 7.226965177583923975e-06
5.058390120967741836e+02 9.691947612066564886e-09 7.209106943937153468e-06
5.059640120967741836e+02 9.640149048025701192e-09 7.191292318170157437e-06
5.060890120967741836e+02 9.588625822742180034e-09 7.173521195060790631e-06
5.062140120967741836e+02 9.537376481856209048e-09 7.155793469637785401e-06
5.063390120967741836e+02 9.486399578633188292e-09 7.138109037180218077e-06
5.064640120967741836e+02 9.435693673923932784e-09 7.120467793216844043e-06
5.065890120967741836e+02 9.385257336125331797e-09 7.102869633525553941e-06
5.067140120967741836e+02 9.335089141140981675e-09 7.085314454132784986e-06
5.068390120967741836e+02 9.285187672342389408e-09 7.067802151312926350e-06
5.069640120967741836e+02 9.235551520530009121e-09 7.050332621587732161e-06
5.070890120967741836e+02 9.186179283894693797e-09 7.032905761725762470e-06
5.072140120967741836e+02 9.137069567979150317e-09 7.015521468741759830e-06
5.073390120967741836e+02 9.088220985639917279e-09 6.998179639896130910e-06
5.074640120967741836e+02 9.039632157009207153e-09 6.980880172694309533e-06
5.075890120967741836e+02 8.991301709457105780e-09 6.963622964886196780e-06
5.077140120967741836e+02 8.943228277553986945e-09 6.946407914465596871e-06
5.078390120967741836e+02 8.895410503032920322e-09 6.929234919669643720e-06
5.079640120967741836e+02 8.847847034752645215e-09 6.912103878978206322e-06
5.080890120967741836e+02 8.800536528660362325e-09 6.895014691113350037e-06
5.082140120967741836e+02 8.753477647754947367e-09 6.877967255038725031e-06
5.083390120967741836e+02 8.706669062050146503e-09 6.860961469959019944e-06
5.084640120967741836e+02 8.660109448538269722e-09 6.843997235319433339e-06
5.085890120967741836e+02 8.613797491153788285e-09 6.827074450805020638e-06
5.087140120967741836e+02 8.567731880737261370e-09 6.810193016340190143e-06
5.088390120967741836e+02 8.521911314999295818e-09 6.793352832088128738e-06
5.089640120967741836e+02 8.476334498484998874e-09 6.776553798450231848e-06
5.090890120967741836e+02 8.431000142538286992e-09 6.759795816065542692e-06
5.092140120967741836e+02 8.385906965266578464e-09 6.743078785810200871e-06
5.093390120967741836e+02 8.341053691505472805e-09 6.726402608796866386e-06
5.094640120967741836e+02 8.296439052783934720e-09 6.709767186374174143e-06
5.095890120967741836e+02 8.252061787289335802e-09 6.693172420126213034e-06
5.097140120967741836e+02 8.207920639832832052e-09 6.676618211871882189e-06
5.098390120967741836e+02 8.164014361814920085e-09 6.660104463664423415e-06
5.099640120967741836e+02 8.120341711191036342e-09 6.643631077790822341e-06
5.100890120967741836e+02 8.076901452437601323e-09 6.627197956771270557e-06
5.102140120967741836e+02 8.033692356517964563e-09 6.610805003358631129e-06
5.103390120967741836e+02 7.990713200848697020e-09 6.594452120537854156e-06
5.104640120967741836e+02 7.947962769265878507e-09 6.578139211525457528e-06
5.105890120967741836e+02 7.905439851991856605e-09 6.561866179768998387e-06
5.107140120967741836e+02 7.863143245601876550e-09 6.545632928946472573e-06
5.108390120967741836e+02 7.821071752991061831e-09 6.529439362965816576e-06
5.109640120967741836e+02 7.779224183341399759e-09 6.513285385964346792e-06
5.110890120967741836e+02 7.737599352089167099e-09 6.497170902308230135e-06
5.112140120967741836e+02 7.696196080892256429e-09 6.481095816591933460e-06
5.113390120967741836e+02 7.655013197597825112e-09 6.465060033637695865e-06
5.114640120967741836e+02 7.614049536209952529e-09 6.449063458494973036e-06
5.115890120967741836e+02 7.573303936857740691e-09 6.433105996439917168e-06
5.117140120967741836e+02 7.532775245763302345e-09 6.417187552974868747e-06
5.118390120967741836e+02 7.492462315210048525e-09 6.401308033827754308e-06
5.119640120967741836e+02 7.452364003511143195e-09 6.385467344951612099e-06
5.120890120967741268e+02 7.412479174977981872e-09 6.369665392524034728e-06
5.122140120967741268e+02 7.372806699889109493e-09 6.353902082946658409e-06
5.123390120967741268e+02 7.333345454459018329e-09 6.338177322844609845e-06
5.124640120967741268e+02 7.294094320807282574e-09 6.322491019066003092e-06
5.125890120967741268e+02 7.255052186927673899e-09 6.306843078681392374e-06
5.127140120967741268e+02 7.216217946657721204e-09 6.291233408983287582e-06
5.128390120967741268e+02 7.177590499648137199e-09 6.275661917485567282e-06
5.129640120967741268e+02 7.139168751332600667e-09 6.260128511923004370e-06
5.130890120967741268e+02 7.100951612897490752e-09 6.244633100250729908e-06
5.132140120967741268e+02 7.062938001252077854e-09 6.229175590643714734e-06
5.133390120967741268e+02 7.025126838998576379e-09 6.213755891496252774e-06
5.134640120967741268e+02 6.987517054402539946e-09 6.198373911421433343e-06
5.135890120967741268e+02 6.950107581363217715e-09 6.183029559250644778e-06
5.137140120967741268e+02 6.912897359384359051e-09 6.167722744033025566e-06
5.138390120967741268e+02 6.875885333544878383e-09 6.152453375035008638e-06
5.139640120967741268e+02 6.839070454469824480e-09 6.137221361739745386e-06
5.140890120967741268e+02 6.802451678301485378e-09 6.122026613846623702e-06
