1.927634408602150629e+01 0.000000000000000000e+00 0.000000000000000000e+00
1.940134408602150629e+01 9.106296001068343867e-07 2.008715129640060298e-03
1.952634408602150629e+01 4.946581411251216218e-06 2.723866587466544295e-03
1.965134408602150629e+01 1.317639574440440358e-05 3.198256464151558783e-03
1.977634408602150629e+01 2.618982225116349164e-05 3.539939795608543650e-03
1.990134408602150629e+01 4.432913994144917100e-05 3.793130952092831683e-03
2.002634408602150629e+01 6.777539658950089820e-05 3.981729781432212165e-03
2.015134408602150629e+01 9.659498881085672552e-05 4.120670011280348939e-03
2.027634408602150629e+01 1.220656491740486550e-04 4.220161984036545008e-03
2.040134408602150629e+01 1.479719791607847306e-04 4.287627439560844772e-03
2.052634408602150629e+01 1.758983514223506266e-04 4.328704126074964763e-03
2.065134408602150629e+01 2.057832320241067062e-04 4.347818065455109036e-03
2.077634408602150629e+01 2.375676945792344304e-04 4.348533136818178227e-03
2.090134408602150629e+01 2.711944844009675178e-04 4.333776663144851653e-03
2.102634408602150629e+01 3.066074253843347722e-04 4.305991570496969442e-03
2.115134408602150629e+01 3.437510437592830852e-04 4.267242840290122290e-03
2.127634408602150629e+01 3.825703326985892641e-04 4.219294307794265071e-03
2.140134408602150273e+01 4.230106102088619863e-04 4.163665538103144062e-03
2.152634408602150273e+01 4.650174396481213178e-04 4.101674911161111436e-03
2.165134408602150273e+01 5.085365926274097899e-04 4.034472909723729392e-03
2.177634408602150273e+01 5.535140406569829478e-04 3.963068287786039937e-03
2.190134408602150273e+01 5.998959661925099256e-04 3.888348960512929848e-03
2.202634408602150273e+01 6.476287865916231356e-04 3.811098910146167810e-03
2.215134408602150273e+01 6.966591864258576874e-04 3.732012036444608445e-03
2.227634408602150273e+01 7.469341549255782134e-04 3.651703629724919412e-03
2.240134408602150273e+01 7.984010262668266196e-04 3.570719969761035773e-03
2.252634408602150273e+01 8.510075210682173071e-04 3.489546429539669512e-03
2.265134408602150273e+01 9.047017879370316444e-04 3.454410221804374986e-03
2.277634408602150273e+01 9.594324442440496127e-04 3.525171923003809354e-03
2.290134408602150273e+01 1.015148615553904295e-03 3.590656864587874180e-03
2.302634408602150273e+01 1.071799973318614740e-03 3.651012676659333087e-03
2.315134408602150273e+01 1.129336770574857927e-03 3.706395655003615931e-03
2.327634408602150273e+01 1.187709875483384473e-03 3.756969165556716100e-03
2.340134408602150273e+01 1.246870802621148980e-03 3.802902225043456458e-03
2.352634408602150273e+01 1.306771741989861237e-03 3.844368237453129125e-03
2.365134408602150273e+01 1.367365585743425711e-03 3.881543868839157623e-03
2.377634408602150273e+01 1.428605952665360553e-03 3.914608045277581140e-03
2.390134408602150273e+01 1.490447210447331866e-03 3.943741060786651494e-03
2.402634408602150273e+01 1.552844495834511526e-03 3.969123783668736423e-03
2.415134408602150273e+01 1.615753732713343278e-03 3.990936951142404904e-03
2.427634408602150273e+01 1.679131648223495870e-03 4.009360543332766806e-03
2.440134408602150273e+01 1.742935786979995421e-03 4.024573228717441727e-03
2.452634408602150273e+01 1.807124523493055341e-03 4.036751874010664071e-03
2.465134408602150273e+01 1.871657072873951543e-03 4.046071112236613275e-03
2.477634408602150273e+01 1.936493499914253508e-03 4.052702963409282946e-03
2.490134408602150273e+01 2.001594726624825182e-03 4.056816502817767872e-03
2.502634408602150273e+01 2.066922538318435084e-03 4.058577572427226991e-03
2.515134408602150273e+01 2.132439588317873880e-03 4.058148531353340804e-03
2.527634408602150273e+01 2.171502693133760958e-03 4.055688041765342054e-03
2.540134408602150273e+01 2.143282767926885102e-03 4.051350886920341426e-03
2.552634408602150273e+01 2.118030907027094838e-03 4.045287818348494713e-03
2.565134408602150273e+01 2.095721419374859534e-03 4.037645429478349882e-03
2.577634408602150273e+01 2.076323838746243176e-03 4.028566053248053454e-03
2.590134408602150273e+01 2.059803376405307338e-03 4.018187681461875965e-03
2.602634408602150273e+01 2.046121339674789735e-03 4.006643903857006438e-03
2.615134408602150273e+01 2.035235519278632502e-03 4.062624105801709330e-03
2.627634408602150273e+01 2.027100548000333041e-03 4.123477246439305119e-03
2.640134408602150273e+01 2.021668232957343856e-03 4.182144533119119649e-03
2.652634408602150273e+01 2.018887863564096125e-03 4.238633576993566104e-03
2.665134408602150273e+01 2.018706497077832774e-03 4.292956033053685339e-03
2.677634408602150273e+01 2.021069223430142347e-03 4.345127351334322589e-03
2.690134408602150273e+01 2.025919410894808786e-03 4.395166535113152403e-03
2.702634408602150273e+01 2.033198934022223230e-03 4.443095906260620571e-03
2.715134408602150273e+01 2.042848385121870478e-03 4.488940877826296319e-03
2.727634408602150273e+01 2.054807270483748321e-03 4.532729733937705847e-03
2.740134408602150273e+01 2.069014192423386782e-03 4.574493417053678707e-03
2.752634408602150273e+01 2.085407018142193970e-03 4.614265322572156693e-03
2.765134408602150273e+01 2.103923036323444417e-03 4.652081100787361714e-03
2.777634408602150273e+01 2.124499102304572111e-03 4.687978466156384090e-03
2.790134408602150273e+01 2.147071772592672092e-03 4.721997013826456820e-03
2.802634408602150273e+01 2.171577429465219953e-03 4.754178043343678002e-03
2.815134408602150273e+01 2.197952396287471133e-03 4.784564389466501415e-03
2.827634408602150273e+01 2.226133044180841208e-03 4.813200259977006186e-03
2.840134408602150273e+01 2.256055890608558122e-03 4.840131080382085657e-03
2.852634408602150273e+01 2.287657690394763726e-03 4.865403345389283062e-03
2.865134408602150273e+01 2.320875519677968214e-03 4.889064477018240269e-03
2.877634408602150273e+01 2.355646853248169470e-03 4.911162689222857772e-03
2.890134408602150273e+01 2.391909635693686715e-03 4.931746858870503236e-03
2.902634408602150273e+01 2.429602346750601646e-03 4.950866402943519644e-03
2.915134408602150273e+01 2.468664061223381154e-03 4.968571161799676707e-03
2.927634408602150273e+01 2.509034503814967874e-03 4.984911288340125937e-03
2.940134408602150273e+01 2.550654099204137815e-03 4.999937142939562401e-03
2.952634408602150273e+01 2.593464017638468563e-03 5.013699193955155689e-03
2.965134408602150273e+01 2.637406216356711752e-03 5.026247923675839120e-03
2.977634408602150273e+01 2.682423477082019041e-03 5.037633739542854601e-03
2.990134408602150273e+01 2.728459439831243828e-03 5.047906890473901655e-03
3.002634408602150273e+01 2.775458633287390155e-03 5.057117388141438991e-03
3.015134408602150273e+01 2.823366501931310647e-03 5.066756225106583932e-03
3.027634408602150273e+01 2.872129430145337926e-03 5.079298392008278588e-03
3.040134408602150273e+01 2.921694763479210262e-03 5.090923009097009407e-03
3.052634408602150273e+01 2.972010827256119266e-03 5.101673097411526907e-03
3.065134408602150273e+01 3.023026942677986290e-03 5.111591268065885860e-03
3.077634408602150273e+01 3.074693440604194927e-03 5.120719671963668874e-03
3.090134408602150273e+01 3.126961673141228238e-03 5.129099953008950212e-03
3.102634408602150273e+01 3.179784023178455852e-03 5.136773204682421913e-03
3.115134408602150273e+01 3.233113912019299624e-03 5.143779929858247058e-03
3.127634408602150273e+01 3.286905805212896915e-03 5.150160003734547375e-03
3.140134408602150273e+01 3.341115216706232356e-03 5.155952639759806867e-03
3.152634408602150273e+01 3.395698711443823504e-03 5.161196358430219372e-03
3.165134408602150273e+01 3.450613906499969651e-03 5.165928958837087172e-03
3.177634408602150273e+01 3.505819470837611383e-03 5.199577278876604466e-03
3.190134408602150273e+01 3.561275123808875075e-03 5.242114553074080432e-03
3.202634408602150273e+01 3.616941632467162229e-03 5.283955666681088709e-03
3.215134408602150273e+01 3.672780807765422748e-03 5.325100334798294269e-03
3.227634408602150273e+01 3.706668076636492493e-03 5.365548625578303935e-03
3.240134408602150273e+01 3.722277114917580624e-03 5.405300950103594793e-03
3.252634408602150273e+01 3.738819276798658209e-03 5.444358052399130878e-03
3.265134408602150273e+01 3.756279527643717302e-03 5.482720999580902380e-03
3.277634408602150273e+01 3.774642056358047931e-03 5.520391172142584402e-03
3.290134408602150273e+01 3.793890328177967289e-03 5.557370254381501819e-03
3.302634408602150273e+01 3.814007135821812465e-03 5.593660224965031277e-03
3.315134408602150273e+01 3.834974649022328611e-03 5.629263347638232239e-03
3.327634408602150273e+01 3.856774462460891510e-03 5.664182162074000298e-03
3.340134408602150273e+01 3.879387642125935957e-03 5.698419474866150448e-03
3.352634408602150273e+01 3.902794770117605765e-03 5.731978350665748595e-03
3.365134408602150273e+01 3.926975987925357924e-03 5.764862103461583856e-03
3.377634408602150273e+01 3.951911038201715021e-03 5.797074288004315859e-03
3.390134408602150273e+01 3.977579305058771830e-03 5.828618691375219915e-03
3.402634408602150273e+01 4.003959852912600433e-03 5.859499324698802351e-03
3.415134408602150273e+01 4.031031463905095785e-03 5.889720414999335442e-03
3.427634408602150273e+01 4.058772673927955529e-03 5.919286397201311938e-03
3.440134408602150273e+01 4.087161807278884978e-03 5.948201906273503474e-03
3.452634408602150273e+01 4.116177009975724617e-03 5.976471769515360848e-03
3.465134408602150273e+01 4.145796281760690503e-03 6.004100998986544591e-03
3.477634408602150273e+01 4.175997506817642410e-03 6.031094784077806886e-03
3.490134408602150273e+01 4.206758483237260648e-03 6.057458484223040077e-03
3.502634408602150273e+01 4.238056951253411572e-03 6.083197621751860323e-03
3.515134408602150273e+01 4.269870620284024927e-03 6.108317874881506043e-03
3.527634408602150273e+01 4.302177194799171496e-03 6.132825070847161206e-03
3.540134408602150273e+01 4.334954399053489275e-03 6.156725179170179606e-03
3.552634408602150273e+01 4.368180000701327170e-03 6.180024305062759016e-03
3.565134408602150273e+01 4.401831833332568028e-03 6.202728682967927239e-03
3.577634408602150273e+01 4.435887817948389045e-03 6.224844670233911116e-03
3.590134408602150273e+01 4.470325983412109377e-03 6.246378740922035877e-03
3.602634408602150273e+01 4.505124485898616589e-03 6.267337479745928308e-03
3.615134408602150273e+01 4.540261627369279220e-03 6.287727576141947418e-03
3.627634408602150273e+01 4.575715873102879222e-03 6.307555818468669855e-03
3.640134408602150273e+01 4.611465868305908433e-03 6.326829088334428274e-03
3.652634408602150273e+01 4.647490453829154593e-03 6.345554355051780289e-03
3.665134408602150273e+01 4.683768681019683834e-03 6.363738670216896598e-03
3.677634408602150273e+01 4.720279825726991958e-03 6.381389162412978364e-03
3.690134408602150273e+01 4.757003401497618238e-03 6.398513032036330823e-03
3.702634408602150273e+01 4.793919171974413661e-03 6.415117546242837983e-03
3.715134408602150273e+01 4.831007162531943643e-03 6.431210034014487112e-03
3.727634408602150273e+01 4.868247671167086343e-03 6.446797881343634129e-03
3.740134408602150273e+01 4.905621278668862925e-03 6.461888526533554437e-03
3.752634408602150273e+01 4.943108858096907643e-03 6.476489455614234045e-03
3.765134408602150273e+01 4.980691583581399982e-03 6.490608197871586445e-03
3.777634408602150273e+01 5.018350938474067102e-03 6.504252321488323239e-03
3.790134408602150273e+01 5.056068722870511213e-03 6.517429429295108073e-03
3.802634408602150273e+01 5.093827060523703661e-03 6.530147154630887123e-03
3.815134408602150273e+01 5.131608405170874458e-03 6.542413157309948449e-03
3.827634408602150273e+01 5.163893628269839060e-03 6.554235119694824634e-03
3.840134408602150273e+01 5.174079599488433552e-03 6.565620742873319593e-03
3.852634408602150273e+01 5.184683265270241363e-03 6.576577742937739224e-03
3.865134408602150273e+01 5.195701093280374362e-03 6.587113847365642406e-03
3.877634408602150273e+01 5.207129171792711578e-03 6.597236791499231853e-03
3.890134408602150273e+01 5.218963226039985415e-03 6.606954315123061278e-03
3.902634408602150273e+01 5.231198634307561608e-03 6.616274159137697924e-03
3.915134408602150273e+01 5.243830443797372655e-03 6.625204062328439274e-03
3.927634408602150273e+01 5.256853386232203905e-03 6.633751758226480964e-03
3.940134408602150273e+01 5.270261893206627628e-03 6.641924972062594919e-03
3.952634408602150273e+01 5.284050111278124941e-03 6.649731417809997408e-03
3.965134408602150273e+01 5.298211916775055763e-03 6.657178795316257003e-03
3.977634408602150273e+01 5.312740930359125500e-03 6.664274787522181560e-03
3.990134408602150273e+01 5.327630531275468796e-03 6.671027057765888807e-03
4.002634408602150273e+01 5.342873871365024993e-03 6.677443247171072592e-03
4.015134408602150273e+01 5.358463888747509556e-03 6.683530972118052749e-03
4.027634408602150273e+01 5.374393321264533951e-03 6.689297821795057650e-03
4.040134408602150273e+01 5.390654719596302616e-03 6.694751355830002269e-03
4.052634408602150273e+01 5.407240460115450738e-03 6.699899101999702566e-03
4.065134408602150273e+01 5.424142757437252528e-03 6.704748554015844443e-03
4.077634408602150273e+01 5.441353676690505181e-03 6.709307169386454807e-03
4.090134408602150273e+01 5.458865145476656140e-03 6.713582367350856388e-03
4.102634408602150273e+01 5.476668965562237444e-03 6.720788799950607600e-03
4.115134408602150273e+01 5.494756824258447900e-03 6.742805793676450235e-03
4.127634408602150273e+01 5.513120305527642942e-03 6.764239376701507676e-03
4.140134408602150273e+01 5.531750900776364298e-03 6.785095191683781363e-03
4.152634408602150273e+01 5.550640019395088748e-03 6.805379044001586518e-03
4.165134408602150273e+01 5.569778998970901715e-03 6.825096894073992039e-03
4.177634408602150273e+01 5.589159115239984883e-03 6.844254849846182279e-03
4.190134408602150273e+01 5.608771591747618163e-03 6.862859159447817596e-03
4.202634408602150273e+01 5.628607609225291623e-03 6.880916203996445546e-03
4.215134408602150273e+01 5.648658314694138781e-03 6.898432490584592396e-03
4.227634408602150273e+01 5.668914830274472162e-03 6.915414645403836214e-03
4.240134408602150273e+01 5.689368261742691960e-03 6.931869407046339568e-03
4.252634408602150273e+01 5.710009706799482054e-03 6.947803619941515449e-03
4.265134408602150273e+01 5.730830263076850360e-03 6.963224227961954498e-03
4.277634408602150273e+01 5.751821035871245921e-03 6.978138268175996216e-03
4.290134408602150273e+01 5.772973145625892241e-03 6.992552864749596551e-03
4.302634408602150273e+01 5.794277735135729655e-03 7.006475222994495121e-03
4.315134408602150273e+01 5.815725976517504767e-03 7.019912623563529484e-03
4.327634408602150273e+01 5.837309077908334025e-03 7.032872416794876298e-03
4.340134408602150273e+01 5.859018289923615189e-03 7.045362017190155007e-03
4.352634408602150273e+01 5.880844911868199527e-03 7.057388898038046213e-03
4.365134408602150273e+01 5.902780297707351659e-03 7.068960586174879469e-03
4.377634408602150273e+01 5.924815861800020178e-03 7.080084656877025373e-03
4.390134408602150273e+01 5.946943084386879103e-03 7.090768728897097958e-03
4.402634408602150273e+01 5.969153516868584870e-03 7.101020459619537296e-03
4.415134408602150273e+01 5.991438786841414912e-03 7.110847540358177475e-03
4.427634408602150273e+01 6.013790602916869836e-03 7.120257691772186905e-03
4.440134408602150273e+01 6.036200759324279047e-03 7.129258659415735853e-03
4.452634408602150273e+01 6.058661140295878988e-03 7.137858209402954575e-03
4.465134408602150273e+01 6.081163724242688931e-03 7.146064124206111257e-03
4.477634408602150273e+01 6.103700587733806165e-03 7.153884198560983738e-03
4.490134408602150273e+01 6.126263909258342077e-03 7.161326235501107307e-03
4.502634408602150273e+01 6.148845972801521634e-03 7.168398042502696112e-03
4.515134408602150273e+01 6.171439171227274464e-03 7.175107427739669218e-03
4.527634408602150273e+01 6.194036009461104629e-03 7.181462196463457050e-03
4.540134408602150273e+01 6.216629107504928996e-03 7.187470147474312766e-03
4.552634408602150273e+01 6.233308219737755673e-03 7.193139069721114602e-03
4.565134408602150273e+01 6.238898166963359471e-03 7.198476738988075253e-03
4.577634408602150273e+01 6.244541817205213376e-03 7.203490914701129837e-03
4.590134408602150273e+01 6.250240738503301703e-03 7.208189336828097794e-03
4.602634408602150273e+01 6.255996448766528058e-03 7.212579722876849737e-03
4.615134408602150273e+01 6.261810416395099423e-03 7.216669765003491319e-03
4.627634408602150273e+01 6.267684060902099265e-03 7.220467127206228568e-03
4.640134408602150273e+01 6.273618753532683202e-03 7.223979442615897223e-03
4.652634408602150273e+01 6.279615817882269399e-03 7.227214310885936820e-03
4.665134408602150273e+01 6.285676530512188456e-03 7.230179295666002738e-03
4.677634408602150273e+01 6.291802121563984558e-03 7.232881922166393626e-03
4.690134408602150273e+01 6.297993775371017386e-03 7.235329674815815619e-03
4.702634408602150273e+01 6.304252631068541814e-03 7.237529994997351362e-03
4.715134408602150273e+01 6.310579783200485557e-03 7.239490278873200908e-03
4.727634408602150273e+01 6.316976282324342912e-03 7.241217875288734167e-03
4.740134408602150273e+01 6.323443135613528859e-03 7.242720083762087778e-03
4.752634408602150273e+01 6.329981307456525666e-03 7.244004152544458904e-03
4.765134408602150273e+01 6.336591720053954754e-03 7.256318462805037665e-03
4.777634408602150273e+01 6.343275254011812234e-03 7.269893030404869089e-03
4.790134408602150273e+01 6.350032748932632302e-03 7.283102893384230808e-03
4.802634408602150273e+01 6.356865004002881965e-03 7.295951819006113101e-03
4.815134408602150273e+01 6.363772778577491719e-03 7.308443674546989850e-03
4.827634408602150273e+01 6.370756792761163127e-03 7.320582423214123426e-03
4.840134408602150273e+01 6.377817727986051684e-03 7.332372120111404525e-03
4.852634408602150273e+01 6.384956227586473763e-03 7.343816908268442634e-03
4.865134408602150273e+01 6.392172897369628910e-03 7.354921014721876871e-03
4.877634408602150273e+01 6.399468306183065183e-03 7.365688746659106514e-03
4.890134408602150273e+01 6.406842986478938733e-03 7.376124487615838728e-03
4.902634408602150273e+01 6.414297434873337221e-03 7.386232693736572916e-03
4.915134408602150273e+01 6.421832112703517240e-03 7.396017890090521643e-03
4.927634408602150273e+01 6.429447446579859490e-03 7.405484667048333608e-03
4.940134408602150273e+01 6.437143828935155965e-03 7.414637676721338652e-03
4.952634408602150273e+01 6.444921618569130102e-03 7.423481629454130315e-03
4.965134408602150273e+01 6.452781141189570767e-03 7.432021290384159019e-03
4.977634408602150273e+01 6.460722689949232635e-03 7.440261476054971582e-03
4.990134408602150273e+01 6.468746525978762325e-03 7.448207051096584520e-03
5.002634408602150273e+01 6.476852878915870595e-03 7.455862924958641530e-03
5.015134408602150273e+01 6.485041947429554497e-03 7.463234048708596198e-03
5.027634408602150273e+01 6.493313899741393926e-03 7.470325411889493748e-03
5.040134408602150273e+01 6.501668874141541647e-03 7.477142039435244122e-03
5.052634408602150273e+01 6.510106979501355771e-03 7.483688988649277521e-03
5.065134408602150273e+01 6.518628295781331988e-03 7.489971346239542895e-03
5.077634408602150273e+01 6.527232874535126607e-03 7.495994225414842789e-03
5.090134408602150273e+01 6.535920739408867218e-03 7.501762763041558250e-03
5.102634408602150273e+01 6.544691886636767528e-03 7.507282116856170244e-03
5.115134408602150273e+01 6.553546285531720167e-03 7.512557462740350814e-03
5.127634408602150273e+01 6.562483878972542352e-03 7.517593992051005078e-03
5.140134408602150273e+01 6.571504583885780584e-03 7.522396909012159585e-03
5.152634408602150273e+01 6.580608291723755339e-03 7.526971428160505670e-03
5.165134408602150273e+01 6.589794868938733848e-03 7.531322771852995597e-03
5.177634408602150273e+01 6.599064157451271610e-03 7.535456167827192520e-03
5.190134408602150273e+01 6.608415975115734114e-03 7.539376846820917619e-03
5.202634408602150273e+01 6.617850116180714996e-03 7.543090040247757942e-03
5.215134408602150273e+01 6.627366351744806011e-03 7.546600977927717634e-03
5.227634408602150273e+01 6.636964430208280863e-03 7.549914885873258014e-03
5.240134408602150273e+01 6.646644077720892385e-03 7.553036984130697025e-03
5.252634408602150273e+01 6.656404998624097791e-03 7.555972484675239388e-03
5.265134408602150273e+01 6.666246875889619318e-03 7.558726589360933307e-03
5.277634408602150273e+01 6.676169371553955165e-03 7.561304487921390385e-03
5.290134408602150273e+01 6.686172127147474616e-03 7.563711356028270105e-03
5.302634408602150273e+01 6.696254764119972600e-03 7.565952353395127318e-03
5.315134408602150273e+01 6.706416884261301101e-03 7.568032621939585480e-03
5.327634408602150273e+01 6.711039534924008974e-03 7.569957283990624841e-03
5.340134408602150273e+01 6.713601535068951416e-03 7.571731440552747008e-03
5.352634408602150273e+01 6.716294628537856568e-03 7.573360169613820719e-03
5.365134408602150273e+01 6.719119632313306709e-03 7.574848524505969384e-03
5.377634408602150273e+01 6.722077314242338661e-03 7.576201532315197419e-03
5.390134408602150273e+01 6.725168393655918744e-03 7.577424192337073490e-03
5.402634408602150273e+01 6.728393541988650188e-03 7.578521474581306067e-03
5.415134408602150273e+01 6.731753383397979205e-03 7.579498318323304833e-03
5.427634408602150273e+01 6.735248495383983069e-03 7.580359630702989890e-03
5.440134408602150273e+01 6.738879409408106945e-03 7.581110285364771155e-03
5.452634408602150273e+01 6.742646611511526021e-03 7.591835655827409643e-03
5.465134408602150273e+01 6.746550542933066157e-03 7.602854986525373580e-03
5.477634408602150273e+01 6.750591600725854707e-03 7.613710235678112538e-03
5.490134408602150273e+01 6.754770138373065828e-03 7.624402698455360998e-03
5.502634408602150273e+01 6.759086466402582441e-03 7.634933725054015088e-03
5.515134408602150273e+01 6.763540853000362361e-03 7.645304719085139859e-03
5.527634408602150273e+01 6.768133524621847662e-03 7.655517135958487228e-03
5.540134408602150273e+01 6.772864666602552638e-03 7.665572481275891373e-03
5.552634408602150273e+01 6.777734423766383631e-03 7.675472309242639332e-03
5.565134408602150273e+01 6.782742901031705435e-03 7.685218221075344400e-03
5.577634408602150273e+01 6.787890164016743312e-03 7.694811863430736816e-03
5.590134408602150273e+01 6.793176239641144330e-03 7.704254926833593170e-03
5.602634408602150273e+01 6.798601116726681742e-03 7.713549144130275523e-03
5.615134408602150273e+01 6.804164746595019880e-03 7.722696288938226891e-03
5.627634408602150273e+01 6.809867043662879565e-03 7.731698174118257529e-03
5.640134408602150273e+01 6.815707886034970929e-03 7.740556650252024967e-03
5.652634408602150273e+01 6.821687116094136798e-03 7.749273604145269501e-03
5.665134408602150273e+01 6.827804541088871443e-03 7.757850957322182626e-03
5.677634408602150273e+01 6.834059933717385495e-03 7.766290664559581322e-03
5.690134408602150273e+01 6.840453032709723630e-03 7.774594712415836516e-03
5.702634408602150273e+01 6.846983543405824740e-03 7.782765117782224594e-03
5.715134408602150273e+01 6.853651138331308748e-03 7.790803926446027323e-03
5.727634408602150273e+01 6.860455457769336005e-03 7.798713211686431057e-03
5.740134408602150273e+01 6.867396110329836850e-03 7.806495072842472606e-03
5.752634408602150273e+01 6.874472673514706207e-03 7.814151633958328624e-03
5.765134408602150273e+01 6.881684694280305881e-03 7.821685042390143575e-03
5.777634408602150273e+01 6.889031689595863372e-03 7.829097467454682741e-03
5.790134408602150273e+01 6.896513146998509668e-03 7.836391099104184771e-03
5.802634408602150273e+01 6.904128525144928238e-03 7.843568146590939455e-03
5.815134408602150273e+01 6.911877254358849386e-03 7.850630837176301308e-03
5.827634408602150273e+01 6.919758737175246005e-03 7.857581414833078245e-03
5.840134408602150273e+01 6.927772348880450147e-03 7.864422138994063907e-03
5.852634408602150273e+01 6.935917438048313545e-03 7.871155283282919163e-03
5.865134408602150273e+01 6.944193327073043542e-03 7.877783134298765866e-03
5.877634408602150273e+01 6.952599312697206081e-03 7.884307990392776591e-03
5.890134408602150273e+01 6.961134666536683384e-03 7.890732160480402532e-03
5.902634408602150273e+01 6.969798635600695479e-03 7.897057962856102870e-03
5.915134408602150273e+01 6.978590442808292431e-03 7.903287724045486920e-03
5.927634408602150273e+01 6.987509287500726606e-03 7.909423777655121349e-03
5.940134408602150273e+01 6.996554345949351945e-03 7.915468463262737356e-03
5.952634408602150273e+01 7.005724771859351240e-03 7.921424125308268796e-03
5.965134408602150273e+01 7.015019696869746746e-03 7.927293112013140269e-03
5.977634408602150273e+01 7.024438231048687163e-03 7.933077774316741118e-03
5.990134408602150273e+01 7.033979463384160136e-03 7.938780464835117762e-03
6.002634408602150273e+01 7.043642462271374957e-03 7.944403536827477491e-03
6.015134408602150273e+01 7.053426275994847429e-03 7.949949343195412618e-03
6.027634408602150273e+01 7.063329933206435006e-03 7.955420235499038178e-03
6.040134408602150273e+01 7.073352443399307486e-03 7.960818562977265214e-03
6.052634408602150273e+01 7.083492797377207058e-03 7.966146671609167923e-03
6.065134408602150273e+01 7.093749967719054951e-03 7.971406903179538428e-03
6.077634408602150273e+01 7.104122909239949865e-03 7.976601594367320816e-03
6.090134408602150273e+01 7.114610559446727170e-03 7.981733075852644882e-03
6.102634408602150273e+01 7.125211838989501355e-03 7.986803671448222328e-03
6.115134408602150273e+01 7.135925652109080704e-03 7.991815697237576038e-03
6.127634408602150273e+01 7.146750887079561174e-03 7.996771460748487714e-03
6.140134408602150273e+01 7.157686416645984116e-03 8.001673260125904269e-03
6.152634408602150273e+01 7.168731098458448227e-03 8.006523383343651726e-03
6.165134408602150273e+01 7.179883775500962677e-03 8.011324107419294169e-03
6.177634408602150273e+01 7.191143276516054512e-03 8.016077697656116829e-03
6.190134408602150273e+01 7.202508416425144194e-03 8.020786406895167100e-03
6.202634408602150273e+01 7.213977996743818448e-03 8.025452474804167097e-03
6.215134408602150273e+01 7.225550805992958861e-03 8.030078127151809436e-03
6.227634408602150273e+01 7.237225620105433056e-03 8.034665575140277280e-03
6.240134408602150273e+01 7.249001202828094306e-03 8.039217014724516289e-03
6.252634408602150273e+01 7.260876306119366276e-03 8.043734625957208242e-03
6.265134408602150273e+01 7.272849670542254168e-03 8.048220572367821568e-03
6.277634408602150273e+01 7.284920025652966147e-03 8.052677000335496660e-03
6.290134408602150273e+01 7.297086090384669738e-03 8.057106038491921099e-03
6.302634408602150273e+01 7.309346573427705912e-03 8.061509797141853950e-03
6.315134408602150273e+01 7.321700173604141042e-03 8.065890367702388541e-03
6.327634408602150273e+01 7.334145580238591797e-03 8.070249822145646526e-03
6.340134408602150273e+01 7.346681473524373229e-03 8.074590212480678431e-03
6.352634408602150273e+01 7.359306524885390714e-03 8.078913570232262517e-03
6.365134408602150273e+01 7.372019397333264869e-03 8.083221905944777338e-03
6.377634408602150273e+01 7.382839981320061216e-03 8.087517208702097934e-03
6.390134408602150273e+01 7.390958996060331861e-03 8.091801445672015813e-03
6.402634408602150984e+01 7.399209332878351961e-03 8.096076561642066849e-03
6.415134408602150984e+01 7.407590091915178081e-03 8.100344478603496018e-03
6.427634408602150984e+01 7.416100347427801061e-03 8.104607095325833815e-03
6.440134408602150984e+01 7.424739148381433521e-03 8.108866286958659256e-03
6.452634408602150984e+01 7.433505519025673108e-03 8.113123904649644988e-03
6.465134408602150984e+01 7.442398459480765310e-03 8.117381775171369704e-03
6.477634408602150984e+01 7.451416946307185159e-03 8.121641700564088268e-03
6.490134408602150984e+01 7.460559933078592977e-03 8.125905457802952772e-03
6.502634408602150984e+01 7.469826350941653932e-03 8.130174798471223596e-03
6.515134408602150984e+01 7.479215109177354652e-03 8.134451448445373725e-03
6.527634408602150984e+01 7.488725095754511854e-03 8.138737107602328144e-03
6.540134408602150984e+01 7.498355177878312725e-03 8.143033449536608501e-03
6.552634408602150984e+01 7.508104202533007546e-03 8.147342121296136455e-03
6.565134408602150984e+01 7.517970997018542066e-03 8.151664743123053850e-03
6.577634408602150984e+01 7.527954369490258597e-03 8.156002908213397587e-03
6.590134408602150984e+01 7.538053109478259212e-03 8.160358182493498980e-03
6.602634408602150984e+01 7.548265988413109355e-03 8.164732104406638782e-03
6.615134408602150984e+01 7.558591760145133391e-03 8.169126184705478855e-03
6.627634408602150984e+01 7.569029161453581095e-03 8.173541906274511479e-03
6.640134408602150984e+01 7.579576912552680318e-03 8.177980723941854005e-03
6.652634408602150984e+01 7.590233717594985219e-03 8.182444064328938532e-03
6.665134408602150984e+01 7.600998265165407296e-03 8.186933325691182761e-03
6.677634408602150984e+01 7.611869228772882856e-03 8.194931254604811977e-03
6.690134408602150984e+01 7.622845267333645293e-03 8.207849750715992543e-03
6.702634408602150984e+01 7.633925025653384537e-03 8.220774174905250142e-03
6.715134408602150984e+01 7.645107134897750900e-03 8.233703670652172887e-03
6.727634408602150984e+01 7.656390213065169571e-03 8.246637381700672176e-03
6.740134408602150984e+01 7.667772865448330838e-03 8.259574452197162089e-03
6.752634408602150984e+01 7.679253685093168427e-03 8.272514026826069053e-03
6.765134408602150984e+01 7.690831253251422840e-03 8.285455250943141864e-03
6.777634408602150984e+01 7.702504139826035073e-03 8.298397270707160572e-03
6.790134408602150984e+01 7.714270903817366069e-03 8.311339233208616534e-03
6.802634408602150984e+01 7.726130093755342355e-03 8.324280286596619574e-03
6.815134408602150984e+01 7.738080248134155195e-03 8.337219580203806754e-03
6.827634408602150984e+01 7.750119895835981543e-03 8.350156264669042830e-03
6.840134408602150984e+01 7.762247556554601781e-03 8.363089492057664345e-03
6.852634408602150984e+01 7.774461741206347906e-03 8.376018415980011553e-03
6.865134408602150984e+01 7.786760952342757815e-03 8.388942191707935911e-03
6.877634408602150984e+01 7.799143684557331528e-03 8.401859976288721110e-03
6.890134408602150984e+01 7.811608424880133079e-03 8.414770928657536522e-03
6.902634408602150984e+01 7.824153653175409950e-03 8.427674209747449893e-03
6.915134408602150984e+01 7.836777842529632498e-03 8.440568982597816336e-03
6.927634408602150984e+01 7.849479459636987677e-03 8.453454412460264730e-03
6.940134408602150984e+01 7.859543703663872047e-03 8.466329666902742968e-03
6.952634408602150984e+01 7.867743378977271398e-03 8.479193915912086946e-03
6.965134408602150984e+01 7.876052795002582568e-03 8.492046331994013500e-03
6.977634408602150984e+01 7.884471130797439387e-03 8.504886090271600654e-03
6.990134408602150984e+01 7.892997540964473424e-03 8.517712368581528345e-03
7.002634408602150984e+01 7.901631156153160820e-03 8.530524347568922694e-03
7.015134408602150984e+01 7.910371083558485894e-03 8.543321210779716152e-03
7.027634408602150984e+01 7.919216407416539497e-03 8.556102144751599053e-03
7.040134408602150984e+01 7.928166189497929880e-03 8.568866339102830521e-03
7.052634408602150984e+01 7.937219469598135249e-03 8.581612986619645972e-03
7.065134408602150984e+01 7.946375266026048725e-03 8.594341283341197860e-03
7.077634408602150984e+01 7.955632576090566552e-03 8.607050428643351486e-03
7.090134408602150984e+01 7.964990376580560055e-03 8.619739625320439053e-03
7.102634408602150984e+01 7.974447624247050712e-03 8.632408079665048264e-03
7.115134408602150984e+01 7.984003256278465396e-03 8.645055001546613979e-03
7.127634408602150984e+01 7.993656190775206422e-03 8.657679604487589914e-03
7.140134408602150984e+01 8.003405327219230772e-03 8.670281105738558702e-03
7.152634408602150984e+01 8.013249546941603185e-03 8.682858726351338347e-03
7.165134408602150984e+01 8.023187713588854006e-03 8.695411691250461497e-03
7.177634408602150984e+01 8.033218673580816080e-03 8.707939229302829806e-03
7.190134408602150984e+01 8.043341256570284842e-03 8.720440573386296218e-03
7.202634408602150984e+01 8.053554275895763795e-03 8.732914960455952225e-03
7.215134408602150984e+01 8.063856529035117252e-03 8.745361631609294487e-03
7.227634408602150984e+01 8.074246798049486071e-03 8.757779832149358359e-03
7.240134408602150984e+01 8.084723850028200862e-03 8.770168811646985793e-03
7.252634408602150984e+01 8.095286437531068816e-03 8.782527824000940439e-03
7.265134408602150984e+01 8.105933299022254068e-03 8.794856127496327933e-03
7.277634408602150984e+01 8.116663159305374103e-03 8.807152984862585965e-03
7.290134408602150984e+01 8.127474729950697960e-03 8.819417663328658896e-03
7.302634408602150984e+01 8.138366709722814549e-03 8.831649434677502769e-03
7.315134408602150984e+01 8.149337785002147908e-03 8.843847575298846922e-03
7.327634408602150984e+01 8.160386630201216240e-03 8.856011366240725685e-03
7.340134408602150984e+01 8.171511908181650768e-03 8.868140093259313517e-03
7.352634408602150984e+01 8.182712270661099407e-03 8.880233046867467769e-03
7.365134408602150984e+01 8.193986358624406538e-03 8.892289522381803882e-03
7.377634408602150984e+01 8.205332802721633165e-03 8.904308819968802594e-03
7.390134408602150984e+01 8.216750223670056530e-03 8.916290244688812941e-03
7.402634408602150984e+01 8.228237232646245375e-03 8.928233106539380445e-03
7.415134408602150984e+01 8.239792431679649615e-03 8.940136720496883946e-03
7.427634408602150984e+01 8.251414414037785278e-03 8.952000406556994555e-03
7.440134408602150984e+01 8.263101764608647357e-03 8.963823489773828368e-03
7.452634408602150984e+01 8.274853060280652414e-03 8.975605300297801598e-03
7.465134408602150984e+01 8.286666870317269465e-03 8.987345173412193342e-03
7.477634408602150984e+01 8.298541756726991389e-03 8.999042449568377816e-03
7.490134408602150984e+01 8.310476274630234153e-03 9.010696474420321067e-03
7.502634408602150984e+01 8.322468972622688518e-03 9.022306598856945706e-03
7.515134408602150984e+01 8.334518393133384315e-03 9.033872179034209415e-03
7.527634408602150984e+01 8.346623072777989427e-03 9.045392576405552817e-03
7.540134408602150984e+01 8.358781542711456528e-03 9.056867157751148645e-03
7.552634408602150984e+01 8.370992328972369154e-03 9.068295295206021608e-03
7.565134408602150984e+01 8.383253952826193178e-03 9.079676366287377232e-03
7.577634408602150984e+01 8.395564931102389092e-03 9.091009753920265349e-03
7.590134408602150984e+01 8.407923776528521478e-03 9.102294846462617370e-03
7.602634408602150984e+01 8.420328998061920797e-03 9.113531037728571371e-03
7.615134408602150984e+01 8.432779101212123374e-03 9.124717727011658411e-03
7.627634408602150984e+01 8.445272588365840619e-03 9.135854319105992175e-03
7.640134408602150984e+01 8.457807959100997752e-03 9.146940224326965962e-03
7.652634408602150984e+01 8.470383710504434532e-03 9.157974858530697204e-03
7.665134408602150984e+01 8.482998337476980663e-03 9.168957643132582061e-03
7.677634408602150984e+01 8.495650333040597260e-03 9.179888005124583680e-03
7.690134408602150984e+01 8.508338188640104244e-03 9.190765377092020849e-03
7.702634408602150984e+01 8.521060394440156324e-03 9.201589197228720804e-03
7.715134408602150984e+01 8.533815439615973983e-03 9.212358909351878872e-03
7.727634408602150984e+01 8.546601812645030286e-03 9.223073962915469617e-03
7.740134408602150984e+01 8.559418001589904484e-03 9.233733813022879100e-03
7.752634408602150984e+01 8.572262494381786141e-03 9.244337920438867526e-03
7.765134408602150984e+01 8.585133779093456416e-03 9.254885751600052182e-03
7.777634408602150984e+01 8.598030344215839421e-03 9.265376778625255064e-03
7.790134408602150984e+01 8.610950678922655102e-03 9.275810479324153937e-03
7.802634408602150984e+01 8.621802554919589037e-03 9.286186337205751262e-03
7.815134408602150984e+01 8.630719047707974961e-03 9.296503841485592376e-03
7.827634408602150984e+01 8.639683724447441704e-03 9.306762487092327951e-03
7.840134408602150984e+01 8.648695735600351112e-03 9.316961774673187049e-03
7.852634408602150984e+01 8.657754218365286067e-03 9.327101210599144862e-03
7.865134408602150984e+01 8.666858296989706639e-03 9.337180306968673182e-03
7.877634408602150984e+01 8.676007083082155208e-03 9.347198581611248017e-03
7.890134408602150984e+01 8.685199675920435292e-03 9.357155558089455538e-03
7.902634408602150984e+01 8.694435162755663471e-03 9.367050765701188247e-03
7.915134408602150984e+01 8.703712619132358830e-03 9.376883739480330188e-03
7.927634408602150984e+01 8.713031109180582531e-03 9.386654020196843681e-03
7.940134408602150984e+01 8.722389685929754499e-03 9.396361154356613204e-03
7.952634408602150984e+01 8.731787391609877741e-03 9.406004694199984750e-03
7.965134408602150984e+01 8.741223257955109752e-03 9.415584197699869776e-03
7.977634408602150984e+01 8.750696306503026600e-03 9.425099228559167402e-03
7.990134408602150984e+01 8.760205548893158431e-03 9.436318047878941226e-03
8.002634408602150984e+01 8.769749987168977065e-03 9.447916294123040806e-03
8.015134408602150984e+01 8.779328614071092024e-03 9.459443706809789187e-03
8.027634408602150984e+01 8.788940413327728240e-03 9.470899675674170765e-03
8.040134408602150984e+01 8.798584359960085963e-03 9.482283598125126889e-03
8.052634408602150984e+01 8.808259420555053162e-03 9.493594879240400269e-03
8.065134408602150984e+01 8.817964553573576919e-03 9.504832931760109557e-03
8.077634408602150984e+01 8.827698709627162729e-03 9.515997176079414935e-03
8.090134408602150984e+01 8.837460831761892108e-03 9.527087040240717064e-03
8.102634408602150984e+01 8.847249855750005318e-03 9.538101959924770099e-03
8.115134408602150984e+01 8.857064710367797133e-03 9.549041378441329789e-03
8.127634408602150984e+01 8.866904317674936808e-03 9.559904746718582078e-03
8.140134408602150984e+01 8.876767593293397735e-03 9.570691523292089442e-03
8.152634408602150984e+01 8.886653446679389223e-03 9.581401174293166512e-03
8.165134408602150984e+01 8.896560781407138185e-03 9.592033173436391794e-03
8.177634408602150984e+01 8.906488495426873736e-03 9.602587002005955399e-03
8.190134408602150984e+01 8.916435481345118610e-03 9.613062148841920035e-03
8.202634408602150984e+01 8.926400626690660436e-03 9.623458110325902592e-03
8.215134408602150984e+01 8.936382814170388753e-03 9.633774390365057450e-03
8.227634408602150984e+01 8.946380921946432696e-03 9.644010500376703349e-03
8.240134408602150984e+01 8.956393823885508421e-03 9.654165959271274536e-03
8.252634408602150984e+01 8.966420389820992445e-03 9.664240293435436696e-03
8.265134408602150984e+01 8.976459485813560388e-03 9.674233036713570516e-03
8.277634408602150984e+01 8.986509974394388256e-03 9.684143730389845051e-03
8.290134408602150984e+01 8.996570714828892867e-03 9.693971923168715962e-03
8.302634408602150984e+01 9.006640563357686674e-03 9.703717171155406412e-03
8.315134408602150984e+01 9.016718373444079435e-03 9.713379037835258648e-03
8.327634408602150984e+01 9.026802996025380665e-03 9.722957094053198343e-03
8.340134408602150984e+01 9.036893279742028856e-03 9.732450917992184133e-03
8.352634408602150984e+01 9.046988071191539374e-03 9.741860095151145399e-03
8.365134408602150984e+01 9.057086215154811285e-03 9.751184218322392697e-03
8.377634408602150984e+01 9.067186554832816492e-03 9.760422887568538999e-03
8.390134408602150984e+01 9.077287932082515193e-03 9.769575710199325524e-03
8.402634408602150984e+01 9.087389187647102254e-03 9.778642300746971314e-03
8.415134408602150984e+01 9.097489161373798275e-03 9.787622280941843736e-03
8.427634408602150984e+01 9.107586692449287993e-03 9.796515279687377856e-03
8.440134408602150984e+01 9.117680619617195628e-03 9.805320933034707837e-03
8.452634408602150984e+01 9.127769781396876878e-03 9.814038884156254042e-03
8.465134408602150984e+01 9.137853016302122447e-03 9.822668783319608507e-03
8.477634408602150984e+01 9.147929163051080406e-03 9.831210287860383049e-03
8.490134408602150984e+01 9.157997060788085689e-03 9.839663062155312376e-03
8.502634408602150984e+01 9.168055549282030925e-03 9.848026777593799422e-03
8.515134408602150984e+01 9.178103469139445997e-03 9.856301112550184054e-03
8.527634408602150984e+01 9.188139662007252517e-03 9.864485752355373407e-03
8.540134408602150984e+01 9.198162970772050598e-03 9.872580389267145151e-03
8.552634408602150984e+01 9.208172239764618461e-03 9.880584722441463838e-03
8.565134408602150984e+01 9.218166314951611526e-03 9.888498457902189162e-03
8.577634408602150984e+01 9.228144044126789652e-03 9.896321308511556170e-03
8.590134408602150984e+01 9.238104277112879972e-03 9.904052993939033503e-03
8.602634408602150984e+01 9.248045865935850679e-03 9.911693240631118396e-03
8.615134408602150984e+01 9.257967665024237694e-03 9.919241781779549599e-03
8.627634408602150984e+01 9.267868531381463423e-03 9.926698357290436245e-03
8.640134408602150984e+01 9.277747324776229598e-03 9.934062713751896576e-03
8.652634408602150984e+01 9.287602907917000966e-03 9.941334604402060973e-03
8.665134408602150984e+01 9.297434146619515394e-03 9.948513789096970900e-03
8.677634408602150984e+01 9.307239909996824559e-03 9.955600034277254859e-03
8.690134408602150984e+01 9.317019070612787487e-03 9.962593112935394166e-03
8.702634408602150984e+01 9.326770504658873570e-03 9.969492804582416254e-03
8.715134408602150984e+01 9.336493092120602341e-03 9.976298895214256654e-03
8.727634408602150984e+01 9.346185716934730242e-03 9.983011177277737597e-03
8.740134408602150984e+01 9.355847267151639821e-03 9.989629449636581310e-03
8.752634408602150984e+01 9.365476635094033969e-03 9.996153517536928920e-03
8.765134408602150984e+01 9.375072717510998452e-03 1.000258319257293742e-02
8.777634408602150984e+01 9.384634415729771126e-03 1.000891829265155263e-02
8.790134408602150984e+01 9.394160635807984744e-03 1.001515864195754758e-02
8.802634408602150984e+01 9.403650288676967256e-03 1.002130407091854011e-02
8.815134408602150984e+01 9.413102290288402271e-03 1.002735441616880128e-02
8.827634408602150984e+01 9.422515561759312042e-03 1.003330952051399716e-02
8.840134408602150984e+01 9.431889029506796904e-03 1.003916923289512909e-02
8.852634408602150984e+01 9.441221625391099659e-03 1.004493340835232312e-02
8.865134408602150984e+01 9.450512286841138837e-03 1.005060190798863148e-02
8.877634408602150984e+01 9.459759956998934835e-03 1.005617459893324087e-02
8.890134408602150984e+01 9.468963584840745656e-03 1.006165135430505883e-02
8.902634408602150984e+01 9.478122125303448456e-03 1.006703205317588216e-02
8.915134408602150984e+01 9.487234539416099233e-03 1.007231658053309338e-02
8.927634408602150984e+01 9.496299794417354528e-03 1.007750482724277877e-02
8.940134408602150984e+01 9.505316863875340819e-03 1.008259669001219071e-02
8.952634408602150984e+01 9.514284727808837092e-03 1.008759207135260377e-02
8.965134408602150984e+01 9.523202372796165174e-03 1.009249087954125490e-02
8.977634408602150984e+01 9.532068792095208312e-03 1.009729302858391499e-02
8.990134408602150984e+01 9.540882985747629885e-03 1.010199843817726970e-02
9.002634408602150984e+01 9.549643960689175801e-03 1.010660703367029754e-02
9.015134408602150984e+01 9.558350730857980218e-03 1.011111874602667847e-02
9.027634408602150984e+01 9.567002317289626662e-03 1.011553351178653450e-02
9.040134408602150984e+01 9.575597748226851932e-03 1.011985127302817387e-02
9.052634408602150984e+01 9.584136059213023418e-03 1.012407197732941889e-02
9.065134408602150984e+01 9.592616293189476159e-03 1.012819557772941942e-02
9.077634408602150984e+01 9.601037500590757848e-03 1.013222203268998242e-02
9.090134408602150984e+01 9.609398739433392886e-03 1.013615130605710971e-02
9.102634408602150984e+01 9.617699075408225190e-03 1.013998336702188509e-02
9.115134408602150984e+01 9.625937581966044140e-03 1.014371819008202079e-02
9.127634408602150984e+01 9.634113340400991821e-03 1.014735575500306727e-02
9.140134408602150984e+01 9.642225439936161213e-03 1.015089604677914432e-02
9.152634408602150984e+01 9.650272977802130600e-03 1.015433905559431221e-02
9.165134408602150984e+01 9.658255059316040933e-03 1.015768477678337389e-02
9.177634408602150984e+01 9.666170797957005997e-03 1.016093321079310219e-02
9.190134408602150984e+01 9.674019315439397540e-03 1.016408436314275923e-02
9.202634408602150984e+01 9.681799741787571953e-03 1.016713824438514151e-02
9.215134408602150984e+01 9.689511215401208633e-03 1.017009487006746704e-02
9.227634408602150984e+01 9.697152883129412163e-03 1.017295426069236668e-02
9.240134408602150984e+01 9.704723900326841027e-03 1.017571644167826819e-02
9.252634408602150984e+01 9.712223430924125239e-03 1.017838144332031645e-02
9.265134408602150984e+01 9.719650647488368295e-03 1.018094930075146877e-02
9.277634408602150984e+01 9.727004731279898647e-03 1.018342005390287901e-02
9.290134408602150984e+01 9.734284872311958076e-03 1.018579374746463387e-02
9.302634408602150984e+01 9.741490269402918595e-03 1.018807043084682742e-02
9.315134408602150984e+01 9.748620130236045414e-03 1.019025015814021759e-02
9.327634408602150984e+01 9.755673671402179808e-03 1.019233298807664147e-02
9.340134408602150984e+01 9.762650118456745602e-03 1.019431898399031540e-02
9.352634408602150984e+01 9.769548705959342494e-03 1.019620821377819307e-02
9.365134408602150984e+01 9.776368677527477388e-03 1.019800074986124822e-02
9.377634408602150984e+01 9.783109285876766606e-03 1.019969666914482230e-02
9.390134408602150984e+01 9.789769792859517872e-03 1.020129605297973724e-02
9.402634408602150984e+01 9.796349469509933738e-03 1.020279898712329707e-02
9.415134408602150984e+01 9.802847596077602157e-03 1.020420556169992707e-02
9.427634408602150984e+01 9.809263462068900860e-03 1.020551587116241832e-02
9.440134408602150984e+01 9.815596366277441753e-03 1.020673001425285130e-02
9.452634408602150984e+01 9.821845616814522256e-03 1.020784809396357677e-02
9.465134408602150984e+01 9.828010531147686468e-03 1.020887021749841000e-02
9.477634408602150984e+01 9.834090436122280843e-03 1.020979649623367756e-02
9.490134408602150984e+01 9.840084667993164932e-03 1.021062704567947226e-02
9.502634408602150984e+01 9.845992572447583718e-03 1.021136198544121514e-02
9.515134408602150984e+01 9.851813504632956145e-03 1.021273918342430198e-02
9.527634408602150984e+01 9.857546829177875683e-03 1.021444513361945139e-02
9.540134408602150984e+01 9.863191920208661326e-03 1.021604972127304264e-02
9.552634408602150984e+01 9.868748161373354019e-03 1.021755299908171100e-02
9.565134408602150984e+01 9.870512867122255632e-03 1.021895502517182475e-02
9.577634408602150984e+01 9.869246161690797825e-03 1.022025586305487337e-02
9.590134408602150984e+01 9.867904118632168584e-03 1.022145558158051200e-02
9.602634408602150984e+01 9.866486928724816502e-03 1.022255425488925729e-02
9.615134408602150984e+01 9.864994784597980529e-03 1.022355196236704455e-02
9.627634408602150984e+01 9.863427880707155773e-03 1.022444878859898702e-02
9.640134408602150984e+01 9.861786413310268812e-03 1.022524482332308644e-02
9.652634408602150984e+01 9.860070580443539012e-03 1.022594016138212228e-02
9.665134408602150984e+01 9.858280581897652106e-03 1.022653490267982218e-02
9.677634408602150984e+01 9.856416619194025702e-03 1.022702915213273903e-02
9.690134408602150984e+01 9.854478895561182353e-03 1.022742301962532678e-02
9.702634408602150984e+01 9.852467615911294357e-03 1.022771661996251143e-02
9.715134408602150984e+01 9.850382986816711220e-03 1.022791007282363926e-02
9.727634408602150984e+01 9.848225216486799355e-03 1.022800350271767071e-02
9.740134408602150984e+01 9.845994514744889348e-03 1.022799703893484922e-02
9.752634408602150984e+01 9.843691093005110457e-03 1.022789081550265662e-02
9.765134408602150984e+01 9.841315164249752473e-03 1.022768497113787575e-02
9.777634408602150984e+01 9.838866943006296245e-03 1.022737964920228393e-02
9.790134408602150984e+01 9.836346645325004523e-03 1.022697499765645550e-02
9.802634408602150984e+01 9.833754488756325449e-03 1.022647116901252880e-02
9.815134408602150984e+01 9.831090692328582278e-03 1.022586832028978855e-02
9.827634408602150984e+01 9.828355476525704737e-03 1.022516661296896112e-02
9.840134408602150984e+01 9.825549063265257010e-03 1.022436621294638658e-02
9.852634408602150984e+01 9.822671675876332165e-03 1.022346729048743269e-02
9.865134408602150984e+01 9.819723539077779631e-03 1.022247002018247461e-02
9.877634408602150984e+01 9.816704878956462182e-03 1.022137458090052915e-02
9.890134408602150984e+01 9.813615922945733219e-03 1.022184370593102326e-02
9.902634408602150984e+01 9.810456899803931402e-03 1.022237428532684657e-02
9.915134408602150984e+01 9.807228039593106003e-03 1.022279963019406129e-02
9.927634408602150984e+01 9.803929573657792565e-03 1.022311976512500775e-02
9.940134408602150984e+01 9.800561734603913458e-03 1.022333472123418234e-02
9.952634408602150984e+01 9.797124756277945587e-03 1.022344453611082928e-02
9.965134408602150984e+01 9.793618873746048198e-03 1.022344925376793973e-02
9.977634408602150984e+01 9.790044323273339871e-03 1.022334892459481406e-02
9.990134408602150984e+01 9.786401342303532869e-03 1.022314360530658314e-02
1.000263440860215098e+02 9.782690169438338496e-03 1.022283335889448072e-02
1.001513440860215098e+02 9.778911044417224613e-03 1.022241825457689129e-02
1.002763440860215098e+02 9.775064208097341417e-03 1.022189836774837178e-02
1.004013440860215098e+02 9.771149902433398649e-03 1.022127377993123712e-02
1.005263440860215098e+02 9.767168370457849844e-03 1.022054457872320285e-02
1.006513440860215098e+02 9.763119856261074855e-03 1.021971085774853356e-02
1.007763440860215098e+02 9.759004604971760130e-03 1.021877271660776368e-02
1.009013440860215098e+02 9.754822862737452457e-03 1.021773026082508848e-02
1.010263440860215098e+02 9.750574876705010371e-03 1.021658360180092984e-02
1.011513440860215098e+02 9.746260895001634950e-03 1.021533285675835928e-02
1.012763440860215098e+02 9.741881166715378459e-03 1.021397814869413195e-02
1.014013440860215098e+02 9.737435941876643533e-03 1.021251960632614704e-02
1.015263440860215098e+02 9.732925471438875695e-03 1.021095736404376703e-02
1.016513440860215098e+02 9.728350007260039983e-03 1.020929156185661560e-02
1.017763440860215098e+02 9.723709802084050738e-03 1.020752234534221502e-02
1.019013440860215098e+02 9.719005109522158015e-03 1.020564986559677201e-02
1.020263440860215098e+02 9.714236184034795440e-03 1.020367427918164767e-02
1.021513440860215098e+02 9.709403280913195614e-03 1.020159574807467245e-02
1.022763440860215098e+02 9.704506656261430511e-03 1.019941443961682077e-02
1.024013440860215098e+02 9.699546566978382509e-03 1.019713052646156401e-02
1.025263440860215098e+02 9.694523270739855911e-03 1.019474418652355913e-02
1.026513440860215098e+02 9.689437025981063184e-03 1.019225560292768076e-02
1.027763440860215098e+02 9.684288091878882204e-03 1.018966496395664299e-02
1.029013440860215098e+02 9.679076728334430960e-03 1.018697246300063163e-02
1.030263440860215098e+02 9.673803195955938891e-03 1.018417829850595986e-02
1.031513440860215098e+02 9.668467756041205369e-03 1.018128267392230321e-02
1.032763440860215098e+02 9.663070670560833589e-03 1.017828579765347671e-02
1.034013440860215098e+02 9.657612202141212937e-03 1.017518788300392739e-02
1.035263440860215098e+02 9.652092614047581148e-03 1.017198914812963984e-02
1.036513440860215098e+02 9.646512170167518413e-03 1.016868981598524277e-02
1.037763440860215098e+02 9.640871134994335664e-03 1.016529011427295959e-02
1.039013440860215098e+02 9.635169773610476746e-03 1.016179027539288598e-02
1.040263440860215098e+02 9.629408351671467012e-03 1.015819053638947200e-02
1.041513440860215098e+02 9.623587135389502847e-03 1.015449113890335917e-02
1.042763440860215098e+02 9.617706391517544251e-03 1.015256090085133074e-02
1.044013440860215098e+02 9.611766387333301603e-03 1.015063764392792368e-02
1.045263440860215098e+02 9.605767390623406315e-03 1.014860753339710646e-02
1.046513440860215098e+02 9.599709669667805256e-03 1.014647061346702142e-02
1.047763440860215098e+02 9.593593493224090996e-03 1.014422693561050498e-02
1.049013440860215098e+02 9.587419130512133889e-03 1.014187655852109848e-02
1.050263440860215098e+02 9.581186851198714161e-03 1.013941954806072722e-02
1.051513440860215098e+02 9.574896925382301444e-03 1.013685597720852781e-02
1.052763440860215098e+02 9.568549623578134419e-03 1.013418592600828956e-02
1.054013440860215098e+02 9.562145216703012499e-03 1.013140948152271500e-02
1.055263440860215098e+02 9.555683976060663429e-03 1.012852673777600403e-02
1.056513440860215098e+02 9.549166173326932225e-03 1.012553779570389209e-02
1.057763440860215098e+02 9.542592080535199084e-03 1.012244276310443614e-02
1.059013440860215098e+02 9.535961970061941281e-03 1.011924175457989961e-02
1.060263440860215098e+02 9.529276114612321089e-03 1.011593489148954715e-02
1.061513440860215098e+02 9.522534787206049511e-03 1.011252230189171354e-02
1.062763440860215098e+02 9.515738261163118189e-03 1.010900412049407088e-02
1.064013440860215098e+02 9.508886810089904260e-03 1.010538048859664119e-02
1.065263440860215098e+02 9.501980707865320327e-03 1.010165155404287203e-02
1.066513440860215098e+02 9.495020228626870756e-03 1.009781747115735991e-02
1.067763440860215098e+02 9.488005646757328992e-03 1.009387840070041439e-02
1.069013440860215098e+02 9.480937236870859777e-03 1.008983450980877918e-02
1.070263440860215098e+02 9.473815273799788411e-03 1.008568597194000292e-02
1.071513440860215098e+02 9.466640032581330119e-03 1.008143296681803490e-02
1.072763440860215098e+02 9.459411788444258701e-03 1.007707568038048243e-02
1.074013440860215098e+02 9.452130816795982840e-03 1.007261430472114819e-02
1.075263440860215098e+02 9.444797393209608538e-03 1.006804903803347473e-02
1.076513440860215098e+02 9.437411793410914809e-03 1.006338008455733533e-02
1.077763440860215098e+02 9.429974293265854998e-03 1.005860765451794571e-02
1.079013440860215098e+02 9.422485168767742378e-03 1.005373196407790409e-02
1.080263440860215098e+02 9.414944696024907592e-03 1.004875323527291628e-02
1.081513440860215098e+02 9.407353151248284973e-03 1.004367169596164476e-02
1.082763440860215098e+02 9.399710810739045699e-03 1.003848757976430993e-02
1.084013440860215098e+02 9.392017950876544938e-03 1.003320112600964743e-02
1.085263440860215098e+02 9.384274848106213471e-03 1.002781257967462827e-02
1.086513440860215098e+02 9.376481778927574229e-03 1.002232219133193658e-02
1.087763440860215098e+02 9.368639019882545049e-03 1.001673021709161698e-02
1.089013440860215098e+02 9.360746847543564494e-03 1.001103691853951969e-02
1.090263440860215098e+02 9.352805538502064614e-03 1.000524256268573754e-02
1.091513440860215098e+02 9.344815369357046056e-03 9.999347421907502434e-03
1.092763440860215098e+02 9.336776616703424195e-03 9.993351773888237491e-03
1.094013440860215098e+02 9.328689557121030984e-03 9.987255901563196064e-03
1.095263440860215098e+02 9.320554467163255988e-03 9.981060093060205307e-03
1.096513440860215098e+02 9.312371623346018742e-03 9.974764641644883606e-03
1.097763440860215098e+02 9.304141302136817449e-03 9.968369845659422190e-03
1.099013440860215098e+02 9.295863779943881744e-03 9.961876008471863553e-03
1.100263440860215098e+02 9.287539333105354969e-03 9.955283438407862631e-03
1.101513440860215098e+02 9.279168237878630821e-03 9.948592448705139910e-03
1.102763440860215098e+02 9.270750770429943277e-03 9.941803357450054723e-03
1.104013440860215098e+02 9.262287206823779581e-03 9.934916487519160691e-03
1.105263440860215098e+02 9.253777823012527409e-03 9.927932166524242735e-03
1.106513440860215098e+02 9.245222894826423884e-03 9.920850726755721730e-03
1.107763440860215098e+02 9.236622697963169787e-03 9.913672505123264506e-03
1.109013440860215098e+02 9.227977507978083263e-03 9.906397843097334080e-03
1.110263440860215098e+02 9.219287600274083533e-03 9.899027086658282459e-03
1.111513440860215098e+02 9.210553250091834190e-03 9.891560586228894184e-03
1.112763440860215098e+02 9.201774732500079060e-03 9.883998696627902675e-03
1.114013440860215098e+02 9.192952322386004071e-03 9.876341777005831490e-03
1.115263440860215098e+02 9.184086294445642507e-03 9.868590190791689740e-03
1.116513440860215098e+02 9.175176923174490143e-03 9.860744305633106777e-03
1.117763440860215098e+02 9.166224482858118666e-03 9.852804493343289560e-03
1.119013440860215098e+02 9.157229247563026739e-03 9.844771129839160681e-03
1.120263440860215098e+02 9.148191491127373107e-03 9.836644595090777293e-03
1.121513440860215098e+02 9.139111487152073998e-03 9.828425273057569619e-03
1.122763440860215098e+02 9.129989508991756542e-03 9.820113551640074004e-03
1.124013440860215098e+02 9.120825829745868307e-03 9.811709822616743876e-03
1.125263440860215098e+02 9.111620722250085222e-03 9.803214481590508123e-03
1.126513440860215098e+02 9.102374459067421111e-03 9.794627927933874031e-03
1.127763440860215098e+02 9.093087312479848985e-03 9.785950564730288431e-03
1.129013440860215098e+02 9.083759554479781811e-03 9.777182798719369003e-03
1.130263440860215098e+02 9.074391456761574104e-03 9.768325040243103566e-03
1.131513440860215098e+02 9.064983290713366990e-03 9.759377703187962355e-03
1.132763440860215098e+02 9.055535327408839597e-03 9.750341204926193245e-03
1.134013440860215098e+02 9.046047837599069733e-03 9.741215966269523713e-03
1.135263440860215098e+02 9.036521091704583647e-03 9.732002411406412423e-03
1.136513440860215098e+02 9.026955359807365895e-03 9.722700967849738640e-03
1.137763440860215098e+02 9.017350911643061753e-03 9.713312066382134152e-03
1.139013440860215098e+02 9.007708016593247297e-03 9.703836140999276896e-03
1.140263440860215098e+02 8.998026943677669975e-03 9.694273628858869271e-03
1.141513440860215098e+02 8.988307961546830940e-03 9.684624970224608304e-03
1.142763440860215098e+02 8.978551338474341850e-03 9.674890608411135934e-03
1.144013440860215098e+02 8.968757342349717096e-03 9.665070989729462880e-03
1.145263440860215098e+02 8.958926240670904081e-03 9.655166563437131769e-03
1.146513440860215098e+02 8.949058300537084121e-03 9.645177781682626184e-03
1.147763440860215098e+02 8.939153788641652013e-03 9.635105099448629598e-03
1.149013440860215098e+02 8.929212971265011733e-03 9.624948974504537319e-03
1.150263440860215098e+02 8.919236114267710402e-03 9.614709867350390224e-03
1.151513440860215098e+02 8.909223483083598266e-03 9.604388241163669057e-03
1.152763440860215098e+02 8.899175342712855111e-03 9.593984561747329054e-03
1.154013440860215098e+02 8.889091957715476375e-03 9.583499297480787063e-03
1.155263440860215098e+02 8.878973592204467830e-03 9.572932919260972173e-03
1.156513440860215098e+02 8.868820509839456592e-03 9.562285900456853407e-03
1.157763440860215098e+02 8.858632973820083564e-03 9.551558716854244291e-03
1.159013440860215098e+02 8.848411246879737610e-03 9.540751846606250475e-03
1.160263440860215098e+02 8.838155591279147488e-03 9.529865770181897636e-03
1.161513440860215098e+02 8.827866268800204502e-03 9.518900970311964735e-03
1.162763440860215098e+02 8.817543540739812905e-03 9.507857931943676510e-03
1.164013440860215098e+02 8.807187667903854794e-03 9.496737142187202871e-03
1.165263440860215098e+02 8.796798910601097768e-03 9.485539090263696987e-03
1.166513440860215098e+02 8.786377528637399209e-03 9.474264267457845404e-03
1.167763440860215098e+02 8.775923781309827310e-03 9.462913167069165674e-03
1.169013440860215098e+02 8.765437927400910462e-03 9.451486284360174558e-03
1.170263440860215098e+02 8.754920225172933487e-03 9.439984116508429862e-03
1.171513440860215098e+02 8.744370932362348359e-03 9.428407162555696094e-03
1.172763440860215098e+02 8.733790306174297677e-03 9.416755923362085320e-03
1.174013440860215098e+02 8.723178603277027127e-03 9.405030901556072839e-03
1.175263440860215098e+02 8.712536079796698654e-03 9.393232601486259728e-03
1.176513440860215098e+02 8.701862991311962517e-03 9.381361529172195166e-03
1.177763440860215098e+02 8.691159592848669846e-03 9.369418192260439357e-03
1.179013440860215098e+02 8.680426138874887051e-03 9.357403099975113506e-03
1.180263440860215098e+02 8.669662883295695122e-03 9.345316763068191313e-03
1.181513440860215098e+02 8.658870079448146781e-03 9.333159693777048557e-03
1.182763440860215098e+02 8.648047980096473450e-03 9.320932405775916862e-03
1.184013440860215098e+02 8.637196837427056281e-03 9.308635414130314242e-03
1.185263440860215098e+02 8.626316903043690365e-03 9.296269235248051307e-03
1.186513440860215098e+02 8.615408427962902710e-03 9.283834386839747224e-03
1.187763440860215098e+02 8.604471662609193897e-03 9.271331387866062895e-03
1.189013440860215098e+02 8.593506856810546879e-03 9.258760758497890792e-03
1.190263440860215098e+02 8.582514259793819558e-03 9.246123020070265083e-03
1.191513440860215098e+02 8.571494120180385423e-03 9.233418695036502491e-03
1.192763440860215098e+02 8.560446685981651024e-03 9.220648306925378901e-03
1.194013440860215098e+02 8.549372204594760799e-03 9.207812380296529625e-03
1.195263440860215098e+02 8.538270922798425061e-03 9.194911440696437732e-03
1.196513440860215098e+02 8.527143086748604009e-03 9.181946014615818830e-03
1.197763440860215098e+02 8.515988941974540413e-03 9.168916629447916578e-03
1.199013440860215098e+02 8.504808733374566790e-03 9.155823813439652875e-03
1.200263440860215098e+02 8.493602705212151965e-03 9.142668095658003716e-03
1.201513440860215098e+02 8.482371101112063869e-03 9.129450005941302029e-03
1.202763440860215098e+02 8.471114164056362320e-03 9.116170074860794476e-03
1.204013440860215098e+02 8.459832136380709272e-03 9.102828833675809250e-03
1.205263440860215098e+02 8.448525259770658241e-03 9.089426814295625129e-03
1.206513440860215098e+02 8.437193775257825767e-03 9.075964549238074025e-03
1.207763440860215098e+02 8.425837923216447992e-03 9.062442571586268314e-03
1.209013440860215098e+02 8.414457943359734265e-03 9.048861414951855919e-03
1.210263440860215098e+02 8.403054074736409848e-03 9.035221613431149157e-03
1.211513440860215098e+02 8.391626555727293296e-03 9.021523701568900239e-03
1.212763440860215098e+02 8.380175624041944979e-03 9.007768214318472022e-03
1.214013440860215098e+02 8.368701516715312122e-03 8.993955686999373714e-03
1.215263440860215098e+02 8.357204470104488345e-03 8.980086655261987003e-03
1.216513440860215098e+02 8.345684719885579014e-03 8.966161655048222531e-03
1.217763440860215098e+02 8.334142501050518029e-03 8.952181222553239753e-03
1.219013440860215098e+02 8.322578047903985213e-03 8.938145894185902177e-03
1.220263440860215098e+02 8.310991594060479840e-03 8.924056206532542460e-03
1.221513440860215098e+02 8.299383372441212006e-03 8.909912696322101408e-03
1.222763440860215098e+02 8.287753615271356566e-03 8.895715900384355834e-03
1.224013440860215098e+02 8.276102554077097162e-03 8.881466355617151365e-03
1.225263440860215098e+02 8.264430419682871481e-03 8.867164598949085069e-03
1.226513440860215098e+02 8.252737442208654683e-03 8.852811167303395457e-03
1.227763440860215098e+02 8.241023851067279249e-03 8.838406597559462022e-03
1.229013440860215098e+02 8.229289874961747894e-03 8.823951426523223007e-03
1.230263440860215098e+02 8.217535741882754652e-03 8.809446190888388720e-03
1.231513440860215098e+02 8.205761679106068907e-03 8.794891427200704492e-03
1.232763440860215098e+02 8.193967913190144947e-03 8.780287671825849627e-03
1.234013440860215098e+02 8.182154669973695088e-03 8.765635460915660593e-03
1.235263440860215098e+02 8.170322174573306159e-03 8.750935330372456439e-03
1.236513440860215098e+02 8.158470651381137528e-03 8.736187815816828448e-03
1.237763440860215098e+02 8.146600324062655551e-03 8.721393452552848521e-03
1.239013440860215098e+02 8.134711415554458230e-03 8.706552775537225800e-03
1.240263440860215098e+02 8.122804148062106808e-03 8.691666319346350381e-03
1.241513440860215098e+02 8.110878743057981649e-03 8.676734618144072569e-03
1.242763440860215098e+02 8.098935421279271699e-03 8.661758205646507072e-03
1.244013440860215098e+02 8.086974402725976077e-03 8.646737615096588073e-03
1.245263440860215098e+02 8.074995906658888334e-03 8.631673379228172599e-03
1.246513440860215098e+02 8.063000151597748966e-03 8.616566030235851131e-03
1.247763440860215098e+02 8.050987355319326813e-03 8.601416099745807717e-03
1.249013440860215098e+02 8.038957734855673928e-03 8.586224118784482190e-03
1.250263440860215098e+02 8.026911506492257278e-03 8.570990617748224655e-03
1.251513440860215098e+02 8.014848885766373207e-03 8.555716126373328137e-03
1.252763440860215098e+02 8.002770087465367610e-03 8.540401173708963428e-03
1.254013440860215098e+02 7.990675325625022640e-03 8.525046288083976478e-03
1.255263440860215098e+02 7.978564813528031888e-03 8.509651997081577046e-03
1.256513440860215098e+02 7.966438763702399228e-03 8.494218827509553496e-03
1.257763440860215098e+02 7.954297387919971249e-03 8.478747305372557122e-03
1.259013440860215098e+02 7.942140897195052937e-03 8.463237955844197385e-03
1.260263440860215098e+02 7.929969501782865512e-03 8.447691303238418978e-03
1.261513440860215098e+02 7.917783411178309569e-03 8.432107870982794018e-03
1.262763440860215098e+02 7.905582834114591173e-03 8.416488181592886308e-03
1.264013440860215098e+02 7.893367978561976334e-03 8.400832756644353513e-03
1.265263440860215098e+02 7.881139051726517714e-03 8.385142116745160357e-03
1.266513440860215098e+02 7.868896260048956551e-03 8.369416781513171200e-03
1.267763440860215098e+02 7.856639809203458044e-03 8.353657269547084749e-03
1.269013440860215098e+02 7.844369904096561846e-03 8.337864098403350091e-03
1.270263440860215098e+02 7.832086748866184597e-03 8.322037784569897775e-03
1.271513440860215098e+02 7.819790546880443782e-03 8.306178843440195289e-03
1.272763440860215098e+02 7.807481500736807717e-03 8.290287789290898615e-03
1.274013440860215098e+02 7.795159812261111959e-03 8.274365135257749984e-03
1.275263440860215098e+02 7.782825682506635569e-03 8.258411393307683521e-03
1.276513440860215098e+02 7.770479311753255430e-03 8.242427074220484012e-03
1.277763440860215098e+02 7.758120899506584962e-03 8.226412687562602993e-03
1.279013440860215098e+02 7.745750644497288902e-03 8.210368741664334988e-03
1.280263440860215098e+02 7.733368744680163900e-03 8.194295743596648543e-03
1.281513440860215098e+02 7.720975397233602495e-03 8.178194199151217827e-03
1.282763440860215098e+02 7.708570798558833301e-03 8.162064612813709624e-03
1.284013440860215098e+02 7.696155144279258342e-03 8.145907487746861103e-03
1.285263440860215098e+02 7.683728629239898814e-03 8.129723325766034098e-03
1.286513440860215098e+02 7.671291447506813077e-03 8.113512627317569226e-03
1.287763440860215098e+02 7.658843792366600532e-03 8.097275891459617195e-03
1.289013440860215098e+02 7.646385856325892474e-03 8.081013615841067116e-03
1.290263440860215098e+02 7.633917831110823005e-03 8.064726296679543271e-03
1.291513440860215098e+02 7.621439907666736728e-03 8.048414428742508772e-03
1.292763440860215098e+02 7.608952276157704767e-03 8.032078505327618079e-03
1.294013440860215098e+02 7.596455125966183886e-03 8.015719018242689620e-03
1.295263440860215098e+02 7.583948645692756285e-03 7.999336457785648918e-03
1.296513440860215098e+02 7.571433023155806942e-03 7.982931312727743409e-03
1.297763440860215098e+02 7.558908445391207889e-03 7.966504070291140216e-03
1.299013440860215098e+02 7.546375098652227144e-03 7.950055216133971106e-03
1.300263440860215098e+02 7.533833168409242477e-03 7.933585234331429203e-03
1.301513440860215098e+02 7.521282839349626055e-03 7.917094607355746813e-03
1.302763440860215098e+02 7.508724295377577906e-03 7.900583816061538742e-03
1.304013440860215098e+02 7.496157719614171024e-03 7.884053339665504298e-03
1.305263440860215098e+02 7.483583294397114574e-03 7.867503655731633572e-03
1.306513440860215098e+02 7.471001201280816351e-03 7.850935240152803751e-03
1.307763440860215098e+02 7.458411621036409658e-03 7.834348567136825009e-03
1.309013440860215098e+02 7.445814733651720356e-03 7.817744109185165852e-03
1.310263440860215098e+02 7.433075502992666540e-03 7.801122337081257616e-03
1.311513440860215098e+02 7.418458488543046465e-03 7.784483719874330312e-03
1.312763440860215098e+02 7.403837469346353367e-03 7.767828724862755815e-03
1.314013440860215098e+02 7.389212703495050445e-03 7.751157817577722375e-03
1.315263440860215098e+02 7.374584447721147483e-03 7.734471461771267632e-03
1.316513440860215098e+02 7.359952957396302328e-03 7.717770119398968676e-03
1.317763440860215098e+02 7.345318486532033397e-03 7.701054250607183155e-03
1.319013440860215098e+02 7.330681287779811615e-03 7.684324313716239807e-03
1.320263440860215098e+02 7.316041612431089039e-03 7.667580765210206192e-03
1.321513440860215098e+02 7.301399710418026573e-03 7.650824059720508566e-03
1.322763440860215098e+02 7.286755830313494837e-03 7.634054650013260591e-03
1.324013440860215098e+02 7.272110219331630147e-03 7.617272986976046482e-03
1.325263440860215098e+02 7.257463123328313295e-03 7.600479519604802156e-03
1.326513440860215098e+02 7.242814786801709918e-03 7.583674694992089370e-03
1.327763440860215098e+02 7.228165452892793517e-03 7.566858958312611648e-03
1.329013440860215098e+02 7.213515363386140827e-03 7.550032752813428706e-03
1.330263440860215098e+02 7.198864758710590145e-03 7.533196519799267681e-03
1.331513440860215098e+02 7.184213877939877972e-03 7.516350698623860786e-03
1.332763440860215098e+02 7.169562958793782199e-03 7.499495726675515020e-03
1.334013440860215098e+02 7.154912237638780433e-03 7.482632039368582524e-03
1.335263440860215098e+02 7.140261949488873987e-03 7.465760070130148321e-03
1.336513440860215098e+02 7.125612328006994747e-03 7.448880250390943827e-03
1.337763440860215098e+02 7.110963605505708600e-03 7.431993009572679040e-03
1.339013440860215098e+02 7.096316012948470503e-03 7.415098775080557203e-03
1.340263440860215098e+02 7.081669779950762467e-03 7.398197972291388480e-03
1.341513440860215098e+02 7.067025134781326941e-03 7.381291024543426213e-03
1.342763440860215098e+02 7.052382304363333416e-03 7.364378353127924021e-03
1.344013440860215098e+02 7.037741514275905851e-03 7.347460377279359765e-03
1.345263440860215098e+02 7.023102988755246766e-03 7.330537514166345602e-03
1.346513440860215098e+02 7.008466950696228860e-03 7.313610178881259534e-03
1.347763440860215098e+02 6.993833621653843501e-03 7.296678784434109701e-03
1.349013440860215098e+02 6.979203221844663095e-03 7.279743741741843271e-03
1.350263440860215098e+02 6.964575970148424895e-03 7.262805459621371126e-03
1.351513440860215098e+02 6.949952084109628676e-03 7.245864344780825715e-03
1.352763440860215098e+02 6.935331779939282737e-03 7.228920801810570854e-03
1.354013440860215098e+02 6.920715272516557957e-03 7.211975233178856241e-03
1.355263440860215098e+02 6.906102775390506911e-03 7.195028039221594736e-03
1.356513440860215098e+02 6.891494500781971191e-03 7.178079618135239579e-03
1.357763440860215098e+02 6.876890659585284914e-03 7.161130365971129196e-03
1.359013440860215098e+02 6.862291461370336430e-03 7.144180676628313249e-03
1.360263440860215098e+02 6.847697114384340353e-03 7.127230941845996183e-03
1.361513440860215098e+02 6.833107825553893198e-03 7.110281551198051157e-03
1.362763440860215098e+02 6.818523800487008221e-03 7.093332892086850507e-03
1.364013440860215098e+02 6.803945243475197080e-03 7.076385349735953879e-03
1.365263440860215098e+02 6.789372357495559313e-03 7.059439307187273700e-03
1.366513440860215098e+02 6.774805344212716553e-03 7.042495145291320820e-03
1.367763440860215098e+02 6.760244403981479668e-03 7.025553242705846226e-03
1.369013440860215098e+02 6.745689735848614706e-03 7.009515836236744797e-03
1.370263440860215098e+02 6.731141537555347838e-03 6.993977008861055299e-03
1.371513440860215098e+02 6.716600005539652592e-03 6.978438493843171220e-03
1.372763440860215098e+02 6.702065334938484172e-03 6.962900567476845194e-03
1.374013440860215098e+02 6.687537719590265321e-03 6.947363504631890764e-03
1.375263440860215098e+02 6.673017352037358303e-03 6.931827578755159897e-03
1.376513440860215098e+02 6.658504423528360805e-03 6.916293061866089081e-03
1.377763440860215098e+02 6.643999124020695882e-03 6.900760224554759910e-03
1.379013440860215098e+02 6.629501642183213174e-03 6.887354318097463346e-03
1.380263440860215098e+02 6.615012165398644409e-03 6.874101500829476498e-03
1.381513440860215098e+02 6.600530879766135228e-03 6.860849694190900537e-03
1.382763440860215098e+02 6.586057970104166465e-03 6.847599050897439261e-03
1.384013440860215098e+02 6.571593619952950660e-03 6.834349722842620808e-03
1.385263440860215098e+02 6.557138011577246656e-03 6.821101861098967725e-03
1.386513440860215098e+02 6.542691325969117802e-03 6.807855615919175714e-03
1.387763440860215098e+02 6.528253742850643332e-03 6.794611136737392122e-03
1.389013440860215098e+02 6.513825440676728612e-03 6.781368572170438924e-03
1.390263440860215098e+02 6.499406596638035959e-03 6.768128070019113762e-03
1.391513440860215098e+02 6.484997386663715092e-03 6.754889777269441550e-03
1.392763440860215098e+02 6.470597985424340892e-03 6.741653840094059651e-03
1.394013440860215098e+02 6.456208566334951764e-03 6.728420403853486824e-03
1.395263440860215098e+02 6.441829301557883310e-03 6.715189613097535294e-03
1.396513440860215098e+02 6.427460362005634094e-03 6.701961611566638680e-03
1.397763440860215098e+02 6.413101917344257892e-03 6.688736542193281405e-03
1.399013440860215098e+02 6.398754135996087208e-03 6.675514547103379541e-03
1.400263440860215098e+02 6.384417185142868788e-03 6.662295767617746646e-03
1.401513440860215098e+02 6.370091230728992804e-03 6.649080344253523178e-03
1.402763440860215098e+02 6.355776437464415868e-03 6.635868416725656214e-03
1.404013440860215098e+02 6.341472968827976953e-03 6.622660123948374833e-03
1.405263440860215098e+02 6.327180987070545916e-03 6.609455604036690649e-03
1.406513440860215098e+02 6.312900653218180697e-03 6.596254994307960799e-03
1.407763440860215098e+02 6.298478956227654933e-03 6.583058431283352052e-03
1.409013440860215098e+02 6.283660217320341350e-03 6.569866050689472312e-03
1.410263440860215098e+02 6.268855661094595993e-03 6.556677987459898910e-03
1.411513440860215098e+02 6.254065465116993155e-03 6.543494375736767614e-03
1.412763440860215098e+02 6.239289805466408274e-03 6.530315348872397195e-03
1.414013440860215098e+02 6.224528856738792762e-03 6.517141039430903587e-03
1.415263440860215098e+02 6.209782792051315656e-03 6.503971579189844407e-03
1.416513440860215098e+02 6.194655530992482922e-03 6.490807099141827040e-03
1.417763440860215098e+02 6.179092227677961298e-03 6.477647729496243366e-03
1.419013440860215098e+02 6.163547083170377826e-03 6.464493599680915144e-03
1.420263440860215098e+02 6.148020306957618746e-03 6.451344838343771489e-03
1.421513440860215098e+02 6.132512106593166271e-03 6.438201573354602678e-03
1.422763440860215098e+02 6.117022687703572645e-03 6.425063931806778393e-03
1.424013440860215098e+02 6.101552253992099592e-03 6.411932040018942548e-03
1.425263440860215098e+02 6.086101007244594692e-03 6.398806023536841685e-03
1.426513440860215098e+02 6.070669147335995726e-03 6.385686007135031941e-03
1.427763440860215098e+02 6.055256872234095027e-03 6.372572114818685768e-03
1.429013440860215098e+02 6.039864378006945880e-03 6.359464469825396905e-03
1.430263440860215098e+02 6.024491858827468217e-03 6.346363194626946334e-03
1.431513440860215098e+02 6.009139506979557441e-03 6.333268410931180113e-03
1.432763440860215098e+02 5.993807512863519316e-03 6.320180239683797878e-03
1.434013440860215098e+02 5.978496065002875288e-03 6.307098801070227211e-03
1.435263440860215098e+02 5.963205350048482456e-03 6.294024214517458110e-03
1.436513440860215098e+02 5.947935552786837686e-03 6.280956598695927769e-03
1.437763440860215098e+02 5.932686856143907887e-03 6.267896071521407084e-03
1.439013440860215098e+02 5.917459441192502584e-03 6.254842750156874159e-03
1.440263440860215098e+02 5.902253487157753907e-03 6.241796751014427706e-03
1.441513440860215098e+02 5.887069171423625277e-03 6.228758189757222126e-03
1.442763440860215098e+02 5.871906669538747882e-03 6.215727181301369635e-03
1.444013440860215098e+02 5.856766155223284975e-03 6.202703839817891827e-03
1.445263440860215098e+02 5.841647800374062324e-03 6.189688278734657365e-03
1.446513440860215098e+02 5.826551775072325023e-03 6.176680610738352617e-03
1.447763440860215098e+02 5.811478247588927788e-03 6.163680947776451445e-03
1.449013440860215098e+02 5.796427384391535792e-03 6.150689401059167630e-03
1.450263440860215098e+02 5.781399350150569563e-03 6.137706081061485366e-03
1.451513440860215098e+02 5.766394307745570554e-03 6.124731097525135982e-03
1.452763440860215098e+02 5.751412418272772338e-03 6.111764559460605879e-03
1.454013440860215098e+02 5.736453841050437492e-03 6.098806575149154016e-03
1.455263440860215098e+02 5.721518733626111339e-03 6.085857252144845873e-03
1.456513440860215098e+02 5.706607251782956289e-03 6.072916697276594354e-03
1.457763440860215098e+02 5.691719549547280543e-03 6.059985016650163391e-03
1.459013440860215098e+02 5.676855779193537566e-03 6.047062315650289510e-03
1.460263440860215098e+02 5.662016091253252101e-03 6.034148698942685442e-03
1.461513440860215098e+02 5.647200634519698725e-03 6.021244270476149539e-03
1.462763440860215098e+02 5.632409556056573730e-03 6.008349133484606683e-03
1.464013440860215098e+02 5.617643001203386638e-03 5.995463390489237654e-03
1.465263440860215098e+02 5.602901113583410447e-03 5.982587143300522638e-03
1.466513440860215098e+02 5.588184035109725403e-03 5.969720493020391414e-03
1.467763440860215098e+02 5.573491905993131941e-03 5.956863540044291146e-03
1.469013440860215098e+02 5.558824864747914304e-03 5.944016384063336572e-03
1.470263440860215098e+02 5.544183048200332885e-03 5.931179124066406419e-03
1.471513440860215098e+02 5.529566591493923801e-03 5.918351858342300528e-03
1.472763440860215098e+02 5.514975628098409306e-03 5.905534684481847547e-03
1.474013440860215098e+02 5.500410289815367733e-03 5.892727699380060323e-03
1.475263440860215098e+02 5.485870706785586984e-03 5.879930999238298234e-03
1.476513440860215098e+02 5.471357007497153549e-03 5.867144679566408706e-03
1.477763440860215098e+02 5.456869318791439036e-03 5.854368835184882609e-03
1.479013440860215098e+02 5.442407765870981018e-03 5.841603560227048679e-03
1.480263440860215098e+02 5.427972472306231977e-03 5.828848948141229780e-03
1.481513440860215098e+02 5.413563560043586735e-03 5.816105091692928657e-03
1.482763440860215098e+02 5.399181149411249291e-03 5.803372082966992002e-03
1.484013440860215098e+02 5.384825359128393024e-03 5.790650013369839574e-03
1.485263440860215098e+02 5.370496306310364003e-03 5.777938973631644749e-03
1.486513440860215098e+02 5.356194106477890626e-03 5.765239053808501185e-03
1.487763440860215098e+02 5.341918873563158629e-03 5.752550343284693578e-03
1.489013440860215098e+02 5.327670719917704939e-03 5.739872930774860861e-03
1.490263440860215098e+02 5.313449756319464125e-03 5.727206904326220122e-03
1.491513440860215098e+02 5.299256091980936341e-03 5.714552351320803525e-03
1.492763440860215098e+02 5.285089834555154777e-03 5.701909358477663149e-03
1.494013440860215098e+02 5.270951090144786015e-03 5.689278011855118319e-03
1.495263440860215098e+02 5.256839963308074931e-03 5.676658396852973451e-03
1.496513440860215098e+02 5.242756557067428970e-03 5.664050598214751507e-03
1.497763440860215098e+02 5.228700972916235611e-03 5.651454700029976894e-03
1.499013440860215098e+02 5.214673310826466526e-03 5.638870785736349069e-03
1.500263440860215098e+02 5.200673669256308633e-03 5.626298938122036714e-03
1.501513440860215098e+02 5.186297263237582209e-03 5.613739239327953691e-03
1.502763440860215098e+02 5.171556057093223274e-03 5.601191770849938724e-03
1.504013440860215098e+02 5.156845851797279591e-03 5.588656613541099875e-03
1.505263440860215098e+02 5.142166781374860746e-03 5.576133847613995095e-03
1.506513440860215098e+02 5.127518977896148786e-03 5.563623552642974965e-03
1.507763440860215098e+02 5.112902571485519396e-03 5.551125807566362376e-03
1.509013440860215098e+02 5.098317690328971717e-03 5.538640690688826501e-03
1.510263440860215098e+02 5.083764460682510533e-03 5.526168279683552065e-03
1.511513440860215098e+02 5.069243006881276117e-03 5.513708651594577750e-03
1.512763440860215098e+02 5.054753451346736398e-03 5.501261882839079097e-03
1.514013440860215098e+02 5.040295914594739544e-03 5.488828049209590679e-03
1.515263440860215098e+02 5.025870515246715076e-03 5.476407225876354055e-03
1.516513440860215098e+02 5.011477370034900583e-03 5.463999487389545155e-03
1.517763440860215098e+02 4.997116593812463842e-03 5.451604907681618754e-03
1.519013440860215098e+02 4.982788299562257960e-03 5.439223560069540199e-03
1.520263440860215098e+02 4.968492598403840936e-03 5.426855517257089118e-03
1.521513440860215098e+02 4.954229599604060945e-03 5.414500851337198696e-03
1.522763440860215098e+02 4.939999410584966673e-03 5.402159633794165715e-03
1.524013440860215098e+02 4.925802136932114043e-03 5.389831935506023651e-03
1.525263440860215098e+02 4.911637882403614534e-03 5.377517826746761390e-03
1.526513440860215098e+02 4.897506748938172151e-03 5.365217377188706734e-03
1.527763440860215098e+02 4.883408836665591515e-03 5.352930655904737309e-03
1.529013440860215098e+02 4.869344243913814770e-03 5.340657731370623308e-03
1.530263440860215098e+02 4.855313067218642101e-03 5.328398671467352021e-03
1.531513440860215098e+02 4.841315401332398419e-03 5.316153543483340474e-03
1.532763440860215098e+02 4.827351339232744017e-03 5.303922414116844092e-03
1.534013440860215098e+02 4.813420972131732430e-03 5.291705349478163269e-03
1.535263440860215098e+02 4.799524389484270681e-03 5.279502415092022539e-03
1.536513440860215098e+02 4.785661678998756607e-03 5.267313675899793629e-03
1.537763440860215098e+02 4.771832926643812187e-03 5.255139196261878962e-03
1.539013440860215098e+02 4.758038216657723037e-03 5.242979039959951189e-03
1.540263440860215098e+02 4.744277631559090484e-03 5.230833270199258637e-03
1.541513440860215098e+02 4.730551252154562361e-03 5.218701949610993207e-03
1.542763440860215098e+02 4.716859157548008823e-03 5.206585140254491734e-03
1.544013440860215098e+02 4.703201425149545513e-03 5.194482903619642919e-03
1.545263440860215098e+02 4.689578130685860373e-03 5.182395300629086959e-03
1.546513440860215098e+02 4.675989348206618240e-03 5.170322391640605128e-03
1.547763440860215098e+02 4.662435150096446053e-03 5.158264236449358435e-03
1.549013440860215098e+02 4.648915607083138959e-03 5.146220894290193075e-03
1.550263440860215098e+02 4.635430788245945358e-03 5.134192423840000519e-03
1.551513440860215098e+02 4.621980761026403713e-03 5.122178883219925816e-03
1.552763440860215098e+02 4.608565591234947516e-03 5.110180329997751104e-03
1.554013440860215098e+02 4.595185343063336314e-03 5.098196821190109120e-03
1.555263440860215098e+02 4.581840079091572052e-03 5.086228413264861498e-03
1.556513440860215098e+02 4.568529860297975212e-03 5.074275162143324427e-03
1.557763440860215098e+02 4.555254746068312065e-03 5.062337123202583639e-03
1.559013440860215098e+02 4.542014794205136152e-03 5.050414351277836278e-03
1.560263440860215098e+02 4.528810060936571194e-03 5.038506900664587070e-03
1.561513440860215098e+02 4.515640600926286614e-03 5.026614825121028356e-03
1.562763440860215098e+02 4.502506467282804334e-03 5.014738177870258808e-03
1.564013440860215098e+02 4.489407711567846258e-03 5.002877011602629639e-03
1.565263440860215098e+02 4.476344383805837095e-03 4.991031378477961584e-03
1.566513440860215098e+02 4.463316532494711678e-03 4.979201330127909324e-03
1.567763440860215098e+02 4.450324204613340454e-03 4.967386917658161982e-03
1.569013440860215098e+02 4.437367445631362761e-03 4.955588191650768526e-03
1.570263440860215098e+02 4.424446299519884870e-03 4.943805202166427597e-03
1.571513440860215098e+02 4.411560808758003410e-03 4.932037998746709694e-03
1.572763440860215098e+02 4.398711014344697766e-03 4.920286630416390375e-03
1.574013440860215098e+02 4.385896955806987615e-03 4.908551145685663766e-03
1.575263440860215098e+02 4.373118671209616157e-03 4.896831592552475763e-03
1.576513440860215098e+02 4.360376197163971790e-03 4.885128018504733202e-03
1.577763440860215098e+02 4.347669568837619555e-03 4.873440470522583286e-03
1.579013440860215098e+02 4.334998819963300880e-03 4.861768995080720766e-03
1.580263440860215098e+02 4.322363982849600390e-03 4.850113638150565891e-03
1.581513440860215098e+02 4.309765088388302010e-03 4.838474445202602808e-03
1.582763440860215098e+02 4.297202166064782551e-03 4.826851461208568790e-03
1.584013440860215098e+02 4.284675243967809438e-03 4.815244730643764882e-03
1.585263440860215098e+02 4.272184348797160476e-03 4.803654297489245995e-03
1.586513440860215098e+02 4.259729505874486691e-03 4.792080205234105529e-03
1.587763440860215098e+02 4.247310739152382331e-03 4.780522496877724452e-03
1.589013440860215098e+02 4.234928071223142618e-03 4.768981214931969186e-03
1.590263440860215098e+02 4.222581523328355901e-03 4.757456401423489252e-03
1.591513440860215098e+02 4.210271115367603297e-03 4.745948097895886543e-03
1.592763440860215098e+02 4.197996865908992792e-03 4.734456345412012095e-03
1.594013440860215098e+02 4.185758792197258674e-03 4.722981184556137961e-03
1.595263440860215098e+02 4.173556910163508070e-03 4.711522655436208018e-03
1.596513440860215098e+02 4.161391234434747184e-03 4.700080797686084430e-03
1.597763440860215098e+02 4.149261778341792502e-03 4.688655650467703911e-03
1.599013440860215098e+02 4.137168553930496186e-03 4.677247252473364092e-03
1.600263440860215098e+02 4.125111571969632997e-03 4.665855641927873707e-03
1.601513440860215098e+02 4.113090841960025806e-03 4.654480856590815542e-03
1.602763440860215098e+02 4.101106372145123073e-03 4.643122933758693158e-03
1.604013440860215098e+02 4.089158169517719162e-03 4.631781910267200771e-03
1.605263440860215098e+02 4.077246239832057507e-03 4.620457822493356966e-03
1.606513440860215098e+02 4.065370587610622061e-03 4.609150706357725141e-03
1.607763440860215098e+02 4.053531216154366082e-03 4.597860597326631354e-03
1.609013440860215098e+02 4.041728127552231438e-03 4.586587530414291958e-03
1.610263440860215098e+02 4.029961322689362517e-03 4.575331540185063536e-03
1.611513440860215098e+02 4.018230801256168425e-03 4.564092660755555801e-03
1.612763440860215098e+02 4.006536561758267286e-03 4.552870925796867647e-03
1.614013440860215098e+02 3.994878601525326395e-03 4.541666368536711323e-03
1.615263440860215098e+02 3.983256916719610935e-03 4.530479021761592111e-03
1.616513440860215098e+02 3.971671502345442556e-03 4.519308917819007954e-03
1.617763440860215098e+02 3.960122352258157487e-03 4.508156088619544137e-03
1.619013440860215098e+02 3.948609459172955360e-03 4.497020565639096336e-03
1.620263440860215098e+02 3.937132814674235495e-03 4.485902379920957486e-03
1.621513440860215098e+02 3.925692409224491690e-03 4.474801562078024354e-03
1.622763440860215098e+02 3.914288232172885226e-03 4.463718142294886143e-03
1.624013440860215098e+02 3.902920271764598065e-03 4.452652150329994632e-03
1.625263440860215098e+02 3.891588515149477408e-03 4.441603615517809162e-03
1.626513440860215098e+02 3.880292948391548483e-03 4.430572566770879170e-03
1.627763440860215098e+02 3.869033556477188135e-03 4.419559032582030811e-03
1.629013440860215098e+02 3.857810323324216504e-03 4.408563041026426071e-03
1.630263440860215098e+02 3.846623231790629194e-03 4.397584619763738115e-03
1.631513440860215098e+02 3.835472263684015955e-03 4.386623796040199121e-03
1.632763440860215098e+02 3.824357399769451934e-03 4.375680596690778232e-03
1.634013440860215098e+02 3.813278619779220373e-03 4.364755048141228527e-03
1.635263440860215098e+02 3.802235902421126704e-03 4.353847176410196446e-03
1.636513440860215098e+02 3.791229225386748454e-03 4.342957007111356363e-03
1.637763440860215098e+02 3.780258565360776740e-03 4.332084565455429810e-03
1.639013440860215098e+02 3.769323898030260602e-03 4.321229876252340001e-03
1.640263440860215098e+02 3.758425198091714606e-03 4.310392963913226710e-03
1.641513440860215098e+02 3.747562439261113015e-03 4.299573852452585193e-03
1.642763440860215098e+02 3.736735594282596801e-03 4.288772565490278459e-03
1.644013440860215098e+02 3.725944634935143222e-03 4.277989126253626748e-03
1.645263440860215098e+02 3.715189532043790786e-03 4.267223557579490067e-03
1.646513440860215098e+02 3.704470255486404674e-03 4.256475881916274399e-03
1.647763440860215098e+02 3.693786774203396388e-03 4.245746121326033316e-03
1.649013440860215098e+02 3.683139056205001361e-03 4.235034297486461180e-03
1.650263440860215098e+02 3.672527068580084837e-03 4.224340431692994759e-03
1.651513440860215098e+02 3.661950777505849821e-03 4.213664544860787342e-03
1.652763440860215098e+02 3.651410148254436404e-03 4.203006657526766124e-03
1.654013440860215098e+02 3.640905145202850014e-03 4.192366789851686114e-03
1.655263440860215098e+02 3.630435731840210394e-03 4.181744961622087774e-03
1.656513440860215098e+02 3.620001870776822905e-03 4.171141192252376083e-03
1.657763440860215098e+02 3.609603523752114452e-03 4.160555500786771235e-03
1.659013440860215098e+02 3.599240651643227304e-03 4.149987905901373827e-03
1.660263440860215098e+02 3.588913214473134564e-03 4.139438425906108616e-03
1.661513440860215098e+02 3.578621171419227049e-03 4.128907078746747207e-03
1.662763440860215098e+02 3.568364480820349332e-03 4.118393882006912525e-03
1.664013440860215098e+02 3.558143100186573170e-03 4.107898852910014768e-03
1.665263440860215098e+02 3.547956986206663322e-03 4.097422008321284503e-03
1.666513440860215098e+02 3.537806094755513008e-03 4.086963364749700810e-03
1.667763440860215098e+02 3.527690380903959842e-03 4.076522938349995753e-03
1.669013440860215098e+02 3.517609798925263719e-03 4.066100744924580797e-03
1.670263440860215098e+02 3.507564302303383622e-03 4.055696799925543466e-03
1.671513440860215098e+02 3.497553843741885854e-03 4.045311118456561619e-03
1.672763440860215098e+02 3.487578375171235950e-03 4.034943715274862813e-03
1.674013440860215098e+02 3.477637847757041652e-03 4.024594604793196688e-03
1.675263440860215098e+02 3.467732211907693495e-03 4.014263801081706731e-03
1.676513440860215098e+02 3.457861417282230912e-03 4.003951317869927813e-03
1.677763440860215098e+02 3.448025412798795108e-03 3.993657168548654483e-03
1.679013440860215098e+02 3.438224146641988624e-03 3.983381366171907280e-03
1.680263440860215098e+02 3.428457566270813432e-03 3.973123923458804496e-03
1.681513440860215098e+02 3.418725618426505380e-03 3.962884852795492061e-03
1.682763440860215098e+02 3.409028249139955773e-03 3.952664166237059538e-03
1.684013440860215098e+02 3.399365403739745741e-03 3.942461875509394552e-03
1.685263440860215098e+02 3.389737026859933420e-03 3.932277992011129139e-03
1.686513440860215098e+02 3.380143062447645095e-03 3.922112526815469888e-03
1.687763440860215098e+02 3.370583453770524106e-03 3.911965490672126948e-03
1.689013440860215098e+02 3.361058143423919977e-03 3.901836894009147200e-03
1.690263440860215098e+02 3.351567073339885988e-03 3.891726746934805539e-03
1.691513440860215098e+02 3.342110184793224692e-03 3.881635059239478373e-03
1.692763440860215098e+02 3.332687418409390010e-03 3.871561840397465953e-03
1.694013440860215098e+02 3.323298714172884163e-03 3.861507099568883654e-03
1.695263440860215098e+02 3.313944011432689955e-03 3.851470845601473025e-03
1.696513440860215098e+02 3.304623248911891555e-03 3.841453087032478328e-03
1.697763440860215098e+02 3.295336364713577319e-03 3.831453832090431135e-03
1.699013440860215098e+02 3.286083296329085808e-03 3.821473088697043344e-03
1.700263440860215098e+02 3.276863980644609438e-03 3.811510864468971391e-03
1.701513440860215098e+02 3.267678353948697163e-03 3.801567166719663736e-03
1.702763440860215098e+02 3.258526351939565469e-03 3.791642002461177979e-03
1.704013440860215098e+02 3.249407909732314383e-03 3.781735378405960690e-03
1.705263440860215098e+02 3.240322961866242378e-03 3.771847300968676677e-03
1.706513440860215098e+02 3.231271442311436579e-03 3.761977776267969292e-03
1.707763440860215098e+02 3.222253284476966732e-03 3.752126810128297504e-03
1.709013440860215098e+02 3.213268421216452370e-03 3.742294408081665424e-03
1.710263440860215098e+02 3.204316784835994827e-03 3.732480575369422938e-03
1.711513440860215098e+02 3.195398307102102764e-03 3.722685316944060289e-03
1.712763440860215098e+02 3.186512919246463522e-03 3.712908637470919374e-03
1.714013440860215098e+02 3.177660551974962819e-03 3.703150541330013472e-03
1.715263440860215098e+02 3.168841135472853787e-03 3.693411032617721634e-03
1.716513440860215098e+02 3.160054599413315672e-03 3.683690115148592799e-03
1.717763440860215098e+02 3.151300872963179716e-03 3.673987792457041480e-03
1.719013440860215098e+02 3.142579884789817746e-03 3.664304067799101141e-03
1.720263440860215098e+02 3.133891563068844782e-03 3.654638944154172363e-03
1.721513440860215098e+02 3.125235835489037842e-03 3.644992424226709861e-03
1.722763440860215098e+02 3.116612629261022137e-03 3.635364510447976292e-03
1.724013440860215098e+02 3.108021871122895047e-03 3.625755204977721032e-03
1.725263440860215098e+02 3.099463487346937329e-03 3.616164509705927475e-03
1.726513440860215098e+02 3.090937403746461375e-03 3.606592426254469699e-03
1.727763440860215098e+02 3.082443545681708402e-03 3.597038955978828969e-03
1.729013440860215098e+02 3.073981838067843791e-03 3.587504099969800707e-03
1.730263440860215098e+02 3.065552205379715005e-03 3.577987859055126001e-03
1.731513440860215098e+02 3.057154571659487837e-03 3.568490233801231096e-03
1.732763440860215098e+02 3.048788860522580035e-03 3.559011224514842427e-03
1.734013440860215098e+02 3.040454995164704275e-03 3.549550831244695313e-03
1.735263440860215098e+02 3.032152898366623044e-03 3.540109053783154196e-03
1.736513440860215098e+02 3.023882492502600640e-03 3.530685891667904863e-03
1.737763440860215098e+02 3.015643699545407855e-03 3.521281344183567301e-03
1.739013440860215098e+02 3.007436441072500188e-03 3.511895410363351927e-03
1.740263440860215098e+02 2.999260638273042179e-03 3.502528088990707143e-03
1.741513440860215098e+02 2.991116211953017464e-03 3.493179378600919181e-03
1.742763440860215098e+02 2.983003082542831207e-03 3.483849277482770502e-03
1.744013440860215098e+02 2.974921170101736678e-03 3.474537783680114490e-03
1.745263440860215098e+02 2.966870394325580359e-03 3.465244894993542088e-03
1.746513440860215098e+02 2.958850674551705574e-03 3.455970608981933940e-03
1.747763440860215098e+02 2.950861929764854886e-03 3.446714922964081492e-03
1.749013440860215098e+02 2.942904078604357491e-03 3.437477834020302454e-03
1.750263440860215098e+02 2.934977039368893200e-03 3.428259338993983833e-03
1.751513440860215098e+02 2.927080730023188474e-03 3.419059434493209974e-03
1.752763440860215098e+02 2.919215068203191103e-03 3.409878116892297358e-03
1.754013440860215098e+02 2.911379971222233676e-03 3.400715382333400517e-03
1.755263440860215098e+02 2.903575356077301144e-03 3.391571226728045969e-03
1.756513440860215098e+02 2.895801139454043296e-03 3.382445645758703871e-03
1.757763440860215098e+02 2.888057237732895733e-03 3.373338634880352748e-03
1.759013440860215098e+02 2.880343566994938032e-03 3.364250189321993465e-03
1.760263440860215098e+02 2.872660043026980820e-03 3.355180304088229565e-03
1.761513440860215098e+02 2.865006581327655955e-03 3.346128973960759995e-03
1.762763440860215098e+02 2.857383097113428208e-03 3.337096193499948169e-03
1.764013440860215098e+02 2.849789505323073024e-03 3.328081957046302546e-03
1.765263440860215098e+02 2.842225720623948841e-03 3.319086258722039624e-03
1.766513440860215098e+02 2.834691657417952836e-03 3.310109092432547175e-03
1.767763440860215098e+02 2.827187229845257513e-03 3.301150451867921210e-03
1.769013440860215098e+02 2.819712351791772622e-03 3.292210330504463916e-03
1.770263440860215098e+02 2.812266936893111600e-03 3.283288721606151660e-03
1.771513440860215098e+02 2.804850898540911172e-03 3.274385618226152879e-03
1.772763440860215098e+02 2.797464149887429665e-03 3.265501013208282639e-03
1.774013440860215098e+02 2.790106603850835316e-03 3.256634899188501440e-03
1.775263440860215098e+02 2.782778173121411812e-03 3.247787268596367179e-03
1.776513440860215098e+02 2.775478770165416310e-03 3.238958113656496655e-03
1.777763440860215098e+02 2.768208307231574683e-03 3.230147426390048756e-03
1.779013440860215098e+02 2.760966696355182833e-03 3.221355198616139559e-03
1.780263440860215098e+02 2.753753849363774035e-03 3.212581421953325089e-03
1.781513440860215098e+02 2.746569677881992647e-03 3.203826087821005138e-03
1.782763440860215098e+02 2.739414093336917100e-03 3.195089187440892584e-03
1.784013440860215098e+02 2.732287006962824758e-03 3.186370711838411567e-03
1.785263440860215098e+02 2.725188329806373533e-03 3.177670651844132551e-03
1.786513440860215098e+02 2.718117972730966017e-03 3.168988998095203027e-03
1.787763440860215098e+02 2.711075846422596799e-03 3.160325741036726192e-03
1.789013440860215098e+02 2.704061861394069146e-03 3.151680870923200765e-03
1.790263440860215098e+02 2.697075927990057360e-03 3.143054377819886214e-03
1.791513440860215098e+02 2.690117956391750633e-03 3.134446251604232174e-03
1.792763440860215098e+02 2.683187856622178645e-03 3.125856481967231523e-03
1.794013440860215098e+02 2.676285538549900023e-03 3.117285058414818143e-03
1.795263440860215098e+02 2.669410911894861804e-03 3.108731970269256861e-03
1.796513440860215098e+02 2.662563886232459116e-03 3.100197206670476588e-03
1.797763440860215098e+02 2.655744370998230647e-03 3.091680756577480649e-03
1.799013440860215098e+02 2.648952275492786126e-03 3.083182608769658665e-03
1.800263440860215098e+02 2.642187508885656105e-03 3.074702751848180839e-03
1.801513440860215098e+02 2.635449980220736389e-03 3.066241174237310275e-03
1.802763440860215098e+02 2.628739598420299587e-03 3.057797864185776010e-03
1.804013440860215098e+02 2.622056272289439039e-03 3.049372809768081428e-03
1.805263440860215098e+02 2.615399910520861855e-03 3.040965998885843038e-03
1.806513440860215098e+02 2.608770421698827606e-03 3.032577419269129673e-03
1.807763440860215098e+02 2.602167714303778301e-03 3.024207058477753566e-03
1.809013440860215098e+02 2.595591696716898975e-03 3.015854903902611718e-03
1.810263440860215098e+02 2.589042277224174772e-03 3.007520942766963527e-03
1.811513440860215098e+02 2.582519364020701737e-03 2.999205162127764352e-03
1.812763440860215098e+02 2.576022865214673205e-03 2.990907548876930999e-03
1.814013440860215098e+02 2.569552688832320731e-03 2.982628089742641025e-03
1.815263440860215098e+02 2.563108742821508870e-03 2.974366771290638985e-03
1.816513440860215098e+02 2.556690935055780118e-03 2.966123579925474159e-03
1.817763440860215098e+02 2.550299173339358721e-03 2.957898501891818507e-03
1.819013440860215098e+02 2.543933365409660821e-03 2.949691523275689217e-03
1.820263440860215098e+02 2.537593418943349076e-03 2.941502630005754515e-03
1.821513440860215098e+02 2.531279241558468535e-03 2.933331807854549708e-03
1.822763440860215098e+02 2.524990740819888901e-03 2.925179042439751773e-03
1.824013440860215098e+02 2.518727824242399712e-03 2.917044319225427923e-03
1.825263440860215098e+02 2.512490399294949571e-03 2.908927623523248612e-03
1.826513440860215098e+02 2.506278373404410495e-03 2.900828940493756485e-03
1.827763440860215098e+02 2.500091653959549132e-03 2.892748255147558571e-03
1.829013440860215098e+02 2.493930148315057823e-03 2.884685552346584816e-03
1.830263440860215098e+02 2.487793763794798104e-03 2.876640816805267273e-03
1.831513440860215098e+02 2.481682407696471446e-03 2.868614033091791259e-03
1.832763440860215098e+02 2.475595987294255170e-03 2.860629649352722150e-03
1.834013440860215098e+02 2.469534409843141421e-03 2.852866989729989280e-03
1.835263440860215098e+02 2.463497582583054537e-03 2.845121105647979882e-03
1.836513440860215098e+02 2.457485412741414969e-03 2.837391983229709327e-03
1.837763440860215098e+02 2.451497807537766221e-03 2.829679608470990048e-03
1.839013440860215098e+02 2.445534674186545208e-03 2.821983967241494928e-03
1.840263440860215098e+02 2.439595919901302833e-03 2.814305045285740454e-03
1.841513440860215098e+02 2.433681451897879832e-03 2.806642828224116711e-03
1.842763440860215098e+02 2.427791177397989851e-03 2.798997301553885712e-03
1.844013440860215098e+02 2.421925003632979453e-03 2.791368450650163254e-03
1.845263440860215098e+02 2.416082837846237653e-03 2.783756260766956283e-03
1.846513440860215098e+02 2.410264587297951226e-03 2.776160717038100075e-03
1.847763440860215098e+02 2.404470159267696385e-03 2.768581804478294738e-03
1.849013440860215098e+02 2.398699461057967209e-03 2.761019507984056268e-03
1.850263440860215098e+02 2.392952399997472918e-03 2.753473812334704483e-03
1.851513440860215098e+02 2.387228883444128969e-03 2.745944702193338360e-03
1.852763440860215098e+02 2.381528818789216493e-03 2.738432162107796216e-03
1.854013440860215098e+02 2.375852113459508193e-03 2.730936176511632348e-03
1.855263440860215098e+02 2.370198674921199667e-03 2.723456729725058992e-03
1.856513440860215098e+02 2.364568410682802053e-03 2.715993805955919070e-03
1.857763440860215098e+02 2.358961228298493955e-03 2.708547389300639853e-03
1.859013440860215098e+02 2.353377035370552654e-03 2.701117463745148894e-03
1.860263440860215098e+02 2.347815739553576423e-03 2.693704013165853280e-03
1.861513440860215098e+02 2.342277248556681561e-03 2.686307021330552967e-03
1.862763440860215098e+02 2.336761470146590195e-03 2.678926471899390968e-03
1.864013440860215098e+02 2.331268312151292283e-03 2.671562348425759754e-03
1.865263440860215098e+02 2.325797682461900034e-03 2.664214634357252743e-03
1.866513440860215098e+02 2.320349489036715833e-03 2.656883313036572866e-03
1.867763440860215098e+02 2.314923639903390673e-03 2.649568367702429851e-03
1.869013440860215098e+02 2.309520043162259593e-03 2.642269781490488249e-03
1.870263440860215098e+02 2.304138606989105525e-03 2.634987537434243902e-03
1.871513440860215098e+02 2.298779239637290406e-03 2.627721618465942051e-03
1.872763440860215098e+02 2.293441849441804885e-03 2.620472007417476781e-03
1.874013440860215098e+02 2.288126344821174787e-03 2.613238687021272703e-03
1.875263440860215098e+02 2.282832634280516828e-03 2.606021639911193944e-03
1.876513440860215098e+02 2.277560626414044422e-03 2.598820848623403703e-03
1.877763440860215098e+02 2.272310229907934312e-03 2.591636295597283656e-03
1.879013440860215098e+02 2.267081353542919550e-03 2.584467963176266623e-03
1.880263440860215098e+02 2.261873906197166099e-03 2.577315833608745995e-03
1.881513440860215098e+02 2.256687796848425194e-03 2.570179889048937894e-03
1.882763440860215098e+02 2.251522934577148902e-03 2.563060111557717308e-03
1.884013440860215098e+02 2.246379228568418270e-03 2.555956483103523184e-03
1.885263440860215098e+02 2.241256588114932252e-03 2.548868985563171145e-03
1.886513440860215098e+02 2.236154922619792377e-03 2.541797600722745572e-03
1.887763440860215098e+02 2.231074141598152899e-03 2.534742310278424900e-03
1.889013440860215098e+02 2.226014154680299069e-03 2.527703095837313414e-03
1.890263440860215098e+02 2.220974871614073577e-03 2.520679938918321625e-03
1.891513440860215098e+02 2.215956202266622550e-03 2.513672820952954703e-03
1.892763440860215098e+02 2.210958056627761355e-03 2.506681723286182870e-03
1.894013440860215098e+02 2.205980344811407038e-03 2.499706627177241975e-03
1.895263440860215098e+02 2.201022977058749407e-03 2.492747513800475708e-03
1.896513440860215098e+02 2.196085863739845236e-03 2.485804364246144843e-03
1.897763440860215098e+02 2.191168915356008721e-03 2.478877159521234320e-03
1.899013440860215098e+02 2.186272042542635602e-03 2.471965880550290682e-03
1.900263440860215098e+02 2.181395156070660771e-03 2.465070508176197498e-03
1.901513440860215098e+02 2.176538166849255329e-03 2.458191023161002391e-03
1.902763440860215098e+02 2.171700985927867925e-03 2.451327406186714145e-03
1.904013440860215098e+02 2.166883524498165476e-03 2.444479637856071617e-03
1.905263440860215098e+02 2.162085693896617904e-03 2.437647698693371640e-03
1.906513440860215098e+02 2.157307405606021661e-03 2.430831569145229694e-03
1.907763440860215098e+02 2.152548571258275714e-03 2.424031229581380485e-03
1.909013440860215098e+02 2.147809102635838286e-03 2.417246660295434280e-03
1.910263440860215098e+02 2.143088911673754308e-03 2.410477841505681389e-03
1.911513440860215098e+02 2.138387910462154727e-03 2.403724753355848068e-03
1.912763440860215098e+02 2.133706011247878901e-03 2.396987375915851128e-03
1.914013440860215098e+02 2.129043126436380631e-03 2.390265689182588960e-03
1.915263440860215098e+02 2.124399168593936026e-03 2.383559673080677069e-03
1.916513440860215098e+02 2.119774050449406855e-03 2.376869307463222621e-03
1.917763440860215098e+02 2.115167684895882892e-03 2.370194572112555194e-03
1.919013440860215098e+02 2.110579984992976953e-03 2.363535446740998736e-03
1.920263440860215098e+02 2.106010863968410442e-03 2.356891910991604482e-03
1.921513440860215098e+02 2.101460235220127971e-03 2.350263944438870864e-03
1.922763440860215098e+02 2.096928012317360313e-03 2.343651526589527606e-03
1.924013440860215098e+02 2.092414109003304552e-03 2.337054636883214003e-03
1.925263440860215098e+02 2.087918439196145837e-03 2.330473254693252606e-03
1.926513440860215098e+02 2.083440916991510274e-03 2.323907359327348314e-03
1.927763440860215098e+02 2.078981456663252063e-03 2.317356930028313926e-03
1.929013440860215098e+02 2.074539972666263315e-03 2.310821945974799591e-03
1.930263440860215098e+02 2.070116379636741197e-03 2.304302386281981922e-03
1.931513440860215098e+02 2.065710592395187707e-03 2.297798230002310368e-03
1.932763440860215098e+02 2.061322525947082741e-03 2.291309456126170742e-03
1.934013440860215098e+02 2.056952095485263272e-03 2.284836043582623346e-03
1.935263440860215098e+02 2.052599216390647591e-03 2.278377971240092524e-03
1.936513440860215098e+02 2.048263804234325223e-03 2.271935217907040169e-03
1.937763440860215098e+02 2.043945774778871839e-03 2.265507762332689967e-03
1.939013440860215098e+02 2.039645043980198042e-03 2.259095583207684863e-03
1.940263440860215098e+02 2.035361527988717271e-03 2.252698659164801328e-03
1.941513440860215098e+02 2.030629803607245359e-03 2.246316968779608556e-03
1.942763440860215098e+02 2.025752531181356300e-03 2.239950490571141969e-03
1.944013440860215098e+02 2.020893442218886678e-03 2.233599203002601449e-03
1.945263440860215098e+02 2.016052473096450852e-03 2.227263084481989706e-03
1.946513440860215098e+02 2.011229560246583729e-03 2.220942113362806610e-03
1.947763440860215098e+02 2.006424640157687418e-03 2.214636267944687133e-03
1.949013440860215098e+02 2.001637649376965082e-03 2.208345526474080490e-03
1.950263440860215098e+02 1.996868524510225350e-03 2.202069867144895894e-03
1.951513440860215098e+02 1.992117202224578942e-03 2.195809268099143535e-03
1.952763440860215098e+02 1.987383619248845028e-03 2.189563707427615458e-03
1.954013440860215098e+02 1.982667712375010133e-03 2.183333163170486646e-03
1.955263440860215098e+02 1.977969418460239544e-03 2.177117613317990259e-03
1.956513440860215098e+02 1.973288674426953646e-03 2.170917035811050812e-03
1.957763440860215098e+02 1.968625417265740946e-03 2.164731408541892624e-03
1.959013440860215098e+02 1.963979584034521945e-03 2.158560709354705089e-03
1.960263440860215098e+02 1.959351111862005137e-03 2.152404916046243323e-03
1.961513440860215098e+02 1.954739937947261568e-03 2.146264006366474346e-03
1.962763440860215098e+02 1.950145999561641273e-03 2.140137958019169492e-03
1.964013440860215098e+02 1.945569234050262102e-03 2.134026748662550595e-03
1.965263440860215098e+02 1.941009578832529918e-03 2.127930355909892369e-03
1.966513440860215098e+02 1.936466971403880480e-03 2.121848757330115250e-03
1.967763440860215098e+02 1.931941349336794905e-03 2.115781930448422908e-03
1.969013440860215098e+02 1.927432650281916179e-03 2.109729852746879911e-03
1.970263440860215098e+02 1.922940811969085870e-03 2.103692501665027550e-03
1.971513440860215098e+02 1.918465772209014888e-03 2.097669854600476246e-03
1.972763440860215098e+02 1.914007468893797392e-03 2.091661888909489286e-03
1.974013440860215098e+02 1.909565839998116424e-03 2.085668581907591280e-03
1.975263440860215098e+02 1.905140823581066237e-03 2.079689910870131074e-03
1.976513440860215098e+02 1.900732357786064260e-03 2.073725853032895843e-03
1.977763440860215098e+02 1.896340380843542948e-03 2.067776385592654496e-03
1.979013440860215098e+02 1.891964831069751964e-03 2.061841485707766562e-03
1.980263440860215098e+02 1.887605646870675396e-03 2.055921130498741638e-03
1.981513440860215098e+02 1.883262766740278387e-03 2.050015297048801872e-03
1.982763440860215098e+02 1.878936129263530106e-03 2.044123962404470907e-03
1.984013440860215098e+02 1.874625673116674367e-03 2.038247103576106001e-03
1.985263440860215098e+02 1.870331337068169633e-03 2.032384697538499978e-03
1.986513440860215098e+02 1.866053059980054456e-03 2.026536721231391672e-03
1.987763440860215098e+02 1.861790780808638551e-03 2.020703151560057902e-03
1.989013440860215098e+02 1.857544438605603478e-03 2.014883965395852967e-03
1.990263440860215098e+02 1.853313972519103322e-03 2.009079139576739042e-03
1.991513440860215098e+02 1.849099321794355801e-03 2.003288650907859934e-03
1.992763440860215098e+02 1.844900425775351620e-03 1.997512476162054129e-03
1.994013440860215098e+02 1.840717223904626571e-03 1.991750592080419446e-03
1.995263440860215098e+02 1.836549655725546815e-03 1.986002975372831714e-03
1.996513440860215098e+02 1.832397660882056911e-03 1.980269602718470398e-03
1.997763440860215098e+02 1.828261179120564597e-03 1.974550450766376312e-03
1.999013440860215098e+02 1.824140150289764277e-03 1.968845496135937772e-03
2.000263440860215098e+02 1.820034514343040486e-03 1.963154715417450916e-03
2.001513440860215098e+02 1.815944211337554119e-03 1.957478085172613229e-03
2.002763440860215098e+02 1.811869181436459196e-03 1.951815581935053287e-03
2.004013440860215098e+02 1.807809364909446258e-03 1.946167182210843151e-03
2.005263440860215098e+02 1.803764702133109051e-03 1.940532862478997313e-03
2.006513440860215098e+02 1.799691035357845088e-03 1.934912599192001792e-03
2.007763440860215098e+02 1.795459163707590353e-03 1.929306368776293346e-03
2.009013440860215098e+02 1.791243464413010524e-03 1.923714147632782064e-03
2.010263440860215098e+02 1.787043878393138052e-03 1.918135912137344671e-03
2.011513440860215098e+02 1.782860346645767907e-03 1.912571638641303532e-03
2.012763440860215098e+02 1.778692810248356593e-03 1.907021303471946854e-03
2.014013440860215098e+02 1.774541210358700650e-03 1.901484882932994022e-03
2.015263440860215098e+02 1.770405488216003935e-03 1.895962353305099754e-03
2.016513440860215098e+02 1.766285585142260851e-03 1.890453690846321394e-03
2.017763440860215098e+02 1.762181442542317495e-03 1.884958871792618727e-03
2.019013440860215098e+02 1.758093001905500566e-03 1.879477872358319103e-03
2.020263440860215098e+02 1.754020204806348978e-03 1.874010668736588630e-03
2.021513440860215098e+02 1.749962992905194133e-03 1.868557237099918982e-03
2.022763440860215098e+02 1.745921307949822431e-03 1.863117553600583415e-03
2.024013440860215098e+02 1.741895091775177333e-03 1.857691594371111213e-03
2.025263440860215098e+02 1.737884286305258668e-03 1.852279335524749772e-03
2.026513440860215098e+02 1.733888833553821505e-03 1.846880753155917586e-03
2.027763440860215098e+02 1.729908675624888554e-03 1.841495823340679339e-03
2.029013440860215098e+02 1.725943754713236749e-03 1.836124522137174385e-03
2.030263440860215098e+02 1.721994013106640034e-03 1.830766825586103335e-03
2.031513440860215098e+02 1.718059393185186528e-03 1.825422709711142224e-03
2.032763440860215098e+02 1.714139837422800749e-03 1.820092150519415659e-03
2.034013440860215098e+02 1.710235288388165398e-03 1.814775124001932012e-03
2.035263440860215098e+02 1.706345688745063323e-03 1.809471606134015805e-03
2.036513440860215098e+02 1.702470981253456075e-03 1.804181572875763508e-03
2.037763440860215098e+02 1.698611108770493958e-03 1.798905000172457266e-03
2.039013440860215098e+02 1.694766014250716820e-03 1.793641863955023090e-03
2.040263440860215098e+02 1.690935640747033954e-03 1.788392140140444148e-03
2.041513440860215098e+02 1.687119931412065258e-03 1.783155804632185776e-03
2.042763440860215098e+02 1.683318829497867583e-03 1.777932833320639353e-03
2.044013440860215098e+02 1.679532278357506389e-03 1.772723202083518242e-03
2.045263440860215098e+02 1.675760221445304248e-03 1.767526886786304277e-03
2.046513440860215098e+02 1.672002602317641633e-03 1.762343863282638933e-03
2.047763440860215098e+02 1.668259364634295042e-03 1.757174107414760699e-03
2.049013440860215098e+02 1.664530452157785825e-03 1.752017595013904711e-03
2.050263440860215098e+02 1.660815808755466191e-03 1.746874301900703044e-03
2.051513440860215098e+02 1.657115378399532431e-03 1.741744203885616004e-03
2.052763440860215098e+02 1.653429105167711008e-03 1.736627276769306611e-03
2.054013440860215098e+02 1.649756933243983230e-03 1.731523496343064959e-03
2.055263440860215098e+02 1.646098806919392768e-03 1.726432838389200045e-03
2.056513440860215098e+02 1.642454670592523140e-03 1.721355278681421623e-03
2.057763440860215098e+02 1.638824468770210246e-03 1.716290792985258711e-03
2.059013440860215098e+02 1.635208146068332317e-03 1.711239357058425611e-03
2.060263440860215098e+02 1.631605647211971464e-03 1.706200946651234996e-03
2.061513440860215098e+02 1.628016917036483784e-03 1.701309849843659662e-03
2.062763440860215098e+02 1.624441900488197152e-03 1.698247096303366708e-03
2.064013440860215098e+02 1.620880542624617438e-03 1.695195012051634465e-03
2.065263440860215098e+02 1.617332788614882569e-03 1.692153535748744690e-03
2.066513440860215098e+02 1.613798583741321829e-03 1.689122606302520709e-03
2.067763440860215098e+02 1.610277873398788641e-03 1.686102162867887666e-03
2.069013440860215098e+02 1.606770603096482246e-03 1.683092144847496809e-03
2.070263440860215098e+02 1.603276718457154497e-03 1.680092491891254074e-03
2.071513440860215098e+02 1.599796165218673712e-03 1.677103143896409212e-03
2.072763440860215098e+02 1.596328889234526665e-03 1.674124041008119351e-03
2.074013440860215098e+02 1.592874836473880812e-03 1.671155123618573183e-03
2.075263440860215098e+02 1.589433953022213134e-03 1.668196332367755975e-03
2.076513440860215098e+02 1.586006185082317358e-03 1.665247608142835477e-03
2.077763440860215098e+02 1.582591478974329979e-03 1.662308892078653280e-03
2.079013440860215098e+02 1.579189781136263468e-03 1.659380125557140219e-03
2.080263440860215098e+02 1.575801038124893371e-03 1.656461250207946941e-03
2.081513440860215098e+02 1.572425196615877133e-03 1.653552207907701662e-03
2.082763440860215098e+02 1.569062203404317669e-03 1.650652940780155233e-03
2.084013440860215098e+02 1.565712005405597981e-03 1.647763391196565815e-03
2.085263440860215098e+02 1.562374549655267536e-03 1.644883501774928010e-03
2.086513440860215098e+02 1.559049783309772799e-03 1.642013215380376621e-03
2.087763440860215098e+02 1.555737653647397672e-03 1.639152475124816283e-03
2.089013440860215098e+02 1.552438108067937797e-03 1.636301224367026639e-03
2.090263440860215098e+02 1.549151094093429576e-03 1.633459406712164681e-03
2.091513440860215098e+02 1.545876559368907161e-03 1.630626966012215786e-03
2.092763440860215098e+02 1.542614451662378382e-03 1.627803846365275323e-03
2.094013440860215098e+02 1.539364718865770610e-03 1.624989992115686123e-03
2.095263440860215098e+02 1.536127308994786984e-03 1.622185347854127610e-03
2.096513440860215098e+02 1.532902170189386288e-03 1.619389858416842324e-03
2.097763440860215098e+02 1.529689250714834402e-03 1.616603468886081965e-03
2.099013440860215098e+02 1.526488498961458412e-03 1.613826124589497635e-03
2.100263440860215098e+02 1.523299863445053397e-03 1.611057771100279489e-03
2.101513440860215098e+02 1.519825127574579845e-03 1.608298354236533095e-03
2.102763440860215098e+02 1.515170173869186121e-03 1.605547820061796818e-03
2.104013440860215098e+02 1.510527958427911694e-03 1.602806114884017686e-03
2.105263440860215098e+02 1.505898454465521728e-03 1.600073185255762804e-03
2.106513440860215098e+02 1.501281635206896340e-03 1.597348977974185746e-03
2.107763440860215098e+02 1.496677473887357383e-03 1.594633440080242461e-03
2.109013440860215098e+02 1.492085943752999343e-03 1.591926518859074213e-03
2.110263440860215098e+02 1.487507018060997901e-03 1.589228161839103788e-03
2.111513440860215098e+02 1.482940670079943438e-03 1.586538316792519485e-03
2.112763440860215098e+02 1.478386873090139835e-03 1.583856931734296727e-03
2.114013440860215098e+02 1.473845600383935162e-03 1.581183954922553469e-03
2.115263440860215098e+02 1.469316825266017441e-03 1.578519334857781059e-03
2.116513440860215098e+02 1.464800521053733189e-03 1.575863020282759460e-03
2.117763440860215098e+02 1.460296661077394899e-03 1.573214960182560277e-03
2.119013440860215098e+02 1.455805218680574203e-03 1.570575103783616953e-03
2.120263440860215098e+02 1.451326167220416945e-03 1.567943400554055447e-03
2.121513440860215098e+02 1.446859480067930713e-03 1.565319800202928137e-03
2.122763440860215098e+02 1.442405130608291229e-03 1.562704252680250901e-03
2.124013440860215098e+02 1.437963092241128799e-03 1.560096708176332645e-03
2.125263440860215098e+02 1.433533338380824085e-03 1.557497117121850764e-03
2.126513440860215098e+02 1.429115842456801918e-03 1.554905430187142942e-03
2.127763440860215098e+02 1.424710577913810162e-03 1.552321598282008523e-03
2.129013440860215098e+02 1.420317518212213959e-03 1.549745572555510107e-03
2.130263440860215098e+02 1.415936636828268955e-03 1.547177304395348178e-03
2.131513440860215098e+02 1.411567907254414897e-03 1.544616745427791066e-03
2.132763440860215098e+02 1.407211302999537795e-03 1.542063847517013584e-03
2.134013440860215098e+02 1.402866797589263741e-03 1.539518562765061467e-03
2.135263440860215098e+02 1.398534364566216513e-03 1.536980843511122786e-03
2.136513440860215098e+02 1.394213977490300340e-03 1.534450642331393290e-03
2.137763440860215098e+02 1.389905609938966611e-03 1.531927912038573555e-03
2.139013440860215098e+02 1.385609235507476470e-03 1.529412605681480190e-03
2.140263440860215098e+02 1.381324827809175555e-03 1.526904676544911608e-03
2.141513440860215098e+02 1.377052360475743793e-03 1.524404078148713232e-03
2.142763440860215098e+02 1.372791807157471879e-03 1.521910764247883961e-03
2.144013440860215098e+02 1.368543141523504781e-03 1.519424688831783835e-03
2.145263440860215098e+02 1.364306337262105422e-03 1.516945806124043832e-03
2.146513440860215098e+02 1.360081368080912501e-03 1.514474070581826653e-03
2.147763440860215098e+02 1.355868207707182924e-03 1.512009436895567823e-03
2.149013440860215098e+02 1.351666829888053091e-03 1.509551859988643484e-03
2.150263440860215098e+02 1.347477208390775042e-03 1.507101295016594327e-03
2.151513440860215098e+02 1.343299317002975141e-03 1.504657697367091764e-03
2.152763440860215098e+02 1.339133129532884365e-03 1.502221022659085093e-03
2.154013440860215098e+02 1.334978619809588972e-03 1.499791226742699154e-03
2.155263440860215098e+02 1.330835761683271407e-03 1.497368265698521567e-03
2.156513440860215098e+02 1.326704529025436686e-03 1.494952095837299164e-03
2.157763440860215098e+02 1.322584895729163931e-03 1.492542673699326274e-03
2.159013440860215098e+02 1.318476835709323208e-03 1.490139956054054417e-03
2.160263440860215098e+02 1.314380322902823162e-03 1.487743899899673363e-03
2.161513440860215098e+02 1.310295331268823520e-03 1.485354462462415079e-03
2.162763440860215098e+02 1.306221834788980334e-03 1.482971601196451808e-03
2.164013440860215098e+02 1.302159807467656322e-03 1.480595273782899261e-03
2.165263440860215098e+02 1.298109223332150281e-03 1.478225438129719248e-03
2.166513440860215098e+02 1.294070056432924769e-03 1.475862052370944697e-03
2.167763440860215098e+02 1.290042280843811890e-03 1.473505074866532415e-03
2.169013440860215098e+02 1.286025870662246178e-03 1.471154464201422651e-03
2.170263440860215098e+02 1.282020800009466043e-03 1.468810179185298407e-03
2.171513440860215098e+02 1.278027043030741236e-03 1.466472178852073907e-03
2.172763440860215098e+02 1.274044573895571257e-03 1.464140422459136960e-03
2.174013440860215098e+02 1.270073366797903284e-03 1.461814869487173315e-03
2.175263440860215098e+02 1.266113395956343368e-03 1.459495479639281957e-03
2.176513440860215098e+02 1.262164635614350080e-03 1.457182212840744387e-03
2.177763440860215098e+02 1.258227060040453945e-03 1.454875029238174603e-03
2.179013440860215098e+02 1.254300643528445235e-03 1.452573889199414376e-03
2.180263440860215098e+02 1.250385360397589284e-03 1.450278753312527749e-03
2.181513440860215098e+02 1.246481184992810588e-03 1.447989582385447596e-03
2.182763440860215098e+02 1.242588091684898588e-03 1.445706337445596366e-03
2.184013440860215098e+02 1.238706054870703692e-03 1.443428979739001371e-03
2.185263440860215098e+02 1.234835048973322458e-03 1.441157470729986225e-03
2.186513440860215098e+02 1.230975048442299472e-03 1.438891772100491266e-03
2.187763440860215098e+02 1.227126027753805372e-03 1.436631845749611249e-03
2.189013440860215098e+02 1.223287961410836561e-03 1.434377653792811257e-03
2.190263440860215098e+02 1.219460823943391498e-03 1.432129158561685350e-03
2.191513440860215098e+02 1.215644589908657178e-03 1.429886322603100704e-03
2.192763440860215098e+02 1.211839233891199956e-03 1.427649108678555757e-03
2.194013440860215098e+02 1.208044730503131641e-03 1.425417479764114941e-03
2.195263440860215098e+02 1.204261054384303574e-03 1.423191399049147108e-03
2.196513440860215098e+02 1.200488180202470556e-03 1.420970829936293216e-03
2.197763440860215098e+02 1.196726082653478632e-03 1.418755736040443281e-03
2.199013440860215098e+02 1.192974736461426639e-03 1.416546081188544033e-03
2.200263440860215098e+02 1.189234116378850301e-03 1.414341829418580858e-03
2.201513440860215098e+02 1.185504197186883560e-03 1.412142944979481295e-03
2.202763440860215098e+02 1.181784953695430530e-03 1.409949392330002221e-03
2.204013440860215098e+02 1.178076360743336585e-03 1.407761136138384848e-03
2.205263440860215098e+02 1.174378393198544481e-03 1.405578141281866840e-03
2.206513440860215098e+02 1.170691025958270001e-03 1.403400372845781553e-03
2.207763440860215098e+02 1.167014233949151790e-03 1.401227796123192008e-03
2.209013440860215098e+02 1.163347992127423307e-03 1.399060376614126968e-03
2.210263440860215098e+02 1.159692275479062449e-03 1.396898080025081763e-03
2.211513440860215098e+02 1.156047059019951577e-03 1.394740872268200810e-03
2.212763440860215098e+02 1.152412317796039929e-03 1.392588719461008940e-03
2.214013440860215098e+02 1.148788026883485434e-03 1.390441587925354307e-03
2.215263440860215098e+02 1.145174161388818213e-03 1.388299444187067726e-03
2.216513440860215098e+02 1.141570696449083254e-03 1.386162254975377645e-03
2.217763440860215098e+02 1.137977607231996759e-03 1.384029987222018488e-03
2.219013440860215098e+02 1.134394868936088388e-03 1.381902608060940748e-03
2.220263440860215098e+02 1.130822456790847412e-03 1.379780084827188398e-03
2.221513440860215098e+02 1.127260346056875150e-03 1.377662385056866150e-03
2.222763440860215098e+02 1.123708512026015292e-03 1.375549476485983698e-03
2.224013440860215098e+02 1.120166930021508937e-03 1.373441327050224344e-03
2.225263440860215098e+02 1.116635575398122098e-03 1.371337904883950572e-03
2.226513440860215098e+02 1.113114423542295537e-03 1.369239178319721362e-03
2.227763440860215098e+02 1.109603449872271401e-03 1.367145115887787596e-03
2.229013440860215098e+02 1.106102629838239156e-03 1.365055686315086794e-03
2.230263440860215098e+02 1.102611938922460049e-03 1.362970858525102162e-03
2.231513440860215098e+02 1.099131352639404376e-03 1.360890601636573476e-03
2.232763440860215098e+02 1.095660846535884830e-03 1.358814884963553682e-03
2.234013440860215098e+02 1.092200396191179458e-03 1.356743678014100040e-03
2.235263440860215098e+02 1.088749977217168046e-03 1.354676950489915261e-03
2.236513440860215098e+02 1.085309565258450086e-03 1.352614672286010528e-03
2.237763440860215098e+02 1.081879135992479214e-03 1.350556813489243568e-03
2.239013440860215098e+02 1.078458665129679002e-03 1.348503344378679464e-03
2.240263440860215098e+02 1.075048128413567863e-03 1.346454235423873505e-03
2.241513440860215098e+02 1.071647501620885895e-03 1.344409457285174539e-03
2.242763440860215098e+02 1.068256760561704178e-03 1.342368980812166761e-03
2.244013440860215098e+02 1.064875881079552916e-03 1.340332777043911922e-03
2.245263440860215098e+02 1.061504839051530084e-03 1.338300817207392635e-03
2.246513440860215098e+02 1.058143610388425238e-03 1.336273072717608212e-03
2.247763440860215098e+02 1.054792171034824467e-03 1.334249515176364701e-03
2.249013440860215098e+02 1.051450496969229221e-03 1.332230116371910375e-03
2.250263440860215098e+02 1.048118564204168421e-03 1.330214848278123878e-03
2.251513440860215098e+02 1.044796348786302754e-03 1.328203683053920305e-03
2.252763440860215098e+02 1.041483826796540686e-03 1.326196593042453008e-03
2.254013440860215098e+02 1.038180974350138858e-03 1.324193550770701383e-03
2.255263440860215098e+02 1.034887767596814846e-03 1.322194528948442832e-03
2.256513440860215098e+02 1.031604182720844733e-03 1.320199500467931835e-03
2.257763440860215098e+02 1.028330195941171534e-03 1.318208438402802742e-03
2.259013440860215098e+02 1.025065783511507978e-03 1.316221316007969155e-03
2.260263440860215098e+02 1.021810921720432783e-03 1.314238106718318769e-03
2.261513440860215098e+02 1.018565586891495827e-03 1.312258784148475927e-03
2.262763440860215098e+02 1.015329755383309867e-03 1.310283322091994763e-03
2.264013440860215098e+02 1.012103403589655493e-03 1.308311694520592665e-03
2.265263440860215098e+02 1.008886507939567865e-03 1.306343875583609263e-03
2.266513440860215098e+02 1.005679044897441008e-03 1.304379839607166386e-03
2.267763440860215098e+02 1.002480990963112171e-03 1.302419561093689062e-03
2.269013440860215098e+02 9.992923226719585290e-04 1.300463014720936242e-03
2.270263440860215098e+02 9.961130165949895650e-04 1.298510175341772901e-03
2.271513440860215098e+02 9.929430493389307649e-04 1.296561017982818904e-03
2.272763440860215098e+02 9.897823975463192463e-04 1.294615517844545502e-03
2.274013440860215098e+02 9.866310378955831222e-04 1.292673650299806668e-03
2.275263440860215098e+02 9.834889471011362596e-04 1.290735390893927789e-03
2.276513440860215098e+02 9.803561019134541740e-04 1.288800715343264326e-03
2.277763440860215098e+02 9.772324791191627173e-04 1.286869599535234989e-03
2.279013440860215098e+02 9.741180555411219945e-04 1.284942019526965186e-03
2.280263440860215098e+02 9.710128080385012827e-04 1.283017951545107260e-03
2.281513440860215098e+02 9.679167135068673933e-04 1.281097371984897450e-03
2.282763440860215098e+02 9.648297488782540607e-04 1.279180257409608806e-03
2.284013440860215098e+02 9.617518911212503052e-04 1.277266584549651947e-03
2.285263440860215098e+02 9.586831172410673280e-04 1.275356330302227252e-03
2.286513440860215098e+02 9.556234042796187423e-04 1.273449471730239138e-03
2.287763440860215098e+02 9.525727293155976600e-04 1.271545986061955406e-03
2.289013440860215098e+02 9.495310694645418522e-04 1.269645850690109086e-03
2.290263440860215098e+02 9.464984018789159318e-04 1.267749043171185032e-03
2.291513440860215098e+02 9.434747037481720690e-04 1.265855541224973450e-03
2.292763440860215098e+02 9.404599522988298967e-04 1.263965322733626856e-03
2.294013440860215098e+02 9.374541247945354910e-04 1.262078365741159391e-03
2.295263440860215098e+02 9.344571985361393258e-04 1.260194648452559298e-03
2.296513440860215098e+02 9.314691508617538437e-04 1.258314149233322275e-03
2.297763440860215098e+02 9.284899591468228448e-04 1.256436846608553759e-03
2.299013440860215098e+02 9.255196008041899000e-04 1.254562719262478001e-03
2.300263440860215098e+02 9.225580532841529948e-04 1.252691746037580458e-03
2.301513440860215098e+02 9.196052940745369541e-04 1.250823905934112966e-03
2.302763440860215098e+02 9.166613007007448329e-04 1.248959178109041628e-03
2.304013440860215098e+02 9.137260507258283902e-04 1.247097541875958346e-03
2.305263440860215098e+02 9.107995217505380700e-04 1.245238976703676994e-03
2.306513440860215098e+02 9.078816914133858856e-04 1.243383462216251416e-03
2.307763440860215098e+02 9.049725373907059178e-04 1.241530978191646845e-03
2.309013440860215098e+02 9.020720373967015858e-04 1.239681504561666826e-03
2.310263440860215098e+02 8.991801691835115675e-04 1.237835021410627892e-03
2.311513440860215098e+02 8.962969105412537090e-04 1.235991508975336356e-03
2.312763440860215098e+02 8.934222392980878001e-04 1.234150947643778166e-03
2.314013440860215098e+02 8.905561333202600266e-04 1.232313317954935022e-03
2.315263440860215098e+02 8.876985705121570721e-04 1.230478600597863237e-03
2.316513440860215098e+02 8.848495288163607617e-04 1.228646776410877118e-03
2.317763440860215098e+02 8.820089862136890448e-04 1.226817826381337330e-03
2.319013440860215098e+02 8.791769207232526988e-04 1.224991731644311252e-03
2.320263440860215098e+02 8.763533104024951196e-04 1.223168473482588378e-03
2.321513440860215098e+02 8.735381333472462062e-04 1.221348033325312049e-03
2.322763440860215098e+02 8.707313676917619342e-04 1.219530392748016320e-03
2.324013440860215098e+02 8.679329916087708680e-04 1.217715533471209121e-03
2.325263440860215098e+02 8.651429833095211066e-04 1.215903437360307208e-03
2.326513440860215098e+02 8.623613210438166050e-04 1.214094086424558029e-03
2.327763440860215098e+02 8.595879831000658540e-04 1.212287462816614720e-03
2.329013440860215098e+02 8.568229478053167921e-04 1.210483548831632313e-03
2.330263440860215098e+02 8.540661935253024504e-04 1.208682326906858557e-03
2.331513440860215098e+02 8.513176986644733699e-04 1.206883779620671797e-03
2.332763440860215098e+02 8.485774416660441140e-04 1.205087889692157271e-03
2.334013440860215098e+02 8.458454010120227589e-04 1.203294639980208303e-03
2.335263440860215098e+02 8.431215552232505751e-04 1.201504013483100861e-03
2.336513440860215098e+02 8.404058828594411674e-04 1.199715993337455979e-03
2.337763440860215098e+02 8.376983625192077967e-04 1.197930562818118544e-03
2.339013440860215098e+02 8.349989728401041459e-04 1.196147705336821987e-03
2.340263440860215098e+02 8.323076924986517501e-04 1.194367404442176579e-03
2.341513440860215098e+02 8.296245002103778358e-04 1.192589643818374673e-03
2.342763440860215098e+02 8.269493747298407990e-04 1.190814407285117416e-03
2.344013440860215098e+02 8.242822948506637075e-04 1.189041678796437301e-03
2.345263440860215098e+02 8.216232394055657424e-04 1.187271442440286824e-03
2.346513440860215098e+02 8.189721872663856175e-04 1.185503682438020668e-03
2.347763440860215098e+02 8.163291173441157306e-04 1.183738383143264879e-03
2.349013440860215098e+02 8.136940085889240656e-04 1.181975529041818856e-03
2.350263440860215098e+02 8.110668399901846577e-04 1.180215104750432153e-03
2.351513440860215098e+02 8.084475905765000367e-04 1.178457095016682181e-03
2.352763440860215098e+02 8.058362394157259469e-04 1.176701484717821919e-03
2.354013440860215098e+02 8.032327656149998614e-04 1.174948258860582370e-03
2.355263440860215098e+02 8.006371483207565948e-04 1.173197402580018539e-03
2.356513440860215098e+02 7.980493667187588775e-04 1.171448901139326851e-03
2.357763440860215098e+02 7.954694000341115592e-04 1.169702739928833810e-03
2.359013440860215098e+02 7.928972275312883879e-04 1.167958904465578795e-03
2.360263440860215098e+02 7.903328285141459969e-04 1.166217380392488116e-03
2.361513440860215098e+02 7.877761823259505757e-04 1.164478153477881486e-03
2.362763440860215098e+02 7.852272683493895797e-04 1.162741209614609646e-03
2.364013440860215098e+02 7.826860660065920045e-04 1.161006534819656677e-03
2.365263440860215098e+02 7.801525547591477931e-04 1.159274115233244022e-03
2.366513440860215098e+02 7.776267141081192203e-04 1.157543937118418048e-03
2.367763440860215098e+02 7.751085235940624683e-04 1.155815986860103542e-03
2.369013440860215098e+02 7.725979627970355409e-04 1.154090250964902049e-03
2.370263440860215098e+02 7.700950113366195147e-04 1.152366716059920280e-03
2.371513440860215098e+02 7.675996488719250433e-04 1.150645368892501018e-03
2.372763440860215098e+02 7.651118551016094886e-04 1.148926196329489108e-03
2.374013440860215098e+02 7.626316097638889549e-04 1.147209185356499626e-03
2.375263440860215098e+02 7.601588926365454449e-04 1.145494323077444077e-03
2.376513440860215098e+02 7.576936835369432310e-04 1.143781596713677566e-03
2.377763440860215098e+02 7.552359623220325415e-04 1.142070993603598941e-03
2.379013440860215098e+02 7.527857088883645230e-04 1.140362501201714262e-03
2.380263440860215098e+02 7.503429031720947094e-04 1.138656107078419308e-03
2.381513440860215098e+02 7.479075251489928884e-04 1.136951798918863984e-03
2.382763440860215098e+02 7.454795548344530761e-04 1.135249564522886837e-03
2.384013440860215098e+02 7.430589722834928662e-04 1.133549391803756511e-03
2.385263440860215098e+02 7.406457575907680673e-04 1.131851268788162642e-03
2.386513440860215098e+02 7.382398908905692331e-04 1.130155183615022584e-03
2.387763440860215098e+02 7.358413523568329380e-04 1.128461124535389687e-03
2.389013440860215098e+02 7.334501222031412351e-04 1.126769079911314015e-03
2.390263440860215098e+02 7.310661806827252343e-04 1.125079038215683188e-03
2.391513440860215098e+02 7.286895080884718242e-04 1.123390988031223829e-03
2.392763440860215098e+02 7.263200847529190096e-04 1.121704918050160475e-03
2.394013440860215098e+02 7.239578910482632849e-04 1.120020817073390067e-03
2.395263440860215098e+02 7.216029073863544294e-04 1.118338674010017257e-03
2.396513440860215098e+02 7.192551142187021207e-04 1.116658477876600677e-03
2.397763440860215098e+02 7.169144920364674788e-04 1.114980217796704941e-03
2.399013440860215098e+02 7.145810213704706544e-04 1.113303883000144956e-03
2.400263440860215098e+02 7.122546827911799879e-04 1.111629462822362512e-03
2.401513440860215098e+02 7.099354569087160203e-04 1.109956946704000833e-03
2.402763440860215098e+02 7.076233243728474818e-04 1.108286324190052618e-03
2.404013440860215098e+02 7.053182658729830520e-04 1.106617584929468637e-03
2.405263440860215098e+02 7.030202621381747207e-04 1.104950718674358899e-03
2.406513440860215098e+02 7.007292939371039106e-04 1.103285715279596043e-03
2.407763440860215098e+02 6.984453420780859217e-04 1.101622564701995252e-03
2.409013440860215098e+02 6.961683874090552953e-04 1.099961256999900305e-03
2.410263440860215098e+02 6.938984108175639707e-04 1.098301782332430920e-03
2.411513440860215098e+02 6.916353932307734787e-04 1.096644130959050596e-03
2.412763440860215098e+02 6.893793156154456175e-04 1.094988293238717677e-03
2.414013440860215098e+02 6.871301589779372490e-04 1.093334259629697358e-03
2.415263440860215098e+02 6.848879043641871792e-04 1.091682020688436710e-03
2.416513440860215098e+02 6.826525328597118220e-04 1.090031567069524136e-03
2.417763440860215098e+02 6.804240255895907790e-04 1.088382889524597578e-03
2.419013440860215098e+02 6.782023637184581661e-04 1.086735978902224819e-03
2.420263440860215098e+02 6.759875284504932892e-04 1.085090826146827957e-03
2.421513440860215098e+02 6.737795010294056822e-04 1.083447422298650228e-03
2.422763440860215098e+02 6.715782627384270839e-04 1.081805758492607400e-03
2.424013440860215098e+02 6.693837949002939824e-04 1.080165825958151167e-03
2.425263440860215098e+02 6.671960788772397007e-04 1.078527616018467271e-03
2.426513440860215098e+02 6.650150960709762899e-04 1.076891120089860541e-03
2.427763440860215098e+02 6.628408279226842299e-04 1.075256329681451538e-03
2.429013440860215098e+02 6.606732559129943226e-04 1.073623236394208357e-03
2.430263440860215098e+02 6.585123615619735979e-04 1.071991831920791156e-03
2.431513440860215098e+02 6.563581264291131704e-04 1.070362108044545799e-03
2.432763440860215098e+02 6.542105321133051456e-04 1.068734056639383508e-03
2.434013440860215098e+02 6.520695602528336215e-04 1.067107669668780363e-03
2.435263440860215098e+02 6.499351925253507275e-04 1.065482939185567616e-03
2.436513440860215098e+02 6.478074106478645894e-04 1.063859857331159956e-03
2.437763440860215098e+02 6.456861963767173210e-04 1.062238416335082366e-03
2.439013440860215098e+02 6.435715315075664833e-04 1.060618608514327836e-03
2.440263440860215098e+02 6.414633978753713156e-04 1.059000426272914798e-03
2.441513440860215098e+02 6.393617773543649801e-04 1.057383862101196267e-03
2.442763440860215098e+02 6.372666518580424183e-04 1.055768908575453269e-03
2.444013440860215098e+02 6.351780033391331379e-04 1.054155558357152810e-03
2.445263440860215098e+02 6.330958137895871182e-04 1.052543804192664252e-03
2.446513440860215098e+02 6.310200652405461869e-04 1.050933638912341208e-03
2.447763440860215098e+02 6.289507397623273236e-04 1.049325055430412037e-03
2.449013440860215098e+02 6.268878194644001084e-04 1.047718046743973492e-03
2.450263440860215098e+02 6.248312864953601588e-04 1.046112605932878392e-03
2.451513440860215098e+02 6.227811230429118909e-04 1.044508726158817520e-03
2.452763440860215098e+02 6.207373113338378367e-04 1.042906400665123386e-03
2.454013440860215098e+02 6.186998336339823807e-04 1.041305622775909366e-03
2.455263440860215098e+02 6.166686722482203186e-04 1.039706385895682213e-03
2.456513440860215098e+02 6.146438095204353894e-04 1.038108683508959327e-03
2.457763440860215098e+02 6.126252278334968571e-04 1.036512509179366489e-03
2.459013440860215098e+02 6.106129096092283940e-04 1.034917856549550687e-03
2.460263440860215098e+02 6.086068373083879145e-04 1.033324719340191324e-03
2.461513440860215098e+02 6.066069934306356996e-04 1.031733091349895052e-03
2.462763440860215098e+02 6.046133605145123874e-04 1.030142966454289377e-03
2.464013440860215098e+02 6.026259211374068812e-04 1.028554338605869572e-03
2.465263440860215098e+02 6.006446579155327132e-04 1.026967201833098786e-03
2.466513440860215098e+02 5.986695535038971455e-04 1.025381550240241297e-03
2.467763440860215098e+02 5.967005905962730885e-04 1.023797378006563886e-03
2.469013440860215098e+02 5.947377519251723218e-04 1.022214679386001038e-03
2.470263440860215098e+02 5.927810202618121003e-04 1.020633448706506586e-03
2.471513440860215098e+02 5.908303784160902176e-04 1.019053680369672726e-03
2.472763440860215098e+02 5.888858092365506372e-04 1.017475368850074939e-03
2.474013440860215098e+02 5.869472956103564953e-04 1.015898508694930251e-03
2.475263440860215098e+02 5.850148204632565994e-04 1.014323094523393370e-03
2.476513440860215098e+02 5.830883667595542028e-04 1.012749121026246171e-03
2.477763440860215098e+02 5.811679175020800087e-04 1.011176582965180384e-03
2.479013440860215098e+02 5.792534557321529212e-04 1.009605475172578593e-03
2.480263440860215098e+02 5.773449645295544589e-04 1.008035792550673751e-03
2.481513440860215098e+02 5.754424270124909157e-04 1.006467530071336255e-03
2.482763440860215098e+02 5.735458263375649551e-04 1.004900682775450521e-03
2.484013440860215098e+02 5.716551456997383132e-04 1.003335245772399124e-03
2.485263440860215098e+02 5.697703683322991649e-04 1.001771214239654704e-03
2.486513440860215098e+02 5.678914775068313317e-04 1.000208583422171728e-03
2.487763440860215098e+02 5.660184565331737331e-04 9.986473486320666514e-04
2.489013440860215098e+02 5.641512887593926311e-04 9.970875052478893330e-04
2.490263440860215098e+02 5.622899575717397796e-04 9.955290487144506477e-04
2.491513440860215098e+02 5.604344463946230427e-04 9.939719745419713873e-04
2.492763440860215098e+02 5.585847386905654121e-04 9.924162783059855501e-04
2.494013440860215098e+02 5.567408179601738899e-04 9.908619556464916267e-04
2.495263440860215098e+02 5.549026677420991569e-04 9.893090022678090525e-04
2.496513440860215098e+02 5.530702716130001190e-04 9.877574139378001838e-04
2.497763440860215098e+02 5.512436131875089957e-04 9.862071864876953073e-04
2.499013440860215098e+02 5.494226761181897952e-04 9.846583158113005226e-04
2.500263440860215098e+02 5.476074440955057887e-04 9.831107978648218840e-04
2.501513440860215098e+02 5.457979008477755996e-04 9.815646286661799686e-04
2.502763440860215098e+02 5.439940301411419791e-04 9.800198042946971916e-04
2.504013440860215098e+02 5.421958157795262693e-04 9.784763208904943398e-04
2.505263440860215098e+02 5.404032416045939256e-04 9.769341746541878625e-04
2.506513440860215098e+02 5.386162914957149436e-04 9.753933618462475898e-04
2.507763440860215098e+02 5.368349493699224421e-04 9.738538787867030222e-04
2.509013440860215098e+02 5.350591991818755841e-04 9.723157218545718482e-04
2.510263440860215098e+02 5.332890249238166416e-04 9.707788874874157458e-04
2.511513440860215098e+02 5.315244106255339164e-04 9.692433721809817293e-04
2.512763440860215098e+02 5.297653403543178298e-04 9.677091724886494224e-04
2.514013440860215098e+02 5.280117982149222164e-04 9.661762850210415046e-04
2.515263440860215098e+02 5.262637683495235584e-04 9.646447064454976563e-04
2.516513440860215098e+02 5.245212349376775088e-04 9.631144334857503824e-04
2.517763440860215098e+02 5.227841821962796436e-04 9.615854629213460483e-04
2.519013440860215098e+02 5.210525943795205756e-04 9.600577915873292683e-04
2.520263440860215098e+02 5.193264557788474650e-04 9.585314163736845423e-04
2.521513440860215098e+02 5.176057507229177247e-04 9.570063342250270406e-04
2.522763440860215098e+02 5.158904635775583619e-04 9.554825421399643342e-04
2.524013440860215098e+02 5.141805787457243452e-04 9.539600371709916612e-04
2.525263440860215098e+02 5.124760806674510082e-04 9.524388164236581751e-04
2.526513440860215098e+02 5.107769538198163187e-04 9.509188770565007000e-04
2.527763440860215098e+02 5.090831827168908977e-04 9.494002162802912944e-04
2.529013440860215098e+02 5.073947519096998551e-04 9.478828313579379383e-04
2.530263440860215098e+02 5.057116459861738921e-04 9.463667196037304705e-04
2.531513440860215098e+02 5.040338495711084270e-04 9.448518783832391072e-04
2.532763440860215098e+02 5.023613473261162154e-04 9.433383051125755585e-04
2.534013440860215098e+02 5.006941239495828980e-04 9.418259972582486124e-04
2.535263440860215098e+02 4.990321641766241748e-04 9.403149523365509103e-04
2.536513440860215098e+02 4.973754527790365818e-04 9.388051679132874625e-04
2.537763440860215098e+02 4.957239745652556413e-04 9.372966416032324629e-04
2.539013440860215098e+02 4.940777143803058800e-04 9.357893710697913437e-04
2.540263440860215098e+02 4.924366571057597376e-04 9.342833540246524206e-04
2.541513440860215098e+02 4.908007876596861760e-04 9.327785882271793063e-04
2.542763440860215098e+02 4.891700909966068770e-04 9.312750714842268126e-04
2.544013440860215098e+02 4.875445521074503810e-04 9.297728016495871405e-04
2.545263440860215098e+02 4.859241560195019425e-04 9.282717766236842430e-04
2.546513440860215098e+02 4.843088877963603787e-04 9.267719943530682621e-04
2.547763440860215098e+02 4.826987325378855401e-04 9.252734528301401412e-04
2.549013440860215098e+02 4.810936753801568397e-04 9.237761500926335934e-04
2.550263440860215098e+02 4.794937014954198562e-04 9.222800842233250772e-04
2.551513440860215098e+02 4.778987960920411766e-04 9.207852533495392922e-04
2.552763440860215098e+02 4.763089444144609085e-04 9.192916556428647927e-04
2.554013440860215098e+02 4.747241317431414513e-04 9.177992893186594833e-04
2.555263440860215098e+02 4.731443433945221226e-04 9.163081526357886751e-04
2.556513440860215098e+02 4.715695647209671164e-04 9.148182438960377741e-04
2.557763440860215098e+02 4.699997811107196411e-04 9.133295614440000657e-04
2.559013440860215098e+02 4.684349779878497697e-04 9.118421036664057025e-04
2.560263440860215383e+02 4.668751408122081984e-04 9.103558689920193550e-04
2.561513440860215383e+02 4.653202550793737171e-04 9.088708558909942446e-04
2.562763440860215383e+02 4.637703063206047457e-04 9.073870628747516881e-04
2.564013440860215383e+02 4.622252801027909239e-04 9.059044884953964963e-04
2.565263440860215383e+02 4.606851620283997149e-04 9.044231313454048323e-04
2.566513440860215383e+02 4.591499377354297845e-04 9.029429900573963117e-04
2.567763440860215383e+02 4.576195928973570077e-04 9.014640633034925890e-04
2.569013440860215383e+02 4.560941132230873058e-04 8.999863497952693275e-04
2.570263440860215383e+02 4.545734844569029789e-04 8.985098482830553707e-04
2.571513440860215383e+02 4.530576923784126152e-04 8.970345575558838448e-04
2.572763440860215383e+02 4.515467228025025191e-04 8.955604764408388188e-04
2.574013440860215383e+02 4.500405615792801156e-04 8.940876038029832050e-04
2.575263440860215383e+02 4.485391945940287394e-04 8.926159385447124655e-04
2.576513440860215383e+02 4.470426077671503344e-04 8.911454796056600706e-04
2.577763440860215383e+02 4.455507870541182370e-04 8.896762259621406521e-04
2.579013440860215383e+02 4.440637184454219360e-04 8.882081766269361986e-04
2.580263440860215383e+02 4.425813879665165484e-04 8.867413306488327760e-04
2.581513440860215383e+02 4.411037816777719708e-04 8.852756871123850391e-04
2.582763440860215383e+02 4.396308856744165008e-04 8.838112451374271475e-04
2.584013440860215383e+02 4.381626860864894571e-04 8.823480038789248804e-04
2.585263440860215383e+02 4.366991690787834458e-04 8.808859625263969987e-04
2.586513440860215383e+02 4.352403208507962763e-04 8.794251203037814534e-04
2.587763440860215383e+02 4.337861276366740404e-04 8.779654764689045609e-04
2.589013440860215383e+02 4.323365757051600465e-04 8.765070303133710647e-04
2.590263440860215383e+02 4.308916513595423986e-04 8.750497811619525369e-04
2.591513440860215383e+02 4.294513409375980508e-04 8.735937283725403240e-04
2.592763440860215383e+02 4.280156308115423388e-04 8.721388713355548734e-04
2.594013440860215383e+02 4.265845073879723833e-04 8.706852094737600094e-04
2.595263440860215383e+02 4.251579571078163504e-04 8.692327422419386489e-04
2.596513440860215383e+02 4.237359664462763136e-04 8.677814691264693113e-04
2.597763440860215383e+02 4.223185219127779466e-04 8.663313896450983284e-04
2.599013440860215383e+02 4.209056100509128446e-04 8.648825033465393393e-04
2.600263440860215383e+02 4.194972174383862105e-04 8.634348098102394287e-04
2.601513440860215383e+02 4.180933306869631335e-04 8.619883086459046795e-04
2.602763440860215383e+02 4.166939364424118849e-04 8.605429994933939215e-04
2.604013440860215383e+02 4.152990213844516597e-04 8.590988820221626436e-04
2.605263440860215383e+02 4.139085722266957102e-04 8.576559559311914367e-04
2.606513440860215383e+02 4.125225757165988162e-04 8.562142209484232928e-04
2.607763440860215383e+02 4.111410186354000937e-04 8.547736768307038656e-04
2.609013440860215383e+02 4.097638877980689471e-04 8.533343233632194194e-04
2.610263440860215383e+02 4.083911700532509678e-04 8.518961603594061910e-04
2.611513440860215383e+02 4.070228522832103628e-04 8.504591876604862414e-04
2.612763440860215383e+02 4.056589214037769914e-04 8.490234051352653615e-04
2.614013440860214814e+02 4.042993643642887945e-04 8.475888126797259539e-04
2.615263440860214814e+02 4.029441681475381259e-04 8.461554102168827255e-04
2.616513440860214814e+02 4.015933197697144530e-04 8.447231976962816776e-04
2.617763440860214814e+02 4.002468062803486281e-04 8.432921750938678334e-04
2.619013440860214814e+02 3.989046147622598714e-04 8.418623424115974190e-04
2.620263440860214814e+02 3.975667323314949469e-04 8.404336996771367800e-04
2.621513440860214814e+02 3.962331461372770969e-04 8.390062469436721047e-04
2.622763440860214814e+02 3.949038433619456515e-04 8.375799842894708636e-04
2.624013440860214814e+02 3.935788112209032824e-04 8.361549118177200469e-04
2.625263440860214814e+02 3.922580369625568056e-04 8.347310296561286959e-04
2.626513440860214814e+02 3.909415078682630250e-04 8.333083379567489011e-04
2.627763440860214814e+02 3.896292112522709993e-04 8.318868368955745392e-04
2.629013440860214814e+02 3.883211344616649581e-04 8.304665266723557657e-04
2.630263440860214814e+02 3.870172648763097671e-04 8.290474075102712611e-04
2.631513440860214814e+02 3.857175899087915676e-04 8.276294796556626010e-04
2.632763440860214814e+02 3.844220970043635125e-04 8.262127433776787462e-04
2.634013440860214814e+02 3.831307736408861892e-04 8.247971989681747787e-04
2.635263440860214814e+02 3.818436073287735720e-04 8.233828467412088311e-04
2.636513440860214814e+02 3.805605856109329577e-04 8.219696870329942740e-04
2.637763440860214814e+02 3.792816960627099420e-04 8.205577202014137763e-04
2.639013440860214814e+02 3.780069262918312823e-04 8.191469466259553370e-04
2.640263440860214814e+02 3.767362639383454830e-04 8.177373667072383810e-04
2.641513440860214814e+02 3.754696966745687484e-04 8.163289808669266972e-04
2.642763440860214814e+02 3.742072122050239423e-04 8.149217895473275007e-04
2.644013440860214814e+02 3.729487982663867566e-04 8.135157932112103713e-04
2.645263440860214814e+02 3.716944426274248884e-04 8.121109923415119163e-04
2.646513440860214814e+02 3.704441330889423115e-04 8.107073874410826095e-04
2.647763440860214814e+02 3.691978574837222475e-04 8.093049790324111873e-04
2.649013440860214814e+02 3.679556036764669927e-04 8.079037676573348412e-04
2.650263440860214814e+02 3.667173595637430571e-04 8.065037538769255932e-04
2.651513440860214814e+02 3.654831130739205581e-04 8.051049382710256073e-04
2.652763440860214814e+02 3.642528521671180883e-04 8.037073214381761739e-04
2.654013440860214814e+02 3.630265648351419460e-04 8.023109039952474545e-04
2.655263440860214814e+02 3.618042391014302450e-04 8.009156865772619743e-04
2.656513440860214814e+02 3.605858630209947467e-04 7.995216698370807449e-04
2.657763440860214814e+02 3.593714246803610124e-04 7.981288544452334790e-04
2.659013440860214814e+02 3.581609121975126752e-04 7.967372410895638387e-04
2.660263440860214814e+02 3.569543137218309414e-04 7.953468304751366283e-04
2.661513440860214814e+02 3.557516174340387004e-04 7.939576233238289414e-04
2.662763440860214814e+02 3.545528115461393749e-04 7.925696203742304147e-04
2.664013440860214814e+02 3.533578843013620067e-04 7.911828223812685272e-04
2.665263440860214814e+02 3.521668239740999447e-04 7.897972301161284778e-04
2.666513440860214814e+02 3.509796188698532742e-04 7.884128443658408635e-04
2.667763440860214814e+02 3.497962573251722209e-04 7.870296659332341911e-04
2.669013440860214814e+02 3.486167277075951352e-04 7.856476956364998954e-04
2.670263440860214814e+02 3.474410184155940105e-04 7.842669343091610056e-04
2.671513440860214814e+02 3.462691178785120335e-04 7.828873827996502823e-04
2.672763440860214814e+02 3.451010145565083440e-04 7.815090419712678255e-04
2.674013440860214814e+02 3.439366969404968858e-04 7.801319127017735224e-04
2.675263440860214814e+02 3.427761535520885104e-04 7.787559958832841571e-04
2.676513440860214814e+02 3.416193729435338397e-04 7.773812924220517995e-04
2.677763440860214814e+02 3.404663436976616830e-04 7.760078032381068861e-04
2.679013440860214814e+02 3.393170544278231466e-04 7.746355292652308978e-04
2.680263440860214814e+02 3.381714937778301051e-04 7.732644714505303770e-04
2.681513440860214814e+02 3.370296504218994738e-04 7.718946307544245680e-04
2.682763440860214814e+02 3.358915130645911376e-04 7.705260081502247459e-04
2.684013440860214814e+02 3.347570704407513021e-04 7.691586046241139429e-04
2.685263440860214814e+02 3.336263113154533497e-04 7.677924211747491536e-04
2.686513440860214814e+02 3.324992244839376125e-04 7.664274588131985604e-04
2.687763440860214814e+02 3.313757987715545603e-04 7.650637185626195250e-04
2.689013440860214814e+02 3.302560230337032716e-04 7.637012014581245813e-04
2.690263440860214814e+02 3.291398861557754893e-04 7.623399085465374899e-04
2.691513440860214814e+02 3.280273770530931702e-04 7.609798408861888656e-04
2.692763440860214814e+02 3.269184846708532996e-04 7.596209995466958681e-04
2.694013440860214814e+02 3.258131979840654408e-04 7.582633856087959935e-04
2.695263440860214814e+02 3.247115059974942726e-04 7.569070001640968402e-04
2.696513440860214814e+02 3.236133977456015303e-04 7.555518443149312601e-04
2.697763440860214814e+02 3.225188622924844771e-04 7.541979191740654908e-04
2.699013440860214814e+02 3.214278887318195799e-04 7.528452258646338869e-04
2.700263440860214814e+02 3.203404661868007640e-04 7.514937655197841690e-04
2.701513440860214814e+02 3.192565838100827635e-04 7.501435392826459820e-04
2.702763440860214814e+02 3.181762307837202432e-04 7.487945483059737584e-04
2.704013440860214814e+02 3.170993963191091978e-04 7.474467937520514176e-04
2.705263440860214814e+02 3.160260696569289467e-04 7.461002767925313615e-04
2.706513440860214814e+02 3.149562400670807144e-04 7.447549986081177789e-04
2.707763440860214814e+02 3.138898968486313599e-04 7.434109603885076653e-04
2.709013440860214814e+02 3.128270293297512523e-04 7.420681633320788976e-04
2.710263440860214814e+02 3.117676268676581089e-04 7.407266086458521789e-04
2.711513440860214814e+02 3.107116788485554670e-04 7.393862975451348778e-04
2.712763440860214814e+02 3.096591746875743535e-04 7.380472312535086687e-04
2.714013440860214814e+02 3.086101038287154428e-04 7.367094110024789005e-04
2.715263440860214814e+02 3.075644557447873659e-04 7.353728380314552985e-04
2.716513440860214814e+02 3.065222199373506028e-04 7.340375135874108734e-04
2.717763440860214814e+02 3.054833859366551407e-04 7.327034389248676107e-04
2.719013440860214814e+02 3.044479433015845294e-04 7.313706153055426953e-04
2.720263440860214814e+02 3.034158816195942987e-04 7.300390439983575099e-04
2.721513440860214814e+02 3.023871905066536281e-04 7.287087262790973045e-04
2.722763440860214814e+02 3.013618596071877755e-04 7.273796634303493968e-04
2.724013440860214814e+02 3.003398785940159530e-04 7.260518567412557571e-04
2.725263440860214814e+02 2.993212371682954899e-04 7.247253075074171647e-04
2.726513440860214814e+02 2.983059250594597626e-04 7.234000170306367945e-04
2.727763440860214814e+02 2.972939320251622494e-04 7.220759866188314205e-04
2.729013440860214814e+02 2.962852478512140262e-04 7.207532175858142503e-04
2.730263440860214814e+02 2.952798623515283101e-04 7.194317112511231871e-04
2.731513440860214814e+02 2.942777653680583340e-04 7.181114689399120850e-04
2.732763440860214814e+02 2.932789467707399384e-04 7.167924919827172109e-04
2.734013440860214814e+02 2.922833964574332415e-04 7.154747817153544629e-04
2.735263440860214814e+02 2.912911043538613811e-04 7.141583394786916875e-04
2.736513440860214814e+02 2.903020604135541369e-04 7.128431666185889399e-04
2.737763440860214814e+02 2.893162546177866184e-04 7.115292644856131225e-04
2.739013440860214814e+02 2.883336769755227239e-04 7.102166344349989530e-04
2.740263440860214814e+02 2.873543175233540998e-04 7.089052778263784564e-04
2.741513440860214814e+02 2.863781663254421901e-04 7.075951960237547274e-04
2.742763440860214814e+02 2.854052134734599605e-04 7.062863903952078942e-04
2.744013440860214814e+02 2.844354490865316711e-04 7.049788623128888307e-04
2.745263440860214814e+02 2.834688633111757386e-04 7.036726131527129774e-04
2.746513440860214814e+02 2.825054463212438587e-04 7.023676442943643534e-04
2.747763440860214814e+02 2.815451883178646275e-04 7.010639571209971834e-04
2.749013440860214814e+02 2.805880795293827176e-04 6.997615530192335129e-04
2.750263440860214814e+02 2.796341102113009819e-04 6.984604333788670041e-04
2.751513440860214814e+02 2.786832706462225029e-04 6.971605995928749702e-04
2.752763440860214814e+02 2.777355511437902568e-04 6.958620530571226056e-04
2.754013440860214814e+02 2.767909420406303557e-04 6.945647951703396751e-04
2.755263440860214814e+02 2.758494337002915489e-04 6.932688273338836159e-04
2.756513440860214814e+02 2.749110165131884108e-04 6.919741509516878211e-04
2.757763440860214814e+02 2.739756808965410594e-04 6.906807674300455583e-04
2.759013440860214814e+02 2.730434172943185605e-04 6.893886781774930927e-04
2.760263440860214814e+02 2.721142161771785382e-04 6.880978846047233841e-04
2.761513440860214814e+02 2.711880680424094410e-04 6.868083881243604652e-04
2.762763440860214814e+02 2.702649634138733496e-04 6.855201901509032792e-04
2.764013440860214814e+02 2.693448928419449372e-04 6.842332921005344270e-04
2.765263440860214814e+02 2.684278469034561744e-04 6.829476953910199868e-04
2.766513440860214814e+02 2.675138162016350721e-04 6.816634014415807108e-04
2.767763440860214814e+02 2.666027913660497912e-04 6.803804116727351411e-04
2.769013440860214814e+02 2.656947630525489023e-04 6.790987275061716741e-04
2.770263440860214814e+02 2.647897219432031107e-04 6.778183503646553190e-04
2.771513440860214814e+02 2.638876587462488229e-04 6.765392816718475031e-04
2.772763440860214814e+02 2.629885641960274861e-04 6.752615228522399361e-04
2.774013440860214814e+02 2.620924290529299139e-04 6.739850753309463340e-04
2.775263440860214814e+02 2.611992441033357342e-04 6.727099405336954812e-04
2.776513440860214814e+02 2.603090001595582568e-04 6.714361198865646243e-04
2.777763440860214814e+02 2.594216880597834335e-04 6.701636148160036504e-04
2.779013440860214814e+02 2.585372986680140213e-04 6.688924267485762878e-04
2.780263440860214814e+02 2.576558228740113065e-04 6.676225571109580459e-04
2.781513440860214814e+02 2.567772515932363955e-04 6.663540073297292412e-04
2.782763440860214814e+02 2.559015757667936733e-04 6.650867788313308705e-04
2.784013440860214814e+02 2.550287863613713893e-04 6.638208730418624064e-04
2.785263440860214814e+02 2.541588743691860380e-04 6.625562913870214083e-04
2.786513440860214814e+02 2.532918308079223479e-04 6.613718635245839856e-04
2.787763440860214814e+02 2.524276467206772287e-04 6.604502773938736391e-04
2.789013440860214814e+02 2.515663131759021459e-04 6.595294801133876929e-04
2.790263440860214814e+02 2.507078212673443567e-04 6.586094697556978779e-04
2.791513440860214814e+02 2.498521621139909656e-04 6.576902444166077754e-04
2.792763440860214814e+02 2.489993268600099977e-04 6.567718022151366629e-04
2.794013440860214814e+02 2.481493066746945082e-04 6.558541412933588345e-04
2.795263440860214814e+02 2.473020927524033851e-04 6.549372598160589339e-04
2.796513440860214814e+02 2.464576763125063798e-04 6.540211559708292068e-04
2.797763440860214814e+02 2.456160485993236632e-04 6.531058279677465174e-04
2.799013440860214814e+02 2.447772008820722116e-04 6.521912740391639643e-04
2.800263440860214814e+02 2.439411244548060945e-04 6.512774924397635732e-04
2.801513440860214814e+02 2.431078106363609634e-04 6.503644814462642126e-04
2.802763440860214814e+02 2.422772507702944476e-04 6.494522393571645295e-04
2.804013440860214814e+02 2.414494362248328116e-04 6.485407644928360823e-04
2.805263440860214814e+02 2.406243583928115951e-04 6.476300551951807332e-04
2.806513440860214814e+02 2.398020086916179876e-04 6.467201098275085665e-04
2.807763440860214814e+02 2.389823785631368079e-04 6.458109267744326131e-04
2.809013440860214814e+02 2.381654594736914423e-04 6.449025044417099062e-04
2.810263440860214814e+02 2.373512429139883878e-04 6.439948412560065347e-04
2.811513440860214814e+02 2.365397203990584338e-04 6.430879356648759593e-04
2.812763440860214814e+02 2.357308834682030757e-04 6.421817861365205962e-04
2.814013440860214814e+02 2.349247236849359949e-04 6.412763911596302711e-04
2.815263440860214814e+02 2.341212326369273850e-04 6.403717492432923391e-04
2.816513440860214814e+02 2.333204019359459203e-04 6.394678589168697113e-04
2.817763440860214814e+02 2.325222232178045451e-04 6.385647187296770045e-04
2.819013440860214814e+02 2.317266881423036347e-04 6.376623272510374609e-04
2.820263440860214814e+02 2.309337883931723942e-04 6.367606830700716378e-04
2.821513440860214814e+02 2.301435156780161394e-04 6.358597847955132012e-04
2.822763440860214814e+02 2.293558617282579664e-04 6.349596310555132277e-04
2.824013440860214814e+02 2.285708182990833759e-04 6.340602204976715376e-04
2.825263440860214814e+02 2.277883771693830280e-04 6.331615517887477550e-04
2.826513440860214814e+02 2.270085301416987480e-04 6.322636236145146157e-04
2.827763440860214814e+02 2.262312690421667150e-04 6.313664346797255491e-04
2.829013440860214814e+02 2.254565857204602426e-04 6.304699837078685644e-04
2.830263440860214814e+02 2.246844720497363822e-04 6.295742694410571801e-04
2.831513440860214814e+02 2.239149199265788668e-04 6.286792906398908868e-04
2.832763440860214814e+02 2.231479212709427896e-04 6.277850460833834818e-04
2.834013440860214814e+02 2.223834680260974937e-04 6.268915345686349892e-04
2.835263440860214814e+02 2.216215521585739609e-04 6.259987549108942187e-04
2.836513440860214814e+02 2.208621656581073766e-04 6.251067059433727162e-04
2.837763440860214814e+02 2.201053005375810218e-04 6.242153865169834713e-04
2.839013440860214814e+02 2.193509488329732019e-04 6.233247955003456877e-04
2.840263440860214814e+02 2.185991026033002715e-04 6.224349317796390663e-04
2.841513440860214814e+02 2.178497539305623159e-04 6.215457942583167087e-04
2.842763440860214814e+02 2.171028949196862580e-04 6.206573818571875165e-04
2.844013440860214814e+02 2.163585176984733822e-04 6.197696935141479594e-04
2.845263440860214814e+02 2.156166144175431464e-04 6.188827281839939668e-04
2.846513440860214814e+02 2.148771772502765861e-04 6.179964848384786064e-04
2.847763440860214814e+02 2.141401983927643813e-04 6.171109624660377820e-04
2.849013440860214814e+02 2.134056700637500443e-04 6.162261600716088458e-04
2.850263440860214814e+02 2.126735845045764415e-04 6.153420766766946751e-04
2.851513440860214814e+02 2.119439339791286830e-04 6.144587113190688775e-04
2.852763440860214814e+02 2.112167107737829481e-04 6.135760630526596732e-04
2.854013440860214814e+02 2.104919071973499443e-04 6.126941309474998043e-04
2.855263440860214814e+02 2.097695155810196132e-04 6.118129140895427632e-04
2.856513440860214814e+02 2.090495282783089528e-04 6.109324115805299773e-04
2.857763440860214814e+02 2.083319376650065067e-04 6.100526225378920383e-04
2.859013440860214814e+02 2.076167361391180455e-04 6.091735460946080816e-04
2.860263440860214814e+02 2.069039161208116248e-04 6.082951813990456489e-04
2.861513440860214814e+02 2.061934700523656520e-04 6.074175276148924925e-04
2.862763440860214814e+02 2.054853903981133207e-04 6.065405839210473958e-04
2.864013440860214814e+02 2.047796696443877776e-04 6.056643495113571462e-04
2.865263440860214814e+02 2.040763002994704057e-04 6.047888235946404954e-04
2.866513440860214814e+02 2.033752748935355843e-04 6.039140053945639105e-04
2.867763440860214814e+02 2.026765859785975359e-04 6.030398941493460199e-04
2.869013440860214814e+02 2.019802261284553305e-04 6.021664891118721054e-04
2.870263440860214814e+02 2.012861879386412497e-04 6.012937895493919351e-04
2.871513440860214814e+02 2.005944640263661435e-04 6.004217947434988380e-04
2.872763440860214814e+02 1.999050470304663044e-04 5.995505039899214289e-04
2.874013440860214814e+02 1.992179296113488231e-04 5.986799165985165613e-04
2.875263440860214814e+02 1.985331044509403876e-04 5.978100318930685327e-04
2.876513440860214814e+02 1.978505642526333711e-04 5.969408492111583303e-04
2.877763440860214814e+02 1.971703017412307541e-04 5.960723679041093123e-04
2.879013440860214814e+02 1.964923096628958183e-04 5.952045873368676200e-04
2.880263440860214814e+02 1.958165807850976645e-04 5.943375068877731950e-04
2.881513440860214814e+02 1.951431078965587648e-04 5.934711259485781019e-04
2.882763440860214814e+02 1.944718838072008883e-04 5.926054439243231458e-04
2.884013440860214814e+02 1.938029013480940886e-04 5.917404602330658464e-04
2.885263440860214814e+02 1.931361533714036328e-04 5.908761743059573078e-04
2.886513440860214814e+02 1.924716327503354387e-04 5.900125855870608314e-04
2.887763440860214814e+02 1.918093323790863913e-04 5.891496935331395207e-04
2.889013440860214814e+02 1.911492451727898618e-04 5.882874976137231768e-04
2.890263440860214814e+02 1.904913640674646956e-04 5.874259973108684725e-04
2.891513440860214814e+02 1.898356820199606498e-04 5.865651921190237527e-04
2.892763440860214814e+02 1.891821920079089271e-04 5.857050815450731609e-04
2.894013440860214814e+02 1.885308870296688321e-04 5.848456651080862975e-04
2.895263440860214814e+02 1.878817601042741584e-04 5.839869423391900669e-04
2.896513440860214814e+02 1.872348042713842091e-04 5.831289127816099852e-04
2.897763440860214814e+02 1.865900125912293701e-04 5.822715759904265606e-04
2.899013440860214814e+02 1.859473781445610745e-04 5.814149315324928938e-04
2.900263440860214814e+02 1.853068940325974020e-04 5.805589789863720108e-04
2.901513440860214814e+02 1.846685533769748869e-04 5.797037179421976518e-04
2.902763440860214814e+02 1.840323493196947683e-04 5.788491480015399383e-04
2.904013440860214814e+02 1.833982750230706775e-04 5.779952687773667755e-04
2.905263440860214814e+02 1.827663236696796319e-04 5.771420798938958589e-04
2.906513440860214814e+02 1.821364884623090179e-04 5.762895809864615341e-04
2.907763440860214814e+02 1.815087626239060938e-04 5.754377717014675254e-04
2.909013440860214814e+02 1.808831393975250266e-04 5.745866516962861055e-04
2.910263440860214814e+02 1.802596120462784826e-04 5.737362206390639145e-04
2.911513440860214814e+02 1.796381738532850704e-04 5.728864782087189243e-04
2.912763440860214814e+02 1.790188181216174619e-04 5.720374240948322350e-04
2.914013440860214814e+02 1.784015381742536847e-04 5.711890579974223444e-04
2.915263440860214814e+02 1.777863273540248364e-04 5.703413796270318838e-04
2.916513440860214814e+02 1.771731790235651569e-04 5.694943887045042724e-04
2.917763440860214814e+02 1.765620865652599324e-04 5.686480849608465662e-04
2.919013440860214814e+02 1.759530433811969780e-04 5.678024681372823663e-04
2.920263440860214814e+02 1.753460428931153000e-04 5.669575379850211013e-04
2.921513440860214814e+02 1.747410785423535152e-04 5.661132942652115146e-04
2.922763440860214814e+02 1.741381437898016854e-04 5.652697367488092837e-04
2.924013440860214814e+02 1.735372321158498178e-04 5.644268652165275804e-04
2.925263440860214814e+02 1.729383370203381269e-04 5.635846794587427450e-04
2.926513440860214814e+02 1.723414520225059418e-04 5.627431792752980461e-04
2.927763440860214814e+02 1.717465706609435944e-04 5.619023644755213528e-04
2.929013440860214814e+02 1.711536864935416793e-04 5.610622348781431692e-04
2.930263440860214814e+02 1.705627930974397974e-04 5.602227903110377268e-04
2.931513440860214814e+02 1.699738840689796649e-04 5.593840306113035407e-04
2.932763440860214814e+02 1.693869530236532606e-04 5.585459556251295109e-04
2.934013440860214814e+02 1.688019935960546338e-04 5.577085652075895739e-04
2.935263440860214814e+02 1.682189994398285940e-04 5.568718592227206573e-04
2.936513440860214814e+02 1.676379642276237109e-04 5.560358375433125614e-04
2.937763440860214814e+02 1.670588816510415464e-04 5.552005000508134164e-04
2.939013440860214814e+02 1.664817454205878931e-04 5.543658466353331522e-04
2.940263440860214814e+02 1.659065492656228733e-04 5.535318771954828194e-04
2.941513440860214814e+02 1.653332869343132345e-04 5.526985916382328844e-04
2.942763440860214814e+02 1.647619521935828827e-04 5.518659898789596329e-04
2.944013440860214814e+02 1.641925388290627920e-04 5.510340718412564103e-04
2.945263440860214814e+02 1.636250406450442485e-04 5.502028374568387545e-04
2.946513440860214814e+02 1.630594514644289770e-04 5.493722866655344206e-04
2.947763440860214814e+02 1.624957651286808942e-04 5.485424194151195584e-04
2.949013440860214814e+02 1.619339754977765060e-04 5.477132356612546358e-04
2.950263440860214814e+02 1.613740764501583414e-04 5.468847353674046417e-04
2.951513440860214814e+02 1.608160618826857296e-04 5.460569185047910558e-04
2.952763440860214814e+02 1.602599257105853333e-04 5.452297850521827059e-04
2.954013440860214814e+02 1.597056618674051244e-04 5.444033349959531221e-04
2.955263440860214814e+02 1.591532643049648897e-04 5.435775683299485898e-04
2.956513440860214814e+02 1.586027269933088792e-04 5.427524850553185802e-04
2.957763440860214814e+02 1.580540439206566910e-04 5.419280851805536973e-04
2.959013440860214814e+02 1.575072090933571931e-04 5.411043687213719453e-04
2.960263440860214814e+02 1.569622165358399238e-04 5.402813357005395098e-04
2.961513440860214814e+02 1.564190602905664925e-04 5.394589861479344006e-04
2.962763440860214814e+02 1.558777344179847722e-04 5.386373201003832791e-04
2.964013440860214814e+02 1.553382329964803814e-04 5.378163376015185609e-04
2.965263440860214814e+02 1.548005501223296296e-04 5.369960387018716565e-04
2.966513440860214814e+02 1.542646799096512433e-04 5.361764234586406273e-04
2.967763440860214814e+02 1.537306164903607482e-04 5.353574919356224229e-04
2.969013440860214814e+02 1.531983540141225474e-04 5.345392442032295775e-04
2.970263440860214814e+02 1.526678866483019187e-04 5.337216803383192315e-04
2.971513440860214814e+02 1.521392085779199111e-04 5.329048004241764350e-04
2.972763440860214814e+02 1.516123140056051797e-04 5.320886045503418673e-04
2.974013440860214814e+02 1.510871971515478527e-04 5.312730928126466407e-04
2.975263440860214814e+02 1.505638522534515826e-04 5.304582653131018196e-04
2.976513440860214814e+02 1.500422735664889041e-04 5.296441221597353571e-04
2.977763440860214814e+02 1.495224553632533665e-04 5.288306634666390402e-04
2.979013440860214814e+02 1.490043919337128320e-04 5.280178893538507463e-04
2.980263440860214814e+02 1.484880775851644811e-04 5.272057999471967994e-04
2.981513440860214814e+02 1.479735066421873516e-04 5.263943953783563725e-04
2.982763440860214814e+02 1.474606734465970189e-04 5.255836757847018922e-04
2.984013440860214814e+02 1.469495723573980813e-04 5.247736413091932213e-04
2.985263440860214814e+02 1.464401977507400864e-04 5.239642921004091002e-04
2.986513440860214814e+02 1.459325440198706945e-04 5.231556283123922147e-04
2.987763440860214814e+02 1.454266055750888943e-04 5.223476501045823004e-04
2.989013440860214814e+02 1.449223768437011748e-04 5.215403576417768951e-04
2.990263440860214814e+02 1.444198522699745248e-04 5.207337510940520829e-04
2.991513440860214814e+02 1.439190263150917908e-04 5.199278306366566767e-04
2.992763440860214814e+02 1.434198934571045687e-04 5.191225964499799088e-04
2.994013440860214814e+02 1.429224481908899710e-04 5.183180487194735848e-04
2.995263440860214814e+02 1.424266850281042773e-04 5.175141876355532052e-04
2.996513440860214814e+02 1.419325984971369096e-04 5.167110133935593668e-04
2.997763440860214814e+02 1.414401831430670648e-04 5.159085261937122269e-04
2.999013440860214814e+02 1.409494335276174730e-04 5.151067262409393319e-04
3.000263440860214814e+02 1.404603442291101078e-04 5.143056137449174671e-04
3.001513440860214814e+02 1.399729098424202167e-04 5.135051889199974138e-04
3.002763440860214814e+02 1.394871249789331419e-04 5.127054519850252718e-04
3.004013440860214814e+02 1.390029842664985949e-04 5.119064031634022001e-04
3.005263440860214814e+02 1.385204823493867187e-04 5.111080426829797902e-04
3.006513440860214814e+02 1.380396138882423616e-04 5.103103707759191207e-04
3.007763440860214814e+02 1.375603735600423600e-04 5.095133876787509303e-04
3.009013440860214814e+02 1.370827560580504081e-04 5.087170936322309850e-04
3.010263440860214814e+02 1.366067560917720634e-04 5.079214888812428252e-04
3.011513440860214814e+02 1.361323683869120570e-04 5.071265736748423267e-04
3.012763440860214814e+02 1.356595876853294879e-04 5.063323482661115501e-04
3.014013440860214814e+02 1.351884087449941034e-04 5.055388129120761244e-04
3.015263440860214814e+02 1.347188263399414399e-04 5.047459678737334365e-04
3.016513440860214814e+02 1.342508352602307827e-04 5.039538134159137449e-04
3.017763440860214814e+02 1.337844303119003890e-04 5.031623498072176209e-04
3.019013440860214814e+02 1.333196063169234688e-04 5.023715773200115040e-04
3.020263440860214814e+02 1.328563581131657931e-04 5.015814962303188473e-04
3.021513440860214814e+02 1.323946805543417288e-04 5.007921068177418385e-04
3.022763440860214814e+02 1.319345685099709798e-04 5.000034093654538107e-04
3.024013440860214814e+02 1.314760168653345679e-04 4.992154041601167339e-04
3.025263440860214814e+02 1.310190205214330640e-04 4.984280914918138867e-04
3.026513440860214814e+02 1.305635743949428947e-04 4.976414716539514106e-04
3.027763440860214814e+02 1.301096734181724868e-04 4.968555449432989672e-04
3.029013440860214814e+02 1.296573125390210125e-04 4.960703116598478169e-04
3.030263440860214814e+02 1.292064867209342905e-04 4.952857721067395859e-04
3.031513440860214814e+02 1.287571909428630163e-04 4.945019265903072498e-04
3.032763440860214814e+02 1.283094201992187439e-04 4.937187754199139121e-04
3.034013440860214814e+02 1.278631694998330658e-04 4.929363189079326388e-04
3.035263440860214814e+02 1.274184338699143530e-04 4.921545573697067759e-04
3.036513440860214814e+02 1.269752083500045496e-04 4.913734911234774166e-04
3.037763440860214814e+02 1.265334879959385968e-04 4.905931204903085912e-04
3.039013440860214814e+02 1.260932678788012000e-04 4.898134457940702454e-04
3.040263440860214814e+02 1.256545430848850329e-04 4.890344673613576838e-04
3.041513440860214814e+02 1.252173087156479658e-04 4.882561855214236990e-04
3.042763440860214814e+02 1.247815598876725980e-04 4.874786006061503823e-04
3.044013440860214814e+02 1.243472917326235395e-04 4.867017129500131279e-04
3.045263440860214814e+02 1.239144993972052093e-04 4.859255228899361637e-04
3.046513440860214814e+02 1.234831780431214210e-04 4.851500307653460018e-04
3.047763440860214814e+02 1.230533228470329370e-04 4.843752369180803654e-04
3.049013440860214814e+02 1.226249290005163495e-04 4.836011416922756496e-04
3.050263440860214814e+02 1.221979917100220680e-04 4.828277454344051382e-04
3.051513440860214814e+02 1.217725061968340819e-04 4.820550484931982859e-04
3.052763440860214814e+02 1.213484676970282456e-04 4.812830512195212388e-04
3.054013440860214814e+02 1.209258714614304419e-04 4.805117539664341343e-04
3.055263440860214814e+02 1.205047127555769276e-04 4.797411570890864761e-04
3.056513440860214814e+02 1.200849868596723879e-04 4.789712609446088762e-04
3.057763440860214814e+02 1.196666890685497129e-04 4.782020658921832027e-04
3.059013440860214814e+02 1.192498146916281339e-04 4.774335722929054287e-04
3.060263440860214814e+02 1.188343590528741374e-04 4.766657805097443781e-04
3.061513440860214814e+02 1.184203174907599680e-04 4.758986909075274140e-04
3.062763440860214814e+02 1.180076853582225365e-04 4.751323038528690442e-04
3.064013440860214814e+02 1.175964580226244294e-04 4.743666197141068993e-04
3.065263440860214814e+02 1.171866308657126013e-04 4.736016388612863362e-04
3.066513440860214814e+02 1.167781992835786653e-04 4.728373616660989649e-04
3.067763440860214814e+02 1.163711586866177344e-04 4.720737885018097893e-04
3.069013440860214814e+02 1.159655044994898374e-04 4.713109197432462029e-04
3.070263440860214814e+02 1.155612321610789765e-04 4.705487557667604212e-04
3.071513440860214814e+02 1.151583371244536763e-04 4.697872969501051235e-04
3.072763440860214814e+02 1.147568148568263934e-04 4.690265436724741109e-04
3.074013440860214814e+02 1.143566608395150415e-04 4.682664963144359525e-04
3.075263440860214814e+02 1.139578705679027804e-04 4.675071552578585797e-04
3.076513440860214814e+02 1.135604395513976976e-04 4.667485208858528534e-04
3.077763440860214814e+02 1.131643633133949287e-04 4.659905935828008612e-04
3.079013440860214814e+02 1.127696373912361494e-04 4.652333737342474436e-04
3.080263440860214814e+02 1.123762573361709096e-04 4.644768617268572593e-04
3.081513440860214814e+02 1.119842187133166401e-04 4.637210579484091471e-04
3.082763440860214814e+02 1.115935171016205430e-04 4.629659627877240812e-04
3.084013440860214814e+02 1.112041480938203840e-04 4.622115766346144845e-04
3.085263440860214814e+02 1.108161072964045400e-04 4.614578998798700253e-04
3.086513440860214814e+02 1.104293903295747154e-04 4.607049329151974987e-04
3.087763440860214814e+02 1.100439928272062338e-04 4.599526761331635262e-04
3.089013440860214814e+02 1.096599104368097926e-04 4.592011299271835513e-04
3.090263440860214814e+02 1.092771388194920792e-04 4.584502946914783628e-04
3.091513440860214814e+02 1.088956736499185559e-04 4.577001708209740773e-04
3.092763440860214814e+02 1.085155106162744287e-04 4.569507587113455613e-04
3.094013440860214814e+02 1.081366454202257104e-04 4.562020587589426515e-04
3.095263440860214814e+02 1.077590737768822503e-04 4.554540713606904079e-04
3.096513440860214814e+02 1.073827914147587831e-04 4.547067969141578526e-04
3.097763440860214814e+02 1.070077940757372401e-04 4.539602358174442908e-04
3.099013440860214814e+02 1.066340775150280700e-04 4.532143884691214146e-04
3.100263440860214814e+02 1.062616375011334437e-04 4.524692552682818211e-04
3.101513440860214814e+02 1.058904698158089959e-04 4.517248366144264180e-04
3.102763440860214814e+02 1.055205702540254844e-04 4.509811329074196458e-04
3.104013440860214814e+02 1.051519346239322532e-04 4.502381445475211910e-04
3.105263440860214814e+02 1.047845587468191491e-04 4.494958719352869984e-04
3.106513440860214814e+02 1.044184384570792532e-04 4.487543154715340887e-04
3.107763440860214814e+02 1.040535696021708108e-04 4.480134755573356793e-04
3.109013440860214814e+02 1.036899480425811147e-04 4.472733525939657823e-04
3.110263440860214814e+02 1.033275696517888968e-04 4.465339469828491135e-04
3.111513440860214814e+02 1.029664303162263535e-04 4.457952591255500883e-04
3.112763440860214814e+02 1.026065259352435709e-04 4.450572894237272308e-04
3.114013440860214814e+02 1.022478524210706586e-04 4.443200382790731635e-04
3.115263440860214814e+02 1.018904056987813476e-04 4.435835060933148236e-04
3.116513440860214814e+02 1.015341817062555182e-04 4.428476932681805036e-04
3.117763440860214814e+02 1.011791763941435424e-04 4.421126002053020021e-04
3.119013440860214814e+02 1.008253857258292182e-04 4.413782273062540886e-04
3.120263440860214814e+02 1.004728056773927038e-04 4.406445749725085336e-04
3.121513440860214814e+02 1.001214322375752936e-04 4.399116436053302414e-04
3.122763440860214814e+02 9.977126140774221768e-05 4.391794336058313527e-04
3.124013440860214814e+02 9.942228920184678078e-05 4.384479453748993069e-04
3.125263440860214814e+02 9.907451164639350012e-05 4.377171793131537998e-04
3.126513440860214814e+02 9.872792478040326154e-05 4.369871358209262381e-04
3.127763440860214814e+02 9.838252465537652449e-05 4.362578152982265621e-04
3.129013440860214814e+02 9.803830733525701474e-05 4.355292181447127263e-04
3.130263440860214814e+02 9.769526889639708420e-05 4.348013447596392532e-04
3.131513440860214814e+02 9.735340542752102418e-05 4.340741955418522466e-04
3.132763440860214814e+02 9.701271302969011342e-05 4.333477708897610393e-04
3.134013440860214814e+02 9.667318781626576879e-05 4.326220712012504815e-04
3.135263440860214814e+02 9.633482591287586725e-05 4.318970968737173696e-04
3.136513440860214814e+02 9.599762345737799141e-05 4.311728483040271325e-04
3.137763440860214814e+02 9.566157659982492476e-05 4.304493258884221083e-04
3.139013440860214814e+02 9.532668150242839871e-05 4.297265300225719593e-04
3.140263440860214814e+02 9.499293433952517057e-05 4.290044611015144207e-04
3.141513440860214814e+02 9.466033129754136688e-05 4.282831195195782137e-04
3.142763440860214814e+02 9.432886857495712484e-05 4.275625056704358460e-04
3.144013440860214814e+02 9.399854238227250774e-05 4.268426199470244111e-04
3.145263440860214814e+02 9.366934894197217348e-05 4.261234627414900770e-04
3.146513440860214814e+02 9.334128448849099186e-05 4.254050344452411578e-04
3.147763440860214814e+02 9.301434526817849624e-05 4.246873354488533005e-04
3.149013440860214814e+02 9.268852753926572056e-05 4.239703661420341939e-04
3.150263440860214814e+02 9.236382757182986787e-05 4.232541269136601606e-04
3.151513440860214814e+02 9.204024164775958877e-05 4.225386181516926735e-04
3.152763440860214814e+02 9.171776606072161507e-05 4.218238402431546659e-04
3.154013440860214814e+02 9.139639711612592983e-05 4.211097935741236467e-04
3.155263440860214814e+02 9.107613113109187244e-05 4.203964785297159253e-04
3.156513440860214814e+02 9.075696443441341711e-05 4.196838954940045377e-04
3.157763440860214814e+02 9.043889336652622660e-05 4.189720448500509052e-04
3.159013440860214814e+02 9.012191427947332373e-05 4.182609269798506237e-04
3.160263440860214814e+02 8.980602353687061373e-05 4.175505422643005049e-04
3.161513440860214814e+02 8.949121751387420910e-05 4.168408910831934255e-04
3.162763440860214814e+02 8.917749259714619590e-05 4.161319738151983243e-04
3.164013440860214814e+02 8.886484518482132169e-05 4.154237908377817054e-04
3.165263440860214814e+02 8.855327168647282956e-05 4.147163425272460194e-04
3.166513440860214814e+02 8.824276852308008117e-05 4.140096292586892767e-04
3.167763440860214814e+02 8.793333212699477029e-05 4.133036514059284486e-04
3.169013440860214814e+02 8.762495894190705503e-05 4.125984093415594237e-04
3.170263440860214814e+02 8.731764542281356036e-05 4.118939034368739038e-04
3.171513440860214814e+02 8.701138803598346962e-05 4.111901340618273116e-04
3.172763440860214814e+02 8.670618325892606628e-05 4.104871015850760870e-04
3.174013440860214814e+02 8.640202758035683904e-05 4.097848063738925234e-04
3.175263440860214814e+02 8.609891750016593153e-05 4.090832487941800004e-04
3.176513440860214814e+02 8.579684952938487091e-05 4.083824292104133529e-04
3.177763440860214814e+02 8.549582019015310663e-05 4.076823479856537245e-04
3.179013440860214814e+02 8.519582601568677187e-05 4.069830054815208663e-04
3.180263440860214814e+02 8.489686355024527657e-05 4.062844020581244525e-04
3.181513440860214814e+02 8.459892934909929636e-05 4.055865380741046841e-04
3.182763440860214814e+02 8.430201997849771792e-05 4.048894138865874025e-04
3.184013440860214814e+02 8.400613201563641400e-05 4.041930298511254346e-04
3.185263440860214814e+02 8.371126204862548693e-05 4.034973863217329072e-04
3.186513440860214814e+02 8.341740667645670189e-05 4.028024836508500113e-04
3.187763440860214814e+02 8.312456250897245168e-05 4.021083221892737748e-04
3.189013440860214814e+02 8.283272616683310860e-05 4.014149022862108099e-04
3.190263440860214814e+02 8.254189428148554200e-05 4.007222242892066223e-04
3.191513440860214814e+02 8.225206349513056506e-05 4.000302885441312461e-04
3.192763440860214814e+02 8.196323046069229257e-05 3.993390953951863448e-04
3.194013440860214814e+02 8.167539184178603494e-05 3.986486451848560435e-04
3.195263440860214814e+02 8.138854431268617877e-05 3.979589382538766787e-04
3.196513440860214814e+02 8.110268455829568006e-05 3.972699749412710599e-04
3.197763440860214814e+02 8.081780927411412094e-05 3.965817555842779418e-04
3.199013440860214814e+02 8.053391516620659306e-05 3.958942805183438929e-04
3.200263440860214814e+02 8.025099895117193043e-05 3.952075500771192840e-04
3.201513440860214814e+02 7.996905735611240602e-05 3.945215645924345441e-04
3.202763440860214814e+02 7.968808711860207305e-05 3.938363243942609123e-04
3.204013440860214814e+02 7.940808498665604136e-05 3.931518298107191658e-04
3.205263440860214814e+02 7.912904771869900850e-05 3.924680811680633565e-04
3.206513440860214814e+02 7.885097208353517310e-05 3.917850787906182529e-04
3.207763440860214814e+02 7.857385486031719958e-05 3.911028230008142511e-04
3.209013440860214814e+02 7.829769283851500668e-05 3.904213141191608663e-04
3.210263440860214814e+02 7.802248281788588412e-05 3.897405524641816806e-04
3.211513440860214814e+02 7.774822160844371485e-05 3.890605383524562474e-04
3.212763440860214814e+02 7.747490603042844119e-05 3.883812720985917936e-04
3.214013440860214814e+02 7.720253291427535479e-05 3.877027540151537226e-04
3.215263440860214814e+02 7.693109910058551146e-05 3.870249844127274675e-04
3.216513440860214814e+02 7.666060144009519736e-05 3.863479635998515421e-04
3.217763440860214814e+02 7.639103679364523248e-05 3.856716918829961819e-04
3.219013440860214814e+02 7.612240203215185988e-05 3.849961695665900696e-04
3.220263440860214814e+02 7.585469403657606267e-05 3.843213969529738773e-04
3.221513440860214814e+02 7.558790969789410091e-05 3.836473743423643792e-04
3.222763440860214814e+02 7.532204591706688284e-05 3.829741020328946213e-04
3.224013440860214814e+02 7.505709960501120645e-05 3.823015803205597656e-04
3.225263440860214814e+02 7.479306768256965929e-05 3.816298094991980080e-04
3.226513440860214814e+02 7.452994708048045057e-05 3.809587898604983305e-04
3.227763440860214814e+02 7.426773473934880176e-05 3.802885216939658067e-04
3.229013440860214814e+02 7.400642760961695485e-05 3.796190052869494115e-04
3.230263440860214814e+02 7.374602265153503442e-05 3.789502409245419493e-04
3.231513440860214814e+02 7.348651683513109654e-05 3.782822288896513945e-04
3.232763440860214814e+02 7.322790714018291244e-05 3.776149694629602881e-04
3.234013440860214814e+02 7.297019055618818003e-05 3.769484629228693050e-04
3.235263440860214814e+02 7.271336408233522333e-05 3.762827095455579152e-04
3.236513440860214814e+02 7.245742472747464062e-05 3.756177096049205240e-04
3.237763440860214814e+02 7.220236951008997674e-05 3.749534633725444088e-04
3.239013440860214814e+02 7.194819545826904592e-05 3.742899711177450641e-04
3.240263440860214814e+02 7.169489960967460418e-05 3.736272331075175747e-04
3.241513440860214814e+02 7.144247901151644462e-05 3.729652496065171004e-04
3.242763440860214814e+02 7.119093072052243569e-05 3.723040208770780121e-04
3.244013440860214814e+02 7.094025180290953233e-05 3.716435471791800101e-04
3.245263440860214814e+02 7.069043933435596619e-05 3.709838287704292597e-04
3.246513440860214814e+02 7.044149039997254136e-05 3.703248659060665764e-04
3.247763440860214814e+02 7.019340209427428251e-05 3.696666588389499702e-04
3.249013440860214814e+02 6.994617152115194746e-05 3.690092078195211442e-04
3.250263440860214814e+02 6.969979579384429872e-05 3.683525130958217029e-04
3.251513440860214814e+02 6.945427203490992776e-05 3.676965749134854006e-04
3.252763440860214814e+02 6.920959737619849660e-05 3.670413935156778052e-04
3.254013440860214814e+02 6.896576895882383597e-05 3.663869691431444371e-04
3.255263440860214814e+02 6.872278393313541731e-05 3.657333020341802486e-04
3.256513440860214814e+02 6.848063945869062427e-05 3.650803924245875571e-04
3.257763440860214814e+02 6.823933270422680739e-05 3.644282405477092214e-04
3.259013440860214814e+02 6.799886084763409773e-05 3.637768466344097769e-04
3.260263440860214814e+02 6.775922107592761067e-05 3.631262109130207376e-04
3.261513440860214814e+02 6.752041058521944636e-05 3.624763336094013653e-04
3.262763440860214814e+02 6.728242658069193702e-05 3.618272149468773039e-04
3.264013440860214814e+02 6.704526627656989140e-05 3.611788551462270813e-04
3.265263440860214814e+02 6.680892689609343549e-05 3.605312544257295430e-04
3.266513440860214814e+02 6.657340567149029761e-05 3.598844130010923491e-04
3.267763440860214814e+02 6.633869984394936742e-05 3.592383310854536547e-04
3.269013440860214814e+02 6.610480666359315721e-05 3.585930088894081851e-04
3.270263440860214814e+02 6.587172338945096787e-05 3.579484466209678249e-04
3.271513440860214814e+02 6.563944728943143148e-05 3.573046444855463308e-04
3.272763440860214814e+02 6.540797564029643624e-05 3.566616026859786306e-04
3.274013440860214814e+02 6.517730572763385881e-05 3.560193214224947477e-04
3.275263440860214814e+02 6.494743484583056765e-05 3.553778008927009906e-04
3.276513440860214814e+02 6.471836029804632086e-05 3.547370412915954569e-04
3.277763440860214814e+02 6.449007939618687797e-05 3.540970428115487885e-04
3.279013440860214814e+02 6.426258946087754539e-05 3.534578056422963657e-04
3.280263440860214814e+02 6.403588782143632889e-05 3.528193299709089250e-04
3.281513440860214814e+02 6.380997181584827864e-05 3.521816159818329998e-04
3.282763440860214814e+02 6.358483879073869585e-05 3.515446638568449507e-04
3.284013440860214814e+02 6.336048610134667827e-05 3.509084737750361115e-04
3.285263440860214814e+02 6.313691111149960077e-05 3.502730459128507905e-04
3.286513440860214814e+02 6.291411119358648462e-05 3.496383804440379153e-04
3.287763440860214814e+02 6.269208372853228833e-05 3.490044775396496774e-04
3.289013440860214814e+02 6.247082610577133117e-05 3.483713373680532416e-04
3.290263440860214814e+02 6.225033572322231587e-05 3.477389600949117726e-04
3.291513440860214814e+02 6.203060998726191470e-05 3.471073458831658407e-04
3.292763440860214814e+02 6.181164631269882997e-05 3.464764948930532627e-04
3.294013440860214814e+02 6.159344212274874897e-05 3.458464072820851957e-04
3.295263440860214814e+02 6.137599484900821466e-05 3.452170832050332344e-04
3.296513440860214814e+02 6.115930193142939087e-05 3.445885228139418800e-04
3.297763440860214814e+02 6.094336081829402116e-05 3.439607262581233899e-04
3.299013440860214814e+02 6.072816896618884449e-05 3.433336936841145724e-04
3.300263440860214814e+02 6.051372383997973025e-05 3.427074252357128364e-04
3.301513440860214814e+02 6.030002291278619949e-05 3.420819210539776550e-04
3.302763440860214814e+02 6.008706366595684741e-05 3.414571812771630198e-04
3.304013440860214814e+02 5.987484358904374268e-05 3.408332060407750662e-04
3.305263440860214814e+02 5.966336017977759914e-05 3.402099954775512566e-04
3.306513440860214814e+02 5.945261094404230388e-05 3.395875497174180970e-04
3.307763440860214814e+02 5.924259339585065143e-05 3.389658688875461594e-04
3.309013440860214814e+02 5.903330505731918347e-05 3.383449531123042210e-04
3.310263440860214814e+02 5.882474345864300148e-05 3.377248025132497224e-04
3.311513440860214814e+02 5.861690613807168389e-05 3.371054172091609690e-04
3.312763440860214814e+02 5.840979064188428168e-05 3.364867973160050926e-04
3.314013440860214814e+02 5.820339452436481539e-05 3.358689429469215713e-04
3.315263440860214814e+02 5.799771534777735203e-05 3.352518542122583339e-04
3.316513440860214814e+02 5.779275068234220687e-05 3.346355312195370109e-04
3.317763440860214814e+02 5.758849810621121681e-05 3.340199740734445862e-04
3.319013440860214814e+02 5.738495520544306802e-05 3.334051828758557317e-04
3.320263440860214814e+02 5.718211957397966035e-05 3.327911577258117737e-04
3.321513440860214814e+02 5.697998881362151627e-05 3.321778987195077369e-04
3.322763440860214814e+02 5.677856053400386061e-05 3.315654059503106129e-04
3.324013440860214814e+02 5.657783235257203634e-05 3.309536795087517709e-04
3.325263440860214814e+02 5.637780189455830938e-05 3.303427194824956246e-04
3.326513440860214814e+02 5.617846679295740632e-05 3.297325259563727538e-04
3.327763440860214814e+02 5.597982468850249928e-05 3.291230990123642929e-04
3.329013440860214814e+02 5.578187322964195665e-05 3.285144387295930936e-04
3.330263440860214814e+02 5.558461007251517882e-05 3.279065451843084385e-04
3.331513440860214814e+02 5.538803288092915918e-05 3.272994184499193799e-04
3.332763440860214814e+02 5.519213932633439443e-05 3.266930585969661711e-04
3.334013440860214814e+02 5.499692708780209608e-05 3.260874656931107797e-04
3.335263440860214814e+02 5.480239385200012786e-05 3.254826398031571079e-04
3.336513440860214814e+02 5.460853731316991905e-05 3.248785809890339165e-04
3.337763440860214814e+02 5.441535517310263910e-05 3.242752893097960716e-04
3.339013440860214814e+02 5.422284514111654459e-05 3.236727648216208581e-04
3.340263440860214814e+02 5.403100493403345208e-05 3.230710075778119375e-04
3.341513440860214814e+02 5.383983227615527861e-05 3.224700176287798319e-04
3.342763440860214814e+02 5.364932489924154459e-05 3.218697950220619276e-04
3.344013440860214814e+02 5.345948054248596850e-05 3.212703398023182468e-04
3.345263440860214814e+02 5.327029695249357676e-05 3.206716520113015237e-04
3.346513440860214814e+02 5.308177188325761693e-05 3.200737316878920612e-04
3.347763440860214814e+02 5.289390309613711474e-05 3.194765788680846669e-04
3.349013440860214814e+02 5.270668835983391616e-05 3.188801935849643662e-04
3.350263440860214814e+02 5.252012545036960735e-05 3.182845758687373569e-04
3.351513440860214814e+02 5.233421215106347159e-05 3.176897257467208718e-04
3.352763440860214814e+02 5.214894625250963284e-05 3.170956432433172660e-04
3.354013440860214814e+02 5.196432555255442985e-05 3.165023283800534278e-04
3.355263440860214814e+02 5.178034785627391219e-05 3.159097811755542701e-04
3.356513440860214814e+02 5.159701097595174960e-05 3.153180016455312375e-04
3.357763440860214814e+02 5.141431273105678904e-05 3.147269898028183023e-04
3.359013440860214814e+02 5.123225094822034064e-05 3.141367456573430699e-04
3.360263440860214814e+02 5.105082346121465626e-05 3.135472692161232560e-04
3.361513440860214814e+02 5.087002811093033748e-05 3.129585604832880986e-04
3.362763440860214814e+02 5.068986274535447532e-05 3.123706194600638845e-04
3.364013440860214814e+02 5.051032521954813278e-05 3.117834461447674984e-04
3.365263440860214814e+02 5.033141339562510795e-05 3.111970405328224687e-04
3.366513440860214814e+02 5.015312514272964018e-05 3.106114026167512698e-04
3.367763440860214814e+02 4.997545833701428551e-05 3.100265323861640466e-04
3.369013440860214814e+02 4.979841086161874091e-05 3.094424298277782381e-04
3.370263440860214814e+02 4.962198060664770619e-05 3.088590949254159759e-04
3.371513440860214814e+02 4.944616546914945744e-05 3.082765276599771956e-04
3.372763440860214814e+02 4.927096335309379035e-05 3.076947280094709703e-04
3.374013440860214814e+02 4.909637216935117636e-05 3.071136959490238590e-04
3.375263440860214814e+02 4.892238983567083471e-05 3.065334314508301960e-04
3.376513440860214814e+02 4.874901427665915681e-05 3.059539344842005003e-04
3.377763440860214814e+02 4.857624342375886243e-05 3.053752050155480861e-04
3.379013440860214814e+02 4.840407521522734280e-05 3.047972430083857555e-04
3.380263440860214814e+02 4.823250759611555930e-05 3.042200484233196188e-04
3.381513440860214814e+02 4.806153851824660335e-05 3.036436212180674719e-04
3.382763440860214814e+02 4.789116594019498819e-05 3.030679613474528871e-04
3.384013440860214814e+02 4.772138782726541881e-05 3.024930687633931785e-04
3.385263440860214814e+02 4.755220215147149416e-05 3.019189434149213572e-04
3.386513440860214814e+02 4.738360689151526996e-05 3.013455852481764278e-04
3.387763440860214814e+02 4.721560003276604220e-05 3.007729942063991054e-04
3.389013440860214814e+02 4.704817956723972018e-05 3.002011702299445554e-04
3.390263440860214814e+02 4.688134349357769815e-05 2.996301132562864049e-04
3.391513440860214814e+02 4.671508981702666882e-05 2.990598232199916974e-04
3.392763440860214814e+02 4.654941654941770500e-05 2.984903000527550456e-04
3.394013440860214814e+02 4.638432170914540907e-05 2.979215436833932101e-04
3.395263440860214814e+02 4.621980332114795687e-05 2.973535540378171812e-04
3.396513440860214814e+02 4.605585941688619293e-05 2.967863310390798297e-04
3.397763440860214814e+02 4.589248803432348465e-05 2.962198746073473922e-04
3.399013440860214814e+02 4.572968721790491236e-05 2.956541846598977909e-04
3.400263440860214814e+02 4.556745501853759109e-05 2.950892611111510994e-04
3.401513440860214814e+02 4.540578949357002329e-05 2.945251038726482925e-04
3.402763440860214814e+02 4.524468870677212235e-05 2.939617128530484813e-04
3.404013440860214814e+02 4.508415072831468062e-05 2.933990879581576446e-04
3.405263440860214814e+02 4.492417363474990788e-05 2.928372290909097100e-04
3.406513440860214814e+02 4.476475550899111617e-05 2.922761361513678000e-04
3.407763440860214814e+02 4.460589444029246551e-05 2.917158090367409293e-04
3.409013440860214814e+02 4.444758852422967866e-05 2.911562476413752224e-04
3.410263440860214814e+02 4.428983586267976654e-05 2.905974518567631297e-04
3.411513440860214814e+02 4.413263456380147871e-05 2.900394215715393072e-04
3.412763440860214814e+02 4.397598274201517787e-05 2.894821566714915126e-04
3.414013440860214814e+02 4.381987851798373076e-05 2.889256570395498181e-04
3.415263440860214814e+02 4.366432001859263346e-05 2.883699225558047701e-04
3.416513440860214814e+02 4.350930537693015686e-05 2.878149530975102630e-04
3.417763440860214814e+02 4.335483273226837993e-05 2.872607485390622339e-04
3.419013440860214814e+02 4.320090023004341659e-05 2.867073087520333034e-04
3.420263440860214814e+02 4.304750602183618464e-05 2.861546336051638308e-04
3.421513440860214814e+02 4.289464826535269366e-05 2.856027229643492830e-04
3.422763440860214814e+02 4.274232512440535604e-05 2.850515766926669603e-04
3.424013440860214814e+02 4.259053476889341713e-05 2.845011946503748037e-04
3.425263440860214814e+02 4.243927537478359548e-05 2.839515766948922043e-04
3.426513440860214814e+02 4.228854512409144808e-05 2.834027226808374087e-04
3.427763440860214814e+02 4.213834220486198352e-05 2.828546324600102256e-04
3.429013440860214814e+02 4.198866481115083745e-05 2.823073058813868217e-04
3.430263440860214814e+02 4.183951114300489934e-05 2.817607427911528986e-04
3.431513440860214814e+02 4.169087940644409780e-05 2.812149430326794605e-04
3.432763440860214814e+02 4.154276781344212218e-05 2.806699064465486182e-04
3.434013440860214814e+02 4.139517458190750316e-05 2.801256328705274061e-04
3.435263440860214814e+02 4.124809793566531016e-05 2.795821221396033976e-04
3.436513440860214814e+02 4.110153610443822514e-05 2.790393740859791220e-04
3.437763440860214814e+02 4.095548732382796894e-05 2.784973885390552590e-04
3.439013440860214814e+02 4.080994983529653099e-05 2.779561653254635444e-04
3.440263440860214814e+02 4.066492188614800212e-05 2.774157042690640054e-04
3.441513440860214814e+02 4.052040172951000769e-05 2.768760051909228970e-04
3.442763440860214814e+02 4.037638762431493722e-05 2.763370679093578048e-04
3.444013440860214814e+02 4.023287783528216359e-05 2.757988922399157985e-04
3.445263440860214814e+02 4.008987063289936079e-05 2.752614779953684444e-04
3.446513440860214814e+02 3.994736429340441135e-05 2.747248249857568540e-04
3.447763440860214814e+02 3.980535709876691390e-05 2.741889330183544418e-04
3.449013440860214814e+02 3.966384733667053099e-05 2.736538018976807487e-04
3.450263440860214814e+02 3.952283330049461866e-05 2.731194314255261618e-04
3.451513440860214814e+02 3.938231328929596442e-05 2.725858214009357601e-04
3.452763440860214814e+02 3.924228560779129767e-05 2.720529716202160363e-04
3.454013440860214814e+02 3.910274856633898027e-05 2.715208818769498586e-04
3.455263440860214814e+02 3.896370048092133404e-05 2.709895519619952243e-04
3.456513440860214814e+02 3.882513967312650749e-05 2.704589816634814107e-04
3.457763440860214814e+02 3.868706447013111499e-05 2.699291707668293036e-04
3.459013440860214814e+02 3.854947320468227970e-05 2.694001190547497715e-04
3.460263440860214814e+02 3.841236421507979171e-05 2.688718263072378107e-04
3.461513440860214814e+02 3.827573584515886235e-05 2.683442923015936870e-04
3.462763440860214814e+02 3.813958644427228916e-05 2.678175168124277065e-04
3.464013440860214814e+02 3.800391436727310182e-05 2.672914996116399411e-04
3.465263440860214814e+02 3.786871797449672706e-05 2.667662404684577413e-04
3.466513440860214814e+02 3.773399563174411573e-05 2.662417391494296655e-04
3.467763440860214814e+02 3.759974571026395514e-05 2.657179954184107342e-04
3.469013440860214814e+02 3.746596658673561996e-05 2.651950090366004859e-04
3.470263440860214814e+02 3.733265664325149973e-05 2.646727797625295325e-04
3.471513440860214814e+02 3.719981426730034282e-05 2.641513073520547895e-04
3.472763440860214814e+02 3.706743785174976686e-05 2.636305915583911884e-04
3.474013440860214814e+02 3.693552579482895897e-05 2.631106321321014852e-04
3.475263440860214814e+02 3.680407650011205357e-05 2.625914288210893220e-04
3.476513440860214814e+02 3.667308837650083258e-05 2.620729813706360349e-04
3.477763440860214814e+02 3.654255983820790674e-05 2.615552895233794043e-04
3.479013440860214814e+02 3.641248930473947002e-05 2.610383530193251473e-04
3.480263440860214814e+02 3.628287520087891460e-05 2.605221715958609035e-04
3.481513440860214814e+02 3.615371595666974793e-05 2.600067449877488629e-04
3.482763440860214814e+02 3.602501000739869271e-05 2.594920729271571534e-04
3.484013440860214814e+02 3.589675579357929513e-05 2.589781551436196711e-04
3.485263440860214814e+02 3.576895176093505195e-05 2.584649913640860619e-04
3.486513440860214814e+02 3.564159636038288998e-05 2.579525813129114760e-04
3.487763440860214814e+02 3.551468804801630674e-05 2.574409247118465390e-04
3.489013440860214814e+02 3.538822528508931748e-05 2.569300212800720460e-04
3.490263440860214814e+02 3.526220653799971784e-05 2.564198707341876866e-04
3.491513440860214814e+02 3.513663027827250229e-05 2.559104727882073821e-04
3.492763440860214814e+02 3.501149498254382472e-05 2.554018271535966368e-04
3.494013440860214814e+02 3.488679913254449829e-05 2.548939335392510705e-04
3.495263440860214814e+02 3.476254121508373911e-05 2.543867916515037911e-04
3.496513440860214814e+02 3.463871972203278805e-05 2.538804011941527168e-04
3.497763440860214814e+02 3.451533315030901359e-05 2.533747618684466978e-04
3.499013440860214814e+02 3.439238000185963529e-05 2.528698733730923472e-04
3.500263440860214814e+02 3.426985878364544036e-05 2.523657354042715506e-04
3.501513440860214814e+02 3.414776800762511023e-05 2.518623476556409242e-04
3.502763440860214814e+02 3.402610619073899814e-05 2.513597098183321943e-04
3.504013440860214814e+02 3.390487185489325910e-05 2.508578215809700862e-04
3.505263440860214814e+02 3.378406352694375634e-05 2.503566826296750895e-04
3.506513440860214814e+02 3.366367973868055716e-05 2.498562926480572778e-04
3.507763440860214814e+02 3.354371902681194773e-05 2.493566513172395648e-04
3.509013440860214814e+02 3.342417993294846825e-05 2.488577583158614452e-04
3.510263440860214814e+02 3.330506100358762565e-05 2.483596133200684231e-04
3.511513440860214814e+02 3.318636079009789486e-05 2.478622160035388465e-04
3.512763440860214814e+02 3.306807784870332314e-05 2.473655660374868346e-04
3.514013440860214814e+02 3.295021074046765330e-05 2.468696630906501346e-04
3.515263440860214814e+02 3.283275803127917871e-05 2.463745068293230270e-04
3.516513440860214814e+02 3.271571829183505631e-05 2.458800969173480862e-04
3.517763440860214814e+02 3.259909009762575503e-05 2.453864330161128191e-04
3.519013440860214814e+02 3.248287202891995154e-05 2.448935147845878292e-04
3.520263440860214814e+02 3.236706267074903969e-05 2.444013418793024219e-04
3.521513440860214814e+02 3.225166061289185004e-05 2.439099139543571813e-04
3.522763440860214814e+02 3.213666444985924741e-05 2.434192306614458168e-04
3.524013440860214814e+02 3.202207278087925021e-05 2.429292916498500949e-04
3.525263440860214814e+02 3.190788420988166865e-05 2.424400965664413020e-04
3.526513440860214814e+02 3.179409734548286492e-05 2.419516450557000320e-04
3.527763440860214814e+02 3.168071080097098772e-05 2.414639367597169175e-04
3.529013440860214814e+02 3.156772319429075954e-05 2.409769713181926303e-04
3.530263440860214814e+02 3.145513314802857565e-05 2.404907483684575321e-04
3.531513440860214814e+02 3.134293928939735916e-05 2.400052675454680156e-04
3.532763440860214814e+02 3.123114025022200561e-05 2.395205284818242581e-04
3.534013440860214814e+02 3.111973466692431934e-05 2.390365308077552599e-04
3.535263440860214814e+02 3.100872118050833608e-05 2.385532741511549207e-04
3.536513440860214814e+02 3.089809843654528644e-05 2.380707581375697882e-04
3.537763440860214814e+02 3.078786508515929800e-05 2.375889823902035307e-04
3.539013440860214814e+02 3.067801978101251459e-05 2.371079465299411959e-04
3.540263440860214814e+02 3.056856118329029701e-05 2.366276501753404289e-04
3.541513440860214814e+02 3.045948795568700635e-05 2.361480929426424227e-04
3.542763440860214814e+02 3.035079876639122163e-05 2.356692744457824888e-04
3.544013440860214814e+02 3.024249228807138423e-05 2.351911942963965090e-04
3.545263440860214814e+02 3.013456719786107991e-05 2.347138521038201215e-04
3.546513440860214814e+02 3.002702217734501866e-05 2.342372474751066647e-04
3.547763440860214814e+02 2.991985591254447255e-05 2.337613800150299963e-04
3.549013440860214814e+02 2.981306709390280161e-05 2.332862493260854416e-04
3.550263440860214814e+02 2.970665441627149474e-05 2.328118550085060570e-04
3.551513440860214814e+02 2.960061657889574303e-05 2.323381966602708695e-04
3.552763440860214814e+02 2.949495228540034177e-05 2.318652738770946855e-04
3.554013440860214814e+02 2.938966024377531795e-05 2.313930862524537591e-04
3.555263440860214814e+02 2.928473916636215079e-05 2.309216333775981249e-04
3.556513440860214814e+02 2.918018776983957201e-05 2.304509148415278001e-04
3.557763440860214814e+02 2.907600477520934251e-05 2.299809302310311919e-04
3.559013440860214814e+02 2.897218890778265578e-05 2.295116791306827666e-04
3.560263440860214814e+02 2.886873889716591110e-05 2.290431611228365446e-04
3.561513440860214814e+02 2.876565347724698829e-05 2.285753757876579488e-04
3.562763440860214814e+02 2.866293138618114961e-05 2.281083227031138836e-04
3.564013440860214814e+02 2.856057136637756523e-05 2.276420014449773166e-04
3.565263440860214814e+02 2.845857216448538458e-05 2.271764115868513199e-04
3.566513440860214814e+02 2.835693253137983825e-05 2.267115527001655200e-04
3.567763440860214814e+02 2.825565122214887179e-05 2.262474243541751757e-04
3.569013440860214814e+02 2.815472699607929845e-05 2.257840261159887714e-04
3.570263440860214814e+02 2.805415861664331100e-05 2.253213575505612679e-04
3.571513440860214814e+02 2.795394485148467511e-05 2.248594182207002822e-04
3.572763440860214814e+02 2.785408447240556642e-05 2.243982076870823235e-04
3.574013440860214814e+02 2.775457625535289948e-05 2.239377255082563439e-04
3.575263440860214814e+02 2.765541898040476166e-05 2.234779712406455277e-04
3.576513440860214814e+02 2.755661143175730103e-05 2.230189444385632556e-04
3.577763440860214814e+02 2.745815239771116036e-05 2.225606446542213181e-04
3.579013440860214814e+02 2.736004067065830737e-05 2.221030714377218924e-04
3.580263440860214814e+02 2.726227504706848565e-05 2.216462243370840776e-04
3.581513440860214814e+02 2.716485432747635330e-05 2.211901028982437602e-04
3.582763440860214814e+02 2.706777731646807945e-05 2.207347066650600640e-04
3.584013440860214814e+02 2.697104282266806621e-05 2.202800351793167877e-04
3.585263440860214814e+02 2.687464965872612797e-05 2.198260879807453620e-04
3.586513440860214814e+02 2.677859664130421329e-05 2.193728646070224649e-04
3.587763440860214814e+02 2.668288259106346225e-05 2.189203645937718378e-04
3.589013440860214814e+02 2.658750633265104696e-05 2.184685874745861587e-04
3.590263440860214814e+02 2.649246669468744911e-05 2.180175327810232209e-04
3.591513440860214814e+02 2.639776250975344276e-05 2.175672000426203258e-04
3.592763440860214814e+02 2.630339261437705345e-05 2.171175887868957461e-04
3.594013440860214814e+02 2.620935584902101868e-05 2.166686985393632817e-04
3.595263440860214814e+02 2.611565105806977415e-05 2.162205288235301455e-04
3.596513440860214814e+02 2.602227708981683969e-05 2.157730791609147438e-04
3.597763440860214814e+02 2.592923279645181227e-05 2.153263490710540765e-04
3.599013440860214814e+02 2.583651703404807383e-05 2.148803380714956867e-04
3.600263440860214814e+02 2.574412866254988927e-05 2.144350456778256874e-04
3.601513440860214814e+02 2.565206654575993137e-05 2.139904714036697372e-04
3.602763440860214814e+02 2.556032955132649058e-05 2.135466147606885680e-04
3.604013440860214814e+02 2.546891655073125742e-05 2.131034752586028673e-04
3.605263440860214814e+02 2.537782641927668136e-05 2.126610524051959620e-04
3.606513440860214814e+02 2.528705803607336018e-05 2.122609021376684188e-04
3.607763440860214814e+02 2.519661028402795793e-05 2.119002970116558846e-04
3.609013440860214814e+02 2.510648204983058747e-05 2.115401702650611621e-04
3.610263440860214814e+02 2.501667222394257599e-05 2.111805215463551696e-04
3.611513440860214814e+02 2.492717970058400679e-05 2.108213505040570728e-04
3.612763440860214814e+02 2.483800337772170501e-05 2.104626567867215719e-04
3.614013440860214814e+02 2.474914215705689124e-05 2.101044400429458951e-04
3.615263440860214814e+02 2.466059494401283184e-05 2.097466999213609890e-04
3.616513440860214814e+02 2.457236064772300749e-05 2.093894360706262609e-04
3.617763440860214814e+02 2.448443818101877031e-05 2.090326481394315838e-04
3.619013440860214814e+02 2.439682646041738711e-05 2.086763357764882441e-04
3.620263440860214814e+02 2.430952440610980824e-05 2.083204986305320849e-04
3.621513440860214814e+02 2.422253094194894125e-05 2.079651363503130172e-04
3.622763440860214814e+02 2.413584499543754172e-05 2.076102485846003591e-04
3.624013440860214814e+02 2.404946549771616167e-05 2.072558349821689309e-04
3.625263440860214814e+02 2.396339138355152492e-05 2.069018951918074039e-04
3.626513440860214814e+02 2.387762159132448896e-05 2.065484288623064819e-04
3.627763440860214814e+02 2.379215506301831198e-05 2.061954356424610974e-04
3.629013440860214814e+02 2.370699074420671296e-05 2.058429151810659387e-04
3.630263440860214814e+02 2.362212758404234536e-05 2.054908671269096228e-04
3.631513440860214814e+02 2.353756453524501991e-05 2.051392911287765652e-04
3.632763440860214814e+02 2.345330055408984275e-05 2.047881868354404480e-04
3.634013440860214814e+02 2.336933460039586526e-05 2.044375538956626746e-04
3.635263440860214814e+02 2.328566563751431699e-05 2.040873919581884667e-04
3.636513440860214814e+02 2.320229263231709963e-05 2.037377006717482194e-04
3.637763440860214814e+02 2.311921455518510131e-05 2.033884796850476896e-04
3.639013440860214814e+02 2.303643037999695818e-05 2.030397286467719800e-04
3.640263440860214814e+02 2.295393908411747039e-05 2.026914472055775160e-04
3.641513440860214814e+02 2.287173964838602145e-05 2.023436350100935640e-04
3.642763440860214814e+02 2.278983105710550241e-05 2.019962917089188428e-04
3.644013440860214814e+02 2.270821229803072786e-05 2.016494169506127961e-04
3.645263440860214814e+02 2.262688236235722801e-05 2.013030103837033444e-04
3.646513440860214814e+02 2.254584024470981029e-05 2.009570716566754466e-04
3.647763440860214814e+02 2.246508494313153445e-05 2.006116004179751659e-04
3.649013440860214814e+02 2.238461545907240291e-05 2.002665963160010776e-04
3.650263440860214814e+02 2.230443079737801733e-05 1.999220589991073857e-04
3.651513440860214814e+02 2.222452996627872980e-05 1.995779881155962799e-04
3.652763440860214814e+02 2.214491197737833328e-05 1.992343833137218655e-04
3.654013440860214814e+02 2.206557584564307383e-05 1.988912442416784266e-04
3.655263440860214814e+02 2.198652058939046307e-05 1.985485705476084501e-04
3.656513440860214814e+02 2.190774523027849710e-05 1.982063618795947100e-04
3.657763440860214814e+02 2.182924879329457054e-05 1.978646178856570696e-04
3.659013440860214814e+02 2.175103030674440413e-05 1.975233382137538368e-04
3.660263440860214814e+02 2.167308880224139581e-05 1.971825225117751501e-04
3.661513440860214814e+02 2.159542331469560254e-05 1.968421704275466380e-04
3.662763440860214814e+02 2.151803288230292875e-05 1.965022816088210435e-04
3.664013440860214814e+02 2.144091654653423011e-05 1.961628557032793626e-04
3.665263440860214814e+02 2.136407335212473581e-05 1.958238923585282963e-04
3.666513440860214814e+02 2.128750234706316245e-05 1.954853912220991122e-04
3.667763440860214814e+02 2.121120258258111599e-05 1.951473519414423320e-04
3.669013440860214814e+02 2.113517311314221586e-05 1.948097741639299269e-04
3.670263440860214814e+02 2.105941299643174079e-05 1.944726575368510080e-04
3.671513440860214814e+02 2.098392129334587490e-05 1.941360017074081129e-04
3.672763440860214814e+02 2.090869706798104867e-05 1.937998063227193738e-04
3.674013440860214814e+02 2.083373938762359830e-05 1.934640710298132598e-04
3.675263440860214814e+02 2.075904732273914057e-05 1.931287954756271937e-04
3.676513440860214814e+02 2.068461994696214415e-05 1.927939793070065498e-04
3.677763440860214814e+02 2.061045633708537899e-05 1.924596221707040845e-04
3.679013440860214814e+02 2.053655557304969427e-05 1.921257237133738372e-04
3.680263440860214814e+02 2.046291673793355253e-05 1.917922835815745464e-04
3.681513440860214814e+02 2.038953891794258400e-05 1.914593014217625473e-04
3.682763440860214814e+02 2.031642120239945273e-05 1.911267768802949439e-04
3.684013440860214814e+02 2.024356268373351262e-05 1.907947096034265182e-04
3.685263440860214814e+02 2.017096245747054475e-05 1.904630992373023313e-04
3.686513440860214814e+02 2.009861962222247105e-05 1.901319454279663693e-04
3.687763440860214814e+02 2.002653327967733555e-05 1.898012478213506745e-04
3.689013440860214814e+02 1.995470253458907564e-05 1.894710060632799262e-04
3.690263440860214814e+02 1.988312649476729329e-05 1.891412197994652333e-04
3.691513440860214814e+02 1.981180427106738541e-05 1.888118886755067369e-04
3.692763440860214814e+02 1.974073497738031174e-05 1.884830123368875653e-04
3.694013440860214814e+02 1.966991773062270142e-05 1.881545904289781441e-04
3.695263440860214814e+02 1.959935165072666498e-05 1.878266225970257877e-04
3.696513440860214814e+02 1.952903586063007370e-05 1.874991084861634002e-04
3.697763440860214814e+02 1.945896948626652740e-05 1.871720477414024820e-04
3.699013440860214814e+02 1.938915165655531202e-05 1.868454400076303653e-04
3.700263440860214814e+02 1.931958150339179085e-05 1.865192849296131686e-04
3.701513440860214814e+02 1.925025816163740278e-05 1.861935821519899417e-04
3.702763440860214814e+02 1.918118076910992482e-05 1.858683313192757832e-04
3.704013440860214814e+02 1.911234846657356519e-05 1.855435320758567173e-04
3.705263440860214814e+02 1.904376039772941894e-05 1.852191840659895856e-04
3.706513440860214814e+02 1.897541570920565596e-05 1.848952869338010168e-04
3.707763440860214814e+02 1.890731355054772584e-05 1.845718403232876712e-04
3.709013440860214814e+02 1.883945307420892198e-05 1.842488438783110359e-04
3.710263440860214814e+02 1.877183343554062370e-05 1.839262972426002713e-04
3.711513440860214814e+02 1.870445379278275194e-05 1.836042000597494733e-04
3.712763440860214814e+02 1.863731330705408257e-05 1.832825519732144749e-04
3.714013440860214814e+02 1.857041114234292899e-05 1.829613526263153126e-04
3.715263440860214814e+02 1.850374646549750974e-05 1.826406016622324051e-04
3.716513440860214814e+02 1.843731844621639390e-05 1.823202987240057124e-04
3.717763440860214814e+02 1.837112625703927186e-05 1.820004434545343026e-04
3.719013440860214814e+02 1.830516907333738384e-05 1.816810354965769751e-04
3.720263440860214814e+02 1.823944607330419914e-05 1.813620744927467042e-04
3.721513440860214814e+02 1.817395643794595308e-05 1.810435600855144335e-04
3.722763440860214814e+02 1.810869935107251261e-05 1.807254919172038450e-04
3.724013440860214814e+02 1.804367399928797082e-05 1.804078696299938527e-04
3.725263440860214814e+02 1.797887957198129576e-05 1.800906928659173282e-04
3.726513440860214814e+02 1.791431526131728069e-05 1.797739612668542168e-04
3.727763440860214814e+02 1.784998026222720977e-05 1.794576744745402647e-04
3.729013440860214814e+02 1.778587377239974405e-05 1.791418321305580745e-04
3.730263440860214814e+02 1.772199499227164468e-05 1.788264338763416862e-04
3.731513440860214814e+02 1.765834312501883508e-05 1.785114793531706137e-04
3.732763440860214814e+02 1.759491737654720554e-05 1.781969682021743173e-04
3.734013440860214814e+02 1.753171695548357703e-05 1.778829000643263492e-04
3.735263440860214814e+02 1.746874107316656686e-05 1.775692745804483377e-04
3.736513440860214814e+02 1.740598894363776255e-05 1.772560913912027501e-04
3.737763440860214814e+02 1.734345978363265183e-05 1.769433501370997776e-04
3.739013440860214814e+02 1.728115281257156953e-05 1.766310504584921854e-04
3.740263440860214814e+02 1.721906725255099009e-05 1.763191919955734962e-04
3.741513440860214814e+02 1.715720232833447447e-05 1.760077743883811891e-04
3.742763440860214814e+02 1.709555726734389829e-05 1.756967972767914680e-04
3.744013440860214814e+02 1.703413129965046310e-05 1.753862603005231923e-04
3.745263440860214814e+02 1.697292365796609391e-05 1.750761630991334850e-04
3.746513440860214814e+02 1.691193357763457587e-05 1.747665053120182486e-04
3.747763440860214814e+02 1.685116029662266375e-05 1.744572865784118937e-04
3.749013440860214814e+02 1.679060305551158120e-05 1.741485065373880707e-04
3.750263440860214814e+02 1.673026109748820136e-05 1.738401648278552517e-04
3.751513440860214814e+02 1.667013366833640381e-05 1.735322610885602545e-04
3.752763440860214814e+02 1.661022001642833650e-05 1.732247949580858028e-04
3.754013440860214814e+02 1.655051939271598956e-05 1.729177660748484663e-04
3.755263440860214814e+02 1.649103105072248431e-05 1.726111740771016693e-04
3.756513440860214814e+02 1.643175424653345733e-05 1.723050186029321130e-04
3.757763440860214814e+02 1.637268823878867816e-05 1.719992992902598839e-04
3.759013440860214814e+02 1.631383228867344350e-05 1.716940157768391312e-04
3.760263440860214814e+02 1.625518565991014748e-05 1.713891677002578231e-04
3.761513440860214814e+02 1.619674761874970973e-05 1.710847546979346839e-04
3.762763440860214814e+02 1.613851743396332863e-05 1.707807764071221483e-04
3.764013440860214814e+02 1.608049437683400088e-05 1.704772324649024313e-04
3.765263440860214814e+02 1.602267772114804770e-05 1.701741225081906993e-04
3.766513440860214814e+02 1.596506674318694949e-05 1.698714461737335527e-04
3.767763440860214814e+02 1.590766072171892291e-05 1.695692030981042276e-04
3.769013440860214814e+02 1.585045893799066403e-05 1.692673929177105924e-04
3.770263440860214814e+02 1.579346067571898299e-05 1.689660152687871245e-04
3.771513440860214814e+02 1.573666522108272672e-05 1.686650697874003040e-04
3.772763440860214814e+02 1.568007186271448480e-05 1.683645561094432742e-04
3.774013440860214814e+02 1.562367989169231224e-05 1.680644738706405579e-04
3.775263440860214814e+02 1.556748860153174703e-05 1.677648227065430160e-04
3.776513440860214814e+02 1.551149728817754992e-05 1.674656022525324820e-04
3.777763440860214814e+02 1.545570524999565417e-05 1.671668121438149048e-04
3.779013440860214814e+02 1.540011178776497306e-05 1.668684520154277754e-04
3.780263440860214814e+02 1.534471620466950557e-05 1.665705215022355733e-04
3.781513440860214814e+02 1.528951780629022854e-05 1.662730202389285194e-04
3.782763440860214814e+02 1.523451590059698212e-05 1.659759478600264255e-04
3.784013440860214814e+02 1.517970979794069232e-05 1.656793039998739230e-04
3.785263440860214814e+02 1.512509881104527504e-05 1.653830882926449902e-04
3.786513440860214814e+02 1.507068225499977731e-05 1.650873003723386150e-04
3.787763440860214814e+02 1.501645944725033052e-05 1.647919398727808009e-04
3.789013440860214814e+02 1.496242970759249655e-05 1.644970064276242417e-04
3.790263440860214814e+02 1.490859235816326337e-05 1.642024996703484569e-04
3.791513440860214814e+02 1.485494672343317947e-05 1.639084192342599546e-04
3.792763440860214814e+02 1.480149213019868991e-05 1.636147647524898731e-04
3.794013440860214814e+02 1.474822790757425891e-05 1.633215358579974776e-04
3.795263440860214814e+02 1.469515338698467033e-05 1.630287321835666094e-04
3.796513440860214814e+02 1.464226790215716718e-05 1.627363533618096159e-04
3.797763440860214814e+02 1.458957078911393849e-05 1.624443990251610900e-04
3.799013440860214814e+02 1.453706138616431636e-05 1.621528688058861904e-04
3.800263440860214814e+02 1.448473903389717309e-05 1.618617623360732428e-04
3.801513440860214814e+02 1.443260307517318429e-05 1.615710792476389977e-04
3.802763440860214814e+02 1.438065285511737674e-05 1.612808191723245650e-04
3.804013440860214814e+02 1.432888772111147459e-05 1.609909817416984765e-04
3.805263440860214814e+02 1.427730702278625911e-05 1.607015665871561172e-04
3.806513440860214814e+02 1.422591011201419106e-05 1.604125733399177191e-04
3.807763440860214814e+02 1.417469634290178904e-05 1.601240016310324812e-04
3.809013440860214814e+02 1.412366507178221630e-05 1.598358510913726609e-04
3.810263440860214814e+02 1.407281565720767269e-05 1.595481213516407564e-04
3.811513440860214814e+02 1.402214745994216774e-05 1.592608120423640592e-04
3.812763440860214814e+02 1.397165984295398040e-05 1.589739227938986648e-04
3.814013440860214814e+02 1.392135217140822717e-05 1.586874532364258416e-04
3.815263440860214814e+02 1.387122381265961997e-05 1.584014029999561229e-04
3.816513440860214814e+02 1.382127413624503764e-05 1.581157717143258108e-04
3.817763440860214814e+02 1.377150251387625844e-05 1.578305590092008250e-04
3.819013440860214814e+02 1.372190831943254677e-05 1.575457645140731252e-04
3.820263440860214814e+02 1.367249092895354997e-05 1.572613878582633940e-04
3.821513440860214814e+02 1.362324972063196812e-05 1.569774286709217962e-04
3.822763440860214814e+02 1.357418407480624580e-05 1.566938865810253224e-04
3.824013440860214814e+02 1.352529337395352311e-05 1.564107612173814210e-04
3.825263440860214814e+02 1.347657700268236643e-05 1.561280522086249626e-04
3.826513440860214814e+02 1.342803434772563469e-05 1.558457591832219263e-04
3.827763440860214814e+02 1.337966479793329317e-05 1.555638817694668245e-04
3.829013440860214814e+02 1.333146774426538649e-05 1.552824195954839498e-04
3.830263440860214814e+02 1.328344257978494388e-05 1.550013722892277547e-04
3.831513440860214814e+02 1.323558869965078615e-05 1.547207394784840440e-04
3.832763440860214814e+02 1.318790550111067324e-05 1.544405207908694868e-04
3.834013440860214814e+02 1.314039238349415353e-05 1.541607158538307225e-04
3.835263440860214814e+02 1.309304874820564187e-05 1.538813242946474231e-04
3.836513440860214814e+02 1.304587399871731813e-05 1.536023457404294746e-04
3.837763440860214814e+02 1.299886754056235762e-05 1.533237798181216120e-04
3.839013440860214814e+02 1.295202878132790079e-05 1.530456261544970765e-04
3.840263440860214814e+02 1.290535713064807704e-05 1.527678843761661267e-04
3.841513440860214814e+02 1.285885200019728433e-05 1.524905541095697772e-04
3.842763440860214814e+02 1.281251280368320122e-05 1.522136349809850300e-04
3.844013440860214814e+02 1.276633895684002579e-05 1.519371266165207813e-04
3.845263440860214814e+02 1.272032987742152326e-05 1.516610286421221860e-04
3.846513440860214814e+02 1.267448498519441397e-05 1.513853406835694102e-04
3.847763440860214814e+02 1.262880370193149726e-05 1.511100623664769001e-04
3.849013440860214814e+02 1.258328545140484462e-05 1.508351933162972844e-04
3.850263440860214814e+02 1.253792965937919459e-05 1.505607331583161163e-04
3.851513440860214814e+02 1.249273575360516972e-05 1.502866815176593003e-04
3.852763440860214814e+02 1.244770316381261545e-05 1.500130380192879150e-04
3.854013440860214814e+02 1.240283132170385947e-05 1.497398022880027399e-04
3.855263440860214814e+02 1.235811966094719973e-05 1.494669739484408939e-04
3.856513440860214814e+02 1.231356761717019591e-05 1.491945526250804165e-04
3.857763440860214814e+02 1.226917462795302870e-05 1.489225379422365542e-04
3.859013440860214814e+02 1.222494013282203525e-05 1.486509295240669647e-04
3.860263440860214814e+02 1.218086357324307688e-05 1.483797269945675700e-04
3.861513440860214814e+02 1.213694439261501696e-05 1.481089299775758628e-04
3.862763440860214814e+02 1.209318203626314958e-05 1.478385380967721266e-04
3.864013440860214814e+02 1.204957595143281638e-05 1.475685509756768606e-04
3.865263440860214814e+02 1.200612558728285382e-05 1.472989682376551980e-04
3.866513440860214814e+02 1.196283039487917952e-05 1.470297895059135445e-04
3.867763440860214814e+02 1.191968982718826327e-05 1.467610144035041324e-04
3.869013440860214814e+02 1.187670333907086752e-05 1.464926425533223371e-04
3.870263440860214814e+02 1.183387038727557936e-05 1.462246735781086557e-04
3.871513440860214814e+02 1.179119043043236467e-05 1.459571071004490321e-04
3.872763440860214814e+02 1.174866292904636949e-05 1.456899427427767277e-04
3.874013440860214814e+02 1.170628734549149954e-05 1.454231801273717789e-04
3.875263440860214814e+02 1.166406314400413181e-05 1.451568188763604822e-04
3.876513440860214814e+02 1.162198979067677709e-05 1.448908586117188637e-04
3.877763440860214814e+02 1.158006675345191694e-05 1.446252989552704023e-04
3.879013440860214814e+02 1.153829350211570180e-05 1.443601395286900140e-04
3.880263440860214814e+02 1.149666950829164901e-05 1.440953799534995799e-04
3.881513440860214814e+02 1.145519424543458488e-05 1.438310198510751555e-04
3.882763440860214814e+02 1.141386718882434949e-05 1.435670588426418216e-04
3.884013440860214814e+02 1.137268781555969643e-05 1.433034965492792671e-04
3.885263440860214814e+02 1.133165560455203484e-05 1.430403325919173444e-04
3.886513440860214814e+02 1.129077003651945620e-05 1.427775665913415444e-04
3.887763440860214814e+02 1.125003059398055094e-05 1.425151981681915868e-04
3.889013440860214814e+02 1.120943676124825396e-05 1.422532269429611224e-04
3.890263440860214814e+02 1.116898802442391870e-05 1.419916525359999010e-04
3.891513440860214814e+02 1.112868387139116945e-05 1.417304745675139889e-04
3.892763440860214814e+02 1.108852379180993822e-05 1.414696926575679094e-04
3.894013440860214814e+02 1.104850727711034404e-05 1.412093064260823666e-04
3.895263440860214814e+02 1.100863382048686205e-05 1.409493154928386090e-04
3.896513440860214814e+02 1.096890291689226378e-05 1.406897194774753127e-04
3.897763440860214814e+02 1.092931406303161507e-05 1.404305179994936768e-04
3.899013440860214814e+02 1.088986675735648581e-05 1.401717106782535474e-04
3.900263440860214814e+02 1.085056050005893592e-05 1.399132971329788663e-04
3.901513440860214814e+02 1.081139479306567767e-05 1.396552769827542277e-04
3.902763440860214814e+02 1.077236914003210578e-05 1.393976498465281317e-04
3.904013440860214814e+02 1.073348304633659515e-05 1.391404153431143661e-04
3.905263440860214814e+02 1.069473601907457677e-05 1.388835730911897569e-04
3.906513440860214814e+02 1.065612756705268129e-05 1.386271227092987762e-04
3.907763440860214814e+02 1.061765720078304360e-05 1.383710638158507772e-04
3.909013440860214814e+02 1.057932443247748198e-05 1.381153960291242773e-04
3.910263440860214814e+02 1.054112877604173666e-05 1.378601189672647349e-04
3.911513440860214814e+02 1.050306974706967600e-05 1.376052322482867183e-04
3.912763440860214814e+02 1.046514686283769264e-05 1.373507354900746372e-04
3.914013440860214814e+02 1.042735964229894189e-05 1.370966283103846131e-04
3.915263440860214814e+02 1.038970760607758704e-05 1.368429103268439914e-04
3.916513440860214814e+02 1.035219027646326820e-05 1.365895811569514499e-04
3.917763440860214814e+02 1.031480717740537133e-05 1.363366404180807391e-04
3.919013440860214814e+02 1.027755783450743775e-05 1.360840877274782158e-04
3.920263440860214814e+02 1.024044177502147891e-05 1.358319227022671254e-04
3.921513440860214814e+02 1.020345852784249775e-05 1.355801449594434556e-04
3.922763440860214814e+02 1.016660762350286780e-05 1.353287541158834976e-04
3.924013440860214814e+02 1.012988859416670213e-05 1.350777497883388326e-04
3.925263440860214814e+02 1.009330097362445940e-05 1.348271315934413729e-04
3.926513440860214814e+02 1.005684429728732127e-05 1.345768991477008954e-04
3.927763440860214814e+02 1.002051810218174431e-05 1.343270520675085924e-04
3.929013440860214814e+02 9.984321926943903424e-06 1.340775899691370988e-04
3.930263440860214814e+02 9.948255311814333554e-06 1.338285124687407627e-04
3.931513440860214814e+02 9.912317798632408697e-06 1.335798191823565136e-04
3.932763440860214814e+02 9.876508930830959866e-06 1.333315097259058673e-04
3.934013440860214814e+02 9.840828253430777847e-06 1.330835837151960919e-04
3.935263440860214814e+02 9.805275313035336179e-06 1.328360407659186357e-04
3.936513440860214814e+02 9.769849657825363374e-06 1.325888804936538974e-04
3.937763440860214814e+02 9.734550837553421898e-06 1.323421025138678655e-04
3.939013440860214814e+02 9.699378403538685373e-06 1.320957064419172678e-04
3.940263440860214814e+02 9.664331908661542972e-06 1.318496918930466444e-04
3.941513440860214814e+02 9.629410907358315630e-06 1.316040584823930098e-04
3.942763440860214814e+02 9.594614955615919736e-06 1.313588058249831960e-04
3.944013440860214814e+02 9.559943610966686680e-06 1.311139335357372959e-04
3.945263440860214814e+02 9.525396432483058731e-06 1.308694412294696921e-04
3.946513440860214814e+02 9.490972980772303553e-06 1.306253285208877569e-04
3.947763440860214814e+02 9.456672817971393044e-06 1.303815950245958903e-04
3.949013440860214814e+02 9.422495507741753424e-06 1.301382403550934601e-04
3.950263440860214814e+02 9.388440615264079700e-06 1.298952641267785970e-04
3.951513440860214814e+02 9.354507707233131498e-06 1.296526659539470015e-04
3.952763440860214814e+02 9.320696351852667802e-06 1.294104454507936247e-04
3.954013440860214814e+02 9.287006118830256338e-06 1.291686022314139420e-04
3.955263440860214814e+02 9.253436579372133780e-06 1.289271359098053630e-04
3.956513440860214814e+02 9.219987306178172677e-06 1.286860460998676104e-04
3.957763440860214814e+02 9.186657873436756904e-06 1.284453324154029373e-04
3.959013440860214814e+02 9.153447856819728267e-06 1.282049944701191355e-04
3.960263440860214814e+02 9.120356833477283971e-06 1.279650318776283705e-04
3.961513440860214814e+02 9.087384382033035035e-06 1.277254442514507316e-04
3.962763440860214814e+02 9.054530082578954585e-06 1.274862312050111695e-04
3.964013440860214814e+02 9.021793516670293962e-06 1.272473923516458658e-04
3.965263440860214814e+02 8.989174267320739387e-06 1.270089273045986282e-04
3.966513440860214814e+02 8.956671918997348401e-06 1.267708356770252812e-04
3.967763440860214814e+02 8.924286057615643848e-06 1.265331170819917420e-04
3.969013440860214814e+02 8.892016270534609603e-06 1.262957711324775710e-04
3.970263440860214814e+02 8.859862146551869265e-06 1.260587974413759449e-04
3.971513440860214814e+02 8.827823275898747949e-06 1.258221956214942798e-04
3.972763440860214814e+02 8.795899250235313761e-06 1.255859652855555327e-04
3.974013440860214814e+02 8.764089662645620856e-06 1.253501060461998003e-04
3.975263440860214814e+02 8.732394107632786485e-06 1.251146175159852407e-04
3.976513440860214814e+02 8.700812181114186625e-06 1.248794993073882903e-04
3.977763440860214814e+02 8.669343480416566902e-06 1.246447510328063473e-04
3.979013440860214814e+02 8.637987604271334785e-06 1.244103723045563619e-04
3.980263440860214814e+02 8.606744152809714556e-06 1.241763627348789836e-04
3.981513440860214814e+02 8.575612727557936160e-06 1.239427219359367453e-04
3.982763440860214814e+02 8.544592931432557897e-06 1.237094495198162042e-04
3.984013440860214814e+02 8.513684368735673899e-06 1.234765450985306798e-04
3.985263440860214814e+02 8.482886645150206331e-06 1.232440082840181937e-04
3.986513440860214814e+02 8.452199367735136588e-06 1.230118386881456710e-04
3.987763440860214814e+02 8.421622144920900828e-06 1.227800359227072054e-04
3.989013440860214814e+02 8.391154586504660139e-06 1.225485995994275289e-04
3.990263440860214814e+02 8.360796303645597811e-06 1.223175293299609545e-04
3.991513440860214814e+02 8.330546908860345361e-06 1.220868247258950084e-04
3.992763440860214814e+02 8.300406016018301825e-06 1.218564853987488984e-04
3.994013440860214814e+02 8.270373240337034371e-06 1.216265109599757910e-04
3.995263440860214814e+02 8.240448198377623007e-06 1.213969010209640172e-04
3.996513440860214814e+02 8.210630508040150976e-06 1.211676551930385230e-04
3.997763440860214814e+02 8.180919788559078262e-06 1.209387730874614654e-04
3.999013440860214814e+02 8.151315660498711661e-06 1.207102543154322670e-04
4.000263440860214814e+02 8.121817745748596915e-06 1.204820984880912069e-04
4.001513440860214814e+02 8.092425667519093820e-06 1.202543052165176864e-04
4.002763440860214814e+02 8.063139050336792077e-06 1.200268741117344707e-04
4.004013440860214814e+02 8.033957520039991529e-06 1.197998047847045043e-04
4.005263440860214814e+02 8.004880703774294197e-06 1.195730968463370634e-04
4.006513440860214814e+02 7.975908229988091293e-06 1.193467499074848156e-04
4.007763440860214814e+02 7.947039728428114601e-06 1.191207635789477633e-04
4.009013440860214814e+02 7.918274830134955670e-06 1.188951374714715089e-04
4.010263440860214814e+02 7.889613167438730705e-06 1.186698711957512938e-04
4.011513440860214814e+02 7.861054373954611617e-06 1.184449643624315779e-04
4.012763440860214814e+02 7.832598084578397735e-06 1.182204165821069616e-04
4.014013440860214814e+02 7.804243935482221351e-06 1.179962274653235271e-04
4.015263440860214814e+02 7.775991564110126207e-06 1.177723966225801666e-04
4.016513440860214814e+02 7.747840609173727296e-06 1.175489236643305747e-04
4.017763440860214814e+02 7.719790710647838483e-06 1.173258082009822186e-04
4.019013440860214814e+02 7.691841509766225477e-06 1.171030498428999694e-04
4.020263440860214814e+02 7.663992649017241918e-06 1.168806482004047071e-04
4.021513440860214814e+02 7.636243772139521372e-06 1.166586028837770335e-04
4.022763440860214814e+02 7.608594524117745546e-06 1.164369135032561066e-04
4.024013440860214814e+02 7.581044551178358311e-06 1.162155796690416060e-04
4.025263440860214814e+02 7.553593500785307659e-06 1.159946009912961318e-04
4.026513440860214814e+02 7.526241021635779203e-06 1.157739770801440791e-04
4.027763440860214814e+02 7.498986763656041478e-06 1.155537075456750405e-04
4.029013440860214814e+02 7.471830377997194686e-06 1.153337919979425451e-04
4.030263440860214814e+02 7.444771517030937220e-06 1.151142300469677179e-04
4.031513440860214814e+02 7.417809834345471111e-06 1.148950213027381416e-04
4.032763440860214814e+02 7.390944984741266862e-06 1.146761653752110274e-04
4.034013440860214814e+02 7.364176624226946867e-06 1.144576618743126735e-04
4.035263440860214814e+02 7.337504410015082436e-06 1.142395104099402399e-04
4.036513440860214814e+02 7.310928000518158526e-06 1.140217105919629821e-04
4.037763440860214814e+02 7.284447055344411426e-06 1.138042620302238636e-04
4.039013440860214814e+02 7.258061235293689302e-06 1.135871643345402878e-04
4.040263440860214814e+02 7.231770202353458441e-06 1.133704171147041119e-04
4.041513440860214814e+02 7.205573619694660409e-06 1.131540199804851427e-04
4.042763440860214814e+02 7.179471151667691190e-06 1.129379725416296466e-04
4.044013440860214814e+02 7.153462463798302388e-06 1.127222744078646994e-04
4.045263440860214814e+02 7.127547222783649825e-06 1.125069251888946630e-04
4.046513440860214814e+02 7.101725096488226930e-06 1.122919244944080021e-04
4.047763440860214814e+02 7.075995753939829476e-06 1.120772719340735980e-04
4.049013440860214814e+02 7.050358865325643982e-06 1.118629671175453430e-04
4.050263440860214814e+02 7.024814101988207369e-06 1.116490096544604462e-04
4.051513440860214814e+02 6.999361136421475873e-06 1.114353991544429301e-04
4.052763440860214814e+02 6.973999642266822821e-06 1.112221352271037660e-04
4.054013440860214814e+02 6.948729294309166839e-06 1.110092174820417280e-04
4.055263440860214814e+02 6.923549768473023836e-06 1.107966455288446670e-04
4.056513440860214814e+02 6.898460741818541188e-06 1.105844189770911230e-04
4.057763440860214814e+02 6.873461892537683560e-06 1.103725374363517895e-04
4.059013440860214814e+02 6.848552899950289108e-06 1.101610005161891874e-04
4.060263440860214814e+02 6.823733444500234971e-06 1.099498078261608236e-04
4.061513440860214814e+02 6.799003207751502799e-06 1.097389589758181465e-04
4.062763440860214814e+02 6.774361872384434864e-06 1.095284535747098403e-04
4.064013440860214814e+02 6.749809122191823316e-06 1.093182912323815124e-04
4.065263440860214814e+02 6.725344642075128175e-06 1.091084715583767511e-04
4.066513440860214814e+02 6.700968118040618252e-06 1.088989941622400256e-04
4.067763440860214814e+02 6.676679237195636579e-06 1.086898586535155610e-04
4.069013440860214814e+02 6.652477687744795538e-06 1.084810646417506589e-04
4.070263440860214814e+02 6.628363158986157590e-06 1.082726117364946267e-04
4.071513440860214814e+02 6.604335341307552373e-06 1.080644995473021929e-04
4.072763440860214814e+02 6.580393926182783693e-06 1.078567276837325445e-04
4.074013440860214814e+02 6.556538606167921209e-06 1.076492957553525261e-04
4.075263440860214814e+02 6.532769074897523517e-06 1.074422033717361240e-04
4.076513440860214814e+02 6.509085027081008610e-06 1.072354501424661747e-04
4.077763440860214814e+02 6.485486158498926938e-06 1.070290356771356246e-04
4.079013440860214814e+02 6.461972165999220057e-06 1.068229595853491297e-04
4.080263440860214814e+02 6.438542747493646156e-06 1.066172214767238278e-04
4.081513440860214814e+02 6.415197601954055651e-06 1.064118209608896367e-04
4.082763440860214814e+02 6.391936429408772658e-06 1.062067576474921951e-04
4.084013440860214814e+02 6.368758930938917180e-06 1.060020311461918328e-04
4.085263440860214814e+02 6.345664808674841634e-06 1.057976410666676360e-04
4.086513440860214814e+02 6.322653765792500476e-06 1.055935870186144529e-04
4.087763440860214814e+02 6.299725506509800326e-06 1.053898686117486934e-04
4.089013440860214814e+02 6.276879736083093261e-06 1.051864854558059580e-04
4.090263440860214814e+02 6.254116160803554046e-06 1.049834371605443578e-04
4.091513440860214814e+02 6.231434487993638699e-06 1.047807233357439863e-04
4.092763440860214814e+02 6.208834426003484593e-06 1.045783435912094262e-04
4.094013440860214814e+02 6.186315684207451177e-06 1.043762975367704544e-04
4.095263440860214814e+02 6.163877973000541262e-06 1.041745847822828417e-04
4.096513440860214814e+02 6.141521003794869738e-06 1.039732049376294637e-04
4.097763440860214814e+02 6.119244489016214460e-06 1.037721576127219141e-04
4.099013440860214814e+02 6.097048142100489198e-06 1.035714424175020898e-04
4.100263440860214814e+02 6.074931677490276737e-06 1.033710589619419066e-04
4.101513440860214814e+02 6.052894810631321307e-06 1.031710068560461860e-04
4.102763440860214814e+02 6.030937257969137068e-06 1.029712857098517874e-04
4.104013440860214814e+02 6.009058736945531884e-06 1.027718951334310511e-04
4.105263440860214814e+02 5.987258965995135338e-06 1.025728347368909572e-04
4.106513440860214814e+02 5.965537664542047866e-06 1.023741041303748340e-04
4.107763440860214814e+02 5.943894552996379782e-06 1.021757029240648242e-04
4.109013440860214814e+02 5.922329352750883476e-06 1.019776307281807599e-04
4.110263440860214814e+02 5.900841786177511918e-06 1.017798871529837138e-04
4.111513440860214814e+02 5.879431576624108453e-06 1.015824718087745621e-04
4.112763440860214814e+02 5.858098448411017822e-06 1.013853843058978068e-04
4.114013440860214814e+02 5.836842126827691257e-06 1.011886242547402608e-04
4.115263440860214814e+02 5.815662338129409306e-06 1.009921912657347614e-04
4.116513440860214814e+02 5.794558809533910644e-06 1.007960849493576494e-04
4.117763440860214814e+02 5.773531269218092033e-06 1.006003049161343667e-04
4.119013440860214814e+02 5.752579446314650685e-06 1.004048507766368671e-04
4.120263440860214814e+02 5.731703070908864684e-06 1.002097221414871000e-04
4.121513440860214814e+02 5.710901874035251447e-06 1.000149186213571860e-04
4.122763440860214814e+02 5.690175587674283776e-06 9.982043982697000014e-05
4.124013440860214814e+02 5.669523944749173670e-06 9.962628536910201748e-05
4.125263440860214814e+02 5.648946679122576526e-06 9.943245485858213440e-05
4.126513440860214814e+02 5.628443525593376645e-06 9.923894790629566643e-05
4.127763440860214814e+02 5.608014219893407518e-06 9.904576412318167840e-05
4.129013440860214814e+02 5.587658498684292400e-06 9.885290312023845970e-05
4.130263440860214814e+02 5.567376099554194240e-06 9.866036450852092216e-05
4.131513440860214814e+02 5.547166761014641001e-06 9.846814789914458453e-05
4.132763440860214814e+02 5.527030222497284068e-06 9.827625290328424431e-05
4.134013440860214814e+02 5.506966224350792176e-06 9.808467913217705416e-05
4.135263440860214814e+02 5.486974507837647930e-06 9.789342619712279299e-05
4.136513440860214814e+02 5.467054815130962118e-06 9.770249370948488237e-05
4.137763440860214814e+02 5.447206889311387121e-06 9.751188128069130810e-05
4.139013440860214814e+02 5.427430474363943079e-06 9.732158852223644983e-05
4.140263440860214814e+02 5.407725315174908435e-06 9.713161504568230075e-05
4.141513440860214814e+02 5.388091157528667279e-06 9.694196046265833209e-05
4.142763440860214814e+02 5.368527748104669344e-06 9.675262438486432559e-05
4.144013440860214814e+02 5.349034834474298528e-06 9.656360642406957391e-05
4.145263440860214814e+02 5.329612165097765127e-06 9.637490619211607900e-05
4.146513440860214814e+02 5.310259489321090402e-06 9.618652330091782029e-05
4.147763440860214814e+02 5.290976557373006435e-06 9.599845736246246232e-05
4.149013440860214814e+02 5.271763120361918670e-06 9.581070798881361796e-05
4.150263440860214814e+02 5.252618930272831182e-06 9.562327479210989978e-05
4.151513440860214814e+02 5.233543739964367665e-06 9.543615738456817264e-05
4.152763440860214814e+02 5.214537303165722959e-06 9.524935537848240174e-05
4.154013440860214814e+02 5.195599374473623894e-06 9.506286838622706782e-05
4.155263440860214814e+02 5.176729709349386701e-06 9.487669602025625918e-05
4.156513440860214814e+02 5.157928064115881243e-06 9.469083789310673454e-05
4.157763440860214814e+02 5.139194195954574024e-06 9.450529361739614764e-05
4.159013440860214814e+02 5.120527862902519528e-06 9.432006280582781775e-05
4.160263440860214814e+02 5.101928823849455744e-06 9.413514507118868324e-05
4.161513440860214814e+02 5.083396838534820066e-06 9.395054002635233733e-05
4.162763440860214814e+02 5.064931667544786376e-06 9.376624728427955665e-05
4.164013440860214814e+02 5.046533072309390211e-06 9.358226645801850452e-05
4.165263440860214814e+02 5.028200815099559066e-06 9.339859716070742792e-05
4.166513440860214814e+02 5.009934659024237565e-06 9.321523900557418313e-05
4.167763440860214814e+02 4.991734368027430468e-06 9.303219160593909532e-05
4.169013440860214814e+02 4.973599706885382052e-06 9.284945457521326449e-05
4.170263440860214814e+02 4.955530441203654696e-06 9.266702752690317334e-05
4.171513440860214814e+02 4.937526337414233717e-06 9.248491007460872212e-05
4.172763440860214814e+02 4.919587162772722003e-06 9.230310183202663035e-05
4.174013440860214814e+02 4.901712685355445699e-06 9.212160241294936613e-05
4.175263440860214814e+02 4.883902674056631045e-06 9.194041143126801933e-05
4.176513440860214814e+02 4.866156898585537171e-06 9.175952850097269457e-05
4.177763440860214814e+02 4.848475129463681216e-06 9.157895323615318885e-05
4.179013440860214814e+02 4.830857138021999075e-06 9.139868525100033328e-05
4.180263440860214814e+02 4.813302696398015462e-06 9.121872415980719921e-05
4.181513440860214814e+02 4.795811577533097825e-06 9.103906957697065682e-05
4.182763440860214814e+02 4.778383555169634886e-06 9.085972111699109049e-05
4.184013440860214814e+02 4.761018403848284626e-06 9.068067839447517705e-05
4.185263440860214814e+02 4.743715898905157902e-06 9.050194102413504555e-05
4.186513440860214814e+02 4.726475816469130811e-06 9.032350862079116397e-05
4.187763440860214814e+02 4.709297933459052023e-06 9.014538079937220363e-05
4.189013440860214814e+02 4.692182027580989077e-06 8.996755717491597437e-05
4.190263440860214814e+02 4.675127877325545827e-06 8.979003736257195885e-05
4.191513440860214814e+02 4.658135261965108739e-06 8.961282097760047229e-05
4.192763440860214814e+02 4.641203961551149937e-06 8.943590763537533235e-05
4.194013440860214814e+02 4.624333756911491284e-06 8.925929695138343895e-05
4.195263440860214814e+02 4.607524429647663341e-06 8.908298854122720020e-05
4.196513440860214814e+02 4.590775762132188078e-06 8.890698202062439690e-05
4.197763440860214814e+02 4.574087537505915803e-06 8.873127700541067614e-05
4.199013440860214814e+02 4.557459539675329062e-06 8.855587311153792507e-05
4.200263440860214814e+02 4.540891553309932923e-06 8.838076995507900067e-05
4.201513440860214814e+02 4.524383363839591063e-06 8.820596715222541232e-05
4.202763440860214814e+02 4.507934757451848294e-06 8.803146431929057437e-05
4.204013440860214814e+02 4.491545521089354737e-06 8.785726107271000943e-05
4.205263440860214814e+02 4.475215442447218841e-06 8.768335702904172786e-05
4.206513440860214814e+02 4.458944309970401069e-06 8.750975180496874855e-05
4.207763440860214814e+02 4.442731912851082161e-06 8.733644501729886846e-05
4.209013440860214814e+02 4.426578041026118649e-06 8.716343628296584179e-05
4.210263440860214814e+02 4.410482485174429759e-06 8.699072521903100620e-05
4.211513440860214814e+02 4.394445036714397870e-06 8.681831144268423151e-05
4.212763440860214814e+02 4.378465487801346894e-06 8.664619457124413658e-05
4.214013440860214814e+02 4.362543631324949509e-06 8.647437422216031186e-05
4.215263440860214814e+02 4.346679260906697920e-06 8.630285001301276379e-05
4.216513440860214814e+02 4.330872170897317864e-06 8.613162156151466593e-05
4.217763440860214814e+02 4.315122156374295279e-06 8.596068848551222347e-05
4.219013440860214814e+02 4.299429013139323340e-06 8.579005040298605552e-05
4.220263440860214814e+02 4.283792537715751203e-06 8.561970693205171019e-05
4.221513440860214814e+02 4.268212527346142850e-06 8.544965769096134504e-05
4.222763440860214814e+02 4.252688779989728370e-06 8.527990229810486554e-05
4.224013440860214814e+02 4.237221094319939940e-06 8.511044037200987081e-05
4.225263440860214814e+02 4.221809269721889360e-06 8.494127153134391694e-05
4.226513440860214814e+02 4.206453106289947234e-06 8.477239539491427300e-05
4.227763440860214814e+02 4.191152404825250996e-06 8.460381158167025212e-05
4.229013440860214814e+02 4.175906966833224803e-06 8.443551971070296751e-05
4.230263440860214814e+02 4.160716594521173956e-06 8.426751940124647088e-05
4.231513440860214814e+02 4.145581090795818343e-06 8.409981027268013769e-05
4.232763440860214814e+02 4.130500259260870770e-06 8.393239194452759651e-05
4.234013440860214814e+02 4.115473904214582264e-06 8.376526403645960213e-05
4.235263440860214814e+02 4.100501830647377149e-06 8.359842616829322244e-05
4.236513440860214814e+02 4.085583844239413599e-06 8.343187795999464377e-05
4.237763440860214814e+02 4.070719751358172132e-06 8.326561903167838488e-05
4.239013440860214814e+02 4.055909359056095774e-06 8.309964900361004807e-05
4.240263440860214814e+02 4.041152475068191265e-06 8.293396749620489622e-05
4.241513440860214814e+02 4.026448907809655672e-06 8.276857413003176945e-05
4.242763440860214814e+02 4.011798466373489449e-06 8.260346852581155368e-05
4.244013440860214814e+02 3.997200960528174720e-06 8.243865030441957942e-05
4.245263440860214814e+02 3.982656200715308672e-06 8.227411908688629942e-05
4.246513440860214814e+02 3.968163998047228468e-06 8.210987449439743771e-05
4.247763440860214814e+02 3.953724164304731041e-06 8.194591614829626648e-05
4.249013440860214814e+02 3.939336511934710716e-06 8.178224367008348405e-05
4.250263440860214814e+02 3.925000854047853585e-06 8.161885668141838043e-05
4.251513440860214814e+02 3.910717004416299699e-06 8.145575480412008411e-05
4.252763440860214814e+02 3.896484777471381490e-06 8.129293766016887671e-05
4.254013440860214814e+02 3.882303988301307979e-06 8.113040487170585413e-05
4.255263440860214814e+02 3.868174452648853228e-06 8.096815606103540666e-05
4.256513440860214814e+02 3.854095986909121017e-06 8.080619085062450070e-05
4.257763440860214814e+02 3.840068408127243456e-06 8.064450886310526733e-05
4.259013440860214814e+02 3.826091533996125337e-06 8.048310972127513776e-05
4.260263440860214814e+02 3.812165182854169850e-06 8.032199304809737195e-05
4.261513440860214814e+02 3.798289173683063592e-06 8.016115846670245450e-05
4.262763440860214814e+02 3.784463326105507366e-06 8.000060560038902975e-05
4.264013440860214814e+02 3.770687460382996954e-06 7.984033407262527060e-05
4.265263440860214814e+02 3.756961397413572974e-06 7.968034350704852615e-05
4.266513440860214814e+02 3.743284958729636806e-06 7.952063352746777472e-05
4.267763440860214814e+02 3.729657966495725437e-06 7.936120375786308171e-05
4.269013440860214814e+02 3.716080243506280376e-06 7.920205382238759185e-05
4.270263440860214814e+02 3.702551613183498305e-06 7.904318334536853210e-05
4.271513440860214814e+02 3.689071899575112282e-06 7.888459195130615451e-05
4.272763440860214814e+02 3.675640927352225447e-06 7.872627926487769359e-05
4.274013440860214814e+02 3.662258521807108745e-06 7.856824491093576711e-05
4.275263440860214814e+02 3.648924508851075711e-06 7.841048851451078844e-05
4.276513440860214814e+02 3.635638715012304332e-06 7.825300970081066839e-05
4.277763440860214814e+02 3.622400967433663133e-06 7.809580809522294299e-05
4.279013440860214814e+02 3.609211093870609267e-06 7.793888332331457014e-05
4.280263440860214814e+02 3.596068922689022227e-06 7.778223501083394900e-05
4.281513440860214814e+02 3.582974282863092616e-06 7.762586278370991707e-05
4.282763440860214814e+02 3.569927003973166026e-06 7.746976626805493504e-05
4.284013440860214814e+02 3.556926916203672888e-06 7.731394509016484284e-05
4.285263440860214814e+02 3.543973850340998609e-06 7.715839887651914427e-05
4.286513440860214814e+02 3.531067637771365566e-06 7.700312725378332442e-05
4.287763440860214814e+02 3.518208110478771850e-06 7.684812984880821278e-05
4.289013440860214814e+02 3.505395101042891895e-06 7.669340628863217870e-05
4.290263440860214814e+02 3.492628442636993202e-06 7.653895620048106361e-05
4.291513440860214814e+02 3.479907969025852215e-06 7.638477921176918398e-05
4.292763440860214814e+02 3.467233514563721861e-06 7.623087495010061874e-05
4.294013440860214814e+02 3.454604914192255054e-06 7.607724304327015798e-05
4.295263440860214814e+02 3.442022003438433697e-06 7.592388311926319454e-05
4.296513440860214814e+02 3.429484618412564177e-06 7.577079480625767557e-05
4.297763440860214814e+02 3.416992595806214843e-06 7.561797773262459040e-05
4.299013440860214814e+02 3.404545772890196256e-06 7.546543152692818742e-05
4.300263440860214814e+02 3.392143987512516869e-06 7.531315581792827796e-05
4.301513440860214814e+02 3.379787078096400131e-06 7.516115023457874556e-05
4.302763440860214814e+02 3.367474883638260921e-06 7.500941440603125935e-05
4.304013440860214814e+02 3.355207243705678597e-06 7.485794796163370191e-05
4.305263440860214814e+02 3.342983998435445436e-06 7.470675053093264945e-05
4.306513440860214814e+02 3.330804988531547303e-06 7.455582174367297876e-05
4.307763440860214814e+02 3.318670055263195575e-06 7.440516122979969678e-05
4.309013440860214814e+02 3.306579040462830255e-06 7.425476861945783222e-05
4.310263440860214814e+02 3.294531786524184507e-06 7.410464354299411602e-05
4.311513440860214814e+02 3.282528136400305561e-06 7.395478563095776747e-05
4.312763440860214814e+02 3.270567933601581973e-06 7.380519451409970808e-05
4.314013440860214814e+02 3.258651022193832295e-06 7.365586982337608531e-05
4.315263440860214814e+02 3.246777246796339536e-06 7.350681118994671398e-05
4.316513440860214814e+02 3.234946452579922471e-06 7.335801824517748865e-05
4.317763440860214814e+02 3.223158485264993809e-06 7.320949062063992281e-05
4.319013440860214814e+02 3.211413191119664120e-06 7.306122794811314113e-05
4.320263440860214814e+02 3.199710416957813557e-06 7.291322985958359482e-05
4.321513440860214814e+02 3.188050010137164862e-06 7.276549598724710809e-05
4.322763440860214814e+02 3.176431818557417347e-06 7.261802596350771263e-05
4.324013440860214814e+02 3.164855690658326673e-06 7.247081942098077825e-05
4.325263440860214814e+02 3.153321475417824862e-06 7.232387599249253849e-05
4.326513440860214814e+02 3.141829022350122090e-06 7.217719531108055149e-05
4.327763440860214814e+02 3.130378181503855506e-06 7.203077700999561083e-05
4.329013440860214814e+02 3.118968803460203729e-06 7.188462072270135252e-05
4.330263440860214814e+02 3.107600739331030999e-06 7.173872608287608463e-05
4.331513440860214814e+02 3.096273840757008463e-06 7.159309272441281434e-05
4.332763440860214814e+02 3.084987959905798981e-06 7.144772028142007468e-05
4.334013440860214814e+02 3.073742949470193228e-06 7.130260838822314424e-05
4.335263440860214814e+02 3.062538662666257233e-06 7.115775667936484678e-05
4.336513440860214814e+02 3.051374953231532016e-06 7.101316478960553768e-05
4.337763440860214814e+02 3.040251675423189166e-06 7.086883235392475733e-05
4.339013440860214814e+02 3.029168684016218619e-06 7.072475900752169193e-05
4.340263440860214814e+02 3.018125834301597373e-06 7.058094438581540388e-05
4.341513440860214814e+02 3.007122982084513256e-06 7.043738812444691889e-05
4.342763440860214814e+02 2.996159983682549314e-06 7.029408985927776226e-05
4.344013440860214814e+02 2.985236695923873702e-06 7.015104922639342835e-05
4.345263440860214814e+02 2.974352976145481241e-06 7.000826586210188985e-05
4.346513440860214814e+02 2.963508682191393052e-06 6.986573940293586095e-05
4.347763440860214814e+02 2.952703672410890490e-06 6.972346948565226888e-05
4.349013440860214814e+02 2.941937805656722402e-06 6.958145574723430032e-05
4.350263440860214814e+02 2.931210941283374210e-06 6.943969782489088638e-05
4.351513440860214814e+02 2.920522939145297196e-06 6.929819535605834246e-05
4.352763440860214814e+02 2.909873659595133536e-06 6.915694797840114079e-05
4.354013440860214814e+02 2.899262963482012924e-06 6.901595532981112430e-05
4.355263440860214814e+02 2.888690712149781421e-06 6.887521704841065089e-05
4.356513440860214814e+02 2.878156767435284525e-06 6.873473277255127880e-05
4.357763440860214814e+02 2.867660991666616768e-06 6.859450214081589433e-05
4.359013440860214814e+02 2.857203247661431896e-06 6.845452479201808848e-05
4.360263440860214814e+02 2.846783398725211103e-06 6.831480036520439305e-05
4.361513440860214814e+02 2.836401308649534240e-06 6.817532849965344047e-05
4.362763440860214814e+02 2.826056841710413274e-06 6.803610883487830828e-05
4.364013440860214814e+02 2.815749862666567734e-06 6.789714101062516399e-05
4.365263440860214814e+02 2.805480236757745889e-06 6.775842466687611101e-05
4.366513440860214814e+02 2.795247829703015435e-06 6.761995944384889057e-05
4.367763440860214814e+02 2.785052507699114746e-06 6.748174498199711207e-05
4.369013440860214814e+02 2.774894137418762197e-06 6.734378092201204202e-05
4.370263440860214814e+02 2.764772586008972260e-06 6.720606690482222459e-05
4.371513440860214814e+02 2.754687721089419465e-06 6.706860257159520276e-05
4.372763440860214814e+02 2.744639410750764657e-06 6.693138756373732858e-05
4.374013440860214814e+02 2.734627523553010061e-06 6.679442152289472544e-05
4.375263440860214814e+02 2.724651928523833592e-06 6.665770409095415536e-05
4.376513440860214814e+02 2.714712495156979067e-06 6.652123491004394065e-05
4.377763440860214814e+02 2.704809093410604069e-06 6.638501362253378764e-05
4.379013440860214814e+02 2.694941593705636280e-06 6.624903987103626397e-05
4.380263440860214814e+02 2.685109866924180209e-06 6.611331329840730001e-05
4.381513440860214814e+02 2.675313784407879035e-06 6.597783354774632437e-05
4.382763440860214814e+02 2.665553217956311168e-06 6.584260026239802577e-05
4.384013440860214814e+02 2.655828039825362257e-06 6.570761308595121457e-05
4.385263440860214814e+02 2.646138122725654363e-06 6.557287166224183149e-05
4.386513440860214814e+02 2.636483339820936600e-06 6.543837563535156521e-05
4.387763440860214814e+02 2.626863564726475770e-06 6.530412464960987172e-05
4.389013440860214814e+02 2.617278671507505446e-06 6.517011834959358127e-05
4.390263440860214814e+02 2.607728534677621270e-06 6.503635638012856537e-05
4.391513440860214814e+02 2.598213029197221139e-06 6.490283838628942506e-05
4.392763440860214814e+02 2.588732030471914056e-06 6.476956401340104943e-05
4.394013440860214814e+02 2.579285414350987845e-06 6.463653290703823620e-05
4.395263440860214814e+02 2.569873057125829438e-06 6.450374471302715534e-05
4.396513440860214814e+02 2.560494835528382848e-06 6.437119907744598608e-05
4.397763440860214814e+02 2.551150626729583430e-06 6.423889564662479490e-05
4.399013440860214814e+02 2.541840308337843810e-06 6.410683406714717543e-05
4.400263440860214814e+02 2.532563758397503392e-06 6.397501398584981471e-05
4.401513440860214814e+02 2.523320855387279978e-06 6.384343504982418734e-05
4.402763440860214814e+02 2.514111478218776453e-06 6.371209690641620302e-05
4.404013440860214814e+02 2.504935506234938338e-06 6.358099920322791423e-05
4.405263440860214814e+02 2.495792819208547339e-06 6.345014158811643201e-05
4.406513440860214814e+02 2.486683297340692876e-06 6.331952370919652806e-05
4.407763440860214814e+02 2.477606821259296132e-06 6.318914521484024168e-05
4.409013440860214814e+02 2.468563272017593861e-06 6.305900575367711020e-05
4.410263440860214814e+02 2.459552531092629823e-06 6.292910497459575461e-05
4.411513440860214814e+02 2.450574480383795768e-06 6.279944252674356784e-05
4.412763440860214814e+02 2.441629002211323298e-06 6.267001805952804295e-05
4.414013440860214814e+02 2.432715979314818920e-06 6.254083122261689504e-05
4.415263440860214814e+02 2.423835294851768185e-06 6.241188166593864407e-05
4.416513440860214814e+02 2.414986832396095314e-06 6.228316903968350929e-05
4.417763440860214814e+02 2.406170475936683425e-06 6.215469299430415463e-05
4.419013440860214814e+02 2.397386109875904088e-06 6.202645318051547188e-05
4.420263440860214814e+02 2.388633619028190071e-06 6.189844924929608500e-05
4.421513440860214814e+02 2.379912888618565743e-06 6.177068085188847210e-05
4.422763440860214814e+02 2.371223804281215582e-06 6.164314763979931782e-05
4.424013440860214814e+02 2.362566252058023049e-06 6.151584926480099054e-05
4.425263440860214814e+02 2.353940118397169168e-06 6.138878537893045816e-05
4.426513440860214814e+02 2.345345290151683254e-06 6.126195563449198509e-05
4.427763440860214814e+02 2.336781654578010157e-06 6.113535968405588541e-05
4.429013440860214814e+02 2.328249099334614775e-06 6.100899718046035920e-05
4.430263440860214814e+02 2.319747512480552262e-06 6.088286777681099792e-05
4.431513440860214814e+02 2.311276782474065766e-06 6.075697112648243103e-05
4.432763440860214814e+02 2.302836798171164260e-06 6.063130688311768899e-05
4.434013440860214814e+02 2.294427448824249924e-06 6.050587470063010744e-05
4.435263440860214814e+02 2.286048624080708261e-06 6.038067423320241236e-05
4.436513440860214814e+02 2.277700213981507103e-06 6.025570513528838028e-05
4.437763440860214814e+02 2.269382108959837122e-06 6.013096706161323129e-05
4.439013440860214814e+02 2.261094199839710842e-06 6.000645966717352064e-05
4.440263440860214814e+02 2.252836377834599332e-06 5.988218260723856173e-05
4.441513440860214814e+02 2.244608534546042234e-06 5.975813553735010087e-05
4.442763440860214814e+02 2.236410561962307325e-06 5.963431811332372672e-05
4.444013440860214814e+02 2.228242352457015365e-06 5.951072999124847729e-05
4.445263440860214814e+02 2.220103798787772558e-06 5.938737082748858143e-05
4.446513440860214814e+02 2.211994794094841137e-06 5.926424027868208326e-05
4.447763440860214814e+02 2.203915231899776911e-06 5.914133800174358651e-05
4.449013440860214814e+02 2.195865006104095186e-06 5.901866365386347532e-05
4.450263440860214814e+02 2.187844010987912549e-06 5.889621689250836142e-05
4.451513440860214814e+02 2.179852141208643285e-06 5.877399737542243942e-05
4.452763440860214814e+02 2.171889291799653442e-06 5.865200476062694466e-05
4.454013440860214814e+02 2.163955358168926327e-06 5.853023870642171182e-05
4.455263440860214814e+02 2.156050236097768668e-06 5.840869887138499866e-05
4.456513440860214814e+02 2.148173821739474839e-06 5.828738491437387910e-05
4.457763440860214814e+02 2.140326011618027939e-06 5.816629649452540195e-05
4.459013440860214814e+02 2.132506702626777147e-06 5.804543327125680772e-05
4.460263440860214814e+02 2.124715792027159124e-06 5.792479490426560997e-05
4.461513440860214814e+02 2.116953177447384271e-06 5.780438105353070662e-05
4.462763440860214814e+02 2.109218756881154740e-06 5.768419137931271872e-05
4.464013440860214814e+02 2.101512428686357887e-06 5.756422554215394306e-05
4.465263440860214814e+02 2.093834091583808002e-06 5.744448320287991747e-05
4.466513440860214814e+02 2.086183644655952896e-06 5.732496402259826208e-05
4.467763440860214814e+02 2.078560987345590639e-06 5.720566766270111878e-05
4.469013440860214814e+02 2.070966019454621039e-06 5.708659378486416865e-05
4.470263440860214814e+02 2.063398641142762382e-06 5.696774205104787879e-05
4.471513440860214814e+02 2.055858752926299945e-06 5.684911212349739394e-05
4.472763440860214814e+02 2.048346255676813751e-06 5.673070366474371548e-05
4.474013440860214814e+02 2.040861050619945713e-06 5.661251633760336946e-05
4.475263440860214814e+02 2.033403039334142212e-06 5.649454980517976181e-05
4.476513440860214814e+02 2.025972123749397948e-06 5.637680373086257528e-05
4.477763440860214814e+02 2.018568206146038757e-06 5.625927777832917889e-05
4.479013440860214814e+02 2.011191189153469688e-06 5.614197161154480410e-05
4.480263440860214814e+02 2.003840975748953168e-06 5.602488489476268034e-05
4.481513440860214814e+02 1.996517469256365974e-06 5.590801729252500407e-05
4.482763440860214814e+02 1.989220573344998142e-06 5.579136846966281670e-05
4.484013440860214814e+02 1.981950192028323502e-06 5.567493809129709568e-05
4.485263440860214814e+02 1.974706229662777405e-06 5.555872582283841562e-05
4.486513440860214814e+02 1.967488590946564101e-06 5.544273132998860847e-05
4.487763440860214814e+02 1.960297180918437863e-06 5.532695427873929312e-05
4.489013440860214814e+02 1.953131904956508241e-06 5.521139433537443000e-05
4.490263440860214814e+02 1.945992668777030505e-06 5.509605116646949444e-05
4.491513440860214814e+02 1.938879378433229958e-06 5.498092443889199157e-05
4.492763440860214814e+02 1.931791940314105081e-06 5.486601381980239832e-05
4.494013440860214814e+02 1.924730261143229404e-06 5.475131897665404138e-05
4.495263440860214814e+02 1.917694247977593192e-06 5.463683957719399169e-05
4.496513440860214814e+02 1.910683808206411662e-06 5.452257528946317965e-05
4.497763440860214814e+02 1.903698849549959898e-06 5.440852578179665260e-05
4.499013440860214814e+02 1.896739280058388269e-06 5.429469072282448961e-05
4.500263440860214814e+02 1.889805008110581054e-06 5.418106978147209287e-05
4.501513440860214814e+02 1.882895942412984151e-06 5.406766262696010639e-05
4.502763440860214814e+02 1.876011991998436379e-06 5.395446892880554761e-05
4.504013440860214814e+02 1.869153066225041867e-06 5.384148835682177353e-05
4.505263440860214814e+02 1.862319074775002422e-06 5.372872058111871787e-05
4.506513440860214814e+02 1.855509927653483771e-06 5.361616527210412436e-05
4.507763440860214814e+02 1.848725535187458729e-06 5.350382210048246933e-05
4.509013440860214814e+02 1.841965808024592499e-06 5.339169073725715718e-05
4.510263440860214814e+02 1.835230657132098763e-06 5.327977085372944977e-05
4.511513440860214814e+02 1.828519993795601258e-06 5.316806212149981486e-05
4.512763440860214814e+02 1.821833729618027773e-06 5.305656421246758732e-05
4.514013440860214814e+02 1.815171776518478295e-06 5.294527679883201946e-05
4.515263440860214814e+02 1.808534046731111586e-06 5.283419955309202350e-05
4.516513440860214814e+02 1.801920452804021385e-06 5.272333214804730323e-05
4.517763440860214814e+02 1.795330907598144576e-06 5.261267425679777804e-05
4.519013440860214814e+02 1.788765324286146921e-06 5.250222555274475515e-05
4.520263440860214814e+02 1.782223616351311965e-06 5.239198570959123464e-05
4.521513440860214814e+02 1.775705697586461490e-06 5.228195440134169930e-05
4.522763440860214814e+02 1.769211482092849291e-06 5.217213130230325985e-05
4.524013440860214814e+02 1.762740884279078031e-06 5.206251608708522128e-05
4.525263440860214814e+02 1.756293818859999161e-06 5.195310843060028900e-05
4.526513440860214814e+02 1.749870200855647559e-06 5.184390800806428423e-05
4.527763440860214814e+02 1.743469945590155429e-06 5.173491449499654382e-05
4.529013440860214814e+02 1.737092968690677196e-06 5.162612756722065208e-05
4.530263440860214814e+02 1.730739186086308485e-06 5.151754690086467116e-05
4.531513440860214814e+02 1.724408514007038344e-06 5.140917217236142569e-05
4.532763440860214814e+02 1.718100868982673718e-06 5.130100305844857727e-05
4.534013440860214814e+02 1.711816167841770071e-06 5.119303923616964772e-05
4.535263440860214814e+02 1.705554327710596105e-06 5.108528038287353794e-05
4.536513440860214814e+02 1.699315266012063740e-06 5.097772617621563248e-05
4.537763440860214814e+02 1.693098900464690289e-06 5.087037629415776561e-05
4.539013440860214814e+02 1.686905149081535856e-06 5.076323041496822136e-05
4.540263440860214814e+02 1.680733930169183930e-06 5.065628821722279737e-05
4.541513440860214814e+02 1.674585162326690008e-06 5.054954937980481845e-05
4.542763440860214814e+02 1.668458764444541435e-06 5.044301358190517723e-05
4.544013440860214814e+02 1.662354655703640967e-06 5.033668050302312702e-05
4.545263440860214814e+02 1.656272755574270850e-06 5.023054982296639017e-05
4.546513440860214814e+02 1.650212983815070873e-06 5.012462122185125976e-05
4.547763440860214814e+02 1.644175260472009647e-06 5.001889438010367021e-05
4.549013440860214814e+02 1.638159505877383835e-06 4.991336897845813348e-05
4.550263440860214814e+02 1.632165640648795364e-06 4.980804469795971085e-05
4.551513440860214814e+02 1.626193585688135615e-06 4.970292121996313891e-05
4.552763440860214814e+02 1.620243262180592277e-06 4.959799822613373746e-05
4.554013440860214814e+02 1.614314591593639479e-06 4.949327539844724697e-05
4.555263440860214814e+02 1.608407495676042095e-06 4.938875241919077043e-05
4.556513440860214814e+02 1.602521896456848624e-06 4.928442897096233969e-05
4.557763440860214814e+02 1.596657716244415200e-06 4.918030473667197255e-05
4.559013440860214814e+02 1.590814877625410957e-06 4.907637939954113742e-05
4.560263440860214814e+02 1.584993303463821290e-06 4.897265264310372238e-05
4.561513440860214814e+02 1.579192916899985197e-06 4.886912415120631294e-05
4.562763440860214814e+02 1.573413641349602345e-06 4.876579360800789391e-05
4.564013440860214814e+02 1.567655400502767033e-06 4.866266069798091330e-05
4.565263440860214814e+02 1.561918118322982664e-06 4.855972510591077406e-05
4.566513440860214814e+02 1.556201719046212649e-06 4.845698651689693862e-05
4.567763440860214814e+02 1.550506127179904833e-06 4.835444461635257657e-05
4.569013440860214814e+02 1.544831267502021221e-06 4.825209909000493049e-05
4.570263440860214814e+02 1.539177065060099677e-06 4.814994962389595979e-05
4.571513440860214814e+02 1.533543445170283860e-06 4.804799590438232708e-05
4.572763440860214814e+02 1.527930333416380685e-06 4.794623761813581836e-05
4.574013440860214814e+02 1.522337655648898735e-06 4.784467445214335651e-05
4.575263440860214814e+02 1.516765337984119904e-06 4.774330609370760445e-05
4.576513440860214814e+02 1.511213306803151577e-06 4.764213223044690409e-05
4.577763440860214814e+02 1.505681488750977311e-06 4.754115255029594720e-05
4.579013440860214814e+02 1.500169810735540136e-06 4.744036674150566024e-05
4.580263440860214814e+02 1.494678199926798959e-06 4.733977449264343472e-05
4.581513440860214814e+02 1.489206583755805300e-06 4.723937549259373707e-05
4.582763440860214814e+02 1.483754889913768167e-06 4.713916943055832551e-05
4.584013440860214814e+02 1.478323046351146459e-06 4.703915599605602637e-05
4.585263440860214814e+02 1.472910981276723159e-06 4.693933487892358120e-05
4.586513440860214814e+02 1.467518623156681649e-06 4.683970576931561282e-05
4.587763440860214814e+02 1.462145900713708694e-06 4.674026835770464571e-05
4.589013440860214814e+02 1.456792742926074996e-06 4.664102233488208850e-05
4.590263440860214814e+02 1.451459079026733309e-06 4.654196739195717695e-05
4.591513440860214814e+02 1.446144838502406401e-06 4.644310322035883059e-05
4.592763440860214814e+02 1.440849951092702114e-06 4.634442951183456174e-05
4.594013440860214814e+02 1.435574346789206616e-06 4.624594595845158009e-05
4.595263440860214814e+02 1.430317955834595227e-06 4.614765225259633865e-05
4.596513440860214814e+02 1.425080708721733084e-06 4.604954808697540788e-05
4.597763440860214814e+02 1.419862536192801425e-06 4.595163315461510303e-05
4.599013440860214814e+02 1.414663369238408204e-06 4.585390714886232439e-05
4.600263440860214814e+02 1.409483139096695743e-06 4.575636976338413712e-05
4.601513440860214814e+02 1.404321777252481839e-06 4.565902069216837441e-05
4.602763440860214814e+02 1.399179215436371864e-06 4.556185962952402364e-05
4.604013440860214814e+02 1.394055385623892882e-06 4.546488627008097574e-05
4.605263440860214814e+02 1.388950220034615706e-06 4.536810030879066211e-05
4.606513440860214814e+02 1.383863651131300444e-06 4.527150144092584457e-05
4.607763440860214814e+02 1.378795611619032111e-06 4.517508936208140141e-05
4.609013440860214814e+02 1.373746034444347332e-06 4.507886376817399533e-05
4.610263440860214814e+02 1.368714852794396629e-06 4.498282435544235808e-05
4.611513440860214814e+02 1.363702000096078753e-06 4.488697082044780545e-05
4.612763440860214814e+02 1.358707410015195132e-06 4.479130286007427787e-05
4.614013440860214814e+02 1.353731016455592042e-06 4.469582017152852346e-05
4.615263440860214814e+02 1.348772753558331780e-06 4.460052245234011830e-05
4.616513440860214814e+02 1.343832555700841189e-06 4.450540940036210339e-05
4.617763440860214814e+02 1.338910357496067163e-06 4.441048071377061201e-05
4.619013440860214814e+02 1.334006093791653755e-06 4.431573609106578447e-05
4.620263440860214814e+02 1.329119699669101077e-06 4.422117523107086008e-05
4.621513440860214814e+02 1.324251110442938588e-06 4.412679783293370188e-05
4.622763440860214814e+02 1.319400261659888233e-06 4.403260359612591563e-05
4.624013440860214814e+02 1.314567089098055102e-06 4.393859222044370371e-05
4.625263440860214814e+02 1.309751528766097966e-06 4.384476340600753302e-05
4.626513440860214814e+02 1.304953516902404065e-06 4.375111685326268387e-05
4.627763440860214814e+02 1.300172989974287595e-06 4.365765226297939908e-05
4.629013440860214814e+02 1.295409884677166187e-06 4.356436933625268745e-05
4.630263440860214814e+02 1.290664137933757279e-06 4.347126777450319792e-05
4.631513440860214814e+02 1.285935686893260095e-06 4.337834727947626406e-05
4.632763440860214814e+02 1.281224468930566002e-06 4.328560755324345591e-05
4.634013440860214814e+02 1.276530421645449378e-06 4.319304829820166513e-05
4.635263440860214814e+02 1.271853482861761872e-06 4.310066921707391818e-05
4.636513440860214814e+02 1.267193590626651021e-06 4.300847001290900360e-05
4.637763440860214814e+02 1.262550683209756833e-06 4.291645038908218355e-05
4.639013440860214814e+02 1.257924699102426377e-06 4.282461004929486175e-05
4.640263440860214814e+02 1.253315577016916729e-06 4.273294869757518656e-05
4.641513440860214814e+02 1.248723255885624380e-06 4.264146603827763767e-05
4.642763440860214814e+02 1.244147674860295167e-06 4.255016177608373078e-05
4.644013440860214814e+02 1.239588773311238862e-06 4.245903561600203796e-05
4.645263440860214814e+02 1.235046490826565783e-06 4.236808726336803855e-05
4.646513440860214814e+02 1.230520767211403925e-06 4.227731642384465453e-05
4.647763440860214814e+02 1.226011542487131758e-06 4.218672280342203361e-05
4.649013440860214814e+02 1.221518756890600864e-06 4.209630610841807785e-05
4.650263440860214814e+02 1.217042350873383559e-06 4.200606604547828097e-05
4.651513440860214814e+02 1.212582265101003154e-06 4.191600232157580294e-05
4.652763440860214814e+02 1.208138440452166539e-06 4.182611464401192393e-05
4.654013440860214814e+02 1.203710818018020070e-06 4.173640272041604439e-05
4.655263440860214814e+02 1.199299339101383845e-06 4.164686625874582728e-05
4.656513440860214814e+02 1.194903945216005686e-06 4.155750496728708289e-05
4.657763440860214814e+02 1.190524578085801558e-06 4.146831855465434486e-05
4.659013440860214814e+02 1.186161179644121828e-06 4.137930672979051776e-05
4.660263440860214814e+02 1.181813692032996134e-06 4.129046920196762253e-05
4.661513440860214814e+02 1.177482057602398162e-06 4.120180568078587487e-05
4.662763440860214814e+02 1.173166218909495176e-06 4.111331587617512859e-05
4.664013440860214814e+02 1.168866118717926343e-06 4.102499949839393374e-05
4.665263440860214814e+02 1.164581699997060097e-06 4.093685625803028196e-05
4.666513440860214814e+02 1.160312905921257433e-06 4.084888586600128125e-05
4.667763440860214814e+02 1.156059679869154262e-06 4.076108803355359638e-05
4.669013440860214814e+02 1.151821965422927026e-06 4.067346247226350317e-05
4.670263440860214814e+02 1.147599706367573360e-06 4.058600889403668515e-05
4.671513440860214814e+02 1.143392846690180680e-06 4.049872701110898574e-05
4.672763440860214814e+02 1.139201330579221449e-06 4.041161653604549345e-05
4.674013440860214814e+02 1.135025102423829386e-06 4.032467718174183617e-05
4.675263440860214814e+02 1.130864106813079918e-06 4.023790866142339508e-05
4.676513440860214814e+02 1.126718288535290733e-06 4.015131068864592133e-05
4.677763440860214814e+02 1.122587592577304354e-06 4.006488297729519042e-05
4.679013440860214814e+02 1.118471964123786573e-06 3.997862524158759178e-05
4.680263440860214814e+02 1.114371348556513893e-06 3.989253719606968148e-05
4.681513440860214814e+02 1.110285691453684463e-06 3.980661855561888699e-05
4.682763440860214814e+02 1.106214938589211652e-06 3.972086903544288377e-05
4.684013440860214814e+02 1.102159035932023556e-06 3.963528835108026611e-05
4.685263440860214814e+02 1.098117929645379437e-06 3.954987621840051325e-05
4.686513440860214814e+02 1.094091566086171138e-06 3.946463235360379965e-05
4.687763440860214814e+02 1.090079891804235502e-06 3.937955647322141509e-05
4.689013440860214814e+02 1.086082853541662768e-06 3.929464829411554789e-05
4.690263440860214814e+02 1.082100398232121487e-06 3.920990753347971175e-05
4.691513440860214814e+02 1.078132473000171158e-06 3.912533390883849506e-05
4.692763440860214814e+02 1.074179025160577817e-06 3.904092713804762868e-05
4.694013440860214814e+02 1.070240002217647221e-06 3.895668693929433825e-05
4.695263440860214814e+02 1.066315351864542553e-06 3.887261303109728326e-05
4.696513440860214814e+02 1.062405021982615909e-06 3.878870513230666544e-05
4.697763440860214814e+02 1.058508960640730456e-06 3.870496296210402550e-05
4.699013440860214814e+02 1.054627116094603768e-06 3.862138624000272419e-05
4.700263440860214814e+02 1.050759436786137617e-06 3.853797468584765098e-05
4.701513440860214814e+02 1.046905871342747117e-06 3.845472801981570515e-05
4.702763440860214814e+02 1.043066368576714230e-06 3.837164596241507072e-05
4.704013440860214814e+02 1.039240877484519454e-06 3.828872823448632777e-05
4.705263440860214814e+02 1.035429347246189612e-06 3.820597455720162574e-05
4.706513440860214814e+02 1.031631727224638218e-06 3.812338465206536103e-05
4.707763440860214814e+02 1.027847966965022800e-06 3.804095824091365528e-05
4.709013440860214814e+02 1.024078016194092040e-06 3.795869504591494484e-05
4.710263440860214814e+02 1.020321824819532083e-06 3.787659478956975721e-05
4.711513440860214814e+02 1.016579342929333590e-06 3.779465719471071777e-05
4.712763440860214814e+02 1.012850520791141002e-06 3.771288198450257014e-05
4.714013440860214814e+02 1.009135308851617270e-06 3.763126888244242013e-05
4.715263440860214814e+02 1.005433657735797565e-06 3.754981761235984413e-05
4.716513440860214814e+02 1.001745518246465016e-06 3.746852789841644866e-05
4.717763440860214814e+02 9.980708413635120473e-07 3.738739946510651415e-05
4.719013440860214814e+02 9.944095782433031994e-07 3.730643203725647990e-05
4.720263440860214814e+02 9.907616802180567922e-07 3.722562534002547266e-05
4.721513440860214814e+02 9.871270987952124050e-07 3.714497909890491356e-05
4.722763440860214814e+02 9.835057856568074593e-07 3.706449303971897220e-05
4.724013440860214814e+02 9.798976926588499917e-07 3.698416688862404480e-05
4.725263440860214814e+02 9.763027718307079428e-07 3.690400037210928957e-05
4.726513440860214814e+02 9.727209753744836230e-07 3.682399321699656570e-05
4.727763440860214814e+02 9.691522556644036378e-07 3.674414515044016231e-05
4.729013440860214814e+02 9.655965652461942001e-07 3.666445589992721184e-05
4.730263440860214814e+02 9.620538568364854552e-07 3.658492519327732407e-05
4.731513440860214814e+02 9.585240833221908165e-07 3.650555275864300630e-05
4.732763440860214814e+02 9.550071977599002790e-07 3.642633832450937873e-05
4.734013440860214814e+02 9.515031533752811430e-07 3.634728161969418800e-05
4.735263440860214814e+02 9.480119035624713265e-07 3.626838237334801049e-05
4.736513440860214814e+02 9.445334018834805138e-07 3.618964031495427265e-05
4.737763440860214814e+02 9.410676020675844201e-07 3.611105517432913579e-05
4.739013440860214814e+02 9.376144580107390687e-07 3.603262668162138770e-05
4.740263440860214814e+02 9.341739237749810919e-07 3.595435456731282882e-05
4.741513440860214814e+02 9.307459535878296191e-07 3.587623856221783866e-05
4.742763440860214814e+02 9.273305018417066953e-07 3.579827839748390424e-05
4.744013440860214814e+02 9.239275230933424518e-07 3.572047380459079349e-05
4.745263440860214814e+02 9.205369720631918182e-07 3.564282451535161228e-05
4.746513440860214814e+02 9.171588036348430817e-07 3.556533026191196416e-05
4.747763440860214814e+02 9.137929728544478338e-07 3.548799077675039764e-05
4.749013440860214814e+02 9.104394349301336590e-07 3.541080579267825030e-05
4.750263440860214814e+02 9.070981452314227525e-07 3.533377504283954717e-05
4.751513440860214814e+02 9.037690592886651492e-07 3.525689826071129885e-05
4.752763440860214814e+02 9.004521327924592475e-07 3.518017518010313564e-05
4.754013440860214814e+02 8.971473215930812262e-07 3.510360553515744301e-05
4.755263440860214814e+02 8.938545816999105452e-07 3.502718906034940909e-05
4.756513440860214814e+02 8.905738692808712209e-07 3.495092549048713304e-05
4.757763440860214814e+02 8.873051406618608198e-07 3.487481456071119820e-05
4.759013440860214814e+02 8.840483523261819945e-07 3.479885600649512602e-05
4.760263440860214814e+02 8.808034609139898994e-07 3.472304956364496959e-05
4.761513440860214814e+02 8.775704232217271149e-07 3.464739496829957781e-05
4.762763440860214814e+02 8.743491962015672519e-07 3.457189195693048705e-05
4.764013440860214814e+02 8.711397369608533693e-07 3.449654026634183977e-05
4.765263440860214814e+02 8.679420027615535434e-07 3.442133963367026938e-05
4.766513440860214814e+02 8.647559510197044733e-07 3.434628979638514414e-05
4.767763440860214814e+02 8.615815393048556154e-07 3.427139049228843169e-05
4.769013440860214814e+02 8.584187253395312118e-07 3.419664145951453635e-05
4.770263440860214814e+02 8.552674669986779186e-07 3.412204243653050922e-05
4.771513440860214814e+02 8.521277223091228109e-07 3.404759316213572294e-05
4.772763440860214814e+02 8.489994494490255643e-07 3.397329337546216304e-05
4.774013440860214814e+02 8.458826067473472593e-07 3.389914281597415690e-05
4.775263440860214814e+02 8.427771526833062684e-07 3.382514122346828563e-05
4.776513440860214814e+02 8.396830458858379552e-07 3.375128833807368906e-05
4.777763440860214814e+02 8.366002451330686666e-07 3.367758390025165234e-05
4.779013440860214814e+02 8.335287093517774437e-07 3.360402765079591089e-05
4.780263440860214814e+02 8.304683976168663084e-07 3.353061933083218283e-05
4.781513440860214814e+02 8.274192691508270562e-07 3.345735868181859592e-05
4.782763440860214814e+02 8.243812833232217073e-07 3.338424544554521991e-05
4.784013440860214814e+02 8.213543996501534286e-07 3.331127936413452067e-05
4.785263440860214814e+02 8.183385777937379856e-07 3.323846018004049271e-05
4.786513440860214814e+02 8.153337775615908632e-07 3.316578763604963507e-05
4.787763440860214814e+02 8.123399589063018940e-07 3.309326147528010418e-05
4.789013440860214814e+02 8.093570819249196271e-07 3.302088144118208666e-05
4.790263440860214814e+02 8.063851068584307200e-07 3.294864727753761628e-05
4.791513440860214814e+02 8.034239940912515076e-07 3.287655872846036392e-05
4.792763440860214814e+02 8.004737041507124763e-07 3.280461553839596965e-05
4.794013440860214814e+02 7.975341977065494093e-07 3.273281745212158864e-05
4.795263440860214814e+02 7.946054355703874374e-07 3.266116421474591833e-05
4.796513440860214814e+02 7.916873786952444663e-07 3.258965557170934071e-05
4.797763440860214814e+02 7.887799881750197800e-07 3.251829126878380034e-05
4.799013440860214814e+02 7.858832252439879389e-07 3.244707105207248588e-05
4.800263440860214814e+02 7.829970512763037949e-07 3.237599466801014856e-05
4.801513440860214814e+02 7.801214277854977657e-07 3.230506186336268206e-05
4.802763440860214814e+02 7.772563164239800024e-07 3.223427238522731225e-05
4.804013440860214814e+02 7.744016789825388411e-07 3.216362598103256329e-05
4.805263440860214814e+02 7.715574773898534402e-07 3.209312239853761390e-05
4.806513440860214814e+02 7.687236737119977374e-07 3.202276138583316474e-05
4.807763440860214814e+02 7.659002301519438767e-07 3.195254269134055746e-05
4.809013440860214814e+02 7.630871090490818345e-07 3.188246606381221515e-05
4.810263440860214814e+02 7.602842728787258111e-07 3.181253125233120873e-05
4.811513440860214814e+02 7.574916842516306811e-07 3.174273800631152113e-05
4.812763440860214814e+02 7.547093059135024083e-07 3.167308607549755269e-05
4.814013440860214814e+02 7.519371007445237071e-07 3.160357520996452094e-05
4.815263440860214814e+02 7.491750317588687983e-07 3.153420516011802013e-05
4.816513440860214814e+02 7.464230621042196480e-07 3.146497567669391960e-05
4.817763440860214814e+02 7.436811550612977697e-07 3.139588651075868228e-05
4.819013440860214814e+02 7.409492740433812037e-07 3.132693741370883608e-05
4.820263440860214814e+02 7.382273825958350494e-07 3.125812813727117727e-05
4.821513440860214814e+02 7.355154443956317269e-07 3.118945843350243836e-05
4.822763440860214814e+02 7.328134232508895556e-07 3.112092805478951853e-05
4.824013440860214814e+02 7.301212831003985219e-07 3.105253675384902286e-05
4.825263440860214814e+02 7.274389880131494347e-07 3.098428428372758755e-05
4.826513440860214814e+02 7.247665021878758922e-07 3.091617039780120911e-05
4.827763440860214814e+02 7.221037899525847082e-07 3.084819484977583385e-05
4.829013440860214814e+02 7.194508157640957612e-07 3.078035739368676840e-05
4.830263440860214814e+02 7.168075442075760206e-07 3.071265778389880842e-05
4.831513440860214814e+02 7.141739399960883958e-07 3.064509577510608952e-05
4.832763440860214814e+02 7.115499679701295737e-07 3.057767112233187722e-05
4.834013440860214814e+02 7.089355930971703976e-07 3.051038358092871941e-05
4.835263440860214814e+02 7.063307804712085277e-07 3.044323290657811090e-05
4.836513440860214814e+02 7.037354953123119966e-07 3.037621885529038165e-05
4.837763440860214814e+02 7.011497029661683756e-07 3.030934118340478822e-05
4.839013440860214814e+02 6.985733689036320357e-07 3.024259964758939519e-05
4.840263440860214814e+02 6.960064587202821025e-07 3.017599400484068895e-05
4.841513440860214814e+02 6.934489381359736345e-07 3.010952401248382157e-05
4.842763440860214814e+02 6.909007729943875308e-07 3.004318942817222463e-05
4.844013440860214814e+02 6.883619292625958976e-07 2.997699000988770065e-05
4.845263440860214814e+02 6.858323730306143909e-07 2.991092551594033163e-05
4.846513440860214814e+02 6.833120705109651480e-07 2.984499570496787596e-05
4.847763440860214814e+02 6.808009880382330478e-07 2.977920033593646978e-05
4.849013440860214814e+02 6.782990920686359473e-07 2.971353916813984427e-05
4.850263440860214814e+02 6.758063491795852838e-07 2.964801196119958661e-05
4.851513440860214814e+02 6.733227260692487936e-07 2.958261847506476043e-05
4.852763440860214814e+02 6.708481895561247724e-07 2.951735847001206851e-05
4.854013440860214814e+02 6.683827065786075470e-07 2.945223170664540890e-05
4.855263440860214814e+02 6.659262441945589832e-07 2.938723794589608498e-05
4.856513440860214814e+02 6.634787695808762865e-07 2.932237694902245989e-05
4.857763440860214814e+02 6.610402500330732507e-07 2.925764847760977693e-05
4.859013440860214814e+02 6.586106529648504942e-07 2.919305229357037983e-05
4.860263440860214814e+02 6.561899459076741673e-07 2.912858815914316383e-05
4.861513440860214814e+02 6.537780965103495768e-07 2.906425583689387050e-05
4.862763440860214814e+02 6.513750725386077280e-07 2.900005508971449135e-05
4.864013440860214814e+02 6.489808418746833967e-07 2.893598568082359995e-05
4.865263440860214814e+02 6.465953725168934123e-07 2.887204737376585382e-05
4.866513440860214814e+02 6.442186325792289175e-07 2.880823993241225195e-05
4.867763440860214814e+02 6.418505902909344989e-07 2.874456312095935553e-05
4.869013440860214814e+02 6.394912139960997052e-07 2.868101670392998251e-05
4.870263440860214814e+02 6.371404721532412482e-07 2.861760044617242494e-05
4.871513440860214814e+02 6.347983333349005563e-07 2.855431411286066921e-05
4.872763440860214814e+02 6.324647662272316931e-07 2.849115746949414530e-05
4.874013440860214814e+02 6.301397396295907581e-07 2.842813028189744223e-05
4.875263440860214814e+02 6.278232224541366164e-07 2.836523231622051469e-05
4.876513440860214814e+02 6.255151837254228407e-07 2.830246333893820531e-05
4.877763440860214814e+02 6.232155925799963237e-07 2.823982311685018371e-05
4.879013440860214814e+02 6.209244182659922902e-07 2.817731141708096343e-05
4.880263440860214814e+02 6.186416301427400033e-07 2.811492800707968506e-05
4.881513440860214814e+02 6.163671976803618006e-07 2.805267265461983844e-05
4.882763440860214814e+02 6.141010904593715999e-07 2.799054512779932026e-05
4.884013440860214814e+02 6.118432781702868527e-07 2.792854519504008845e-05
4.885263440860214814e+02 6.095937306132289565e-07 2.786667262508818932e-05
4.886513440860214814e+02 6.073524176975333015e-07 2.780492718701362199e-05
4.887763440860214814e+02 6.051193094413519067e-07 2.774330865020977599e-05
4.889013440860214814e+02 6.028943759712717255e-07 2.768181678439395982e-05
4.890263440860214814e+02 6.006775875219207756e-07 2.762045135960668600e-05
4.891513440860214814e+02 5.984689144355793505e-07 2.755921214621185749e-05
4.892763440860214814e+02 5.962683271617984314e-07 2.749809891489636782e-05
4.894013440860214814e+02 5.940757962570121696e-07 2.743711143667019263e-05
4.895263440860214814e+02 5.918912923841561923e-07 2.737624948286594578e-05
4.896513440860214814e+02 5.897147863122814615e-07 2.731551282513905557e-05
4.897763440860214814e+02 5.875462489161803086e-07 2.725490123546734457e-05
4.899013440860214814e+02 5.853856511760032584e-07 2.719441448615082636e-05
4.900263440860214814e+02 5.832329641768791345e-07 2.713405234981195287e-05
4.901513440860214814e+02 5.810881591085436354e-07 2.707381459939493335e-05
4.902763440860214814e+02 5.789512072649608167e-07 2.701370100816600540e-05
4.904013440860214814e+02 5.768220800439509258e-07 2.695371134971294715e-05
4.905263440860214814e+02 5.747007489468132610e-07 2.689384539794514493e-05
4.906513440860214814e+02 5.725871855779621584e-07 2.683410292709322741e-05
4.907763440860214814e+02 5.704813616445530274e-07 2.677448371170925196e-05
4.909013440860214814e+02 5.683832489561114558e-07 2.671498752666585079e-05
4.910263440860214814e+02 5.662928194241711035e-07 2.665561414715695264e-05
4.911513440860214814e+02 5.642100450619042901e-07 2.659636334869689851e-05
4.912763440860214814e+02 5.621348979837595706e-07 2.653723490712064492e-05
4.914013440860214814e+02 5.600673504050934879e-07 2.647822859858352671e-05
4.915263440860214814e+02 5.580073746418149250e-07 2.641934419956089799e-05
4.916513440860214814e+02 5.559549431100216217e-07 2.636058148684829465e-05
4.917763440860214814e+02 5.539100283256367978e-07 2.630194023756096352e-05
4.919013440860214814e+02 5.518726029040575281e-07 2.624342022913374371e-05
4.920263440860214814e+02 5.498426395597940127e-07 2.618502123932101922e-05
4.921513440860214814e+02 5.478201111061143523e-07 2.612674304619654273e-05
4.922763440860214814e+02 5.458049904546880533e-07 2.606858542815304597e-05
4.924013440860214814e+02 5.437972506152372618e-07 2.601054816390234139e-05
4.925263440860214814e+02 5.417968646951818573e-07 2.595263103247484439e-05
4.926513440860214814e+02 5.398038058992899450e-07 2.589483381321968177e-05
4.927763440860214814e+02 5.378180475293248554e-07 2.583715628580444441e-05
4.929013440860214814e+02 5.358395629837029427e-07 2.577959823021459769e-05
4.930263440860214814e+02 5.338683257571434427e-07 2.572215942675405072e-05
4.931513440860214814e+02 5.319043094403193892e-07 2.566483965604429238e-05
4.932763440860214814e+02 5.299474877195198600e-07 2.560763869902465219e-05
4.934013440860214814e+02 5.279978343763020573e-07 2.555055633695180902e-05
4.935263440860214814e+02 5.260553232871514367e-07 2.549359235139984873e-05
4.936513440860214814e+02 5.241199284231369642e-07 2.543674652425985416e-05
4.937763440860214814e+02 5.221916238495770676e-07 2.538001863774001017e-05
4.939013440860214814e+02 5.202703837256984942e-07 2.532340847436489217e-05
4.940263440860214814e+02 5.183561823042961211e-07 2.526691581697595735e-05
4.941513440860214814e+02 5.164489939314028242e-07 2.521054044873090436e-05
4.942763440860214814e+02 5.145487930459503471e-07 2.515428215310349370e-05
4.944013440860214814e+02 5.126555541794380056e-07 2.509814071388361554e-05
4.945263440860214814e+02 5.107692519555962037e-07 2.504211591517676449e-05
4.946513440860214814e+02 5.088898610900608556e-07 2.498620754140416165e-05
4.947763440860214814e+02 5.070173563900402897e-07 2.493041537730227681e-05
4.949013440860214814e+02 5.051517127539837411e-07 2.487473920792296740e-05
4.950263440860214814e+02 5.032929051712589497e-07 2.481917881863275006e-05
4.951513440860214814e+02 5.014409087218220294e-07 2.476373399511325459e-05
4.952763440860214814e+02 4.995956985758936894e-07 2.470840452336052606e-05
4.954013440860214814e+02 4.977572499936314324e-07 2.465319018968508576e-05
4.955263440860214814e+02 4.959255383248114942e-07 2.459809078071165339e-05
4.956513440860214814e+02 4.941005390085047472e-07 2.454310608337885905e-05
4.957763440860214814e+02 4.922822275727527106e-07 2.448823588493921952e-05
4.959013440860214814e+02 4.904705796342533010e-07 2.443347997295881304e-05
4.960263440860214814e+02 4.886655708980386426e-07 2.437883813531702178e-05
4.961513440860214814e+02 4.868671771571596526e-07 2.432431016020647762e-05
4.962763440860214814e+02 4.850753742923658635e-07 2.426989583613285210e-05
4.964013440860214814e+02 4.832901382717958323e-07 2.421559495191446680e-05
4.965263440860214814e+02 4.815114451506599264e-07 2.416140729668231026e-05
4.966513440860214814e+02 4.797392710709256510e-07 2.410733265987964158e-05
4.967763440860214814e+02 4.779735922610100707e-07 2.405337083126192602e-05
4.969013440860214814e+02 4.762143850354660889e-07 2.399952160089666563e-05
4.970263440860214814e+02 4.744616257946748166e-07 2.394578475916277582e-05
4.971513440860214814e+02 4.727152910245328054e-07 2.389216009675101563e-05
4.972763440860214814e+02 4.709753572961506622e-07 2.383864740466328644e-05
4.974013440860214814e+02 4.692418012655437769e-07 2.378524647421267934e-05
4.975263440860214814e+02 4.675145996733240548e-07 2.373195709702307876e-05
4.976513440860214814e+02 4.657937293444018144e-07 2.367877906502912857e-05
4.977763440860214814e+02 4.640791671876784728e-07 2.362571217047583231e-05
4.979013440860214814e+02 4.623708901957468553e-07 2.357275620591859719e-05
4.980263440860214814e+02 4.606688754445864749e-07 2.351991096422257005e-05
4.981513440860214814e+02 4.589731000932688710e-07 2.346717623856295245e-05
4.982763440860214814e+02 4.572835413836566480e-07 2.341455182242450599e-05
4.984013440860214814e+02 4.556001766401024606e-07 2.336203750960128128e-05
4.985263440860214814e+02 4.539229832691581115e-07 2.330963309419655015e-05
4.986513440860214814e+02 4.522519387592756013e-07 2.325733837062244993e-05
4.987763440860214814e+02 4.505870206805133139e-07 2.320515313359994614e-05
4.989013440860214814e+02 4.489282066842406671e-07 2.315307717815836159e-05
4.990263440860214814e+02 4.472754745028493797e-07 2.310111029963548814e-05
4.991513440860214814e+02 4.456288019494591812e-07 2.304925229367684134e-05
4.992763440860214814e+02 4.439881669176291845e-07 2.299750295623609409e-05
4.994013440860214814e+02 4.423535473810652366e-07 2.294586208357432452e-05
4.995263440860214814e+02 4.407249213933365330e-07 2.289432947226009384e-05
4.996513440860214814e+02 4.391022670875856676e-07 2.284290491916909406e-05
4.997763440860214814e+02 4.374855626762399535e-07 2.279158822148388703e-05
4.999013440860214814e+02 4.358747864507315314e-07 2.274037917669381978e-05
5.000263440860214814e+02 4.342699167812091136e-07 2.268927758259469248e-05
5.001513440860214814e+02 4.326709321162571928e-07 2.263828323728844672e-05
5.002763440860214814e+02 4.310778109826098509e-07 2.258739593918313840e-05
5.004013440860214814e+02 4.294905319848751553e-07 2.253661548699265654e-05
5.005263440860214814e+02 4.279090738052516679e-07 2.248594167973634039e-05
5.006513440860214814e+02 4.263334152032477593e-07 2.243537431673895574e-05
5.007763440860214814e+02 4.247635350154074880e-07 2.238491319763026460e-05
5.009013440860214814e+02 4.231994121550306029e-07 2.233455812234499136e-05
5.010263440860214814e+02 4.216410256118977871e-07 2.228430889112250764e-05
5.011513440860214814e+02 4.200883544519917722e-07 2.223416530450637833e-05
5.012763440860214814e+02 4.185413778172291466e-07 2.218412716334457500e-05
5.014013440860214814e+02 4.170000749251828462e-07 2.213419426878886269e-05
5.015263440860214814e+02 4.154644250688090923e-07 2.208436642229480326e-05
5.016513440860214814e+02 4.139344076161799409e-07 2.203464342562129802e-05
5.017763440860214814e+02 4.124100020102096908e-07 2.198502508083059111e-05
5.019013440860214814e+02 4.108911877683876982e-07 2.193551119028780191e-05
5.020263440860214814e+02 4.093779444825063198e-07 2.188610155666098948e-05
5.021513440860214814e+02 4.078702518183978034e-07 2.183679598292039014e-05
5.022763440860214814e+02 4.063680895156660961e-07 2.178759427233880382e-05
5.024013440860214814e+02 4.048714373874186523e-07 2.173849622849100783e-05
5.025263440860214814e+02 4.033802753200061304e-07 2.168950165525345873e-05
5.026513440860214814e+02 4.018945832727558944e-07 2.164061035680432283e-05
5.027763440860214814e+02 4.004143412777110751e-07 2.159182213762291718e-05
5.029013440860214814e+02 3.989395294393649196e-07 2.154313680248976708e-05
5.030263440860214814e+02 3.974701279344051459e-07 2.149455415648616910e-05
5.031513440860214814e+02 3.960061170114513098e-07 2.144607400499392677e-05
5.032763440860214814e+02 3.945474769907939189e-07 2.139769615369525231e-05
5.034013440860214814e+02 3.930941882641404282e-07 2.134942040857250577e-05
5.035263440860214814e+02 3.916462312943549898e-07 2.130124657590779183e-05
5.036513440860214814e+02 3.902035866152041837e-07 2.125317446228290898e-05
5.037763440860214814e+02 3.887662348310982495e-07 2.120520387457897342e-05
5.039013440860214814e+02 3.873341566168413175e-07 2.115733461997619888e-05
5.040263440860214814e+02 3.859073327173753931e-07 2.110956650595370343e-05
5.041513440860214814e+02 3.844857439475257171e-07 2.106189934028922833e-05
5.042763440860214814e+02 3.830693711917533267e-07 2.101433293105877206e-05
5.044013440860214814e+02 3.816581954039015808e-07 2.096686708663654969e-05
5.045263440860214814e+02 3.802521976069471320e-07 2.091950161569468796e-05
5.046513440860214814e+02 3.788513588927484640e-07 2.087223632720284236e-05
5.047763440860214814e+02 3.774556604218017342e-07 2.082507103042809896e-05
5.049013440860214814e+02 3.760650834229915873e-07 2.077800553493460844e-05
5.050263440860214814e+02 3.746796091933425512e-07 2.073103965058344716e-05
5.051513440860214814e+02 3.732992190977776322e-07 2.068417318753235971e-05
5.052763440860214814e+02 3.719238945688709818e-07 2.063740595623521340e-05
5.054013440860214814e+02 3.705536171066055395e-07 2.059073776744224559e-05
5.055263440860214814e+02 3.691883682781272338e-07 2.054416843219940639e-05
5.056513440860214814e+02 3.678281297175072313e-07 2.049769776184834171e-05
5.057763440860214814e+02 3.664728831254982025e-07 2.045132556802595284e-05
5.059013440860214814e+02 3.651226102692946120e-07 2.040505166266431850e-05
5.060263440860214814e+02 3.637772929822917370e-07 2.035887585799026791e-05
5.061513440860214814e+02 3.624369131638499278e-07 2.031279796652535034e-05
5.062763440860214814e+02 3.611014527790556917e-07 2.026681780108518120e-05
5.064013440860214814e+02 3.597708938584825116e-07 2.022093517477967914e-05
5.065263440860214814e+02 3.584452184979586007e-07 2.017514990101253083e-05
5.066513440860214814e+02 3.571244088583295211e-07 2.012946179348087239e-05
5.067763440860214814e+02 3.558084471652246148e-07 2.008387066617524201e-05
5.069013440860214814e+02 3.544973157088211046e-07 2.003837633337911573e-05
5.070263440860214814e+02 3.531909968436154486e-07 1.999297860966883295e-05
5.071513440860214814e+02 3.518894729881890823e-07 1.994767730991321014e-05
5.072763440860214814e+02 3.505927266249761200e-07 1.990247224927323594e-05
5.074013440860214814e+02 3.493007403000362442e-07 1.985736324320195933e-05
5.075263440860214814e+02 3.480134966228233593e-07 1.981235010744420504e-05
5.076513440860214814e+02 3.467309782659580050e-07 1.976743265803616357e-05
5.077763440860214814e+02 3.454531679649970686e-07 1.972261071130530313e-05
5.079013440860214814e+02 3.441800485182108042e-07 1.967788408387002063e-05
5.080263440860214814e+02 3.429116027863546627e-07 1.963325259263934354e-05
5.081513440860214814e+02 3.416478136924419696e-07 1.958871605481277741e-05
5.082763440860214814e+02 3.403886642215236436e-07 1.954427428787995692e-05
5.084013440860214814e+02 3.391341374204611913e-07 1.949992710962030704e-05
5.085263440860214814e+02 3.378842163977060556e-07 1.945567433810297867e-05
5.086513440860214814e+02 3.366388843230741458e-07 1.941151579168648271e-05
5.087763440860214814e+02 3.353981244275284153e-07 1.936745128901832755e-05
5.089013440860214814e+02 3.341619200029569382e-07 1.932348064903494111e-05
5.090263440860214814e+02 3.329302544019508814e-07 1.927960369096121349e-05
5.091513440860214814e+02 3.317031110375890935e-07 1.923582023431037155e-05
5.092763440860214814e+02 3.304804733832179817e-07 1.919213009888373164e-05
5.094013440860214814e+02 3.292623249722348836e-07 1.914853310477012018e-05
5.095263440860214814e+02 3.280486493978694795e-07 1.910502907234609728e-05
5.096513440860214814e+02 3.268394303129707636e-07 1.906161782227528255e-05
5.097763440860214814e+02 3.256346514297912095e-07 1.901829917550832793e-05
5.099013440860214814e+02 3.244342965197697180e-07 1.897507295328248407e-05
5.100263440860214814e+02 3.232383494133225589e-07 1.893193897712145795e-05
5.101513440860214814e+02 3.220467939996272185e-07 1.888889706883503352e-05
5.102763440860214814e+02 3.208596142264123355e-07 1.884594705051895300e-05
5.104013440860214814e+02 3.196767940997438254e-07 1.880308874455433082e-05
5.105263440860214814e+02 3.184983176838178339e-07 1.876032197360781958e-05
5.106513440860214814e+02 3.173241691007492957e-07 1.871764656063104089e-05
5.107763440860214814e+02 3.161543325303610771e-07 1.867506232886032445e-05
5.109013440860214814e+02 3.149887922099795228e-07 1.863256910181658609e-05
5.110263440860214814e+02 3.138275324342243391e-07 1.859016670330488054e-05
5.111513440860214814e+02 3.126705375548028705e-07 1.854785495741429301e-05
5.112763440860214814e+02 3.115177919803022063e-07 1.850563368851754277e-05
5.114013440860214814e+02 3.103692801759870044e-07 1.846350272127069515e-05
5.115263440860214814e+02 3.092249866635929741e-07 1.842146188061297523e-05
5.116513440860214814e+02 3.080848960211222643e-07 1.837951099176652725e-05
5.117763440860214814e+02 3.069489928826425584e-07 1.833764988023596398e-05
5.119013440860214814e+02 3.058172619380834687e-07 1.829587837180824479e-05
5.120263440860214814e+02 3.046896879330351539e-07 1.825419629255237069e-05
5.121513440860214814e+02 3.035662556685461962e-07 1.821260346881900822e-05
5.122763440860214814e+02 3.024469500009254486e-07 1.817109972724042176e-05
5.124013440860214814e+02 3.013317558415414996e-07 1.812968489472983649e-05
5.125263440860214814e+02 3.002206581566243087e-07 1.808835879848160784e-05
5.126513440860214814e+02 2.991136419670651480e-07 1.804712126597061159e-05
5.127763440860214814e+02 2.980106923482224198e-07 1.800597212495212872e-05
5.129013440860214814e+02 2.969117944297237156e-07 1.796491120346143541e-05
5.130263440860214814e+02 2.958169333952677161e-07 1.792393832981370818e-05
5.131513440860214814e+02 2.947260944824326560e-07 1.788305333260352924e-05
5.132763440860214814e+02 2.936392629824793891e-07 1.784225604070478481e-05
5.134013440860214814e+02 2.925564242401585290e-07 1.780154628327035006e-05
5.135263440860214814e+02 2.914775636535152085e-07 1.776092388973158427e-05
5.136513440860214814e+02 2.904026666737002965e-07 1.772038868979845618e-05
5.137763440860214814e+02 2.893317188047761105e-07 1.767994051345890362e-05
5.139013440860214814e+02 2.882647056035245103e-07 1.763957919097877935e-05
5.140263440860214814e+02 2.872016126792591745e-07 1.759930455290141394e-05
5.141513440860214814e+02 2.861424256936341179e-07 1.755911643004746671e-05
5.142763440860214814e+02 2.850871303604555974e-07 1.751901465351450221e-05
5.144013440860214814e+02 2.840357124454912651e-07 1.747899905467689878e-05
5.145263440860214814e+02 2.829881577662863085e-07 1.743906946518524877e-05
5.146513440860214814e+02 2.819444521919742985e-07 1.739922571696644670e-05
5.147763440860214814e+02 2.809045816430894118e-07 1.735946764222322507e-05
5.149013440860214814e+02 2.798685320913840546e-07 1.731979507343377487e-05
5.150263440860214814e+02 2.788362895596414568e-07 1.728020784335167784e-05
5.151513440860214814e+02 2.778078401214926592e-07 1.724070578500540838e-05
5.152763440860214814e+02 2.767831699012304846e-07 1.720128873169825230e-05
5.154013440860214814e+02 2.757622650736299136e-07 1.716195651700785273e-05
5.155263440860214814e+02 2.747451118637635372e-07 1.712270897478595608e-05
5.156513440860214814e+02 2.737316965468190214e-07 1.708354593915820870e-05
5.157763440860214814e+02 2.727220054479206477e-07 1.704446724452384520e-05
5.159013440860214814e+02 2.717160249419470425e-07 1.700547272555533271e-05
5.160263440860214814e+02 2.707137414533521353e-07 1.696656221719813705e-05
5.161513440860214814e+02 2.697151414559843173e-07 1.692773555467047206e-05
5.162763440860214814e+02 2.687202114729107346e-07 1.688899257346288620e-05
5.164013440860214814e+02 2.677289380762380357e-07 1.685033310933819483e-05
5.165263440860214814e+02 2.667413078869336466e-07 1.681175699833083306e-05
5.166513440860214814e+02 2.657573075746520766e-07 1.677326407674699127e-05
5.167763440860214814e+02 2.647769238575571474e-07 1.673485418116403575e-05
5.169013440860214814e+02 2.638001435021472393e-07 1.669652714843035282e-05
5.170263440860214814e+02 2.628269533230792142e-07 1.665828281566495247e-05
5.171513440860214814e+02 2.618573401829969446e-07 1.662012102025731583e-05
5.172763440860214814e+02 2.608912909923562424e-07 1.658204159986697172e-05
5.174013440860214814e+02 2.599287927092510055e-07 1.654404439242330345e-05
5.175263440860214814e+02 2.589698323392437048e-07 1.650612923612528125e-05
5.176513440860214814e+02 2.580143969351915315e-07 1.646829596944092346e-05
5.177763440860214814e+02 2.570624735970770428e-07 1.643054443110739487e-05
5.179013440860214814e+02 2.561140494718352087e-07 1.639287446013042051e-05
5.180263440860214814e+02 2.551691117531871287e-07 1.635528589578415018e-05
5.181513440860214814e+02 2.542276476814690370e-07 1.631777857761074503e-05
5.182763440860214814e+02 2.532896445434624197e-07 1.628035234542021500e-05
5.184013440860214814e+02 2.523550896722290547e-07 1.624300703929000881e-05
5.185263440860214814e+02 2.514239704469417644e-07 1.620574249956487507e-05
5.186513440860214814e+02 2.504962742927183969e-07 1.616855856685626934e-05
5.187763440860214814e+02 2.495719886804541136e-07 1.613145508204247611e-05
5.189013440860214814e+02 2.486511011266584943e-07 1.609443188626803623e-05
5.190263440860214814e+02 2.477335991932887773e-07 1.605748882094346902e-05
5.191513440860214814e+02 2.468194704875863823e-07 1.602062572774513003e-05
5.192763440860214814e+02 2.459087026619113683e-07 1.598384244861471637e-05
