1.398400537634408636e+01 nan nan
1.410900537634408636e+01 -4.411246855534263489e-02 -3.846078681197989462e-04
1.423400537634408636e+01 -5.495886984908399109e-02 -9.696181081973751035e-04
1.435900537634408636e+01 -5.899387066741701435e-02 -1.582746335389920590e-03
1.448400537634408636e+01 -5.935076173723278364e-02 -2.157687019963256889e-03
1.460900537634408636e+01 -5.741673760457322723e-02 -2.659825449994674545e-03
1.473400537634408636e+01 -5.398327841925820714e-02 -3.070866358205894420e-03
1.485900537634408636e+01 -4.956097869277439893e-02 -3.382371351195401655e-03
1.498400537634408636e+01 -4.542845900085609734e-02 -3.592307343792432769e-03
1.510900537634408636e+01 -4.099340273853947086e-02 -3.702946840799423937e-03
1.523400537634408636e+01 -3.630052135687659304e-02 -3.719484492274050414e-03
1.535900537634408636e+01 -3.147890565959635817e-02 -3.649077253113774434e-03
1.548400537634408636e+01 -2.689080636557195786e-02 -3.500155293068428486e-03
1.560900537634408636e+01 -2.268818399815243636e-02 -3.281916087930345904e-03
1.573400537634408636e+01 -2.219886680451433128e-02 -3.003947836401708177e-03
1.585900537634408636e+01 -2.143520036074047022e-02 -2.675947177421458736e-03
1.598400537634408636e+01 -2.042925347357069793e-02 -1.593796522419206390e-03
1.610900537634408636e+01 -1.921298291979575343e-02 2.847552781332989350e-03
1.623400537634408636e+01 -1.781770633421381894e-02 6.966538579946331827e-03
1.635900537634408636e+01 -1.627370741414735020e-02 1.075371709607676925e-02
1.648400537634408636e+01 -1.460994532885642738e-02 1.420487628132718026e-02
1.660900537634408636e+01 -1.285384671444301033e-02 1.732003245381775330e-02
1.673400537634408636e+01 -1.103116338327709070e-02 2.010260966617432449e-02
1.685900537634408636e+01 -9.165882421977992675e-03 2.255876397567262159e-02
1.698400537634408636e+01 -7.280178046100141930e-03 2.469682401986429687e-02
1.710900537634408636e+01 -5.394396659304274456e-03 2.652682593119010807e-02
1.723400537634408636e+01 -3.527068191921557162e-03 2.806012547408424929e-02
1.735900537634408636e+01 -1.694938082012315992e-03 2.930907389539507205e-02
1.748400537634408636e+01 4.297971518725233244e-05 3.028674670293222959e-02
1.760900537634408636e+01 1.431120680546343372e-03 3.100671667260837192e-02
1.773400537634408636e+01 2.347121350305561224e-03 3.148286400183815392e-02
1.785900537634408636e+01 2.914444607685891600e-03 3.172921779544893295e-02
1.798400537634408636e+01 3.010157006021600169e-03 3.175982407612602115e-02
1.810900537634408636e+01 3.058692100085508465e-03 3.158863631660299015e-02
1.823400537634408636e+01 3.059291237209905371e-03 3.122942514123793964e-02
1.835900537634408636e+01 3.011537474355267634e-03 3.069570437435052007e-02
1.848400537634408636e+01 2.915328291020145065e-03 3.000067104740363963e-02
1.860900537634408636e+01 2.770849050964974136e-03 2.915715733632806214e-02
1.873400537634408636e+01 2.578547344880981456e-03 2.817759269899774641e-02
1.885900537634408636e+01 2.339108313767695319e-03 2.723661721195944421e-02
1.898400537634408636e+01 2.053431025741603386e-03 2.619819950473031497e-02
1.910900537634408636e+01 1.722605956432687055e-03 2.505032824885170331e-02
1.923400537634408636e+01 1.347893604352719309e-03 2.380299117388452040e-02
1.935900537634408636e+01 9.307042570479745654e-04 2.246580241498676370e-02
1.948400537634408636e+01 4.725789109839724218e-04 2.104799297331478442e-02
1.960900537634408636e+01 -2.482866243494480244e-05 1.955840468321709200e-02
1.973400537634408636e+01 -5.597687209157769291e-04 1.800548719606106726e-02
1.985900537634408636e+01 -1.130411248531234007e-03 1.660791750734165462e-02
1.998400537634408636e+01 -1.734860574843918955e-03 1.526492414320886060e-02
2.010900537634408636e+01 -2.371168948892483138e-03 1.386877365145783650e-02
2.023400537634408636e+01 -3.037349104343199831e-03 1.324921681475441093e-02
2.035900537634408636e+01 -3.731385854565016230e-03 1.259937227511783407e-02
2.048400537634408636e+01 -4.451246758114879749e-03 1.186450885406427694e-02
2.060900537634408636e+01 -5.194891896231152752e-03 1.104939229931637887e-02
2.073400537634408636e+01 -5.960282804536991622e-03 1.015886454101721376e-02
2.085900537634408636e+01 -6.745390601329374729e-03 9.197815285576487615e-03
2.098400537634408636e+01 -7.548203354641477500e-03 8.171156081473136129e-03
2.110900537634408636e+01 -8.366732729793225840e-03 7.083796729280633121e-03
2.123400537634408636e+01 -9.199019958419036094e-03 5.940623909139516184e-03
2.135900537634408636e+01 -1.004314116905277374e-02 4.746481900831411513e-03
2.148400537634408636e+01 -1.089721211828114864e-02 3.506155274006278119e-03
2.160900537634408636e+01 -1.175939236027753569e-02 2.224353429291022095e-03
2.173400537634408636e+01 -1.262788889125468668e-02 9.056968743264181198e-04
2.185900537634408636e+01 -1.356483689587000344e-02 -4.452948773353428797e-04
2.198400537634408636e+01 -1.519815064005017834e-02 -1.824213892521288740e-03
2.210900537634408636e+01 -1.679559128915743271e-02 -3.226772993835032646e-03
2.223400537634408636e+01 -1.835545836393750324e-02 -4.648813623645706161e-03
2.235900537634408636e+01 -1.987625559515037235e-02 -6.086312491854803386e-03
2.248400537634408636e+01 -2.135667911584738718e-02 -7.535387098189259836e-03
2.260900537634408636e+01 -2.279560607604527375e-02 -8.992300215365891733e-03
2.273400537634408636e+01 -2.419208368287026345e-02 -1.045346341511562555e-02
2.285900537634408636e+01 -2.554531866663054332e-02 -1.191543971481492589e-02
2.298400537634408636e+01 -2.685466717102793707e-02 -1.337494541818393286e-02
2.310900537634408636e+01 -2.811962506381562865e-02 -1.482885121949743985e-02
2.323400537634408636e+01 -2.933981866258179513e-02 -1.627418263673342108e-02
2.335900537634408636e+01 -3.051499586896274513e-02 -1.770811983520126712e-02
2.348400537634408636e+01 -3.164501770347079301e-02 -1.912799689951637933e-02
2.360900537634408636e+01 -3.272985023215664591e-02 -2.053130060816089203e-02
2.373400537634408636e+01 -3.376955687557618713e-02 -2.191545820711515713e-02
2.385900537634408636e+01 -3.476429108991113681e-02 -2.317233334490386570e-02
2.398400537634408636e+01 -3.571428940961893228e-02 -2.440905728215155349e-02
2.410900537634408636e+01 -3.661986484062221270e-02 -2.562389314620939357e-02
2.423400537634408636e+01 -3.748140059279646275e-02 -2.672320199231397256e-02
2.435900537634408636e+01 -3.829934414034792678e-02 -2.771075625172756893e-02
2.448400537634408636e+01 -3.907420159857560166e-02 -2.867711370004100147e-02
2.460900537634408636e+01 -3.980653240550455219e-02 -2.962127192704286024e-02
2.473400537634408636e+01 -4.049694429690075398e-02 -3.054231103329713495e-02
2.485900537634408636e+01 -4.114608856327121172e-02 -3.143939134260491375e-02
2.498400537634408636e+01 -4.175465557758307328e-02 -3.231175104350458155e-02
2.510900537634408636e+01 -4.232337058259880852e-02 -3.315870377359837751e-02
2.523400537634408636e+01 -4.285298972691844316e-02 -3.397963615940741144e-02
2.535900537634408636e+01 -4.336828008177270183e-02 -3.457062170363964237e-02
2.548400537634408636e+01 -4.388823989341313764e-02 -3.508091637960147890e-02
2.560900537634408636e+01 -4.436963128082142133e-02 -3.557018745261213838e-02
2.573400537634408636e+01 -4.481320528882411919e-02 -3.603834323906272841e-02
2.585900537634408636e+01 -4.521973740724222895e-02 -3.648532619297878421e-02
2.598400537634408636e+01 -4.559002452395455318e-02 -3.691111136761828643e-02
2.610900537634408636e+01 -4.592488205210591007e-02 -3.731570489703019827e-02
2.623400537634408636e+01 -4.622514122448691254e-02 -3.769914250025210856e-02
2.635900537634408636e+01 -4.649164654829546911e-02 -3.806148801051405239e-02
2.648400537634408636e+01 -4.672525341356285195e-02 -3.840283193153400110e-02
2.660900537634408636e+01 -4.692682584877858748e-02 -3.872329002272482251e-02
2.673400537634408636e+01 -4.709723441736238247e-02 -3.902300191488449616e-02
2.685900537634408636e+01 -4.723735424877983230e-02 -3.930212975771728290e-02
2.698400537634408636e+01 -4.734806319833365085e-02 -3.956085690032477842e-02
2.710900537634408636e+01 -4.743024012980961990e-02 -3.979938660560471825e-02
2.723400537634408636e+01 -4.752553676691014667e-02 -4.001794079932841780e-02
2.735900537634408636e+01 -4.789529834470930558e-02 -4.021675885449295385e-02
2.748400537634408636e+01 -4.822860743886820539e-02 -4.039609641139806778e-02
2.760900537634408636e+01 -4.852601934430077896e-02 -4.055622423376249036e-02
2.773400537634408636e+01 -4.878812477145649806e-02 -4.069742710106127176e-02
2.785900537634408636e+01 -4.901554696786485088e-02 -4.082000273715721134e-02
2.798400537634408636e+01 -4.920893894155001225e-02 -4.092426077519015909e-02
2.810900537634408636e+01 -4.936898078621259484e-02 -4.101052175859749155e-02
2.823400537634408636e+01 -4.949637710764747539e-02 -4.107911617804446691e-02
2.835900537634408636e+01 -4.959185455074475307e-02 -4.113038354397840352e-02
2.848400537634408636e+01 -4.965615942610406702e-02 -4.116467149443783086e-02
2.860900537634408636e+01 -4.969005543513638212e-02 -4.118233493769651171e-02
2.873400537634408636e+01 -4.969432149230251089e-02 -4.118373522925640462e-02
2.885900537634408636e+01 -4.966974964300874262e-02 -4.116923938266343896e-02
2.898400537634408636e+01 -4.961714307552921033e-02 -4.113921931357127082e-02
2.910900537634408636e+01 -4.953731422515978561e-02 -4.109405111644114095e-02
2.923400537634408636e+01 -4.943108296878785668e-02 -4.103411437323478683e-02
2.935900537634408636e+01 -4.929927490787600758e-02 -4.095979149342768993e-02
2.948400537634408636e+01 -4.914271973781449837e-02 -4.087146708464523687e-02
2.960900537634408636e+01 -4.896224970154941514e-02 -4.076952735320756027e-02
2.973400537634408636e+01 -4.875869812532911823e-02 -4.065435953384877871e-02
2.985900537634408636e+01 -4.853289803433592786e-02 -4.052635134786632815e-02
2.998400537634408636e+01 -4.828568084598404420e-02 -4.038589048894364320e-02
3.010900537634408636e+01 -4.801787513861473233e-02 -4.023336413588724653e-02
3.023400537634408636e+01 -4.773030549330552208e-02 -4.006915849150575332e-02
3.035900537634408636e+01 -4.742379140651072078e-02 -3.989365834686828260e-02
3.048400537634408636e+01 -4.709914627123118480e-02 -3.970724667016906073e-02
3.060900537634408636e+01 -4.675717642447140693e-02 -3.951030421943400872e-02
3.073400537634408636e+01 -4.639868025864651857e-02 -3.930320917830404381e-02
3.085900537634408636e+01 -4.602444739474816776e-02 -3.908633681414055289e-02
3.098400537634408636e+01 -4.563525791501295975e-02 -3.886005915769918939e-02
3.110900537634408636e+01 -4.523188165284351692e-02 -3.862474470363132240e-02
3.123400537634408636e+01 -4.481507753788208093e-02 -3.838075813107852396e-02
3.135900537634408636e+01 -4.438559299403380121e-02 -3.812846004363751318e-02
3.148400537634408636e+01 -4.394416338833045943e-02 -3.783485735056524302e-02
3.160900537634408636e+01 -4.349151152858631714e-02 -3.742572836696788502e-02
3.173400537634408636e+01 -4.302834720778181410e-02 -3.701398770391576415e-02
3.185900537634408636e+01 -4.255536679320589405e-02 -3.659999113847343943e-02
3.198400537634408636e+01 -4.207325285839105811e-02 -3.618408152294387559e-02
3.210900537634408636e+01 -4.158267385595246224e-02 -3.576658903952930485e-02
3.223400537634408636e+01 -4.108428382944942503e-02 -3.534783145797800591e-02
3.235900537634408636e+01 -4.057872216247748742e-02 -3.492811439557449993e-02
3.248400537634408636e+01 -4.006661336322072525e-02 -3.450773157887172815e-02
3.260900537634408636e+01 -3.957173324274155385e-02 -3.408696510661264611e-02
3.273400537634408636e+01 -3.909116783774517490e-02 -3.366608571331833333e-02
3.285900537634408636e+01 -3.860504435855845878e-02 -3.324535303306811601e-02
3.298400537634408636e+01 -3.811388382534207364e-02 -3.282501586302716268e-02
3.310900537634408636e+01 -3.761819437802411958e-02 -3.240531242631058961e-02
3.323400537634408636e+01 -3.711847120017633395e-02 -3.198647063380850863e-02
3.335900537634408636e+01 -3.661519646486104812e-02 -3.156870834462364994e-02
3.348400537634408636e+01 -3.610883930125789731e-02 -3.115223362480169442e-02
3.360900537634408636e+01 -3.564293752057488829e-02 -3.073724500406196242e-02
3.373400537634408636e+01 -3.520345549805341256e-02 -3.032393173026298044e-02
3.385900537634408636e+01 -3.476099445156721063e-02 -2.991247402135617864e-02
3.398400537634408636e+01 -3.431591073488646226e-02 -2.950304331460798513e-02
3.410900537634408636e+01 -3.386855131185002171e-02 -2.909580251289079628e-02
3.423400537634408636e+01 -3.341925376855023333e-02 -2.869090622785902545e-02
3.435900537634408636e+01 -3.296834633651497815e-02 -2.828850101985100340e-02
3.448400537634408636e+01 -3.251614792624967637e-02 -2.788872563436989305e-02
3.460900537634408636e+01 -3.206296817052579906e-02 -2.749171123501496089e-02
3.473400537634408636e+01 -3.160910747682060123e-02 -2.709758163274960524e-02
3.485900537634408636e+01 -3.115485708833314049e-02 -2.670645351140843449e-02
3.498400537634408636e+01 -3.070049915303687746e-02 -2.631843664935429317e-02
3.510900537634408636e+01 -3.024630680022365875e-02 -2.592512256109527624e-02
3.523400537634408636e+01 -2.979254422404985919e-02 -2.551908107341920029e-02
3.535900537634408636e+01 -2.933946677358058308e-02 -2.511688837046141196e-02
3.548400537634408636e+01 -2.888732104887064417e-02 -2.471864668733787448e-02
3.560900537634408636e+01 -2.843634500263807902e-02 -2.432445124683623242e-02
3.573400537634408636e+01 -2.798676804708363774e-02 -2.393439047956376700e-02
3.585900537634408636e+01 -2.753881116546484306e-02 -2.354854624056601509e-02
3.598400537634408636e+01 -2.709268702800717715e-02 -2.316699402232088104e-02
3.610900537634408636e+01 -2.664860011179571650e-02 -2.278980316405802842e-02
3.623400537634408636e+01 -2.620674682426920796e-02 -2.241703705733618171e-02
3.635900537634408636e+01 -2.576731562998106628e-02 -2.204875334782400303e-02
3.648400537634408636e+01 -2.533048718029307783e-02 -2.168500413324961004e-02
3.660900537634408636e+01 -2.489643444569055244e-02 -2.132583615749586436e-02
3.673400537634408636e+01 -2.446532285041763330e-02 -2.097129100078999955e-02
3.685900537634408636e+01 -2.403731040914527592e-02 -2.062140526600121301e-02
3.698400537634408636e+01 -2.361254786540369771e-02 -2.027621076101379649e-02
3.710900537634408636e+01 -2.319117883152105319e-02 -1.993573467717665165e-02
3.723400537634408636e+01 -2.277333992981388222e-02 -1.959999976383111284e-02
3.735900537634408636e+01 -2.235916093481344138e-02 -1.926902449892685040e-02
3.748400537634408636e+01 -2.194876491628486997e-02 -1.894282325572742634e-02
3.760900537634408636e+01 -2.154226838284835355e-02 -1.862140646563251872e-02
3.773400537634408636e+01 -2.113978142599358054e-02 -1.830478077713129301e-02
3.785900537634408636e+01 -2.074140786429915645e-02 -1.799294921090858687e-02
3.798400537634408636e+01 -2.034724538768811070e-02 -1.768591131113896736e-02
3.810900537634408636e+01 -1.998965863974572210e-02 -1.738366329299237401e-02
3.823400537634408636e+01 -1.967270825355714459e-02 -1.706942334379724091e-02
3.835900537634408636e+01 -1.935874156726922340e-02 -1.668489172974620821e-02
3.848400537634408636e+01 -1.904781618096493614e-02 -1.630740245861530061e-02
3.860900537634408636e+01 -1.873998610889161115e-02 -1.593697747507464776e-02
3.873400537634408636e+01 -1.843530186827864806e-02 -1.557363215200566371e-02
3.885900537634408636e+01 -1.813381056754662796e-02 -1.521737552609551958e-02
3.898400537634408636e+01 -1.783555599384692783e-02 -1.486821053012026168e-02
3.910900537634408636e+01 -1.754057869987117949e-02 -1.452613422166466189e-02
3.923400537634408636e+01 -1.724891608988091476e-02 -1.419113800832622931e-02
3.935900537634408636e+01 -1.696060250490239243e-02 -1.386320786915917411e-02
3.948400537634408636e+01 -1.667566930704455011e-02 -1.354232457241671267e-02
3.960900537634408636e+01 -1.639414496289463147e-02 -1.322846388940993739e-02
3.973400537634408636e+01 -1.611605512595207582e-02 -1.292159680448297897e-02
3.985900537634408636e+01 -1.584142271806552107e-02 -1.262168972101442022e-02
3.998400537634408636e+01 -1.557026800983721954e-02 -1.232870466343299887e-02
4.010900537634408636e+01 -1.530260869996679686e-02 -1.204259947515824887e-02
4.023400537634408636e+01 -1.503845999350615636e-02 -1.176332801249459908e-02
4.035900537634408636e+01 -1.477783467899790489e-02 -1.149084033438022706e-02
4.048400537634408636e+01 -1.452074320447909427e-02 -1.122508288805147345e-02
4.060900537634408636e+01 -1.426719375232633064e-02 -1.096599869054081834e-02
4.073400537634408636e+01 -1.401719231292677427e-02 -1.071352750603967244e-02
4.085900537634408636e+01 -1.377074275715817891e-02 -1.046760601911982981e-02
4.098400537634408636e+01 -1.352784690766542161e-02 -1.022816800379602702e-02
4.110900537634408636e+01 -1.328850460892144064e-02 -9.995144488476869274e-03
4.123400537634408636e+01 -1.305271379606227564e-02 -9.768463916755577500e-03
4.135900537634408636e+01 -1.282047056249023195e-02 -9.548052304144140010e-03
4.148400537634408636e+01 -1.259176922623629104e-02 -9.333833390669126970e-03
4.160900537634408636e+01 -1.236660239508042061e-02 -9.125728789462080395e-03
4.173400537634408636e+01 -1.214496103042378948e-02 -8.923658131262175719e-03
4.185900537634408636e+01 -1.192683450991272390e-02 -8.727539204971178355e-03
4.198400537634408636e+01 -1.171221068881498316e-02 -8.537288094196614566e-03
4.210900537634408636e+01 -1.150107596014668734e-02 -8.352819309911321474e-03
4.223400537634408636e+01 -1.129341531355527138e-02 -8.174045919180502121e-03
4.235900537634408636e+01 -1.108921239296067895e-02 -8.000879670086103596e-03
4.248400537634408636e+01 -1.088844955295737577e-02 -7.833231112809002986e-03
4.260900537634408636e+01 -1.069110791398686020e-02 -7.671009716998764515e-03
4.273400537634408636e+01 -1.049716741628235230e-02 -7.514123985401949431e-03
4.285900537634408636e+01 -1.030660687259707733e-02 -7.362481563861066926e-03
4.298400537634408636e+01 -1.011940401972201246e-02 -7.215989347694688923e-03
4.310900537634408636e+01 -9.935535568802276660e-03 -7.074553584543522011e-03
4.323400537634408636e+01 -9.754977254463174235e-03 -6.938079973711148811e-03
4.335900537634408636e+01 -9.577703882754322676e-03 -6.806473762063376329e-03
4.348400537634408636e+01 -9.403689377924743381e-03 -6.679639836565209703e-03
4.360900537634408636e+01 -9.232906828039207439e-03 -6.557482813460959077e-03
4.373400537634408636e+01 -9.065328529448709802e-03 -6.439907124235941770e-03
4.385900537634408636e+01 -8.900926030127197588e-03 -6.326817098319938333e-03
4.398400537634408636e+01 -8.739670171888166625e-03 -6.218117042681528019e-03
4.410900537634408636e+01 -8.581531131493753267e-03 -6.113711318320829737e-03
4.423400537634408636e+01 -8.426478460671975659e-03 -6.013504413747497446e-03
4.435900537634408636e+01 -8.274481125053686353e-03 -5.917401015472614594e-03
4.448400537634408636e+01 -8.125507542047143844e-03 -5.825306075631093983e-03
4.460900537634408636e+01 -7.979525617661213308e-03 -5.737124876713825365e-03
4.473400537634408636e+01 -7.836502782296441566e-03 -5.634978738456733818e-03
4.485900537634408636e+01 -7.696406025515387800e-03 -5.534396332603342024e-03
4.498400537634408636e+01 -7.559201929810876498e-03 -5.437663150349527665e-03
4.510900537634408636e+01 -7.424856703386128499e-03 -5.344698235740628564e-03
4.523400537634408636e+01 -7.317422714613677770e-03 -5.255420820690928640e-03
4.535900537634408636e+01 -7.217749069512100803e-03 -5.169750375683939553e-03
4.548400537634408636e+01 -7.120200276103339117e-03 -5.087606658372521157e-03
4.560900537634408636e+01 -7.024737934221078617e-03 -5.008909760120534849e-03
4.573400537634408636e+01 -6.931324003631084141e-03 -4.933580150546895172e-03
4.585900537634408636e+01 -6.839920812318969236e-03 -4.861538720102139693e-03
4.598400537634408636e+01 -6.750491064171399921e-03 -4.792706820724058035e-03
4.610900537634408636e+01 -6.662997846072937769e-03 -4.727006304634262003e-03
4.623400537634408636e+01 -6.577404634440964411e-03 -4.664359561294475175e-03
4.635900537634408636e+01 -6.493675301219165898e-03 -4.604689552593404546e-03
4.648400537634408636e+01 -6.411774119350987719e-03 -4.547919846281204929e-03
4.660900537634408636e+01 -6.331665767752611695e-03 -4.493974647724228826e-03
4.673400537634408636e+01 -6.253315335805025021e-03 -4.442778829995728922e-03
4.685900537634408636e+01 -6.176688327384148060e-03 -4.394257962364504430e-03
4.698400537634408636e+01 -6.101750664447493089e-03 -4.316797525230214178e-03
4.710900537634408636e+01 -6.028468690194768026e-03 -4.241078495352693448e-03
4.723400537634408636e+01 -5.956809171820134918e-03 -4.168139788667635064e-03
4.735900537634408636e+01 -5.886739302872608277e-03 -4.097925067782727006e-03
4.748400537634408636e+01 -5.818226705240723585e-03 -4.030378291504185632e-03
4.760900537634408636e+01 -5.751239430777833547e-03 -3.965443737791750356e-03
4.773400537634408636e+01 -5.685745962582271565e-03 -3.903066025675282387e-03
4.785900537634408636e+01 -5.621715215948394802e-03 -3.843190136159211744e-03
4.798400537634408636e+01 -5.559116539001681193e-03 -3.785761432139263510e-03
4.810900537634408636e+01 -5.497919713032587384e-03 -3.730725677357604742e-03
4.823400537634408636e+01 -5.438094952542297730e-03 -3.678029054421091959e-03
4.835900537634408636e+01 -5.379612905013315786e-03 -3.627618181904334032e-03
4.848400537634408636e+01 -5.322444650417587804e-03 -3.579440130563302062e-03
4.860900537634408636e+01 -5.266561700474458284e-03 -3.533442438684507476e-03
4.873400537634408636e+01 -5.211935997670167839e-03 -3.489573126590056300e-03
4.885900537634408636e+01 -5.158539914050154322e-03 -3.447780710320464456e-03
4.898400537634408636e+01 -5.109531314856733189e-03 -3.408014214525267351e-03
4.910900537634408636e+01 -5.068488602249176210e-03 -3.370223184572726342e-03
4.923400537634408636e+01 -5.028486501915399413e-03 -3.334357697910036219e-03
4.935900537634408636e+01 -4.989495040700456067e-03 -3.300368374688196840e-03
4.948400537634408636e+01 -4.951484819317211218e-03 -3.268206387680221755e-03
4.960900537634408636e+01 -4.914427008518890312e-03 -3.237823471505056703e-03
4.973400537634408636e+01 -4.878293345052357038e-03 -3.209171931184396330e-03
4.985900537634408636e+01 -4.843056127403998906e-03 -3.182204650049529938e-03
4.998400537634408636e+01 -4.808688211349703562e-03 -3.156875097018336466e-03
5.010900537634408636e+01 -4.775163005321071512e-03 -3.133137333260629410e-03
5.023400537634408636e+01 -4.742454465597212808e-03 -3.110946018274825513e-03
5.035900537634408636e+01 -4.710537091335563128e-03 -3.090256415388628435e-03
5.048400537634408636e+01 -4.679385919450537723e-03 -3.071024396708100287e-03
5.060900537634408636e+01 -4.648976519347506817e-03 -3.053206447527124882e-03
5.073400537634408636e+01 -4.619284987527333755e-03 -3.036759670221658540e-03
5.085900537634408636e+01 -4.590287942064827376e-03 -3.021641787638907912e-03
5.098400537634408636e+01 -4.561962516974456434e-03 -3.007811146002858232e-03
5.110900537634408636e+01 -4.534286356469357723e-03 -2.995226717352632729e-03
5.123400537634408636e+01 -4.507237609123898765e-03 -2.983848101526960332e-03
5.135900537634408636e+01 -4.483611285932018707e-03 -2.973635527713627651e-03
5.148400537634408636e+01 -4.490655188919942704e-03 -2.964549855576403478e-03
5.160900537634408636e+01 -4.497854676095764358e-03 -2.956552575979777206e-03
5.173400537634408636e+01 -4.505175937008299228e-03 -2.949605811319022056e-03
5.185900537634408636e+01 -4.512586239270556347e-03 -2.943672315475987823e-03
5.198400537634408636e+01 -4.520053915123174726e-03 -2.938715473413455737e-03
5.210900537634408636e+01 -4.527548347740119848e-03 -2.934699300419665955e-03
5.223400537634408636e+01 -4.535039957244853953e-03 -2.931588441018182205e-03
5.235900537634408636e+01 -4.542500186570185179e-03 -2.929348167558654039e-03
5.248400537634408636e+01 -4.549901487037005636e-03 -2.927944378495181410e-03
5.260900537634408636e+01 -4.557217303791731046e-03 -2.927343596372207479e-03
5.273400537634408636e+01 -4.564422061041698009e-03 -2.927512965523477312e-03
5.285900537634408636e+01 -4.571491147163398230e-03 -2.928420249502594087e-03
5.298400537634408636e+01 -4.578400899639257018e-03 -2.930033828250536588e-03
5.310900537634408636e+01 -4.585128589893953943e-03 -2.932322695015537536e-03
5.323400537634408636e+01 -4.591652408015613369e-03 -2.935256453036156569e-03
5.335900537634408636e+01 -4.597951447384458767e-03 -2.938805311996753149e-03
5.348400537634408636e+01 -4.604005689214237321e-03 -2.942940084265505390e-03
5.360900537634408636e+01 -4.609795987042488406e-03 -2.947632180929330922e-03
5.373400537634408636e+01 -4.615304051164241875e-03 -2.952853607630289909e-03
5.385900537634408636e+01 -4.620512433015818744e-03 -2.958576960216407342e-03
5.398400537634408636e+01 -4.625404509545506977e-03 -2.964775420215623805e-03
5.410900537634408636e+01 -4.629964467565349587e-03 -2.971422750142254342e-03
5.423400537634408636e+01 -4.634177288091525203e-03 -2.978493288645094831e-03
5.435900537634408636e+01 -4.638028730701270093e-03 -2.985961945503380101e-03
5.448400537634408636e+01 -4.641505317912102656e-03 -2.987913045867044131e-03
5.460900537634408636e+01 -4.644594319567142866e-03 -2.974085723488738113e-03
5.473400537634408636e+01 -4.647283737282435073e-03 -2.960817472599488326e-03
5.485900537634408636e+01 -4.649562288929617523e-03 -2.948090308947856012e-03
5.498400537634408636e+01 -4.651419393167243940e-03 -2.935886583535675474e-03
5.510900537634408636e+01 -4.652845154054615490e-03 -2.924188980064611372e-03
5.523400537634408636e+01 -4.653830345714708890e-03 -2.912980512302005848e-03
5.535900537634408636e+01 -4.654366397104452678e-03 -2.902244521370936445e-03
5.548400537634408636e+01 -4.654445376846112585e-03 -2.891964672967504979e-03
5.560900537634408636e+01 -4.654059978161795806e-03 -2.882124954510690337e-03
5.573400537634408636e+01 -4.653203503916547232e-03 -2.872709672228400315e-03
5.585900537634408636e+01 -4.651869851768022750e-03 -2.863703448183622588e-03
5.598400537634408636e+01 -4.650053499409712715e-03 -2.855091217243965144e-03
5.610900537634408636e+01 -4.647749489954404803e-03 -2.846858223999039657e-03
5.623400537634408636e+01 -4.644953417440427987e-03 -2.838990019629243113e-03
5.635900537634408636e+01 -4.641661412449563269e-03 -2.831472458728477755e-03
5.648400537634408636e+01 -4.637870127890028095e-03 -2.824291696085145294e-03
5.660900537634408636e+01 -4.633576724877590605e-03 -2.817434183424099431e-03
5.673400537634408636e+01 -4.628778858799735378e-03 -2.810886666113030039e-03
5.685900537634408636e+01 -4.623474665497969045e-03 -2.804636179835815618e-03
5.698400537634408636e+01 -4.617662747621591179e-03 -2.798670047236872897e-03
5.710900537634408636e+01 -4.611342161118628033e-03 -2.792975874537560483e-03
5.723400537634408636e+01 -4.604512401896048400e-03 -2.787541548129436522e-03
5.735900537634408636e+01 -4.597173392632444323e-03 -2.782355231145147972e-03
5.748400537634408636e+01 -4.589325469770630384e-03 -2.777405360011433143e-03
5.760900537634408636e+01 -4.580969370649771132e-03 -2.772680640984663374e-03
5.773400537634408636e+01 -4.572106220827850190e-03 -2.768170046672867313e-03
5.785900537634408636e+01 -4.562737521569088135e-03 -2.763862812546229262e-03
5.798400537634408636e+01 -4.552865137500998124e-03 -2.759748433437801077e-03
5.810900537634408636e+01 -4.542491284447581004e-03 -2.755816660036768638e-03
5.823400537634408636e+01 -4.531618517436751710e-03 -2.752057495376899685e-03
5.835900537634408636e+01 -4.520249718888890746e-03 -2.748461191321473641e-03
5.848400537634408636e+01 -4.508388086991638177e-03 -2.745018245047063481e-03
5.860900537634408636e+01 -4.496037124226601699e-03 -2.741719395527346653e-03
5.873400537634408636e+01 -4.483200626114598221e-03 -2.738555620020111797e-03
5.885900537634408636e+01 -4.469882670116288523e-03 -2.735518130557569247e-03
5.898400537634408636e+01 -4.456087604717578164e-03 -2.732598370442468946e-03
5.910900537634408636e+01 -4.441820038720322057e-03 -2.729788010752078834e-03
5.923400537634408636e+01 -4.427084830679213316e-03 -2.727078946849965154e-03
5.935900537634408636e+01 -4.411887078556039031e-03 -2.724463294908882789e-03
5.948400537634408636e+01 -4.396232109537634956e-03 -2.721933388444669824e-03
5.960900537634408636e+01 -4.380125470047077120e-03 -2.719481774863820398e-03
5.973400537634408636e+01 -4.363572915932780599e-03 -2.717101212024541131e-03
5.985900537634408636e+01 -4.346580402840106820e-03 -2.714784664813717999e-03
5.998400537634408636e+01 -4.329154076771471980e-03 -2.712525301740611149e-03
6.010900537634408636e+01 -4.311300264830303201e-03 -2.710316491548221338e-03
6.023400537634408636e+01 -4.293025466129595652e-03 -2.708151799843187997e-03
6.035900537634408636e+01 -4.274336342908123011e-03 -2.706024985746078963e-03
6.048400537634408636e+01 -4.255239711800764234e-03 -2.703929998562083162e-03
6.060900537634408636e+01 -4.235742535314660460e-03 -2.701860974473851377e-03
6.073400537634408636e+01 -4.215851913454918970e-03 -2.699812233256272589e-03
6.085900537634408636e+01 -4.195575075555368384e-03 -2.697778275015538189e-03
6.098400537634408636e+01 -4.174919372266118998e-03 -2.695753776951836586e-03
6.110900537634408636e+01 -4.153892267731796976e-03 -2.693733590147302358e-03
6.123400537634408636e+01 -4.132501331927952368e-03 -2.691712736379523515e-03
6.135900537634408636e+01 -4.110754233186682954e-03 -2.689686404961505028e-03
6.148400537634408636e+01 -4.098631724063953041e-03 -2.687649949608425601e-03
6.160900537634408636e+01 -4.086593068365050076e-03 -2.685598885332232851e-03
6.173400537634408636e+01 -4.074155190723549244e-03 -2.683528885364203521e-03
6.185900537634408636e+01 -4.061322635066386653e-03 -2.681435778106022998e-03
6.198400537634408636e+01 -4.048100086488717018e-03 -2.679315544110068888e-03
6.210900537634408636e+01 -4.034492364838437005e-03 -2.677164313089403034e-03
6.223400537634408636e+01 -4.020504418428971424e-03 -2.674978360957743460e-03
6.235900537634408636e+01 -4.006141317867172209e-03 -2.672754106899276165e-03
6.248400537634408636e+01 -3.991408250014375630e-03 -2.670488110470063594e-03
6.260900537634408636e+01 -3.976310512062476016e-03 -2.668177068729787361e-03
6.273400537634408636e+01 -3.960853505738160842e-03 -2.665817813405347431e-03
6.285900537634408636e+01 -3.945042731617165455e-03 -2.663407308085603484e-03
6.298400537634408636e+01 -3.928883783570891533e-03 -2.660942645448470621e-03
6.310900537634408636e+01 -3.912382343321276629e-03 -2.658421044519887564e-03
6.323400537634408636e+01 -3.895544175121419452e-03 -2.655839847965051157e-03
6.335900537634408636e+01 -3.878375120545641489e-03 -2.653196519412222027e-03
6.348400537634408636e+01 -3.860881093401168779e-03 -2.650488640809161699e-03
6.360900537634408636e+01 -3.843068074751528149e-03 -2.647713909812106619e-03
6.373400537634408636e+01 -3.824942108054726637e-03 -2.644870137208088327e-03
6.385900537634408636e+01 -3.806509294413009618e-03 -2.641955244369578477e-03
6.398400537634408636e+01 -3.787775787932678908e-03 -2.638967260742682529e-03
6.410900537634408636e+01 -3.768747791199317677e-03 -2.635904321368021282e-03
6.423400537634408636e+01 -3.749431550853639297e-03 -2.632764664434992380e-03
6.435900537634408636e+01 -3.729833353285574079e-03 -2.629546628869077439e-03
6.448400537634408636e+01 -3.709959520422705017e-03 -2.626248651951929372e-03
6.460900537634408636e+01 -3.689816405636076654e-03 -2.622286364014399067e-03
6.473400537634408636e+01 -3.669410389740282268e-03 -2.612115701357823738e-03
6.485900537634408636e+01 -3.648747877104368230e-03 -2.601952516023191015e-03
6.498400537634408636e+01 -3.627835291856942954e-03 -2.591796179004460503e-03
6.510900537634408636e+01 -3.606679074197754933e-03 -2.581646101390969780e-03
6.523400537634408636e+01 -3.585285676803183497e-03 -2.571501733178151346e-03
6.535900537634408636e+01 -3.563661561335095679e-03 -2.561362562103091690e-03
6.548400537634408636e+01 -3.541813195038938118e-03 -2.551228112504940262e-03
6.560900537634408636e+01 -3.519747047442647620e-03 -2.541097944209359544e-03
6.573400537634408636e+01 -3.497469587147599215e-03 -2.530971651437085614e-03
6.585900537634408636e+01 -3.474987278710552595e-03 -2.520848861735728794e-03
6.598400537634408636e+01 -3.456287409399808920e-03 -2.510729234934966185e-03
6.610900537634408636e+01 -3.449796055462702772e-03 -2.500612462124311621e-03
6.623400537634408636e+01 -3.443037189849857110e-03 -2.490498264653357666e-03
6.635900537634408636e+01 -3.436013368973898224e-03 -2.480386393154095006e-03
6.648400537634408636e+01 -3.428727211675591021e-03 -2.470276626584803556e-03
6.660900537634408636e+01 -3.421181396465377590e-03 -2.460168771295395598e-03
6.673400537634408636e+01 -3.413378658820440809e-03 -2.450062660113586435e-03
6.685900537634408636e+01 -3.405321788536715306e-03 -2.439958151451839235e-03
6.698400537634408636e+01 -3.397013627136128127e-03 -2.429855128434419212e-03
6.710900537634408636e+01 -3.388457065327199480e-03 -2.419753498044554130e-03
6.723400537634408636e+01 -3.379655040520096465e-03 -2.409653190291002889e-03
6.735900537634408636e+01 -3.370610534393838655e-03 -2.399554157394007039e-03
6.748400537634408636e+01 -3.361326570516501647e-03 -2.389456372990149922e-03
6.760900537634408636e+01 -3.351806212016620549e-03 -2.379359831355735717e-03
6.773400537634408636e+01 -3.342052559306143370e-03 -2.369264546648529226e-03
6.785900537634408636e+01 -3.332068747853686626e-03 -2.359170552167329064e-03
6.798400537634408636e+01 -3.321857946008227157e-03 -2.349077899629324791e-03
6.810900537634408636e+01 -3.311423352871408279e-03 -2.338986658464569258e-03
6.823400537634408636e+01 -3.300768196218843188e-03 -2.328896915127645108e-03
6.835900537634408636e+01 -3.289895730469962441e-03 -2.318808772425872290e-03
6.848400537634408636e+01 -3.278809234704841216e-03 -2.308722348863998051e-03
6.860900537634408636e+01 -3.267512010727913543e-03 -2.298637778004962180e-03
6.873400537634408636e+01 -3.256007381177987610e-03 -2.286657523838106672e-03
6.885900537634408636e+01 -3.244298687684151437e-03 -2.271963791949980528e-03
6.898400537634408636e+01 -3.232389289066522030e-03 -2.257297807735562586e-03
6.910900537634408636e+01 -3.220282559580835320e-03 -2.242660717171583891e-03
6.923400537634408636e+01 -3.207981887207650602e-03 -2.228053656846444228e-03
6.935900537634408636e+01 -3.195490671984300285e-03 -2.213477753505492529e-03
6.948400537634408636e+01 -3.182812324378863755e-03 -2.198934123618982283e-03
6.960900537634408636e+01 -3.169950263707249551e-03 -2.184423872967004680e-03
6.973400537634408636e+01 -3.156907916590052585e-03 -2.169948096244429629e-03
6.985900537634408636e+01 -3.143688715451237268e-03 -2.155507876683306762e-03
6.998400537634408636e+01 -3.130296097056099128e-03 -2.141104285694243447e-03
7.010900537634408636e+01 -3.116733501089430369e-03 -2.126738382524450029e-03
7.023400537634408636e+01 -3.103004368771611256e-03 -2.112411213933076785e-03
7.035900537634408636e+01 -3.089112141513353314e-03 -2.098123813883113597e-03
7.048400537634408636e+01 -3.075060259608240840e-03 -2.083877203249589506e-03
7.060900537634408636e+01 -3.060852160962027751e-03 -2.069672389544274273e-03
7.073400537634408636e+01 -3.046491279858200979e-03 -2.043427357991054339e-03
7.085900537634408636e+01 -3.031981045759413185e-03 -2.016895785159038366e-03
7.098400537634408636e+01 -3.017324882144500724e-03 -1.990531303791133987e-03
7.110900537634408636e+01 -3.002526205379764564e-03 -1.964337468951666589e-03
7.123400537634408636e+01 -2.987588423624136860e-03 -1.938317735990845473e-03
7.135900537634408636e+01 -2.972514935768234053e-03 -1.912475461024379765e-03
7.148400537634408636e+01 -2.957309130406041847e-03 -1.886813901469149317e-03
7.160900537634408636e+01 -2.941974384838964059e-03 -1.861336216594570081e-03
7.173400537634408636e+01 -2.926514064111503284e-03 -1.836045468105267347e-03
7.185900537634408636e+01 -2.910931520078380817e-03 -1.810944620764045948e-03
7.198400537634408636e+01 -2.895230090501987354e-03 -1.786036543030662281e-03
7.210900537634408636e+01 -2.879413098179977107e-03 -1.761324007732732949e-03
7.223400537634408636e+01 -2.863483850102690065e-03 -1.736809692762234045e-03
7.235900537634408636e+01 -2.847445636639021546e-03 -1.712496181800326079e-03
7.248400537634408636e+01 -2.831301730751006190e-03 -1.688385965055956084e-03
7.260900537634408636e+01 -2.815055387236424251e-03 -1.664481440041916741e-03
7.273400537634408636e+01 -2.798709841998663853e-03 -1.640784912357157220e-03
7.285900537634408636e+01 -2.782268311343129297e-03 -1.617298596505404619e-03
7.298400537634408636e+01 -2.765733991300523258e-03 -1.594024616717209294e-03
7.310900537634408636e+01 -2.749110056975566114e-03 -1.570965007807190780e-03
7.323400537634408636e+01 -2.732399661921302431e-03 -1.548121716040665088e-03
7.335900537634408636e+01 -2.715605937537700527e-03 -1.525496600016166193e-03
7.348400537634408636e+01 -2.698731992495190420e-03 -1.503091431565378288e-03
7.360900537634408636e+01 -2.681780912181676042e-03 -1.480907896679499588e-03
7.373400537634408636e+01 -2.664755758172953660e-03 -1.458947596430337128e-03
7.385900537634408636e+01 -2.647659567725892029e-03 -1.437212047919779251e-03
7.398400537634408636e+01 -2.630495353294207746e-03 -1.415702685243851481e-03
7.410900537634408636e+01 -2.613266102065757695e-03 -1.394420860452044199e-03
7.423400537634408636e+01 -2.595974775522030299e-03 -1.373367844543226923e-03
7.435900537634408636e+01 -2.578624309017577432e-03 -1.352544828445675137e-03
7.448400537634408636e+01 -2.561217611380933474e-03 -1.331952924033432415e-03
7.460900537634408636e+01 -2.543757564535011843e-03 -1.311593165125534777e-03
7.473400537634408636e+01 -2.526247023137555801e-03 -1.291466508518334007e-03
7.485900537634408636e+01 -2.508688814240613973e-03 -1.271573835009110701e-03
7.498400537634408636e+01 -2.491085736968678445e-03 -1.251915950434008551e-03
7.510900537634408636e+01 -2.473440562215517124e-03 -1.232493586708320902e-03
7.523400537634408636e+01 -2.455756032358683786e-03 -1.213307402882241514e-03
7.535900537634408636e+01 -2.438034860991765244e-03 -1.194357986187660021e-03
7.548400537634408636e+01 -2.420279732673575896e-03 -1.175645853103780445e-03
7.560900537634408636e+01 -2.402493302694168244e-03 -1.157171450415996625e-03
7.573400537634408636e+01 -2.384678196857281229e-03 -1.138935156287130364e-03
7.585900537634408636e+01 -2.366837011278645226e-03 -1.120937281324783149e-03
7.598400537634408636e+01 -2.348972312199751680e-03 -1.103178069656428643e-03
7.610900537634408636e+01 -2.331086635817071311e-03 -1.085657700004046336e-03
7.623400537634408636e+01 -2.313182488125762465e-03 -1.068376286757576022e-03
7.635900537634408636e+01 -2.295262344778328020e-03 -1.051333881059287592e-03
7.648400537634408636e+01 -2.277328650956715519e-03 -1.034530471875903671e-03
7.660900537634408636e+01 -2.259383821258715338e-03 -1.017965987080412214e-03
7.673400537634408636e+01 -2.241430239597331110e-03 -1.001640294524725611e-03
7.685900537634408636e+01 -2.223470259113736504e-03 -9.855532031284312995e-04
7.698400537634408636e+01 -2.205506202102220249e-03 -9.697044639409654497e-04
7.710900537634408636e+01 -2.187540359948065248e-03 -9.540937712255748724e-04
7.723400537634408636e+01 -2.169574993077255046e-03 -9.387207635280475203e-04
7.735900537634408636e+01 -2.151612330917964267e-03 -9.235850247482174603e-04
7.748400537634408636e+01 -2.133654571873378099e-03 -9.086860852043018594e-04
7.760900537634408636e+01 -2.115703883305672123e-03 -8.940234227030236002e-04
7.773400537634408636e+01 -2.097762401530742660e-03 -8.795964635928936329e-04
7.785900537634408636e+01 -2.079832231823406600e-03 -8.654045838237141557e-04
7.798400537634408636e+01 -2.061915448432958837e-03 -8.514471100051440675e-04
7.810900537634408636e+01 -2.044014094608294536e-03 -8.377233204436372984e-04
7.823400537634408636e+01 -2.026130182633009962e-03 -8.242324461962823338e-04
7.835900537634408636e+01 -2.008265693869428457e-03 -8.109736720995108002e-04
7.848400537634408636e+01 -1.990422578812271921e-03 -7.979461378137407863e-04
7.860900537634408636e+01 -1.972602757150352781e-03 -7.851489388376419040e-04
7.873400537634408636e+01 -1.954808117837485582e-03 -7.725811275391546336e-04
7.885900537634408636e+01 -1.937040519171083627e-03 -7.602417141653662093e-04
7.898400537634408636e+01 -1.919301788879313646e-03 -7.481296678555972605e-04
7.910900537634408636e+01 -1.901593724215404476e-03 -7.362439176364493892e-04
7.923400537634408636e+01 -1.883918092059919851e-03 -7.245833534273180086e-04
7.935900537634408636e+01 -1.866276629030005864e-03 -7.131468270171622235e-04
7.948400537634408636e+01 -1.848671041595842954e-03 -7.019331530543156030e-04
7.960900537634408636e+01 -1.831103006203672933e-03 -6.909411100155368659e-04
7.973400537634408636e+01 -1.813574169405600964e-03 -6.801694411725052111e-04
7.985900537634408636e+01 -1.796086147995522428e-03 -6.696168555483693937e-04
7.998400537634408636e+01 -1.778640529151245559e-03 -6.592820288699876392e-04
8.010900537634408636e+01 -1.761238870582694082e-03 -6.491636045093660858e-04
8.023400537634408636e+01 -1.743882700685196047e-03 -6.392601944112855745e-04
8.035900537634408636e+01 -1.726573518699038275e-03 -6.295703800260626795e-04
8.048400537634408636e+01 -1.709312794873610233e-03 -6.200927132198797874e-04
8.060900537634408636e+01 -1.692101970637119182e-03 -6.108257171849002876e-04
8.073400537634408636e+01 -1.674942458770665131e-03 -6.017678873336194641e-04
8.085900537634408636e+01 -1.657835643587510189e-03 -5.929176921943179112e-04
8.098400537634408636e+01 -1.640782881116443397e-03 -5.842735742839334041e-04
8.110900537634408636e+01 -1.623785499289694643e-03 -5.758339509839475014e-04
8.123400537634408636e+01 -1.606844798134827177e-03 -5.675972154005970785e-04
8.135900537634408636e+01 -1.589962049970658573e-03 -5.595617372156413754e-04
8.148400537634408636e+01 -1.573138499606930880e-03 -5.517258635280510200e-04
8.160900537634408636e+01 -1.556375364547658152e-03 -5.440879196921027039e-04
8.173400537634408636e+01 -1.539673835197708385e-03 -5.366462101320125912e-04
8.185900537634408636e+01 -1.523035075073005161e-03 -5.293990191625642808e-04
8.198400537634408636e+01 -1.506460221013428960e-03 -5.223446117883059946e-04
8.210900537634408636e+01 -1.489950383399204830e-03 -5.154812344987270024e-04
8.223400537634408636e+01 -1.473506646369622400e-03 -5.088071160528150451e-04
8.235900537634408636e+01 -1.457130068044686913e-03 -5.023204682482835734e-04
8.248400537634408636e+01 -1.446242761418805537e-03 -4.960194866932116607e-04
8.260900537634408636e+01 -1.436399713958135980e-03 -4.899023515493061177e-04
8.273400537634408636e+01 -1.426578925793557445e-03 -4.839672282849845266e-04
8.285900537634408636e+01 -1.416781011729772955e-03 -4.782122684015794396e-04
8.298400537634408636e+01 -1.407006575786825696e-03 -4.726356101608258941e-04
8.310900537634408636e+01 -1.397256211242651992e-03 -4.672353792938116718e-04
8.323400537634408636e+01 -1.387530500678051636e-03 -4.620096897098878224e-04
8.335900537634408636e+01 -1.377830016023848725e-03 -4.569566441814170376e-04
8.348400537634408636e+01 -1.368155318610330198e-03 -4.520743350328300467e-04
8.360900537634408636e+01 -1.358506959218696653e-03 -4.473608448080983679e-04
8.373400537634408636e+01 -1.348885478134678739e-03 -4.428142469369304095e-04
8.385900537634408636e+01 -1.339291405203950737e-03 -4.384326063813704017e-04
8.398400537634408636e+01 -1.329725259889544048e-03 -4.342139802835226752e-04
8.410900537634408636e+01 -1.320187551331027933e-03 -4.301564185906756911e-04
8.423400537634408636e+01 -1.310678778405458163e-03 -4.262579646812256163e-04
8.435900537634408636e+01 -1.301199429789948268e-03 -4.225166559739571785e-04
8.448400537634408636e+01 -1.291749984025877080e-03 -4.189305245287852902e-04
8.460900537634408636e+01 -1.282330909584661208e-03 -4.154975976390293257e-04
8.473400537634408636e+01 -1.272942664934969713e-03 -4.122158984098048392e-04
8.485900537634408636e+01 -1.263585698611331123e-03 -4.090834463333304564e-04
8.498400537634408636e+01 -1.254260449284125408e-03 -4.031917611352507018e-04
8.510900537634408636e+01 -1.244967345830866800e-03 -3.945263184698557623e-04
8.523400537634408636e+01 -1.235706807408682491e-03 -3.860241926050999488e-04
8.535900537634408636e+01 -1.226479243528003039e-03 -3.776843650377741893e-04
8.548400537634408636e+01 -1.217285054127330464e-03 -3.695058018836252091e-04
8.560900537634408636e+01 -1.208124629649104430e-03 -3.614874543698907961e-04
8.573400537634408636e+01 -1.198998351116537268e-03 -3.536282593196937393e-04
8.585900537634408636e+01 -1.189906590211461859e-03 -3.459271396332943985e-04
8.598400537634408636e+01 -1.180849709352998524e-03 -3.383830047611811301e-04
8.610900537634408636e+01 -1.171828061777133298e-03 -3.309947511728158803e-04
8.623400537634408636e+01 -1.162841991617107615e-03 -3.237612628197601423e-04
8.635900537634408636e+01 -1.153891833984541787e-03 -3.166814115920574464e-04
8.648400537634408636e+01 -1.144977915051248463e-03 -3.097540577698087690e-04
8.660900537634408636e+01 -1.136100552131748005e-03 -3.029780504678391889e-04
8.673400537634408636e+01 -1.127260053766382993e-03 -2.963522280758241752e-04
8.685900537634408636e+01 -1.118456719805040753e-03 -2.898754186920080782e-04
8.698400537634408636e+01 -1.109690841491329724e-03 -2.835464405507812113e-04
8.710900537634408636e+01 -1.100962701547356050e-03 -2.773641024448286578e-04
8.723400537634408636e+01 -1.092272574258872911e-03 -2.713272041421221242e-04
8.735900537634408636e+01 -1.083620725560899972e-03 -2.654345367958806882e-04
8.748400537634408636e+01 -1.075007413123653778e-03 -2.596848833496203279e-04
8.760900537634408636e+01 -1.066432886438874097e-03 -2.540770189359170842e-04
8.773400537634408636e+01 -1.057897386906448203e-03 -2.486097112703674781e-04
8.785900537634408636e+01 -1.049401147921245067e-03 -2.432817210380362749e-04
8.798400537634408636e+01 -1.040944394960291496e-03 -2.380918022768097183e-04
8.810900537634408636e+01 -1.032527345670021133e-03 -2.330387027519747231e-04
8.823400537634408636e+01 -1.024150209953788009e-03 -2.281211643273622848e-04
8.835900537634408636e+01 -1.015813190059468556e-03 -2.233379233302099445e-04
8.848400537634408636e+01 -1.007516480667202839e-03 -2.186877109101570925e-04
8.860900537634408636e+01 -9.992602689771696092e-04 -2.141692533925014551e-04
8.873400537634408636e+01 -9.910447347974233809e-04 -2.097812726259046018e-04
8.885900537634408636e+01 -9.828700506317896140e-04 -2.055224863254111775e-04
8.898400537634408636e+01 -9.747363817677055830e-04 -2.013916084083344109e-04
8.910900537634408636e+01 -9.666438863640273082e-04 -1.973873493259828936e-04
8.923400537634408636e+01 -9.585927155387965895e-04 -1.935084163888324625e-04
8.935900537634408636e+01 -9.505830134569231461e-04 -1.897535140874023112e-04
8.948400537634408636e+01 -9.426149174177345927e-04 -1.861213444061726101e-04
8.960900537634408636e+01 -9.346885579424159349e-04 -1.826106071338649806e-04
8.973400537634408636e+01 -9.268040588612742924e-04 -1.792200001663627005e-04
8.985900537634408636e+01 -9.189615374008379542e-04 -1.759482198062515049e-04
8.998400537634408636e+01 -9.111611042707629896e-04 -1.727939610554725869e-04
9.010900537634408636e+01 -9.034028637504856133e-04 -1.697559179037993050e-04
9.023400537634408636e+01 -8.956869137756755988e-04 -1.668327836111152367e-04
9.035900537634408636e+01 -8.880133460243875253e-04 -1.640232509851162197e-04
9.048400537634408636e+01 -8.803822460029843422e-04 -1.613260126541379033e-04
9.060900537634408636e+01 -8.727936931317269989e-04 -1.587397613337524426e-04
9.073400537634408636e+01 -8.652477608300460782e-04 -1.562631900893557326e-04
9.085900537634408636e+01 -8.577445166015003125e-04 -1.538949925928976734e-04
9.098400537634408636e+01 -8.502840221183860948e-04 -1.516338633752878243e-04
9.110900537634408636e+01 -8.428663333059868180e-04 -1.494784980732252765e-04
9.123400537634408636e+01 -8.354915004264092419e-04 -1.474275936716683809e-04
9.135900537634408636e+01 -8.281595681620738903e-04 -1.454798487404891660e-04
9.148400537634408636e+01 -8.208705756987719855e-04 -1.436339636675237614e-04
9.160900537634408636e+01 -8.136245568083127697e-04 -1.418886408858818066e-04
9.173400537634408636e+01 -8.064215399307125354e-04 -1.402425850967334634e-04
9.185900537634408636e+01 -7.992615482559672132e-04 -1.386945034872271137e-04
9.198400537634408636e+01 -7.921445998053488861e-04 -1.372431059443698410e-04
9.210900537634408636e+01 -7.850707075122368567e-04 -1.358871052633649548e-04
9.223400537634408636e+01 -7.780398793024639664e-04 -1.346252173518061829e-04
9.235900537634408636e+01 -7.710521181741768681e-04 -1.334561614296171552e-04
9.248400537634408636e+01 -7.641074222771804345e-04 -1.323786602237518074e-04
9.260900537634408636e+01 -7.572057849917981790e-04 -1.313914401593493334e-04
9.273400537634408636e+01 -7.503471950071669396e-04 -1.304932315451486405e-04
9.285900537634408636e+01 -7.435316363990368419e-04 -1.296827687564124738e-04
9.298400537634408636e+01 -7.367590887070233057e-04 -1.289587904113383306e-04
9.310900537634408636e+01 -7.300295270113099037e-04 -1.283200395453011611e-04
9.323400537634408636e+01 -7.233429220087950239e-04 -1.277652637792791614e-04
9.335900537634408636e+01 -7.166992400886690014e-04 -1.272932154849323091e-04
9.348400537634408636e+01 -7.100984434074389569e-04 -1.269026519449769253e-04
9.360900537634408636e+01 -7.035404899633682747e-04 -1.265923355104539160e-04
9.373400537634408636e+01 -6.970253336703271423e-04 -1.263610337524546262e-04
9.385900537634408636e+01 -6.905529244310712814e-04 -1.262075196113881842e-04
9.398400537634408636e+01 -6.841232082099126584e-04 -1.261305715409303738e-04
9.410900537634408636e+01 -6.777361271047976790e-04 -1.261289736494356623e-04
9.423400537634408636e+01 -6.713916194187909137e-04 -1.262015158362123882e-04
9.435900537634408636e+01 -6.650896197309204456e-04 -1.263469939245205132e-04
9.448400537634408636e+01 -6.588300589664518444e-04 -1.265642097914060793e-04
9.460900537634408636e+01 -6.526128644665039197e-04 -1.268519714923960055e-04
9.473400537634408636e+01 -6.464379600570964619e-04 -1.272090933842049451e-04
9.485900537634408636e+01 -6.403052661175088643e-04 -1.276343962422345039e-04
9.498400537634408636e+01 -6.342146996480707306e-04 -1.281267073757427787e-04
9.510900537634408636e+01 -6.281661743372837477e-04 -1.286848607384620893e-04
9.523400537634408636e+01 -6.221596006283407415e-04 -1.293076970368745634e-04
9.535900537634408636e+01 -6.161948857849790327e-04 -1.299940638335789960e-04
9.548400537634408636e+01 -6.102719339567416008e-04 -1.307428156489750268e-04
9.560900537634408636e+01 -6.043906462435382886e-04 -1.315528140578572599e-04
9.573400537634408636e+01 -5.985509207596316191e-04 -1.324229277842050537e-04
9.585900537634408636e+01 -5.933693541419658105e-04 -1.333520327914873192e-04
9.598400537634408636e+01 -5.888725639311485731e-04 -1.343390123708530965e-04
9.610900537634408636e+01 -5.844047278251114424e-04 -1.353827572252673246e-04
9.623400537634408636e+01 -5.799657289591031439e-04 -1.364821655510586461e-04
9.635900537634408636e+01 -5.755554499045975733e-04 -1.376361431160409178e-04
9.648400537634408636e+01 -5.711737726894935670e-04 -1.388436033348829611e-04
9.660900537634408636e+01 -5.668205788180558742e-04 -1.401034673417375035e-04
9.673400537634408636e+01 -5.624957492906038341e-04 -1.409460460718166112e-04
9.685900537634408636e+01 -5.581991646229228238e-04 -1.344786323687253862e-04
9.698400537634408636e+01 -5.539307048654426016e-04 -1.280864611165076820e-04
9.710900537634408636e+01 -5.496902496221362519e-04 -1.217690931859872664e-04
9.723400537634408636e+01 -5.454776780691834252e-04 -1.155260871184149581e-04
9.735900537634408636e+01 -5.412928689733654533e-04 -1.093569992317124567e-04
9.748400537634408636e+01 -5.371357007102205323e-04 -1.032613837250254005e-04
9.760900537634408636e+01 -5.370373851922002678e-04 -9.723879278181523169e-05
9.773400537634408636e+01 -5.398814326507760759e-04 -9.128877667111871905e-05
9.785900537634408636e+01 -5.427146453660880660e-04 -8.541088384746754216e-05
9.798400537634408636e+01 -5.455362140387055988e-04 -7.960466104904943537e-05
9.810900537634408636e+01 -5.483453439486656597e-04 -7.386965339444311800e-05
9.823400537634408636e+01 -5.511412548796367113e-04 -6.820540447768340408e-05
9.835900537634408636e+01 -5.539231810476694801e-04 -6.261145646189855338e-05
9.848400537634408636e+01 -5.566903710240965215e-04 -5.708735017133345543e-05
9.860900537634408636e+01 -5.594420876571519919e-04 -5.163262518190453958e-05
9.873400537634408636e+01 -5.621776079941375338e-04 -4.624681991031638243e-05
9.885900537634408636e+01 -5.648962231985183227e-04 -4.092947170150793918e-05
9.898400537634408636e+01 -5.675972384679518539e-04 -3.568011691484248280e-05
9.910900537634408636e+01 -5.702799729488356806e-04 -3.049829100869144344e-05
9.923400537634408636e+01 -5.729437596524203065e-04 -2.538352862364216819e-05
9.935900537634408636e+01 -5.755879453640433581e-04 -2.033536366421318512e-05
9.948400537634408636e+01 -5.782118905571289333e-04 -1.535332937922385724e-05
9.960900537634408636e+01 -5.808149693008617153e-04 -1.043695844064725450e-05
9.973400537634408636e+01 -5.833965691700371877e-04 -5.585783021235489646e-06
9.985900537634408636e+01 -5.859560911501215203e-04 -7.993348705401629512e-07
9.998400537634408636e+01 -5.884929495446671001e-04 3.922854610231042264e-06
1.001090053763440864e+02 -5.910065718791780590e-04 8.581254294850054222e-06
1.002340053763440864e+02 -5.934963988044675287e-04 1.317633325995199050e-05
1.003590053763440864e+02 -5.959618839987084306e-04 1.770856071432949048e-05
1.004840053763440864e+02 -5.984024940688811248e-04 2.217840592950114358e-05
1.006090053763440864e+02 -6.008177084513212796e-04 2.658633817156332558e-05
1.007340053763440864e+02 -6.032070193099302010e-04 3.093282663435809287e-05
1.008590053763440864e+02 -6.055699314358817947e-04 3.521834037394295966e-05
1.009840053763440864e+02 -6.079059621430237285e-04 3.944334824427915906e-05
1.011090053763440864e+02 -6.102146411661180103e-04 4.360831883416509694e-05
1.012340053763440864e+02 -6.124955105557078556e-04 4.771372040545893562e-05
1.013590053763440864e+02 -6.147481245732446540e-04 5.176002083246084365e-05
1.014840053763440864e+02 -6.169720495847122324e-04 5.574768754255823264e-05
1.016090053763440864e+02 -6.191668639557823366e-04 5.967718745801129027e-05
1.017340053763440864e+02 -6.213321579421346788e-04 6.354898693900963862e-05
1.018590053763440864e+02 -6.234675335843590420e-04 6.736355172774917931e-05
1.019840053763440864e+02 -6.255726045970125574e-04 7.112134689386286329e-05
1.021090053763440864e+02 -6.276469962622151276e-04 7.482283678082283791e-05
1.022340053763440864e+02 -6.296903453179816985e-04 7.846848495356945692e-05
1.023590053763440864e+02 -6.317022998498548429e-04 8.205875414720695564e-05
1.024840053763440864e+02 -6.336825191801874436e-04 8.559410621684839394e-05
1.026090053763440864e+02 -6.356306737567826628e-04 8.907500208851959380e-05
1.027340053763440864e+02 -6.375464450426503128e-04 9.250190171113977086e-05
1.028590053763440864e+02 -6.394295254044282499e-04 9.587526400957803333e-05
1.029840053763440864e+02 -6.412796180000684618e-04 9.919554683878546372e-05
1.031090053763440864e+02 -6.430964366666873031e-04 1.024632069389258185e-04
1.032340053763440864e+02 -6.448797058098825483e-04 1.056786998915427793e-04
1.033590053763440864e+02 -6.466291602888694359e-04 1.088424800767721988e-04
1.034840053763440864e+02 -6.483445453055310071e-04 1.119550006315066958e-04
1.036090053763440864e+02 -6.500256162910832006e-04 1.150167134085964101e-04
1.037340053763440864e+02 -6.516721387930116474e-04 1.180280689369887288e-04
1.038590053763440864e+02 -6.532838883613624990e-04 1.209895163828800490e-04
1.039840053763440864e+02 -6.548606504371438713e-04 1.239015035117207260e-04
1.041090053763440864e+02 -6.564022202376352524e-04 1.267644766513093457e-04
1.042340053763440864e+02 -6.579084026439932509e-04 1.295788806556688708e-04
1.043590053763440864e+02 -6.593790120871177414e-04 1.323451588699331536e-04
1.044840053763440864e+02 -6.608138724361267095e-04 1.350637530960783822e-04
1.046090053763440864e+02 -6.622128168833062460e-04 1.377351035595862487e-04
1.047340053763440864e+02 -6.635756878316458225e-04 1.403596488769722568e-04
1.048590053763440864e+02 -6.649023367830914164e-04 1.429378260241548012e-04
1.049840053763440864e+02 -6.661926242238453777e-04 1.454700703057120728e-04
1.051090053763440864e+02 -6.674464195128448516e-04 1.479568153249783259e-04
1.052340053763440864e+02 -6.686636007688100299e-04 1.503984929549693984e-04
1.053590053763440864e+02 -6.698440547581054451e-04 1.527955333101000508e-04
1.054840053763440864e+02 -6.709876767817540702e-04 1.551483647187623519e-04
1.056090053763440864e+02 -6.720943705652270830e-04 1.574574136966457949e-04
1.057340053763440864e+02 -6.731640481448264175e-04 1.597231049208893750e-04
1.058590053763440864e+02 -6.741966297578049936e-04 1.619458612049817943e-04
1.059840053763440864e+02 -6.751920437300570335e-04 1.641261034744142112e-04
1.061090053763440864e+02 -6.761502263668929319e-04 1.662642507431299056e-04
1.062340053763440864e+02 -6.770711218404880122e-04 1.683607200906783231e-04
1.063590053763440864e+02 -6.779546820812283386e-04 1.704159266400974860e-04
1.064840053763440864e+02 -6.788008666676856621e-04 1.724302835365414143e-04
1.066090053763440864e+02 -6.796096427169994857e-04 1.744042019265833838e-04
1.067340053763440864e+02 -6.803809847754477801e-04 1.763380909382573360e-04
1.068590053763440864e+02 -6.811148747107943812e-04 1.782323576617519511e-04
1.069840053763440864e+02 -6.818113016034453924e-04 1.800874071307947337e-04
1.071090053763440864e+02 -6.824702616386826327e-04 1.819036423046939660e-04
1.072340053763440864e+02 -6.830917579999361841e-04 1.836814640510691017e-04
1.073590053763440864e+02 -6.836758007609613531e-04 1.854212711291883676e-04
1.074840053763440864e+02 -6.842224067805455093e-04 1.871234601739497308e-04
1.076090053763440864e+02 -6.847315995960422510e-04 1.887884256805154770e-04
1.077340053763440864e+02 -6.852034093182530171e-04 1.904165599895224189e-04
1.078590053763440864e+02 -6.856378725262046161e-04 1.920082532729365543e-04
1.079840053763440864e+02 -6.860350321635273621e-04 1.935638935204728108e-04
1.081090053763440864e+02 -6.863949374341733658e-04 1.950838665266154922e-04
1.082340053763440864e+02 -6.867176436995232544e-04 1.965685558782254410e-04
1.083590053763440864e+02 -6.870032123751538622e-04 1.980183429427010387e-04
1.084840053763440864e+02 -6.872517108300918876e-04 1.994336068566893573e-04
1.086090053763440864e+02 -6.874632122837110370e-04 2.008147245153774128e-04
1.087340053763440864e+02 -6.876377957057616458e-04 2.021620705622893626e-04
1.088590053763440864e+02 -6.877755457166171392e-04 2.034760173796319824e-04
1.089840053763440864e+02 -6.878765524862160904e-04 2.047569350791641400e-04
1.091090053763440864e+02 -6.879409116361853271e-04 2.060051914935696893e-04
1.092340053763440864e+02 -6.879687241413837487e-04 2.072211521683263880e-04
1.093590053763440864e+02 -6.879600962315635636e-04 2.084051803541027404e-04
1.094840053763440864e+02 -6.879151392943698646e-04 2.095576369996139177e-04
1.096090053763440864e+02 -6.878339697798743508e-04 2.106788807449467595e-04
1.097340053763440864e+02 -6.877167091032340305e-04 2.117692679153929938e-04
1.098590053763440864e+02 -6.875634835510307900e-04 2.128291525156969760e-04
1.099840053763440864e+02 -6.873744241857722643e-04 2.138588862247989611e-04
1.101090053763440864e+02 -6.871496667533312204e-04 2.148588183909872027e-04
1.102340053763440864e+02 -6.868893515886316786e-04 2.158292960275051448e-04
1.103590053763440864e+02 -6.865936235241621973e-04 2.167706638085915632e-04
1.104840053763440864e+02 -6.862626317982148567e-04 2.176832640659341405e-04
1.106090053763440864e+02 -6.858965299636867255e-04 2.185674367855241140e-04
1.107340053763440864e+02 -6.854954757979953451e-04 2.194235196049370965e-04
1.108590053763440864e+02 -6.850596312138465061e-04 2.202518478109994130e-04
1.109840053763440864e+02 -6.845891621703514623e-04 2.210527543378357229e-04
1.111090053763440864e+02 -6.840842385845130992e-04 2.218265697653300499e-04
1.112340053763440864e+02 -6.835450342448504742e-04 2.225736223179137791e-04
1.113590053763440864e+02 -6.829717267243664387e-04 2.232942378637612333e-04
1.114840053763440864e+02 -6.823644972940792622e-04 2.239887399143445539e-04
1.116090053763440864e+02 -6.817235308393713392e-04 2.246574496243048161e-04
1.117340053763440864e+02 -6.810490157741890069e-04 2.253006857917127528e-04
1.118590053763440864e+02 -6.803411439589123876e-04 2.259187648586276603e-04
1.119840053763440864e+02 -6.796001106161828108e-04 2.265120009120336346e-04
1.121090053763440864e+02 -6.788261142499440277e-04 2.270807056850611687e-04
1.122340053763440864e+02 -6.780193565629904790e-04 2.276251885585624441e-04
1.123590053763440864e+02 -6.771800423779705900e-04 2.281457565629364229e-04
1.124840053763440864e+02 -6.763083795563077467e-04 2.286427143803578313e-04
1.126090053763440864e+02 -6.754045789195264665e-04 2.291163643472179435e-04
1.127340053763440864e+02 -6.744688541711758552e-04 2.295670064568938772e-04
1.128590053763440864e+02 -6.735014218193412444e-04 2.299949383628102726e-04
1.129840053763440864e+02 -6.725025011001695575e-04 2.304004553817494427e-04
1.131090053763440864e+02 -6.714723139009764986e-04 2.307838504974859444e-04
1.132340053763440864e+02 -6.704110846863621867e-04 2.311454143646431668e-04
1.133590053763440864e+02 -6.693190404227553460e-04 2.314854353128254969e-04
1.134840053763440864e+02 -6.681964105056167197e-04 2.318041993510150574e-04
1.136090053763440864e+02 -6.670434266860364144e-04 2.321019901722224190e-04
1.137340053763440864e+02 -6.658603229986731617e-04 2.323790891583593036e-04
1.138590053763440864e+02 -6.646473356905944433e-04 2.326357753853723620e-04
1.139840053763440864e+02 -6.634047031509127459e-04 2.328723256285896196e-04
1.141090053763440864e+02 -6.621326658408069245e-04 2.330890143683199466e-04
1.142340053763440864e+02 -6.608314662243780762e-04 2.332861137956529973e-04
1.143590053763440864e+02 -6.595013487004138669e-04 2.334638938184918741e-04
1.144840053763440864e+02 -6.581425595358686084e-04 2.336226220677625157e-04
1.146090053763440864e+02 -6.567553467976693267e-04 2.337625639038960876e-04
1.147340053763440864e+02 -6.553399602876340329e-04 2.338839824234471420e-04
1.148590053763440864e+02 -6.538966514774303268e-04 2.339871384659393517e-04
1.149840053763440864e+02 -6.524256734436882817e-04 2.340722906208967779e-04
1.151090053763440864e+02 -6.509272808049501851e-04 2.341396952350529746e-04
1.152340053763440864e+02 -6.494017296583255933e-04 2.341896064197649795e-04
1.153590053763440864e+02 -6.478492775173843275e-04 2.342222760585792026e-04
1.154840053763440864e+02 -6.462701832510870520e-04 2.342379538149710297e-04
1.156090053763440864e+02 -6.446647070230724459e-04 2.342368871402692842e-04
1.157340053763440864e+02 -6.430331102318290843e-04 2.342193212817326921e-04
1.158590053763440864e+02 -6.413756554513304906e-04 2.341854992907774864e-04
1.159840053763440864e+02 -6.396926063728225866e-04 2.341356620313719502e-04
1.161090053763440864e+02 -6.379842277479536028e-04 2.340700481885626104e-04
1.162340053763440864e+02 -6.362507853305746476e-04 2.339888942771715984e-04
1.163590053763440864e+02 -6.344925458214594914e-04 2.338924346506118107e-04
1.164840053763440864e+02 -6.327097768128353734e-04 2.337809015098423913e-04
1.166090053763440864e+02 -6.309027467339206000e-04 2.336545249124630198e-04
1.167340053763440864e+02 -6.290717247962291465e-04 2.335135327819420166e-04
1.168590053763440864e+02 -6.272169809414100163e-04 2.333581509169499143e-04
1.169840053763440864e+02 -6.253387857879127336e-04 2.331886030008294489e-04
1.171090053763440864e+02 -6.234374105796136167e-04 2.330051106111782531e-04
1.172340053763440864e+02 -6.215131271353970151e-04 2.328078932295315410e-04
1.173590053763440864e+02 -6.195662077975637666e-04 2.325971682511827844e-04
1.174840053763440864e+02 -6.175969253831642891e-04 2.323731509950829660e-04
1.176090053763440864e+02 -6.156055531347762351e-04 2.321360547138445675e-04
1.177340053763440864e+02 -6.135923646729982226e-04 2.318860906038553869e-04
1.178590053763440864e+02 -6.115576339477488826e-04 2.316234678154872504e-04
1.179840053763440864e+02 -6.095016351923587036e-04 2.313483934633795889e-04
1.181090053763440864e+02 -6.074246428772881509e-04 2.310610726368300791e-04
1.182340053763440864e+02 -6.053269316649696708e-04 2.307617084102445907e-04
1.183590053763440864e+02 -6.032087763644094353e-04 2.304505018537042005e-04
1.184840053763440864e+02 -6.010704518879523943e-04 2.301276520435798834e-04
1.186090053763440864e+02 -5.989122332073814128e-04 2.297933560732261888e-04
1.187340053763440864e+02 -5.967343953116119185e-04 2.294478090637614353e-04
1.188590053763440864e+02 -5.945372131645408316e-04 2.290912041749060735e-04
1.189840053763440864e+02 -5.923209616634398733e-04 2.287237326158868321e-04
1.191090053763440864e+02 -5.900859155986360382e-04 2.283455836564005775e-04
1.192340053763440864e+02 -5.878323496134746102e-04 2.279569446376476425e-04
1.193590053763440864e+02 -5.855605381649427827e-04 2.275580009834051083e-04
1.194840053763440864e+02 -5.832707554846195156e-04 2.271489362111788813e-04
1.196090053763440864e+02 -5.809632755408717904e-04 2.267299319433850699e-04
1.197340053763440864e+02 -5.786383720015100254e-04 2.263011679185835930e-04
1.198590053763440864e+02 -5.762963181969433081e-04 2.258628220027655647e-04
1.199840053763440864e+02 -5.739373870835978719e-04 2.254150702006844540e-04
1.201090053763440864e+02 -5.715618512090300720e-04 2.249580866672159759e-04
1.202340053763440864e+02 -5.691699826763891657e-04 2.244920437187674213e-04
1.203590053763440864e+02 -5.667620531105863014e-04 2.240171118447101088e-04
1.204840053763440864e+02 -5.643383336243519436e-04 2.235334597188672382e-04
1.206090053763440864e+02 -5.618990947851281326e-04 2.230412542110084392e-04
1.207340053763440864e+02 -5.594446065823891140e-04 2.225406603983846258e-04
1.208590053763440864e+02 -5.569751383966210128e-04 2.220318415772847237e-04
1.209840053763440864e+02 -5.544909589668156093e-04 2.215149592746285835e-04
1.211090053763440864e+02 -5.519923363604369634e-04 2.209901732595625503e-04
1.212340053763440864e+02 -5.494795379434344422e-04 2.204576415550866912e-04
1.213590053763440864e+02 -5.469528303500715422e-04 2.199175204496988019e-04
1.214840053763440864e+02 -5.444124794546771097e-04 2.193699645090442128e-04
1.216090053763440864e+02 -5.418587503425185753e-04 2.188151265875984473e-04
1.217340053763440864e+02 -5.392919072826314131e-04 2.182531578403345651e-04
1.218590053763440864e+02 -5.367122136998735051e-04 2.176842077344290219e-04
1.219840053763440864e+02 -5.371293042796819765e-04 2.171084240609446258e-04
1.221090053763440864e+02 -5.375609025734764306e-04 2.165259529465489192e-04
1.222340053763440864e+02 -5.379730218249473067e-04 2.159369388652120970e-04
1.223590053763440864e+02 -5.383657477804681480e-04 2.153415246499227600e-04
1.224840053763440864e+02 -5.387391674627639180e-04 2.147398515043879197e-04
1.226090053763440864e+02 -5.390933691404329936e-04 2.141320590147521667e-04
1.227340053763440864e+02 -5.394284422980625410e-04 2.135182851612972424e-04
1.228590053763440864e+02 -5.397444776065848026e-04 2.128986663301383304e-04
1.229840053763440864e+02 -5.400415668939421640e-04 2.122733373249192099e-04
1.231090053763440864e+02 -5.403198031159740485e-04 2.116424313785011751e-04
1.232340053763440864e+02 -5.405792803278197840e-04 2.110060801646328991e-04
1.233590053763440864e+02 -5.408200936554499478e-04 2.103644138096151485e-04
1.234840053763440864e+02 -5.410423392676256453e-04 2.097175609039525414e-04
1.236090053763440864e+02 -5.412461143481576802e-04 2.090656485139849498e-04
1.237340053763440864e+02 -5.414315170683811542e-04 2.084088021935186306e-04
1.238590053763440864e+02 -5.415986465600737239e-04 2.077471459954163195e-04
1.239840053763440864e+02 -5.417476028885449433e-04 2.070808024831979509e-04
1.241090053763440864e+02 -5.418784870262500358e-04 2.064098927425907985e-04
1.242340053763440864e+02 -5.419914008263948839e-04 2.057345363930856345e-04
1.243590053763440864e+02 -5.420864469971183562e-04 2.050548515994529621e-04
1.244840053763440864e+02 -5.421637290758510351e-04 2.043709550832449910e-04
1.246090053763440864e+02 -5.422233514040592688e-04 2.036829621342619700e-04
1.247340053763440864e+02 -5.422654191021140154e-04 2.029909866220103339e-04
1.248590053763440864e+02 -5.422900380446882360e-04 2.022951410071186201e-04
1.249840053763440864e+02 -5.422973148362665021e-04 2.015955363527273652e-04
1.251090053763440864e+02 -5.422873567871108356e-04 2.008922823358532241e-04
1.252340053763440864e+02 -5.422602718893378962e-04 2.001854872587279627e-04
1.253590053763440864e+02 -5.422161687934397159e-04 1.994752580600920233e-04
1.254840053763440864e+02 -5.421551567850362366e-04 1.987617003264672449e-04
1.256090053763440864e+02 -5.420773457618929337e-04 1.980449183033929387e-04
1.257340053763440864e+02 -5.419828462113635567e-04 1.973250149066210887e-04
1.258590053763440864e+02 -5.418717691878526021e-04 1.966020917332924429e-04
1.259840053763440864e+02 -5.417442262908465575e-04 1.958762490730540310e-04
1.261090053763440864e+02 -5.416003296430401239e-04 1.951475859191635631e-04
1.262340053763440864e+02 -5.414401918688737823e-04 1.944161999795319202e-04
1.263590053763440864e+02 -5.412639260731940934e-04 1.936821876877489485e-04
1.264840053763440864e+02 -5.410716458203677351e-04 1.929456442140531727e-04
1.266090053763440864e+02 -5.408634651135194645e-04 1.922066634762707184e-04
1.267340053763440864e+02 -5.406394983741993161e-04 1.914653381507038193e-04
1.268590053763440864e+02 -5.403998604221453171e-04 1.907217596829913783e-04
1.269840053763440864e+02 -5.401446664554615616e-04 1.899760182989103862e-04
1.271090053763440864e+02 -5.398740320309861280e-04 1.892282030151489066e-04
1.272340053763440864e+02 -5.395880730449773184e-04 1.884784016500256644e-04
1.273590053763440864e+02 -5.392869057140348447e-04 1.877267008341622812e-04
1.274840053763440864e+02 -5.389706465562713565e-04 1.869731860211250719e-04
1.276090053763440864e+02 -5.386394123727926420e-04 1.862179414980040125e-04
1.277340053763440864e+02 -5.382933202293540111e-04 1.854610503959552772e-04
1.278590053763440864e+02 -5.379324874384488423e-04 1.847025947006886452e-04
1.279840053763440864e+02 -5.375570315414175118e-04 1.839426552629209717e-04
1.281090053763441006e+02 -5.371670702909731986e-04 1.831813118087616515e-04
1.282340053763441006e+02 -5.367627216339373748e-04 1.824186429500716019e-04
1.283590053763441006e+02 -5.363441036942886292e-04 1.816547261947493597e-04
1.284840053763441006e+02 -5.359113347562522583e-04 1.808896379569893144e-04
1.286090053763441006e+02 -5.354645332479238259e-04 1.801234535674749431e-04
1.287340053763441006e+02 -5.350038177249331634e-04 1.793562472835281355e-04
1.288590053763441006e+02 -5.345293068544294032e-04 1.785880922992006228e-04
1.289840053763441006e+02 -5.340411193992813336e-04 1.778190607553273501e-04
1.291090053763441006e+02 -5.335393742025664778e-04 1.770492237495095939e-04
1.292340053763441006e+02 -5.330241901721937455e-04 1.762786513460628960e-04
1.293590053763441006e+02 -5.324956862658878839e-04 1.755074125859020331e-04
1.294840053763441006e+02 -5.319539814763803599e-04 1.747355754963712067e-04
1.296090053763441006e+02 -5.313991948166819912e-04 1.739632071010323831e-04
1.297340053763441006e+02 -5.308314453058198337e-04 1.731903734293886081e-04
1.298590053763441006e+02 -5.302508519546325063e-04 1.724171395265586683e-04
1.299840053763441006e+02 -5.296575337518768991e-04 1.716435694628922837e-04
1.301090053763441006e+02 -5.290516096504919823e-04 1.708697263435415804e-04
1.302340053763441006e+02 -5.284331985541723719e-04 1.700956723179629837e-04
1.303590053763441006e+02 -5.278024193040317755e-04 1.693214685893781836e-04
1.304840053763441006e+02 -5.271593906656968668e-04 1.685471754241663338e-04
1.306090053763441006e+02 -5.265042313163300356e-04 1.677728521612143473e-04
1.307340053763441006e+02 -5.258370598321456674e-04 1.669985572211995909e-04
1.308590053763441006e+02 -5.251579946759638278e-04 1.662243481158242253e-04
1.309840053763441006e+02 -5.244671541850418279e-04 1.654502814569864979e-04
1.311090053763441006e+02 -5.237646565590897783e-04 1.646764129659059040e-04
1.312340053763441006e+02 -5.230506198485339927e-04 1.639027974821791742e-04
1.313590053763441006e+02 -5.223251619429038813e-04 1.631294889727909984e-04
1.314840053763441006e+02 -5.215884005595188434e-04 1.623565405410618912e-04
1.316090053763441006e+02 -5.208404532323667379e-04 1.615840044355362380e-04
1.317340053763441006e+02 -5.200814373010366736e-04 1.608119320588228792e-04
1.318590053763441006e+02 -5.193114699000662884e-04 1.600403739763705342e-04
1.319840053763441006e+02 -5.185306679483343492e-04 1.592693799251882294e-04
1.321090053763441006e+02 -5.177391481386996825e-04 1.584989988225067722e-04
1.322340053763441006e+02 -5.169370269278335261e-04 1.577292787743872894e-04
1.323590053763441006e+02 -5.161244205262209084e-04 1.569602670842694836e-04
1.324840053763441006e+02 -5.153014448883420050e-04 1.561920102614618036e-04
1.326090053763441006e+02 -5.144682157031428690e-04 1.554245540295715229e-04
1.327340053763441006e+02 -5.136248483845181961e-04 1.546579433348865709e-04
1.328590053763441006e+02 -5.127714580620941964e-04 1.538922223546886536e-04
1.329840053763441006e+02 -5.119081595721865652e-04 1.531274345055166084e-04
1.331090053763441006e+02 -5.110350674489413589e-04 1.523636224513646260e-04
1.332340053763441006e+02 -5.101522959155313812e-04 1.516008281118341229e-04
1.333590053763441006e+02 -5.092599588757337759e-04 1.508390926702144624e-04
1.334840053763441006e+02 -5.083581699055172683e-04 1.500784565815178146e-04
1.336090053763441006e+02 -5.074470422448337792e-04 1.493189595804498041e-04
1.337340053763441006e+02 -5.065266887896982193e-04 1.485606406893208247e-04
1.338590053763441006e+02 -5.055972220842407452e-04 1.478035382259092157e-04
1.339840053763441006e+02 -5.046587543130554368e-04 1.470476898112570824e-04
1.341090053763441006e+02 -5.037113972937100857e-04 1.462931323774143181e-04
1.342340053763441006e+02 -5.027552624694017020e-04 1.455399021751212338e-04
1.343590053763441006e+02 -5.017904609016999489e-04 1.447880347814381973e-04
1.344840053763441006e+02 -5.008171032635859140e-04 1.440375651073174572e-04
1.346090053763441006e+02 -4.998352998325093126e-04 1.432885274051153902e-04
1.347340053763441006e+02 -4.988451604837635788e-04 1.425409552760460653e-04
1.348590053763441006e+02 -4.978467946838296227e-04 1.417948816775862369e-04
1.349840053763441006e+02 -4.968403114839917232e-04 1.410503389308147965e-04
1.351090053763441006e+02 -4.958258195140943661e-04 1.403073587277002651e-04
1.352340053763441006e+02 -4.948034269764462097e-04 1.395659721383277056e-04
1.353590053763441006e+02 -4.937732416397770663e-04 1.388262096180765471e-04
1.354840053763441006e+02 -4.927353708335044250e-04 1.380881010147326266e-04
1.356090053763441006e+02 -4.916899214420158027e-04 1.373516755755526330e-04
1.357340053763441006e+02 -4.906369998991114492e-04 1.366169619542675657e-04
1.358590053763441006e+02 -4.895767121826920818e-04 1.358839882180288921e-04
1.359840053763441006e+02 -4.885091638094239599e-04 1.351527818543061610e-04
1.361090053763441006e+02 -4.874344598296421593e-04 1.344233697777217588e-04
1.362340053763441006e+02 -4.863527048223903471e-04 1.336957783368337321e-04
1.363590053763441006e+02 -4.852640028905870831e-04 1.329700333208614737e-04
1.364840053763441006e+02 -4.841684576562479037e-04 1.322461599663584178e-04
1.366090053763441006e+02 -4.830661722559622469e-04 1.315241829638300367e-04
1.367340053763441006e+02 -4.819572493364113609e-04 1.308041264642954057e-04
1.368590053763441006e+02 -4.808417910500526371e-04 1.300860140857919278e-04
1.369840053763441006e+02 -4.797198990509059669e-04 1.293698689198334118e-04
1.371090053763441006e+02 -4.785916744904975244e-04 1.286557135378061864e-04
1.372340053763441006e+02 -4.774572180138611749e-04 1.279435699973156956e-04
1.373590053763441006e+02 -4.763166297557851290e-04 1.272334598484759546e-04
1.374840053763441006e+02 -4.751700093370311677e-04 1.265254041401494048e-04
1.376090053763441006e+02 -4.740174558607479385e-04 1.258194234261316910e-04
1.377340053763441006e+02 -4.728590679090286680e-04 1.251155377712821195e-04
1.378590053763441006e+02 -4.716949435395229213e-04 1.244137667576029156e-04
1.379840053763441006e+02 -4.705251802821993918e-04 1.237141294902629693e-04
1.381090053763441006e+02 -4.693498751362006299e-04 1.230166446035747710e-04
1.382340053763441006e+02 -4.681691245668353585e-04 1.223213302669130169e-04
1.383590053763441006e+02 -4.669830245026193052e-04 1.216282041905853063e-04
1.384840053763441006e+02 -4.657916703325501147e-04 1.209372836316471378e-04
1.386090053763441006e+02 -4.645951569033134683e-04 1.202485853996695941e-04
1.387340053763441006e+02 -4.633935785167510920e-04 1.195621258624543747e-04
1.388590053763441006e+02 -4.621870289273394988e-04 1.188779209516961096e-04
1.389840053763441006e+02 -4.609756013398139053e-04 1.181959861685935934e-04
1.391090053763441006e+02 -4.597593884068684224e-04 1.175163365894145749e-04
1.392340053763441006e+02 -4.585384822269790851e-04 1.168389868710055507e-04
1.393590053763441006e+02 -4.573129743422792506e-04 1.161639512562542197e-04
1.394840053763441006e+02 -4.560829557366263029e-04 1.154912435794990281e-04
1.396090053763441006e+02 -4.548485168336500344e-04 1.148208772718935179e-04
1.397340053763441006e+02 -4.536097474949473958e-04 1.141528653667185509e-04
1.398590053763441006e+02 -4.523667370184011145e-04 1.134872205046455143e-04
1.399840053763441006e+02 -4.511195741365391348e-04 1.128239549389511705e-04
1.401090053763441006e+02 -4.498683470150060550e-04 1.121630805406827148e-04
1.402340053763441006e+02 -4.486131432511190789e-04 1.115046088037777579e-04
1.403590053763441006e+02 -4.473540498725179127e-04 1.108485508501329026e-04
1.404840053763441006e+02 -4.460911533358700109e-04 1.101949174346263788e-04
1.406090053763441006e+02 -4.448245395257415425e-04 1.095437189500907908e-04
1.407340053763441006e+02 -4.435542937534490038e-04 1.088949654322421710e-04
1.408590053763441006e+02 -4.422805007560405566e-04 1.082486665645603676e-04
1.409840053763441006e+02 -4.410032446953822080e-04 1.076048316831220244e-04
1.411090053763441006e+02 -4.397226091573133255e-04 1.069634697813860459e-04
1.412340053763441006e+02 -4.384386771508103379e-04 1.063245895149373343e-04
1.413590053763441006e+02 -4.371515311073454835e-04 1.056881992061802465e-04
1.414840053763441006e+02 -4.358612528802353133e-04 1.050543068489881004e-04
1.416090053763441006e+02 -4.345679237440739241e-04 1.044229201133079708e-04
1.417340053763441006e+02 -4.332716243943167877e-04 1.037940463497166157e-04
1.418590053763441006e+02 -4.319724349468117251e-04 1.031676925939393092e-04
1.419840053763441006e+02 -4.306704349374902339e-04 1.025438655713162522e-04
1.421090053763441006e+02 -4.293657033221260906e-04 1.019225717012291405e-04
1.422340053763441006e+02 -4.280583184761240943e-04 1.013038171014806361e-04
1.423590053763441006e+02 -4.267483581944006956e-04 1.006876075926351876e-04
1.424840053763441006e+02 -4.254358996913347739e-04 1.000739487023108177e-04
1.426090053763441006e+02 -4.241210196007492604e-04 9.946284566943228535e-05
1.427340053763441006e+02 -4.228037939760451451e-04 9.885430344843552702e-05
1.428590053763441006e+02 -4.214842982902819793e-04 9.824832671343846052e-05
1.429840053763441006e+02 -4.201626074363939566e-04 9.764491986236114294e-05
1.431090053763441006e+02 -4.188387957274681194e-04 9.704408702100846950e-05
1.432340053763441006e+02 -4.175129368970792692e-04 9.644583204710794569e-05
1.433590053763441006e+02 -4.161851040996196178e-04 9.585015853431090832e-05
1.434840053763441006e+02 -4.148553699107997974e-04 9.525706981614720710e-05
1.436090053763441006e+02 -4.135238063281220064e-04 9.466656896994253556e-05
1.437340053763441006e+02 -4.121904847714196710e-04 9.407865882069399303e-05
1.438590053763441006e+02 -4.108554760835209227e-04 9.349334194490318650e-05
1.439840053763441006e+02 -4.095188505308631241e-04 9.291062067437530221e-05
1.441090053763441006e+02 -4.081806778042273618e-04 9.233049709997142088e-05
1.442340053763441006e+02 -4.068410270195210775e-04 9.175297307532647741e-05
1.443590053763441006e+02 -4.054999667186183249e-04 9.117805022052335095e-05
1.444840053763441006e+02 -4.041575648701785047e-04 9.060572992573417148e-05
1.446090053763441006e+02 -4.028138888706336938e-04 9.003601335481695720e-05
1.447340053763441006e+02 -4.014690055451239858e-04 8.946890144887823513e-05
1.448590053763441006e+02 -4.001229811485378378e-04 8.890439492979305253e-05
1.449840053763441006e+02 -3.987758813665721489e-04 8.834249430369345161e-05
1.451090053763441006e+02 -3.974277713168499100e-04 8.778319986441407755e-05
1.452340053763441006e+02 -3.960787155500690784e-04 8.722651169690264492e-05
1.453590053763441006e+02 -3.947287780512397613e-04 8.667242968059238914e-05
1.454840053763441006e+02 -3.933780222408995520e-04 8.612095349274047405e-05
1.456090053763441006e+02 -3.920265109764073624e-04 8.557208261172675838e-05
1.457340053763441006e+02 -3.906743065532962910e-04 8.502581632031850462e-05
1.458590053763441006e+02 -3.893214707066311518e-04 8.448215370889861813e-05
1.459840053763441006e+02 -3.879680646124286712e-04 8.394109367865654897e-05
1.461090053763441006e+02 -3.866141488891078250e-04 8.340263494474871417e-05
1.462340053763441006e+02 -3.852597835989736235e-04 8.286677603941853339e-05
1.463590053763441006e+02 -3.839050282497594971e-04 8.233351531508509053e-05
1.464840053763441006e+02 -3.825499417962017210e-04 8.180285094739455298e-05
1.466090053763441006e+02 -3.811945826416030512e-04 8.127478093824131453e-05
1.467340053763441006e+02 -3.798390086395111781e-04 8.074930311875136739e-05
1.468590053763441006e+02 -3.784832770953709419e-04 8.022641515223462533e-05
1.469840053763441006e+02 -3.771274447682359090e-04 7.970611453710030271e-05
1.471090053763441006e+02 -3.757715678725009802e-04 7.918839860974529680e-05
1.472340053763441006e+02 -3.744157020796856877e-04 7.867326454740357952e-05
1.473590053763441006e+02 -3.730599025202115267e-04 7.816070937096639701e-05
1.474840053763441006e+02 -3.717042237852753489e-04 7.765072994776807294e-05
1.476090053763441006e+02 -3.703487199286818808e-04 7.714332299434247052e-05
1.477340053763441006e+02 -3.689934444687352228e-04 7.663848507914528864e-05
1.478590053763441006e+02 -3.676384503901836370e-04 7.613621262524562089e-05
1.479840053763441006e+02 -3.662837901461548479e-04 7.563650191298614044e-05
1.481090053763441006e+02 -3.649295156601323805e-04 7.513934908261210056e-05
1.482340053763441006e+02 -3.635756783279629062e-04 7.464475013687095332e-05
1.483590053763441006e+02 -3.622223290198896099e-04 7.415270094357946922e-05
1.484840053763441006e+02 -3.608695180825890808e-04 7.366319723816171900e-05
1.486090053763441006e+02 -3.595172953412849640e-04 7.317623462615637246e-05
1.487340053763441006e+02 -3.581657101018236662e-04 7.269180858569591647e-05
1.488590053763441006e+02 -3.568148111528015058e-04 7.220991446995449886e-05
1.489840053763441006e+02 -3.554646467677302440e-04 7.173054750956797611e-05
1.491090053763441006e+02 -3.541152647072154640e-04 7.125370281502249202e-05
1.492340053763441006e+02 -3.527667122211153262e-04 7.077937537901908202e-05
1.493590053763441006e+02 -3.514190360507913171e-04 7.030756007880503309e-05
1.494840053763441006e+02 -3.500722824313257141e-04 6.983825167847988692e-05
1.496090053763441006e+02 -3.487264970937826894e-04 6.937144483127116669e-05
1.497340053763441006e+02 -3.473817252674782493e-04 6.890713408178583135e-05
1.498590053763441006e+02 -3.460380116822805866e-04 6.844531386823081648e-05
1.499840053763441006e+02 -3.446954005709043059e-04 6.798597852460829980e-05
1.501090053763441006e+02 -3.433539356712608120e-04 6.752912228288322457e-05
1.502340053763441006e+02 -3.420136602287902113e-04 6.707473927512394834e-05
1.503590053763441006e+02 -3.406746169988235178e-04 6.662282353561800932e-05
1.504840053763441006e+02 -3.393368482489686564e-04 6.617336900295925622e-05
1.506090053763441006e+02 -3.380003957614831855e-04 6.572636952211077322e-05
1.507340053763441006e+02 -3.366653008357149441e-04 6.528181884644032053e-05
1.508590053763441006e+02 -3.353316042904969465e-04 6.483971063973268138e-05
1.509840053763441006e+02 -3.339993464665858610e-04 6.440003847817444313e-05
1.511090053763441006e+02 -3.326685672291230405e-04 6.396279585231495312e-05
1.512340053763441006e+02 -3.313393059701020583e-04 6.352797616900065733e-05
1.513590053763441006e+02 -3.300116016108120120e-04 6.309557275328845965e-05
1.514840053763441006e+02 -3.286854926043560705e-04 6.266557885033091917e-05
1.516090053763441006e+02 -3.273610169381353276e-04 6.223798762723931597e-05
1.517340053763441006e+02 -3.260382121363592715e-04 6.181279217492133325e-05
1.518590053763441006e+02 -3.247171152625627066e-04 6.138998550989752958e-05
1.519840053763441006e+02 -3.233977629221433821e-04 6.096956057609161420e-05
1.521090053763441006e+02 -3.220801912648813535e-04 6.055151024659922125e-05
1.522340053763441006e+02 -3.207644359875111970e-04 6.013582732543256044e-05
1.523590053763441006e+02 -3.194505323362698316e-04 5.972250454924268577e-05
1.524840053763441006e+02 -3.181385151094449351e-04 5.931153458902020892e-05
1.526090053763441006e+02 -3.168284186599716634e-04 5.890291005177153004e-05
1.527340053763441006e+02 -3.155202768979990108e-04 5.849662348217482782e-05
1.528590053763441006e+02 -3.142141232934807823e-04 5.809266736421219709e-05
1.529840053763441006e+02 -3.129099908787685716e-04 5.769103412278253509e-05
1.531090053763441006e+02 -3.116079122512127077e-04 5.729171612529083957e-05
1.532340053763441006e+02 -3.103079195757602743e-04 5.689470568321664272e-05
1.533590053763441006e+02 -3.090100445875857641e-04 5.649999505366159460e-05
1.534840053763441006e+02 -3.077143185946888812e-04 5.610757644087685330e-05
1.536090053763441006e+02 -3.064207724805146781e-04 5.571744199776845893e-05
1.537340053763441006e+02 -3.051294367065926125e-04 5.532958382738300239e-05
1.538590053763441006e+02 -3.038403413151668760e-04 5.566340908024831240e-05
1.539840053763441006e+02 -3.025535159318056347e-04 5.678885621715517906e-05
1.541090053763441006e+02 -3.012689897680657816e-04 5.790399502446784728e-05
1.542340053763441006e+02 -2.999867916241109596e-04 5.900885861066411587e-05
1.543590053763441006e+02 -2.987069498913671518e-04 6.010348039809455177e-05
1.544840053763441006e+02 -2.974294925551678099e-04 6.118789411711210446e-05
1.546090053763441006e+02 -2.961544471973808759e-04 6.226213380014475915e-05
1.547340053763441006e+02 -2.948818409990779251e-04 6.332623377575503042e-05
1.548590053763441006e+02 -2.936117007431725181e-04 6.438022866281465240e-05
1.549840053763441006e+02 -2.923440528170734602e-04 6.542415336470417168e-05
1.551090053763441006e+02 -2.910789232153318268e-04 6.645804306358181392e-05
1.552340053763441006e+02 -2.898163375422986143e-04 6.748193321460263993e-05
1.553590053763441006e+02 -2.885563210147619527e-04 6.849585954040734266e-05
1.554840053763441006e+02 -2.872988984646211827e-04 6.949985802530024418e-05
1.556090053763441006e+02 -2.860440943415166960e-04 7.049396490983530507e-05
1.557340053763441006e+02 -2.847919327154816230e-04 7.147821668530207541e-05
1.558590053763441006e+02 -2.835424372796025729e-04 7.245265008809204479e-05
1.559840053763441006e+02 -2.822956313526573356e-04 7.341730209442387674e-05
1.561090053763441006e+02 -2.810515378817625030e-04 7.437220991487485566e-05
1.562340053763441006e+02 -2.798101794450176755e-04 7.531741098907557383e-05
1.563590053763441006e+02 -2.785715782541479881e-04 7.625294298035286138e-05
1.564840053763441006e+02 -2.773357561571371493e-04 7.717884377059950425e-05
1.566090053763441006e+02 -2.761027346408788039e-04 7.809515145492607817e-05
1.567340053763441006e+02 -2.748725348337962356e-04 7.900190433655943859e-05
1.568590053763441006e+02 -2.736451775084739434e-04 7.989914092180519219e-05
1.569840053763441006e+02 -2.724206830842934991e-04 8.078689991483021778e-05
1.571090053763441006e+02 -2.711990716300586722e-04 8.166522021272302773e-05
1.572340053763441006e+02 -2.699803628665980028e-04 8.253414090053626706e-05
1.573590053763441006e+02 -2.687645761694013101e-04 8.339370124628162962e-05
1.574840053763441006e+02 -2.675517305712219948e-04 8.424394069608210560e-05
1.576090053763441006e+02 -2.663418447646848704e-04 8.508489886930640741e-05
1.577340053763441006e+02 -2.651349371048897121e-04 8.591661555379068746e-05
1.578590053763441006e+02 -2.639310256120122036e-04 8.673913070101428569e-05
1.579840053763441006e+02 -2.627301279738878076e-04 8.755248442151096586e-05
1.581090053763441006e+02 -2.615322615486113575e-04 8.835671698006648269e-05
1.582340053763441006e+02 -2.603374433671125799e-04 8.915186879115574411e-05
1.583590053763441006e+02 -2.591456901357328630e-04 8.993798041436921282e-05
1.584840053763441006e+02 -2.579570182388001834e-04 9.071509254981286689e-05
1.586090053763441006e+02 -2.567714437411818592e-04 9.148324603374298491e-05
1.587340053763441006e+02 -2.555889823908644642e-04 9.224248183392950128e-05
1.588590053763441006e+02 -2.544096496214869572e-04 9.299284104539572854e-05
1.589840053763441006e+02 -2.532334605548904548e-04 9.373436488603788252e-05
1.591090053763441006e+02 -2.520604300036635584e-04 9.446709469220958765e-05
1.592340053763441006e+02 -2.508905724736759722e-04 9.519107191451324805e-05
1.593590053763441006e+02 -2.497239021665881601e-04 9.590633811358537423e-05
1.594840053763441006e+02 -2.485604329823875658e-04 9.661293495584827242e-05
1.596090053763441006e+02 -2.474001785218906259e-04 9.731090420935374196e-05
1.597340053763441006e+02 -2.462431520892450001e-04 9.800028773975109008e-05
1.598590053763441006e+02 -2.450893666944297419e-04 9.868112750613747004e-05
1.599840053763441006e+02 -2.439388350557412379e-04 9.935346555703745617e-05
1.601090053763441006e+02 -2.427915696022676830e-04 1.000173440265139836e-04
1.602340053763441006e+02 -2.416475824763703040e-04 1.006728051300888479e-04
1.603590053763441006e+02 -2.405068855361471004e-04 1.013198911609268553e-04
1.604840053763441006e+02 -2.393694903578748475e-04 1.019586444859776490e-04
1.606090053763441006e+02 -2.382354082384720512e-04 1.025891075421187410e-04
1.607340053763441006e+02 -2.371046501979287807e-04 1.032113228324059342e-04
1.608590053763441006e+02 -2.359772269817391572e-04 1.038253329223168877e-04
1.609840053763441006e+02 -2.348531490633212933e-04 1.044311804360817695e-04
1.611090053763441006e+02 -2.337324266464329225e-04 1.050289080529652973e-04
1.612340053763441006e+02 -2.326150696675634202e-04 1.056185585037769896e-04
1.613590053763441006e+02 -2.315010877983472921e-04 1.062001745671196636e-04
1.614840053763441006e+02 -2.303904904479319902e-04 1.067737990659911118e-04
1.616090053763441006e+02 -2.292832867653563274e-04 1.073394748642721413e-04
1.617340053763441006e+02 -2.281794856419227656e-04 1.078972448631828853e-04
1.618590053763441006e+02 -2.270790957135549327e-04 1.084471519979351669e-04
1.619840053763441006e+02 -2.259821253631303371e-04 1.089892392343622698e-04
1.621090053763441006e+02 -2.248885827228359056e-04 1.095235495655289503e-04
1.622340053763441006e+02 -2.237984756764795297e-04 1.100501260084745339e-04
1.623590053763441006e+02 -2.227118118618186336e-04 1.105690116009200991e-04
1.624840053763441006e+02 -2.216285986728680068e-04 1.110802493980357251e-04
1.626090053763441006e+02 -2.205488432621834592e-04 1.115838824693031359e-04
1.627340053763441006e+02 -2.194725525431658053e-04 1.120799538953163010e-04
1.628590053763441006e+02 -2.183997331923286892e-04 1.125685067646644628e-04
1.629840053763441006e+02 -2.173303916515668174e-04 1.130495841709272428e-04
1.631090053763441006e+02 -2.162645341304139451e-04 1.135232292095394546e-04
1.632340053763441006e+02 -2.152021666082894245e-04 1.139894849748563038e-04
1.633590053763441006e+02 -2.141432948367262676e-04 1.144483945572111617e-04
1.634840053763441006e+02 -2.130879243416108090e-04 1.149000010398786877e-04
1.636090053763441006e+02 -2.120360604253832036e-04 1.153443474963029581e-04
1.637340053763441006e+02 -2.109877081692452952e-04 1.157814769871854483e-04
1.638590053763441006e+02 -2.099428724353557196e-04 1.162114325576814485e-04
1.639840053763441006e+02 -2.089015578690143549e-04 1.166342572345691167e-04
1.641090053763441006e+02 -2.078637689008232183e-04 1.170499940235996891e-04
1.642340053763441006e+02 -2.068295097488576616e-04 1.174586859067002517e-04
1.643590053763441006e+02 -2.057987844208114927e-04 1.178603758393014260e-04
1.644840053763441006e+02 -2.047715967161305227e-04 1.182551067477754668e-04
1.646090053763441006e+02 -2.037479502281519951e-04 1.186429215267000345e-04
1.647340053763441006e+02 -2.027278483462096183e-04 1.190238630363865121e-04
1.648590053763441006e+02 -2.017112942577400621e-04 1.193979741003321028e-04
1.649840053763441006e+02 -2.006982909503818649e-04 1.197652975026426817e-04
1.651090053763441006e+02 -1.996888412140584296e-04 1.201258759856225193e-04
1.652340053763441006e+02 -1.986829476430399595e-04 1.204797522473341628e-04
1.653590053763441006e+02 -1.976806126380142305e-04 1.208269689391724250e-04
1.654840053763441006e+02 -1.966818384081308268e-04 1.211675686634755078e-04
1.656090053763441006e+02 -1.956866269730381128e-04 1.215015939712467814e-04
1.657340053763441006e+02 -1.946949801649116402e-04 1.218290873597840815e-04
1.658590053763441006e+02 -1.937068996304643943e-04 1.221500912704429596e-04
1.659840053763441006e+02 -1.927223868329552240e-04 1.224646480863868822e-04
1.661090053763441006e+02 -1.917414430541810092e-04 1.227728001303359797e-04
1.662340053763441006e+02 -1.907640693964485809e-04 1.230745896624858935e-04
1.663590053763441006e+02 -1.897902667845532813e-04 1.233700588782488269e-04
1.664840053763441006e+02 -1.888200359677326152e-04 1.236592499062055144e-04
1.666090053763441006e+02 -1.878533775216068632e-04 1.239422048060326612e-04
1.667340053763441006e+02 -1.868902918501245741e-04 1.242189655663695580e-04
1.668590053763441006e+02 -1.859307791874761006e-04 1.244895741028738899e-04
1.669840053763441006e+02 -1.849748396000045327e-04 1.247540722562056085e-04
1.671090053763441006e+02 -1.840224729881103423e-04 1.250125017900574512e-04
1.672340053763441006e+02 -1.830736790881393053e-04 1.252649043891910445e-04
1.673590053763441006e+02 -1.821284574742504728e-04 1.255113216576193749e-04
1.674840053763441006e+02 -1.811868075602906484e-04 1.257517951166499121e-04
1.676090053763441006e+02 -1.802487286016420586e-04 1.259863662030635020e-04
1.677340053763441006e+02 -1.793142196970646564e-04 1.262150762673370607e-04
1.678590053763441006e+02 -1.783832797905266334e-04 1.264379665717934654e-04
1.679840053763441006e+02 -1.774559076730227900e-04 1.266550782888982180e-04
1.681090053763441006e+02 -1.765321019843766692e-04 1.268664524995059383e-04
1.682340053763441006e+02 -1.756118612150438555e-04 1.270721301911560794e-04
1.683590053763441006e+02 -1.746951837078886301e-04 1.272721522564056412e-04
1.684840053763441006e+02 -1.737820676599544187e-04 1.274665594911926221e-04
1.686090053763441006e+02 -1.728725111242300928e-04 1.276553925932054324e-04
1.687340053763441006e+02 -1.719665120113934474e-04 1.278386921602812302e-04
1.688590053763441006e+02 -1.710640680915490692e-04 1.280164986888846228e-04
1.689840053763441006e+02 -1.701651769959543865e-04 1.281888525725139978e-04
1.691090053763441006e+02 -1.692698362187329249e-04 1.283557941002296649e-04
1.692340053763441006e+02 -1.683780431185724125e-04 1.285173634551866858e-04
1.693590053763441006e+02 -1.674897949204236702e-04 1.286736007131037102e-04
1.694840053763441006e+02 -1.666050887171720448e-04 1.288245458409102977e-04
1.696090053763441006e+02 -1.657239214713048848e-04 1.289702386953046041e-04
1.697340053763441006e+02 -1.648462900165723760e-04 1.291107190213723784e-04
1.698590053763441006e+02 -1.639721910596270984e-04 1.292460264512396248e-04
1.699840053763441006e+02 -1.631016211816593289e-04 1.293762005027387094e-04
1.701090053763441006e+02 -1.622345768400177064e-04 1.295012805781050669e-04
1.702340053763441006e+02 -1.613710543698160195e-04 1.296213059627002282e-04
1.703590053763441006e+02 -1.605110499855358472e-04 1.297363158237555545e-04
1.704840053763441006e+02 -1.596545597826142372e-04 1.298463492091052123e-04
1.706090053763441006e+02 -1.588015797390113541e-04 1.299514450460661379e-04
1.707340053763441006e+02 -1.579521057167835479e-04 1.300516421401490025e-04
1.708590053763441006e+02 -1.571061334636317578e-04 1.301469791739670438e-04
1.709840053763441006e+02 -1.562636586144422988e-04 1.302374947060923956e-04
1.711090053763441006e+02 -1.554246766928197069e-04 1.303232271699020900e-04
1.712340053763441006e+02 -1.545891831126037542e-04 1.304042148725326970e-04
1.713590053763441006e+02 -1.537571731793742141e-04 1.304804959937975583e-04
1.714840053763441006e+02 -1.529286420919549196e-04 1.305521085851243782e-04
1.716090053763441006e+02 -1.521035849438912067e-04 1.306190905685566462e-04
1.717340053763441006e+02 -1.512819967249254586e-04 1.306814797357435667e-04
1.718590053763441006e+02 -1.504638723224622425e-04 1.307393137469635457e-04
1.719840053763441006e+02 -1.496492065230208425e-04 1.307926301301376481e-04
1.721090053763441006e+02 -1.488379940136686289e-04 1.308414662799643768e-04
1.722340053763441006e+02 -1.480302293834589815e-04 1.308858594569238336e-04
1.723590053763441006e+02 -1.472259071248457668e-04 1.309258467864323394e-04
1.724840053763441006e+02 -1.464250216350878675e-04 1.309614652579840983e-04
1.726090053763441006e+02 -1.456275672176528182e-04 1.309927517242366732e-04
1.727340053763441006e+02 -1.448335380835968857e-04 1.310197429002413650e-04
1.728590053763441006e+02 -1.440429283529386182e-04 1.310424753626123341e-04
1.729840053763441006e+02 -1.432557320560271896e-04 1.310609855487309587e-04
1.731090053763441006e+02 -1.424719431348942639e-04 1.310753097559593276e-04
1.732340053763441006e+02 -1.416915554445913046e-04 1.310854841409430976e-04
1.733590053763441006e+02 -1.409145627545266397e-04 1.310915447188256105e-04
1.734840053763441006e+02 -1.401409587497838517e-04 1.310935273625471996e-04
1.736090053763441006e+02 -1.393707370324307078e-04 1.310914678021878651e-04
1.737340053763441006e+02 -1.386038911228206904e-04 1.310854016242336221e-04
1.738590053763441006e+02 -1.378404144608782913e-04 1.310753642709913832e-04
1.739840053763441006e+02 -1.370803004073802684e-04 1.310613910398866939e-04
1.741090053763441006e+02 -1.363235422452238903e-04 1.310435170828781824e-04
1.742340053763441006e+02 -1.355701331806786483e-04 1.310217774058780257e-04
1.743590053763441006e+02 -1.348200663446384555e-04 1.309962068681149274e-04
1.744840053763441006e+02 -1.340733347938561737e-04 1.309668401816178743e-04
1.746090053763441006e+02 -1.333299315121661054e-04 1.309337119106547911e-04
1.747340053763441006e+02 -1.325898494117057813e-04 1.308968564711951823e-04
1.748590053763441006e+02 -1.318530813341163620e-04 1.308563081303976573e-04
1.749840053763441006e+02 -1.311196200517374013e-04 1.308121010061440485e-04
1.751090053763441006e+02 -1.303894582687941024e-04 1.307642690665290503e-04
1.752340053763441006e+02 -1.296625886225728633e-04 1.307128461293922505e-04
1.753590053763441006e+02 -1.289390036845798561e-04 1.306578658619272752e-04
1.754840053763441006e+02 -1.282186959617018273e-04 1.305993617801861186e-04
1.756090053763441006e+02 -1.275016578973470313e-04 1.305373672487152037e-04
1.757340053763441006e+02 -1.267878818725803089e-04 1.304719154801370156e-04
1.758590053763441006e+02 -1.260773602072475126e-04 1.304030395347780577e-04
1.759840053763441006e+02 -1.253700851610906909e-04 1.303307723203002498e-04
1.761090053763441006e+02 -1.246660489348498809e-04 1.302551465913579410e-04
1.762340053763441006e+02 -1.239652436713630315e-04 1.301761949492538921e-04
1.763590053763441006e+02 -1.232676614566468177e-04 1.300939498416195448e-04
1.764840053763441006e+02 -1.227193667265408196e-04 1.300084435621407452e-04
1.766090053763441006e+02 -1.222072447640836391e-04 1.299197082502208552e-04
1.767340053763441006e+02 -1.216965458392981804e-04 1.298277758907424178e-04
1.768590053763441006e+02 -1.211872720344009499e-04 1.297326783138029915e-04
1.769840053763441006e+02 -1.206794253643116458e-04 1.296344471944469454e-04
1.771090053763441006e+02 -1.201730077771957469e-04 1.295331140524580513e-04
1.772340053763441006e+02 -1.196680211550098119e-04 1.294287102521374938e-04
1.773590053763441006e+02 -1.191644673140471319e-04 1.293212670020853217e-04
1.774840053763441006e+02 -1.186623480054798036e-04 1.292108153550253766e-04
1.776090053763441006e+02 -1.181616649158936076e-04 1.290973862076284600e-04
1.777340053763441006e+02 -1.176624196678279947e-04 1.289810103003351737e-04
1.778590053763441006e+02 -1.171646138203086328e-04 1.288617182172186609e-04
1.779840053763441006e+02 -1.166682488693845070e-04 1.287395403858446620e-04
1.781090053763441006e+02 -1.161733262486584333e-04 1.286145070771321406e-04
1.782340053763441006e+02 -1.156798473298125849e-04 1.284866484052749503e-04
1.783590053763441006e+02 -1.151878134231391822e-04 1.283559943276058209e-04
1.784840053763441006e+02 -1.146972257780638505e-04 1.282225746445197058e-04
1.786090053763441006e+02 -1.142080855836693576e-04 1.280864189994249385e-04
1.787340053763441006e+02 -1.137203939692170472e-04 1.279475568786357610e-04
1.788590053763441006e+02 -1.132341520046638815e-04 1.278060176113576059e-04
1.789840053763441006e+02 -1.127493607011807031e-04 1.276618303696280615e-04
1.791090053763441006e+02 -1.122660210116666892e-04 1.275150241682991993e-04
1.792340053763441006e+02 -1.117841338312611764e-04 1.273656278650119327e-04
1.793590053763441006e+02 -1.113036999978536689e-04 1.272136701602048531e-04
1.794840053763441006e+02 -1.108247202925936311e-04 1.270591795971036592e-04
1.796090053763441006e+02 -1.103471954403940447e-04 1.269021845617389376e-04
1.797340053763441006e+02 -1.098711261104397236e-04 1.267427132830037883e-04
1.798590053763441006e+02 -1.093965129166812764e-04 1.265807938326473194e-04
1.799840053763441006e+02 -1.089233564183419978e-04 1.264164541253487255e-04
1.801090053763441006e+02 -1.084516571204103543e-04 1.262497219187912298e-04
1.802340053763441006e+02 -1.079814154741395301e-04 1.260806248136908431e-04
1.803590053763441006e+02 -1.075126318775354399e-04 1.259091902539144329e-04
1.804840053763441006e+02 -1.070453066758477237e-04 1.257354455265495465e-04
1.806090053763441006e+02 -1.065794401620617034e-04 1.255594177620124785e-04
1.807340053763441006e+02 -1.061150325773811101e-04 1.253811339341443854e-04
1.808590053763441006e+02 -1.056520841117140918e-04 1.252006208603577615e-04
1.809840053763441006e+02 -1.051905949041533246e-04 1.250179052017383807e-04
1.811090053763441006e+02 -1.047305650434531839e-04 1.248330134631796024e-04
1.812340053763441006e+02 -1.042719945685103037e-04 1.246459719935679052e-04
1.813590053763441006e+02 -1.038148834688390395e-04 1.244568069858901691e-04
1.814840053763441006e+02 -1.033592316850387866e-04 1.242655444774327890e-04
1.816090053763441006e+02 -1.029050391092677634e-04 1.240722103499394260e-04
1.817340053763441006e+02 -1.024523055857109115e-04 1.238768303297965148e-04
1.818590053763441006e+02 -1.020010309110411841e-04 1.236794299882361175e-04
1.819840053763441006e+02 -1.015512148348900076e-04 1.234800347415084746e-04
1.821090053763441006e+02 -1.011028570603014407e-04 1.232786698511128046e-04
1.822340053763441006e+02 -1.006559572441934752e-04 1.230753604240075847e-04
1.823590053763441006e+02 -1.002105149978138620e-04 1.228701314128321349e-04
1.824840053763441006e+02 -9.976652988719403900e-05 1.226630076161296654e-04
1.826090053763441006e+02 -9.932400143360030852e-05 1.224540136786095182e-04
1.827340053763441006e+02 -9.888292911398298163e-05 1.222431740913724910e-04
1.828590053763441006e+02 -9.844331236142390962e-05 1.220305131921677391e-04
1.829840053763441006e+02 -9.800515056557954324e-05 1.218160551656758474e-04
1.831090053763441006e+02 -9.756844307312437139e-05 1.215998240437489940e-04
1.832340053763441006e+02 -9.713318918818992815e-05 1.213818437057043089e-04
1.833590053763441006e+02 -9.669938817280251226e-05 1.211621378786100216e-04
1.834840053763441006e+02 -9.626703924731723396e-05 1.209407301375661748e-04
1.836090053763441006e+02 -9.583614159085467737e-05 1.207176439060092716e-04
1.837340053763441006e+02 -9.540669434172354964e-05 1.204929024560114342e-04
1.838590053763441006e+02 -9.497869659785605583e-05 1.202665289085984540e-04
1.839840053763441006e+02 -9.455214741723041256e-05 1.200385462340514174e-04
1.841090053763441006e+02 -9.412704581829309052e-05 1.198089772522605484e-04
1.842340053763441006e+02 -9.370339078038372683e-05 1.195778446330224829e-04
1.843590053763441006e+02 -9.328118124414705415e-05 1.193451708963882849e-04
1.844840053763441006e+02 -9.286041611195537356e-05 1.191109784130245933e-04
1.846090053763441006e+02 -9.244109424831832881e-05 1.188752894045301420e-04
1.847340053763441006e+02 -9.202321448029822349e-05 1.186381259438101343e-04
1.848590053763441006e+02 -9.160677559791415741e-05 1.183995099554352497e-04
1.849840053763441006e+02 -9.119177635455261394e-05 1.181594632160018699e-04
1.851090053763441006e+02 -9.077821546736880457e-05 1.179180073545045700e-04
1.852340053763441006e+02 -9.036609161769133380e-05 1.176751638527173921e-04
1.853590053763441006e+02 -8.995540345142161924e-05 1.174309540455688430e-04
1.854840053763441006e+02 -8.954614957942896131e-05 1.171853991215290500e-04
1.856090053763441006e+02 -8.913832857794767297e-05 1.169385201230203886e-04
1.857340053763441006e+02 -8.873193898896592879e-05 1.166903379467833463e-04
1.858590053763441006e+02 -8.832697932062282692e-05 1.164408733443116404e-04
1.859840053763441006e+02 -8.792344804758949969e-05 1.161901469222386004e-04
1.861090053763441006e+02 -8.752134361145751551e-05 1.159381791427506827e-04
1.862340053763441006e+02 -8.712066442112275419e-05 1.156849903240242551e-04
1.863590053763441006e+02 -8.672140885316258728e-05 1.154306006406168039e-04
1.864840053763441006e+02 -8.632357525222006519e-05 1.151750301239170540e-04
1.866090053763441006e+02 -8.592716193137505309e-05 1.149182986625688242e-04
1.867340053763441006e+02 -8.553216717252006961e-05 1.146604260029009272e-04
1.868590053763441006e+02 -8.513858922673151765e-05 1.144014317493714751e-04
1.869840053763441006e+02 -8.474642631463888236e-05 1.141413353650090823e-04
1.871090053763441006e+02 -8.435567662679121852e-05 1.138801561718632432e-04
1.872340053763441006e+02 -8.396633832402180847e-05 1.136179133514454801e-04
1.873590053763441006e+02 -8.357840953781058371e-05 1.133546259452062569e-04
1.874840053763441006e+02 -8.319188837064323981e-05 1.130903128549645264e-04
1.876090053763441006e+02 -8.280677289636922641e-05 1.128249928433933851e-04
1.877340053763441006e+02 -8.242306116055739262e-05 1.125586845344863886e-04
1.878590053763441006e+02 -8.204075118084800040e-05 1.122914064140071160e-04
1.879840053763441006e+02 -8.165984094730319284e-05 1.120231768299812214e-04
1.881090053763441006e+02 -8.128032842275765234e-05 1.117540139931700406e-04
1.882340053763441006e+02 -8.090221154316183183e-05 1.114839359775485211e-04
1.883590053763441006e+02 -8.052548821792547074e-05 1.112129607207813358e-04
1.884840053763441006e+02 -8.015015633026172071e-05 1.109411060247270775e-04
1.886090053763441006e+02 -7.977621373752548449e-05 1.106683895559129773e-04
1.887340053763441006e+02 -7.940365827154839370e-05 1.103948288460263863e-04
1.888590053763441006e+02 -7.903248773897636166e-05 1.101204412924300570e-04
1.889840053763441006e+02 -7.866269992159819152e-05 1.098452441586323205e-04
1.891090053763441006e+02 -7.829429257667949694e-05 1.095692545748089405e-04
1.892340053763441006e+02 -7.792726343728999564e-05 1.092924895383020495e-04
1.893590053763441006e+02 -7.756161021262671009e-05 1.090149659141231777e-04
1.894840053763441006e+02 -7.719733058833979733e-05 1.087367004354652949e-04
1.896090053763441006e+02 -7.683442222685127733e-05 1.084577097042129954e-04
1.897340053763441006e+02 -7.647288276767820654e-05 1.081780101914579139e-04
1.898590053763441006e+02 -7.611270982774490101e-05 1.078976182380158222e-04
1.899840053763441006e+02 -7.575390100169974029e-05 1.076165500549415305e-04
1.901090053763441006e+02 -7.539645386222791905e-05 1.073348217240523541e-04
1.902340053763441006e+02 -7.504036596035864226e-05 1.070524491984536117e-04
1.903590053763441006e+02 -7.468563482577774131e-05 1.067694483030606154e-04
1.904840053763441006e+02 -7.433225796712938037e-05 1.064858347351207817e-04
1.906090053763441006e+02 -7.398023287232127288e-05 1.062016240647585102e-04
1.907340053763441006e+02 -7.362955700882592707e-05 1.059168317354863587e-04
1.908590053763441006e+02 -7.328022782397964187e-05 1.056314730647509113e-04
1.909840053763441006e+02 -7.293224274527995775e-05 1.053455632444703937e-04
1.911090053763441006e+02 -7.258559918067982787e-05 1.050591173415541012e-04
1.912340053763441006e+02 -7.224029451888146398e-05 1.047721502984553821e-04
1.913590053763441006e+02 -7.189632612962539829e-05 1.044846769337077081e-04
1.914840053763441006e+02 -7.155369136398164593e-05 1.041967119424648102e-04
1.916090053763441006e+02 -7.121238755463201765e-05 1.039082698970365321e-04
1.917340053763441006e+02 -7.087241201615796199e-05 1.036193652474475739e-04
1.918590053763441006e+02 -7.053376204532079080e-05 1.033300123219710141e-04
1.919840053763441006e+02 -7.019643492134330085e-05 1.030402253276718478e-04
1.921090053763441006e+02 -6.986042790618594714e-05 1.027500183509732243e-04
1.922340053763441006e+02 -6.952573824482248782e-05 1.024594053581804150e-04
1.923590053763441006e+02 -6.919236316551581872e-05 1.021684001960495051e-04
1.924840053763441006e+02 -6.886029988008780421e-05 1.018770165923326787e-04
1.926090053763441006e+02 -6.852954558419046324e-05 1.015852681563286282e-04
1.927340053763441006e+02 -6.820009745757214098e-05 1.012931683794356596e-04
1.928590053763441006e+02 -6.787195266434232523e-05 1.010007306357094608e-04
1.929840053763441006e+02 -6.754510835323716746e-05 1.007079681824148653e-04
1.931090053763441006e+02 -6.721956165788095180e-05 1.004148941605771959e-04
1.932340053763441006e+02 -6.689530969704294248e-05 1.001215215955537620e-04
1.933590053763441006e+02 -6.657234957489736198e-05 9.982786339756727259e-05
1.934840053763441006e+02 -6.625067838127666065e-05 9.953393236228858193e-05
1.936090053763441006e+02 -6.593029319192650751e-05 9.923974117137832974e-05
1.937340053763441006e+02 -6.561119106875727095e-05 9.894530239304686378e-05
1.938590053763441006e+02 -6.529336906009190799e-05 9.865062848262635986e-05
1.939840053763441006e+02 -6.497682420091421948e-05 9.835573178311293643e-05
1.941090053763441006e+02 -6.466155351311446257e-05 9.806062452574086164e-05
1.942340053763441006e+02 -6.434755400573246946e-05 9.776531883053793588e-05
1.943590053763441006e+02 -6.403482267519920767e-05 9.746982670688414049e-05
1.944840053763441006e+02 -6.372335650557657842e-05 9.717416005407706280e-05
1.946090053763441006e+02 -6.341315246879478920e-05 9.687833066189185938e-05
1.947340053763441006e+02 -6.310420752488818126e-05 9.658235021114308964e-05
1.948590053763441006e+02 -6.279651862222886160e-05 9.628623027424013906e-05
1.949840053763441006e+02 -6.249008269775888492e-05 9.598998231576610181e-05
1.951090053763441006e+02 -6.218489667721983341e-05 9.569361769301852659e-05
1.952340053763441006e+02 -6.188095747538086510e-05 9.539714765658518223e-05
1.953590053763441006e+02 -6.157826199626630147e-05 9.510058335090774788e-05
1.954840053763441006e+02 -6.127680713337696732e-05 9.480393581482887439e-05
1.956090053763441006e+02 -6.097658976991533216e-05 9.450721598216984718e-05
1.957340053763441006e+02 -6.067760677900527791e-05 9.421043468228527766e-05
1.958590053763441006e+02 -6.037985502391017946e-05 9.391360264062579058e-05
1.959840053763441006e+02 -6.008333135825126976e-05 9.361673047929355569e-05
1.961090053763441006e+02 -5.978803262622025861e-05 9.331982871761780932e-05
1.962340053763441006e+02 -5.949395566279509567e-05 9.302290777270157693e-05
1.963590053763441006e+02 -5.920109729394949934e-05 9.272597795998426559e-05
1.964840053763441006e+02 -5.890945433686452525e-05 9.242904949381278103e-05
1.966090053763441006e+02 -5.861902360013429358e-05 9.213213248798499751e-05
1.967340053763441006e+02 -5.832980188397236023e-05 9.183523695632046834e-05
1.968590053763441006e+02 -5.804178598041718665e-05 9.153837281322075507e-05
1.969840053763441006e+02 -5.775497267353407250e-05 9.124154987421436108e-05
1.971090053763441006e+02 -5.746935873961504185e-05 9.094477785652879730e-05
1.972340053763441006e+02 -5.718494094737852618e-05 9.064806637964176346e-05
1.973590053763441006e+02 -5.690171605816659423e-05 9.035142496583727610e-05
1.974840053763441006e+02 -5.661968082613889550e-05 9.005486304076460184e-05
1.976090053763441006e+02 -5.633883199846956486e-05 8.975838993398911343e-05
1.977340053763441006e+02 -5.605916631553591446e-05 8.946201487955248344e-05
1.978590053763441006e+02 -5.578068051111042554e-05 8.916574701652264583e-05
1.979840053763441006e+02 -5.550337131254907437e-05 8.886959538955081837e-05
1.981090053763441006e+02 -5.522723544097791668e-05 8.857356894941506738e-05
1.982340053763441006e+02 -5.495226961147852687e-05 8.827767655358834836e-05
1.983590053763441006e+02 -5.467847053327155345e-05 8.798192696677170307e-05
1.984840053763441006e+02 -5.440583490989845165e-05 8.768632886145429062e-05
1.986090053763441006e+02 -5.413435943940163715e-05 8.739089081846448742e-05
1.987340053763441006e+02 -5.386404081450318296e-05 8.709562132750742105e-05
1.988590053763441006e+02 -5.359487572278162567e-05 8.680052878772309048e-05
1.989840053763441006e+02 -5.332686084684724702e-05 8.650562150822795212e-05
1.991090053763441006e+02 -5.305999286451566830e-05 8.621090770866039548e-05
1.992340053763441006e+02 -5.279426844898074667e-05 8.591639551972255970e-05
1.993590053763441006e+02 -5.252968426898277555e-05 8.562209298373235503e-05
1.994840053763441006e+02 -5.226623698897989027e-05 8.532800805515598232e-05
1.996090053763441006e+02 -5.200392326931394416e-05 8.503414860115096922e-05
1.997340053763441006e+02 -5.174273976637605273e-05 8.474052240211358384e-05
1.998590053763441006e+02 -5.148268313277226649e-05 8.444713715220647531e-05
1.999840053763441006e+02 -5.122375001748330107e-05 8.415400045990484063e-05
2.001090053763441006e+02 -5.096593706602821783e-05 8.386111984853115314e-05
2.002340053763441006e+02 -5.070924092062239217e-05 8.356850275678676045e-05
2.003590053763441006e+02 -5.045365822033651170e-05 8.327615653929089552e-05
2.004840053763441006e+02 -5.019918560125153593e-05 8.298408846711071601e-05
2.006090053763441006e+02 -4.994581969661501781e-05 8.269230572829479949e-05
2.007340053763441006e+02 -4.969355713699285821e-05 8.240081542839761272e-05
2.008590053763441006e+02 -4.944239455042265951e-05 8.210962459102039298e-05
2.009840053763441006e+02 -4.919232856256415868e-05 8.181874015832538518e-05
2.011090053763441006e+02 -4.894335579684664484e-05 8.152816899157044840e-05
2.012340053763441006e+02 -4.869547287461780674e-05 8.123791787163543601e-05
2.013590053763441006e+02 -4.844867641528829072e-05 8.094799349953502336e-05
2.014840053763441006e+02 -4.820296303647825101e-05 8.065840249695583502e-05
2.016090053763441006e+02 -4.795832935415849253e-05 8.036915140676377013e-05
2.017340053763441006e+02 -4.771477198279299597e-05 8.008024669353230700e-05
2.018590053763441006e+02 -4.747228753547925431e-05 7.979169474405607611e-05
2.019840053763441006e+02 -4.723087262408560727e-05 7.950350186786882419e-05
2.021090053763441006e+02 -4.699052385939132706e-05 7.921567429775754282e-05
2.022340053763441006e+02 -4.675123785122000232e-05 7.892821819027694954e-05
2.023590053763441006e+02 -4.651301120857525315e-05 7.864113962626081110e-05
2.024840053763441006e+02 -4.627584053977397275e-05 7.835444461132903837e-05
2.026090053763441006e+02 -4.603972245257755659e-05 7.806813907640604343e-05
2.027340053763441006e+02 -4.580465355432304338e-05 7.778222887821579980e-05
2.028590053763441006e+02 -4.557063045205171506e-05 7.749671979979469720e-05
2.029840053763441006e+02 -4.533764975263693096e-05 7.721161755099828407e-05
2.031090053763441006e+02 -4.510570806291062712e-05 7.692692776899424077e-05
2.032340053763441006e+02 -4.487480198978823669e-05 7.664265601877187325e-05
2.033590053763441006e+02 -4.464492814039241775e-05 7.635880779363789163e-05
2.034840053763441006e+02 -4.441608312217563590e-05 7.607538851571372018e-05
2.036090053763441006e+02 -4.418826354304084952e-05 7.579240353643263112e-05
2.037340053763441006e+02 -4.396146601146228987e-05 7.550985813703313789e-05
2.038590053763441006e+02 -4.373568713660281248e-05 7.522775752905299838e-05
2.039840053763441006e+02 -4.351092352843126876e-05 7.494610685481527626e-05
2.041090053763441006e+02 -4.328717179783932200e-05 7.466491118792691138e-05
2.042340053763441006e+02 -4.306442855675528188e-05 7.438417553375514530e-05
2.043590053763441006e+02 -4.284269041825843353e-05 7.410390482992081974e-05
2.044840053763441006e+02 -4.262195399669023606e-05 7.382410394678206624e-05
2.046090053763441006e+02 -4.240221590776528383e-05 7.354477768791024383e-05
2.047340053763441006e+02 -4.218347276868182058e-05 7.326593079057768096e-05
2.048590053763441006e+02 -4.196572119823013927e-05 7.298756792623307098e-05
2.049840053763441006e+02 -4.174895781689895593e-05 7.270969370097868378e-05
2.051090053763441006e+02 -4.153317924698244067e-05 7.243231265604314570e-05
2.052340053763441006e+02 -4.131838211268396910e-05 7.215542926826174104e-05
2.053590053763441006e+02 -4.110456304022095113e-05 7.187904795054013895e-05
2.054840053763441006e+02 -4.089171865792717283e-05 7.160317305232869118e-05
2.056090053763441006e+02 -4.067984559635320040e-05 7.132780886008867967e-05
2.057340053763441006e+02 -4.046894048836736674e-05 7.105295959775674813e-05
2.058590053763441006e+02 -4.025899996925394605e-05 7.077862942721594721e-05
2.059840053763441006e+02 -4.005002067681224983e-05 7.050482244874855154e-05
2.061090053763441006e+02 -3.984199925145201639e-05 7.023154270150246993e-05
2.062340053763441006e+02 -3.963493233628974897e-05 6.995879416395177385e-05
2.063590053763441006e+02 -3.942881657724274996e-05 6.968658075434603142e-05
2.064840053763441006e+02 -3.922364862312244357e-05 6.941490633117250279e-05
2.066090053763441006e+02 -3.901942512572683801e-05 6.914377469360544713e-05
2.067340053763441006e+02 -3.881614273993134768e-05 6.887318958195906159e-05
2.068590053763441006e+02 -3.861379812377891074e-05 6.860315467813291219e-05
2.069840053763441006e+02 -3.841238793856857522e-05 6.833367360606704133e-05
2.071090053763441006e+02 -3.821190884894432900e-05 6.806474993217953811e-05
2.072340053763441006e+02 -3.801235752297999290e-05 6.779638716581201001e-05
2.073590053763441006e+02 -3.781373063226669542e-05 6.752858875967681620e-05
2.074840053763441006e+02 -3.761602485199660708e-05 6.726135811028767205e-05
2.076090053763441006e+02 -3.741923686104692536e-05 6.699469855840516129e-05
2.077340053763441006e+02 -3.722336334206197600e-05 6.672861338946823500e-05
2.078590053763441006e+02 -3.702840098153462972e-05 6.646310583403018278e-05
2.079840053763441006e+02 -3.683434646988740060e-05 6.619817906818953540e-05
2.081090053763441006e+02 -3.664119650155135563e-05 6.593383621402113003e-05
2.082340053763441006e+02 -3.644894777504497014e-05 6.567008034000321810e-05
2.083590053763441006e+02 -3.625759699305127550e-05 6.540691446144282495e-05
2.084840053763441006e+02 -3.606714086249374654e-05 6.514434154090476860e-05
2.086090053763441006e+02 -3.587757609461284620e-05 6.488236448862574370e-05
2.087340053763441006e+02 -3.568889940504008334e-05 6.462098616294214767e-05
2.088590053763441006e+02 -3.550110751387102018e-05 6.436020937070641439e-05
2.089840053763441006e+02 -3.531419714573846949e-05 6.410003686769883476e-05
2.091090053763441006e+02 -3.512816502988313718e-05 6.384047135904913524e-05
2.092340053763441006e+02 -3.494300790022524737e-05 6.358151549964335177e-05
2.093590053763441006e+02 -3.475872249543393810e-05 6.332317189453726320e-05
2.094840053763441006e+02 -3.457530555899545769e-05 6.306544309936535232e-05
2.096090053763441006e+02 -3.439275383928132714e-05 6.280833162074240790e-05
2.097340053763441006e+02 -3.421106408961533703e-05 6.255183991667527760e-05
2.098590053763441006e+02 -3.403023306833912826e-05 6.229597039695999763e-05
2.099840053763441006e+02 -3.385025753887742030e-05 6.204072542358590205e-05
2.101090053763441006e+02 -3.367113426980236542e-05 6.178610731112975732e-05
2.102340053763441006e+02 -3.349286003489632395e-05 6.153211832715876027e-05
2.103590053763441006e+02 -3.331543161321455152e-05 6.127876069262087801e-05
2.104840053763441006e+02 -3.313884578914647679e-05 6.102603658223591961e-05
2.106090053763441006e+02 -3.296309935247637615e-05 6.077394812489284200e-05
2.107340053763441006e+02 -3.278818909844310645e-05 6.052249740403144336e-05
2.108590053763441006e+02 -3.261411182779880101e-05 6.027168645803322478e-05
2.109840053763441006e+02 -3.244086434686746398e-05 6.002151728060573313e-05
2.111090053763441006e+02 -3.226844346760086092e-05 5.977199182116389530e-05
2.112340053763441006e+02 -3.209684600763623908e-05 5.952311198521169128e-05
2.113590053763441006e+02 -3.192606879035095758e-05 5.927487963472186203e-05
2.114840053763441006e+02 -3.175610864491733450e-05 5.902729658851136197e-05
2.116090053763441006e+02 -3.158696240635691801e-05 5.878036462261581528e-05
2.117340053763441006e+02 -3.141862691559233828e-05 5.853408547066633037e-05
2.118590053763441006e+02 -3.125109901950081292e-05 5.828846082425384600e-05
2.119840053763441006e+02 -3.108437557096472496e-05 5.804349233330410266e-05
2.121090053763441006e+02 -3.091845342892283110e-05 5.779918160644316092e-05
2.122340053763441006e+02 -3.075332945841953192e-05 5.755553021135849503e-05
2.123590053763441006e+02 -3.058900053065386425e-05 5.731253967516775717e-05
2.124840053763441006e+02 -3.042546352302840550e-05 5.707021148477608302e-05
2.126090053763441006e+02 -3.026271531919611115e-05 5.682854708723741573e-05
2.127340053763441006e+02 -3.010075280910766391e-05 5.658754789010813198e-05
2.128590053763441006e+02 -2.993957288905675952e-05 5.634721526180747823e-05
2.129840053763441006e+02 -2.977917246172586679e-05 5.610755053196719204e-05
2.131090053763441006e+02 -2.961954843623005993e-05 5.586855499178159772e-05
2.132340053763441006e+02 -2.946069772816181979e-05 5.563022989436197104e-05
2.133590053763441006e+02 -2.930261725963301616e-05 5.539257645507774443e-05
2.134840053763441006e+02 -2.914530395931767964e-05 5.515559585190786979e-05
2.136090053763441006e+02 -2.898875476249361118e-05 5.491928922577873722e-05
2.137340053763441006e+02 -2.883296661108254846e-05 5.468365768090927654e-05
2.138590053763441006e+02 -2.867793645369160271e-05 5.444870228515061078e-05
2.139840053763441006e+02 -2.852366124565147346e-05 5.421442407032061380e-05
2.141090053763441006e+02 -2.837013794905576101e-05 5.398082403254226950e-05
2.142340053763441006e+02 -2.821736353279897112e-05 5.374790313257747057e-05
2.143590053763441006e+02 -2.806533497261372688e-05 5.351566229615744262e-05
2.144840053763441006e+02 -2.791404925110765528e-05 5.328410241431150819e-05
2.146090053763441006e+02 -2.776350335779936916e-05 5.305322434370024850e-05
2.147340053763441006e+02 -2.761369428915361231e-05 5.282302890693579036e-05
2.148590053763441006e+02 -2.746461904861656044e-05 5.259351689290697870e-05
2.149840053763441006e+02 -2.731627464664877411e-05 5.236468905710629063e-05
2.151090053763441006e+02 -2.716865810075972382e-05 5.213654612194308858e-05
2.152340053763441006e+02 -2.702176643553998742e-05 5.190908877706759342e-05
2.153590053763441006e+02 -2.687559668269327810e-05 5.168231767968453741e-05
2.154840053763441006e+02 -2.673014588106852326e-05 5.145623345486835531e-05
2.156090053763441006e+02 -2.658541107668970375e-05 5.123083669587660691e-05
2.157340053763441006e+02 -2.644138932278703488e-05 5.100612796445948283e-05
2.158590053763441006e+02 -2.629807767982615853e-05 5.078210779117036072e-05
2.159840053763441006e+02 -2.615547321553741663e-05 5.055877667566986976e-05
2.161090053763441006e+02 -2.601357300494379986e-05 5.033613508703533549e-05
2.162340053763441006e+02 -2.587237413038928597e-05 5.011418346406123933e-05
2.163590053763441006e+02 -2.573187368156547728e-05 4.989292221555921059e-05
2.164840053763441006e+02 -2.559206875553879384e-05 4.967235172066248396e-05
2.166090053763441006e+02 -2.545295645677641972e-05 4.945247232911810552e-05
2.167340053763441006e+02 -2.531453389717146327e-05 4.923328436158645044e-05
2.168590053763441006e+02 -2.517679819606813437e-05 4.901478810993403204e-05
2.169840053763441006e+02 -2.503974648028571882e-05 4.879698383752480661e-05
2.171090053763441006e+02 -2.490337588414306096e-05 4.857987177951280636e-05
2.172340053763441006e+02 -2.476768354948104058e-05 4.836345214312725747e-05
2.173590053763441006e+02 -2.463266662568565626e-05 4.814772510796208241e-05
2.174840053763441006e+02 -2.449832226971011254e-05 4.793269082625912743e-05
2.176090053763441006e+02 -2.436464764609590095e-05 4.771834942319261655e-05
2.177340053763441006e+02 -2.423163992699484993e-05 4.750470099714714775e-05
2.178590053763441006e+02 -2.409929629218871504e-05 4.729174562000208602e-05
2.179840053763441006e+02 -2.396761392910956191e-05 4.707948333740480937e-05
2.181090053763441006e+02 -2.383659003285924465e-05 4.686791416904669254e-05
2.182340053763441006e+02 -2.370622180622819982e-05 4.665703810894141488e-05
2.183590053763441006e+02 -2.357650645971407774e-05 4.644685512569081350e-05
2.184840053763441006e+02 -2.344744121153956068e-05 4.623736516276059591e-05
2.186090053763441006e+02 -2.331902328766985582e-05 4.602856813874603729e-05
2.187340053763441006e+02 -2.319124992182959859e-05 4.582046394763952774e-05
2.188590053763441006e+02 -2.306411835551926820e-05 4.561305245909631697e-05
2.189840053763441006e+02 -2.293762583803130159e-05 4.540633351869672858e-05
2.191090053763441006e+02 -2.281176962646538743e-05 4.520030694820871325e-05
2.192340053763441006e+02 -2.268654698574353658e-05 4.507315696876768252e-05
2.193590053763441006e+02 -2.256195518862487464e-05 4.498767682939428973e-05
2.194840053763441006e+02 -2.243799151571927917e-05 4.490190443038795262e-05
2.196090053763441006e+02 -2.231465325550100002e-05 4.481584420646448328e-05
2.197340053763441006e+02 -2.219193770432231346e-05 4.472950056378732444e-05
2.198590053763441006e+02 -2.206984216642562122e-05 4.464287788006780430e-05
2.199840053763441006e+02 -2.194836395395621020e-05 4.455598050466176607e-05
2.201090053763441006e+02 -2.182750038697365690e-05 4.446881275867136773e-05
2.202340053763441006e+02 -2.170724879346309298e-05 4.438137893504270096e-05
2.203590053763441006e+02 -2.158760650934659275e-05 4.429368329866830914e-05
2.204840053763441006e+02 -2.146857087849344601e-05 4.420573008648461655e-05
2.206090053763441006e+02 -2.135013925273004121e-05 4.411752350757360615e-05
2.207340053763441006e+02 -2.123230899184975879e-05 4.402906774326476849e-05
2.208590053763441006e+02 -2.111507746362187185e-05 4.394036694723154148e-05
2.209840053763441006e+02 -2.099844204380068387e-05 4.385142524559945958e-05
2.211090053763441006e+02 -2.088240011613391099e-05 4.376224673704131961e-05
2.212340053763441006e+02 -2.076694907237041374e-05 4.367283549287848593e-05
2.213590053763441006e+02 -2.065208631226801003e-05 4.358319555718629518e-05
2.214840053763441006e+02 -2.053780924360029212e-05 4.349333094689279325e-05
2.216090053763441006e+02 -2.042411528216414143e-05 4.340324565188263573e-05
2.217340053763441006e+02 -2.031100185178542745e-05 4.331294363509597387e-05
2.218590053763441006e+02 -2.019846638432538078e-05 4.322242883263478780e-05
2.219840053763441006e+02 -2.008650631968623775e-05 4.313170515386154205e-05
2.221090053763441006e+02 -1.997511910581608547e-05 4.304077648150304543e-05
2.222340053763441006e+02 -1.986430219871455387e-05 4.294964667175391775e-05
2.223590053763441006e+02 -1.975405306243661720e-05 4.285831955437694629e-05
2.224840053763441006e+02 -1.964436916909701892e-05 4.276679893280866676e-05
2.226090053763441006e+02 -1.953524799887405627e-05 4.267508858425900827e-05
2.227340053763441006e+02 -1.942668704001325634e-05 4.258319225981814146e-05
2.228590053763441006e+02 -1.931868378882975460e-05 4.249111368455372464e-05
2.229840053763441006e+02 -1.921123574971187608e-05 4.239885655762377600e-05
2.231090053763441006e+02 -1.910434043512297184e-05 4.230642455236913575e-05
2.232340053763441006e+02 -1.899799536560377024e-05 4.221382131642219807e-05
2.233590053763441006e+02 -1.889219806977391857e-05 4.212105047181090637e-05
2.234840053763441006e+02 -1.878694608433323330e-05 4.202811561505986871e-05
2.236090053763441006e+02 -1.868223695406305191e-05 4.193502031729549835e-05
2.237340053763441006e+02 -1.857806823182673434e-05 4.184176812434865376e-05
2.238590053763441006e+02 -1.847443747857028303e-05 4.174836255685864076e-05
2.239840053763441006e+02 -1.837134226332211591e-05 4.165480711037724166e-05
2.241090053763441006e+02 -1.826878016319283938e-05 4.156110525547111143e-05
2.242340053763441006e+02 -1.816674876337499083e-05 4.146726043782737899e-05
2.243590053763441006e+02 -1.806524565714200527e-05 4.137327607835550119e-05
2.244840053763441006e+02 -1.796426844584696168e-05 4.127915557329154276e-05
2.246090053763441006e+02 -1.786381473892125830e-05 4.118490229430303898e-05
2.247340053763441006e+02 -1.776388215387254921e-05 4.109051958859138504e-05
2.248590053763441006e+02 -1.766446831628305710e-05 4.099601077899823012e-05
2.249840053763441006e+02 -1.756557085980714391e-05 4.090137916410428888e-05
2.251090053763441006e+02 -1.746718742616837675e-05 4.080662801833745678e-05
2.252340053763441006e+02 -1.736931566515685806e-05 4.071176059207525357e-05
2.253590053763441006e+02 -1.727195323462597297e-05 4.061678011174761247e-05
2.254840053763441006e+02 -1.717509780048874030e-05 4.052168977994273220e-05
2.256090053763441006e+02 -1.707874703671425165e-05 4.042649277550831432e-05
2.257340053763441006e+02 -1.698289862532353784e-05 4.033119225365752367e-05
2.258590053763441006e+02 -1.688755025638521520e-05 4.023579134607048328e-05
2.259840053763441006e+02 -1.679269962801101661e-05 4.014029316100005857e-05
2.261090053763441006e+02 -1.669834444635081769e-05 4.004470078337318286e-05
2.262340053763441006e+02 -1.660448242558764615e-05 3.994901727489542188e-05
2.263590053763441006e+02 -1.651111128793229799e-05 3.985324567415567381e-05
2.264840053763441006e+02 -1.641822876361772338e-05 3.975738899672568550e-05
2.266090053763441006e+02 -1.632583259089330751e-05 3.966145023526931971e-05
2.267340053763441006e+02 -1.623392051601834165e-05 3.956543235964085837e-05
2.268590053763441006e+02 -1.614249029325624300e-05 3.946933831698949934e-05
2.269840053763441006e+02 -1.605153968486757173e-05 3.937317103186278253e-05
2.271090053763441006e+02 -1.596106646110334284e-05 3.927693340630956877e-05
2.272340053763441006e+02 -1.587106840019814145e-05 3.918062831998358109e-05
2.273590053763441006e+02 -1.578154328836229624e-05 3.908425863024489287e-05
2.274840053763441006e+02 -1.569248891977497779e-05 3.898782717226420775e-05
2.276090053763441006e+02 -1.560390309657608068e-05 3.889133675912398853e-05
2.277340053763441006e+02 -1.551578362885846119e-05 3.879479018192290659e-05
2.278590053763441006e+02 -1.542812833465960934e-05 3.869819020987619150e-05
2.279840053763441006e+02 -1.534093503995312774e-05 3.860153959041889453e-05
2.281090053763441006e+02 -1.525420157864043738e-05 3.850484104930961969e-05
2.282340053763441006e+02 -1.516792579254168904e-05 3.840809729072972148e-05
2.283590053763441006e+02 -1.508210553138692193e-05 3.831131099738750343e-05
2.284840053763441006e+02 -1.499673865280654980e-05 3.821448483061988923e-05
2.286090053763441006e+02 -1.491182302232218590e-05 3.811762143049399887e-05
2.287340053763441006e+02 -1.482735651333665814e-05 3.802072341590757290e-05
2.288590053763441006e+02 -1.474333700712459519e-05 3.792379338469164634e-05
2.289840053763441006e+02 -1.465976239282203168e-05 3.782683391371253828e-05
2.291090053763441006e+02 -1.457663056741630647e-05 3.772984755897115116e-05
2.292340053763441006e+02 -1.449393943573565431e-05 3.763283685570626146e-05
2.293590053763441006e+02 -1.441168691043836895e-05 3.753580431849352082e-05
2.294840053763441006e+02 -1.432987091200243030e-05 3.743875244134762181e-05
2.296090053763441006e+02 -1.424848936871411358e-05 3.734168369782242400e-05
2.297340053763441006e+02 -1.416754021665702701e-05 3.724460054111078866e-05
2.298590053763441006e+02 -1.408702139970075140e-05 3.714750540414684608e-05
2.299840053763441006e+02 -1.400693086948918837e-05 3.705040069970316725e-05
2.301090053763441006e+02 -1.392726658542910336e-05 3.695328882049394599e-05
2.302340053763441006e+02 -1.384802651467808085e-05 3.685617213927202830e-05
2.303590053763441006e+02 -1.376920863213256595e-05 3.675905300893132874e-05
2.304840053763441006e+02 -1.369081092041568912e-05 3.666193376260304669e-05
2.306090053763441006e+02 -1.361283136986485039e-05 3.656481671375899753e-05
2.307340053763441006e+02 -1.353526797851923916e-05 3.646770415630700888e-05
2.308590053763441006e+02 -1.345811875210720663e-05 3.637059836469116189e-05
2.309840053763441006e+02 -1.338138170403333162e-05 3.627350159399182923e-05
2.311090053763441006e+02 -1.330505485536563376e-05 3.617641608002238588e-05
2.312340053763441006e+02 -1.322913623482207178e-05 3.607934403942863051e-05
2.313590053763441006e+02 -1.315362387875767537e-05 3.598228766978701416e-05
2.314840053763441006e+02 -1.307851583115083852e-05 3.588524914970191355e-05
2.316090053763441006e+02 -1.300381014358996349e-05 3.578823063890464580e-05
2.317340053763441006e+02 -1.292950487525947292e-05 3.569123427834928482e-05
2.318590053763441006e+02 -1.285559809292621662e-05 3.559426219031217075e-05
2.319840053763441006e+02 -1.278208787092523127e-05 3.549731647848668951e-05
2.321090053763441006e+02 -1.270897229114580165e-05 3.540039922808345315e-05
2.322340053763441006e+02 -1.263624944301722539e-05 3.530351250592378513e-05
2.323590053763441006e+02 -1.256391742349421185e-05 3.520665836053723076e-05
2.324840053763441006e+02 -1.249197433704254517e-05 3.510983882226097181e-05
2.326090053763441006e+02 -1.242041829562421892e-05 3.501305590333081809e-05
2.327340053763441006e+02 -1.234924741868299752e-05 3.491631159798041882e-05
2.328590053763441006e+02 -1.227845983312918834e-05 3.481960788253677400e-05
2.329840053763441006e+02 -1.220805367332478974e-05 3.472294671551428896e-05
2.331090053763441006e+02 -1.213802708106835975e-05 3.462633003771192568e-05
2.332340053763441006e+02 -1.206837820557952043e-05 3.452975977230623409e-05
2.333590053763441006e+02 -1.199910520348400601e-05 3.443323782494784604e-05
2.334840053763441006e+02 -1.193020623879782341e-05 3.433676608385480484e-05
2.336090053763441006e+02 -1.186167948291177695e-05 3.424034641990746677e-05
2.337340053763441006e+02 -1.179352311457580328e-05 3.414398068674291480e-05
2.338590053763441006e+02 -1.172573531988304384e-05 3.404767072084733938e-05
2.339840053763441006e+02 -1.165831429225403578e-05 3.395141834165278313e-05
2.341090053763441006e+02 -1.159125823242064714e-05 3.385522535162644527e-05
2.342340053763441006e+02 -1.152456534840993412e-05 3.375909353636640984e-05
2.343590053763441006e+02 -1.145823385552793396e-05 3.366302466469514462e-05
2.344840053763441006e+02 -1.139226197634331208e-05 3.356702048874929341e-05
2.346090053763441006e+02 -1.132664794067099743e-05 3.347108274407492313e-05
2.347340053763441006e+02 -1.126138998555561451e-05 3.337521314971787859e-05
2.348590053763441006e+02 -1.119648635525487309e-05 3.327941340831675279e-05
2.349840053763441006e+02 -1.113193530122296632e-05 3.318368520619382437e-05
2.351090053763441006e+02 -1.106773508209366398e-05 3.308803021344717415e-05
2.352340053763441006e+02 -1.100388396366337859e-05 3.299245008404102630e-05
2.353590053763441006e+02 -1.094038021887444497e-05 3.289694645589711264e-05
2.354840053763441006e+02 -1.087722212779783063e-05 3.280152095098543398e-05
2.356090053763441006e+02 -1.081440797761618829e-05 3.270617517541407946e-05
2.357340053763441006e+02 -1.075193606260654428e-05 3.261091071951972354e-05
2.358590053763441006e+02 -1.068980468412290720e-05 3.251572915795829244e-05
2.359840053763441006e+02 -1.062801215057912062e-05 3.242063204979250666e-05
2.361090053763441006e+02 -1.056655677743135830e-05 3.232562093858248642e-05
2.362340053763441006e+02 -1.050543688716047707e-05 3.223069735247583530e-05
2.363590053763441006e+02 -1.044465080925458157e-05 3.213586280429455935e-05
2.364840053763441006e+02 -1.038419688019117718e-05 3.204111879162401238e-05
2.366090053763441006e+02 -1.032407344341964837e-05 3.194646679690198344e-05
2.367340053763441006e+02 -1.026427884934337272e-05 3.185190828750602258e-05
2.368590053763441006e+02 -1.020481145530180446e-05 3.175744471584108499e-05
2.369840053763441006e+02 -1.014566962555260381e-05 3.166307751942775800e-05
2.371090053763441006e+02 -1.008685173125351555e-05 3.156880812098823149e-05
2.372340053763441006e+02 -1.002835615044456604e-05 3.147463792853434872e-05
2.373590053763441006e+02 -9.970181268029679273e-06 3.138056833545321757e-05
2.374840053763441006e+02 -9.912325475758645196e-06 3.128660072059423816e-05
2.376090053763441006e+02 -9.854787172208864476e-06 3.119273644835544596e-05
2.377340053763441006e+02 -9.797564762766901812e-06 3.109897686876790339e-05
2.378590053763441006e+02 -9.740656659610450911e-06 3.100532331758276125e-05
2.379840053763441006e+02 -9.684061281689638771e-06 3.091177711635524373e-05
2.381090053763441006e+02 -9.627777054708697589e-06 3.081833957253043592e-05
2.382340053763441006e+02 -9.571802411107423205e-06 3.072501197952817682e-05
2.383590053763441006e+02 -9.516135790042731812e-06 3.063179561682638708e-05
2.384840053763441006e+02 -9.460775637369788055e-06 3.053869175004566384e-05
2.386090053763441006e+02 -9.405720405623665077e-06 3.044570163103304554e-05
2.387340053763441006e+02 -9.350968554000460770e-06 3.035282649794606469e-05
2.388590053763441006e+02 -9.296518548338574952e-06 3.026006757533493714e-05
2.389840053763441006e+02 -9.242368861100054317e-06 3.016742607422676060e-05
2.391090053763441006e+02 -9.188517971351512173e-06 3.007490319220683991e-05
2.392340053763441006e+02 -9.134964364745519122e-06 2.998250011350244169e-05
2.393590053763441006e+02 -9.081706533501543132e-06 2.989021800906316762e-05
2.394840053763441006e+02 -9.028742976387111517e-06 2.979805803664501053e-05
2.396090053763441006e+02 -8.976072198698728985e-06 2.970602134088989088e-05
2.397340053763441006e+02 -8.923692712242849886e-06 2.961410905340745636e-05
2.398590053763441006e+02 -8.871603035316935168e-06 2.952232229285634967e-05
2.399840053763441006e+02 -8.819801692690328068e-06 2.943066216502431408e-05
2.401090053763441006e+02 -8.768287215585084061e-06 2.933912976290971528e-05
2.402340053763441006e+02 -8.717058141656888905e-06 2.924772616679984790e-05
2.403590053763441006e+02 -8.666113014975747978e-06 2.915645244435168822e-05
2.404840053763441006e+02 -8.615450386006973782e-06 2.906530965067148479e-05
2.406090053763441006e+02 -8.565068811591866813e-06 2.897429882839335630e-05
2.407340053763441006e+02 -8.514966854928376105e-06 2.888342100775860775e-05
2.408590053763441006e+02 -8.465143085551952897e-06 2.879267720669427411e-05
2.409840053763441006e+02 -8.415596079316046854e-06 2.870206843089080005e-05
2.411090053763441006e+02 -8.366324418373027495e-06 2.861159567388118667e-05
2.412340053763441006e+02 -8.317326691154614343e-06 2.852125991711708215e-05
2.413590053763441006e+02 -8.268601492352601847e-06 2.843106213004843001e-05
2.414840053763441006e+02 -8.220147422899413197e-06 2.834100327019798421e-05
2.416090053763441006e+02 -8.171963089948743926e-06 2.825108428324004943e-05
2.417340053763441006e+02 -8.124047106856039497e-06 2.816130610307583302e-05
2.418590053763441006e+02 -8.076398093159116882e-06 2.807166965190990504e-05
2.419840053763441006e+02 -8.029014674558691275e-06 2.798217584032760351e-05
2.421090053763441006e+02 -7.981895482898833347e-06 2.789282556736781484e-05
2.422340053763441006e+02 -7.935039156147585747e-06 2.780361972060059933e-05
2.423590053763441006e+02 -7.888444338377264498e-06 2.771455917620099826e-05
2.424840053763441006e+02 -7.842109679745144958e-06 2.762564479902459934e-05
2.426090053763441006e+02 -7.796033836473795404e-06 2.753687744268120831e-05
2.427340053763441006e+02 -7.750215470831568174e-06 2.744825794960921837e-05
2.428590053763441006e+02 -7.704653251113121291e-06 2.735978715114974257e-05
2.429840053763441006e+02 -7.659345851619643640e-06 2.727146586761950261e-05
2.431090053763441006e+02 -7.614291952639530751e-06 2.718329490838462242e-05
2.432340053763441006e+02 -7.569490240428674346e-06 2.709527507193370676e-05
2.433590053763441006e+02 -7.524939407190919593e-06 2.700740714594969329e-05
2.434840053763441006e+02 -7.480638151058473237e-06 2.691969190738238913e-05
2.436090053763441006e+02 -7.436585176072238032e-06 2.683213012252091587e-05
2.437340053763441006e+02 -7.392779192162361481e-06 2.674472254706507042e-05
2.438590053763441006e+02 -7.349218915128512668e-06 2.665746992619749220e-05
2.439840053763441006e+02 -7.305903066620392883e-06 2.657037299465357384e-05
2.441090053763441006e+02 -7.262830374118009066e-06 2.648343247679292369e-05
2.442340053763441006e+02 -7.219999570912203067e-06 2.639664908666993721e-05
2.443590053763441006e+02 -7.177409396084893750e-06 2.631002352810421247e-05
2.444840053763441006e+02 -7.135058594489688410e-06 2.622355649474975280e-05
2.446090053763441006e+02 -7.092945916732112180e-06 2.613724867016559576e-05
2.447340053763441006e+02 -7.051070119150102552e-06 2.605110072788415512e-05
2.448590053763441006e+02 -7.009429963794409038e-06 2.596511333148092835e-05
2.449840053763441006e+02 -6.968024218408929299e-06 2.587928713464345858e-05
2.451090053763441006e+02 -6.926851656411308700e-06 2.579362278123858567e-05
2.452340053763441006e+02 -6.885911056873189201e-06 2.570812090538185547e-05
2.453590053763441006e+02 -6.845201204500758087e-06 2.562278213150455741e-05
2.454840053763441006e+02 -6.804720889615140007e-06 2.553760707442194789e-05
2.456090053763441006e+02 -6.764468908132832201e-06 2.545259633939968478e-05
2.457340053763441006e+02 -6.724444061546233761e-06 2.536775052222123433e-05
2.458590053763441006e+02 -6.684645156904061376e-06 2.528307020925529155e-05
2.459840053763441006e+02 -6.645071006791837086e-06 2.519855597752032418e-05
2.461090053763441006e+02 -6.605720429312401435e-06 2.511420839475225398e-05
2.462340053763441006e+02 -6.566592248066374972e-06 2.503002801946929877e-05
2.463590053763441006e+02 -6.527685292132723919e-06 2.494601540103811221e-05
2.464840053763441006e+02 -6.488998396049262321e-06 2.486217107973829379e-05
2.466090053763441006e+02 -6.450530399793185537e-06 2.477849558682778655e-05
2.467340053763441006e+02 -6.412280148761690974e-06 2.469498944460690263e-05
2.468590053763441006e+02 -6.374246493752403998e-06 2.461165316648368029e-05
2.469840053763441006e+02 -6.336428290944143514e-06 2.452848725703672027e-05
2.471090053763441006e+02 -6.298824401877400397e-06 2.444549221207903845e-05
2.472340053763441006e+02 -6.261433693435007351e-06 2.436266851872233535e-05
2.473590053763441006e+02 -6.224255037822796066e-06 2.428001665543909722e-05
2.474840053763441006e+02 -6.187287312550206095e-06 2.419753709212597102e-05
2.476090053763441006e+02 -6.150529400410936922e-06 2.411523029016612976e-05
2.477340053763441006e+02 -6.113980189463729637e-06 2.403309670249193262e-05
2.478590053763441006e+02 -6.077638573013042723e-06 2.395113677364605023e-05
2.479840053763441006e+02 -6.041503449589748177e-06 2.386935093984357252e-05
2.481090053763441006e+02 -6.005573722931938588e-06 2.378773962903352703e-05
2.482340053763441006e+02 -5.969848301965607166e-06 2.370630326095955694e-05
2.483590053763441006e+02 -5.934326100785603897e-06 2.362504224722101250e-05
2.484840053763441006e+02 -5.899006038636320652e-06 2.354395699133337159e-05
2.486090053763441006e+02 -5.863887039892577889e-06 2.346304788878798939e-05
2.487340053763441006e+02 -5.828968034040519824e-06 2.338231532711341343e-05
2.488590053763441006e+02 -5.794247955658399491e-06 2.330175968593295810e-05
2.489840053763441006e+02 -5.759725744397661103e-06 2.322138133702561310e-05
2.491090053763441006e+02 -5.725400344963730198e-06 2.314118064438439723e-05
2.492340053763441006e+02 -5.691270707097056189e-06 2.306115796427527802e-05
2.493590053763441006e+02 -5.657335785554075304e-06 2.298131364529587108e-05
2.494840053763441006e+02 -5.623594540088210783e-06 2.290164802843281476e-05
2.496090053763441006e+02 -5.590045935430969652e-06 2.282216144712134024e-05
2.497340053763441006e+02 -5.556688941272963249e-06 2.274285422730091486e-05
2.498590053763441006e+02 -5.523522532245025169e-06 2.266372668747378564e-05
2.499840053763441006e+02 -5.490545687899356309e-06 2.258477913876168642e-05
2.501090053763441006e+02 -5.457757392690614859e-06 2.250601188496254842e-05
2.502340053763441006e+02 -5.425156635957181626e-06 2.242742522260735312e-05
2.503590053763441006e+02 -5.392742411902332186e-06 2.234901944101549089e-05
2.504840053763441006e+02 -5.360513719575467481e-06 2.227079482235224409e-05
2.506090053763441006e+02 -5.328469562853434201e-06 2.219275164168248892e-05
2.507340053763441006e+02 -5.296608950421795192e-06 2.211489016702739921e-05
2.508590053763441006e+02 -5.264930895756118499e-06 2.203721065941915798e-05
2.509840053763441006e+02 -5.233434417103452753e-06 2.195971337295543179e-05
2.511090053763441006e+02 -5.202118537463641627e-06 2.188239855485453974e-05
2.512340053763441006e+02 -5.170982284570806846e-06 2.180526644550911125e-05
2.513590053763441006e+02 -5.140024690874775299e-06 2.172831727854027592e-05
2.514840053763441006e+02 -5.109244793522550188e-06 2.165155128085180579e-05
2.516090053763441006e+02 -5.078641634339912633e-06 2.157496867268247559e-05
2.517340053763441006e+02 -5.048214259812965662e-06 2.149856966766014408e-05
2.518590053763441006e+02 -5.017961721069684148e-06 2.142235447285416506e-05
2.519840053763441006e+02 -4.987883073861609574e-06 2.134632328882823883e-05
2.521090053763441006e+02 -4.957977378545435539e-06 2.127047630969238954e-05
2.522340053763441006e+02 -4.928243700064801632e-06 2.119481372315523725e-05
2.523590053763441006e+02 -4.898681107932000061e-06 2.111933571057619216e-05
2.524840053763441006e+02 -4.869288676209707692e-06 2.104404244701583608e-05
2.526090053763441006e+02 -4.840065483492860396e-06 2.096893410128827922e-05
2.527340053763441006e+02 -4.811010612890402022e-06 2.089401083601137238e-05
2.528590053763441006e+02 -4.782123152007301895e-06 2.081927280765796928e-05
2.529840053763441006e+02 -4.753402192926362240e-06 2.074472016660578640e-05
2.531090053763441006e+02 -4.724846832190224657e-06 2.067035305718802499e-05
2.532340053763441006e+02 -4.696456170783360513e-06 2.059617161774301064e-05
2.533590053763441006e+02 -4.668229314114056242e-06 2.052217598066365657e-05
2.534840053763441006e+02 -4.640165371996579065e-06 2.044836627244768254e-05
2.536090053763441006e+02 -4.612263458633199565e-06 2.037474261374529945e-05
2.537340053763441006e+02 -4.584522692596374350e-06 2.030130511940926892e-05
2.538590053763441006e+02 -4.556942196810923627e-06 2.022805389854266583e-05
2.539840053763441006e+02 -4.529521098536292647e-06 2.015498905454779616e-05
2.541090053763441006e+02 -4.502258529348722499e-06 2.008211068517343093e-05
2.542340053763441006e+02 -4.475153625123667407e-06 2.000941888256386973e-05
2.543590053763441006e+02 -4.448205526018079034e-06 1.993691373330507355e-05
2.544840053763441006e+02 -4.421413376452789887e-06 1.986459531847255258e-05
2.546090053763441006e+02 -4.394776325094988213e-06 1.979246371367849520e-05
2.547340053763441006e+02 -4.368293524840587847e-06 1.972051898911816498e-05
2.548590053763441006e+02 -4.341964132796842021e-06 1.964876120961672133e-05
2.549840053763441006e+02 -4.315787310264826715e-06 1.957719043467507443e-05
2.551090053763441006e+02 -4.289762222722062090e-06 1.950580671851606890e-05
2.552340053763441006e+02 -4.263888039805138142e-06 1.943461011013014223e-05
2.553590053763441006e+02 -4.238163935292331049e-06 1.936360065332104425e-05
2.554840053763441006e+02 -4.212589087086426187e-06 1.929277838675054691e-05
2.556090053763441006e+02 -4.187162677197392919e-06 1.922214334398366904e-05
2.557340053763441006e+02 -4.161883891725217779e-06 1.915169555353320323e-05
2.558590053763441006e+02 -4.136751920842733419e-06 1.908143503890458821e-05
2.559840053763441006e+02 -4.111765958778520403e-06 1.901136181863937179e-05
2.561090053763440437e+02 -4.086925203799814929e-06 1.894147590636029001e-05
2.562340053763440437e+02 -4.062228858195502946e-06 1.887177731081356790e-05
2.563590053763440437e+02 -4.037676128259121055e-06 1.880226603591339892e-05
2.564840053763440437e+02 -4.013266224271930244e-06 1.873294208078469641e-05
2.566090053763440437e+02 -3.988998360485973538e-06 1.866380543980610587e-05
2.567340053763440437e+02 -3.964871755107293737e-06 1.859485610265294620e-05
2.568590053763440437e+02 -3.940885630279074066e-06 1.852609405433922589e-05
2.569840053763440437e+02 -3.917039212064874553e-06 1.845751927526033010e-05
2.571090053763440437e+02 -3.893331730431960722e-06 1.838913174123438978e-05
2.572340053763440437e+02 -3.869762419234564530e-06 1.832093142354516518e-05
2.573590053763440437e+02 -3.846330516197255416e-06 1.825291828898201573e-05
2.574840053763440437e+02 -3.823035262898413838e-06 1.818509229988210591e-05
2.576090053763440437e+02 -3.799875904753640445e-06 1.811745341417130009e-05
2.577340053763440437e+02 -3.776851690999268998e-06 1.805000158540459641e-05
2.578590053763440437e+02 -3.753961874675936899e-06 1.798273676280738413e-05
2.579840053763440437e+02 -3.731205712612117598e-06 1.791565889131467815e-05
2.581090053763440437e+02 -3.708582465407834692e-06 1.784876791161205104e-05
2.582340053763440437e+02 -3.686091397418332400e-06 1.778206376017495572e-05
2.583590053763440437e+02 -3.663731776737760862e-06 1.771554636930856310e-05
2.584840053763440437e+02 -3.641502875183004158e-06 1.764921566718701017e-05
2.586090053763440437e+02 -3.619403968277448201e-06 1.758307157789253976e-05
2.587340053763440437e+02 -3.597434335234917595e-06 1.751711402145437929e-05
2.588590053763440437e+02 -3.575593258943546863e-06 1.745134291388731129e-05
2.589840053763440437e+02 -3.553880025949752039e-06 1.738575816723012533e-05
2.591090053763440437e+02 -3.532293926442247583e-06 1.732035968958415797e-05
2.592340053763440437e+02 -3.510834254236056090e-06 1.725514738515052159e-05
2.593590053763440437e+02 -3.489500306756703505e-06 1.719012115426848513e-05
2.594840053763440437e+02 -3.468291385024271608e-06 1.712528089345259448e-05
2.596090053763440437e+02 -3.447206793637638967e-06 1.706062649543008759e-05
2.597340053763440437e+02 -3.426245840758718502e-06 1.699615784917821477e-05
2.598590053763440437e+02 -3.405407838096747565e-06 1.693187483996041036e-05
2.599840053763440437e+02 -3.384692100892590300e-06 1.686777734936357236e-05
2.601090053763440437e+02 -3.364097947903179769e-06 1.680386525533378013e-05
2.602340053763440437e+02 -3.343624701385902472e-06 1.674013843221321143e-05
2.603590053763440437e+02 -3.323271687083086213e-06 1.667659675077534515e-05
2.604840053763440437e+02 -3.303038234206560805e-06 1.661324007826112283e-05
2.606090053763440437e+02 -3.282923675422139153e-06 1.655006827841428007e-05
2.607340053763440437e+02 -3.262927346834336787e-06 1.648708121151660011e-05
2.608590053763440437e+02 -3.243048587970988042e-06 1.642427873442308593e-05
2.609840053763440437e+02 -3.223286741767964741e-06 1.636166070059646169e-05
2.611090053763440437e+02 -3.203641154553955434e-06 1.629922696014252104e-05
2.612340053763440437e+02 -3.184111176035231515e-06 1.623697735984362561e-05
2.613590053763440437e+02 -3.164696159280559016e-06 1.617491174319342321e-05
2.614840053763440437e+02 -3.145395460706093054e-06 1.611302995043061392e-05
2.616090053763440437e+02 -3.126208440060296827e-06 1.605133181857306180e-05
2.617340053763440437e+02 -3.107134460408980471e-06 1.598981718145089020e-05
2.618590053763440437e+02 -3.088172888120304346e-06 1.592848586973995986e-05
2.619840053763440437e+02 -3.069323092849936475e-06 1.586733771099516408e-05
2.621090053763440437e+02 -3.050584447526152384e-06 1.580637252968305982e-05
2.622340053763440437e+02 -3.031956328335046338e-06 1.574559014721489184e-05
2.623590053763440437e+02 -3.013438114705774749e-06 1.568499038197881043e-05
2.624840053763440437e+02 -2.995029189295800021e-06 1.562457304937227886e-05
2.626090053763440437e+02 -2.976728937976321154e-06 1.556433796183424038e-05
2.627340053763440437e+02 -2.958536749817567987e-06 1.550428492887674295e-05
2.628590053763440437e+02 -2.940452017074273309e-06 1.544441375711681487e-05
2.629840053763440437e+02 -2.922474135171155138e-06 1.538472425030814036e-05
2.631090053763440437e+02 -2.904602502688448977e-06 1.532521620937171879e-05
2.632340053763440437e+02 -2.886836521347448111e-06 1.526588943242734720e-05
2.633590053763440437e+02 -2.869175595996189178e-06 1.520674371482463358e-05
2.634840053763440437e+02 -2.851619134595084369e-06 1.514777884917323590e-05
2.636090053763440437e+02 -2.834166548202646384e-06 1.508899462537354509e-05
2.637340053763440437e+02 -2.816817250961302745e-06 1.503039083064694608e-05
2.638590053763440437e+02 -2.799570660083127105e-06 1.497196724956584179e-05
2.639840053763440437e+02 -2.782426195835789937e-06 1.491372366408351269e-05
2.641090053763440437e+02 -2.765383281528436375e-06 1.485565985356390189e-05
2.642340053763440437e+02 -2.748441343497653417e-06 1.479777559481087670e-05
2.643590053763440437e+02 -2.731599811093487110e-06 1.474007066209774443e-05
2.644840053763440437e+02 -2.714858116665475399e-06 1.468254482719609375e-05
2.646090053763440437e+02 -2.698215695548801254e-06 1.462519785940495134e-05
2.647340053763440437e+02 -2.681671986050408527e-06 1.456802952557914222e-05
2.648590053763440437e+02 -2.665226429435242335e-06 1.451103959015830739e-05
2.649840053763440437e+02 -2.648878469912469940e-06 1.445422781519472380e-05
2.651090053763440437e+02 -2.632627554621771527e-06 1.439759396038149869e-05
2.652340053763440437e+02 -2.616473133619735585e-06 1.434113778308105190e-05
2.653590053763440437e+02 -2.600414659866215745e-06 1.428485903835208881e-05
2.654840053763440437e+02 -2.584451589210790956e-06 1.422875747897768625e-05
2.656090053763440437e+02 -2.568583380379260823e-06 1.417283285549242803e-05
2.657340053763440437e+02 -2.552809494960156174e-06 1.411708491620980480e-05
2.658590053763440437e+02 -2.537129397391364841e-06 1.406151340724906326e-05
2.659840053763440437e+02 -2.521542554946770136e-06 1.400611807256216894e-05
2.661090053763440437e+02 -2.506048437722895682e-06 1.395089865396015907e-05
2.662340053763440437e+02 -2.490646518625665863e-06 1.389585489113998847e-05
2.663590053763440437e+02 -2.475336273357189997e-06 1.384098652171066386e-05
2.664840053763440437e+02 -2.460117180402554549e-06 1.378629328121911061e-05
2.666090053763440437e+02 -2.444988721016748327e-06 1.373177490317635955e-05
2.667340053763440437e+02 -2.429950379211552536e-06 1.367743111908346793e-05
2.668590053763440437e+02 -2.415001641742521029e-06 1.362326165845663050e-05
2.669840053763440437e+02 -2.400141998095996989e-06 1.356926624885255836e-05
2.671090053763440437e+02 -2.385370940476178735e-06 1.351544461589440154e-05
2.672340053763440437e+02 -2.370687963792233387e-06 1.346179648329600462e-05
2.673590053763440437e+02 -2.356092565645462198e-06 1.340832157288696200e-05
2.674840053763440437e+02 -2.341584246316504427e-06 1.335501960463754772e-05
2.676090053763440437e+02 -2.327162508752597966e-06 1.330189029668306264e-05
2.677340053763440437e+02 -2.312826858554861137e-06 1.324893336534823739e-05
2.678590053763440437e+02 -2.298576803965681646e-06 1.319614852517115096e-05
2.679840053763440437e+02 -2.284411855856086047e-06 1.314353548892767431e-05
2.681090053763440437e+02 -2.270331527713187139e-06 1.309109396765499929e-05
2.682340053763440437e+02 -2.256335335627702512e-06 1.303882367067526916e-05
2.683590053763440437e+02 -2.242422798281438367e-06 1.298672430561929043e-05
2.684840053763440437e+02 -2.228593436934934264e-06 1.293479557844968563e-05
2.686090053763440437e+02 -2.214846775415066802e-06 1.288303719348408343e-05
2.687340053763440437e+02 -2.201182340102729518e-06 1.283144885341827308e-05
2.688590053763440437e+02 -2.187599659920576750e-06 1.278003025934864575e-05
2.689840053763440437e+02 -2.174098266320761559e-06 1.272878111079554211e-05
2.691090053763440437e+02 -2.160677693272801987e-06 1.267770110572486185e-05
2.692340053763440437e+02 -2.147337477251413424e-06 1.262678994057112837e-05
2.693590053763440437e+02 -2.134077157224448133e-06 1.257604731025935921e-05
2.694840053763440437e+02 -2.120896274640826723e-06 1.252547290822717017e-05
2.696090053763440437e+02 -2.107794373418572115e-06 1.247506642644650344e-05
2.697340053763440437e+02 -2.094770999932829107e-06 1.242482755544552677e-05
2.698590053763440437e+02 -2.081825703004001256e-06 1.237475598433008374e-05
2.699840053763440437e+02 -2.068958033885875473e-06 1.232485140080494243e-05
2.701090053763440437e+02 -2.056167546253814389e-06 1.227511349119526770e-05
2.702340053763440437e+02 -2.043453796193001225e-06 1.222554194046752765e-05
2.703590053763440437e+02 -2.030816342186697379e-06 1.217613643225049665e-05
2.704840053763440437e+02 -2.018254745104622403e-06 1.212689664885575019e-05
2.706090053763440437e+02 -2.005768568191279773e-06 1.207782227129882540e-05
2.707340053763440437e+02 -1.993357377054401238e-06 1.202891297931929236e-05
2.708590053763440437e+02 -1.981020739653414895e-06 1.198016845140085929e-05
2.709840053763440437e+02 -1.968758226287934853e-06 1.193158836479194528e-05
2.711090053763440437e+02 -1.956569409586350858e-06 1.188317239552550763e-05
2.712340053763440437e+02 -1.944453864494413673e-06 1.183492021843890139e-05
2.713590053763440437e+02 -1.932411168263881024e-06 1.178683150719343565e-05
2.714840053763440437e+02 -1.920440900441222419e-06 1.173890593429426696e-05
2.716090053763440437e+02 -1.908542642856344292e-06 1.169114317110948301e-05
2.717340053763440437e+02 -1.896715979611385660e-06 1.164354288788946742e-05
2.718590053763440437e+02 -1.884960497069541526e-06 1.159610475378608852e-05
2.719840053763440437e+02 -1.873275783843937947e-06 1.154882843687159150e-05
2.721090053763440437e+02 -1.861661430786554326e-06 1.150171360415746188e-05
2.722340053763440437e+02 -1.850117030977167727e-06 1.145475992161297719e-05
2.723590053763440437e+02 -1.838642179712391841e-06 1.140796705418388578e-05
2.724840053763440437e+02 -1.827236474494705798e-06 1.136133466581088903e-05
2.726090053763440437e+02 -1.815899515021557295e-06 1.131486241944772215e-05
2.727340053763440437e+02 -1.804630903174515919e-06 1.126854997707920278e-05
2.728590053763440437e+02 -1.793430243008440863e-06 1.122239699973940992e-05
2.729840053763440437e+02 -1.782297140740706456e-06 1.117640314752938366e-05
2.731090053763440437e+02 -1.771231204740501811e-06 1.113056807963485176e-05
2.732340053763440437e+02 -1.760232045518130464e-06 1.108489145434385480e-05
2.733590053763440437e+02 -1.749299275714373973e-06 1.103937292906411709e-05
2.734840053763440437e+02 -1.738432510089904219e-06 1.099401216034020249e-05
2.736090053763440437e+02 -1.727631365514710311e-06 1.094880880387091076e-05
2.737340053763440437e+02 -1.716895460957622069e-06 1.090376251452614201e-05
2.738590053763440437e+02 -1.706224417475836028e-06 1.085887294636372890e-05
2.739840053763440437e+02 -1.695617858204479998e-06 1.081413975264631804e-05
2.741090053763440437e+02 -1.685075408346256604e-06 1.076956258585791933e-05
2.742340053763440437e+02 -1.674596695161082799e-06 1.072514109772035528e-05
2.743590053763440437e+02 -1.664181347955832085e-06 1.068087493920965794e-05
2.744840053763440437e+02 -1.653828998074062759e-06 1.063676376057241322e-05
2.746090053763440437e+02 -1.643539278885823443e-06 1.059280721134155803e-05
2.747340053763440437e+02 -1.633311825777488692e-06 1.054900494035247905e-05
2.748590053763440437e+02 -1.623146276141622337e-06 1.050535659575896738e-05
2.749840053763440437e+02 -1.613042269366940783e-06 1.046186182504879721e-05
2.751090053763440437e+02 -1.602999446828237759e-06 1.041852027505937217e-05
2.752340053763440437e+02 -1.593017451876412627e-06 1.037533159199304484e-05
2.753590053763440437e+02 -1.583095929828513509e-06 1.033229542143265126e-05
2.754840053763440437e+02 -1.573234527957838221e-06 1.028941140835657122e-05
2.756090053763440437e+02 -1.563432895484047497e-06 1.024667919715379017e-05
2.757340053763440437e+02 -1.553690683563369687e-06 1.020409843163896119e-05
2.758590053763440437e+02 -1.544007545278798044e-06 1.016166875506719756e-05
2.759840053763440437e+02 -1.534383135630354504e-06 1.011938981014874675e-05
2.761090053763440437e+02 -1.524817111525407887e-06 1.007726123906349503e-05
2.762340053763440437e+02 -1.515309131768976855e-06 1.003528268347574140e-05
2.763590053763440437e+02 -1.505858857054157588e-06 9.993453784548344748e-06
2.764840053763440437e+02 -1.496465949952523305e-06 9.951774182956762570e-06
2.766090053763440437e+02 -1.487130074904599801e-06 9.910243518903479325e-06
2.767340053763440437e+02 -1.477850898210373805e-06 9.868861432131899477e-06
2.768590053763440437e+02 -1.468628088019827389e-06 9.827627561940182924e-06
2.769840053763440437e+02 -1.459461314323550303e-06 9.786541547194970326e-06
2.771090053763440437e+02 -1.450350248943351036e-06 9.745603026345152467e-06
2.772340053763440437e+02 -1.441294565522944113e-06 9.704811637435344860e-06
2.773590053763440437e+02 -1.432293939518645862e-06 9.664167018119186161e-06
2.774840053763440437e+02 -1.423348048190124390e-06 9.623668805672817852e-06
2.776090053763440437e+02 -1.414456570591209277e-06 9.583316637007975984e-06
2.777340053763440437e+02 -1.405619187560708890e-06 9.543110148685115103e-06
2.778590053763440437e+02 -1.396835581713288685e-06 9.503048976926227248e-06
2.779840053763440437e+02 -1.388105437430381489e-06 9.463132757627848988e-06
2.781090053763440437e+02 -1.379428440851125721e-06 9.423361126373871950e-06
2.782340053763440437e+02 -1.370804279863390878e-06 9.383733718447956934e-06
2.783590053763440437e+02 -1.362232644094772292e-06 9.344250168846125900e-06
2.784840053763440437e+02 -1.353713224903681411e-06 9.304910112289248934e-06
2.786090053763440437e+02 -1.345245715370449621e-06 9.265713183235316060e-06
2.787340053763440437e+02 -1.336829810288481620e-06 9.226659015891532865e-06
2.788590053763440437e+02 -1.328465206155429551e-06 9.187747244226595708e-06
2.789840053763440437e+02 -1.320151601164441451e-06 9.148977501982578976e-06
2.791090053763440437e+02 -1.311888695195413950e-06 9.110349422686729172e-06
2.792340053763440437e+02 -1.303676189806294716e-06 9.071862639663409773e-06
2.793590053763440437e+02 -1.295513788224444211e-06 9.033516786045639514e-06
2.794840053763440437e+02 -1.287401195337985145e-06 8.995311494786747560e-06
2.796090053763440437e+02 -1.279338117687254017e-06 8.957246398671733911e-06
2.797340053763440437e+02 -1.271324263456244593e-06 8.919321130328712821e-06
2.798590053763440437e+02 -1.263359342464109204e-06 8.881535322240120735e-06
2.799840053763440437e+02 -1.255443066156693500e-06 8.843888606753964887e-06
2.801090053763440437e+02 -1.247575147598098941e-06 8.806380616094844891e-06
2.802340053763440437e+02 -1.239755301462311780e-06 8.769010982374776132e-06
2.803590053763440437e+02 -1.231983244024836713e-06 8.731779337604167311e-06
2.804840053763440437e+02 -1.224258693154397009e-06 8.694685313702613336e-06
2.806090053763440437e+02 -1.216581368304643544e-06 8.657728542509484932e-06
2.807340053763440437e+02 -1.208950990505914225e-06 8.620908655794536882e-06
2.808590053763440437e+02 -1.201367282357048479e-06 8.584225285268289258e-06
2.809840053763440437e+02 -1.193829968017210843e-06 8.547678062592535715e-06
2.811090053763440437e+02 -1.186338773197765375e-06 8.511266619390524829e-06
2.812340053763440437e+02 -1.178893425154185646e-06 8.474990587257095689e-06
2.813590053763440437e+02 -1.171493652677992041e-06 8.438849597768908364e-06
2.814840053763440437e+02 -1.164139186088747724e-06 8.402843282494310139e-06
2.816090053763440437e+02 -1.156829757226075140e-06 8.366971273003300018e-06
2.817340053763440437e+02 -1.149565099441701741e-06 8.331233200877191666e-06
2.818590053763440437e+02 -1.142344947591558224e-06 8.295628697718606713e-06
2.819840053763440437e+02 -1.135169038027909177e-06 8.260157395160924246e-06
2.821090053763440437e+02 -1.128037108591504679e-06 8.224818924877671023e-06
2.822340053763440437e+02 -1.120948898603796493e-06 8.189612918592191194e-06
2.823590053763440437e+02 -1.113904148859163571e-06 8.154539008086900991e-06
2.824840053763440437e+02 -1.106902601617185849e-06 8.119596825212580671e-06
2.826090053763440437e+02 -1.099944000594949582e-06 8.084786001897459798e-06
2.827340053763440437e+02 -1.093028090959389956e-06 8.050106170156409241e-06
2.828590053763440437e+02 -1.086154619319670123e-06 8.015556962099892622e-06
2.829840053763440437e+02 -1.079323333719594114e-06 7.981138009942827967e-06
2.831090053763440437e+02 -1.072533983630051725e-06 7.946848946013484950e-06
2.832340053763440437e+02 -1.065786319941506613e-06 7.912689402762187302e-06
2.833590053763440437e+02 -1.059080094956503222e-06 7.878659012769950856e-06
2.834840053763440437e+02 -1.052415062382232595e-06 7.844757408756979287e-06
2.836090053763440437e+02 -1.045790977323112358e-06 7.810984223591422432e-06
2.837340053763440437e+02 -1.039207596273406315e-06 7.777339090297411247e-06
2.838590053763440437e+02 -1.032664677109891469e-06 7.743821642063487476e-06
2.839840053763440437e+02 -1.026161979084525051e-06 7.710431512251065511e-06
2.841090053763440437e+02 -1.019699262817194758e-06 7.677168334402260672e-06
2.842340053763440437e+02 -1.013276290288460319e-06 7.644031742248127447e-06
2.843590053763440437e+02 -1.006892824832353084e-06 7.611021369716560616e-06
2.844840053763440437e+02 -1.000548631129199953e-06 7.578136850940303103e-06
2.846090053763440437e+02 -9.942434751984759070e-07 7.545377820264706489e-06
2.847340053763440437e+02 -9.879771243917105251e-07 7.512743912255426307e-06
2.848590053763440437e+02 -9.817493473854027704e-07 7.480234761706202039e-06
2.849840053763440437e+02 -9.755599141739914607e-07 7.447850003646361831e-06
2.851090053763440437e+02 -9.694085960628350602e-07 7.415589273348367011e-06
2.852340053763440437e+02 -9.632951656612499161e-07 7.383452206335197372e-06
2.853590053763440437e+02 -9.572193968755554819e-07 7.351438438387732218e-06
2.854840053763440437e+02 -9.511810649021820115e-07 7.319547605552144112e-06
2.856090053763440437e+02 -9.451799462207838624e-07 7.287779344146855558e-06
2.857340053763440437e+02 -9.392158185874003412e-07 7.256133290769831111e-06
2.858590053763440437e+02 -9.332884610276465106e-07 7.224609082305691600e-06
2.859840053763440437e+02 -9.273976538299232679e-07 7.193206355932502259e-06
2.861090053763440437e+02 -9.215431785386932800e-07 7.161924749128775987e-06
2.862340053763440437e+02 -9.157248179477471768e-07 7.130763899680320767e-06
2.863590053763440437e+02 -9.099423560935305201e-07 7.099723445686987977e-06
2.864840053763440437e+02 -9.041955782484939599e-07 7.068803025569306351e-06
2.866090053763440437e+02 -8.984842709144663657e-07 7.038002278075125260e-06
2.867340053763440437e+02 -8.928082218160806866e-07 7.007320842286201236e-06
2.868590053763440437e+02 -8.871672198942115635e-07 6.976758357624602395e-06
2.869840053763440437e+02 -8.815610552994510577e-07 6.946314463859075576e-06
2.871090053763440437e+02 -8.759895193856195313e-07 6.915988801111504129e-06
2.872340053763440437e+02 -8.704524047032991864e-07 6.885781009863015859e-06
2.873590053763440437e+02 -8.649495049934083669e-07 6.855690730960323077e-06
2.874840053763440437e+02 -8.594806151808009544e-07 6.825717605621717894e-06
2.876090053763440437e+02 -8.540455313678961504e-07 6.795861275443119192e-06
2.877340053763440437e+02 -8.486440508283436235e-07 6.766121382404256808e-06
2.878590053763440437e+02 -8.432759720007077136e-07 6.736497568874288214e-06
2.879840053763440437e+02 -8.379410944822024590e-07 6.706989477617870045e-06
2.881090053763440437e+02 -8.326392190224380575e-07 6.677596751800873879e-06
2.882340053763440437e+02 -8.273701475172029038e-07 6.648319034996075760e-06
2.883590053763440437e+02 -8.221336830022848018e-07 6.619155971188870278e-06
2.884840053763440437e+02 -8.169296296473076351e-07 6.590107204782818635e-06
2.886090053763440437e+02 -8.117577927496016013e-07 6.561172380605149281e-06
2.887340053763440437e+02 -8.066179787281182332e-07 6.532351143912272943e-06
2.888590053763440437e+02 -8.015099951173553728e-07 6.503643140395148576e-06
2.889840053763440437e+02 -7.964336505613205790e-07 6.475048016184584101e-06
2.891090053763440437e+02 -7.913887548075261934e-07 6.446565417856615060e-06
2.892340053763440437e+02 -7.863751187010015590e-07 6.418194992437569026e-06
2.893590053763440437e+02 -7.813925541783545772e-07 6.389936387409294340e-06
2.894840053763440437e+02 -7.764408742618481955e-07 6.361789250714178779e-06
2.896090053763440437e+02 -7.715198930535034696e-07 6.333753230760333399e-06
2.897340053763440437e+02 -7.666294257292419071e-07 6.305827976426346930e-06
2.898590053763440437e+02 -7.617692885330457045e-07 6.278013137066312916e-06
2.899840053763440437e+02 -7.569392987711604425e-07 6.250308362514608676e-06
2.901090053763440437e+02 -7.521392748063128150e-07 6.222713303090739487e-06
2.902340053763440437e+02 -7.473690360519623464e-07 6.195227609604046390e-06
2.903590053763440437e+02 -7.426284029665842364e-07 6.167850933358297107e-06
2.904840053763440437e+02 -7.379171970479674520e-07 6.140582926156402329e-06
2.906090053763440437e+02 -7.332352408275672414e-07 6.113423240304906674e-06
2.907340053763440437e+02 -7.285823578648541534e-07 6.086371528618488134e-06
2.908590053763440437e+02 -7.239583727417116557e-07 6.059427444424334690e-06
2.909840053763440437e+02 -7.193631110568555644e-07 6.032590641566723373e-06
2.911090053763440437e+02 -7.147963994202813191e-07 6.005860774411084329e-06
2.912340053763440437e+02 -7.102580654477321171e-07 5.979237497848408778e-06
2.913590053763440437e+02 -7.057479377552109866e-07 5.952720467299461308e-06
2.914840053763440437e+02 -7.012658459535034480e-07 5.926309338718876975e-06
2.916090053763440437e+02 -6.968116206427323633e-07 5.900003768599399855e-06
2.917340053763440437e+02 -6.923850934069499474e-07 5.873803413975718409e-06
2.918590053763440437e+02 -6.879860968087327458e-07 5.847707932428642201e-06
2.919840053763440437e+02 -6.836144643838327271e-07 5.821716982088967760e-06
2.921090053763440437e+02 -6.792700306358349401e-07 5.795830221641367306e-06
2.922340053763440437e+02 -6.749526310308479940e-07 5.770047310328248678e-06
2.923590053763440437e+02 -6.706621019922223844e-07 5.744367907953539880e-06
2.924840053763440437e+02 -6.663982808952883010e-07 5.718791674886404166e-06
2.926090053763440437e+02 -6.621610060621330343e-07 5.693318272064910233e-06
2.927340053763440437e+02 -6.579501167563906638e-07 5.667947360999688017e-06
2.928590053763440437e+02 -6.537654531780678522e-07 5.642678603777586180e-06
2.929840053763440437e+02 -6.496068564583891197e-07 5.617511663065004337e-06
2.931090053763440437e+02 -6.454741686546639306e-07 5.592446202111549700e-06
2.932340053763440437e+02 -6.413672327451985663e-07 5.567481884753410806e-06
2.933590053763440437e+02 -6.372858926242123395e-07 5.542618375416696526e-06
2.934840053763440437e+02 -6.332299930967887484e-07 5.517855339120882638e-06
2.936090053763440437e+02 -6.291993798738551124e-07 5.493192441481981424e-06
2.937340053763440437e+02 -6.251938995671739603e-07 5.468629348715821387e-06
2.938590053763440437e+02 -6.212133996843807940e-07 5.444165727641244793e-06
2.939840053763440437e+02 -6.172577286240308510e-07 5.419801245683251863e-06
2.941090053763440437e+02 -6.133267356706710676e-07 5.395535570876089052e-06
2.942340053763440437e+02 -6.094202709899462390e-07 5.371368371866305993e-06
2.943590053763440437e+02 -6.055381856237240283e-07 5.347299317915729426e-06
2.944840053763440437e+02 -6.016803314852404078e-07 5.323328078904467630e-06
2.946090053763440437e+02 -5.978465613542825835e-07 5.299454325333767459e-06
2.947340053763440437e+02 -5.940367288723836707e-07 5.275677728328977267e-06
2.948590053763440437e+02 -5.902506885380468050e-07 5.251997959642243012e-06
2.949840053763440437e+02 -5.864882957019973108e-07 5.228414691655361065e-06
2.951090053763440437e+02 -5.827494065624447162e-07 5.204927597382521746e-06
2.952340053763440437e+02 -5.790338781603909324e-07 5.181536350472911415e-06
2.953590053763440437e+02 -5.753415683749439374e-07 5.158240625213529696e-06
2.954840053763440437e+02 -5.716723359186628009e-07 5.135040096531613693e-06
2.956090053763440437e+02 -5.680260403329254726e-07 5.111934439997276493e-06
2.957340053763440437e+02 -5.644025419833204997e-07 5.088923331826040642e-06
2.958590053763440437e+02 -5.608017020550614022e-07 5.066006448881300471e-06
2.959840053763440437e+02 -5.572233825484275179e-07 5.043183468676728515e-06
2.961090053763440437e+02 -5.536674462742169182e-07 5.020454069378719207e-06
2.962340053763440437e+02 -5.501337568492438981e-07 4.997817929808713977e-06
2.963590053763440437e+02 -5.466221786918381610e-07 4.975274729445484859e-06
2.964840053763440437e+02 -5.431325770173783082e-07 4.952824148427507873e-06
2.966090053763440437e+02 -5.396648178338456567e-07 4.930465867555051810e-06
2.967340053763440437e+02 -5.362187679374006100e-07 4.908199568292486398e-06
2.968590053763440437e+02 -5.327942949079820043e-07 4.886024932770351601e-06
2.969840053763440437e+02 -5.293912671049297479e-07 4.863941643787543813e-06
2.971090053763440437e+02 -5.260095536626274719e-07 4.841949384813315701e-06
2.972340053763440437e+02 -5.226490244861764156e-07 4.820047839989439529e-06
2.973590053763440437e+02 -5.193095502470677233e-07 4.798236694132014726e-06
2.974840053763440437e+02 -5.159910023789153039e-07 4.776515632733588007e-06
2.976090053763440437e+02 -5.126932530731753500e-07 4.754884341965015156e-06
2.977340053763440437e+02 -5.094161752749067266e-07 4.733342508677319412e-06
2.978590053763440437e+02 -5.061596426785468171e-07 4.711889820403606611e-06
2.979840053763440437e+02 -5.029235297237124638e-07 4.690525965360815159e-06
2.981090053763440437e+02 -4.997077115910190132e-07 4.669250632451538846e-06
2.982340053763440437e+02 -4.965120641979246667e-07 4.648063511265686180e-06
2.983590053763440437e+02 -4.933364641945954768e-07 4.626964292082346406e-06
2.984840053763440437e+02 -4.901807889597902501e-07 4.605952665871264184e-06
2.986090053763440437e+02 -4.870449165967604840e-07 4.585028324294570932e-06
2.987340053763440437e+02 -4.839287259291920198e-07 4.564190959708394182e-06
2.988590053763440437e+02 -4.808320964971453202e-07 4.543440265164378854e-06
2.989840053763440437e+02 -4.777549085530283565e-07 4.522775934411255961e-06
2.991090053763440437e+02 -4.746970430575871258e-07 4.502197661896272402e-06
2.992340053763440437e+02 -4.716583816759191956e-07 4.481705142766763051e-06
2.993590053763440437e+02 -4.686388067735048787e-07 4.461298072871468743e-06
2.994840053763440437e+02 -4.656382014122648766e-07 4.440976148761969454e-06
2.996090053763440437e+02 -4.626564493466289881e-07 4.420739067694055649e-06
2.997340053763440437e+02 -4.596934350196350463e-07 4.400586527629057272e-06
2.998590053763440437e+02 -4.567490435590451661e-07 4.380518227235147331e-06
2.999840053763440437e+02 -4.538231607734717338e-07 4.360533865888548926e-06
3.001090053763440437e+02 -4.509156731485474941e-07 4.340633143674840517e-06
3.002340053763440437e+02 -4.480264678430915088e-07 4.320815761390167188e-06
3.003590053763440437e+02 -4.451554326853084670e-07 4.301081420542305367e-06
3.004840053763440437e+02 -4.423024561690022359e-07 4.281429823351899491e-06
3.006090053763440437e+02 -4.394674274498154049e-07 4.261860672753536892e-06
3.007340053763440437e+02 -4.366502363414802655e-07 4.242373672396834541e-06
3.008590053763440437e+02 -4.338507733120964184e-07 4.222968526647458877e-06
3.009840053763440437e+02 -4.310689294804252697e-07 4.203644940588163419e-06
3.011090053763440437e+02 -4.283045966122051193e-07 4.184402620019833160e-06
3.012340053763440437e+02 -4.255576671164774737e-07 4.165241271462316351e-06
3.013590053763440437e+02 -4.228280340419520566e-07 4.146160602155463816e-06
3.014840053763440437e+02 -4.201155910733703380e-07 4.127160320059967506e-06
3.016090053763440437e+02 -4.174202325278978618e-07 4.108240133858283774e-06
3.017340053763440437e+02 -4.147418533515378026e-07 4.089399752955409249e-06
3.018590053763440437e+02 -4.120803491155556395e-07 4.070638887479749899e-06
3.019840053763440437e+02 -4.094356160129297174e-07 4.051957248283937564e-06
3.021090053763440437e+02 -4.068075508548179553e-07 4.033354546945474556e-06
3.022340053763440437e+02 -4.041960510670424475e-07 4.014830495767573906e-06
3.023590053763440437e+02 -4.016010146865944467e-07 3.996384807779809894e-06
3.024840053763440437e+02 -3.990223403581584589e-07 3.978017196738835481e-06
3.026090053763440437e+02 -3.964599273306450725e-07 3.959727377128974388e-06
3.027340053763440437e+02 -3.939136754537623278e-07 3.941515064162913117e-06
3.028590053763440437e+02 -3.913834851745869806e-07 3.923379973782248140e-06
3.029840053763440437e+02 -3.888692575341594298e-07 3.905321822658097455e-06
3.031090053763440437e+02 -3.863708941640993972e-07 3.887340328191618968e-06
3.032340053763440437e+02 -3.838882972832372775e-07 3.869435208514531421e-06
3.033590053763440437e+02 -3.814213696942645464e-07 3.851606182489637008e-06
3.034840053763440437e+02 -3.789700147804001567e-07 3.833852969711261837e-06
3.036090053763440437e+02 -3.765341365020771572e-07 3.816175290505718405e-06
3.037340053763440437e+02 -3.741136393936468873e-07 3.798572865931718954e-06
3.038590053763440437e+02 -3.717084285600912187e-07 3.781045417780813384e-06
3.039840053763440437e+02 -3.693184096737751373e-07 3.763592668577690377e-06
3.041090053763440437e+02 -3.669434889711905361e-07 3.746214341580574226e-06
3.042340053763440437e+02 -3.645835732497333612e-07 3.728910160781530197e-06
3.043590053763440437e+02 -3.622385698644933571e-07 3.711679850906788937e-06
3.044840053763440437e+02 -3.599083867250609107e-07 3.694523137417008635e-06
3.046090053763440437e+02 -3.575929322923520547e-07 3.677439746507534636e-06
3.047340053763440437e+02 -3.552921155754488227e-07 3.660429405108605692e-06
3.048590053763440437e+02 -3.530058461284585569e-07 3.643491840885649154e-06
3.049840053763440437e+02 -3.507340340473894686e-07 3.626626782239355937e-06
3.051090053763440437e+02 -3.484765899670379503e-07 3.609833958305912179e-06
3.052340053763440437e+02 -3.462334250579040530e-07 3.593113098957137311e-06
3.053590053763440437e+02 -3.440044510231126267e-07 3.576463934800594169e-06
3.054840053763440437e+02 -3.417895800953555319e-07 3.559886197179695298e-06
3.056090053763440437e+02 -3.395887250338492557e-07 3.543379618173760127e-06
3.057340053763440437e+02 -3.374017991213105811e-07 3.526943930598144562e-06
3.058590053763440437e+02 -3.352287161609467081e-07 3.510578868004180005e-06
3.059840053763440437e+02 -3.330693904734618389e-07 3.494284164679236452e-06
3.061090053763440437e+02 -3.309237368940807051e-07 3.478059555646734779e-06
3.062340053763440437e+02 -3.287916707695887160e-07 3.461904776666091262e-06
3.063590053763440437e+02 -3.266731079553864018e-07 3.445819564232698514e-06
3.064840053763440437e+02 -3.245679648125556095e-07 3.429803655577822151e-06
3.066090053763440437e+02 -3.224761582049556616e-07 3.413856788668560981e-06
3.067340053763440437e+02 -3.203976054963194629e-07 3.397978702207707243e-06
3.068590053763440437e+02 -3.183322245473732177e-07 3.382169135633664867e-06
3.069840053763440437e+02 -3.162799337129704410e-07 3.366427829120250001e-06
3.071090053763440437e+02 -3.142406518392411632e-07 3.350754523576580045e-06
3.072340053763440437e+02 -3.122142982607562752e-07 3.335148960646829712e-06
3.073590053763440437e+02 -3.102007927977095563e-07 3.319610882710143351e-06
3.074840053763440437e+02 -3.082000557531103421e-07 3.304140032880244476e-06
3.076090053763440437e+02 -3.062120079099974209e-07 3.288736155005429404e-06
3.077340053763440437e+02 -3.042365705286585427e-07 3.273398993668115365e-06
3.078590053763440437e+02 -3.022736653438801563e-07 3.258128294184606303e-06
3.079840053763440437e+02 -3.003232145621970925e-07 3.242923802604917531e-06
3.081090053763440437e+02 -2.983851408591651719e-07 3.227785265712303942e-06
3.082340053763440437e+02 -2.964593673766465697e-07 3.212712431023097375e-06
3.083590053763440437e+02 -2.945458177201099509e-07 3.197705046786208134e-06
3.084840053763440437e+02 -2.926444159559470705e-07 3.182762861982928904e-06
3.086090053763440437e+02 -2.907550866087998548e-07 3.167885626326381212e-06
3.087340053763440437e+02 -2.888777546589069119e-07 3.153073090261312989e-06
3.088590053763440437e+02 -2.870123455394610006e-07 3.138325004963502255e-06
3.089840053763440437e+02 -2.851587851339844990e-07 3.123641122339515718e-06
3.091090053763440437e+02 -2.833169997737108022e-07 3.109021195026080697e-06
3.092340053763440437e+02 -2.814869162349944128e-07 3.094464976389801791e-06
3.093590053763440437e+02 -2.796684617367217204e-07 3.079972220526570496e-06
3.094840053763440437e+02 -2.778615639377417915e-07 3.065542682261148041e-06
3.096090053763440437e+02 -2.760661509343123008e-07 3.051176117146572042e-06
3.097340053763440437e+02 -2.742821512575552030e-07 3.036872281463746963e-06
3.098590053763440437e+02 -2.725094938709305097e-07 3.022630932220873635e-06
3.099840053763440437e+02 -2.707481081677217663e-07 3.008451827152803400e-06
3.101090053763440437e+02 -2.689979239685358759e-07 2.994334724720653974e-06
3.102340053763440437e+02 -2.672588715188177451e-07 2.980279384111049664e-06
3.103590053763440437e+02 -2.655308814863720248e-07 2.966285565235681756e-06
3.104840053763440437e+02 -2.638138849589119029e-07 2.952353028730562703e-06
3.106090053763440437e+02 -2.621078134416075789e-07 2.938481535955547127e-06
3.107340053763440437e+02 -2.604125988546564438e-07 2.924670848993549162e-06
3.108590053763440437e+02 -2.587281735308621548e-07 2.910920730650032536e-06
3.109840053763440437e+02 -2.570544702132303844e-07 2.897230944452219025e-06
3.111090053763440437e+02 -2.553914220525757942e-07 2.883601254648528985e-06
3.112340053763440437e+02 -2.537389626051429305e-07 2.870031426207799538e-06
3.113590053763440437e+02 -2.520970258302400381e-07 2.856521224818659042e-06
3.114840053763440437e+02 -2.504655460878860030e-07 2.843070416888712243e-06
3.116090053763440437e+02 -2.488444581364707937e-07 2.829678769543912200e-06
3.117340053763440437e+02 -2.472336971304253274e-07 2.816346050627786947e-06
3.118590053763440437e+02 -2.456331986179114517e-07 2.803072028700617020e-06
3.119840053763440437e+02 -2.440428985385179094e-07 2.789856473038799760e-06
3.121090053763440437e+02 -2.424627332209714965e-07 2.776699153633909532e-06
3.122340053763440437e+02 -2.408926393808611907e-07 2.763599841192079388e-06
3.123590053763440437e+02 -2.393325541183747204e-07 2.750558307133029523e-06
3.124840053763440437e+02 -2.377824149160468865e-07 2.737574323589407433e-06
3.126090053763440437e+02 -2.362421596365216486e-07 2.724647663405804090e-06
3.127340053763440437e+02 -2.347117265203251162e-07 2.711778100138077584e-06
3.128590053763440437e+02 -2.331910541836540781e-07 2.698965408052347270e-06
3.129840053763440437e+02 -2.316800816161682908e-07 2.686209362124254736e-06
3.131090053763440437e+02 -2.301787481788087330e-07 2.673509738038013004e-06
3.132340053763440437e+02 -2.286869936016157281e-07 2.660866312185588299e-06
3.133590053763440437e+02 -2.272047579815650667e-07 2.648278861665692926e-06
3.134840053763440437e+02 -2.257319817804145569e-07 2.635747164283019128e-06
3.136090053763440437e+02 -2.242686058225630434e-07 2.623270998547253566e-06
3.137340053763440437e+02 -2.228145712929212309e-07 2.610850143672092637e-06
3.138590053763440437e+02 -2.213698197347939960e-07 2.598484379574438225e-06
3.139840053763440437e+02 -2.199342930477755633e-07 2.586173486873299937e-06
3.141090053763440437e+02 -2.185079334856555869e-07 2.573917246888992549e-06
3.142340053763440437e+02 -2.170906836543331996e-07 2.561715441642001818e-06
3.143590053763440437e+02 -2.156824865097530317e-07 2.549567853852171764e-06
3.144840053763440437e+02 -2.142832853558413621e-07 2.537474266937564980e-06
3.146090053763440437e+02 -2.128930238424600844e-07 2.525434465013602052e-06
3.147340053763440437e+02 -2.115116459633702534e-07 2.513448232891903237e-06
3.148590053763440437e+02 -2.101390960542073333e-07 2.501515356079465148e-06
3.149840053763440437e+02 -2.087753187904675879e-07 2.489635620777426206e-06
3.151090053763440437e+02 -2.074202591855068862e-07 2.477808813880195041e-06
3.152340053763440437e+02 -2.060738625885480835e-07 2.466034722974289209e-06
3.153590053763440437e+02 -2.047360746827020355e-07 2.454313136337375505e-06
3.154840053763440437e+02 -2.034068414829997281e-07 2.442643842937170515e-06
3.156090053763440437e+02 -2.020861093344306822e-07 2.431026632430310673e-06
3.157340053763440437e+02 -2.007738249100016332e-07 2.419461295161394690e-06
3.158590053763440437e+02 -1.994699352087970373e-07 2.407947622161770603e-06
3.159840053763440437e+02 -1.981743875540550100e-07 2.396485405148545593e-06
3.161090053763440437e+02 -1.968871295912525548e-07 2.385074436523383200e-06
3.162340053763440437e+02 -1.956081092862033392e-07 2.373714509371495776e-06
3.163590053763440437e+02 -1.943372749231633054e-07 2.362405417460408664e-06
3.164840053763440437e+02 -1.930745751029494368e-07 2.351146955238945876e-06
3.166090053763440437e+02 -1.918199587410678678e-07 2.339938917835971825e-06
3.167340053763440437e+02 -1.905733750658539321e-07 2.328781101059404534e-06
3.168590053763440437e+02 -1.893347736166175307e-07 2.317673301394874356e-06
3.169840053763440437e+02 -1.881041042418087504e-07 2.306615316004743960e-06
3.171090053763440437e+02 -1.868813170971842486e-07 2.295606942726788651e-06
3.172340053763440437e+02 -1.856663626439880913e-07 2.284647980073148592e-06
3.173590053763440437e+02 -1.844591916471440265e-07 2.273738227229080700e-06
3.174840053763440437e+02 -1.832597551734543738e-07 2.262877484051747813e-06
3.176090053763440437e+02 -1.820680045898123883e-07 2.252065551069115430e-06
3.177340053763440437e+02 -1.808838915614229619e-07 2.241302229478623985e-06
3.178590053763440437e+02 -1.797073680500339655e-07 2.230587321146117777e-06
3.179840053763440437e+02 -1.785383863121772792e-07 2.219920628604493947e-06
3.181090053763440437e+02 -1.773768988974207548e-07 2.209301955052609813e-06
3.182340053763440437e+02 -1.762228586466260010e-07 2.198731104353925071e-06
3.183590053763440437e+02 -1.750762186902236656e-07 2.188207881035391757e-06
3.184840053763440437e+02 -1.739369324464920265e-07 2.177732090286094765e-06
3.186090053763440437e+02 -1.728049536198463555e-07 2.167303537956133336e-06
3.187340053763440437e+02 -1.716802361991402469e-07 2.156922030555226417e-06
3.188590053763440437e+02 -1.705627344559745425e-07 2.146587375251583569e-06
3.189840053763440437e+02 -1.694524029430169507e-07 2.136299379870522609e-06
3.191090053763440437e+02 -1.683491964923305590e-07 2.126057852893300703e-06
3.192340053763440437e+02 -1.672530702137120619e-07 2.115862603455794267e-06
3.193590053763440437e+02 -1.661639794930402313e-07 2.105713441347172933e-06
3.194840053763440437e+02 -1.650818799906293906e-07 2.095610177008705238e-06
3.196090053763440437e+02 -1.640067276396014968e-07 2.085552621532366523e-06
3.197340053763440437e+02 -1.629384786442572961e-07 2.075540586659637837e-06
3.198590053763440437e+02 -1.618770894784627791e-07 2.065573884780099445e-06
3.199840053763440437e+02 -1.608225168840428622e-07 2.055652328930226341e-06
3.201090053763440437e+02 -1.597747178691845980e-07 2.045775732791975827e-06
3.202340053763440437e+02 -1.587336497068495713e-07 2.035943910691561003e-06
3.203590053763440437e+02 -1.576992699331947644e-07 2.026156677598023521e-06
3.204840053763440437e+02 -1.566715363460033497e-07 2.016413849122041381e-06
3.206090053763440437e+02 -1.556504070031238193e-07 2.006715241514437315e-06
3.207340053763440437e+02 -1.546358402209163680e-07 1.997060671664978954e-06
3.208590053763440437e+02 -1.536277945727128022e-07 1.987449957100931257e-06
3.209840053763440437e+02 -1.526262288872801805e-07 1.977882915985788921e-06
3.211090053763440437e+02 -1.516311022472958903e-07 1.968359367117894451e-06
3.212340053763440437e+02 -1.506423739878305850e-07 1.958879129929041822e-06
3.213590053763440437e+02 -1.496600036948403593e-07 1.949442024483201699e-06
3.214840053763440437e+02 -1.486839512036668395e-07 1.940047871475067922e-06
3.216090053763440437e+02 -1.477141765975465113e-07 1.930696492228770447e-06
3.217340053763440437e+02 -1.467506402061278031e-07 1.921387708696424797e-06
3.218590053763440437e+02 -1.457933026039980165e-07 1.912121343456839914e-06
3.219840053763440437e+02 -1.448421246092172182e-07 1.902897219714050253e-06
3.221090053763440437e+02 -1.438970672818591198e-07 1.893715161296007325e-06
3.222340053763440437e+02 -1.429580919225661984e-07 1.884574992653149061e-06
3.223590053763440437e+02 -1.420251600711062993e-07 1.875476538857037569e-06
3.224840053763440437e+02 -1.410982335049412037e-07 1.866419625598911767e-06
3.226090053763440437e+02 -1.401772742378022366e-07 1.857404079188372791e-06
3.227340053763440437e+02 -1.392622445182747955e-07 1.848429726551893211e-06
3.228590053763440437e+02 -1.383531068283899462e-07 1.839496395231488678e-06
3.229840053763440437e+02 -1.374498238822256010e-07 1.830603913383274574e-06
3.231090053763440437e+02 -1.365523586245137581e-07 1.821752109776030720e-06
3.232340053763440437e+02 -1.356606742292581707e-07 1.812940813789857976e-06
3.233590053763440437e+02 -1.347747340983558003e-07 1.804169855414671800e-06
3.234840053763440437e+02 -1.338945018602327765e-07 1.795439065248877059e-06
3.236090053763440437e+02 -1.330199413684819178e-07 1.786748274497853747e-06
3.237340053763440437e+02 -1.321510167005110259e-07 1.778097314972617405e-06
3.238590053763440437e+02 -1.312876921561988562e-07 1.769486019088307800e-06
3.239840053763440437e+02 -1.304299322565578909e-07 1.760914219862833885e-06
3.241090053763440437e+02 -1.295777017424062974e-07 1.752381750915388103e-06
3.242340053763440437e+02 -1.287309655730454450e-07 1.743888446465045184e-06
3.243590053763440437e+02 -1.278896889249470302e-07 1.735434141329276444e-06
3.244840053763440437e+02 -1.270538371904465818e-07 1.727018670922577813e-06
3.246090053763440437e+02 -1.262233759764457265e-07 1.718641871254953635e-06
3.247340053763440437e+02 -1.253982711031183991e-07 1.710303578930537073e-06
3.248590053763440437e+02 -1.245784886026308438e-07 1.702003631146079630e-06
3.249840053763440437e+02 -1.237639947178631496e-07 1.693741865689563924e-06
3.251090053763440437e+02 -1.229547559011405015e-07 1.685518120938713971e-06
3.252340053763440437e+02 -1.221507388129724511e-07 1.677332235859529813e-06
3.253590053763440437e+02 -1.213519103207975605e-07 1.669184050004881658e-06
3.254840053763440437e+02 -1.205582374977371262e-07 1.661073403512991363e-06
3.256090053763440437e+02 -1.197696876213551493e-07 1.653000137106031438e-06
3.257340053763440437e+02 -1.189862281724256108e-07 1.644964092088608436e-06
3.258590053763440437e+02 -1.182078268337075701e-07 1.636965110346352642e-06
3.259840053763440437e+02 -1.174344514887245501e-07 1.629003034344409932e-06
3.261090053763440437e+02 -1.166660702205564703e-07 1.621077707126014946e-06
3.262340053763440437e+02 -1.159026513106327966e-07 1.613188972310970026e-06
3.263590053763440437e+02 -1.151441632375364249e-07 1.605336674094246132e-06
3.264840053763440437e+02 -1.143905746758123953e-07 1.597520657244437855e-06
3.266090053763440437e+02 -1.136418544947848258e-07 1.589740767102362419e-06
3.267340053763440437e+02 -1.128979717573801315e-07 1.581996849579520841e-06
3.268590053763440437e+02 -1.121588957189571534e-07 1.574288751156678298e-06
3.269840053763440437e+02 -1.114245958261440892e-07 1.566616318882364246e-06
3.271090053763440437e+02 -1.106950417156821877e-07 1.558979400371373173e-06
3.272340053763440437e+02 -1.099702032132767219e-07 1.551377843803341581e-06
3.273590053763440437e+02 -1.092500503324518274e-07 1.543811497921203423e-06
3.274840053763440437e+02 -1.085345532734177010e-07 1.536280212029779367e-06
3.276090053763440437e+02 -1.078236824219383299e-07 1.528783835994220801e-06
3.277340053763440437e+02 -1.071174083482092922e-07 1.521322220238617307e-06
3.278590053763440437e+02 -1.064157018057410229e-07 1.513895215744412924e-06
3.279840053763440437e+02 -1.057185337302488308e-07 1.506502674049016588e-06
3.281090053763440437e+02 -1.050258752385491611e-07 1.499144447244239992e-06
3.282340053763440437e+02 -1.043376976274625689e-07 1.491820387974881137e-06
3.283590053763440437e+02 -1.036539723727228201e-07 1.484530349437175530e-06
3.284840053763440437e+02 -1.029746711278927817e-07 1.477274185377372534e-06
3.286090053763440437e+02 -1.022997657232848920e-07 1.470051750090184663e-06
3.287340053763440437e+02 -1.016292281648915692e-07 1.462862898417356945e-06
3.288590053763440437e+02 -1.009630306333181092e-07 1.455707485746156232e-06
3.289840053763440437e+02 -1.003011454827236689e-07 1.448585368007859045e-06
3.291090053763440437e+02 -9.964354523976808706e-08 1.441496401676317961e-06
3.292340053763440437e+02 -9.899020260256495148e-08 1.434440443766410278e-06
3.293590053763440437e+02 -9.834109043964051589e-08 1.427417351832616055e-06
3.294840053763440437e+02 -9.769618178889894353e-08 1.420426983967452586e-06
3.296090053763440437e+02 -9.705544985659370466e-08 1.413469198800077642e-06
3.297340053763440437e+02 -9.641886801630489019e-08 1.406543855494702765e-06
3.298590053763440437e+02 -9.578640980792085308e-08 1.399650813749182961e-06
3.299840053763440437e+02 -9.515804893663001412e-08 1.392789933793469166e-06
3.301090053763440437e+02 -9.453375927191409712e-08 1.385961076388172743e-06
3.302340053763440437e+02 -9.391351484654958294e-08 1.379164102823021549e-06
3.303590053763440437e+02 -9.329728985561453687e-08 1.372398874915421248e-06
3.304840053763440437e+02 -9.268505865550110059e-08 1.365665255008918375e-06
3.306090053763440437e+02 -9.207679576293393980e-08 1.358963105971756776e-06
3.307340053763440437e+02 -9.147247585399474015e-08 1.352292291195363325e-06
3.308590053763440437e+02 -9.087207376315141492e-08 1.345652674592850160e-06
3.309840053763440437e+02 -9.027556448229424762e-08 1.339044120597562231e-06
3.311090053763440437e+02 -8.968292315977727576e-08 1.332466494161543748e-06
3.312340053763440437e+02 -8.909412509946352583e-08 1.325919660754100133e-06
3.313590053763440437e+02 -8.850914575978004221e-08 1.319403486360255145e-06
3.314840053763440437e+02 -8.792796075277408071e-08 1.312917837479336549e-06
3.316090053763440437e+02 -8.735054584317724304e-08 1.306462581123404448e-06
3.317340053763440437e+02 -8.677687694747424345e-08 1.300037584815846263e-06
3.318590053763440437e+02 -8.620693013297797528e-08 1.293642716589824551e-06
3.319840053763440437e+02 -8.564068161690883908e-08 1.287277844986853984e-06
3.321090053763440437e+02 -8.507810776548052932e-08 1.280942839055256362e-06
3.322340053763440437e+02 -8.451918509299054603e-08 1.274637568348738661e-06
3.323590053763440437e+02 -8.396389026091691357e-08 1.268361902924853544e-06
3.324840053763440437e+02 -8.341220007701787723e-08 1.262115713343563857e-06
3.326090053763440437e+02 -8.286409149444103636e-08 1.255898870665742532e-06
3.327340053763440437e+02 -8.231954161083381418e-08 1.249711246451676089e-06
3.328590053763440437e+02 -8.177852766746082295e-08 1.243552712759627438e-06
3.329840053763440437e+02 -8.124102704832670845e-08 1.237423142144304650e-06
3.331090053763440437e+02 -8.070701727930326929e-08 1.231322407655440911e-06
3.332340053763440437e+02 -8.017647602726253190e-08 1.225250382836259270e-06
3.333590053763440437e+02 -7.964938109921436514e-08 1.219206941722063179e-06
3.334840053763440437e+02 -7.912571044144957408e-08 1.213191958838689813e-06
3.336090053763440437e+02 -7.860544213868791727e-08 1.207205309201102931e-06
3.337340053763440437e+02 -7.808855441323131196e-08 1.201246868311865892e-06
3.338590053763440437e+02 -7.757502562412066577e-08 1.195316512159719059e-06
3.339840053763440437e+02 -7.706483426630074191e-08 1.189414117218064675e-06
3.341090053763440437e+02 -7.655795896978714197e-08 1.183539560443542147e-06
3.342340053763440437e+02 -7.605437849883899296e-08 1.177692719274515036e-06
3.343590053763440437e+02 -7.555407175113707389e-08 1.171873471629646351e-06
3.344840053763440437e+02 -7.505701775696624370e-08 1.166081695906414964e-06
3.346090053763440437e+02 -7.456319567840308370e-08 1.160317270979634367e-06
3.347340053763440437e+02 -7.407258480850806639e-08 1.154580076200031771e-06
3.348590053763440437e+02 -7.358516457052254174e-08 1.148869991392740177e-06
3.349840053763440437e+02 -7.310091451707107038e-08 1.143186896855879807e-06
3.351090053763440437e+02 -7.261981432936635085e-08 1.137530673359072621e-06
3.352340053763440437e+02 -7.214184381642289507e-08 1.131901202142003840e-06
3.353590053763440437e+02 -7.166698291427112736e-08 1.126298364912940702e-06
3.354840053763440437e+02 -7.119521168517849795e-08 1.120722043847313890e-06
3.356090053763440437e+02 -7.072651031687479191e-08 1.115172121586228238e-06
3.357340053763440437e+02 -7.026085912178163360e-08 1.109648481235050514e-06
3.358590053763440437e+02 -6.979823853624711299e-08 1.104151006361918643e-06
3.359840053763440437e+02 -6.933862911978454123e-08 1.098679580996334363e-06
3.361090053763440437e+02 -6.888201155431583854e-08 1.093234089627679431e-06
3.362340053763440437e+02 -6.842836664341977916e-08 1.087814417203804895e-06
3.363590053763440437e+02 -6.797767531158338635e-08 1.082420449129571862e-06
3.364840053763440437e+02 -6.752991860346015644e-08 1.077052071265396302e-06
3.366090053763440437e+02 -6.708507768313037416e-08 1.071709169925846778e-06
3.367340053763440437e+02 -6.664313383336697324e-08 1.066391631878166168e-06
3.368590053763440437e+02 -6.620406845490551314e-08 1.061099344340866435e-06
3.369840053763440437e+02 -6.576786306571860271e-08 1.055832194982279561e-06
3.371090053763440437e+02 -6.533449930029443983e-08 1.050590071919134965e-06
3.372340053763440437e+02 -6.490395890891990396e-08 1.045372863715105772e-06
3.373590053763440437e+02 -6.447622375696759257e-08 1.040180459379419897e-06
3.374840053763440437e+02 -6.405127582418767516e-08 1.035012748365389173e-06
3.376090053763440437e+02 -6.362909720400332065e-08 1.029869620569027623e-06
3.377340053763440437e+02 -6.320967010280987028e-08 1.024750966327584405e-06
3.378590053763440437e+02 -6.279297683928049556e-08 1.019656676418170345e-06
3.379840053763440437e+02 -6.237899984367320623e-08 1.014586642056291298e-06
3.381090053763440437e+02 -6.196772165714352270e-08 1.009540754894470453e-06
3.382340053763440437e+02 -6.155912493106090726e-08 1.004518907020816420e-06
3.383590053763440437e+02 -6.115319242632935099e-08 9.995209909575981008e-07
3.384840053763440437e+02 -6.074990701271179881e-08 9.945468996598665611e-07
3.386090053763440437e+02 -6.034925166815898177e-08 9.895965265140055509e-07
3.387340053763440437e+02 -5.995120947814179622e-08 9.846697653363635431e-07
3.388590053763440437e+02 -5.955576363498834840e-08 9.797665103718228838e-07
3.389840053763440437e+02 -5.916289743722333485e-08 9.748866562924125645e-07
3.391090053763440437e+02 -5.877259428891429183e-08 9.700300981958885943e-07
3.392340053763440437e+02 -5.838483769901880422e-08 9.651967316043664656e-07
3.393590053763440437e+02 -5.799961128073729293e-08 9.603864524628886095e-07
3.394840053763440437e+02 -5.761689875086897873e-08 9.555991571380668136e-07
3.396090053763440437e+02 -5.723668392917210762e-08 9.508347424166565600e-07
3.397340053763440437e+02 -5.685895073772790854e-08 9.460931055042027251e-07
3.398590053763440437e+02 -5.648368320030800534e-08 9.413741440236139177e-07
3.399840053763440437e+02 -5.611086544174616977e-08 9.366777560138174962e-07
3.401090053763440437e+02 -5.574048168731336339e-08 9.320038399283401532e-07
3.402340053763440437e+02 -5.537251626209717342e-08 9.273522946339577453e-07
3.403590053763440437e+02 -5.500695359038335959e-08 9.227230194093032999e-07
3.404840053763440437e+02 -5.464377819504385298e-08 9.181159139434783050e-07
3.406090053763440437e+02 -5.428297469692578719e-08 9.135308783347205377e-07
3.407340053763440437e+02 -5.392452781424553228e-08 9.089678130889796731e-07
3.408590053763440437e+02 -5.356842236198616978e-08 9.044266191185951712e-07
3.409840053763440437e+02 -5.321464325129828974e-08 8.999071977408965552e-07
3.411090053763440437e+02 -5.286317548890473161e-08 8.954094506768689108e-07
3.412340053763440437e+02 -5.251400417650873991e-08 8.909332800497600468e-07
3.413590053763440437e+02 -5.216711451020566669e-08 8.864785883837558414e-07
3.414840053763440437e+02 -5.182249177989845268e-08 8.820452786025900489e-07
3.416090053763440437e+02 -5.148012136871555019e-08 8.776332540282232465e-07
3.417340053763440437e+02 -5.113998875243447747e-08 8.732424183794586763e-07
3.418590053763440437e+02 -5.080207949890662382e-08 8.688726757706270151e-07
3.419840053763440437e+02 -5.046637926748693169e-08 8.645239307102051809e-07
3.421090053763440437e+02 -5.013287380846616623e-08 8.601960880995038557e-07
3.422340053763440437e+02 -4.980154896250710240e-08 8.558890532313107506e-07
3.423590053763440437e+02 -4.947239066008405381e-08 8.516027317885411758e-07
3.424840053763440437e+02 -4.914538492092557139e-08 8.473370298429367871e-07
3.426090053763440437e+02 -4.882051785346062942e-08 8.430918538536853448e-07
3.427340053763440437e+02 -4.849777565426813353e-08 8.388671106661338599e-07
3.428590053763440437e+02 -4.817714460752999549e-08 8.346627075104226465e-07
3.429840053763440437e+02 -4.785861108448623295e-08 8.304785520001928563e-07
3.431090053763440437e+02 -4.754216154289593883e-08 8.263145521312326019e-07
3.432340053763440437e+02 -4.722778252649877354e-08 8.221706162801870316e-07
3.433590053763440437e+02 -4.691546066448120845e-08 8.180466532032078411e-07
3.434840053763440437e+02 -4.660518267094562817e-08 8.139425720346698069e-07
3.436090053763440437e+02 -4.629693534438264887e-08 8.098582822858304628e-07
3.437340053763440437e+02 -4.599070556714659975e-08 8.057936938435452564e-07
3.438590053763440437e+02 -4.568648030493422716e-08 8.017487169689333666e-07
3.439840053763440437e+02 -4.538424660626643624e-08 7.977232622961008012e-07
3.441090053763440437e+02 -4.508399160197348010e-08 7.937172408308231552e-07
3.442340053763440437e+02 -4.478570250468229981e-08 7.897305639492354619e-07
3.443590053763440437e+02 -4.448936660830867516e-08 7.857631433965738204e-07
3.444840053763440437e+02 -4.419497128755078501e-08 7.818148912858321066e-07
3.446090053763440437e+02 -4.390250399738667191e-08 7.778857200965147175e-07
3.447340053763440437e+02 -4.361195227257455883e-08 7.739755426733150936e-07
3.448590053763440437e+02 -4.332330372715613048e-08 7.700842722248590402e-07
3.449840053763440437e+02 -4.303654605396297125e-08 7.662118223223954257e-07
3.451090053763440437e+02 -4.275166702412582205e-08 7.623581068985402436e-07
3.452340053763440437e+02 -4.246865448658692096e-08 7.585230402459776879e-07
3.453590053763440437e+02 -4.218749636761550042e-08 7.547065370162091906e-07
3.454840053763440437e+02 -4.190818067032509751e-08 7.509085122182560855e-07
3.456090053763440437e+02 -4.163069547419586048e-08 7.471288812174175398e-07
3.457340053763440437e+02 -4.135502893459782804e-08 7.433675597339792527e-07
3.458590053763440437e+02 -4.108116928231798053e-08 7.396244638419722345e-07
3.459840053763440437e+02 -4.080910482308999770e-08 7.358995099679044803e-07
3.461090053763440437e+02 -4.053882393712690828e-08 7.321926148894887267e-07
3.462340053763440437e+02 -4.027031507865644606e-08 7.285036957344248421e-07
3.463590053763440437e+02 -4.000356677545948315e-08 7.248326699791033367e-07
3.464840053763440437e+02 -3.973856762841091160e-08 7.211794554473949526e-07
3.466090053763440437e+02 -3.947530631102356915e-08 7.175439703093761965e-07
3.467340053763440437e+02 -3.921377156899505671e-08 7.139261330801118361e-07
3.468590053763440437e+02 -3.895395221975638234e-08 7.103258626183890091e-07
3.469840053763440437e+02 -3.869583715202511822e-08 7.067430781255059664e-07
3.471090053763440437e+02 -3.843941532535953712e-08 7.031776991440134865e-07
3.472340053763440437e+02 -3.818467576971632223e-08 6.996296455565061601e-07
3.473590053763440437e+02 -3.793160758501073202e-08 6.960988375843715337e-07
3.474840053763440437e+02 -3.768019994067966366e-08 6.925851957865882759e-07
3.476090053763440437e+02 -3.743044207524694638e-08 6.890886410584798746e-07
3.477340053763440437e+02 -3.718232329589175837e-08 6.856090946305147082e-07
3.478590053763440437e+02 -3.693583297801932664e-08 6.821464780670785898e-07
3.479840053763440437e+02 -3.669096056483453199e-08 6.787007132652638274e-07
3.481090053763440437e+02 -3.644769556691737341e-08 6.752717224536607192e-07
3.482340053763440437e+02 -3.620602756180240962e-08 6.718594281911393094e-07
3.483590053763440437e+02 -3.596594619355940497e-08 6.684637533656630117e-07
3.484840053763440437e+02 -3.572744117237709216e-08 6.650846211930657063e-07
3.486090053763440437e+02 -3.549050227414961503e-08 6.617219552158735165e-07
3.487340053763440437e+02 -3.525511934006510212e-08 6.583756793020874109e-07
3.488590053763440437e+02 -3.502128227619703950e-08 6.550457176440129212e-07
3.489840053763440437e+02 -3.478898105309807209e-08 6.517319947570464503e-07
3.491090053763440437e+02 -3.455820570539621385e-08 6.484344354785086959e-07
3.492340053763440437e+02 -3.432894633139356588e-08 6.451529649664509693e-07
3.493590053763440437e+02 -3.410119309266764186e-08 6.418875086984691376e-07
3.494840053763440437e+02 -3.387493621367434780e-08 6.386379924705392712e-07
3.496090053763440437e+02 -3.365016598135487274e-08 6.354043423958236444e-07
3.497340053763440437e+02 -3.342687274474361176e-08 6.321864849035291474e-07
3.498590053763440437e+02 -3.320504691457892787e-08 6.289843467376911586e-07
3.499840053763440437e+02 -3.298467896291651456e-08 6.257978549560640369e-07
3.501090053763440437e+02 -3.276575942274484281e-08 6.226269369289011831e-07
3.502340053763440437e+02 -3.254827888760308312e-08 6.194715203378483909e-07
3.503590053763440437e+02 -3.233222801120133690e-08 6.163315331747360840e-07
3.504840053763440437e+02 -3.211759750704316420e-08 6.132069037404752085e-07
3.506090053763440437e+02 -3.190437814805061946e-08 6.100975606438556110e-07
3.507340053763440437e+02 -3.169256076619074303e-08 6.070034328004448957e-07
3.508590053763440437e+02 -3.148213625210601659e-08 6.039244494314128484e-07
3.509840053763440437e+02 -3.127309555474526853e-08 6.008605400623953538e-07
3.511090053763440437e+02 -3.106542968099792117e-08 5.978116345223655120e-07
3.512340053763440437e+02 -3.085912969533012396e-08 5.947776629424845330e-07
3.513590053763440437e+02 -3.065418671942315636e-08 5.917585557549814289e-07
3.514840053763440437e+02 -3.045059193181409406e-08 5.887542436920081439e-07
3.516090053763440437e+02 -3.024833656753859921e-08 5.857646577845365050e-07
3.517340053763440437e+02 -3.004741191777594090e-08 5.827897293611972577e-07
3.518590053763440437e+02 -2.984780932949631840e-08 5.798293900472070872e-07
3.519840053763440437e+02 -2.964952020510975940e-08 5.768835717631985477e-07
3.521090053763440437e+02 -2.945253600211826736e-08 5.739522067241580956e-07
3.522340053763440437e+02 -2.925684823276902445e-08 5.710352274382631127e-07
3.523590053763440437e+02 -2.906244846371027111e-08 5.681325667058236444e-07
3.524840053763440437e+02 -2.886932831564916438e-08 5.652441576181260944e-07
3.526090053763440437e+02 -2.867747946301174701e-08 5.623699335563783503e-07
3.527340053763440437e+02 -2.848689363360500457e-08 5.595098281905785719e-07
3.528590053763440437e+02 -2.829756260828097381e-08 5.566637754784250588e-07
3.529840053763440437e+02 -2.810947822060296207e-08 5.538317096642345905e-07
3.531090053763440437e+02 -2.792263235651382802e-08 5.510135652778358828e-07
3.532340053763440437e+02 -2.773701695400623101e-08 5.482092771334970326e-07
3.533590053763440437e+02 -2.755262400279457134e-08 5.454187803288259635e-07
3.534840053763440437e+02 -2.736944554399000082e-08 5.426420102437124813e-07
3.536090053763440437e+02 -2.718747366977625738e-08 5.398789025392142143e-07
3.537340053763440437e+02 -2.700670052308804065e-08 5.371293931565252445e-07
3.538590053763440437e+02 -2.682711829729135301e-08 5.343934183158591887e-07
3.539840053763440437e+02 -2.664871923586569350e-08 5.316709145154245007e-07
3.541090053763440437e+02 -2.647149563208827992e-08 5.289618185303145404e-07
3.542340053763440437e+02 -2.629543982872022648e-08 5.262660674114879577e-07
3.543590053763440437e+02 -2.612054421769453454e-08 5.235835984846656443e-07
3.544840053763440437e+02 -2.594680123980624734e-08 5.209143493493143994e-07
3.546090053763440437e+02 -2.577420338440387188e-08 5.182582578775652691e-07
3.547340053763440437e+02 -2.560274318908388132e-08 5.156152622131707429e-07
3.548590053763440437e+02 -2.543241323938590548e-08 5.129853007704627971e-07
3.549840053763440437e+02 -2.526320616849041624e-08 5.103683122332986566e-07
3.551090053763440437e+02 -2.509511465691814329e-08 5.077642355540290028e-07
3.552340053763440437e+02 -2.492813143223131969e-08 5.051730099524493469e-07
3.553590053763440437e+02 -2.476224926873684312e-08 5.025945749147749083e-07
3.554840053763440437e+02 -2.459746098719113125e-08 5.000288701925951638e-07
3.556090053763440437e+02 -2.443375945450692256e-08 4.974758358018653497e-07
3.557340053763440437e+02 -2.427113758346186396e-08 4.949354120218478816e-07
3.558590053763440437e+02 -2.410958833240890823e-08 4.924075393941276793e-07
3.559840053763440437e+02 -2.394910470498809120e-08 4.898921587215514691e-07
3.561090053763440437e+02 -2.378967974984108497e-08 4.873892110672518968e-07
3.562340053763440437e+02 -2.363130656032641615e-08 4.848986377535905356e-07
3.563590053763440437e+02 -2.347397827423704655e-08 4.824203803611858105e-07
3.564840053763440437e+02 -2.331768807351960164e-08 4.799543807278794060e-07
3.566090053763440437e+02 -2.316242918399518711e-08 4.775005809477360265e-07
3.567340053763440437e+02 -2.300819487508209813e-08 4.750589233700499848e-07
3.568590053763440437e+02 -2.285497845952015311e-08 4.726293505983332103e-07
3.569840053763440437e+02 -2.270277329309676460e-08 4.702118054893315254e-07
3.571090053763440437e+02 -2.255157277437477033e-08 4.678062311520197471e-07
3.572340053763440437e+02 -2.240137034442148202e-08 4.654125709466231523e-07
3.573590053763440437e+02 -2.225215948654036115e-08 4.630307684836165493e-07
3.574840053763440437e+02 -2.210393372600339629e-08 4.606607676227608839e-07
3.576090053763440437e+02 -2.195668662978569392e-08 4.583025124720912996e-07
3.577340053763440437e+02 -2.181041180630138944e-08 4.559559473869758194e-07
3.578590053763440437e+02 -2.166510290514144746e-08 4.536210169691026648e-07
3.579840053763440437e+02 -2.152075361681296755e-08 4.512976660655421670e-07
3.581090053763440437e+02 -2.137735767248007158e-08 4.489858397677553678e-07
3.582340053763440437e+02 -2.123490884370647518e-08 4.466854834106322135e-07
3.583590053763440437e+02 -2.109340094219958784e-08 4.443965425715364722e-07
3.584840053763440437e+02 -2.095282781955633022e-08 4.421189630693334995e-07
3.586090053763440437e+02 -2.081318336701002684e-08 4.398526909634452662e-07
3.587340053763440437e+02 -2.067446151517986298e-08 4.375976725528852186e-07
3.588590053763440437e+02 -2.053665623382083788e-08 4.353538543753164294e-07
3.589840053763440437e+02 -2.039976153157587530e-08 4.331211832060941339e-07
3.591090053763440437e+02 -2.026377145572928067e-08 4.308996060573300757e-07
3.592340053763440437e+02 -2.012868009196175995e-08 4.286890701769388537e-07
3.593590053763440437e+02 -1.999448156410697049e-08 4.264895230477158735e-07
3.594840053763440437e+02 -1.986117003390954748e-08 4.243009123863740596e-07
3.596090053763440437e+02 -1.972873970078465915e-08 4.221231861426440943e-07
3.597340053763440437e+02 -1.959718480157910705e-08 4.199562924983089591e-07
3.598590053763440437e+02 -1.946649961033357119e-08 4.178001798663073505e-07
3.599840053763440437e+02 -1.933667843804701576e-08 4.156547968897892379e-07
3.601090053763440437e+02 -1.920771563244187574e-08 4.135200924411990566e-07
3.602340053763440437e+02 -1.907960557773102683e-08 4.113960156213620767e-07
3.603590053763440437e+02 -1.895234269438614848e-08 4.092825157585599196e-07
3.604840053763440437e+02 -1.882592143890754594e-08 4.071795424076283095e-07
3.606090053763440437e+02 -1.870033630359533560e-08 4.050870453490355537e-07
3.607340053763440437e+02 -1.857558181632213240e-08 4.030049745879863825e-07
3.608590053763440437e+02 -1.845165254030708068e-08 4.009332803535084768e-07
3.609840053763440437e+02 -1.832854307389144999e-08 3.988719130975603303e-07
3.611090053763440437e+02 -1.820624805031511763e-08 3.968208234941219075e-07
3.612340053763440437e+02 -1.808476213749531440e-08 3.947799624383163757e-07
3.613590053763440437e+02 -1.796408003780595930e-08 3.927492810454925039e-07
3.614840053763440437e+02 -1.784419648785870148e-08 3.907287306503659831e-07
3.616090053763440437e+02 -1.772510625828531218e-08 3.887182628061001309e-07
3.617340053763440437e+02 -1.760680415352136382e-08 3.867178292834520823e-07
3.618590053763440437e+02 -1.748928501159132179e-08 3.847273820698732406e-07
3.619840053763440437e+02 -1.737254370389490689e-08 3.827468733686336044e-07
3.621090053763440437e+02 -1.725657513499488381e-08 3.807762555979550407e-07
3.622340053763440437e+02 -1.714137424240602748e-08 3.788154813901288887e-07
3.623590053763440437e+02 -1.702693599638561147e-08 3.768645035906557449e-07
3.624840053763440437e+02 -1.691325539972477649e-08 3.749232752573699485e-07
3.626090053763440437e+02 -1.680032748754190399e-08 3.729917496595861427e-07
3.627340053763440437e+02 -1.668814732707662502e-08 3.710698802772275192e-07
3.628590053763440437e+02 -1.657671001748538419e-08 3.691576207999789970e-07
3.629840053763440437e+02 -1.646601068963827419e-08 3.672549251264200194e-07
3.631090053763440437e+02 -1.635604450591713425e-08 3.653617473631892204e-07
3.632340053763440437e+02 -1.624680666001483639e-08 3.634780418241119285e-07
3.633590053763440437e+02 -1.613829237673589853e-08 3.616037630293800265e-07
3.634840053763440437e+02 -1.603049691179831516e-08 3.597388657046815193e-07
3.636090053763440437e+02 -1.592341555163670157e-08 3.578833047803850533e-07
3.637340053763440437e+02 -1.581704361320628519e-08 3.560370353906840423e-07
3.638590053763440437e+02 -1.571137644378887541e-08 3.542000128727663632e-07
3.639840053763440437e+02 -1.560640942079928682e-08 3.523721927659866994e-07
3.641090053763440437e+02 -1.550213795159333076e-08 3.505535308110287193e-07
3.642340053763440437e+02 -1.539855747327703763e-08 3.487439829490874771e-07
3.643590053763440437e+02 -1.529566345251685538e-08 3.469435053210357216e-07
3.644840053763440437e+02 -1.519345138535126076e-08 3.451520542666129143e-07
3.646090053763440437e+02 -1.509191679700340293e-08 3.433695863235960903e-07
3.647340053763440437e+02 -1.499105524169497789e-08 3.415960582269949126e-07
3.648590053763440437e+02 -1.489086230246124770e-08 3.398314269082276144e-07
3.649840053763440437e+02 -1.479133359096729064e-08 3.380756494943263236e-07
3.651090053763440437e+02 -1.469246474732504701e-08 3.363286833071070235e-07
3.652340053763440437e+02 -1.459425143991219637e-08 3.345904858623927709e-07
3.653590053763440437e+02 -1.449668936519150955e-08 3.328610148691836030e-07
3.654840053763440437e+02 -1.439977424753162678e-08 3.311402282288821386e-07
3.656090053763440437e+02 -1.430350183902890775e-08 3.294280840344823313e-07
3.657340053763440437e+02 -1.420786791933043484e-08 3.277245405697780238e-07
3.658590053763440437e+02 -1.411286829545804531e-08 3.260295563085781716e-07
3.659840053763440437e+02 -1.401849880163353319e-08 3.243430899139104203e-07
3.661090053763440437e+02 -1.392475529910491484e-08 3.226651002372445350e-07
3.662340053763440437e+02 -1.383163367597383774e-08 3.209955463177011130e-07
3.663590053763440437e+02 -1.373912984702380648e-08 3.193343873812793546e-07
3.664840053763440437e+02 -1.364723975355003175e-08 3.176815828400728688e-07
3.666090053763440437e+02 -1.355595936318977557e-08 3.160370922915024208e-07
3.667340053763440437e+02 -1.346528466975404981e-08 3.144008755175350204e-07
3.668590053763440437e+02 -1.337521169306033216e-08 3.127728924839284214e-07
3.669840053763440437e+02 -1.328573647876628628e-08 3.111531033394448637e-07
3.671090053763440437e+02 -1.319685509820457548e-08 3.095414684151115601e-07
3.672340053763440437e+02 -1.310856364821867564e-08 3.079379482234335381e-07
3.673590053763440437e+02 -1.302085825099970393e-08 3.063425034576598450e-07
3.674840053763440437e+02 -1.293373505392438235e-08 3.047550949910116888e-07
3.676090053763440437e+02 -1.284719022939371772e-08 3.031756838759319670e-07
3.677340053763440437e+02 -1.276121997467318373e-08 3.016042313433415191e-07
3.678590053763440437e+02 -1.267582051173345889e-08 3.000406988018827786e-07
3.679840053763440437e+02 -1.259098808709235069e-08 2.984850478371823783e-07
3.681090053763440437e+02 -1.250671897165772389e-08 2.969372402111009436e-07
3.682340053763440437e+02 -1.242300946057135864e-08 2.953972378610010971e-07
3.683590053763440437e+02 -1.233985587305382926e-08 2.938650028990030229e-07
3.684840053763440437e+02 -1.225725455225033766e-08 2.923404976112562827e-07
3.686090053763440437e+02 -1.217520186507749962e-08 2.908236844572001972e-07
3.687340053763440437e+02 -1.209369420207116506e-08 2.893145260688461974e-07
3.688590053763440437e+02 -1.201272797723513499e-08 2.878129852500340241e-07
3.689840053763440437e+02 -1.193229962789065102e-08 2.863190249757274197e-07
3.691090053763440437e+02 -1.185240561452733248e-08 2.848326083912719156e-07
3.692340053763440437e+02 -1.177304242065452541e-08 2.833536988116952360e-07
3.693590053763440437e+02 -1.169420655265382787e-08 2.818822597209779497e-07
3.694840053763440437e+02 -1.161589453963253334e-08 2.804182547713415388e-07
3.696090053763440437e+02 -1.153810293327794773e-08 2.789616477825428730e-07
3.697340053763440437e+02 -1.146082830771265094e-08 2.775124027411579907e-07
3.698590053763440437e+02 -1.138406725935068985e-08 2.760704837998823966e-07
3.699840053763440437e+02 -1.130781640675459355e-08 2.746358552768215656e-07
3.701090053763440437e+02 -1.123207239049344898e-08 2.732084816547961115e-07
3.702340053763440437e+02 -1.115683187300153082e-08 2.717883275806360494e-07
3.703590053763440437e+02 -1.108209153843836073e-08 2.703753578644923696e-07
3.704840053763440437e+02 -1.100784809254915037e-08 2.689695374791361712e-07
3.706090053763440437e+02 -1.093409826252635623e-08 2.675708315592745767e-07
3.707340053763440437e+02 -1.086083879687206152e-08 2.661792054008544181e-07
3.708590053763440437e+02 -1.078806646526122676e-08 2.647946244603861459e-07
3.709840053763440437e+02 -1.071577805840583026e-08 2.634170543542524384e-07
3.711090053763440437e+02 -1.064397038791977795e-08 2.620464608580273990e-07
3.712340053763440437e+02 -1.057264028618477610e-08 2.606828099058046999e-07
3.713590053763440437e+02 -1.050178460621696987e-08 2.593260675895131272e-07
3.714840053763440437e+02 -1.043140022153449193e-08 2.579762001582510242e-07
3.716090053763440437e+02 -1.036148402602563460e-08 2.566331740176076594e-07
3.717340053763440437e+02 -1.029203293381828442e-08 2.552969557290021174e-07
3.718590053763440437e+02 -1.022304387914972554e-08 2.539675120090099074e-07
3.719840053763440437e+02 -1.015451381623751519e-08 2.526448097287060366e-07
3.721090053763440437e+02 -1.008643971915111351e-08 2.513288159129973361e-07
3.722340053763440437e+02 -1.001881858168430581e-08 2.500194977399704046e-07
3.723590053763440437e+02 -9.951647417228458714e-09 2.487168225402280639e-07
3.724840053763440437e+02 -9.884923258646560328e-09 2.474207577962423845e-07
3.726090053763440437e+02 -9.818643158148062895e-09 2.461312711416962764e-07
3.727340053763440437e+02 -9.752804187164547613e-09 2.448483303608423378e-07
3.728590053763440437e+02 -9.687403436225970140e-09 2.435719033878494227e-07
3.729840053763440437e+02 -9.622438014838115443e-09 2.423019583061594248e-07
3.731090053763440437e+02 -9.557905051360383516e-09 2.410384633478501498e-07
3.732340053763440437e+02 -9.493801692884602459e-09 2.397813868929885532e-07
3.733590053763440437e+02 -9.430125105114485101e-09 2.385306974690012359e-07
3.734840053763440437e+02 -9.366872472245944234e-09 2.372863637500326048e-07
3.736090053763440437e+02 -9.304040996848087799e-09 2.360483545563190215e-07
3.737340053763440437e+02 -9.241627899745004843e-09 2.348166388535524685e-07
3.738590053763440437e+02 -9.179630419898290989e-09 2.335911857522593835e-07
3.739840053763440437e+02 -9.118045814290305124e-09 2.323719645071692221e-07
3.741090053763440437e+02 -9.056871357808220185e-09 2.311589445165968390e-07
3.742340053763440437e+02 -8.996104343128598374e-09 2.299520953218171126e-07
3.743590053763440437e+02 -8.935742080603107890e-09 2.287513866064517992e-07
3.744840053763440437e+02 -8.875781898144520890e-09 2.275567881958471755e-07
3.746090053763440437e+02 -8.816221141113704079e-09 2.263682700564684631e-07
3.747340053763440437e+02 -8.757057172207218098e-09 2.251858022952821824e-07
3.748590053763440437e+02 -8.698287371345661376e-09 2.240093551591477979e-07
3.749840053763440437e+02 -8.639909135562722049e-09 2.228388990342150277e-07
3.751090053763440437e+02 -8.581919878894911473e-09 2.216744044453143504e-07
3.752340053763440437e+02 -8.524317032272012430e-09 2.205158420553601378e-07
3.753590053763440437e+02 -8.467098043408258549e-09 2.193631826647455828e-07
3.754840053763440437e+02 -8.410260376694019971e-09 2.182163972107502254e-07
3.756090053763440437e+02 -8.353801513088514714e-09 2.170754567669396721e-07
3.757340053763440437e+02 -8.297718950012867456e-09 2.159403325425781510e-07
3.758590053763440437e+02 -8.242010201244021964e-09 2.148109958820316988e-07
3.759840053763440437e+02 -8.186672796809273916e-09 2.136874182641857717e-07
3.761090053763440437e+02 -8.131704282881483655e-09 2.125695713018533024e-07
3.762340053763440437e+02 -8.077102221674950701e-09 2.114574267411964938e-07
3.763590053763440437e+02 -8.022864191341951646e-09 2.103509564611382373e-07
3.764840053763440437e+02 -7.968987785869924922e-09 2.092501324727906566e-07
3.766090053763440437e+02 -7.915470614979355345e-09 2.081549269188716872e-07
3.767340053763440437e+02 -7.862310304022126859e-09 2.070653120731302589e-07
3.768590053763440437e+02 -7.809504493880843071e-09 2.059812603397780687e-07
3.769840053763440437e+02 -7.757050840868495210e-09 2.049027442529130428e-07
3.771090053763440437e+02 -7.704947016628877850e-09 2.038297364759564568e-07
3.772340053763440437e+02 -7.653190708037651491e-09 2.027622098010811880e-07
3.773590053763440437e+02 -7.601779617104002365e-09 2.017001371486529391e-07
3.774840053763440437e+02 -7.550711460872937520e-09 2.006434915666633342e-07
3.776090053763440437e+02 -7.499983971328193663e-09 1.995922462301749802e-07
3.777340053763440437e+02 -7.449594895295783767e-09 1.985463744407588517e-07
3.778590053763440437e+02 -7.399541994348123531e-09 1.975058496259441165e-07
3.779840053763440437e+02 -7.349823044708821235e-09 1.964706453386599409e-07
3.781090053763440437e+02 -7.300435837157905175e-09 1.954407352566886506e-07
3.782340053763440437e+02 -7.251378176937980026e-09 1.944160931821120888e-07
3.783590053763440437e+02 -7.202647883660642106e-09 1.933966930407709178e-07
3.784840053763440437e+02 -7.154242791213669710e-09 1.923825088817146036e-07
3.786090053763440437e+02 -7.106160747668762697e-09 1.913735148766594739e-07
3.787340053763440437e+02 -7.058399615189856963e-09 1.903696853194517781e-07
3.788590053763440437e+02 -7.010957269942059298e-09 1.893709946255245806e-07
3.789840053763440437e+02 -6.963831602001093443e-09 1.883774173313660889e-07
3.791090053763440437e+02 -6.917020515263401277e-09 1.873889280939807819e-07
3.792340053763440437e+02 -6.870521927356786627e-09 1.864055016903624228e-07
3.793590053763440437e+02 -6.824333769551508245e-09 1.854271130169587871e-07
3.794840053763440437e+02 -6.778453986672222293e-09 1.844537370891486468e-07
3.796090053763440437e+02 -6.732880537010192841e-09 1.834853490407115007e-07
3.797340053763440437e+02 -6.687611392236205462e-09 1.825219241233080525e-07
3.798590053763440437e+02 -6.642644537314029249e-09 1.815634377059539913e-07
3.799840053763440437e+02 -6.597977970414376802e-09 1.806098652745050750e-07
3.801090053763440437e+02 -6.553609702829467221e-09 1.796611824311342992e-07
3.802340053763440437e+02 -6.509537758888107740e-09 1.787173648938220100e-07
3.803590053763440437e+02 -6.465760175871305598e-09 1.777783884958382875e-07
3.804840053763440437e+02 -6.422275003928446510e-09 1.768442291852310728e-07
3.806090053763440437e+02 -6.379080305994008336e-09 1.759148630243206220e-07
3.807340053763440437e+02 -6.336174157704683373e-09 1.749902661891870250e-07
3.808590053763440437e+02 -6.293554647317282336e-09 1.740704149691697407e-07
3.809840053763440437e+02 -6.251219875626931984e-09 1.731552857663591926e-07
3.811090053763440437e+02 -6.209167955885871624e-09 1.722448550950999839e-07
3.812340053763440437e+02 -6.167397013722779845e-09 1.713390995814868593e-07
3.813590053763440437e+02 -6.125905187062612442e-09 1.704379959628718387e-07
3.814840053763440437e+02 -6.084690626046932514e-09 1.695415210873639111e-07
3.816090053763440437e+02 -6.043751492954766655e-09 1.686496519133400853e-07
3.817340053763440437e+02 -6.003085962123958269e-09 1.677623655089495047e-07
3.818590053763440437e+02 -5.962692219873043676e-09 1.668796390516282299e-07
3.819840053763440437e+02 -5.922568464423512021e-09 1.660014498276062395e-07
3.821090053763440437e+02 -5.882712905822807993e-09 1.651277752314279556e-07
3.822340053763440437e+02 -5.843123765867558713e-09 1.642585927654637449e-07
3.823590053763440437e+02 -5.803799278027440855e-09 1.633938800394283798e-07
3.824840053763440437e+02 -5.764737687369495277e-09 1.625336147699043712e-07
3.826090053763440437e+02 -5.725937250482931338e-09 1.616777747798598474e-07
3.827340053763440437e+02 -5.687396235404392786e-09 1.608263379981763071e-07
3.828590053763440437e+02 -5.649112921543730705e-09 1.599792824591708134e-07
3.829840053763440437e+02 -5.611085599610222312e-09 1.591365863021274255e-07
3.831090053763440437e+02 -5.573312571539302606e-09 1.582982277708229399e-07
3.832340053763440437e+02 -5.535792150419646749e-09 1.574641852130624251e-07
3.833590053763440437e+02 -5.498522660420928238e-09 1.566344370802085890e-07
3.834840053763440437e+02 -5.461502436721837657e-09 1.558089619267210458e-07
3.836090053763440437e+02 -5.424729825438654797e-09 1.549877384096895479e-07
3.837340053763440437e+02 -5.388203183554270772e-09 1.541707452883761382e-07
3.838590053763440437e+02 -5.351920878847644404e-09 1.533579614237560582e-07
3.839840053763440437e+02 -5.315881289823727613e-09 1.525493657780566181e-07
3.841090053763440437e+02 -5.280082805643828393e-09 1.517449374143068660e-07
3.842340053763440437e+02 -5.244523826056418809e-09 1.509446554958798733e-07
3.843590053763440437e+02 -5.209202761328402902e-09 1.501484992860445739e-07
3.844840053763440437e+02 -5.174118032176806461e-09 1.493564481475122317e-07
3.846090053763440437e+02 -5.139268069700840683e-09 1.485684815419924362e-07
3.847340053763440437e+02 -5.104651315314589517e-09 1.477845790297424810e-07
3.848590053763440437e+02 -5.070266220679914569e-09 1.470047202691273038e-07
3.849840053763440437e+02 -5.036111247639906763e-09 1.462288850161725970e-07
3.851090053763440437e+02 -5.002184868152731746e-09 1.454570531241282948e-07
3.852340053763440437e+02 -4.968485564225908735e-09 1.446892045430253365e-07
3.853590053763440437e+02 -4.935011827850994680e-09 1.439253193192424619e-07
3.854840053763440437e+02 -4.901762160938710970e-09 1.431653775950667608e-07
3.856090053763440437e+02 -4.868735075254456435e-09 1.424093596082632998e-07
3.857340053763440437e+02 -4.835929092354275290e-09 1.416572456916433480e-07
3.858590053763440437e+02 -4.803342743521122874e-09 1.409090162726288168e-07
3.859840053763440437e+02 -4.770974569701750110e-09 1.401646518728325544e-07
3.861090053763440437e+02 -4.738823121443784017e-09 1.394241331076237657e-07
3.862340053763440437e+02 -4.706886958833308657e-09 1.386874406857087571e-07
3.863590053763440437e+02 -4.675164651432836516e-09 1.379545554087036613e-07
3.864840053763440437e+02 -4.643654778219664524e-09 1.372254581707168502e-07
3.866090053763440437e+02 -4.612355927524651107e-09 1.365001299579257359e-07
3.867340053763440437e+02 -4.581266696971338182e-09 1.357785518481621483e-07
3.868590053763440437e+02 -4.550385693415514022e-09 1.350607050104928947e-07
3.869840053763440437e+02 -4.519711532885131003e-09 1.343465707048086051e-07
3.871090053763440437e+02 -4.489242840520639404e-09 1.336361302814074149e-07
3.872340053763440437e+02 -4.458978250515614042e-09 1.329293651805875957e-07
3.873590053763440437e+02 -4.428916406057938419e-09 1.322262569322344143e-07
3.874840053763440437e+02 -4.399055959271176643e-09 1.315267871554153575e-07
3.876090053763440437e+02 -4.369395571156436693e-09 1.308309375579745086e-07
3.877340053763440437e+02 -4.339933911534569518e-09 1.301386899361229280e-07
3.878590053763440437e+02 -4.310669658988732927e-09 1.294500261740441737e-07
3.879840053763440437e+02 -4.281601500807341764e-09 1.287649282434858730e-07
3.881090053763440437e+02 -4.252728132927377918e-09 1.280833782033655606e-07
3.882340053763440437e+02 -4.224048259878057666e-09 1.274053581993692914e-07
3.883590053763440437e+02 -4.195560594724886965e-09 1.267308504635591193e-07
3.884840053763440437e+02 -4.167263859013983929e-09 1.260598373139750457e-07
3.886090053763440437e+02 -4.139156782716933174e-09 1.253923011542459922e-07
3.887340053763440437e+02 -4.111238104175816363e-09 1.247282244731952692e-07
3.888590053763440437e+02 -4.083506570048701001e-09 1.240675898444541961e-07
3.889840053763440437e+02 -4.055960935255433632e-09 1.234103799260713018e-07
3.891090053763440437e+02 -4.028599962923802796e-09 1.227565774601291480e-07
3.892340053763440437e+02 -4.001422424336037808e-09 1.221061652723564674e-07
3.893590053763440437e+02 -3.974427098875658269e-09 1.214591262717476873e-07
3.894840053763440437e+02 -3.947612773974660242e-09 1.208154434501820295e-07
3.896090053763440437e+02 -3.920978245061041564e-09 1.201750998820388247e-07
3.897340053763440437e+02 -3.894522315506681195e-09 1.195380787238264859e-07
3.898590053763440437e+02 -3.868243796575474171e-09 1.189043632137992789e-07
3.899840053763440437e+02 -3.842141507371967821e-09 1.182739366715872084e-07
3.901090053763440437e+02 -3.816214274790147707e-09 1.176467824978186120e-07
3.902340053763440437e+02 -3.790460933462650387e-09 1.170228841737516612e-07
3.903590053763440437e+02 -3.764880325710289684e-09 1.164022252609008066e-07
3.904840053763440437e+02 -3.739471301491887353e-09 1.157847894006710717e-07
3.906090053763440437e+02 -3.714232718354450340e-09 1.151705603139876737e-07
3.907340053763440437e+02 -3.689163441383649544e-09 1.145595218009333620e-07
3.908590053763440437e+02 -3.664262343154629044e-09 1.139516577403812158e-07
3.909840053763440437e+02 -3.639528303683140398e-09 1.133469520896350915e-07
3.911090053763440437e+02 -3.614960210376922630e-09 1.127453888840652800e-07
3.912340053763440437e+02 -3.590556957987537149e-09 1.121469522367514556e-07
3.913590053763440437e+02 -3.566317448562368945e-09 1.115516263381248308e-07
3.914840053763440437e+02 -3.542240591397008693e-09 1.109593954556073472e-07
3.916090053763440437e+02 -3.518325302987930579e-09 1.103702439332630550e-07
3.917340053763440437e+02 -3.494570506985465428e-09 1.097841561914386930e-07
3.918590053763440437e+02 -3.470975134147093535e-09 1.092011167264159024e-07
3.919840053763440437e+02 -3.447538122291015433e-09 1.086211101100572861e-07
3.921090053763440437e+02 -3.424258416250043606e-09 1.080441209894604750e-07
3.922340053763440437e+02 -3.401134967825794878e-09 1.074701340866074035e-07
3.923590053763440437e+02 -3.378166735743103661e-09 1.068991341980212612e-07
3.924840053763440437e+02 -3.355352685604878167e-09 1.063311061944187594e-07
3.926090053763440437e+02 -3.332691789847101773e-09 1.057660350203698621e-07
3.927340053763440437e+02 -3.310183027694198363e-09 1.052039056939532154e-07
3.928590053763440437e+02 -3.287825385114667732e-09 1.046447033064187376e-07
3.929840053763440437e+02 -3.265617854777010510e-09 1.040884130218456825e-07
3.931090053763440437e+02 -3.243559436005930187e-09 1.035350200768078890e-07
3.932340053763440437e+02 -3.221649134738829208e-09 1.029845097800375887e-07
3.933590053763440437e+02 -3.199885963482576371e-09 1.024368675120873208e-07
3.934840053763440437e+02 -3.178268941270552584e-09 1.018920787250026594e-07
3.936090053763440437e+02 -3.156797093619995230e-09 1.013501289419850284e-07
3.937340053763440437e+02 -3.135469452489543941e-09 1.008110037570655143e-07
3.938590053763440437e+02 -3.114285056237192123e-09 1.002746888347727899e-07
3.939840053763440437e+02 -3.093242949578388597e-09 9.974116990980872670e-08
3.941090053763440437e+02 -3.072342183544459777e-09 9.921043278671932275e-08
3.942340053763440437e+02 -3.051581815441294903e-09 9.868246333957283032e-08
3.943590053763440437e+02 -3.030960908808303397e-09 9.815724751163396567e-08
3.944840053763440437e+02 -3.010478533377630728e-09 9.763477131504453797e-08
3.946090053763440437e+02 -2.990133765033632764e-09 9.711502083050014742e-08
3.947340053763440437e+02 -2.969925685772621030e-09 9.659798220693408312e-08
3.948590053763440437e+02 -2.949853383662878036e-09 9.608364166119668143e-08
3.949840053763440437e+02 -2.929915952804866165e-09 9.557198547774101054e-08
3.951090053763440437e+02 -2.910112493291817899e-09 9.506300000830799922e-08
3.952340053763440437e+02 -2.890442111170460452e-09 9.455667167160948767e-08
3.953590053763440437e+02 -2.870903918402050187e-09 9.405298695302100604e-08
3.954840053763440437e+02 -2.851497032823649399e-09 9.355193240426593701e-08
3.956090053763440437e+02 -2.832220578109660758e-09 9.305349464310961778e-08
3.957340053763440437e+02 -2.813073683733591716e-09 9.255766035304804223e-08
3.958590053763440437e+02 -2.794055484930085262e-09 9.206441628300365698e-08
3.959840053763440437e+02 -2.775165122657185594e-09 9.157374924701705463e-08
3.961090053763440437e+02 -2.756401743558848644e-09 9.108564612394509915e-08
3.962340053763440437e+02 -2.737764499927714394e-09 9.060009385715557051e-08
3.963590053763440437e+02 -2.719252549668047953e-09 9.011707945422780472e-08
3.964840053763440437e+02 -2.700865056259049538e-09 8.963658998664995894e-08
3.966090053763440437e+02 -2.682601188718276142e-09 8.915861258952170292e-08
3.967340053763440437e+02 -2.664460121565368002e-09 8.868313446125659283e-08
3.968590053763440437e+02 -2.646441034785986427e-09 8.821014286328244652e-08
3.969840053763440437e+02 -2.628543113795989839e-09 8.773962511975118187e-08
3.971090053763440437e+02 -2.610765549405849297e-09 8.727156861723928473e-08
3.972340053763440437e+02 -2.593107537785279904e-09 8.680596080446053237e-08
3.973590053763440437e+02 -2.575568280428111275e-09 8.634278919197006143e-08
3.974840053763440437e+02 -2.558146984117394576e-09 8.588204135187748836e-08
3.976090053763440437e+02 -2.540842860890677900e-09 8.542370491755555660e-08
3.977340053763440437e+02 -2.523655128005621188e-09 8.496776758335487178e-08
3.978590053763440437e+02 -2.506583007905713324e-09 8.451421710431519578e-08
3.979840053763440437e+02 -2.489625728186280794e-09 8.406304129588257748e-08
3.981090053763440437e+02 -2.472782521560694469e-09 8.361422803362328059e-08
3.982340053763440437e+02 -2.456052625826798477e-09 8.316776525294337607e-08
3.983590053763440437e+02 -2.439435283833558695e-09 8.272364094880503899e-08
3.984840053763440437e+02 -2.422929743447923823e-09 8.228184317544823206e-08
3.986090053763440437e+02 -2.406535257521905255e-09 8.184236004611178032e-08
3.987340053763440437e+02 -2.390251083859871595e-09 8.140517973275279148e-08
3.988590053763440437e+02 -2.374076485186021847e-09 8.097029046577483775e-08
3.989840053763440437e+02 -2.358010729112148122e-09 8.053768053374750852e-08
3.991090053763440437e+02 -2.342053088105522001e-09 8.010733828313723919e-08
3.992340053763440437e+02 -2.326202839457036088e-09 7.967925211803022550e-08
3.993590053763440437e+02 -2.310459265249540368e-09 7.925341049986374202e-08
3.994840053763440437e+02 -2.294821652326382866e-09 7.882980194715333140e-08
3.996090053763440437e+02 -2.279289292260157944e-09 7.840841503522571105e-08
3.997340053763440437e+02 -2.263861481321652694e-09 7.798923839594822548e-08
3.998590053763440437e+02 -2.248537520448998897e-09 7.757226071746430739e-08
3.999840053763440437e+02 -2.233316715217024735e-09 7.715747074392532552e-08
4.001090053763440437e+02 -2.218198375806807930e-09 7.674485727522829563e-08
4.002340053763440437e+02 -2.203181816975391009e-09 7.633440916674992537e-08
4.003590053763440437e+02 -2.188266358025775736e-09 7.592611532908648252e-08
4.004840053763440437e+02 -2.173451322777025087e-09 7.551996472779224712e-08
4.006090053763440437e+02 -2.158736039534605927e-09 7.511594638311716946e-08
4.007340053763440437e+02 -2.144119841060910778e-09 7.471404936975216467e-08
4.008590053763440437e+02 -2.129602064545972312e-09 7.431426281656677065e-08
4.009840053763440437e+02 -2.115182051578373066e-09 7.391657590635727497e-08
4.011090053763440437e+02 -2.100859148116337960e-09 7.352097787558647719e-08
4.012340053763440437e+02 -2.086632704459014588e-09 7.312745801413397296e-08
4.013590053763440437e+02 -2.072502075217950374e-09 7.273600566503914569e-08
4.014840053763440437e+02 -2.058466619288714902e-09 7.234661022425178154e-08
4.016090053763440437e+02 -2.044525699822787354e-09 7.195926114037908451e-08
4.017340053763440437e+02 -2.030678684199542798e-09 7.157394791443786632e-08
4.018590053763440437e+02 -2.016924943998463057e-09 7.119066009960349382e-08
4.019840053763440437e+02 -2.003263854971521284e-09 7.080938730096465970e-08
4.021090053763440437e+02 -1.989694797015742724e-09 7.043011917527455337e-08
4.022340053763440437e+02 -1.976217154145948290e-09 7.005284543070715361e-08
4.023590053763440437e+02 -1.962830314467667287e-09 6.967755582661268761e-08
4.024840053763440437e+02 -1.949533670150236678e-09 6.930424017327220311e-08
4.026090053763440437e+02 -1.936326617400065776e-09 6.893288833165911542e-08
4.027340053763440437e+02 -1.923208556434089950e-09 6.856349021319393841e-08
4.028590053763440437e+02 -1.910178891453352130e-09 6.819603577950837264e-08
4.029840053763440437e+02 -1.897237030616835779e-09 6.783051504220215394e-08
4.031090053763440437e+02 -1.884382386015394638e-09 6.746691806260915322e-08
4.032340053763440437e+02 -1.871614373645880999e-09 6.710523495155707054e-08
4.033590053763440437e+02 -1.858932413385447685e-09 6.674545586913428933e-08
4.034840053763440437e+02 -1.846335928966002853e-09 6.638757102445301155e-08
4.036090053763440437e+02 -1.833824347948841809e-09 6.603157067541738242e-08
4.037340053763440437e+02 -1.821397101699439718e-09 6.567744512848915348e-08
4.038590053763440437e+02 -1.809053625362407462e-09 6.532518473845759399e-08
4.039840053763440437e+02 -1.796793357836619570e-09 6.497477990820740396e-08
4.041090053763440437e+02 -1.784615741750467445e-09 6.462622108849037252e-08
4.042340053763440437e+02 -1.772520223437344428e-09 6.427949877769691733e-08
4.043590053763440437e+02 -1.760506252911219356e-09 6.393460352162637979e-08
4.044840053763440437e+02 -1.748573283842407824e-09 6.359152591326412304e-08
4.046090053763440437e+02 -1.736720773533486751e-09 6.325025659255213160e-08
4.047340053763440437e+02 -1.724948182895373353e-09 6.291078624616849164e-08
4.048590053763440437e+02 -1.713254976423555694e-09 6.257310560729987002e-08
4.049840053763440437e+02 -1.701640622174478746e-09 6.223720545542290033e-08
4.051090053763440437e+02 -1.690104591742085549e-09 6.190307661607960009e-08
4.052340053763440437e+02 -1.678646360234509123e-09 6.157070996065907444e-08
4.053590053763440437e+02 -1.667265406250924640e-09 6.124009640617624206e-08
4.054840053763440437e+02 -1.655961211858515967e-09 6.091122691505521967e-08
4.056090053763440437e+02 -1.644733262569666570e-09 6.058409249490984792e-08
4.057340053763440437e+02 -1.633581047319219699e-09 6.025868419832895525e-08
4.058590053763440437e+02 -1.622504058441932548e-09 5.993499312265912044e-08
4.059840053763440437e+02 -1.611501791650063794e-09 5.961301040979135264e-08
4.061090053763440437e+02 -1.600573746011108585e-09 5.929272724594751333e-08
4.062340053763440437e+02 -1.589719423925679523e-09 5.897413486146555379e-08
4.063590053763440437e+02 -1.578938331105529922e-09 5.865722453059125086e-08
4.064840053763440437e+02 -1.568229976551724307e-09 5.834198757126363626e-08
4.066090053763440437e+02 -1.557593872532949942e-09 5.802841534490896911e-08
4.067340053763440437e+02 -1.547029534563950788e-09 5.771649925622822329e-08
4.068590053763440437e+02 -1.536536481384147980e-09 5.740623075299243631e-08
4.069840053763440437e+02 -1.526114234936353789e-09 5.709760132583313486e-08
4.071090053763440437e+02 -1.515762320345643769e-09 5.679060250803810722e-08
4.072340053763440437e+02 -1.505480265898367877e-09 5.648522587534483308e-08
4.073590053763440437e+02 -1.495267603021293325e-09 5.618146304573776477e-08
4.074840053763440437e+02 -1.485123866260887008e-09 5.587930567924356363e-08
4.076090053763440437e+02 -1.475048593262730085e-09 5.557874547773013485e-08
4.077340053763440437e+02 -1.465041324751070694e-09 5.527977418470384907e-08
4.078590053763440437e+02 -1.455101604508513770e-09 5.498238358511016543e-08
4.079840053763440437e+02 -1.445228979355810751e-09 5.468656550513395676e-08
4.081090053763440437e+02 -1.435422999131847598e-09 5.439231181199908700e-08
4.082340053763440437e+02 -1.425683216673697537e-09 5.409961441377355399e-08
4.083590053763440437e+02 -1.416009187796837178e-09 5.380846525916931170e-08
4.084840053763440437e+02 -1.406400471275484637e-09 5.351885633734948422e-08
4.086090053763440437e+02 -1.396856628823067111e-09 5.323077967773004757e-08
4.087340053763440437e+02 -1.387377225072813571e-09 5.294422734978866494e-08
4.088590053763440437e+02 -1.377961827558476902e-09 5.265919146286868459e-08
4.089840053763440437e+02 -1.368610006695182603e-09 5.237566416598859054e-08
4.091090053763440437e+02 -1.359321335760396188e-09 5.209363764764902460e-08
4.092340053763440437e+02 -1.350095390875029350e-09 5.181310413564325618e-08
4.093590053763440437e+02 -1.340931750984635456e-09 5.153405589686605060e-08
4.094840053763440437e+02 -1.331829997840786605e-09 5.125648523712577999e-08
4.096090053763440437e+02 -1.322789715982513563e-09 5.098038450095620991e-08
4.097340053763440437e+02 -1.313810492717900370e-09 5.070574607142763748e-08
4.098590053763440437e+02 -1.304891918105785660e-09 5.043256236996318449e-08
4.099840053763440437e+02 -1.296033584937592393e-09 5.016082585615016714e-08
4.101090053763440437e+02 -1.287235088719269887e-09 4.989052902755847364e-08
4.102340053763440437e+02 -1.278496027653355993e-09 4.962166441955356845e-08
4.103590053763440437e+02 -1.269816002621156723e-09 4.935422460511650439e-08
4.104840053763440437e+02 -1.261194617165046248e-09 4.908820219465871363e-08
4.106090053763440437e+02 -1.252631477470862419e-09 4.882358983584346235e-08
4.107340053763440437e+02 -1.244126192350457605e-09 4.856038021340295122e-08
4.108590053763440437e+02 -1.235678373224325000e-09 4.829856604896031277e-08
4.109840053763440437e+02 -1.227287634104353978e-09 4.803814010084933888e-08
4.111090053763440437e+02 -1.218953591576701457e-09 4.777909516393773551e-08
4.112340053763440437e+02 -1.210675864784767900e-09 4.752142406944851125e-08
4.113590053763440437e+02 -1.202454075412288919e-09 4.726511968478461497e-08
4.114840053763440437e+02 -1.194287847666537715e-09 4.701017491335321625e-08
4.116090053763440437e+02 -1.186176808261634850e-09 4.675658269438940998e-08
4.117340053763440437e+02 -1.178120586401969893e-09 4.650433600278467900e-08
4.118590053763440437e+02 -1.170118813765733288e-09 4.625342784891086342e-08
4.119840053763440437e+02 -1.162171124488537142e-09 4.600385127845053564e-08
4.121090053763440437e+02 -1.154277155147184498e-09 4.575559937222257780e-08
4.122340053763440437e+02 -1.146436544743501671e-09 4.550866524601402581e-08
4.123590053763440437e+02 -1.138648934688300461e-09 4.526304205040730776e-08
4.124840053763440437e+02 -1.130913968785436314e-09 4.501872297061357034e-08
4.126090053763440437e+02 -1.123231293215975667e-09 4.477570122630190241e-08
4.127340053763440437e+02 -1.115600556522464015e-09 4.453397007143328347e-08
4.128590053763440437e+02 -1.108021409593298599e-09 4.429352279409231530e-08
4.129840053763440437e+02 -1.100493505647202647e-09 4.405435271632226886e-08
4.131090053763440437e+02 -1.093016500217805689e-09 4.381645319395838425e-08
4.132340053763440437e+02 -1.085590051138303080e-09 4.357981761646417502e-08
4.133590053763440437e+02 -1.078213818526258831e-09 4.334443940676756692e-08
4.134840053763440437e+02 -1.070887464768468826e-09 4.311031202109630227e-08
4.136090053763440437e+02 -1.063610654505936118e-09 4.287742894881784408e-08
4.137340053763440437e+02 -1.056383054618950243e-09 4.264578371227521045e-08
4.138590053763440437e+02 -1.049204334212257118e-09 4.241536986662861919e-08
4.139840053763440437e+02 -1.042074164600330052e-09 4.218618099969281108e-08
4.141090053763440437e+02 -1.034992219292735269e-09 4.195821073178005769e-08
4.142340053763440437e+02 -1.027958173979594621e-09 4.173145271553908607e-08
4.143590053763440437e+02 -1.020971706517145907e-09 4.150590063579948287e-08
4.144840053763440437e+02 -1.014032496913381576e-09 4.128154820941239248e-08
4.146090053763440437e+02 -1.007140227313815632e-09 4.105838918509564907e-08
4.147340053763440437e+02 -1.000294581987309278e-09 4.083641734327675114e-08
4.148590053763440437e+02 -9.934952473120073930e-10 4.061562649593897292e-08
4.149840053763440437e+02 -9.867419117613624919e-10 4.039601048646584776e-08
4.151090053763440437e+02 -9.800342658902521528e-10 4.017756318948856323e-08
4.152340053763440437e+02 -9.733720023211857795e-10 3.996027851073297906e-08
4.153590053763440437e+02 -9.667548157306021483e-10 3.974415038686615531e-08
4.154840053763440437e+02 -9.601824028352583577e-10 3.952917278534701653e-08
4.156090053763440437e+02 -9.536544623787068732e-10 3.931533970427331009e-08
4.157340053763440437e+02 -9.471706951178643885e-10 3.910264517223373940e-08
4.158590053763440437e+02 -9.407308038096509976e-10 3.889108324815633175e-08
4.159840053763440437e+02 -9.343344931977548918e-10 3.868064802116202734e-08
4.161090053763440437e+02 -9.279814699994452389e-10 3.847133361041448977e-08
4.162340053763440437e+02 -9.216714428924917698e-10 3.826313416497493253e-08
4.163590053763440437e+02 -9.154041225021653249e-10 3.805604386365336546e-08
4.164840053763440437e+02 -9.091792213883241173e-10 3.785005691486473808e-08
4.166090053763440437e+02 -9.029964540325841611e-10 3.764516755648190663e-08
4.167340053763440437e+02 -8.968555368255768649e-10 3.744137005569237960e-08
4.168590053763440437e+02 -8.907561880542853095e-10 3.723865870885339569e-08
4.169840053763440437e+02 -8.846981278894704827e-10 3.703702784134940387e-08
4.171090053763440437e+02 -8.786810783731633777e-10 3.683647180744956340e-08
4.172340053763440437e+02 -8.727047634062720696e-10 3.663698499016469442e-08
4.173590053763440437e+02 -8.667689087362344943e-10 3.643856180110786172e-08
4.174840053763440437e+02 -8.608732419447743135e-10 3.624119668035180180e-08
4.176090053763440437e+02 -8.550174924357277121e-10 3.604488409629105509e-08
4.177340053763440437e+02 -8.492013914229543596e-10 3.584961854550057760e-08
4.178590053763440437e+02 -8.434246719183284024e-10 3.565539455259924288e-08
4.179840053763440437e+02 -8.376870687198028676e-10 3.546220667010981025e-08
4.181090053763440437e+02 -8.319883183995589571e-10 3.527004947832363782e-08
4.182340053763440437e+02 -8.263281592922297869e-10 3.507891758516192120e-08
4.183590053763440437e+02 -8.207063314832048804e-10 3.488880562604170355e-08
4.184840053763440437e+02 -8.151225767969970111e-10 3.469970826373870252e-08
4.186090053763440437e+02 -8.095766387857151297e-10 3.451162018825388274e-08
4.187340053763440437e+02 -8.040682627175842352e-10 3.432453611667826138e-08
4.188590053763440437e+02 -7.985971955655533400e-10 3.413845079306018872e-08
4.189840053763440437e+02 -7.931631859959785015e-10 3.395335898827240366e-08
4.191090053763440437e+02 -7.877659843573766813e-10 3.376925549987874513e-08
4.192340053763440437e+02 -7.824053426692567395e-10 3.358613515200429140e-08
4.193590053763440437e+02 -7.770810146110222891e-10 3.340399279520235598e-08
4.194840053763440437e+02 -7.717927555109470332e-10 3.322282330632604310e-08
4.196090053763440437e+02 -7.665403223352281670e-10 3.304262158839656047e-08
4.197340053763440437e+02 -7.613234736770932359e-10 3.286338257047588649e-08
4.198590053763440437e+02 -7.561419697460113226e-10 3.268510120753631387e-08
4.199840053763440437e+02 -7.509955723569434215e-10 3.250777248033440721e-08
4.201090053763440437e+02 -7.458840449196820446e-10 3.233139139528168485e-08
4.202340053763440437e+02 -7.408071524282518333e-10 3.215595298431974109e-08
4.203590053763440437e+02 -7.357646614503861658e-10 3.198145230479246334e-08
4.204840053763440437e+02 -7.307563401170689066e-10 3.180788443932162412e-08
4.206090053763440437e+02 -7.257819581121468786e-10 3.163524449568098420e-08
4.207340053763440437e+02 -7.208412866620108888e-10 3.146352760667261255e-08
4.208590053763440437e+02 -7.159340985253427207e-10 3.129272893000302762e-08
4.209840053763440437e+02 -7.110601679829348163e-10 3.112284364815897467e-08
4.211090053763440437e+02 -7.062192708275612421e-10 3.095386696828645223e-08
4.212340053763440437e+02 -7.014111843539451262e-10 3.078579412206682035e-08
4.213590053763440437e+02 -6.966356873487618701e-10 3.061862036559711745e-08
4.214840053763440437e+02 -6.918925600807234243e-10 3.045234097926735966e-08
4.216090053763440437e+02 -6.871815842907257405e-10 3.028695126764191653e-08
4.217340053763440437e+02 -6.825025431820599161e-10 3.012244655933807427e-08
4.218590053763440437e+02 -6.778552214106885823e-10 2.995882220690847023e-08
4.219840053763440437e+02 -6.732394050755858826e-10 2.979607358672077785e-08
4.221090053763440437e+02 -6.686548817091412471e-10 2.963419609884124289e-08
4.222340053763440437e+02 -6.641014402676286169e-10 2.947318516691572167e-08
4.223590053763440437e+02 -6.595788711217276788e-10 2.931303623805372026e-08
4.224840053763440437e+02 -6.550869660471287475e-10 2.915374478271175537e-08
4.226090053763440437e+02 -6.506255182151793175e-10 2.899530629457672193e-08
4.227340053763440437e+02 -6.461943221836007186e-10 2.883771629045199359e-08
4.228590053763440437e+02 -6.417931738872659822e-10 2.868097031014104505e-08
4.229840053763440437e+02 -6.374218706290375760e-10 2.852506391633486612e-08
4.231090053763440437e+02 -6.330802110706654180e-10 2.836999269449659657e-08
4.232340053763440437e+02 -6.287679952237450692e-10 2.821575225275007505e-08
4.233590053763440437e+02 -6.244850244407354822e-10 2.806233822176555915e-08
4.234840053763440437e+02 -6.202311014060392030e-10 2.790974625464925048e-08
4.236090053763440437e+02 -6.160060301271274463e-10 2.775797202683024554e-08
4.237340053763440437e+02 -6.118096159257494406e-10 2.760701123595097068e-08
4.238590053763440437e+02 -6.076416654291753774e-10 2.745685960175523809e-08
4.239840053763440437e+02 -6.035019865615089465e-10 2.730751286597975612e-08
4.241090053763440437e+02 -5.993903885350539487e-10 2.715896679224335654e-08
4.242340053763440437e+02 -5.953066818417400517e-10 2.701121716593899455e-08
4.243590053763440437e+02 -5.912506782446021062e-10 2.686425979412521272e-08
4.244840053763440437e+02 -5.872221907693185015e-10 2.671809050541749252e-08
4.246090053763440437e+02 -5.832210336958039089e-10 2.657270514988219320e-08
4.247340053763440437e+02 -5.792470225498574455e-10 2.642809959892827713e-08
4.248590053763440437e+02 -5.752999740948682243e-10 2.628426974520236380e-08
4.249840053763440437e+02 -5.713797063235654682e-10 2.614121150248146760e-08
4.251090053763440437e+02 -5.674860384498437944e-10 2.599892080556910065e-08
4.252340053763440437e+02 -5.636187909006219990e-10 2.585739361018901318e-08
4.253590053763440437e+02 -5.597777853077648115e-10 2.571662589288224595e-08
4.254840053763440437e+02 -5.559628445000567613e-10 2.557661365090191614e-08
4.256090053763440437e+02 -5.521737924952293972e-10 2.543735290211126244e-08
4.257340053763440437e+02 -5.484104544920406195e-10 2.529883968487941363e-08
4.258590053763440437e+02 -5.446726568624060211e-10 2.516107005798034352e-08
4.259840053763440437e+02 -5.409602271435824443e-10 2.502404010048990019e-08
4.261090053763440437e+02 -5.372729940304057176e-10 2.488774591168511496e-08
4.262340053763440437e+02 -5.336107873675687186e-10 2.475218361094329959e-08
4.263590053763440437e+02 -5.299734381419712967e-10 2.461734933764084237e-08
4.264840053763440437e+02 -5.263607784750999756e-10 2.448323925105456521e-08
4.266090053763440437e+02 -5.227726416154686599e-10 2.434984953026085390e-08
4.267340053763440437e+02 -5.192088619311064906e-10 2.421717637403805739e-08
4.268590053763440437e+02 -5.156692749020965728e-10 2.408521600076666041e-08
4.269840053763440437e+02 -5.121537171131623697e-10 2.395396464833253634e-08
4.271090053763440437e+02 -5.086620262463044505e-10 2.382341857402809585e-08
4.272340053763440437e+02 -5.051940410734852156e-10 2.369357405445647624e-08
4.273590053763440437e+02 -5.017496014493622181e-10 2.356442738543363300e-08
4.274840053763440437e+02 -4.983285483040710132e-10 2.343597488189343576e-08
4.276090053763440437e+02 -4.949307236360474015e-10 2.330821287779069954e-08
4.277340053763440437e+02 -4.915559705049137796e-10 2.318113772600716409e-08
4.278590053763440437e+02 -4.882041330243964056e-10 2.305474579825564021e-08
4.279840053763440437e+02 -4.848750563552966390e-10 2.292903348498634644e-08
4.281090053763440437e+02 -4.815685866985082953e-10 2.280399719529301742e-08
4.282340053763440437e+02 -4.782845712880799791e-10 2.267963335681872774e-08
4.283590053763440437e+02 -4.750228583843237387e-10 2.255593841566410800e-08
4.284840053763440437e+02 -4.717832972669701468e-10 2.243290883629351269e-08
4.286090053763440437e+02 -4.685657382283675315e-10 2.231054110144419584e-08
4.287340053763440437e+02 -4.653700325667277882e-10 2.218883171203342848e-08
4.288590053763440437e+02 -4.621960325794094145e-10 2.206777718706850475e-08
4.289840053763440437e+02 -4.590435915562612396e-10 2.194737406355475281e-08
4.291090053763440437e+02 -4.559125637729933471e-10 2.182761889640644743e-08
4.292340053763440437e+02 -4.528028044846003169e-10 2.170850825835564811e-08
4.293590053763440437e+02 -4.497141699188258783e-10 2.159003873986398524e-08
4.294840053763440437e+02 -4.466465172696719717e-10 2.147220694903243121e-08
4.296090053763440437e+02 -4.435997046909496352e-10 2.135500951151380458e-08
4.297340053763440437e+02 -4.405735912898727492e-10 2.123844307042362974e-08
4.298590053763440437e+02 -4.375680371206946908e-10 2.112250428625305472e-08
4.299840053763440437e+02 -4.345829031783884677e-10 2.100718983678140821e-08
4.301090053763440437e+02 -4.316180513923597311e-10 2.089249641698873682e-08
4.302340053763440437e+02 -4.286733446202199161e-10 2.077842073897029112e-08
4.303590053763440437e+02 -4.257486466415812488e-10 2.066495953184935740e-08
4.304840053763440437e+02 -4.228438221519035574e-10 2.055210954169273299e-08
4.306090053763440437e+02 -4.199587367563787185e-10 2.043986753142435209e-08
4.307340053763440437e+02 -4.170932569638566183e-10 2.032823028074155524e-08
4.308590053763440437e+02 -4.142472501808098364e-10 2.021719458602960847e-08
4.309840053763440437e+02 -4.114205847053405148e-10 2.010675726027873707e-08
4.311090053763440437e+02 -4.086131297212243482e-10 1.999691513299946203e-08
4.312340053763440437e+02 -4.058247552919965518e-10 1.988766505014048744e-08
4.313590053763440437e+02 -4.030553323550764501e-10 1.977900387400480788e-08
4.314840053763440437e+02 -4.003047327159242721e-10 1.967092848316837004e-08
4.316090053763440437e+02 -3.975728290422520769e-10 1.956343577239704037e-08
4.317340053763440437e+02 -3.948594948582577874e-10 1.945652265256593179e-08
4.318590053763440437e+02 -3.921646045389039439e-10 1.935018605057775105e-08
4.319840053763440437e+02 -3.894880333042347150e-10 1.924442290928165232e-08
4.321090053763440437e+02 -3.868296572137286837e-10 1.913923018739370207e-08
4.322340053763440437e+02 -3.841893531606903045e-10 1.903460485941580219e-08
4.323590053763440437e+02 -3.815669988666786348e-10 1.893054391555708797e-08
4.324840053763440437e+02 -3.789624728759712742e-10 1.882704436165365516e-08
4.326090053763440437e+02 -3.763756545500685758e-10 1.872410321909069252e-08
4.327340053763440437e+02 -3.738064240622259831e-10 1.862171752472296658e-08
4.328590053763440437e+02 -3.712546623920371852e-10 1.851988433079776815e-08
4.329840053763440437e+02 -3.687202513200384185e-10 1.841860070487612826e-08
4.331090053763440437e+02 -3.662030734223567110e-10 1.831786372975648602e-08
4.332340053763440437e+02 -3.637030120653911109e-10 1.821767050339670859e-08
4.333590053763440437e+02 -3.612199514005294847e-10 1.811801813883849681e-08
4.334840053763440437e+02 -3.587537763589013997e-10 1.801890376413017286e-08
4.336090053763440437e+02 -3.563043726461638876e-10 1.792032452225164175e-08
4.337340053763440437e+02 -3.538716267373230877e-10 1.782227757103856200e-08
4.338590053763440437e+02 -3.514554258715901651e-10 1.772476008310688031e-08
4.339840053763440437e+02 -3.490556580472723335e-10 1.762776924577885513e-08
4.341090053763440437e+02 -3.466722120166911225e-10 1.753130226100778327e-08
4.342340053763440437e+02 -3.443049772811478981e-10 1.743535634530484729e-08
4.343590053763440437e+02 -3.419538440859093903e-10 1.733992872966456341e-08
4.344840053763440437e+02 -3.396187034152328222e-10 1.724501665949234363e-08
4.346090053763440437e+02 -3.372994469874236090e-10 1.715061739453066490e-08
4.347340053763440437e+02 -3.349959672499244390e-10 1.705672820878736913e-08
4.348590053763440437e+02 -3.327081573744382159e-10 1.696334639046250067e-08
4.349840053763440437e+02 -3.304359112520829006e-10 1.687046924187731771e-08
4.351090053763440437e+02 -3.281791234885783022e-10 1.677809407940186434e-08
4.352340053763440437e+02 -3.259376893994663183e-10 1.668621823338459401e-08
4.353590053763440437e+02 -3.237115050053568174e-10 1.659483904808101031e-08
4.354840053763440437e+02 -3.215004670272168977e-10 1.650395388158315150e-08
4.356090053763440437e+02 -3.193044728816797384e-10 1.641356010574992534e-08
4.357340053763440437e+02 -3.171234206763905720e-10 1.632365510613652742e-08
4.358590053763440437e+02 -3.149572092053817617e-10 1.623423628192586459e-08
4.359840053763440437e+02 -3.128057379444794164e-10 1.614530104585849609e-08
4.361090053763440437e+02 -3.106689070467398348e-10 1.605684682416474512e-08
4.362340053763440437e+02 -3.085466173379168662e-10 1.596887105649537456e-08
4.363590053763440437e+02 -3.064387703119587390e-10 1.588137119585430074e-08
4.364840053763440437e+02 -3.043452681265353917e-10 1.579434470852996394e-08
4.366090053763440437e+02 -3.022660135985962547e-10 1.570778907402871389e-08
4.367340053763440437e+02 -3.002009101999516583e-10 1.562170178500685518e-08
4.368590053763440437e+02 -2.981498620528958579e-10 1.553608034720466480e-08
4.369840053763440437e+02 -2.961127739258467067e-10 1.545092227937908272e-08
4.371090053763440437e+02 -2.940895512290205350e-10 1.536622511323833157e-08
4.372340053763440437e+02 -2.920801000101346886e-10 1.528198639337566941e-08
4.373590053763440437e+02 -2.900843269501382942e-10 1.519820367720378434e-08
4.374840053763440437e+02 -2.881021393589716152e-10 1.511487453489012558e-08
4.376090053763440437e+02 -2.861334451713538403e-10 1.503199654929136092e-08
4.377340053763440437e+02 -2.841781529425977057e-10 1.494956731588956475e-08
4.378590053763440437e+02 -2.822361718444551866e-10 1.486758444272725459e-08
4.379840053763440437e+02 -2.803074116609829386e-10 1.478604555034422094e-08
4.381090053763440437e+02 -2.783917827844475984e-10 1.470494827171318423e-08
4.382340053763440437e+02 -2.764891962112471113e-10 1.462429025217727983e-08
4.383590053763440437e+02 -2.745995635378645775e-10 1.454406914938629066e-08
4.384840053763440437e+02 -2.727227969568476371e-10 1.446428263323478734e-08
4.386090053763440437e+02 -2.708588092528151006e-10 1.438492838579897956e-08
4.387340053763440437e+02 -2.690075137984896357e-10 1.430600410127543194e-08
4.388590053763440437e+02 -2.671688245507571303e-10 1.422750748591856554e-08
4.389840053763440437e+02 -2.653426560467520607e-10 1.414943625797991967e-08
4.391090053763440437e+02 -2.635289233999705178e-10 1.407178814764658316e-08
4.392340053763440437e+02 -2.617275422964027760e-10 1.399456089698031057e-08
4.393590053763440437e+02 -2.599384289907029816e-10 1.391775225985743085e-08
4.394840053763440437e+02 -2.581615003023735757e-10 1.384136000190796349e-08
4.396090053763440437e+02 -2.563966736119801153e-10 1.376538190045637588e-08
4.397340053763440437e+02 -2.546438668573905487e-10 1.368981574446122889e-08
4.398590053763440437e+02 -2.529029985300392540e-10 1.361465933445651488e-08
4.399840053763440437e+02 -2.511739876712163588e-10 1.353991048249191872e-08
4.401090053763440437e+02 -2.494567538683806341e-10 1.346556701207471826e-08
4.402340053763440437e+02 -2.477512172514989100e-10 1.339162675811060951e-08
4.403590053763440437e+02 -2.460572984894075669e-10 1.331808756684622419e-08
4.404840053763440437e+02 -2.443749187862008577e-10 1.324494729581050744e-08
4.406090053763440437e+02 -2.427039998776378941e-10 1.317220381375780944e-08
4.407340053763440437e+02 -2.410444640275829261e-10 1.309985500060984216e-08
4.408590053763440437e+02 -2.393962340244599948e-10 1.302789874739925572e-08
4.409840053763440437e+02 -2.377592331777361736e-10 1.295633295621249675e-08
4.411090053763440437e+02 -2.361333853144266785e-10 1.288515554013328214e-08
4.412340053763440437e+02 -2.345186147756237079e-10 1.281436442318675450e-08
4.413590053763440437e+02 -2.329148464130486510e-10 1.274395754028299886e-08
4.414840053763440437e+02 -2.313220055856260858e-10 1.267393283716200218e-08
4.416090053763440437e+02 -2.297400181560819994e-10 1.260428827033762830e-08
4.417340053763440437e+02 -2.281688104875647036e-10 1.253502180704317300e-08
4.418590053763440437e+02 -2.266083094402840511e-10 1.246613142517582870e-08
4.419840053763440437e+02 -2.250584423681817499e-10 1.239761511324282177e-08
4.421090053763440437e+02 -2.235191371156154545e-10 1.232947087030643151e-08
4.422340053763440437e+02 -2.219903220140686029e-10 1.226169670593062044e-08
4.423590053763440437e+02 -2.204719258788820459e-10 1.219429064012663229e-08
4.424840053763440437e+02 -2.189638780060071555e-10 1.212725070330013848e-08
4.426090053763440437e+02 -2.174661081687800279e-10 1.206057493619735222e-08
4.427340053763440437e+02 -2.159785466147183038e-10 1.199426138985266640e-08
4.428590053763440437e+02 -2.145011240623384104e-10 1.192830812553559154e-08
4.429840053763440437e+02 -2.130337716979940510e-10 1.186271321469828445e-08
4.431090053763440437e+02 -2.115764211727374162e-10 1.179747473892369722e-08
4.432340053763440437e+02 -2.101290045991960091e-10 1.173259078987318196e-08
4.433590053763440437e+02 -2.086914545484795579e-10 1.166805946923534457e-08
4.434840053763440437e+02 -2.072637040470985874e-10 1.160387888867408952e-08
4.436090053763440437e+02 -2.058456865739081159e-10 1.154004716977803278e-08
4.437340053763440437e+02 -2.044373360570706097e-10 1.147656244400900987e-08
4.438590053763440437e+02 -2.030385868710391007e-10 1.141342285265202309e-08
4.439840053763440437e+02 -2.016493738335610343e-10 1.135062654676425086e-08
4.441090053763440437e+02 -2.002696322027012209e-10 1.128817168712549298e-08
4.442340053763440437e+02 -1.988992976738852339e-10 1.122605644418767616e-08
4.443590053763440437e+02 -1.975383063769632027e-10 1.116427899802579732e-08
4.444840053763440437e+02 -1.961865948732890120e-10 1.110283753828793041e-08
4.446090053763440437e+02 -1.948441001528270313e-10 1.104173026414660141e-08
4.447340053763440437e+02 -1.935107596312706049e-10 1.098095538424955622e-08
4.448590053763440437e+02 -1.921865111471827987e-10 1.092051111667105959e-08
4.449840053763440437e+02 -1.908712929591561986e-10 1.086039568886379120e-08
4.451090053763440437e+02 -1.895650437429915260e-10 1.080060733761017443e-08
4.452340053763440437e+02 -1.882677025888948401e-10 1.074114430897497387e-08
4.453590053763440437e+02 -1.869792089986935837e-10 1.068200485825702774e-08
4.454840053763440437e+02 -1.856995028830711120e-10 1.062318724994232354e-08
4.456090053763440437e+02 -1.844285245588206595e-10 1.056468975765622345e-08
4.457340053763440437e+02 -1.831662147461135242e-10 1.050651066411700818e-08
4.458590053763440437e+02 -1.819125145657933604e-10 1.044864826108855397e-08
4.459840053763440437e+02 -1.806673655366803445e-10 1.039110084933434800e-08
4.461090053763440437e+02 -1.794307095728981416e-10 1.033386673857065668e-08
4.462340053763440437e+02 -1.782024889812170012e-10 1.027694424742097616e-08
4.463590053763440437e+02 -1.769826464584151541e-10 1.022033170336966718e-08
4.464840053763440437e+02 -1.757711250886573223e-10 1.016402744271681752e-08
4.466090053763440437e+02 -1.745678683408913747e-10 1.010802981053257659e-08
4.467340053763440437e+02 -1.733728200662617852e-10 1.005233716061198483e-08
4.468590053763440437e+02 -1.721859244955405126e-10 9.996947855430246370e-09
4.469840053763440437e+02 -1.710071262365759763e-10 9.941860266097750229e-09
4.471090053763440437e+02 -1.698363702717553430e-10 9.887072772315905532e-09
4.472340053763440437e+02 -1.686736019554907514e-10 9.832583762332480350e-09
4.473590053763440437e+02 -1.675187670117150223e-10 9.778391632898005978e-09
4.474840053763440437e+02 -1.663718115313985661e-10 9.724494789221486379e-09
4.476090053763440437e+02 -1.652326819700809982e-10 9.670891644927277254e-09
4.477340053763440437e+02 -1.641013251454200479e-10 9.617580622011199150e-09
4.478590053763440437e+02 -1.629776882347562866e-10 9.564560150797879756e-09
4.479840053763440437e+02 -1.618617187726948140e-10 9.511828669897287217e-09
4.481090053763440437e+02 -1.607533646487020658e-10 9.459384626162443003e-09
4.482340053763440437e+02 -1.596525741047204569e-10 9.407226474646651711e-09
4.483590053763440437e+02 -1.585592957327948907e-10 9.355352678561147766e-09
4.484840053763440437e+02 -1.574734784727219631e-10 9.303761709233218568e-09
4.486090053763440437e+02 -1.563950716097082659e-10 9.252452046064039794e-09
4.487340053763440437e+02 -1.553240247720477414e-10 9.201422176487275008e-09
4.488590053763440437e+02 -1.542602879288136415e-10 9.150670595927314614e-09
4.489840053763440437e+02 -1.532038113875661519e-10 9.100195807758345313e-09
4.491090053763440437e+02 -1.521545457920752928e-10 9.049996323262890152e-09
4.492340053763440437e+02 -1.511124421200587355e-10 9.000070661591395789e-09
4.493590053763440437e+02 -1.500774516809351794e-10 8.950417349721149740e-09
4.494840053763440437e+02 -1.490495261135926708e-10 8.901034922416271309e-09
4.496090053763440437e+02 -1.480286173841717842e-10 8.851921922187025881e-09
4.497340053763440437e+02 -1.470146777838618069e-10 8.803076899250234402e-09
4.498590053763440437e+02 -1.460076599267164909e-10 8.754498411489001267e-09
4.499840053763440437e+02 -1.450075167474791362e-10 8.706185024413449709e-09
4.501090053763440437e+02 -1.440142014994248131e-10 8.658135311121079993e-09
4.502340053763440437e+02 -1.430276677522168785e-10 8.610347852257496542e-09
4.503590053763440437e+02 -1.420478693897770892e-10 8.562821235977543673e-09
4.504840053763440437e+02 -1.410747606081706822e-10 8.515554057906231248e-09
4.506090053763440437e+02 -1.401082959135052065e-10 8.468544921100327020e-09
4.507340053763440437e+02 -1.391484301198435725e-10 8.421792436009629691e-09
4.508590053763440437e+02 -1.381951183471312661e-10 8.375295220439012901e-09
4.509840053763440437e+02 -1.372483160191353516e-10 8.329051899509981187e-09
4.511090053763440437e+02 -1.363079788614018514e-10 8.283061105623193733e-09
4.512340053763440437e+02 -1.353740628992222011e-10 8.237321478420362778e-09
4.513590053763440437e+02 -1.344465244556154193e-10 8.191831664747156223e-09
4.514840053763440437e+02 -1.335253201493234354e-10 8.146590318615484807e-09
4.516090053763440437e+02 -1.326104068928197819e-10 8.101596101166767019e-09
4.517340053763440437e+02 -1.317017418903318569e-10 8.056847680634601749e-09
4.518590053763440437e+02 -1.307992826358759051e-10 8.012343732308362408e-09
4.519840053763440437e+02 -1.299029869113057243e-10 7.968082938496433717e-09
4.521090053763440437e+02 -1.290128127843744781e-10 7.924063988489799216e-09
4.522340053763440437e+02 -1.281287186068072099e-10 7.880285578526010932e-09
4.523590053763440437e+02 -1.272506630123911153e-10 7.836746411752968790e-09
4.524840053763440437e+02 -1.263786049150739319e-10 7.793445198193272444e-09
4.526090053763440437e+02 -1.255125035070768555e-10 7.750380654708377880e-09
4.527340053763440437e+02 -1.246523182570203557e-10 7.707551504963346291e-09
4.528590053763440437e+02 -1.237980089080621410e-10 7.664956479391240568e-09
4.529840053763440437e+02 -1.229495354760475566e-10 7.622594315158370480e-09
4.531090053763440437e+02 -1.221068582476724426e-10 7.580463756128963789e-09
4.532340053763440437e+02 -1.212699377786585024e-10 7.538563552830785315e-09
4.533590053763440437e+02 -1.204387348919403816e-10 7.496892462420160432e-09
4.534840053763440437e+02 -1.196132106758658519e-10 7.455449248647931624e-09
4.536090053763440437e+02 -1.187933264824054825e-10 7.414232681824850897e-09
4.537340053763440437e+02 -1.179790439253788543e-10 7.373241538787834126e-09
4.538590053763440437e+02 -1.171703248786882452e-10 7.332474602865875418e-09
4.539840053763440437e+02 -1.163671314745663768e-10 7.291930663846298971e-09
4.541090053763440437e+02 -1.155694261018352517e-10 7.251608517941359181e-09
4.542340053763440437e+02 -1.147771714041768927e-10 7.211506967754653790e-09
4.543590053763440437e+02 -1.139903302784155996e-10 7.171624822248113599e-09
4.544840053763440437e+02 -1.132088658728115270e-10 7.131960896708726642e-09
4.546090053763440437e+02 -1.124327415853660108e-10 7.092514012715912527e-09
4.547340053763440437e+02 -1.116619210621383725e-10 7.053282998108490635e-09
4.548590053763440437e+02 -1.108963681955721185e-10 7.014266686952479634e-09
4.549840053763440437e+02 -1.101360471228363142e-10 6.975463919508349394e-09
4.551090053763440437e+02 -1.093809222241741438e-10 6.936873542199148068e-09
4.552340053763440437e+02 -1.086309581212644204e-10 6.898494407578097292e-09
4.553590053763440437e+02 -1.078861196755937074e-10 6.860325374297026968e-09
4.554840053763440437e+02 -1.071463719868394909e-10 6.822365307074313748e-09
4.556090053763440437e+02 -1.064116803912638336e-10 6.784613076663584653e-09
4.557340053763440437e+02 -1.056820104601182859e-10 6.747067559822153516e-09
4.558590053763440437e+02 -1.049573279980590602e-10 6.709727639279715506e-09
4.559840053763440437e+02 -1.042375990415729960e-10 6.672592203707418015e-09
4.561090053763440437e+02 -1.035227898574144347e-10 6.635660147686721446e-09
4.562340053763440437e+02 -1.028128669410507271e-10 6.598930371678803455e-09
4.563590053763440437e+02 -1.021077970151218550e-10 6.562401781993736548e-09
4.564840053763440437e+02 -1.014075470279067356e-10 6.526073290760238912e-09
4.566090053763440437e+02 -1.007120841518014410e-10 6.489943815895069562e-09
4.567340053763440437e+02 -1.000213757818075777e-10 6.454012281073190280e-09
4.568590053763440437e+02 -9.933538953403033378e-11 6.418277615697417185e-09
4.569840053763440437e+02 -9.865409324418735579e-11 6.382738754868886249e-09
4.571090053763440437e+02 -9.797745496612667439e-11 6.347394639357023337e-09
4.572340053763440437e+02 -9.730544297035527901e-11 6.312244215570299229e-09
4.573590053763440437e+02 -9.663802574257765779e-11 6.277286435526513160e-09
4.574840053763440437e+02 -9.597517198224233786e-11 6.242520256823807588e-09
4.576090053763440437e+02 -9.531685060110176384e-11 6.207944642611400880e-09
4.577340053763440437e+02 -9.466303072177834154e-11 6.173558561560606223e-09
4.578590053763440437e+02 -9.401368167634175186e-11 6.139360987836149956e-09
4.579840053763440437e+02 -9.336877300489551893e-11 6.105350901067331919e-09
4.581090053763440437e+02 -9.272827445417316819e-11 6.071527286319679632e-09
4.582340053763440437e+02 -9.209215597614347072e-11 6.037889134066380780e-09
4.583590053763440437e+02 -9.146038772662547140e-11 6.004435440160264954e-09
4.584840053763440437e+02 -9.083294006391242233e-11 5.971165205805447073e-09
4.586090053763440437e+02 -9.020978354740531918e-11 5.938077437529683834e-09
4.587340053763440437e+02 -8.959088893625547197e-11 5.905171147156247915e-09
4.588590053763440437e+02 -8.897622718801506333e-11 5.872445351776577252e-09
4.589840053763440437e+02 -8.836576945729958446e-11 5.839899073722451991e-09
4.591090053763440437e+02 -8.775948709445626829e-11 5.807531340538891911e-09
4.592340053763440437e+02 -8.715735164424304320e-11 5.775341184956638612e-09
4.593590053763440437e+02 -8.655933484451581037e-11 5.743327644865296131e-09
4.594840053763440437e+02 -8.596540862492479416e-11 5.711489763286222577e-09
4.596090053763440437e+02 -8.537554510561948749e-11 5.679826588345673236e-09
4.597340053763440437e+02 -8.478971659596245062e-11 5.648337173248242277e-09
4.598590053763440437e+02 -8.420789559325152388e-11 5.617020576250145650e-09
4.599840053763440437e+02 -8.363005478145106184e-11 5.585875860632958100e-09
4.601090053763440437e+02 -8.305616702993006935e-11 5.554902094677148350e-09
4.602340053763440437e+02 -8.248620539221204722e-11 5.524098351636131273e-09
4.603590053763440437e+02 -8.192014310472996911e-11 5.493463709710006561e-09
4.604840053763440437e+02 -8.135795358559118455e-11 5.462997252019931843e-09
4.606090053763440437e+02 -8.079961043335046453e-11 5.432698066582102066e-09
4.607340053763440437e+02 -8.024508742579096991e-11 5.402565246282383999e-09
4.608590053763440437e+02 -7.969435851871378890e-11 5.372597888850566102e-09
4.609840053763440437e+02 -7.914739784473537159e-11 5.342795096835222161e-09
4.611090053763440437e+02 -7.860417971209301647e-11 5.313155977578346622e-09
4.612340053763440437e+02 -7.806467860345874519e-11 5.283679643190238905e-09
4.613590053763440437e+02 -7.752886917475971710e-11 5.254365210524625951e-09
4.614840053763440437e+02 -7.699672625400950061e-11 5.225211801153683014e-09
4.616090053763440437e+02 -7.646822484014403623e-11 5.196218541343449036e-09
4.617340053763440437e+02 -7.594334010186720257e-11 5.167384562029088148e-09
4.618590053763440437e+02 -7.542204737650368491e-11 5.138708998790556502e-09
4.619840053763440437e+02 -7.490432216885950802e-11 5.110190991828115244e-09
4.621090053763440437e+02 -7.439014015009028507e-11 5.081829685938255418e-09
4.622340053763440437e+02 -7.387947715657715672e-11 5.053624230489442554e-09
4.623590053763440437e+02 -7.337230918881003269e-11 5.025573779398325296e-09
4.624840053763440437e+02 -7.286861241027858810e-11 4.997677491105659485e-09
4.626090053763440437e+02 -7.236836314637098884e-11 4.969934528552824499e-09
4.627340053763440437e+02 -7.187153788327827788e-11 4.942344059157969849e-09
4.628590053763440437e+02 -7.137811326690939868e-11 4.914905254792739140e-09
4.629840053763440437e+02 -7.088806610181031572e-11 4.887617291758783107e-09
4.631090053763440437e+02 -7.040137335009210468e-11 4.860479350764492679e-09
4.632340053763440437e+02 -6.991801213036567313e-11 4.833490616901980196e-09
4.633590053763440437e+02 -6.943795971668393865e-11 4.806650279623934068e-09
4.634840053763440437e+02 -6.896119353749085712e-11 4.779957532720860556e-09
4.636090053763440437e+02 -6.848769117457766294e-11 4.753411574298168387e-09
4.637340053763440437e+02 -6.801743036204614029e-11 4.727011606753650413e-09
4.638590053763440437e+02 -6.755038898527896424e-11 4.700756836754800672e-09
4.639840053763440437e+02 -6.708654507991587089e-11 4.674646475216523517e-09
4.641090053763440437e+02 -6.662587683083915905e-11 4.648679737278679801e-09
4.642340053763440437e+02 -6.616836257116347014e-11 4.622855842284047479e-09
4.643590053763440437e+02 -6.571398078123362007e-11 4.597174013756048112e-09
4.644840053763440437e+02 -6.526271008762910031e-11 4.571633479376985403e-09
4.646090053763440437e+02 -6.481452926217483448e-11 4.546233470965967742e-09
4.647340053763440437e+02 -6.436941722095915990e-11 4.520973224457359330e-09
4.648590053763440437e+02 -6.392735302335793537e-11 4.495851979879033594e-09
4.649840053763440437e+02 -6.348831587106543451e-11 4.470868981330829272e-09
4.651090053763440437e+02 -6.305228510713176597e-11 4.446023476963244723e-09
4.652340053763440437e+02 -6.261924021500687241e-11 4.421314718956002364e-09
4.653590053763440437e+02 -6.218916081758999653e-11 4.396741963496984521e-09
4.654840053763440437e+02 -6.176202667628759994e-11 4.372304470761017895e-09
4.656090053763440437e+02 -6.133781769007554713e-11 4.348001504889026961e-09
4.657340053763440437e+02 -6.091651389456860480e-11 4.323832333967032679e-09
4.658590053763440437e+02 -6.049809546109608051e-11 4.299796230005516816e-09
4.659840053763440437e+02 -6.008254269578347118e-11 4.275892468918639863e-09
4.661090053763440437e+02 -5.966983603864059993e-11 4.252120330503834488e-09
4.662340053763440437e+02 -5.925995606265562063e-11 4.228479098421186405e-09
4.663590053763440437e+02 -5.885288347289523926e-11 4.204968060173294183e-09
4.664840053763440437e+02 -5.844859910561124255e-11 4.181586507084825472e-09
4.666090053763440437e+02 -5.804708392735174408e-11 4.158333734282577820e-09
4.667340053763440437e+02 -5.764831903408096720e-11 4.135209040675341785e-09
4.668590053763440437e+02 -5.725228565030234957e-11 4.112211728933965053e-09
4.669840053763440437e+02 -5.685896512818892426e-11 4.089341105471620878e-09
4.671090053763440437e+02 -5.646833894671922628e-11 4.066596480423978902e-09
4.672340053763440437e+02 -5.608038871081904093e-11 4.043977167629698585e-09
4.673590053763440437e+02 -5.569509615050889080e-11 4.021482484610801864e-09
4.674840053763440437e+02 -5.531244312005735181e-11 3.999111752553361791e-09
4.676090053763440437e+02 -5.493241159713993973e-11 3.976864296288079508e-09
4.677340053763440437e+02 -5.455498368200402617e-11 3.954739444271179685e-09
4.678590053763440437e+02 -5.418014159663809718e-11 3.932736528565171122e-09
4.679840053763440437e+02 -5.380786768394902520e-11 3.910854884819963871e-09
4.681090053763440437e+02 -5.343814440694244938e-11 3.889093852253788663e-09
4.682340053763440437e+02 -5.307095434790994789e-11 3.867452773634542330e-09
4.683590053763440437e+02 -5.270628020762139293e-11 3.845930995260889210e-09
4.684840053763440437e+02 -5.234410480452271484e-11 3.824527866943786890e-09
4.686090053763440437e+02 -5.198441107393919139e-11 3.803242741987860590e-09
4.687340053763440437e+02 -5.162718206728388772e-11 3.782074977172952891e-09
4.688590053763440437e+02 -5.127240095127165373e-11 3.761023932735857107e-09
4.689840053763440437e+02 -5.092005100713829795e-11 3.740088972351972079e-09
4.691090053763440437e+02 -5.057011562986519616e-11 3.719269463117247295e-09
4.692340053763440437e+02 -5.022257832740824274e-11 3.698564775530017185e-09
4.693590053763440437e+02 -4.987742271993382015e-11 3.677974283473136081e-09
4.694840053763440437e+02 -4.953463253905808999e-11 3.657497364195998211e-09
4.696090053763440437e+02 -4.919419162709226183e-11 3.637133398296860431e-09
4.697340053763440437e+02 -4.885608393629288966e-11 3.616881769705040060e-09
4.698590053763440437e+02 -4.852029352811709913e-11 3.596741865663436141e-09
4.699840053763440437e+02 -4.818680457248285550e-11 3.576713076710880301e-09
4.701090053763440437e+02 -4.785560134703429794e-11 3.556794796664870179e-09
4.702340053763440437e+02 -4.752666823641190133e-11 3.536986422604082008e-09
4.703590053763440437e+02 -4.719998973152785953e-11 3.517287354851276922e-09
4.704840053763440437e+02 -4.687555042884531383e-11 3.497696996956065409e-09
4.706090053763440437e+02 -4.655333502966437331e-11 3.478214755677834717e-09
4.707340053763440437e+02 -4.623332833941104966e-11 3.458840040968851208e-09
4.708590053763440437e+02 -4.591551526693195003e-11 3.439572265957280822e-09
4.709840053763440437e+02 -4.559988082379349350e-11 3.420410846930483750e-09
4.711090053763440437e+02 -4.528641012358588381e-11 3.401355203318211916e-09
4.712340053763440437e+02 -4.497508838123173502e-11 3.382404757676070739e-09
4.713590053763440437e+02 -4.466590091229939524e-11 3.363558935668894046e-09
4.714840053763440437e+02 -4.435883313232092335e-11 3.344817166054376233e-09
4.716090053763440437e+02 -4.405387055611455694e-11 3.326178880666610959e-09
4.717340053763440437e+02 -4.375099879711204004e-11 3.307643514399920593e-09
4.718590053763440437e+02 -4.345020356668956966e-11 3.289210505192517327e-09
4.719840053763440437e+02 -4.315147067350493333e-11 3.270879294010537762e-09
4.721090053763440437e+02 -4.285478602283750949e-11 3.252649324831862020e-09
4.722340053763440437e+02 -4.256013561593342470e-11 3.234520044630294735e-09
4.723590053763440437e+02 -4.226750554935513128e-11 3.216490903359629008e-09
4.724840053763440437e+02 -4.197688201433518532e-11 3.198561353937842711e-09
4.726090053763440437e+02 -4.168825129613456132e-11 3.180730852231470971e-09
4.727340053763440437e+02 -4.140159977340512215e-11 3.162998857039896360e-09
4.728590053763440437e+02 -4.111691391755650922e-11 3.145364830079895093e-09
4.729840053763440437e+02 -4.083418029212745934e-11 3.127828235970095128e-09
4.731090053763440437e+02 -4.055338555216048851e-11 3.110388542215674159e-09
4.732340053763440437e+02 -4.027451644358243059e-11 3.093045219192981079e-09
4.733590053763440437e+02 -3.999755980258755439e-11 3.075797740134396098e-09
4.734840053763440437e+02 -3.972250255502568917e-11 3.058645581113103591e-09
4.736090053763440437e+02 -3.944933171579419516e-11 3.041588221028128809e-09
4.737340053763440437e+02 -3.917803438823420572e-11 3.024625141589231494e-09
4.738590053763440437e+02 -3.890859776353076635e-11 3.007755827302117549e-09
4.739840053763440437e+02 -3.864100912011713533e-11 2.990979765453545231e-09
4.741090053763440437e+02 -3.837525582308307821e-11 2.974296446096552952e-09
4.742340053763440437e+02 -3.811132532358716245e-11 2.957705362035853744e-09
4.743590053763440437e+02 -3.784920515827308452e-11 2.941206008813154877e-09
4.744840053763440437e+02 -3.758888294868935752e-11 2.924797884692707841e-09
4.746090053763440437e+02 -3.733034640071420736e-11 2.908480490646789666e-09
4.747340053763440437e+02 -3.707358330398301513e-11 2.892253330341398493e-09
4.748590053763440437e+02 -3.681858153132030257e-11 2.876115910121879655e-09
4.749840053763440437e+02 -3.656532903817539449e-11 2.860067738998781302e-09
4.751090053763440437e+02 -3.631381386206191350e-11 2.844108328633620691e-09
4.752340053763440437e+02 -3.606402412200102277e-11 2.828237193324886635e-09
4.753590053763440437e+02 -3.581594801796853338e-11 2.812453849993953443e-09
4.754840053763440437e+02 -3.556957383034554652e-11 2.796757818171246329e-09
4.756090053763440437e+02 -3.532488991937314114e-11 2.781148619982263295e-09
4.757340053763440437e+02 -3.508188472460996319e-11 2.765625780133906388e-09
4.758590053763440437e+02 -3.484054676439481023e-11 2.750188825900697561e-09
4.759840053763440437e+02 -3.460086463531158131e-11 2.734837287111126473e-09
4.761090053763440437e+02 -3.436282701165842733e-11 2.719570696134136835e-09
4.762340053763440437e+02 -3.412642264492036526e-11 2.704388587865551967e-09
4.763590053763440437e+02 -3.389164036324553709e-11 2.689290499714712106e-09
4.764840053763440437e+02 -3.365846907092488738e-11 2.674275971591043889e-09
4.766090053763440437e+02 -3.342689774787540153e-11 2.659344545890840351e-09
4.767340053763440437e+02 -3.319691544912687903e-11 2.644495767483958210e-09
4.768590053763440437e+02 -3.296851130431222863e-11 2.629729183700744274e-09
4.769840053763440437e+02 -3.274167451716061987e-11 2.615044344318871688e-09
4.771090053763440437e+02 -3.251639436499530688e-11 2.600440801550394149e-09
4.772340053763440437e+02 -3.229266019823353961e-11 2.585918110028726904e-09
4.773590053763440437e+02 -3.207046143989056557e-11 2.571475826795833727e-09
4.774840053763440437e+02 -3.184978758508681119e-11 2.557113511289334481e-09
4.776090053763440437e+02 -3.163062820055837828e-11 2.542830725329837256e-09
4.777340053763440437e+02 -3.141297292417084278e-11 2.528627033108203104e-09
4.778590053763440437e+02 -3.119681146443640100e-11 2.514502001172921604e-09
4.779840053763440437e+02 -3.098213360003420828e-11 2.500455198417618364e-09
4.781090053763440437e+02 -3.076892917933398108e-11 2.486486196068494291e-09
4.782340053763440437e+02 -3.055718811992294019e-11 2.472594567671981982e-09
4.783590053763440437e+02 -3.034690040813539049e-11 2.458779889082318579e-09
4.784840053763440437e+02 -3.013805609858654654e-11 2.445041738449324585e-09
4.786090053763440437e+02 -2.993064531370850363e-11 2.431379696206106178e-09
4.787340053763440437e+02 -2.972465824328976313e-11 2.417793345056965130e-09
4.788590053763440437e+02 -2.952008514401785981e-11 2.404282269965228092e-09
4.789840053763440437e+02 -2.931691633902505221e-11 2.390846058141278527e-09
4.791090053763440437e+02 -2.911514221743705691e-11 2.377484299030518751e-09
4.792340053763440437e+02 -2.891475323392486199e-11 2.364196584301521403e-09
4.793590053763440437e+02 -2.871573990825956171e-11 2.350982507834115967e-09
4.794840053763440437e+02 -2.851809282487031897e-11 2.337841665707669286e-09
4.796090053763440437e+02 -2.832180263240472843e-11 2.324773656189317673e-09
4.797340053763440437e+02 -2.812686004329328341e-11 2.311778079722291668e-09
4.798590053763440437e+02 -2.793325583331571342e-11 2.298854538914366947e-09
4.799840053763440437e+02 -2.774098084117071785e-11 2.286002638526255253e-09
4.801090053763440437e+02 -2.755002596804859465e-11 2.273221985460189718e-09
4.802340053763440437e+02 -2.736038217720671252e-11 2.260512188748435324e-09
4.803590053763440437e+02 -2.717204049354779421e-11 2.247872859541994991e-09
4.804840053763440437e+02 -2.698499200320120801e-11 2.235303611099238742e-09
4.806090053763440437e+02 -2.679922785310691206e-11 2.222804058774722699e-09
4.807340053763440437e+02 -2.661473925060233260e-11 2.210373820007948116e-09
4.808590053763440437e+02 -2.643151746301208881e-11 2.198012514312288736e-09
4.809840053763440437e+02 -2.624955381723998921e-11 2.185719763263865213e-09
4.811090053763440437e+02 -2.606883969936481177e-11 2.173495190490596549e-09
4.812340053763440437e+02 -2.588936655423779653e-11 2.161338421661180809e-09
4.813590053763440437e+02 -2.571112588508335324e-11 2.149249084474265256e-09
4.814840053763440437e+02 -2.553410925310239916e-11 2.137226808647567689e-09
4.816090053763440437e+02 -2.535830827707838199e-11 2.125271225907087522e-09
4.817340053763440437e+02 -2.518371463298588131e-11 2.113381969976422337e-09
4.818590053763440437e+02 -2.501032005360198870e-11 2.101558676566048446e-09
4.819840053763440437e+02 -2.483811632812022452e-11 2.089800983362756558e-09
4.821090053763440437e+02 -2.466709530176719453e-11 2.078108530019045254e-09
4.822340053763440437e+02 -2.449724887542134372e-11 2.066480958142671212e-09
4.823590053763440437e+02 -2.432856900523528369e-11 2.054917911286144018e-09
4.824840053763440437e+02 -2.416104770225965812e-11 2.043419034936393847e-09
4.826090053763440437e+02 -2.399467703207011020e-11 2.031983976504375051e-09
4.827340053763440437e+02 -2.382944911439656995e-11 2.020612385314835581e-09
4.828590053763440437e+02 -2.366535612275517826e-11 2.009303912596037619e-09
4.829840053763440437e+02 -2.350239028408259231e-11 1.998058211469631232e-09
4.831090053763440437e+02 -2.334054387837283383e-11 1.986874936940474672e-09
4.832340053763440437e+02 -2.317980923831654795e-11 1.975753745886623012e-09
4.833590053763440437e+02 -2.302017874894283394e-11 1.964694297049277070e-09
4.834840053763440437e+02 -2.286164484726302120e-11 1.953696251022805135e-09
4.836090053763440437e+02 -2.270420002191776039e-11 1.942759270244877592e-09
4.837340053763440437e+02 -2.254783681282562356e-11 1.931883018986553165e-09
4.838590053763440437e+02 -2.239254781083451858e-11 1.921067163342522321e-09
4.839840053763440437e+02 -2.223832565737532988e-11 1.910311371221296911e-09
4.841090053763440437e+02 -2.208516304411799552e-11 1.899615312335558621e-09
4.842340053763440437e+02 -2.193305271262983311e-11 1.888978658192450770e-09
4.843590053763440437e+02 -2.178198745403620832e-11 1.878401082084025201e-09
4.844840053763440437e+02 -2.163196010868352347e-11 1.867882259077638715e-09
4.846090053763440437e+02 -2.148296356580440319e-11 1.857421866006497361e-09
4.847340053763440437e+02 -2.133499076318536497e-11 1.847019581460156472e-09
4.848590053763440437e+02 -2.118803468683619889e-11 1.836675085775162568e-09
4.849840053763440437e+02 -2.104208837066246876e-11 1.826388061025648931e-09
4.851090053763440437e+02 -2.089714489613940263e-11 1.816158191014080898e-09
4.852340053763440437e+02 -2.075319739198841667e-11 1.805985161261969731e-09
4.853590053763440437e+02 -2.061023903385570060e-11 1.795868659000651411e-09
4.854840053763440437e+02 -2.046826304399303581e-11 1.785808373162171312e-09
4.856090053763440437e+02 -2.032726269094071703e-11 1.775803994370121527e-09
4.857340053763440437e+02 -2.018723128921269699e-11 1.765855214930627076e-09
4.858590053763440437e+02 -2.004816219898376351e-11 1.755961728823280630e-09
4.859840053763440437e+02 -1.991004882577901400e-11 1.746123231692223639e-09
4.861090053763440437e+02 -1.977288462016497776e-11 1.736339420837174737e-09
4.862340053763440437e+02 -1.963666307744361090e-11 1.726609995204605373e-09
4.863590053763440437e+02 -1.950137773734763858e-11 1.716934655378864789e-09
4.864840053763440437e+02 -1.936702218373828192e-11 1.707313103573442504e-09
4.866090053763440437e+02 -1.923359004430501402e-11 1.697745043622190490e-09
4.867340053763440437e+02 -1.910107499026728706e-11 1.688230180970671061e-09
4.868590053763440437e+02 -1.896947073607834994e-11 1.678768222667503946e-09
4.869840053763440437e+02 -1.883877103913101751e-11 1.669358877355739005e-09
4.871090053763440437e+02 -1.870896969946545617e-11 1.660001855264352394e-09
4.872340053763440437e+02 -1.858006055947894679e-11 1.650696868199690833e-09
4.873590053763440437e+02 -1.845203750363768020e-11 1.641443629537056075e-09
4.874840053763440437e+02 -1.832489445819016811e-11 1.632241854212238506e-09
4.876090053763440437e+02 -1.819862539088326820e-11 1.623091258713190333e-09
4.877340053763440437e+02 -1.807322431067945309e-11 1.613991561071650790e-09
4.878590053763440437e+02 -1.794868526747636706e-11 1.604942480854904736e-09
4.879840053763440437e+02 -1.782500235182815016e-11 1.595943739157496161e-09
4.881090053763440437e+02 -1.770216969466872373e-11 1.586995058593072605e-09
4.882340053763440437e+02 -1.758018146703689174e-11 1.578096163286188205e-09
4.883590053763440437e+02 -1.745903187980335183e-11 1.569246778864232279e-09
4.884840053763440437e+02 -1.733871518339949961e-11 1.560446632449316954e-09
4.886090053763440437e+02 -1.721922566754820396e-11 1.551695452650287225e-09
4.887340053763440437e+02 -1.710055766099605262e-11 1.542992969554725015e-09
4.888590053763440437e+02 -1.698270553124800484e-11 1.534338914720980733e-09
4.889840053763440437e+02 -1.686566368430332696e-11 1.525733021170318162e-09
4.891090053763440437e+02 -1.674942656439348598e-11 1.517175023379008268e-09
4.892340053763440437e+02 -1.663398865372188495e-11 1.508664657270555148e-09
4.893590053763440437e+02 -1.651934447220527854e-11 1.500201660207878554e-09
4.894840053763440437e+02 -1.640548857721698519e-11 1.491785770985618839e-09
4.896090053763440437e+02 -1.629241556333181818e-11 1.483416729822400749e-09
4.897340053763440437e+02 -1.618012006207276158e-11 1.475094278353222119e-09
4.898590053763440437e+02 -1.606859674165935548e-11 1.466818159621797287e-09
4.899840053763440437e+02 -1.595784030675784221e-11 1.458588118073026438e-09
4.901090053763440437e+02 -1.584784549823271812e-11 1.450403899545420907e-09
4.902340053763440437e+02 -1.573860709290056655e-11 1.442265251263648625e-09
4.903590053763440437e+02 -1.563011990328494423e-11 1.434171921831042137e-09
4.904840053763440437e+02 -1.552237877737326119e-11 1.426123661222217259e-09
4.906090053763440437e+02 -1.541537859837522471e-11 1.418120220775686353e-09
4.907340053763440437e+02 -1.530911428448291812e-11 1.410161353186499726e-09
4.908590053763440437e+02 -1.520358078863253403e-11 1.402246812498989608e-09
4.909840053763440437e+02 -1.509877309826768434e-11 1.394376354099467175e-09
4.911090053763440437e+02 -1.499468623510436786e-11 1.386549734709043244e-09
4.912340053763440437e+02 -1.489131525489752768e-11 1.378766712376406367e-09
4.913590053763440437e+02 -1.478865524720894943e-11 1.371027046470716313e-09
4.914840053763440437e+02 -1.468670133517730186e-11 1.363330497674458057e-09
4.916090053763440437e+02 -1.458544867528914351e-11 1.355676827976413431e-09
4.917340053763440437e+02 -1.448489245715178892e-11 1.348065800664588320e-09
4.918590053763440437e+02 -1.438502790326763862e-11 1.340497180319256069e-09
4.919840053763440437e+02 -1.428585026881007936e-11 1.332970732805965739e-09
4.921090053763440437e+02 -1.418735484140084815e-11 1.325486225268652729e-09
4.922340053763440437e+02 -1.408953694088895696e-11 1.318043426122722925e-09
4.923590053763440437e+02 -1.399239191913108430e-11 1.310642105048231975e-09
4.924840053763440437e+02 -1.389591515977353238e-11 1.303282032983069526e-09
4.926090053763440437e+02 -1.380010207803538785e-11 1.295962982116153185e-09
4.927340053763440437e+02 -1.370494812049367291e-11 1.288684725880739313e-09
4.928590053763440437e+02 -1.361044876486944808e-11 1.281447038947669720e-09
4.929840053763440437e+02 -1.351659951981561937e-11 1.274249697218745735e-09
4.931090053763440437e+02 -1.342339592470611703e-11 1.267092477820056382e-09
4.932340053763440437e+02 -1.333083354942654137e-11 1.259975159095416969e-09
4.933590053763440437e+02 -1.323890799416620113e-11 1.252897520599771292e-09
4.934840053763440437e+02 -1.314761488921155902e-11 1.245859343092696823e-09
4.936090053763440437e+02 -1.305694989474110228e-11 1.238860408531877008e-09
4.937340053763440437e+02 -1.296690870062159289e-11 1.231900500066677799e-09
4.938590053763440437e+02 -1.287748702620574761e-11 1.224979402031685305e-09
4.939840053763440437e+02 -1.278868062013105209e-11 1.218096899940352219e-09
4.941090053763440437e+02 -1.270048526012041366e-11 1.211252780478603711e-09
4.942340053763440437e+02 -1.261289675278372352e-11 1.204446831498544857e-09
4.943590053763440437e+02 -1.252591093342093614e-11 1.197678842012162280e-09
4.944840053763440437e+02 -1.243952366582651207e-11 1.190948602185042955e-09
4.946090053763440437e+02 -1.235373084209514844e-11 1.184255903330197030e-09
4.947340053763440437e+02 -1.226852838242881972e-11 1.177600537901819022e-09
4.948590053763440437e+02 -1.218391223494516100e-11 1.170982299489172061e-09
4.949840053763440437e+02 -1.209987837548712921e-11 1.164400982810427250e-09
4.951090053763440437e+02 -1.201642280743401333e-11 1.157856383706604364e-09
4.952340053763440437e+02 -1.193354156151347701e-11 1.151348299135478837e-09
4.953590053763440437e+02 -1.185123069561537667e-11 1.144876527165588011e-09
4.954840053763440437e+02 -1.176948629460634221e-11 1.138440866970200576e-09
4.956090053763440437e+02 -1.168830447014587470e-11 1.132041118821386510e-09
4.957340053763440437e+02 -1.160768136050363801e-11 1.125677084084051664e-09
4.958590053763440437e+02 -1.152761313037798319e-11 1.119348565210069324e-09
4.959840053763440437e+02 -1.144809597071571834e-11 1.113055365732378075e-09
4.961090053763440437e+02 -1.136912609853310970e-11 1.106797290259171473e-09
4.962340053763440437e+02 -1.129069975673804586e-11 1.100574144468082555e-09
4.963590053763440437e+02 -1.121281321395350739e-11 1.094385735100384682e-09
4.964840053763440437e+02 -1.113546276434216260e-11 1.088231869955287922e-09
4.966090053763440437e+02 -1.105864472743204562e-11 1.082112357884181250e-09
4.967340053763440437e+02 -1.098235544794377750e-11 1.076027008784982288e-09
4.968590053763440437e+02 -1.090659129561854650e-11 1.069975633596453125e-09
4.969840053763440437e+02 -1.083134866504750053e-11 1.063958044292603817e-09
4.971090053763440437e+02 -1.075662397550222196e-11 1.057974053877069219e-09
4.972340053763440437e+02 -1.068241367076637857e-11 1.052023476377573072e-09
4.973590053763440437e+02 -1.060871421896848448e-11 1.046106126840361910e-09
4.974840053763440437e+02 -1.053552211241584683e-11 1.040221821324731191e-09
4.976090053763440437e+02 -1.046283386742958687e-11 1.034370376897515652e-09
4.977340053763440437e+02 -1.039064602418087923e-11 1.028551611627674586e-09
4.978590053763440437e+02 -1.031895514652804419e-11 1.022765344580840721e-09
4.979840053763440437e+02 -1.024775782185518765e-11 1.017011395813957403e-09
4.981090053763440437e+02 -1.017705066091152940e-11 1.011289586369910192e-09
4.982340053763440437e+02 -1.010683029765200929e-11 1.005599738272172730e-09
4.983590053763440437e+02 -1.003709338907896130e-11 9.999416745195415285e-10
4.984840053763440437e+02 -9.967836615084832915e-12 9.943152190808211265e-10
4.986090053763440437e+02 -9.899056678296006293e-12 9.887201968896087175e-10
4.987340053763440437e+02 -9.830750303917640534e-12 9.831564338390448608e-10
4.988590053763440437e+02 -9.762914239579620585e-12 9.776237567766504267e-10
4.989840053763440437e+02 -9.695545255183544984e-12 9.721219934991327300e-10
4.991090053763440437e+02 -9.628640142750581177e-12 9.666509727472768620e-10
4.992340053763440437e+02 -9.562195716270745774e-12 9.612105242008095195e-10
4.993590053763440437e+02 -9.496208811552798737e-12 9.558004784733412090e-10
4.994840053763440437e+02 -9.430676286075392872e-12 9.504206671072863237e-10
4.996090053763440437e+02 -9.365595018839152289e-12 9.450709225688558057e-10
4.997340053763440437e+02 -9.300961910219789679e-12 9.397510782430512557e-10
4.998590053763440437e+02 -9.236773881822192949e-12 9.344609684286679348e-10
4.999840053763440437e+02 -9.173027876335539369e-12 9.292004283333850343e-10
5.001090053763440437e+02 -9.109720857389361293e-12 9.239692940688016610e-10
5.002340053763440437e+02 -9.046849809410595786e-12 9.187674026455806670e-10
5.003590053763440437e+02 -8.984411737481679521e-12 9.135945919685430549e-10
5.004840053763440437e+02 -8.922403667199369087e-12 9.084507008318547174e-10
5.006090053763440437e+02 -8.860822644534936153e-12 9.033355689141816400e-10
5.007340053763440437e+02 -8.799665735694900626e-12 8.982490367739227562e-10
5.008590053763440437e+02 -8.738930026982949654e-12 8.931909458444182969e-10
5.009840053763440437e+02 -8.678612624662701570e-12 8.881611384292331029e-10
5.011090053763440437e+02 -8.618710654821455358e-12 8.831594576974163635e-10
5.012340053763440437e+02 -8.559221263234823834e-12 8.781857476788345594e-10
5.013590053763440437e+02 -8.500141615232307103e-12 8.732398532594818662e-10
5.014840053763440437e+02 -8.441468895563794981e-12 8.683216201768593166e-10
5.016090053763440437e+02 -8.383200308266961217e-12 8.634308950153527216e-10
5.017340053763440437e+02 -8.325333076535468741e-12 8.585675252016250681e-10
5.018590053763440437e+02 -8.267864442588320364e-12 8.537313590000804668e-10
5.019840053763440437e+02 -8.210791667539842789e-12 8.489222455082865352e-10
5.021090053763440437e+02 -8.154112031270649666e-12 8.441400346524900443e-10
5.022340053763440437e+02 -8.097822832299515836e-12 8.393845771830919305e-10
5.023590053763440437e+02 -8.041921387656080380e-12 8.346557246702025443e-10
5.024840053763440437e+02 -7.986405032754409147e-12 8.299533294991727032e-10
5.026090053763440437e+02 -7.931271121267473333e-12 8.252772448661941251e-10
5.027340053763440437e+02 -7.876517025002405150e-12 8.206273247738757697e-10
5.028590053763440437e+02 -7.822140133776669532e-12 8.160034240268921446e-10
5.029840053763440437e+02 -7.768137855295061414e-12 8.114053982276091745e-10
5.031090053763440437e+02 -7.714507615027428397e-12 8.068331037717765546e-10
5.032340053763440437e+02 -7.661246856087477486e-12 8.022863978441999413e-10
5.033590053763440437e+02 -7.608353039112160196e-12 7.977651384144777674e-10
5.034840053763440437e+02 -7.555823642141991476e-12 7.932691842327345405e-10
5.036090053763440437e+02 -7.503656160502163500e-12 7.887983948253705826e-10
5.037340053763440437e+02 -7.451848106684472089e-12 7.843526304908744281e-10
5.038590053763440437e+02 -7.400397010230039637e-12 7.799317522955995497e-10
5.039840053763440437e+02 -7.349300417612844192e-12 7.755356220696266978e-10
5.041090053763440437e+02 -7.298555892124035349e-12 7.711641024025872585e-10
5.042340053763440437e+02 -7.248161013757071652e-12 7.668170566395630230e-10
5.043590053763440437e+02 -7.198113379093484854e-12 7.624943488769613478e-10
5.044840053763440437e+02 -7.148410601189725004e-12 7.581958439584559730e-10
5.046090053763440437e+02 -7.099050309464472432e-12 7.539214074709049890e-10
5.047340053763440437e+02 -7.050030149586871435e-12 7.496709057403363224e-10
5.048590053763440437e+02 -7.001347783365495011e-12 7.454442058279095435e-10
5.049840053763440437e+02 -6.953000888638058418e-12 7.412411755259432283e-10
5.051090053763440437e+02 -6.904987159161890446e-12 7.370616833539202961e-10
5.052340053763440437e+02 -6.857304304505140586e-12 7.329055985545545593e-10
5.053590053763440437e+02 -6.809950049938756834e-12 7.287727910898552046e-10
5.054840053763440437e+02 -6.762922136329140431e-12 7.246631316372024415e-10
5.056090053763440437e+02 -6.716218320031625352e-12 7.205764915854867400e-10
5.057340053763440437e+02 -6.669836372784503872e-12 7.165127430312097082e-10
5.058590053763440437e+02 -6.623774081604052983e-12 7.124717587746677912e-10
5.059840053763440437e+02 -6.578029248680019634e-12 7.084534123160985396e-10
5.061090053763440437e+02 -6.532599691271926705e-12 7.044575778518964655e-10
5.062340053763440437e+02 -6.487483241606089816e-12 7.004841302708090455e-10
5.063590053763440437e+02 -6.442677746773310281e-12 6.965329451501891786e-10
5.064840053763440437e+02 -6.398181068627274869e-12 6.926038987522319286e-10
5.066090053763440437e+02 -6.353991083683642191e-12 6.886968680202684441e-10
5.067340053763440437e+02 -6.310105683019827025e-12 6.848117305750411649e-10
5.068590053763440437e+02 -6.266522772175484186e-12 6.809483647110381705e-10
5.069840053763440437e+02 -6.223240271053535236e-12 6.771066493928080908e-10
5.071090053763440437e+02 -6.180256113822148385e-12 6.732864642513317818e-10
5.072340053763440437e+02 -6.137568248817097260e-12 6.694876895803895548e-10
5.073590053763440437e+02 -6.095174638444951683e-12 6.657102063329431922e-10
5.074840053763440437e+02 -6.053073259086860579e-12 6.619538961175715225e-10
5.076090053763440437e+02 -6.011262101003024727e-12 6.582186411948762175e-10
5.077340053763440437e+02 -5.969739168237803637e-12 6.545043244739585194e-10
5.078590053763440437e+02 -5.928502478525465427e-12 6.508108295088628817e-10
5.079840053763440437e+02 -5.887550063196595053e-12 6.471380404950925738e-10
5.081090053763440437e+02 -5.846879967085139887e-12 6.434858422660918890e-10
5.082340053763440437e+02 -5.806490248436002979e-12 6.398541202897946298e-10
5.083590053763440437e+02 -5.766378978813464310e-12 6.362427606651505696e-10
5.084840053763440437e+02 -5.726544243010020479e-12 6.326516501187058884e-10
5.086090053763440437e+02 -5.686984138955944136e-12 6.290806760011685120e-10
5.087340053763440437e+02 -5.647696777629451681e-12 6.255297262840260802e-10
5.088590053763440437e+02 -5.608680282967467117e-12 6.219986895561459249e-10
5.089840053763440437e+02 -5.569932791777006292e-12 6.184874550204288142e-10
5.091090053763440437e+02 -5.531452453647159706e-12 6.149959124904573197e-10
5.092340053763440437e+02 -5.493237430861672285e-12 6.115239523871581428e-10
5.093590053763440437e+02 -5.455285898312129002e-12 6.080714657355156229e-10
5.094840053763440437e+02 -5.417596043411735027e-12 6.046383441612536059e-10
5.096090053763440437e+02 -5.380166066009608022e-12 6.012244798875884494e-10
5.097340053763440437e+02 -5.342994178305823302e-12 5.978297657319462539e-10
5.098590053763440437e+02 -5.306078604766869350e-12 5.944540951027492656e-10
5.099840053763440437e+02 -5.269417582041760879e-12 5.910973619961720879e-10
5.101090053763440437e+02 -5.233009358878698769e-12 5.877594609929569323e-10
5.102340053763440437e+02 -5.196852196042322121e-12 5.844402872552094312e-10
5.103590053763440437e+02 -5.160944366231496676e-12 5.811397365232455287e-10
5.104840053763440437e+02 -5.125284153997682435e-12 5.778577051124223451e-10
5.106090053763440437e+02 -5.089869855663848143e-12 5.745940899100188783e-10
5.107340053763440437e+02 -5.054699779243967395e-12 5.713487883721008863e-10
5.108590053763440437e+02 -5.019772244362951748e-12 5.681216985204326084e-10
5.109840053763440437e+02 -4.985085582177334282e-12 5.649127189393871418e-10
5.111090053763440437e+02 -4.950638135296306163e-12 5.617217487728670556e-10
5.112340053763440437e+02 -4.916428257703364704e-12 5.585486877212726698e-10
5.113590053763440437e+02 -4.882454314678505883e-12 5.553934360384428317e-10
5.114840053763440437e+02 -4.848714682720924960e-12 5.522558945286591777e-10
5.116090053763440437e+02 -4.815207749472253469e-12 5.491359645436184454e-10
5.117340053763440437e+02 -4.781931913640318855e-12 5.460335479794689959e-10
5.118590053763440437e+02 -4.748885584923425945e-12 5.429485472738190047e-10
5.119840053763440437e+02 -4.716067183935141669e-12 5.398808654027980060e-10
5.121090053763440437e+02 -4.683475142129634743e-12 5.368304058781035478e-10
5.122340053763440437e+02 -4.651107901727418438e-12 5.337970727440917909e-10
5.123590053763440437e+02 -4.618963915641764623e-12 5.307807705748547695e-10
5.124840053763440437e+02 -4.587041647405484551e-12 5.277814044713426300e-10
5.126090053763440437e+02 -4.555339571098241973e-12 5.247988800584810096e-10
5.127340053763440437e+02 -4.523856171274401023e-12 5.218331034823025814e-10
5.128590053763440437e+02 -4.492589942891317571e-12 5.188839814071197504e-10
5.129840053763440437e+02 -4.461539391238151610e-12 5.159514210126719147e-10
5.131090053763440437e+02 -4.430703031865148156e-12 5.130353299913338343e-10
5.132340053763440437e+02 -4.400079390513410104e-12 5.101356165452930839e-10
5.133590053763440437e+02 -4.369667003045161406e-12 5.072521893837869596e-10
5.134840053763440437e+02 -4.339464415374405264e-12 5.043849577203123988e-10
5.136090053763440437e+02 -4.309470183398216442e-12 5.015338312698901836e-10
5.137340053763440437e+02 -4.279682872928344573e-12 4.986987202463076373e-10
5.138590053763440437e+02 -4.250101059623362736e-12 4.958795353594090916e-10
5.139840053763440437e+02 -4.220723328921257079e-12 4.930761878123708429e-10
