1.465604838709677438e+01 0.000000000000000000e+00 0.000000000000000000e+00
1.478104838709677438e+01 3.085567973048319163e-05 1.221785913397338639e-03
1.490604838709677438e+01 2.400561339828463495e-04 1.817587903839334605e-03
1.503104838709677438e+01 5.260424444477285145e-04 2.333410505010174909e-03
1.515604838709677438e+01 8.658142384451735602e-04 2.815413614930457366e-03
1.528104838709677438e+01 1.217732663643256684e-03 3.279830841181514706e-03
1.540604838709677438e+01 1.585591127006646213e-03 3.734126413921896696e-03
1.553104838709677438e+01 1.978705310172642218e-03 4.182205462596576100e-03
1.565604838709677438e+01 2.393565477391087874e-03 4.626256713007514607e-03
1.578104838709677438e+01 2.827228526887120945e-03 5.067546709956289967e-03
1.590604838709677438e+01 3.277165161176675591e-03 5.506808887839356910e-03
1.603104838709677438e+01 3.741162209820041249e-03 5.944452177138988616e-03
1.615604838709677438e+01 4.217256754693419693e-03 6.380680616560497655e-03
1.628104838709677438e+01 4.703689760826918441e-03 6.815565572543331313e-03
1.640604838709677438e+01 5.198872268621102140e-03 7.249091154869778501e-03
1.653104838709677438e+01 5.701360002485218563e-03 7.681183720965172393e-03
1.665604838709677438e+01 6.200759783286130533e-03 8.111731552307663642e-03
1.678104838709677438e+01 6.694019699054159882e-03 8.540598256315957981e-03
1.690604838709677438e+01 7.189178399138986680e-03 8.967632049052398982e-03
1.703104838709677438e+01 7.685391662809607297e-03 9.392672268848161962e-03
1.715604838709677438e+01 8.181894428186073723e-03 9.815553990326389769e-03
1.728104838709677438e+01 8.677991915441321188e-03 1.023611131241832471e-02
1.740604838709677438e+01 9.173052106873436432e-03 1.065417970685731373e-02
1.753104838709677438e+01 9.666499317742240777e-03 1.106959769242607181e-02
1.765604838709677438e+01 1.015780865423467939e-02 1.148220802006106635e-02
1.778104838709677438e+01 1.064650120059640499e-02 1.189185849987653247e-02
1.790604838709677438e+01 1.113213981137501155e-02 1.229840256409917357e-02
1.803104838709677438e+01 1.161432541024744539e-02 1.270907580390282822e-02
1.815604838709677438e+01 1.209269371636808622e-02 1.318638855217308357e-02
1.828104838709677438e+01 1.256691233418869708e-02 1.365661375628881430e-02
1.840604838709677438e+01 1.303667815440947425e-02 1.411957508347859956e-02
1.853104838709677438e+01 1.350171502294066246e-02 1.457512536672096910e-02
1.865604838709677438e+01 1.396177164208219600e-02 1.502314370460886700e-02
1.878104838709677438e+01 1.441661967400354252e-02 1.546353286004656900e-02
1.890604838709677438e+01 1.486605202135192136e-02 1.589621692143695919e-02
1.903104838709677438e+01 1.530988126368134153e-02 1.632113919539004282e-02
1.915604838709677438e+01 1.574793823156186295e-02 1.673826030441397453e-02
1.928104838709677438e+01 1.618007070284192134e-02 1.714755646672615555e-02
1.940604838709677438e+01 1.660614220770594354e-02 1.754981522320541928e-02
1.953104838709677438e+01 1.702603093098098777e-02 1.795642983004343621e-02
1.965604838709677438e+01 1.743962870166695239e-02 1.835553374110252337e-02
1.978104838709677438e+01 1.784684006094858222e-02 1.874711932062959191e-02
1.990604838709677438e+01 1.824758140103552306e-02 1.913118892135102361e-02
2.003104838709677438e+01 1.862207377189820448e-02 1.950775394996872442e-02
2.015604838709677438e+01 1.895455033281269810e-02 1.987683401238561631e-02
2.028104838709677438e+01 1.928225427356373631e-02 2.023845613123693987e-02
2.040604838709677438e+01 1.960514775362743461e-02 2.059265402911573603e-02
2.053104838709677438e+01 1.992319678597720065e-02 2.093946747158516655e-02
2.065604838709677438e+01 2.023637108831269002e-02 2.130461658915962231e-02
2.078104838709677438e+01 2.054464393885330545e-02 2.167063098102746388e-02
2.090604838709677438e+01 2.084799203669948989e-02 2.202859549988483989e-02
2.103104838709677438e+01 2.114639536673136935e-02 2.237850533866362138e-02
2.115604838709677438e+01 2.143983706898031777e-02 2.272036526489499414e-02
2.128104838709677438e+01 2.172830331240077281e-02 2.305418899362195184e-02
2.140604838709677438e+01 2.201178317294090470e-02 2.337999859091538513e-02
2.153104838709677438e+01 2.229026851580453994e-02 2.369782390654389184e-02
2.165604838709677438e+01 2.256375388179630848e-02 2.400770203444050829e-02
2.178104838709677438e+01 2.283223637762338276e-02 2.430967679969227649e-02
2.190604838709677438e+01 2.309571557003674280e-02 2.460379827085231244e-02
2.203104838709677438e+01 2.335419338368730641e-02 2.489012229643916552e-02
2.215604838709677438e+01 2.360767400256921084e-02 2.516871006454876949e-02
2.228104838709677438e+01 2.385616377493707599e-02 2.543962768456579579e-02
2.240604838709677438e+01 2.409967112156469193e-02 2.570294579000048651e-02
2.253104838709677438e+01 2.433820644724151577e-02 2.595873916153686525e-02
2.265604838709677438e+01 2.457178205537753971e-02 2.620708636941007641e-02
2.278104838709677438e+01 2.480041206561307485e-02 2.644806943428282264e-02
2.290604838709677438e+01 2.502411233432532897e-02 2.668177350581187740e-02
2.303104838709677438e+01 2.524290037791665151e-02 2.690828655815375586e-02
2.315604838709677438e+01 2.545679529879996475e-02 2.712769910166196868e-02
2.328104838709677438e+01 2.566581771396408973e-02 2.734010391009104868e-02
2.340604838709677438e+01 2.586998968603979390e-02 2.754559576262616272e-02
2.353104838709677438e+01 2.606933465676489897e-02 2.774427120009811260e-02
2.365604838709677438e+01 2.626387738277110445e-02 2.793622829476551106e-02
2.378104838709677438e+01 2.645364387359742595e-02 2.812156643307328618e-02
2.390604838709677438e+01 2.663866133185657098e-02 2.830038611081400757e-02
2.403104838709677438e+01 2.681895809547635290e-02 2.847278874015403763e-02
2.415604838709677438e+01 2.699456358193933272e-02 2.863887646798717393e-02
2.428104838709677438e+01 2.716550823444900328e-02 2.879875200512469965e-02
2.440604838709677438e+01 2.733182346995611731e-02 2.895251846582910099e-02
2.453104838709677438e+01 2.749354162897723816e-02 2.910027921722586203e-02
2.465604838709677438e+01 2.765069592714102659e-02 2.924213773815177719e-02
2.478104838709677438e+01 2.780332040841043337e-02 2.937819748700231520e-02
2.490604838709677438e+01 2.795144989990470952e-02 2.950856177817162349e-02
2.503104838709677438e+01 2.809511996828615438e-02 2.963333366668072927e-02
2.515604838709677438e+01 2.823436687764191086e-02 2.975261584062109665e-02
2.528104838709677438e+01 2.836922754881659320e-02 2.986651052103554346e-02
2.540604838709677438e+01 2.849973952014498921e-02 2.997511936889845838e-02
2.553104838709677438e+01 2.862594090953840195e-02 3.007854339884038705e-02
2.565604838709677438e+01 2.874787037787299507e-02 3.017688289930783516e-02
2.578104838709677438e+01 2.886556709364584625e-02 3.027023735883264954e-02
2.590604838709677438e+01 2.897907069884649023e-02 3.035870539812011645e-02
2.603104838709677438e+01 2.908842127601196648e-02 3.044238470766504404e-02
2.615604838709677438e+01 2.919365931641965117e-02 3.052137199061635484e-02
2.628104838709677438e+01 2.929482568938416090e-02 3.059576291063178730e-02
2.640604838709677438e+01 2.939196161261804774e-02 3.066565204445918097e-02
2.653104838709677438e+01 2.948510862362992493e-02 3.074861153975157191e-02
2.665604838709677438e+01 2.957430855211520826e-02 3.082779446154558858e-02
2.678104838709677438e+01 2.965960349331349041e-02 3.090258891913389219e-02
2.690604838709677438e+01 2.974103578230375897e-02 3.097306306727874367e-02
2.703104838709677438e+01 2.981864796920221869e-02 3.103928466859003435e-02
2.715604838709677438e+01 2.989248279523465043e-02 3.110132107098445217e-02
2.728104838709677438e+01 2.996258316965902738e-02 3.115923918670253714e-02
2.740604838709677438e+01 3.002899214750560236e-02 3.121310547280407507e-02
2.753104838709677438e+01 3.007604515179616161e-02 3.126298591306644198e-02
2.765604838709677438e+01 3.011779183140129296e-02 3.130894600121411631e-02
2.778104838709677438e+01 3.015643777238085840e-02 3.135105072541156945e-02
2.790604838709677438e+01 3.019203227430816011e-02 3.138936455395466979e-02
2.803104838709677438e+01 3.022462381409139059e-02 3.142395142209938180e-02
2.815604838709677438e+01 3.025426006486216929e-02 3.145487471996955692e-02
2.828104838709677438e+01 3.028098791466445061e-02 3.148219728148805158e-02
2.840604838709677438e+01 3.030485348492042291e-02 3.150598137427864515e-02
2.853104838709677438e+01 3.032590214864794645e-02 3.152628869048884619e-02
2.865604838709677438e+01 3.034417854841189172e-02 3.154318033848554220e-02
2.878104838709677438e+01 3.035972661398931433e-02 3.155671683537840388e-02
2.890604838709677438e+01 3.037258957973421047e-02 3.156695810032800198e-02
2.903104838709677438e+01 3.038281000162797521e-02 3.157396344859731557e-02
2.915604838709677438e+01 3.039042977400340656e-02 3.157779158630795446e-02
2.928104838709677438e+01 3.039549014593384210e-02 3.157850060586352148e-02
2.940604838709677438e+01 3.039803173727723129e-02 3.157614798200518436e-02
2.953104838709677438e+01 3.039809455437037997e-02 3.157079056846555376e-02
2.965604838709677438e+01 3.039571800536681676e-02 3.156248459518869176e-02
2.978104838709677438e+01 3.039094091521475985e-02 3.155128566608610824e-02
2.990604838709677438e+01 3.038380154027194371e-02 3.153724875729934513e-02
3.003104838709677438e+01 3.037433758255629265e-02 3.152042821594167044e-02
3.015604838709677438e+01 3.036258620363023811e-02 3.150087775929241024e-02
3.028104838709677438e+01 3.034858403812024097e-02 3.147865047441905650e-02
3.040604838709677438e+01 3.033236720687177215e-02 3.145379881820287160e-02
3.053104838709677438e+01 3.031397132974077147e-02 3.142637461774563240e-02
3.065604838709677438e+01 3.029343153802485991e-02 3.139642907113561476e-02
3.078104838709677438e+01 3.027078248653714346e-02 3.136401274855205729e-02
3.090604838709677438e+01 3.024605836532517564e-02 3.132917559368892518e-02
3.103104838709677438e+01 3.021929291103972806e-02 3.129196692547851766e-02
3.115604838709677438e+01 3.019051941795837177e-02 3.125243544009786989e-02
3.128104838709677438e+01 3.015977074866717580e-02 3.121062921324020342e-02
3.140604838709677438e+01 3.012707934440716703e-02 3.116659570263585408e-02
3.153104838709677438e+01 3.009247723508944386e-02 3.112038175080690874e-02
3.165604838709677438e+01 3.005599604898705202e-02 3.107203358804108695e-02
3.178104838709677438e+01 3.001766702210709528e-02 3.102159683557063202e-02
3.190604838709677438e+01 2.997752100725046762e-02 3.096911650894316331e-02
3.203104838709677438e+01 2.993558848276620457e-02 3.091463702157176696e-02
3.215604838709677438e+01 2.989189956100534243e-02 3.085820218845207463e-02
3.228104838709677438e+01 2.984648399648246256e-02 3.079985523003515857e-02
3.240604838709677438e+01 2.979937119375108273e-02 3.073963877624505403e-02
3.253104838709677438e+01 2.975059021499929998e-02 3.067759487063058746e-02
3.265604838709677438e+01 2.970016978737284596e-02 3.061376497464167457e-02
3.278104838709677438e+01 2.964813831003354841e-02 3.054818997202064790e-02
3.290604838709677438e+01 2.959452386095733425e-02 3.048091017329960378e-02
3.303104838709677438e+01 2.953935420348306057e-02 3.041196532039533093e-02
3.315604838709677438e+01 2.948226516232192382e-02 3.034139459129354607e-02
3.328104838709677438e+01 2.942339775880648683e-02 3.026923660481504325e-02
3.340604838709677438e+01 2.936306795875483211e-02 3.019581872012582283e-02
3.353104838709677438e+01 2.930130263997179560e-02 3.012439396742570830e-02
3.365604838709677438e+01 2.923812837552770133e-02 3.005266523230222184e-02
3.378104838709677438e+01 2.917357143931505886e-02 2.998032725885036928e-02
3.390604838709677438e+01 2.910765781140542408e-02 2.990646333561406550e-02
3.403104838709677438e+01 2.904041318321285911e-02 2.983110823542863346e-02
3.415604838709677438e+01 2.897186296247212384e-02 2.975429631317625528e-02
3.428104838709677438e+01 2.890203227803212274e-02 2.967606150736909476e-02
3.440604838709677438e+01 2.883094598447568865e-02 2.959643734182314939e-02
3.453104838709677438e+01 2.875862866656830191e-02 2.951545692743027735e-02
3.465604838709677438e+01 2.868510464354091100e-02 2.943315296401597531e-02
3.478104838709677438e+01 2.861039797321487596e-02 2.934955774228588041e-02
3.490604838709677438e+01 2.853453245597071739e-02 2.926470314584639354e-02
3.503104838709677438e+01 2.845753163856942075e-02 2.917862065331089383e-02
3.515604838709677438e+01 2.837941881782884285e-02 2.909134134046588091e-02
3.528104838709677438e+01 2.830021704416164213e-02 2.900289588251859021e-02
3.540604838709677438e+01 2.821994912497920172e-02 2.891331455639781223e-02
3.553104838709677438e+01 2.813844197013737336e-02 2.882262724312383700e-02
3.565604838709677438e+01 2.805512684213481295e-02 2.873086343023228961e-02
3.578104838709677438e+01 2.797083157201463166e-02 2.863805221425387917e-02
3.590604838709677438e+01 2.788557852367301929e-02 2.854422230324452428e-02
3.603104838709677438e+01 2.779938979831017218e-02 2.844940201936412005e-02
3.615604838709677438e+01 2.771228723787200893e-02 2.835361930150017210e-02
3.628104838709677438e+01 2.762429242838463847e-02 2.825690170793656794e-02
3.640604838709677438e+01 2.753542670322581265e-02 2.815927641905769524e-02
3.653104838709677438e+01 2.744571114628140129e-02 2.806077024009269102e-02
3.665604838709677438e+01 2.735516659503820988e-02 2.796140960389390320e-02
3.678104838709677438e+01 2.726381364356852272e-02 2.786122057374759362e-02
3.690604838709677438e+01 2.717167264546502259e-02 2.776022884621383302e-02
3.703104838709677438e+01 2.707876371666695370e-02 2.765845975399479004e-02
3.715604838709677438e+01 2.698510673824313852e-02 2.755593826882771907e-02
3.728104838709677438e+01 2.689072135906341379e-02 2.745268900440354931e-02
3.740604838709677438e+01 2.679562699843498694e-02 2.734873621930280704e-02
3.753104838709677438e+01 2.669984284865481797e-02 2.724410381995660477e-02
3.765604838709677438e+01 2.660338787749337922e-02 2.713881536361888169e-02
3.778104838709677438e+01 2.650628083061938936e-02 2.703289406136203180e-02
3.790604838709677438e+01 2.640244804363901451e-02 2.692636278107850972e-02
3.803104838709677438e+01 2.629416616648192970e-02 2.681924405050210153e-02
3.815604838709677438e+01 2.618542687442670588e-02 2.671156006023648471e-02
3.828104838709677438e+01 2.607625067107868094e-02 2.660333266679295108e-02
3.840604838709677438e+01 2.596665770934059383e-02 2.649458339563959611e-02
3.853104838709677438e+01 2.585666779590652456e-02 2.638533344425251018e-02
3.865604838709677438e+01 2.574630039571827733e-02 2.627560368517618816e-02
3.878104838709677438e+01 2.563557463638474823e-02 2.616541466908546901e-02
3.890604838709677438e+01 2.552450931256296240e-02 2.605478662785088231e-02
3.903104838709677438e+01 2.541312289030096469e-02 2.594373947760740887e-02
3.915604838709677438e+01 2.530143351134179000e-02 2.583229282182101030e-02
3.928104838709677438e+01 2.518945899738856201e-02 2.572046595435550920e-02
3.940604838709677438e+01 2.507721685432991524e-02 2.561197373725333792e-02
3.953104838709677438e+01 2.496472427642621589e-02 2.550412343989429814e-02
3.965604838709677438e+01 2.485199815045567237e-02 2.539588509862751933e-02
3.978104838709677438e+01 2.473905505982052291e-02 2.528727509490065126e-02
3.990604838709677438e+01 2.462591128861302617e-02 2.517830960069205107e-02
4.003104838709677438e+01 2.451258282564148031e-02 2.506900458012962726e-02
4.015604838709677438e+01 2.439908536841552469e-02 2.495937579108918961e-02
4.028104838709677438e+01 2.428543432709122374e-02 2.484943878677369974e-02
4.040604838709677438e+01 2.417164482837565187e-02 2.473920891727436622e-02
4.053104838709677438e+01 2.405773171939123295e-02 2.462870133111472182e-02
4.065604838709677438e+01 2.394370957149936571e-02 2.451793097677745781e-02
4.078104838709677438e+01 2.382959268408381751e-02 2.440691260421671074e-02
4.090604838709677438e+01 2.371539508829374407e-02 2.429566076635533353e-02
4.103104838709677438e+01 2.360113055074655394e-02 2.418418982056786543e-02
4.115604838709677438e+01 2.348681257719040932e-02 2.407251393015123753e-02
4.128104838709677438e+01 2.337245441612691502e-02 2.396064706578194398e-02
4.140604838709677438e+01 2.325806906239362426e-02 2.384860300696221500e-02
4.153104838709677438e+01 2.314366926070704489e-02 2.373639534345461238e-02
4.165604838709677438e+01 2.302926750916593421e-02 2.362403747670677179e-02
4.178104838709677438e+01 2.291487606271501096e-02 2.351154262126528213e-02
4.190604838709677438e+01 2.280050693656960475e-02 2.339892380618107878e-02
4.203104838709677438e+01 2.268617190960118407e-02 2.328619387640518124e-02
4.215604838709677438e+01 2.257188252768408884e-02 2.317336549417687436e-02
4.228104838709677438e+01 2.245765010700342609e-02 2.306045114040389948e-02
4.240604838709677438e+01 2.234348573732495083e-02 2.294746311603423558e-02
4.253104838709677438e+01 2.222940028522649505e-02 2.283441354342231194e-02
4.265604838709677438e+01 2.211540439729151042e-02 2.272131436768780322e-02
4.278104838709677438e+01 2.200150850326506452e-02 2.260817735806803369e-02
4.290604838709677438e+01 2.188772281917251636e-02 2.249501410926561112e-02
4.303104838709677438e+01 2.177405735040082932e-02 2.238183604278845898e-02
4.315604838709677438e+01 2.166052189474327802e-02 2.226865440828747905e-02
4.328104838709677438e+01 2.154712604540742760e-02 2.215548028488609558e-02
4.340604838709677438e+01 2.143387919398702032e-02 2.204232458250793975e-02
4.353104838709677438e+01 2.132079053339767244e-02 2.192919804319825444e-02
4.365604838709677438e+01 2.120786906077715139e-02 2.181611124244197536e-02
4.378104838709677438e+01 2.109512358034980328e-02 2.170307459047726359e-02
4.390604838709677438e+01 2.098256270625670564e-02 2.159009833360639452e-02
4.403104838709677438e+01 2.087019486535007448e-02 2.147719255550113726e-02
4.415604838709677438e+01 2.075802829995402471e-02 2.136436717850669770e-02
4.428104838709677438e+01 2.064607107059062210e-02 2.125163196494134210e-02
4.440604838709677438e+01 2.053433105867260786e-02 2.114236538811546315e-02
4.453104838709677438e+01 2.042281596916205311e-02 2.103518046142010753e-02
4.465604838709677438e+01 2.031153333319631049e-02 2.092805366529580310e-02
4.478104838709677438e+01 2.020049051068070756e-02 2.082099181455262724e-02
4.490604838709677438e+01 2.008969469284904025e-02 2.071400165627890547e-02
4.503104838709677438e+01 1.997915290479147093e-02 2.060708987047004531e-02
4.515604838709677438e+01 1.986887200795077815e-02 2.050026307062820588e-02
4.528104838709677438e+01 1.975885870258691293e-02 2.039352780430695247e-02
4.540604838709677438e+01 1.964911953021029195e-02 2.028689055362949134e-02
4.553104838709677438e+01 1.953966087598427506e-02 2.018035773575968875e-02
4.565604838709677438e+01 1.943048897109657391e-02 2.007393570334052926e-02
4.578104838709677438e+01 1.932160989510113558e-02 1.996763074490726445e-02
4.590604838709677438e+01 1.921302957822921056e-02 1.986144908525181232e-02
4.603104838709677438e+01 1.910475380367149256e-02 1.975539688577266501e-02
4.615604838709677438e+01 1.899678820983026484e-02 1.964948024478684746e-02
4.628104838709677438e+01 1.888913829254309368e-02 1.954370519781753815e-02
4.640604838709677438e+01 1.878180940727754850e-02 1.943807771785542940e-02
4.653104838709677438e+01 1.867480677129748287e-02 1.933260371559735596e-02
4.665604838709677438e+01 1.856813546580124777e-02 1.922728903966198361e-02
4.678104838709677438e+01 1.846180043803255857e-02 1.912213947677734657e-02
4.690604838709677438e+01 1.835580650336333594e-02 1.901716075196265010e-02
4.703104838709677438e+01 1.825015834734973127e-02 1.891235852867381023e-02
4.715604838709677438e+01 1.814486052776130912e-02 1.880773840894718607e-02
4.728104838709677438e+01 1.803991747658359804e-02 1.870330593351302376e-02
4.740604838709677438e+01 1.793533350199476642e-02 1.859906658190791165e-02
4.753104838709677438e+01 1.783111279031572571e-02 1.849502577255988586e-02
4.765604838709677438e+01 1.772725940793539248e-02 1.839118886286691609e-02
4.778104838709677438e+01 1.762377730321007877e-02 1.828756114926833459e-02
4.790604838709677438e+01 1.752067030833823549e-02 1.818414786728972735e-02
4.803104838709677438e+01 1.741794214121007017e-02 1.808095419159975667e-02
4.815604838709677438e+01 1.731559640723322885e-02 1.797798523603613349e-02
4.828104838709677438e+01 1.721363660113398031e-02 1.787524605363914956e-02
4.840604838709677438e+01 1.711206610873461723e-02 1.777274163667165452e-02
4.853104838709677438e+01 1.701088820870731710e-02 1.767047691662760461e-02
4.865604838709677438e+01 1.691010607430488630e-02 1.756845676424952790e-02
4.878104838709677438e+01 1.680972277506819629e-02 1.746668598952419091e-02
4.890604838709677438e+01 1.670974127851104427e-02 1.736516934168661971e-02
4.903104838709677438e+01 1.661016445178259762e-02 1.726391150921526702e-02
4.915604838709677438e+01 1.651099506330763744e-02 1.716291711982389362e-02
4.928104838709677438e+01 1.641223578440466346e-02 1.706219074045221135e-02
4.940604838709677438e+01 1.631388919088287356e-02 1.696173687725989129e-02
4.953104838709677438e+01 1.621595776461710534e-02 1.686155997561014988e-02
4.965604838709677438e+01 1.611844389510221076e-02 1.676166442006324364e-02
4.978104838709677438e+01 1.602134988098625340e-02 1.666205453436230000e-02
4.990604838709677438e+01 1.592467793158316644e-02 1.656273458142259666e-02
5.003104838709677438e+01 1.582843016836507632e-02 1.646370876332564279e-02
5.015604838709677438e+01 1.573260862643462502e-02 1.636498122130847221e-02
5.028104838709677438e+01 1.563721525597721457e-02 1.626655603576031631e-02
5.040604838709677438e+01 1.554225192369382801e-02 1.616843722622210433e-02
5.053104838709677438e+01 1.544772041421437446e-02 1.607062875138179359e-02
5.065604838709677438e+01 1.535362243149205295e-02 1.597313450908433713e-02
5.078104838709677438e+01 1.525995960017866374e-02 1.587595833633601017e-02
5.090604838709677438e+01 1.516673346698123488e-02 1.577910400931549148e-02
5.103104838709677438e+01 1.507394550200058525e-02 1.568257524339461764e-02
5.115604838709677438e+01 1.498159710005117148e-02 1.558637569315484382e-02
5.128104838709677438e+01 1.488968958196340044e-02 1.549050895241507048e-02
5.140604838709677438e+01 1.479822419586794210e-02 1.539497855426519464e-02
5.153104838709677438e+01 1.470720211846271962e-02 1.529978797110115481e-02
5.165604838709677438e+01 1.461662445626248953e-02 1.520494061466610113e-02
5.178104838709677438e+01 1.452649224683127266e-02 1.511043983610281354e-02
5.190604838709677438e+01 1.443680645999801532e-02 1.501628892600506172e-02
5.203104838709677438e+01 1.434756799905563193e-02 1.492249111448368595e-02
5.215604838709677438e+01 1.425877770194368573e-02 1.482904957122979997e-02
5.228104838709677438e+01 1.417043634241437616e-02 1.473596740559207467e-02
5.240604838709677438e+01 1.408254463118307175e-02 1.464324766665788674e-02
5.253104838709677438e+01 1.399510321706264916e-02 1.455089334334160739e-02
5.265604838709677438e+01 1.390811268808238993e-02 1.445890736448123860e-02
5.278104838709677438e+01 1.382157357259126453e-02 1.436729259893894904e-02
5.290604838709677438e+01 1.373548634034603075e-02 1.427605185571413811e-02
5.303104838709677438e+01 1.364985140358455223e-02 1.418518788405926170e-02
5.315604838709677438e+01 1.356466911808372824e-02 1.409470337360675847e-02
5.328104838709677438e+01 1.347993978420322647e-02 1.400460095449777322e-02
5.340604838709677438e+01 1.339566364791458346e-02 1.391488319752704275e-02
5.353104838709677438e+01 1.331184090181586517e-02 1.382555261428492638e-02
5.365604838709677438e+01 1.322847168613244112e-02 1.373661165732092092e-02
5.378104838709677438e+01 1.314555608970350772e-02 1.364806272030005298e-02
5.390604838709677438e+01 1.306309415095528552e-02 1.355990813817487331e-02
5.403104838709677438e+01 1.298108585886018768e-02 1.347215018736415415e-02
5.415604838709677438e+01 1.289953115388284104e-02 1.338479108594189775e-02
5.428104838709677438e+01 1.281842992891268386e-02 1.329783299382521905e-02
5.440604838709677438e+01 1.273778203018373877e-02 1.321127801298135375e-02
5.453104838709677438e+01 1.265758725818112371e-02 1.312512818763366708e-02
5.465604838709677438e+01 1.257784536853511631e-02 1.303938550447794435e-02
5.478104838709677438e+01 1.249855607290240554e-02 1.295405189290572794e-02
5.490604838709677438e+01 1.241971903983509970e-02 1.286912922524279489e-02
5.503104838709677438e+01 1.234133389563736756e-02 1.278461931697546204e-02
5.515604838709677438e+01 1.226192273108079635e-02 1.270052392701035218e-02
5.528104838709677438e+01 1.218193171420705982e-02 1.261684475791431323e-02
5.540604838709677438e+01 1.210242106545914367e-02 1.253358345618938059e-02
5.553104838709677438e+01 1.202339049271182111e-02 1.245074161253001584e-02
5.565604838709677438e+01 1.194483965217543742e-02 1.236832076210195135e-02
5.578104838709677438e+01 1.186676814940773421e-02 1.228632238482731814e-02
5.590604838709677438e+01 1.178917554031957103e-02 1.220474790566711265e-02
5.603104838709677438e+01 1.171206133216175921e-02 1.212359869491939565e-02
5.615604838709677438e+01 1.163542498450696218e-02 1.204287606852718490e-02
5.628104838709677438e+01 1.155926591021141231e-02 1.196258128837904798e-02
5.640604838709677438e+01 1.148358347637271938e-02 1.188271556262940169e-02
5.653104838709677438e+01 1.140837700526742618e-02 1.180328004601819379e-02
5.665604838709677438e+01 1.133364577528474942e-02 1.172427584020411737e-02
5.678104838709677438e+01 1.125938902184163773e-02 1.164570399409168774e-02
5.690604838709677438e+01 1.118560593828879859e-02 1.156756550417622001e-02
5.703104838709677438e+01 1.111229567680942741e-02 1.148986131488833121e-02
5.715604838709677438e+01 1.103945734929629753e-02 1.141259231895049367e-02
5.728104838709677438e+01 1.096709002822789276e-02 1.133575935772813785e-02
5.740604838709677438e+01 1.089519274752683183e-02 1.125936322159587846e-02
5.753104838709677438e+01 1.082376450340888710e-02 1.118340465031177934e-02
5.765604838709677438e+01 1.075280425522097405e-02 1.110788433338210680e-02
5.778104838709677438e+01 1.068231092626763246e-02 1.103280291044647643e-02
5.790604838709677438e+01 1.061228340462762147e-02 1.095816097166467731e-02
5.803104838709677438e+01 1.054272054395744528e-02 1.088395905809882470e-02
5.815604838709677438e+01 1.047362116428604377e-02 1.081019766211400134e-02
5.828104838709677438e+01 1.040498405279860310e-02 1.073687722777175342e-02
5.840604838709677438e+01 1.033680796460844514e-02 1.066399815124130339e-02
5.853104838709677438e+01 1.026909162351980279e-02 1.059156078120066999e-02
5.865604838709677438e+01 1.020183372277948253e-02 1.051956541924911614e-02
5.878104838709677438e+01 1.013503292581801121e-02 1.044801232032710643e-02
5.890604838709677438e+01 1.006868786698163210e-02 1.037690169313297897e-02
5.903104838709677438e+01 1.000279715225177272e-02 1.030623370055061723e-02
5.915604838709677438e+01 9.937359359959058863e-03 1.023600846007200610e-02
5.928104838709677438e+01 9.872373041480760059e-03 1.016622604423633724e-02
5.940604838709677438e+01 9.807836721935244556e-03 1.009688648105546739e-02
5.953104838709677438e+01 9.743748900861062823e-03 1.002798975445965378e-02
5.965604838709677438e+01 9.680108052890165973e-03 9.959535804737303100e-03
5.978104838709677438e+01 9.616912628409683694e-03 9.896333371455375352e-03
5.990604838709677438e+01 9.554161054214247925e-03 9.833644858723586055e-03
6.003104838709677438e+01 9.491851734149899661e-03 9.771368296805946901e-03
6.015604838709677438e+01 9.429983049748123444e-03 9.709502251146766641e-03
6.028104838709677438e+01 9.368553360849799644e-03 9.648045271245702173e-03
6.040604838709677438e+01 9.307561006221740790e-03 9.586995891104661480e-03
6.053104838709677438e+01 9.247004304162973962e-03 9.526352629667722560e-03
6.065604838709677438e+01 9.186881553102077200e-03 9.466113991254557561e-03
6.078104838709677438e+01 9.127191032187013248e-03 9.406278465986945767e-03
6.090604838709677438e+01 9.067931001863999835e-03 9.346844530208847299e-03
6.103104838709677438e+01 9.009099704449000448e-03 9.287810646900205788e-03
6.115604838709677438e+01 8.950695364691754058e-03 9.229175266083905829e-03
6.128104838709677438e+01 8.892716190329021803e-03 9.170936825226839312e-03
6.140604838709677438e+01 8.835160372629767209e-03 9.113093749634530727e-03
6.153104838709677438e+01 8.778026086934769684e-03 9.055644452839623285e-03
6.165604838709677438e+01 8.721311493183574529e-03 8.998587336984342072e-03
6.178104838709677438e+01 8.665014736437536350e-03 8.941920793196946396e-03
6.190604838709677438e+01 8.609133947391959737e-03 8.885643201962271920e-03
6.203104838709677438e+01 8.553466323785110723e-03 8.829752933486405969e-03
6.215604838709677438e+01 8.496778345149953726e-03 8.774248348055674676e-03
6.228104838709677438e+01 8.440515793347209972e-03 8.719127796389771964e-03
6.240604838709677438e+01 8.384677027187325410e-03 8.664389619989458849e-03
6.253104838709677438e+01 8.329260384499256875e-03 8.610032151478609272e-03
6.265604838709677438e+01 8.274264182685210633e-03 8.556053714940843602e-03
6.278104838709677438e+01 8.219686719269295519e-03 8.502452626250683876e-03
6.290604838709677438e+01 8.165526272438791353e-03 8.449227193399426808e-03
6.303104838709677438e+01 8.111781101579671957e-03 8.396375716815682524e-03
6.315604838709677438e+01 8.058449447805924801e-03 8.343896489680948519e-03
6.328104838709677438e+01 8.005529534482476450e-03 8.291787798239629026e-03
6.340604838709677438e+01 7.953019567741404644e-03 8.240047922104472983e-03
6.353104838709677438e+01 7.900917736991688520e-03 8.188675134556636093e-03
6.365604838709677438e+01 7.849222215423900390e-03 8.137667702840986270e-03
6.378104838709677438e+01 7.797931160507621216e-03 8.087023888456505022e-03
6.390604838709677438e+01 7.747042714482664863e-03 8.036741947441878448e-03
6.403104838709677438e+01 7.696555004844461527e-03 7.986820130656354169e-03
6.415604838709677438e+01 7.646466144823649801e-03 7.937256684056009925e-03
6.428104838709677438e+01 7.596774233858414986e-03 7.888049848965052180e-03
6.440604838709677438e+01 7.547477358062393456e-03 7.839197862342999965e-03
6.453104838709677438e+01 7.498573590684437691e-03 7.790698957047142471e-03
6.465604838709677438e+01 7.450060992564662941e-03 7.742551362090441258e-03
6.478104838709677438e+01 7.401937612582566196e-03 7.694753302895393152e-03
6.490604838709677438e+01 7.354201488100631408e-03 7.647303001543124396e-03
6.503104838709677438e+01 7.306850645400856173e-03 7.600198677018527027e-03
6.515604838709677438e+01 7.259883100116011796e-03 7.553438545451155589e-03
6.528104838709677438e+01 7.213296857655466729e-03 7.507020820351749738e-03
6.540604838709677438e+01 7.167089913624012133e-03 7.460943712844959538e-03
6.553104838709677438e+01 7.121260254236599571e-03 7.415205431897654159e-03
6.565604838709677438e+01 7.075805856724617579e-03 7.369804184543555549e-03
6.578104838709677438e+01 7.030724689740321630e-03 7.324738176103713118e-03
6.590604838709677438e+01 6.986014713752144653e-03 7.280005610403223609e-03
6.603104838709677438e+01 6.941673881435928353e-03 7.235604689984007944e-03
6.615604838709677438e+01 6.897700138060209631e-03 7.191533616313798560e-03
6.628104838709677438e+01 6.854091421866768605e-03 7.147790589991437869e-03
6.640604838709677438e+01 6.810845664444453718e-03 7.104373810948411486e-03
6.653104838709677438e+01 6.767960791097858177e-03 7.061281478646796658e-03
6.665604838709677438e+01 6.725434721211809644e-03 7.018511792273650178e-03
6.678104838709677438e+01 6.683265368607821215e-03 6.976062950931623263e-03
6.690604838709677438e+01 6.641450641898121593e-03 6.933933153826376747e-03
6.703104838709677438e+01 6.599988444832742898e-03 6.892120600450287425e-03
6.715604838709677438e+01 6.558876676641470227e-03 6.850623490762892259e-03
6.728104838709677438e+01 6.518113232370429180e-03 6.809440025367994101e-03
6.740604838709677438e+01 6.477696003214408575e-03 6.768568405687224246e-03
6.753104838709677438e+01 6.437622876843055245e-03 6.728006834130537996e-03
6.765604838709677438e+01 6.397891737722581976e-03 6.687753514263428990e-03
6.778104838709677438e+01 6.358500467431150646e-03 6.647806650970896139e-03
6.790604838709677438e+01 6.319446944971491946e-03 6.608164450618423356e-03
6.803104838709677438e+01 6.280729047076812586e-03 6.568825121209528883e-03
6.815604838709677438e+01 6.242344648511677016e-03 6.529786872540586755e-03
6.828104838709677438e+01 6.204291622368988610e-03 6.491047916352507552e-03
6.840604838709677438e+01 6.166567840361337344e-03 6.452606466479280170e-03
6.853104838709677438e+01 6.129171173108476436e-03 6.414460738993993903e-03
6.865604838709677438e+01 6.092099490418043106e-03 6.376608952351344242e-03
6.878104838709677438e+01 6.055350661564644354e-03 6.339049327527774245e-03
6.890604838709677438e+01 6.018922555560265661e-03 6.301780088158731065e-03
6.903104838709677438e+01 5.982813041424312785e-03 6.264799460672758336e-03
6.915604838709677438e+01 5.947019988445598378e-03 6.228105674423434039e-03
6.928104838709677438e+01 5.911541266441839269e-03 6.191696961818057496e-03
6.940604838709677438e+01 5.876374746013077882e-03 6.155571558443926825e-03
6.953104838709677438e+01 5.841518298792467735e-03 6.119727703191990900e-03
6.965604838709677438e+01 5.806969797690890271e-03 6.084163638377878408e-03
6.978104838709677438e+01 5.772727117137982540e-03 6.048877609860202516e-03
6.990604838709677438e+01 5.738788133319049252e-03 6.013867867156580914e-03
7.003104838709677438e+01 5.705150724406446265e-03 5.979132663556980046e-03
7.015604838709677438e+01 5.671812770788905826e-03 5.944670256234734808e-03
7.028104838709677438e+01 5.638772155293935058e-03 5.910478906355066779e-03
7.040604838709677438e+01 5.606026763408487532e-03 5.876556879181126999e-03
7.053104838709677438e+01 5.573574483493252789e-03 5.842902444177872946e-03
7.065604838709677438e+01 5.541413206995075835e-03 5.809513875113441438e-03
7.078104838709677438e+01 5.509540828653471632e-03 5.776389450158337519e-03
7.090604838709677438e+01 5.477955246704171478e-03 5.743527451982434993e-03
7.103104838709677438e+01 5.446553770322643158e-03 5.710926167849420844e-03
7.115604838709677438e+01 5.415292346724617269e-03 5.678583889709425993e-03
7.128104838709677438e+01 5.384313277040292563e-03 5.646498914289285569e-03
7.140604838709677438e+01 5.353614522933497315e-03 5.614669543180650715e-03
7.153104838709677438e+01 5.323194049352295530e-03 5.583094082926160114e-03
7.165604838709677438e+01 5.293049824715873909e-03 5.551770845103309523e-03
7.178104838709677438e+01 5.263179821094246189e-03 5.520698146406394051e-03
7.190604838709677438e+01 5.233582014388304428e-03 5.489874308726500583e-03
7.203104838709677438e+01 5.204254384503973103e-03 5.459297659229330087e-03
7.215604838709677438e+01 5.175194915523784536e-03 5.428966530431316405e-03
7.228104838709677438e+01 5.146401595876063002e-03 5.398879260273469101e-03
7.240604838709677438e+01 5.117872418499867446e-03 5.369034192193621220e-03
7.253104838709677438e+01 5.089605381004542670e-03 5.339429675196702071e-03
7.265604838709677438e+01 5.061598485828757051e-03 5.310064063923001197e-03
7.278104838709677438e+01 5.033849740401207321e-03 5.280935718714976045e-03
7.290604838709677438e+01 5.006357157284343010e-03 5.252043005681817506e-03
7.303104838709677438e+01 4.979118754329129801e-03 5.223384296762591250e-03
7.315604838709677438e+01 4.952132554817962121e-03 5.194957969787427493e-03
7.328104838709677438e+01 4.925396587610026897e-03 5.166762408537155585e-03
7.340604838709677438e+01 4.898908887278699727e-03 5.138796002801156171e-03
7.353104838709677438e+01 4.872667494247926237e-03 5.111057148433479497e-03
7.365604838709677438e+01 4.846670454932919432e-03 5.083544247407459707e-03
7.378104838709677438e+01 4.820915821856439944e-03 5.056255707868587482e-03
7.390604838709677438e+01 4.795401653794899646e-03 5.029189944185941119e-03
7.403104838709677438e+01 4.770126015886163445e-03 5.002345377001900240e-03
7.415604838709677438e+01 4.745086979765406748e-03 4.975720433280307782e-03
7.428104838709677438e+01 4.720282623675251324e-03 4.949313546353257230e-03
7.440604838709677438e+01 4.695711032587140434e-03 4.923123155966234454e-03
7.453104838709677438e+01 4.671370298316180128e-03 4.897147708321814528e-03
7.465604838709677438e+01 4.647258519624579941e-03 4.871385656122045361e-03
7.478104838709677438e+01 4.623373802341184877e-03 4.845835458609067115e-03
7.490604838709677438e+01 4.599714259456360449e-03 4.820495581604718541e-03
7.503104838709677438e+01 4.576278011234378475e-03 4.795364497548464111e-03
7.515604838709677438e+01 4.553063185304479649e-03 4.770440685534049589e-03
7.528104838709677438e+01 4.530067916769815912e-03 4.745722631344903401e-03
7.540604838709677438e+01 4.507290348292654000e-03 4.721208827488007978e-03
7.553104838709677438e+01 4.484728630194685824e-03 4.696897773226588885e-03
7.565604838709677438e+01 4.462380920540962199e-03 4.672787974611633879e-03
7.578104838709677438e+01 4.440245385233094338e-03 4.648877944511845516e-03
7.590604838709677438e+01 4.418320198092746086e-03 4.625166202642671739e-03
7.603104838709677438e+01 4.396603540943882366e-03 4.601651275593847228e-03
7.615604838709677438e+01 4.375093603695660339e-03 4.578331696855961544e-03
7.628104838709677438e+01 4.353788584417665232e-03 4.555206006845603089e-03
7.640604838709677438e+01 4.332686689421118807e-03 4.532272752929553290e-03
7.653104838709677438e+01 4.311786133324184769e-03 4.509530489447717908e-03
7.665604838709677438e+01 4.291085139133024584e-03 4.486977777734818887e-03
7.678104838709677438e+01 4.270581938307644980e-03 4.464613186141357624e-03
7.690604838709677438e+01 4.250274770824017528e-03 4.442435290052912898e-03
7.703104838709677438e+01 4.230161885248310064e-03 4.420442671908998179e-03
7.715604838709677438e+01 4.210241538789903301e-03 4.398633921220274426e-03
7.728104838709677438e+01 4.190511997372109443e-03 4.377007634585055110e-03
7.740604838709677438e+01 4.170971535679826765e-03 4.355562415704864951e-03
7.753104838709677438e+01 4.151618437226500813e-03 4.334296875398603067e-03
7.765604838709677438e+01 4.132450994405129606e-03 4.313209631616211730e-03
7.778104838709677438e+01 4.113467508534393406e-03 4.292299309450861057e-03
7.790604838709677438e+01 4.094666289922407540e-03 4.271564541150647994e-03
7.803104838709677438e+01 4.076045657899811381e-03 4.251003966128971689e-03
7.815604838709677438e+01 4.057603940880805463e-03 4.230616230974246217e-03
7.828104838709677438e+01 4.039339476396644653e-03 4.210399989458649649e-03
7.840604838709677438e+01 4.021250611149168250e-03 4.190353902545751637e-03
7.853104838709677438e+01 4.003335701040970293e-03 4.170476638397693434e-03
7.865604838709677438e+01 3.985593111223291810e-03 4.150766872381013960e-03
7.878104838709677438e+01 3.968021216130474156e-03 4.131223287072062142e-03
7.890604838709677438e+01 3.950618399512232683e-03 4.111844572261298160e-03
7.903104838709677438e+01 3.933383054475846075e-03 4.092629424956911212e-03
7.915604838709677438e+01 3.916313583509059039e-03 4.073576549387482315e-03
7.928104838709677438e+01 3.899408398518252293e-03 4.054684657004061638e-03
7.940604838709677438e+01 3.882665920853706643e-03 4.035952466481365457e-03
7.953104838709677438e+01 3.866084581336450433e-03 4.017378703718162136e-03
7.965604838709677438e+01 3.849662820286314791e-03 3.998962101837029263e-03
7.978104838709677438e+01 3.833399087544634223e-03 3.980701401183153222e-03
7.990604838709677438e+01 3.817291842496407274e-03 3.962595349322810441e-03
8.003104838709677438e+01 3.801339554091991407e-03 3.944642701040652552e-03
8.015604838709677438e+01 3.785540700865886159e-03 3.926842218336682767e-03
8.028104838709677438e+01 3.769893770954810264e-03 3.909192670422364894e-03
8.040604838709677438e+01 3.754397262116260150e-03 3.891692833716070554e-03
8.053104838709677438e+01 3.739049681739215359e-03 3.874341491837936160e-03
8.065604838709677438e+01 3.723849546862669294e-03 3.857137435603977000e-03
8.078104838709677438e+01 3.708795384183211259e-03 3.840079463019791060e-03
8.090604838709677438e+01 3.693885730068112785e-03 3.823166379273259738e-03
8.103104838709677438e+01 3.679119130567615106e-03 3.806396996727043867e-03
8.115604838709677438e+01 3.664494141415092655e-03 3.789770134910194592e-03
8.128104838709677438e+01 3.650009328044057262e-03 3.773284620509266812e-03
8.140604838709677438e+01 3.635663265582111774e-03 3.756939287359086117e-03
8.153104838709677438e+01 3.621454538868099093e-03 3.740732976432454508e-03
8.165604838709677438e+01 3.607381742442291022e-03 3.724664535829824014e-03
8.178104838709677438e+01 3.593443480557177369e-03 3.708732820768039212e-03
8.190604838709677438e+01 3.579638367175089382e-03 3.692936693568823429e-03
8.203104838709677438e+01 3.565965025964251082e-03 3.677275023646670808e-03
8.215604838709677438e+01 3.552422090304627016e-03 3.661978812472292330e-03
8.228104838709677438e+01 3.539008203274372766e-03 3.647067876997174898e-03
8.240604838709677438e+01 3.525722017655435938e-03 3.632284697830724576e-03
8.253104838709677438e+01 3.512562195921235288e-03 3.617628138919604889e-03
8.265604838709677438e+01 3.499527410236404415e-03 3.603097072139781979e-03
8.278104838709677438e+01 3.486616342443400567e-03 3.588690377272079311e-03
8.290604838709677438e+01 3.473827684058658320e-03 3.574406941980351384e-03
8.303104838709677438e+01 3.461160136259822453e-03 3.560245661785706606e-03
8.315604838709677438e+01 3.448612409875668767e-03 3.546205440042299230e-03
8.328104838709677438e+01 3.436183225377534983e-03 3.532285187913208023e-03
8.340604838709677438e+01 3.423871312862333469e-03 3.518483824343427487e-03
8.353104838709677438e+01 3.411675412043281303e-03 3.504800276035074328e-03
8.365604838709677438e+01 3.399594272231148354e-03 3.491233477420553014e-03
8.378104838709677438e+01 3.387626652322538786e-03 3.477782370636268647e-03
8.390604838709677438e+01 3.375771320780774406e-03 3.464445905495387029e-03
8.403104838709677438e+01 3.364027055621690750e-03 3.451223039460573922e-03
8.415604838709677438e+01 3.352392644393482630e-03 3.438112737615551216e-03
8.428104838709677438e+01 3.340866884156859767e-03 3.425113972638234305e-03
8.440604838709677438e+01 3.329448581467866954e-03 3.412225724771285156e-03
8.453104838709677438e+01 3.318136552355604573e-03 3.399446981793852792e-03
8.465604838709677438e+01 3.306929622302753283e-03 3.386776738992400455e-03
8.478104838709677438e+01 3.295826626218254733e-03 3.374213999131011037e-03
8.490604838709677438e+01 3.284826408420545886e-03 3.361757772422290565e-03
8.503104838709677438e+01 3.273927822613317568e-03 3.349407076497212636e-03
8.515604838709677438e+01 3.263129731853651929e-03 3.337160936374307992e-03
8.528104838709677438e+01 3.252431008538711043e-03 3.325018384429974296e-03
8.540604838709677438e+01 3.241830534366421136e-03 3.312978460367394656e-03
8.553104838709677438e+01 3.231327200321158517e-03 3.301040211185653911e-03
8.565604838709677438e+01 3.220919906637800031e-03 3.289202691147962397e-03
8.578104838709677438e+01 3.210607562780025143e-03 3.277464961750795654e-03
8.590604838709677438e+01 3.200389087405141816e-03 3.265826091692021482e-03
8.603104838709677438e+01 3.190263408341598855e-03 3.254285156838679621e-03
8.615604838709677438e+01 3.180229462554804917e-03 3.242841240195162584e-03
8.628104838709677438e+01 3.170286196117247900e-03 3.231493431870548650e-03
8.640604838709677438e+01 3.160432564180035066e-03 3.220240829046483021e-03
8.653104838709677438e+01 3.150667530935307662e-03 3.209082535944046341e-03
8.665604838709677438e+01 3.140176049242272317e-03 3.198239293784378191e-03
8.678104838709677438e+01 3.128945273959112938e-03 3.188068026989273728e-03
8.690604838709677438e+01 3.117807489684233484e-03 3.177984524792022356e-03
8.703104838709677438e+01 3.106761878792668827e-03 3.167987830447249308e-03
8.715604838709677438e+01 3.095807629693887644e-03 3.158076995573851770e-03
8.728104838709677438e+01 3.084943936801887946e-03 3.148251080116155377e-03
8.740604838709677438e+01 3.074170000505097901e-03 3.138509152307037905e-03
8.753104838709677438e+01 3.063485027136215923e-03 3.128850288628412264e-03
8.765604838709677438e+01 3.052888228942064654e-03 3.119273573772690048e-03
8.778104838709677438e+01 3.042378824053164343e-03 3.109778100603787128e-03
8.790604838709677438e+01 3.031956036453793690e-03 3.100362970117446181e-03
8.803104838709677438e+01 3.021619095951351593e-03 3.091027291401580480e-03
8.815604838709677438e+01 3.011367238146142600e-03 3.081770181596199185e-03
8.828104838709677438e+01 3.001199704400970246e-03 3.072970012890810336e-03
8.840604838709677438e+01 2.991115741810566019e-03 3.065127652279420970e-03
8.853104838709677438e+01 2.981114603171347924e-03 3.057355637312403254e-03
8.865604838709677438e+01 2.971195546950802617e-03 3.049652923758945124e-03
8.878104838709677438e+01 2.961357837257019756e-03 3.042018478155387746e-03
8.890604838709677438e+01 2.951600743808200332e-03 3.034451277767337418e-03
8.903104838709677438e+01 2.941923541902147221e-03 3.026950310548103765e-03
8.915604838709677438e+01 2.932325512385629100e-03 3.019514575103443652e-03
8.928104838709677438e+01 2.922805941624067021e-03 3.012143080647368670e-03
8.940604838709677438e+01 2.913364121470787740e-03 3.004834846962303307e-03
8.953104838709677438e+01 2.903999349236607939e-03 2.997588904357856212e-03
8.965604838709677438e+01 2.894710927659416289e-03 2.990404293625378244e-03
8.978104838709677438e+01 2.885498164873346108e-03 2.983280065997962784e-03
8.990604838709677438e+01 2.876360374378677913e-03 2.976215283100495674e-03
9.003104838709677438e+01 2.867296875011074095e-03 2.969209016911260584e-03
9.015604838709677438e+01 2.858306990911294986e-03 2.962260349711490649e-03
9.028104838709677438e+01 2.849390051494644308e-03 2.955368374038671014e-03
9.040604838709677438e+01 2.840545391420653577e-03 2.948532192641985499e-03
9.053104838709677438e+01 2.831772350562632070e-03 2.941750918433017493e-03
9.065604838709677438e+01 2.823070273977372480e-03 2.935023674436640362e-03
9.078104838709677438e+01 2.814438511874841394e-03 2.928349593741793808e-03
9.090604838709677438e+01 2.805876419587923550e-03 2.921727819452442365e-03
9.103104838709677438e+01 2.797383357542085423e-03 2.915157504638573368e-03
9.115604838709677438e+01 2.788958691225252185e-03 2.908637812281440835e-03
9.128104838709677438e+01 2.780601791157672528e-03 2.902167915224628057e-03
9.140604838709677438e+01 2.772312032861854163e-03 2.895746996123045418e-03
9.153104838709677438e+01 2.764088796832393086e-03 2.889374247387202412e-03
9.165604838709677438e+01 2.755931468506093822e-03 2.883048871131556248e-03
9.178104838709677438e+01 2.747839438231927927e-03 2.876770079122747265e-03
9.190604838709677438e+01 2.739812101241234470e-03 2.870537092722142292e-03
9.203104838709677438e+01 2.731848857617849395e-03 2.864349142834064863e-03
9.215604838709677438e+01 2.723949112268338971e-03 2.858205469848614823e-03
9.228104838709677438e+01 2.716112274892272267e-03 2.852105323588486046e-03
9.240604838709677438e+01 2.708337759952685313e-03 2.846047963251204481e-03
9.253104838709677438e+01 2.700624986646320627e-03 2.840032657353928382e-03
9.265604838709677438e+01 2.692973378874270914e-03 2.834058683676425345e-03
9.278104838709677438e+01 2.685382365212526067e-03 2.828125329204189426e-03
9.290604838709677438e+01 2.677851378882637259e-03 2.822231890070486197e-03
9.303104838709677438e+01 2.670379857722287361e-03 2.816377671499645935e-03
9.315604838709677438e+01 2.662967244156259905e-03 2.810561987747985883e-03
9.328104838709677438e+01 2.655612985167143947e-03 2.804784162045915151e-03
9.340604838709677438e+01 2.648316532266479107e-03 2.799043526539956358e-03
9.353104838709677438e+01 2.641077341465556706e-03 2.793339422232038547e-03
9.365604838709677438e+01 2.633894873246787720e-03 2.787671198922549685e-03
9.378104838709677438e+01 2.626768592534588481e-03 2.782038215147239566e-03
9.390604838709677438e+01 2.619697968666946826e-03 2.776439838121396841e-03
9.403104838709677438e+01 2.612682475366619184e-03 2.770875443677307034e-03
9.415604838709677438e+01 2.605721590712694550e-03 2.765344416206213032e-03
9.428104838709677438e+01 2.598814797112056121e-03 2.759846148594258686e-03
9.440604838709677438e+01 2.591961581271066267e-03 2.754380042164720349e-03
9.453104838709677438e+01 2.585161434167280135e-03 2.748945506617052163e-03
9.465604838709677438e+01 2.578413851021242945e-03 2.743541959964009274e-03
9.478104838709677438e+01 2.571718331268523644e-03 2.738168828472145513e-03
9.490604838709677438e+01 2.565074378531579432e-03 2.732825546599136103e-03
9.503104838709677438e+01 2.558481500592039212e-03 2.727511556934621856e-03
9.515604838709677438e+01 2.551939209362706022e-03 2.722226310134659173e-03
9.528104838709677438e+01 2.545447020860019168e-03 2.716969264863781583e-03
9.540604838709677438e+01 2.539004455176484265e-03 2.711739887729979707e-03
9.553104838709677438e+01 2.532611036453086793e-03 2.706537653225884587e-03
9.565604838709677438e+01 2.526266292852009671e-03 2.701362043662258391e-03
9.578104838709677438e+01 2.519969756529229395e-03 2.696212549110285368e-03
9.590604838709677438e+01 2.513720963607459988e-03 2.691088667338755337e-03
9.603104838709677438e+01 2.507519454149007617e-03 2.685989903747573911e-03
9.615604838709677438e+01 2.501364772128937455e-03 2.680915771310069928e-03
9.628104838709677438e+01 2.495256465407979032e-03 2.675865790507723010e-03
9.640604838709677438e+01 2.489194085706057397e-03 2.670839489269806900e-03
9.653104838709677438e+01 2.483177188575400995e-03 2.665836402909385963e-03
9.665604838709677438e+01 2.477205333374189484e-03 2.660856074060240651e-03
9.678104838709677438e+01 2.471278083240118720e-03 2.655898052618104604e-03
9.690604838709677438e+01 2.465395005063936683e-03 2.650961895673333100e-03
9.703104838709677438e+01 2.459555669463482468e-03 2.646047167450960545e-03
9.715604838709677438e+01 2.453759650757352320e-03 2.641153439248194491e-03
9.728104838709677438e+01 2.448006526939173252e-03 2.636280289371269528e-03
9.740604838709677438e+01 2.442295879651504992e-03 2.631427303074175984e-03
9.753104838709677438e+01 2.436627294160343023e-03 2.626594072494462580e-03
9.765604838709677438e+01 2.431000359329225230e-03 2.621780196593645213e-03
9.778104838709677438e+01 2.425414667594032875e-03 2.616985281092383368e-03
9.790604838709677438e+01 2.419869814937180511e-03 2.612208938408868818e-03
9.803104838709677438e+01 2.414365400862746557e-03 2.607450787597864836e-03
9.815604838709677438e+01 2.408901028371065230e-03 2.602710454288678123e-03
9.828104838709677438e+01 2.403476303933671943e-03 2.597987570620661785e-03
9.840604838709677438e+01 2.398090837468598666e-03 2.593281775185077385e-03
9.853104838709677438e+01 2.392744242315122428e-03 2.588592712961692958e-03
9.865604838709677438e+01 2.387436135209607558e-03 2.583920035255872841e-03
9.878104838709677438e+01 2.382166136260451504e-03 2.579263399639961356e-03
9.890604838709677438e+01 2.376933868923993432e-03 2.574622469888691260e-03
9.903104838709677438e+01 2.371738959979841684e-03 2.569996915921224454e-03
9.915604838709677438e+01 2.366581039506966255e-03 2.565386413737017531e-03
9.928104838709677438e+01 2.361459740859295567e-03 2.560790645357202428e-03
9.940604838709677438e+01 2.356374700641996299e-03 2.556209298764392391e-03
9.953104838709677438e+01 2.351325558687471749e-03 2.551642067838034468e-03
9.965604838709677438e+01 2.346311958031557527e-03 2.547088652298447331e-03
9.978104838709677438e+01 2.341333544890154394e-03 2.542548757643736321e-03
9.990604838709677438e+01 2.336389968635315100e-03 2.538022095091271683e-03
1.000310483870967744e+02 2.331480881772320015e-03 2.533508381517113328e-03
1.001560483870967744e+02 2.326605939916021569e-03 2.529007339395065220e-03
1.002810483870967744e+02 2.321764801768016594e-03 2.524518696741094841e-03
1.004060483870967744e+02 2.316957129093399730e-03 2.520042187049390849e-03
1.005310483870967744e+02 2.312182586697943999e-03 2.515577549234509179e-03
1.006560483870967744e+02 2.307440842405416703e-03 2.511124527574928617e-03
1.007810483870967744e+02 2.302731567034709687e-03 2.506682871650748635e-03
1.009060483870967744e+02 2.298054434377564195e-03 2.502252336287300472e-03
1.010310483870967744e+02 2.293409121175898034e-03 2.497832681497992331e-03
1.011560483870967744e+02 2.288795307099765475e-03 2.493423672422614805e-03
1.012810483870967744e+02 2.284212674724917305e-03 2.489025079273297306e-03
1.014060483870967744e+02 2.279660909511018341e-03 2.484636677273398524e-03
1.015310483870967744e+02 2.275139699779502814e-03 2.480258246603672754e-03
1.016560483870967744e+02 2.270648736691939333e-03 2.475889572342680842e-03
1.017810483870967744e+02 2.266187714228188980e-03 2.471530444410376549e-03
1.019060483870967744e+02 2.261756329164940713e-03 2.467180657513805362e-03
1.020310483870967744e+02 2.257354281054265843e-03 2.462840011086181013e-03
1.021560483870967744e+02 2.252981272202217184e-03 2.458508309235530286e-03
1.022810483870967744e+02 2.248637007647726581e-03 2.454185360685995181e-03
1.024060483870967744e+02 2.244321195141450818e-03 2.449870978722274925e-03
1.025310483870967744e+02 2.240033545124836111e-03 2.445564981136827062e-03
1.026560483870967744e+02 2.235773770709257625e-03 2.441267190170734198e-03
1.027810483870967744e+02 2.231541587655385371e-03 2.436977432464041034e-03
1.029060483870967744e+02 2.227336714352410457e-03 2.432695538997507560e-03
1.030310483870967744e+02 2.223158871797793930e-03 2.428421345038679104e-03
1.031560483870967744e+02 2.219007783576708998e-03 2.424154690089920516e-03
1.032810483870967744e+02 2.214883175841856223e-03 2.419895417833690422e-03
1.034060483870967744e+02 2.210784777293452186e-03 2.415643376078359297e-03
1.035310483870967744e+02 2.206712319159032966e-03 2.411398416707226378e-03
1.036560483870967744e+02 2.202665535173785414e-03 2.407160395624380680e-03
1.037810483870967744e+02 2.198644161560596097e-03 2.402929172702144515e-03
1.039060483870967744e+02 2.194647937010522215e-03 2.398704611730497187e-03
1.040310483870967744e+02 2.190676602663186624e-03 2.394486580362288099e-03
1.041560483870967744e+02 2.186729902087507227e-03 2.390274950065664553e-03
1.042810483870967744e+02 2.182807581262203016e-03 2.386069596069178168e-03
1.044060483870967744e+02 2.178909388556808831e-03 2.381870397312763326e-03
1.045310483870967744e+02 2.175035074712530075e-03 2.377677236398760725e-03
1.046560483870967744e+02 2.171184392823256176e-03 2.373489999537257544e-03
1.047810483870967744e+02 2.167357098316884979e-03 2.369308576500529697e-03
1.049060483870967744e+02 2.163552948936468476e-03 2.365132860569843943e-03
1.050310483870967744e+02 2.159771704721745369e-03 2.360962748489775238e-03
1.051560483870967744e+02 2.156013127990553079e-03 2.356798140416226615e-03
1.052810483870967744e+02 2.152276983320572813e-03 2.352638939868303188e-03
1.054060483870967744e+02 2.148563037531026065e-03 2.348485053681742627e-03
1.055310483870967744e+02 2.144871059664587958e-03 2.344336391959673301e-03
1.056560483870967744e+02 2.141200820969309682e-03 2.340192868024150007e-03
1.057810483870967744e+02 2.137552094880856238e-03 2.336054398368933496e-03
1.059060483870967744e+02 2.133924657004557680e-03 2.331920902615421988e-03
1.060310483870967744e+02 2.130318285097781289e-03 2.327792303461448647e-03
1.061560483870967744e+02 2.126732759052547047e-03 2.323668526637351437e-03
1.062810483870967744e+02 2.123167860877810467e-03 2.319549500861472265e-03
1.064060483870967744e+02 2.119623374682349983e-03 2.315435157791104204e-03
1.065310483870967744e+02 2.116099086657435759e-03 2.311325431978866231e-03
1.066560483870967744e+02 2.112594785059760012e-03 2.307220260827269089e-03
1.067810483870967744e+02 2.109110260194401593e-03 2.303119584545355002e-03
1.069060483870967744e+02 2.105645304398073327e-03 2.299023346102242217e-03
1.070310483870967744e+02 2.102199712022129099e-03 2.294931491184614303e-03
1.071560483870967744e+02 2.098773279416142092e-03 2.290843968152924456e-03
1.072810483870967744e+02 2.095365804911144322e-03 2.286760727996782743e-03
1.074060483870967744e+02 2.091977088803301157e-03 2.282681724293130626e-03
1.075310483870967744e+02 2.088606933337588002e-03 2.278606913164037302e-03
1.076560483870967744e+02 2.085255142691436626e-03 2.274536253232980771e-03
1.077810483870967744e+02 2.081921522958866781e-03 2.270469705583011942e-03
1.079060483870967744e+02 2.078605882134093932e-03 2.266407233717835246e-03
1.080310483870967744e+02 2.075308030096059859e-03 2.262348803516196251e-03
1.081560483870967744e+02 2.072027778592294527e-03 2.258294383193842642e-03
1.082810483870967744e+02 2.068764941223468802e-03 2.254243943262046121e-03
1.084060483870967744e+02 2.065519333427595031e-03 2.250197456488053308e-03
1.085310483870967744e+02 2.062290772464774914e-03 2.246154897854011831e-03
1.086560483870967744e+02 2.059079077401641637e-03 2.242116244517037855e-03
1.087810483870967744e+02 2.055884069096201427e-03 2.238081475773553205e-03
1.089060483870967744e+02 2.052705570182665560e-03 2.234050573015274998e-03
1.090310483870967744e+02 2.049543405056320974e-03 2.230023519693362377e-03
1.091560483870967744e+02 2.046397399858697948e-03 2.226000301281485117e-03
1.092810483870967744e+02 2.043267382462544794e-03 2.221980905234662539e-03
1.094060483870967744e+02 2.040153182457331207e-03 2.217965320954112807e-03
1.095310483870967744e+02 2.037054631134314030e-03 2.213953539748899062e-03
1.096560483870967744e+02 2.033971561472243568e-03 2.209945554801640878e-03
1.097810483870967744e+02 2.030903808122806655e-03 2.205941361127221334e-03
1.099060483870967744e+02 2.027851207396251000e-03 2.201940955540421848e-03
1.100310483870967744e+02 2.024813597247224640e-03 2.197944336619812606e-03
1.101560483870967744e+02 2.021790817260601947e-03 2.193951504670211411e-03
1.102810483870967744e+02 2.018782708637469232e-03 2.189962461688678332e-03
1.104060483870967744e+02 2.015789114181098206e-03 2.185977211330784441e-03
1.105310483870967744e+02 2.012809878283288931e-03 2.181995758874610229e-03
1.106560483870967744e+02 2.009844846910330707e-03 2.178018111186380296e-03
1.107810483870967744e+02 2.006893867589711923e-03 2.174044276688755651e-03
1.109060483870967744e+02 2.003956789396245299e-03 2.170074265324413616e-03
1.110310483870967744e+02 2.001033462938834988e-03 2.166108088525071310e-03
1.111560483870967744e+02 1.998123740347079735e-03 2.162145759177518892e-03
1.112810483870967744e+02 1.995227475257855231e-03 2.158187291592413622e-03
1.114060483870967744e+02 1.992344522802416435e-03 2.154232701471200852e-03
1.115310483870967744e+02 1.989474739593067969e-03 2.150282005872950451e-03
1.116560483870967744e+02 1.986617983710407820e-03 2.146335223186546584e-03
1.117810483870967744e+02 1.983774114690250567e-03 2.142392373095568670e-03
1.119060483870967744e+02 1.980942993511044560e-03 2.138453476548937693e-03
1.120310483870967744e+02 1.978124482580936525e-03 2.134518555732249027e-03
1.121560483870967744e+02 1.975318445725442445e-03 2.130587634033854257e-03
1.122810483870967744e+02 1.972524748174671327e-03 2.126660736019120486e-03
1.124060483870967744e+02 1.969743256551132263e-03 2.122737887396570263e-03
1.125310483870967744e+02 1.966973838857299494e-03 2.118819114992962285e-03
1.126560483870967744e+02 1.964216364463300651e-03 2.114904446720877219e-03
1.127810483870967744e+02 1.961470704094967106e-03 2.110993911551745355e-03
1.129060483870967744e+02 1.958736729821567747e-03 2.107087539487697680e-03
1.130310483870967744e+02 1.956014315044063596e-03 2.103185361533685838e-03
1.131560483870967744e+02 1.953303334483002911e-03 2.099287409668040838e-03
1.132810483870967744e+02 1.950603664166882922e-03 2.095393716818219881e-03
1.134060483870967744e+02 1.947915181420411179e-03 2.091504316830599623e-03
1.135310483870967744e+02 1.945237764852854930e-03 2.087619244446142774e-03
1.136560483870967744e+02 1.942571294346589128e-03 2.083738535272483365e-03
1.137810483870967744e+02 1.939915651045560517e-03 2.079862225759042567e-03
1.139060483870967744e+02 1.937270717344048146e-03 2.075990353170880775e-03
1.140310483870967744e+02 1.934636376875228285e-03 2.072122955562046617e-03
1.141560483870967744e+02 1.932012514500202087e-03 2.068260071752289590e-03
1.142810483870967744e+02 1.929399016296687135e-03 2.064401741300886124e-03
1.144060483870967744e+02 1.926795769548173692e-03 2.060548004481896778e-03
1.145310483870967744e+02 1.924202662732869525e-03 2.056698902261934470e-03
1.146560483870967744e+02 1.921619585512919243e-03 2.052854476272942749e-03
1.147810483870967744e+02 1.919046428723587220e-03 2.049014768791541756e-03
1.149060483870967744e+02 1.916483084362653223e-03 2.045179822714643207e-03
1.150310483870967744e+02 1.913929445579748423e-03 2.041349681534734058e-03
1.151560483870967744e+02 1.911385406665787236e-03 2.037524389319588913e-03
1.152810483870967744e+02 1.908850863042684106e-03 2.033703990687778327e-03
1.154060483870967744e+02 1.906325711252783829e-03 2.029888530788692604e-03
1.155310483870967744e+02 1.903809848948787801e-03 2.026078055277753028e-03
1.156560483870967744e+02 1.901303174883391860e-03 2.022272610297093116e-03
1.157810483870967744e+02 1.898805588899278238e-03 2.018472242453921844e-03
1.159060483870967744e+02 1.896316991918982169e-03 2.014676998797388079e-03
1.160310483870967744e+02 1.893837285934971224e-03 2.010886926800110105e-03
1.161560483870967744e+02 1.891366373999782543e-03 2.007102074337376724e-03
1.162810483870967744e+02 1.888904160216142497e-03 2.003322489665912941e-03
1.164060483870967744e+02 1.886450549727335937e-03 1.999548221403742859e-03
1.165310483870967744e+02 1.884005448707386579e-03 1.995779318511957303e-03
1.166560483870967744e+02 1.881568764351660870e-03 1.992015830274905010e-03
1.167810483870967744e+02 1.879140404867204279e-03 1.988257806279746312e-03
1.169060483870967744e+02 1.876720279463435590e-03 1.984505296398111473e-03
1.170310483870967744e+02 1.874308298342644303e-03 1.980758350769310731e-03
1.171560483870967744e+02 1.871904372690885287e-03 1.977017019779607390e-03
1.172810483870967744e+02 1.869508414668598914e-03 1.973281354044315473e-03
1.174060483870967744e+02 1.867120337401559924e-03 1.969551404392806942e-03
1.175310483870967744e+02 1.864740054971838644e-03 1.965827221847196282e-03
1.176560483870967744e+02 1.862367482408680682e-03 1.962108857606579236e-03
1.177810483870967744e+02 1.860002535679756335e-03 1.958396363031730380e-03
1.179060483870967744e+02 1.857645131682170809e-03 1.954689789625067928e-03
1.180310483870967744e+02 1.855295188233735968e-03 1.950989189016481048e-03
1.181560483870967744e+02 1.852952624064256593e-03 1.947294612945895016e-03
1.182810483870967744e+02 1.850617358806916184e-03 1.943606113249012231e-03
1.184060483870967744e+02 1.848289312989637818e-03 1.939923741838490241e-03
1.185310483870967744e+02 1.845968408026697630e-03 1.936333731752495121e-03
1.186560483870967744e+02 1.843654566210135111e-03 1.933449005506958449e-03
1.187810483870967744e+02 1.841347710701514255e-03 1.930568659319110720e-03
1.189060483870967744e+02 1.839047765523574773e-03 1.927692673757752878e-03
1.190310483870967744e+02 1.836754655551997573e-03 1.924821030070798236e-03
1.191560483870967744e+02 1.834468306507278015e-03 1.921953710173856904e-03
1.192810483870967744e+02 1.832188644946557100e-03 1.919090696638331255e-03
1.194060483870967744e+02 1.829915598255681857e-03 1.916231972679195879e-03
1.195310483870967744e+02 1.827649094641120879e-03 1.913377522143925712e-03
1.196560483870967744e+02 1.825389063122218351e-03 1.910527329500401545e-03
1.197810483870967744e+02 1.823135433523189819e-03 1.907681379826090332e-03
1.199060483870967744e+02 1.820888136465510874e-03 1.904839658796551351e-03
1.200310483870967744e+02 1.818647103360021338e-03 1.902002152674273907e-03
1.201560483870967744e+02 1.816412266399480271e-03 1.899168848298337514e-03
1.202810483870967744e+02 1.814183558550842542e-03 1.896339733070850041e-03
1.204060483870967744e+02 1.811960913547774150e-03 1.893514794950230647e-03
1.205310483870967744e+02 1.809744265883242139e-03 1.890694022437336549e-03
1.206560483870967744e+02 1.807533550802036416e-03 1.887877404566902810e-03
1.207810483870967744e+02 1.805328704293498879e-03 1.885064930895358291e-03
1.209060483870967744e+02 1.803129663084197028e-03 1.882256591492669200e-03
1.210310483870967744e+02 1.800936364630784060e-03 1.879452376929942976e-03
1.211560483870967744e+02 1.798748747112762034e-03 1.876652278270125613e-03
1.212810483870967744e+02 1.796566749425459282e-03 1.873856287058944456e-03
1.214060483870967744e+02 1.794390311172886160e-03 1.871064395314515254e-03
1.215310483870967744e+02 1.792102068456085696e-03 1.868276595516971767e-03
1.216560483870967744e+02 1.789719866699696982e-03 1.865492880599424388e-03
1.217810483870967744e+02 1.787343392607394343e-03 1.862713243938498740e-03
1.219060483870967744e+02 1.784972601678658189e-03 1.859937679344991594e-03
1.220310483870967744e+02 1.782607449994704548e-03 1.857166181054325767e-03
1.221560483870967744e+02 1.780247894211453574e-03 1.854398743717039283e-03
1.222810483870967744e+02 1.777893891552504357e-03 1.851635362390033042e-03
1.224060483870967744e+02 1.775545399802050959e-03 1.848876032528661787e-03
1.225310483870967744e+02 1.773202377298109837e-03 1.846120749976129516e-03
1.226560483870967744e+02 1.770864782925637981e-03 1.843369510955700143e-03
1.227810483870967744e+02 1.768532576109789825e-03 1.840622312062326592e-03
1.229060483870967744e+02 1.766205716809127104e-03 1.837879150253025895e-03
1.230310483870967744e+02 1.763884165509109090e-03 1.835140022838591557e-03
1.231560483870967744e+02 1.761567883215491969e-03 1.832404927477036729e-03
1.232810483870967744e+02 1.759256831447750984e-03 1.829673862163552116e-03
1.234060483870967744e+02 1.756950972232752166e-03 1.826946825222864083e-03
1.235310483870967744e+02 1.754650268098314559e-03 1.824223815300684420e-03
1.236560483870967744e+02 1.752354682066868501e-03 1.821504831357249367e-03
1.237810483870967744e+02 1.750064177649306467e-03 1.818789872658120154e-03
1.239060483870967744e+02 1.747778718838736110e-03 1.816078938766926007e-03
1.240310483870967744e+02 1.745498270104316792e-03 1.813372029537634001e-03
1.241560483870967744e+02 1.743222796385316201e-03 1.810669145106830625e-03
1.242810483870967744e+02 1.740952263085004774e-03 1.807970285887125494e-03
1.244060483870967744e+02 1.738686636064734874e-03 1.805275452558762449e-03
1.245310483870967744e+02 1.736425881638121657e-03 1.802584646063255715e-03
1.246560483870967744e+02 1.734169966565194667e-03 1.799897867595284199e-03
1.247810483870967744e+02 1.731918858046576325e-03 1.797215118596502204e-03
1.249060483870967744e+02 1.729672523717874864e-03 1.794536400747659237e-03
1.250310483870967744e+02 1.727430931644011788e-03 1.791861715962801260e-03
1.251560483870967744e+02 1.725194050313606569e-03 1.789191066381760637e-03
1.252810483870967744e+02 1.722961848633474758e-03 1.786524454363754575e-03
1.254060483870967744e+02 1.720734295923192657e-03 1.783861882480266029e-03
1.255310483870967744e+02 1.718511361909617983e-03 1.781203353509193139e-03
1.256560483870967744e+02 1.716293016721553424e-03 1.778548870428063849e-03
1.257810483870967744e+02 1.714079230884517965e-03 1.775898436408178838e-03
1.259060483870967744e+02 1.711869975315431043e-03 1.773252054806936234e-03
1.260310483870967744e+02 1.709665221317398405e-03 1.770609729163248255e-03
1.261560483870967744e+02 1.707464940574658857e-03 1.767971463190971381e-03
1.262810483870967744e+02 1.705269105147483961e-03 1.765337260772480718e-03
1.264060483870967744e+02 1.702922410785080373e-03 1.762707125953494238e-03
1.265310483870967744e+02 1.700491185362036856e-03 1.760081062936386500e-03
1.266560483870967744e+02 1.698065386049377266e-03 1.757459076075005514e-03
1.267810483870967744e+02 1.695644996250526143e-03 1.754841169868213719e-03
1.269060483870967744e+02 1.693229999564013462e-03 1.752227348955628147e-03
1.270310483870967744e+02 1.690820379779401717e-03 1.749617618111544773e-03
1.271560483870967744e+02 1.688416120873465409e-03 1.747011982238886067e-03
1.272810483870967744e+02 1.686017207006312857e-03 1.744410446364114782e-03
1.274060483870967744e+02 1.683623622517087552e-03 1.741813015632698520e-03
1.275310483870967744e+02 1.681235351920971205e-03 1.739219695303369532e-03
1.276560483870967744e+02 1.678852379904831544e-03 1.736630490742014374e-03
1.277810483870967744e+02 1.676474691323684560e-03 1.734045407418974023e-03
1.279060483870967744e+02 1.674102271197144181e-03 1.731464450901798154e-03
1.280310483870967744e+02 1.671643048572142836e-03 1.728887626851331825e-03
1.281560483870967744e+02 1.668995523502296574e-03 1.726314941017274580e-03
1.282810483870967744e+02 1.666354228624838127e-03 1.723746399232626734e-03
1.284060483870967744e+02 1.663719166865924208e-03 1.721182007409583501e-03
1.285310483870967744e+02 1.661090341090229244e-03 1.718794126108770829e-03
1.286560483870967744e+02 1.658467754098104114e-03 1.716880793091735136e-03
1.287810483870967744e+02 1.655851408622317908e-03 1.714969966424169422e-03
1.289060483870967744e+02 1.653241307325665956e-03 1.713061616403594714e-03
1.290310483870967744e+02 1.650637452797900457e-03 1.711155713735144999e-03
1.291560483870967744e+02 1.648039847553006958e-03 1.709252229527254054e-03
1.292810483870967744e+02 1.645448494026546544e-03 1.707351135287424673e-03
1.294060483870967744e+02 1.642863394573020139e-03 1.705452402917948451e-03
1.295310483870967744e+02 1.640284551463428407e-03 1.703556004711806850e-03
1.296560483870967744e+02 1.637711966882741434e-03 1.701661913348484012e-03
1.297810483870967744e+02 1.635145642927301416e-03 1.699770101889881268e-03
1.299060483870967744e+02 1.632585581602692638e-03 1.697880543776186324e-03
1.300310483870967744e+02 1.630031784821307436e-03 1.695993212821906388e-03
1.301560483870967744e+02 1.627484254400134861e-03 1.694108083211842307e-03
1.302810483870967744e+02 1.624942992058400369e-03 1.692225129497143587e-03
1.304060483870967744e+02 1.622233433605453894e-03 1.690344326591350843e-03
1.305310483870967744e+02 1.619359881484120625e-03 1.688465649766491801e-03
1.306560483870967744e+02 1.616496235775542571e-03 1.686589074649288761e-03
1.307810483870967744e+02 1.613642511717105739e-03 1.684714577217281484e-03
1.309060483870967744e+02 1.610798723992804167e-03 1.682842133795047889e-03
1.310310483870967744e+02 1.607964886734523620e-03 1.680971721050495424e-03
1.311560483870967744e+02 1.605141013521177266e-03 1.679103315991008032e-03
1.312810483870967744e+02 1.602327117379297649e-03 1.677236895959944175e-03
1.314060483870967744e+02 1.599523210784652366e-03 1.675372438632847334e-03
1.315310483870967744e+02 1.596729305661521124e-03 1.673509922013896546e-03
1.316560483870967744e+02 1.593945413383832414e-03 1.671649324432242234e-03
1.317810483870967744e+02 1.591171544777007958e-03 1.669790624538541966e-03
1.319060483870967744e+02 1.588407710116799144e-03 1.667933801301383235e-03
1.320310483870967744e+02 1.585653919132335365e-03 1.666078834003808812e-03
1.321560483870967744e+02 1.582910181005059121e-03 1.664225702239846864e-03
1.322810483870967744e+02 1.580176504371624954e-03 1.662374385911079885e-03
1.324060483870967744e+02 1.577452897323905305e-03 1.660524865223276950e-03
1.325310483870967744e+02 1.574739367410059104e-03 1.658677120683016209e-03
1.326560483870967744e+02 1.572035921636862803e-03 1.656831133094319956e-03
1.327810483870967744e+02 1.569342566470354394e-03 1.654986883555405490e-03
1.329060483870967744e+02 1.566659307836608611e-03 1.653144353455340138e-03
1.330310483870967744e+02 1.563986151124609853e-03 1.651303524470890344e-03
1.331560483870967744e+02 1.561323101186590668e-03 1.649464378563238708e-03
1.332810483870967744e+02 1.558670162339761056e-03 1.647626897974814857e-03
1.334060483870967744e+02 1.556027338368928771e-03 1.645791065226126547e-03
1.335310483870967744e+02 1.553394632526840409e-03 1.643956863112699604e-03
1.336560483870967744e+02 1.550772047536934416e-03 1.642124274701914658e-03
1.337810483870967744e+02 1.548159585594450225e-03 1.640293283329957285e-03
1.339060483870967744e+02 1.545557248369106235e-03 1.638463872598787873e-03
1.340310483870967744e+02 1.542965037005969344e-03 1.636636026373128848e-03
1.341560483870967744e+02 1.540382952128277125e-03 1.634809728777474437e-03
1.342810483870967744e+02 1.537810993839501495e-03 1.632984964193148151e-03
1.344060483870967744e+02 1.535249161724223455e-03 1.631161717255368709e-03
1.345310483870967744e+02 1.532697454852083698e-03 1.629339972850349589e-03
1.346560483870967744e+02 1.530155871778789622e-03 1.627519716112410487e-03
1.347810483870967744e+02 1.527624410548143871e-03 1.625700932421180519e-03
1.349060483870967744e+02 1.525103068695159896e-03 1.623883607398713584e-03
1.350310483870967744e+02 1.522591843247559674e-03 1.622067726906753363e-03
1.351560483870967744e+02 1.520090730729266358e-03 1.620253277043925228e-03
1.352810483870967744e+02 1.517599727161350566e-03 1.618440244143025744e-03
1.354060483870967744e+02 1.515118828065546014e-03 1.616628614768293509e-03
1.355310483870967744e+02 1.512648028466815177e-03 1.614818375712707976e-03
1.356560483870967744e+02 1.510187322894840064e-03 1.613009513995378478e-03
1.357810483870967744e+02 1.507736705387208035e-03 1.611202016858811386e-03
1.359060483870967744e+02 1.505296169493033041e-03 1.609395871766404734e-03
1.360310483870967744e+02 1.502865708273751644e-03 1.607591066399787372e-03
1.361560483870967744e+02 1.500445314306617615e-03 1.605787588656290175e-03
1.362810483870967744e+02 1.498034979688741674e-03 1.603985426646383416e-03
1.364060483870967744e+02 1.495634696037531023e-03 1.602184568691176385e-03
1.365310483870967744e+02 1.493244454494860492e-03 1.600385003319913530e-03
1.366560483870967744e+02 1.490864245729820337e-03 1.598586719267543026e-03
1.367810483870967744e+02 1.488494059941700186e-03 1.596789705472237203e-03
1.369060483870967744e+02 1.486133886862141609e-03 1.594993951072965236e-03
1.370310483870967744e+02 1.483783715758641613e-03 1.593199445407122864e-03
1.371560483870967744e+02 1.481443535438205748e-03 1.591406178008182050e-03
1.372810483870967744e+02 1.479113334248806583e-03 1.589614138603256954e-03
1.374060483870967744e+02 1.476793100083278803e-03 1.587823317110886520e-03
1.375310483870967744e+02 1.474482820382627332e-03 1.586033703638603911e-03
1.376560483870967744e+02 1.472182482138826957e-03 1.584245288480774392e-03
1.377810483870967744e+02 1.469892071897523295e-03 1.582458062116254109e-03
1.379060483870967744e+02 1.467611575761402923e-03 1.580672015206192839e-03
1.380310483870967744e+02 1.465340979394746815e-03 1.578887138591782320e-03
1.381560483870967744e+02 1.463080268024013206e-03 1.577103423292083081e-03
1.382810483870967744e+02 1.460829426442783723e-03 1.575320860501846490e-03
1.384060483870967744e+02 1.458588439015306559e-03 1.573539441589378663e-03
1.385310483870967744e+02 1.456357289678156816e-03 1.571759158094371191e-03
1.386560483870967744e+02 1.454135961944927856e-03 1.569980001725807981e-03
1.387810483870967744e+02 1.451924438909321918e-03 1.568201964359887271e-03
1.389060483870967744e+02 1.449722703247831139e-03 1.566425038037931941e-03
1.390310483870967744e+02 1.447530737223429913e-03 1.564649214964347525e-03
1.391560483870967744e+02 1.445348522689426625e-03 1.562874487504615139e-03
1.392810483870967744e+02 1.443176041091884460e-03 1.561100848183227807e-03
1.394060483870967744e+02 1.441013273473908552e-03 1.559328289681756680e-03
1.395310483870967744e+02 1.438860200478231160e-03 1.557556804836847213e-03
1.396560483870967744e+02 1.436716802352076047e-03 1.555786386638289068e-03
1.397810483870967744e+02 1.434583058948664218e-03 1.554017028227081682e-03
1.399060483870967744e+02 1.432458949731984198e-03 1.552248722893486170e-03
1.400310483870967744e+02 1.430344453780235453e-03 1.550481464075187388e-03
1.401560483870967744e+02 1.428239549788784361e-03 1.548715245355389639e-03
1.402810483870967744e+02 1.426144216073625421e-03 1.546950060460988924e-03
1.404060483870967744e+02 1.424058430575870495e-03 1.545185903260661063e-03
1.405310483870967744e+02 1.421982170864396003e-03 1.543422767763150171e-03
1.406560483870967744e+02 1.419915414139239938e-03 1.541660648115387999e-03
1.407810483870967744e+02 1.417858137235799686e-03 1.539899538600752928e-03
1.409060483870967744e+02 1.415810316628313180e-03 1.538139433637286668e-03
1.410310483870967744e+02 1.413771928432896834e-03 1.536380327775938503e-03
1.411560483870967744e+02 1.411742948411570751e-03 1.534622215698856589e-03
1.412810483870967744e+02 1.409723351975994019e-03 1.532865092217696595e-03
1.414060483870967744e+02 1.407713114190657037e-03 1.531108952271874194e-03
1.415310483870967744e+02 1.405712209776570831e-03 1.529353790926935280e-03
1.416560483870967744e+02 1.403720613115298993e-03 1.527599603372856380e-03
1.417810483870967744e+02 1.401738298251836668e-03 1.525846384922438081e-03
1.419060483870967744e+02 1.399765238898895755e-03 1.524094131009656392e-03
1.420310483870967744e+02 1.397801408440444825e-03 1.522342837188086747e-03
1.421560483870967744e+02 1.395846779934991223e-03 1.520592499129215470e-03
1.422810483870967744e+02 1.393901326119623618e-03 1.518843112621007544e-03
1.424060483870967744e+02 1.391965019413078349e-03 1.517094673566219158e-03
1.425310483870967744e+02 1.390037831920560652e-03 1.515347177980932731e-03
1.426560483870967744e+02 1.388119735435892031e-03 1.513600621992995882e-03
1.427810483870967744e+02 1.386210701445972403e-03 1.511855001840480559e-03
1.429060483870967744e+02 1.384310701135051634e-03 1.510110313870251676e-03
1.430310483870967744e+02 1.382419705386900548e-03 1.508366554536438170e-03
1.431560483870967744e+02 1.380537684789653408e-03 1.506623720398961091e-03
1.432810483870967744e+02 1.378664609639395971e-03 1.504881808122122185e-03
1.434060483870967744e+02 1.376800449942798153e-03 1.503140814473118755e-03
1.435310483870967744e+02 1.374945175422202836e-03 1.501400736320670625e-03
1.436560483870967744e+02 1.373098755518012415e-03 1.499661570633572735e-03
1.437810483870967744e+02 1.371261159393436522e-03 1.497923314479338366e-03
1.439060483870967744e+02 1.369432355937279288e-03 1.496185965022764092e-03
1.440310483870967744e+02 1.367612313768151473e-03 1.494449519524652589e-03
1.441560483870967744e+02 1.365801001237846885e-03 1.492713975340381923e-03
1.442810483870967744e+02 1.363998386435229032e-03 1.490979329918612961e-03
1.444060483870967744e+02 1.362204437189272086e-03 1.489245580799970770e-03
1.445310483870967744e+02 1.360419121073795819e-03 1.487512725615713644e-03
1.446560483870967744e+02 1.358642405409907000e-03 1.485780762086455053e-03
1.447810483870967744e+02 1.356874257270536356e-03 1.484049688020904444e-03
1.449060483870967744e+02 1.355114643483678379e-03 1.482319501314543651e-03
1.450310483870967744e+02 1.353363530636019722e-03 1.480590199948451187e-03
1.451560483870967744e+02 1.351620885076422517e-03 1.478861781987987319e-03
1.452810483870967744e+02 1.349886672920015945e-03 1.477134245581611860e-03
1.454060483870967744e+02 1.348160860051440162e-03 1.475407588959675277e-03
1.455310483870967744e+02 1.346443412128408776e-03 1.473681810433200273e-03
1.456560483870967744e+02 1.344734294585420934e-03 1.471956908392685250e-03
1.457810483870967744e+02 1.343033472637720398e-03 1.470232881306970463e-03
1.459060483870967744e+02 1.341340911283864668e-03 1.468509727722034112e-03
1.460310483870967744e+02 1.339656575310403967e-03 1.466787446259854586e-03
1.461560483870967744e+02 1.337980429294860409e-03 1.465066035617300887e-03
1.462810483870967744e+02 1.336312437609380680e-03 1.463345494564957140e-03
1.464060483870967744e+02 1.334652564424175774e-03 1.461625821946045765e-03
1.465310483870967744e+02 1.333000773711379887e-03 1.459907016675335246e-03
1.466560483870967744e+02 1.331357029248376967e-03 1.458189077738016688e-03
1.467810483870967744e+02 1.329721294621387688e-03 1.456472004188659941e-03
1.469060483870967744e+02 1.328093533228463363e-03 1.454755795150114439e-03
1.470310483870967744e+02 1.326473708284130453e-03 1.453040449812496773e-03
1.471560483870967744e+02 1.324861782821843250e-03 1.451325967432117109e-03
1.472810483870967744e+02 1.323257719697331887e-03 1.449612347330460262e-03
1.474060483870967744e+02 1.321661481593747753e-03 1.447899588893162420e-03
1.475310483870967744e+02 1.320073031022904030e-03 1.446187691568998285e-03
1.476560483870967744e+02 1.318492330329993929e-03 1.444476654868912663e-03
1.477810483870967744e+02 1.316919341696821174e-03 1.442766478364990255e-03
1.479060483870967744e+02 1.315354027145415172e-03 1.441057161689524328e-03
1.480310483870967744e+02 1.313796348540681230e-03 1.439348704534004287e-03
1.481560483870967744e+02 1.312246267594585581e-03 1.437641106648216869e-03
1.482810483870967744e+02 1.310703745869442249e-03 1.435934367839252369e-03
1.484060483870967744e+02 1.309168744780954017e-03 1.434228487970625777e-03
1.485310483870967744e+02 1.307641225601493878e-03 1.432523466961282792e-03
1.486560483870967744e+02 1.306121149463976283e-03 1.430819304784751314e-03
1.487810483870967744e+02 1.304608477364812029e-03 1.429116001468216414e-03
1.489060483870967744e+02 1.303103170167141129e-03 1.427413557091631062e-03
1.490310483870967744e+02 1.301605188604372087e-03 1.425711971786830772e-03
1.491560483870967744e+02 1.300114493283745449e-03 1.424011245736654533e-03
1.492810483870967744e+02 1.298631044688685439e-03 1.422311379174102160e-03
1.494060483870967744e+02 1.297154803182810857e-03 1.420612372381476049e-03
1.495310483870967744e+02 1.295685729013290035e-03 1.418914225689535489e-03
1.496560483870967744e+02 1.294223782313521851e-03 1.417216939476653162e-03
1.497810483870967744e+02 1.292768923106320028e-03 1.415520514167996563e-03
1.499060483870967744e+02 1.291321111308156057e-03 1.413824950234742394e-03
1.500310483870967744e+02 1.289880306730911263e-03 1.412130248193229579e-03
1.501560483870967744e+02 1.288446469085969453e-03 1.410436408604203795e-03
1.502810483870967744e+02 1.287019557987224274e-03 1.408743432071986540e-03
1.504060483870967744e+02 1.285599532953854126e-03 1.407051319243736139e-03
1.505310483870967744e+02 1.284186353413926257e-03 1.405360070808660180e-03
1.506560483870967744e+02 1.282779978707005364e-03 1.403669687497260477e-03
1.507810483870967744e+02 1.281380368087748365e-03 1.401980170080586703e-03
1.509060483870967744e+02 1.279987480728897453e-03 1.400291519369476368e-03
1.510310483870967744e+02 1.278601275723601155e-03 1.398603736213856370e-03
1.511560483870967744e+02 1.277221712089637948e-03 1.396916821501983409e-03
1.512810483870967744e+02 1.275848748771448923e-03 1.395230776159739686e-03
1.514060483870967744e+02 1.274482344643553021e-03 1.393545601149935110e-03
1.515310483870967744e+02 1.273122458513537697e-03 1.391861297471585438e-03
1.516560483870967744e+02 1.271769049125242787e-03 1.390177866159251130e-03
1.517810483870967744e+02 1.270422075160912000e-03 1.388495308282310060e-03
1.519060483870967744e+02 1.269081495245261712e-03 1.386813624944326735e-03
1.520310483870967744e+02 1.267747267947461585e-03 1.385132817282372277e-03
1.521560483870967744e+02 1.266419351784218474e-03 1.383452886466340730e-03
1.522810483870967744e+02 1.265097705223223535e-03 1.381773833698330409e-03
1.524060483870967744e+02 1.263782286685344487e-03 1.380095660211971050e-03
1.525310483870967744e+02 1.262473054547898601e-03 1.378418367271826194e-03
1.526560483870967744e+02 1.261169967147111881e-03 1.376741956172703851e-03
1.527810483870967744e+02 1.259872982781374499e-03 1.375066428239104859e-03
1.529060483870967744e+02 1.258582059713510238e-03 1.373391784824552850e-03
1.530310483870967744e+02 1.257297156174005687e-03 1.371718027311025472e-03
1.531560483870967744e+02 1.255838003380823839e-03 1.370045157108332927e-03
1.532810483870967744e+02 1.254326109108587668e-03 1.368373175653533587e-03
1.534060483870967744e+02 1.252818968378191598e-03 1.366702084410359799e-03
1.535310483870967744e+02 1.251316561739203477e-03 1.365031884868619406e-03
1.536560483870967744e+02 1.249818869683596168e-03 1.363362578543637384e-03
1.537810483870967744e+02 1.248325872649446626e-03 1.361694166975715471e-03
1.539060483870967744e+02 1.246837551020046854e-03 1.360026651729501386e-03
1.540310483870967744e+02 1.245353885127231316e-03 1.358360034393528903e-03
1.541560483870967744e+02 1.243874855250338496e-03 1.356694316579625881e-03
1.542810483870967744e+02 1.242400441619321465e-03 1.355029499922399917e-03
1.544060483870967744e+02 1.240930624414810120e-03 1.353365586078661550e-03
1.545310483870967744e+02 1.239465383770097656e-03 1.351702576726968030e-03
1.546560483870967744e+02 1.238004699771463445e-03 1.350040473567065387e-03
1.547810483870967744e+02 1.236548552459885856e-03 1.348379278319383192e-03
1.549060483870967744e+02 1.235096921832902093e-03 1.346718992724542331e-03
1.550310483870967744e+02 1.233649787844331514e-03 1.345059618542838054e-03
1.551560483870967744e+02 1.232207130406578468e-03 1.343401157553764233e-03
1.552810483870967744e+02 1.230768929391471474e-03 1.341743611555540642e-03
1.554060483870967744e+02 1.229335164631547564e-03 1.340086982364602089e-03
1.555310483870967744e+02 1.227905815920693044e-03 1.338431271815152370e-03
1.556560483870967744e+02 1.226480863016286100e-03 1.336776481758672258e-03
1.557810483870967744e+02 1.225060285639403010e-03 1.335122614063487560e-03
1.559060483870967744e+02 1.223644063476916942e-03 1.333469670614300089e-03
1.560310483870967744e+02 1.222232176181221918e-03 1.331817653311731433e-03
1.561560483870967744e+02 1.220824603373129149e-03 1.330166564071877996e-03
1.562810483870967744e+02 1.219421324641899564e-03 1.328516404825901605e-03
1.564060483870967744e+02 1.218022319546681461e-03 1.326867177519566125e-03
1.565310483870967744e+02 1.216627567617235839e-03 1.325218884112826971e-03
1.566560483870967744e+02 1.215237048356223194e-03 1.323571526579411101e-03
1.567810483870967744e+02 1.213850741238797597e-03 1.321925106906370311e-03
1.569060483870967744e+02 1.212468625715003648e-03 1.320279627093733869e-03
1.570310483870967744e+02 1.211090681209779944e-03 1.318635089154043165e-03
1.571560483870967744e+02 1.209716887125453178e-03 1.316991495111978104e-03
1.572810483870967744e+02 1.208347222841425891e-03 1.315348847003969604e-03
1.574060483870967744e+02 1.206981667715802120e-03 1.313707146877796496e-03
1.575310483870967744e+02 1.205620201087312078e-03 1.312066396792206267e-03
1.576560483870967744e+02 1.204262802274752922e-03 1.310426598816550768e-03
1.577810483870967744e+02 1.202909450579666946e-03 1.308787755030392866e-03
1.579060483870967744e+02 1.201560125286094821e-03 1.307149867523128709e-03
1.580310483870967744e+02 1.200214805663022419e-03 1.305512938393672438e-03
1.581560483870967744e+02 1.198873470963889454e-03 1.303876969750032266e-03
1.582810483870967744e+02 1.197536100429030890e-03 1.302241963709014488e-03
1.584060483870967744e+02 1.196202673285798584e-03 1.300607922395845533e-03
1.585310483870967744e+02 1.194873168750315096e-03 1.298974847943816123e-03
1.586560483870967744e+02 1.193547566027654315e-03 1.297342742493978783e-03
1.587810483870967744e+02 1.192225844313791940e-03 1.295711608194773145e-03
1.589060483870967744e+02 1.190907982795991671e-03 1.294081447201739059e-03
1.590310483870967744e+02 1.189593960654304009e-03 1.292452261677146238e-03
1.591560483870967744e+02 1.188283757061833843e-03 1.290824053789694148e-03
1.592810483870967744e+02 1.186977351186716077e-03 1.289196825714188045e-03
1.594060483870967744e+02 1.185674722192507679e-03 1.287570579631253835e-03
1.595310483870967744e+02 1.184375849239441888e-03 1.285945317726996983e-03
1.596560483870967744e+02 1.183080711484923043e-03 1.284321042192699148e-03
1.597810483870967744e+02 1.181789288085268244e-03 1.282697755224550609e-03
1.599060483870967744e+02 1.180501558196280680e-03 1.281075459023321315e-03
1.600310483870967744e+02 1.179217500973949806e-03 1.279454155794086580e-03
1.601560483870967744e+02 1.177937095576112340e-03 1.277833847745944978e-03
1.602810483870967744e+02 1.176660321162739577e-03 1.276214537091705436e-03
1.604060483870967744e+02 1.175387156897471754e-03 1.274596226047655656e-03
1.605310483870967744e+02 1.174117581947769834e-03 1.272978916833240968e-03
1.606560483870967744e+02 1.172851575487086082e-03 1.271362611670835349e-03
1.607810483870967744e+02 1.171589116694318278e-03 1.269747312785439800e-03
1.609060483870967744e+02 1.170330184756100201e-03 1.268133022404441647e-03
1.610310483870967744e+02 1.169074758866489377e-03 1.266519742757339813e-03
1.611560483870967744e+02 1.167822818229273833e-03 1.264907476075506935e-03
1.612810483870967744e+02 1.166574342057410474e-03 1.263296224591925259e-03
1.614060483870967744e+02 1.165329309575104371e-03 1.261685990540936404e-03
1.615310483870967744e+02 1.164087700017917395e-03 1.260076776158005653e-03
1.616560483870967744e+02 1.162849492634366114e-03 1.258468583679488205e-03
1.617810483870967744e+02 1.161614666685869754e-03 1.256861415342372867e-03
1.619060483870967744e+02 1.160383201448602448e-03 1.255255273384066513e-03
1.620310483870967744e+02 1.159155076213995873e-03 1.253650160042146669e-03
1.621560483870967744e+02 1.157930270288954136e-03 1.252046077554150099e-03
1.622810483870967744e+02 1.156708762998040615e-03 1.250443028157356175e-03
1.624060483870967744e+02 1.155490533682869718e-03 1.248841014088545968e-03
1.625310483870967744e+02 1.154275561704419702e-03 1.247240037583796906e-03
1.626560483870967744e+02 1.153063826442427258e-03 1.245640100878265275e-03
1.627810483870967744e+02 1.151855307297407595e-03 1.244041206205997573e-03
1.629060483870967744e+02 1.150649983690654006e-03 1.242443355799696105e-03
1.630310483870967744e+02 1.149447835065671832e-03 1.240846551890541823e-03
1.631560483870967744e+02 1.148248840888294042e-03 1.239250796707964692e-03
1.632810483870967744e+02 1.147052980648257878e-03 1.237656092479476723e-03
1.634060483870967744e+02 1.145860233859482625e-03 1.236062441430460122e-03
1.635310483870967744e+02 1.144670580061150347e-03 1.234469845783989911e-03
1.636560483870967744e+02 1.143483998817878058e-03 1.232878307760632269e-03
1.637810483870967744e+02 1.142300469721814786e-03 1.231287829578268673e-03
1.639060483870967744e+02 1.141119972391681833e-03 1.229698413451921993e-03
1.640310483870967744e+02 1.139942486475108369e-03 1.228110061593564156e-03
1.641560483870967744e+02 1.138767991648014953e-03 1.226522776211943751e-03
1.642810483870967744e+02 1.137596467616922447e-03 1.224936559512434684e-03
1.644060483870967744e+02 1.136427894118039773e-03 1.223351413696818248e-03
1.645310483870967744e+02 1.135262250919154758e-03 1.221767340963178386e-03
1.646560483870967744e+02 1.134099517820090800e-03 1.220184343505681390e-03
1.647810483870967744e+02 1.132939674653021074e-03 1.218602423514461835e-03
1.649060483870967744e+02 1.131782701283845895e-03 1.217021583175419619e-03
1.650310483870967744e+02 1.130628577612086041e-03 1.215441824670106556e-03
1.651560483870967744e+02 1.129477283572831057e-03 1.213863150175536207e-03
1.652810483870967744e+02 1.128328799135798824e-03 1.212285561864074376e-03
1.654060483870967744e+02 1.127183104307607825e-03 1.210709061903246552e-03
1.655310483870967744e+02 1.126040179131137468e-03 1.209133652455616917e-03
1.656560483870967744e+02 1.124900003687540149e-03 1.207559335678651084e-03
1.657810483870967744e+02 1.123762558095487080e-03 1.205986113724558887e-03
1.659060483870967744e+02 1.122627822512981943e-03 1.204413988740168830e-03
1.660310483870967744e+02 1.121495777137357201e-03 1.202842962866801672e-03
1.661560483870967744e+02 1.120366402206435501e-03 1.201273038240094132e-03
1.662810483870967744e+02 1.119239677998395879e-03 1.199704216989932537e-03
1.664060483870967744e+02 1.118115584833384015e-03 1.198136501240272631e-03
1.665310483870967744e+02 1.116994103073329228e-03 1.196569893109052183e-03
1.666560483870967744e+02 1.115875213123227296e-03 1.195004394708024239e-03
1.667810483870967744e+02 1.114758895430908222e-03 1.193440008142676676e-03
1.669060483870967744e+02 1.113645130488888487e-03 1.191876735512091903e-03
1.670310483870967744e+02 1.112533898833712939e-03 1.190314578908848418e-03
1.671560483870967744e+02 1.111425181047123777e-03 1.188753540418881378e-03
1.672810483870967744e+02 1.110318957756979306e-03 1.187193622121381770e-03
1.674060483870967744e+02 1.109215209637121882e-03 1.185634826088705768e-03
1.675310483870967744e+02 1.108113917408696299e-03 1.184077154386225768e-03
1.676560483870967744e+02 1.107015061839900644e-03 1.182520609072273141e-03
1.677810483870967744e+02 1.105918623747573345e-03 1.180965192197999669e-03
1.679060483870967744e+02 1.104824583996609011e-03 1.179410905807273899e-03
1.680310483870967744e+02 1.103732923501606848e-03 1.177857751936608067e-03
1.681560483870967744e+02 1.102643623226374743e-03 1.176305732615054661e-03
1.682810483870967744e+02 1.101556664185634072e-03 1.174754849864089552e-03
1.684060483870967744e+02 1.100472027444227572e-03 1.173205105697535224e-03
1.685310483870967744e+02 1.099389694118969429e-03 1.171656502121470791e-03
1.686560483870967744e+02 1.098309645377996274e-03 1.170109041134136151e-03
1.687810483870967744e+02 1.097231862442359443e-03 1.168562724725848287e-03
1.689060483870967744e+02 1.096156326585504123e-03 1.167017554878910842e-03
1.690310483870967744e+02 1.095083019134640220e-03 1.165473533567531507e-03
1.691560483870967744e+02 1.094011921470632422e-03 1.163930662757759133e-03
1.692810483870967744e+02 1.092943015028939330e-03 1.162388944407347340e-03
1.694060483870967744e+02 1.091876281299680685e-03 1.160848380465753218e-03
1.695310483870967744e+02 1.090811701828279211e-03 1.159308972874000497e-03
1.696560483870967744e+02 1.089749258216384572e-03 1.157770723564638350e-03
1.697810483870967744e+02 1.088688932121390038e-03 1.156233634461645114e-03
1.699060483870967744e+02 1.087630705257844332e-03 1.154697707480377552e-03
1.700310483870967744e+02 1.086574559397256905e-03 1.153162944527476958e-03
1.701560483870967744e+02 1.085520476369047698e-03 1.151629347500826225e-03
1.702810483870967744e+02 1.084468438060290189e-03 1.150096918289468528e-03
1.704060483870967744e+02 1.083418426416988796e-03 1.148565658773555284e-03
1.705310483870967744e+02 1.082370423443903456e-03 1.147035570824244018e-03
1.706560483870967744e+02 1.081324411205301624e-03 1.145506656303699232e-03
1.707810483870967744e+02 1.080280371824902767e-03 1.143978917064976397e-03
1.709060483870967744e+02 1.079238287487239902e-03 1.142452354952001783e-03
1.710310483870967744e+02 1.078198140436852949e-03 1.140926971799484640e-03
1.711560483870967744e+02 1.077159912979676944e-03 1.139402769432886408e-03
1.712810483870967744e+02 1.076123587482746922e-03 1.137879749668342872e-03
1.714060483870967744e+02 1.075089146375333938e-03 1.136357914312641822e-03
1.715310483870967744e+02 1.074056572148343342e-03 1.134837265163150203e-03
1.716560483870967744e+02 1.073025847355691710e-03 1.133317804007752090e-03
1.717810483870967744e+02 1.071996954613821558e-03 1.131799532624834168e-03
1.719060483870967744e+02 1.070969876602903071e-03 1.130282452783217852e-03
1.720310483870967744e+02 1.069944596066464172e-03 1.128766566242116361e-03
1.721560483870967744e+02 1.068921095811810763e-03 1.127251874751087875e-03
1.722810483870967744e+02 1.067899358711260757e-03 1.125738380049994772e-03
1.724060483870967744e+02 1.066879367701151823e-03 1.124226083868971318e-03
1.725310483870967744e+02 1.065861105783320883e-03 1.122714987928367502e-03
1.726560483870967744e+02 1.064844556024483304e-03 1.121205093938725623e-03
1.727810483870967744e+02 1.063829701557631726e-03 1.119696403600716102e-03
1.729060483870967744e+02 1.062816525581178470e-03 1.118188918605134662e-03
1.730310483870967744e+02 1.061805011360229031e-03 1.116682640632852023e-03
1.731560483870967744e+02 1.060795142226384109e-03 1.115177571354769234e-03
1.732810483870967744e+02 1.059786901578177844e-03 1.113673712431800973e-03
1.734060483870967744e+02 1.058780272881287713e-03 1.112171065514837602e-03
1.735310483870967744e+02 1.057775239669043891e-03 1.110669632244707869e-03
1.736560483870967744e+02 1.056771785542420577e-03 1.109169414252161130e-03
1.737810483870967744e+02 1.055769894170725766e-03 1.107670413157840240e-03
1.739060483870967744e+02 1.054769549291267742e-03 1.106172630572240792e-03
1.740310483870967744e+02 1.053770734710233071e-03 1.104676068095683571e-03
1.741560483870967744e+02 1.052773434302667517e-03 1.103180727318313478e-03
1.742810483870967744e+02 1.051777632012746658e-03 1.101686609820051602e-03
1.744060483870967744e+02 1.050783311853994029e-03 1.100193717170587417e-03
1.745310483870967744e+02 1.049790457909598141e-03 1.098702050929344955e-03
1.746560483870967744e+02 1.048799054332772655e-03 1.097211612645475213e-03
1.747810483870967744e+02 1.047809085346651427e-03 1.095722403857820812e-03
1.749060483870967744e+02 1.046820535244957903e-03 1.094234426094912093e-03
1.750310483870967744e+02 1.045833388391863078e-03 1.092747680874950203e-03
1.751560483870967744e+02 1.044847629222536061e-03 1.091262169705754185e-03
1.752810483870967744e+02 1.043863242242821414e-03 1.089777894084811502e-03
1.754060483870967744e+02 1.042880212030349377e-03 1.088294855499194556e-03
1.755310483870967744e+02 1.041898523233718808e-03 1.086813055425602101e-03
1.756560483870967744e+02 1.040918160573542145e-03 1.085332495330309805e-03
1.757810483870967744e+02 1.039939108841969433e-03 1.083853176669173505e-03
1.759060483870967744e+02 1.038961352903634188e-03 1.082489659422821750e-03
1.760310483870967744e+02 1.037984877694991164e-03 1.081668477499372330e-03
1.761560483870967744e+02 1.037009668225159645e-03 1.080847048107195108e-03
1.762810483870967744e+02 1.036035709575830422e-03 1.080025351419747551e-03
1.764060483870967744e+02 1.035062986901533590e-03 1.079203367784342194e-03
1.765310483870967744e+02 1.034091485429527741e-03 1.078381077721376211e-03
1.766560483870967744e+02 1.033121190460437261e-03 1.077558461924935096e-03
1.767810483870967744e+02 1.032152087368080158e-03 1.076735501261675935e-03
1.769060483870967744e+02 1.031184161599627653e-03 1.075912176771238321e-03
1.770310483870967744e+02 1.030217398675947662e-03 1.075088469666002572e-03
1.771560483870967744e+02 1.029251784191453217e-03 1.074264361330386957e-03
1.772810483870967744e+02 1.028287303814809806e-03 1.073439833321064097e-03
1.774060483870967744e+02 1.027323943288194858e-03 1.072614867366649587e-03
1.775310483870967744e+02 1.026361688428324920e-03 1.071789445367308862e-03
1.776560483870967744e+02 1.025400525125866498e-03 1.070963549394443864e-03
1.777810483870967744e+02 1.024440439346152717e-03 1.070137161690708216e-03
1.779060483870967744e+02 1.023481417128817078e-03 1.069310264669603690e-03
1.780310483870967744e+02 1.022523444588206102e-03 1.068482840914970842e-03
1.781560483870967744e+02 1.021566507913359602e-03 1.067654873181030214e-03
1.782810483870967744e+02 1.020610593368313822e-03 1.066826344391850426e-03
1.784060483870967744e+02 1.019655687291647376e-03 1.065997237641321069e-03
1.785310483870967744e+02 1.018701776097461799e-03 1.065167536192346493e-03
1.786560483870967744e+02 1.017748846274635398e-03 1.064337223477164994e-03
1.787810483870967744e+02 1.016796884387414363e-03 1.063506283096568193e-03
1.789060483870967744e+02 1.015845877075173586e-03 1.062674698819553220e-03
1.790310483870967744e+02 1.014895811053006689e-03 1.061842454583427015e-03
1.791560483870967744e+02 1.013946673111033219e-03 1.061009534492912947e-03
1.792810483870967744e+02 1.012998450115270123e-03 1.060175922820215649e-03
1.794060483870967744e+02 1.012051129007085753e-03 1.059341604004269445e-03
1.795310483870967744e+02 1.011104696803559163e-03 1.058506562650942404e-03
1.796560483870967744e+02 1.010159140597594388e-03 1.057670783532105221e-03
1.797810483870967744e+02 1.009214447557602772e-03 1.056834251585410476e-03
1.799060483870967744e+02 1.008270604928218107e-03 1.055996951914238424e-03
1.800310483870967744e+02 1.007327600029528803e-03 1.055158869786747451e-03
1.801560483870967744e+02 1.006385420257827502e-03 1.054319990635976855e-03
1.802810483870967744e+02 1.005444053085141187e-03 1.053480300059165533e-03
1.804060483870967744e+02 1.004503486059729047e-03 1.052639783817387476e-03
1.805310483870967744e+02 1.003563706805597842e-03 1.051798427835344465e-03
1.806560483870967744e+02 1.002624703023039009e-03 1.050956218200457728e-03
1.807810483870967744e+02 1.001686462488194556e-03 1.050113141163138992e-03
1.809060483870967744e+02 1.000748973053505481e-03 1.049269183135682426e-03
1.810310483870967744e+02 9.998122226473281880e-04 1.048424330692306929e-03
1.811560483870967744e+02 9.988580410221186822e-04 1.047578570568427755e-03
1.812810483870967744e+02 9.979026141148975536e-04 1.046731889660444019e-03
1.814060483870967744e+02 9.969479254450797079e-04 1.045884275025056077e-03
1.815310483870967744e+02 9.959939640233343890e-04 1.045035713878994695e-03
1.816560483870967744e+02 9.950407189307627822e-04 1.044186193598494340e-03
1.817810483870967744e+02 9.940881793190060010e-04 1.043335701718635074e-03
1.819060483870967744e+02 9.931363344101173680e-04 1.042484225933294631e-03
1.820310483870967744e+02 9.921851734966435129e-04 1.041631754094313796e-03
1.821560483870967744e+02 9.912346859415354684e-04 1.040778274211114334e-03
1.822810483870967744e+02 9.902848611781675352e-04 1.039923774450329493e-03
1.824060483870967744e+02 9.893356887103309932e-04 1.039068243135077155e-03
1.825310483870967744e+02 9.883871581121135390e-04 1.038211668744745382e-03
1.826560483870967744e+02 9.874392590280100905e-04 1.037354039914167988e-03
1.827810483870967744e+02 9.864919811727009599e-04 1.036495345433536500e-03
1.829060483870967744e+02 9.855453143312411547e-04 1.035635574247452135e-03
1.830310483870967744e+02 9.845992483588014710e-04 1.034774715454685103e-03
1.831560483870967744e+02 9.835996416186741382e-04 1.033912758307691058e-03
1.832810483870967744e+02 9.825221045652919680e-04 1.033049692211843043e-03
1.834060483870967744e+02 9.814456702381629902e-04 1.032185506725141148e-03
1.835310483870967744e+02 9.803703295620093492e-04 1.031320191557458330e-03
1.836560483870967744e+02 9.792960735097873924e-04 1.030453736570434388e-03
1.837810483870967744e+02 9.782228931030023059e-04 1.029586131776326265e-03
1.839060483870967744e+02 9.771507794114012851e-04 1.028717367337901156e-03
1.840310483870967744e+02 9.760797235532581379e-04 1.027847433567985469e-03
1.841560483870967744e+02 9.750097166956133267e-04 1.026976320928363936e-03
1.842810483870967744e+02 9.739407500538559007e-04 1.026104020029781124e-03
1.844060483870967744e+02 9.728721101165549315e-04 1.025230521631169053e-03
1.845310483870967744e+02 9.715839302698096825e-04 1.024355816639056956e-03
1.846560483870967744e+02 9.702970055725075810e-04 1.023479896107029391e-03
1.847810483870967744e+02 9.690113356722460580e-04 1.022602751235185880e-03
1.849060483870967744e+02 9.677269202121989997e-04 1.021724373369677519e-03
1.850310483870967744e+02 9.664437588311915574e-04 1.020844754001853059e-03
1.851560483870967744e+02 9.651618511637325652e-04 1.019963884767955548e-03
1.852810483870967744e+02 9.638811968399958914e-04 1.019081757448382251e-03
1.854060483870967744e+02 9.626017954858836481e-04 1.018198363967290007e-03
1.855310483870967744e+02 9.613236467230218537e-04 1.017313696391628766e-03
1.856560483870967744e+02 9.600467501688248351e-04 1.016427746931055937e-03
1.857810483870967744e+02 9.587711054364765791e-04 1.015540507937007014e-03
1.859060483870967744e+02 9.574967121349817981e-04 1.014651971902086683e-03
1.860310483870967744e+02 9.562235698691858802e-04 1.013762131459783463e-03
1.861560483870967744e+02 9.549516782398111006e-04 1.012870979383460532e-03
1.862810483870967744e+02 9.536810368434505509e-04 1.011978508586032629e-03
1.864060483870967744e+02 9.524116452726212644e-04 1.011084712119349584e-03
1.865310483870967744e+02 9.511435031158004287e-04 1.010189583173406146e-03
1.866560483870967744e+02 9.498766099574159532e-04 1.009293115075947768e-03
1.867810483870967744e+02 9.486109653778928728e-04 1.008395301291644883e-03
1.869060483870967744e+02 9.473465689536666838e-04 1.007496135421798210e-03
1.870310483870967744e+02 9.460834202572508895e-04 1.006595611203235695e-03
1.871560483870967744e+02 9.448215188572006793e-04 1.005693722508204735e-03
1.872810483870967744e+02 9.435608643181847034e-04 1.004790463343500917e-03
1.874060483870967744e+02 9.423014562009793260e-04 1.003885827849703002e-03
1.875310483870967744e+02 9.410432940625375808e-04 1.002979810300909250e-03
1.876560483870967744e+02 9.397863774559726911e-04 1.002072405103696367e-03
1.877810483870967744e+02 9.385307059305878852e-04 1.001163606796999809e-03
1.879060483870967744e+02 9.372762790319564110e-04 1.000253410050881264e-03
1.880310483870967744e+02 9.360230963018626631e-04 9.993418096663339231e-04
1.881560483870967744e+02 9.347711572783960754e-04 9.984288005746629752e-04
1.882810483870967744e+02 9.335204614959438565e-04 9.975143778364202636e-04
1.884060483870967744e+02 9.322710084852412968e-04 9.965985366412288653e-04
1.885310483870967744e+02 9.310227977733724191e-04 9.956812723069092229e-04
1.886560483870967744e+02 9.297758288838073835e-04 9.947625802789578607e-04
1.887810483870967744e+02 9.285301013364274242e-04 9.938424561296375220e-04
1.889060483870967744e+02 9.272856146475773245e-04 9.929208955577956738e-04
1.890310483870967744e+02 9.260423683300346258e-04 9.919978943878189018e-04
1.891560483870967744e+02 9.248003618930801008e-04 9.910734485690309622e-04
1.892810483870967744e+02 9.235595948425273519e-04 9.901475541752981311e-04
1.894060483870967744e+02 9.223200666807257388e-04 9.892202074041048145e-04
1.895310483870967744e+02 9.210817769065845562e-04 9.882914045761005684e-04
1.896560483870967744e+02 9.198447250156169437e-04 9.873611421341904528e-04
1.897810483870967744e+02 9.186089104999762070e-04 9.864294166432485862e-04
1.899060483870967744e+02 9.173743328484411808e-04 9.854962247891688176e-04
1.900310483870967744e+02 9.161409915464848591e-04 9.845615633782111697e-04
1.901560483870967744e+02 9.149088860762665887e-04 9.836254293366152122e-04
1.902810483870967744e+02 9.136780159166918089e-04 9.826878197096028129e-04
1.904060483870967744e+02 9.124483805434160629e-04 9.817487316609923784e-04
1.905310483870967744e+02 9.112199794288571410e-04 9.808081624722566824e-04
1.906560483870967744e+02 9.099928120422746611e-04 9.798661095422429249e-04
1.907810483870967744e+02 9.087668778497310371e-04 9.789225703862008531e-04
1.909060483870967744e+02 9.075421763141678071e-04 9.779775426350754280e-04
1.910310483870967744e+02 9.063187068953895871e-04 9.770310240352856473e-04
1.911560483870967744e+02 9.050964690501390976e-04 9.760830124474265384e-04
1.912810483870967744e+02 9.038754622320840449e-04 9.751335058461826390e-04
1.914060483870967744e+02 9.026556858918492136e-04 9.741825023192861874e-04
1.915310483870967744e+02 9.014371394770531124e-04 9.732300000670226180e-04
1.916560483870967744e+02 9.002198224323403920e-04 9.722759974015310336e-04
1.917810483870967744e+02 8.990037341993764239e-04 9.713204927461069555e-04
1.919060483870967744e+02 8.977888742169074735e-04 9.703634846345680649e-04
1.920310483870967744e+02 8.965752419207713257e-04 9.694049717105605304e-04
1.921560483870967744e+02 8.953628367439194023e-04 9.684449527269148837e-04
1.922810483870967744e+02 8.941516581164428911e-04 9.674834265449636225e-04
1.924060483870967744e+02 8.929417054655985507e-04 9.665203921339074944e-04
1.925310483870967744e+02 8.917329782158622689e-04 9.655558485700647953e-04
1.926560483870967744e+02 8.905254757889010915e-04 9.645897950363125717e-04
1.927810483870967744e+02 8.893191976036387073e-04 9.636222308213375455e-04
1.929060483870967744e+02 8.881141430762619533e-04 9.626531553188751120e-04
1.930310483870967744e+02 8.869103116202711225e-04 9.616825680274127030e-04
1.931560483870967744e+02 8.857077026464707471e-04 9.607104685490024760e-04
1.932810483870967744e+02 8.845063155629998486e-04 9.597368565889673880e-04
1.934060483870967744e+02 8.833061497754075061e-04 9.587617319551275082e-04
1.935310483870967744e+02 8.821072046865961530e-04 9.577850945570749036e-04
1.936560483870967744e+02 8.809094796969099391e-04 9.568069444055807976e-04
1.937810483870967744e+02 8.797129742041288761e-04 9.558272816118278462e-04
1.939060483870967744e+02 8.785176876035150247e-04 9.548461063869529298e-04
1.940310483870967744e+02 8.773236192878155299e-04 9.538634190410330994e-04
1.941560483870967744e+02 8.761307686472847396e-04 9.528792199827662785e-04
1.942810483870967744e+02 8.749391350697509903e-04 9.518935097186405478e-04
1.944060483870967744e+02 8.737487179405836486e-04 9.509062888522107652e-04
1.945310483870967744e+02 8.725595166427485127e-04 9.499175580835321790e-04
1.946560483870967744e+02 8.713715305568278712e-04 9.489273182084627433e-04
1.947810483870967744e+02 8.701847590610579074e-04 9.479355701180235474e-04
1.949060483870967744e+02 8.689992015313267480e-04 9.469423147976895310e-04
1.950310483870967744e+02 8.678148573412052544e-04 9.459475533266354210e-04
1.951560483870967744e+02 8.666317258619760794e-04 9.449512868773587548e-04
1.952810483870967744e+02 8.654498064626775771e-04 9.439535167147290349e-04
1.954060483870967744e+02 8.642690985100872150e-04 9.429542441953646381e-04
1.955310483870967744e+02 8.630896013687677608e-04 9.419534707671623798e-04
1.956560483870967744e+02 8.619113144011026273e-04 9.409511979683821224e-04
1.957810483870967744e+02 8.607342369672847052e-04 9.399474274271335137e-04
1.959060483870967744e+02 8.595583684253705736e-04 9.389421608608079740e-04
1.960310483870967744e+02 8.583837081312886306e-04 9.379354000750869755e-04
1.961560483870967744e+02 8.572102554388805109e-04 9.369271469636268656e-04
1.962810483870967744e+02 8.560380096998928450e-04 9.359174035073013339e-04
1.964060483870967744e+02 8.548669702640190014e-04 9.349061717732879730e-04
1.965310483870967744e+02 8.536971364789241318e-04 9.338934539148887335e-04
1.966560483870967744e+02 8.525285076902748777e-04 9.328792521704685993e-04
1.967810483870967744e+02 8.513610832417362268e-04 9.318635688628901757e-04
1.969060483870967744e+02 8.501948624750053397e-04 9.308464063990909594e-04
1.970310483870967744e+02 8.490298447298544847e-04 9.298277672691118928e-04
1.971560483870967744e+02 8.478660293441286520e-04 9.288076540455666476e-04
1.972810483870967744e+02 8.467034156537673467e-04 9.277860693830796823e-04
1.974060483870967744e+02 8.455420029928442703e-04 9.267630160176118688e-04
1.975310483870967744e+02 8.443817906935778377e-04 9.257384967655142008e-04
1.976560483870967744e+02 8.432227780863524270e-04 9.247125145234040859e-04
1.977810483870967744e+02 8.420649644997502559e-04 9.236850722671395824e-04
1.979060483870967744e+02 8.409083492605448759e-04 9.226561730511599873e-04
1.980310483870967744e+02 8.397529316937747896e-04 9.216258200081087508e-04
1.981560483870967744e+02 8.385987111227073470e-04 9.205940163479529956e-04
1.982810483870967744e+02 8.374456868688923052e-04 9.195607653574049871e-04
1.984060483870967744e+02 8.362938582521934868e-04 9.185260703993455541e-04
1.985310483870967744e+02 8.351432245907672042e-04 9.174899349120320792e-04
1.986560483870967744e+02 8.339937852011301313e-04 9.164523624087189202e-04
1.987810483870967744e+02 8.328455393981385943e-04 9.154133564767458122e-04
1.989060483870967744e+02 8.316984864950583952e-04 9.143729207769766849e-04
1.990310483870967744e+02 8.305526258035354293e-04 9.133310590432951832e-04
1.991560483870967744e+02 8.294079566336423062e-04 9.122877750818742405e-04
1.992810483870967744e+02 8.282644782938951549e-04 9.112430727704745994e-04
1.994060483870967744e+02 8.271221900912833309e-04 9.101969560579100836e-04
1.995310483870967744e+02 8.259810913312642120e-04 9.091494289634679832e-04
1.996560483870967744e+02 8.248411813178072169e-04 9.081004955760429943e-04
1.997810483870967744e+02 8.237024593534069241e-04 9.070501600538441586e-04
1.999060483870967744e+02 8.225649247390991181e-04 9.059984266234992045e-04
2.000310483870967744e+02 8.214285767744765104e-04 9.049452995795190594e-04
2.001560483870967744e+02 8.202934147577238674e-04 9.038907832837592181e-04
2.002810483870967744e+02 8.190898975167141107e-04 9.028348821646679572e-04
2.004060483870967744e+02 8.178707737486195931e-04 9.017776007167188634e-04
2.005310483870967744e+02 8.166529934032648813e-04 9.007189434998066077e-04
2.006560483870967744e+02 8.154365562388903466e-04 8.996589151386750289e-04
2.007810483870967744e+02 8.142214620082594044e-04 8.985975203221210038e-04
2.009060483870967744e+02 8.130077104586948353e-04 8.975347638026140006e-04
2.010310483870967744e+02 8.117953013321127205e-04 8.964706503956350412e-04
2.011560483870967744e+02 8.105842343650365364e-04 8.954051849787943770e-04
2.012810483870967744e+02 8.093745092886560268e-04 8.943383724916751472e-04
2.014060483870967744e+02 8.081661258288287209e-04 8.932702179348073982e-04
2.015310483870967744e+02 8.069590837061270958e-04 8.922007263693818545e-04
2.016560483870967744e+02 8.057533826358570083e-04 8.911299029164581253e-04
2.017810483870967744e+02 8.045490223281129890e-04 8.900577527563837896e-04
2.019060483870967744e+02 8.033460024877678339e-04 8.889842811283062878e-04
2.020310483870967744e+02 8.021443228145345127e-04 8.879094933294544214e-04
2.021560483870967744e+02 8.009439830029873100e-04 8.868333947145645929e-04
2.022810483870967744e+02 7.997449827425908830e-04 8.857559906953364282e-04
2.024060483870967744e+02 7.985473217177257391e-04 8.846772867398594500e-04
2.025310483870967744e+02 7.973509996077219556e-04 8.835972883718470894e-04
2.026560483870967744e+02 7.961560160868854166e-04 8.825160011702820433e-04
2.027810483870967744e+02 7.949623708245384711e-04 8.814334307687825580e-04
2.029060483870967744e+02 7.937700634850300158e-04 8.803495828547518729e-04
2.030310483870967744e+02 7.925790937277826581e-04 8.792644631691934722e-04
2.031560483870967744e+02 7.913894612073009557e-04 8.781780775058777673e-04
2.032810483870967744e+02 7.902011655732260609e-04 8.770904317107860093e-04
2.034060483870967744e+02 7.890142064703479716e-04 8.760015316815932332e-04
2.035310483870967744e+02 7.878285835386358892e-04 8.749113833671502260e-04
2.036560483870967744e+02 7.866442964132649984e-04 8.738199927667071295e-04
2.037810483870967744e+02 7.854613447246613532e-04 8.727273659295052381e-04
2.039060483870967744e+02 7.842797280985030692e-04 8.716335089542867230e-04
2.040310483870967744e+02 7.830994461557687879e-04 8.705384279883799986e-04
2.041560483870967744e+02 7.819204985127648899e-04 8.694421292276163478e-04
2.042810483870967744e+02 7.807428847811399147e-04 8.683446189152808480e-04
2.044060483870967744e+02 7.795666045679248935e-04 8.672459033419405248e-04
2.045310483870967744e+02 7.783916574755600200e-04 8.661459888447341996e-04
2.046560483870967744e+02 7.772180431019142747e-04 8.650448818066693848e-04
2.047810483870967744e+02 7.760457610403294435e-04 8.639425886563359457e-04
2.049060483870967744e+02 7.748748108796267315e-04 8.628391158672209932e-04
2.050310483870967744e+02 7.737051922041493718e-04 8.617344699570711562e-04
2.051560483870967744e+02 7.725369045937809489e-04 8.606286574874823193e-04
2.052810483870967744e+02 7.713699476239897421e-04 8.595216850633853860e-04
2.054060483870967744e+02 7.702043208658227629e-04 8.584135593322730256e-04
2.055310483870967744e+02 7.690400238859628921e-04 8.573042869838807005e-04
2.056560483870967744e+02 7.678770562467542504e-04 8.561938747496451079e-04
2.057810483870967744e+02 7.667154175062087032e-04 8.550823294018952562e-04
2.059060483870967744e+02 7.655551072180474944e-04 8.539696577537194333e-04
2.060310483870967744e+02 7.643961249317256408e-04 8.528558666581129155e-04
2.061560483870967744e+02 7.632384701924622896e-04 8.517409630075306257e-04
2.062810483870967744e+02 7.620821425412545964e-04 8.506249537334894476e-04
2.064060483870967744e+02 7.609271415149183827e-04 8.495078458058649045e-04
2.065310483870967744e+02 7.597734666461015800e-04 8.483896462324041349e-04
2.066560483870967744e+02 7.586211174633195747e-04 8.472703620582958985e-04
2.067810483870967744e+02 7.574700934909796030e-04 8.461500003656156812e-04
2.069060483870967744e+02 7.563203942494037355e-04 8.450285682726348417e-04
2.070310483870967744e+02 7.551720192548521879e-04 8.439060729336318517e-04
2.071560483870967744e+02 7.540249680195625689e-04 8.427825215380513888e-04
2.072810483870967744e+02 7.528792400517558435e-04 8.416579213101802685e-04
2.074060483870967744e+02 7.517348348556757978e-04 8.405322795086804782e-04
2.075310483870967744e+02 7.505917519316066032e-04 8.394056034257994445e-04
2.076560483870967744e+02 7.494499907759123898e-04 8.382779003872548908e-04
2.077810483870967744e+02 7.483095508810319336e-04 8.371491777514397919e-04
2.079060483870967744e+02 7.471704317355394804e-04 8.360194429089799111e-04
2.080310483870967744e+02 7.460326328241438784e-04 8.348887032823779650e-04
2.081560483870967744e+02 7.448961536277320548e-04 8.337569663253452130e-04
2.082810483870967744e+02 7.437609936233773641e-04 8.326242395223395869e-04
2.084060483870967744e+02 7.426271522843721140e-04 8.314905303881744026e-04
2.085310483870967744e+02 7.414946290802475149e-04 8.303558464674791863e-04
2.086560483870967744e+02 7.403634234768114103e-04 8.292201953340622720e-04
2.087810483870967744e+02 7.392335349361564079e-04 8.280835845907069713e-04
2.089060483870967744e+02 7.381049629166837323e-04 8.269460218685069581e-04
2.090310483870967744e+02 7.369777068731407383e-04 8.258075148263079035e-04
2.091560483870967744e+02 7.358517662566418363e-04 8.246680711504929132e-04
2.092810483870967744e+02 7.347271405146804180e-04 8.235276985542774701e-04
2.094060483870967744e+02 7.336038290911644187e-04 8.223864047773013410e-04
2.095310483870967744e+02 7.324818314264297612e-04 8.212441975852143028e-04
2.096560483870967744e+02 7.313611469572811217e-04 8.201010847690827586e-04
2.097810483870967744e+02 7.302417751169924722e-04 8.189570741451086041e-04
2.099060483870967744e+02 7.291237153353483883e-04 8.178121735539986559e-04
2.100310483870967744e+02 7.280069670386572767e-04 8.166663908605370416e-04
2.101560483870967744e+02 7.268915296497802147e-04 8.155197339531894667e-04
2.102810483870967744e+02 7.257774025881485146e-04 8.143722107436492585e-04
2.104060483870967744e+02 7.246645852697926717e-04 8.132238291661956272e-04
2.105310483870967744e+02 7.235530771073580853e-04 8.120745971775413354e-04
2.106560483870967744e+02 7.224428775101376932e-04 8.109245227561815263e-04
2.107810483870967744e+02 7.213339858840815124e-04 8.097736139019127716e-04
2.109060483870967744e+02 7.202264016318240701e-04 8.086218786355692852e-04
2.110310483870967744e+02 7.191201241527203983e-04 8.074693249984232508e-04
2.111560483870967744e+02 7.180151528428466851e-04 8.063159610517811734e-04
2.112810483870967744e+02 7.169114870950283550e-04 8.051617948766207804e-04
2.114060483870967744e+02 7.158091262988686924e-04 8.040068345730403548e-04
2.115310483870967744e+02 7.147080698407743196e-04 8.028510882598927090e-04
2.116560483870967744e+02 7.136083171039643049e-04 8.016945640743307951e-04
2.117810483870967744e+02 7.125098674684958574e-04 8.005372701714369085e-04
2.119060483870967744e+02 7.114127203112870961e-04 7.993792147236558664e-04
2.120310483870967744e+02 7.103168750061454552e-04 7.982204059205352331e-04
2.121560483870967744e+02 7.092223309237774423e-04 7.970608519682387304e-04
2.122810483870967744e+02 7.081290874318175868e-04 7.959005610890230011e-04
2.124060483870967744e+02 7.070371438948372216e-04 7.947395415210268405e-04
2.125310483870967744e+02 7.059464996743896941e-04 7.935778015176360705e-04
2.126560483870967744e+02 7.048571541290071145e-04 7.924153493472556407e-04
2.127810483870967744e+02 7.037691066142350493e-04 7.912521932928048233e-04
2.129060483870967744e+02 7.026823564826446648e-04 7.900883416512750760e-04
2.130310483870967744e+02 7.015969030838625428e-04 7.889238027334479321e-04
2.131560483870967744e+02 7.005127457645830402e-04 7.877585848633761019e-04
2.132810483870967744e+02 6.994298838685914909e-04 7.865926963780095309e-04
2.134060483870967744e+02 6.983483167367828546e-04 7.854261456268293732e-04
2.135310483870967744e+02 6.972680437071944589e-04 7.842589409714698220e-04
2.136560483870967744e+02 6.961890641150011213e-04 7.830910907851996441e-04
2.137810483870967744e+02 6.951113772925550469e-04 7.819226034526835468e-04
2.139060483870967744e+02 6.940349825694013333e-04 7.807534873695545687e-04
2.140310483870967744e+02 6.929598792722985699e-04 7.795837509418930122e-04
2.141560483870967744e+02 6.918860667252310897e-04 7.784134025860407194e-04
2.142810483870967744e+02 6.908135442494350983e-04 7.772424507281253244e-04
2.144060483870967744e+02 6.897423111634181899e-04 7.760709038036087918e-04
2.145310483870967744e+02 6.886723667829788625e-04 7.748987702570284001e-04
2.146560483870967744e+02 6.876037104212235403e-04 7.737260585416228008e-04
2.147810483870967744e+02 6.865363413885792587e-04 7.725527771188104090e-04
2.149060483870967744e+02 6.854702589928261900e-04 7.713789344579764654e-04
2.150310483870967744e+02 6.844054625391161840e-04 7.702045390360894462e-04
2.151560483870967744e+02 6.833419513299729842e-04 7.690295993371824889e-04
2.152810483870967744e+02 6.822797246653302837e-04 7.678541238522161323e-04
2.154060483870967744e+02 6.812187818425422415e-04 7.666781210784945821e-04
2.155310483870967744e+02 6.801591221564091787e-04 7.655015995194906124e-04
2.156560483870967744e+02 6.791007448991815895e-04 7.643245676844320508e-04
2.157810483870967744e+02 6.780436493605946193e-04 7.631470340878042380e-04
2.159060483870967744e+02 6.769878348278679557e-04 7.619690072492447518e-04
2.160310483870967744e+02 6.759333005857494142e-04 7.607904956930257008e-04
2.161560483870967744e+02 6.748800459165089742e-04 7.596115079477158867e-04
2.162810483870967744e+02 6.738280700999670775e-04 7.584320525458958760e-04
2.164060483870967744e+02 6.727773724135168538e-04 7.572521380238305712e-04
2.165310483870967744e+02 6.717279521321329033e-04 7.560717729210112434e-04
2.166560483870967744e+02 6.706798085283918959e-04 7.548909657799127799e-04
2.167810483870967744e+02 6.696329408724900276e-04 7.537097251457084302e-04
2.169060483870967744e+02 6.685873484322678480e-04 7.525280595657313915e-04
2.170310483870967744e+02 6.675430304732181755e-04 7.513459775893826511e-04
2.171560483870967744e+02 6.664999862585010591e-04 7.501634877676784411e-04
2.172810483870967744e+02 6.654582150489684982e-04 7.489805986528762964e-04
2.174060483870967744e+02 6.644177161031873191e-04 7.477973187983008238e-04
2.175310483870967744e+02 6.633784886774408019e-04 7.466136567578874695e-04
2.176560483870967744e+02 6.623405320257528574e-04 7.454296210858866404e-04
2.177810483870967744e+02 6.613038453999067843e-04 7.442452203366058811e-04
2.179060483870967744e+02 6.602684280494613154e-04 7.430604630640812516e-04
2.180310483870967744e+02 6.592342792217646035e-04 7.418753578216358410e-04
2.181560483870967744e+02 6.582013981619756890e-04 7.406899131617958494e-04
2.182810483870967744e+02 6.571697841130663426e-04 7.395041376357651842e-04
2.184060483870967744e+02 6.561394363158615066e-04 7.383180397932364832e-04
2.185310483870967744e+02 6.551103540090366922e-04 7.371316281821209317e-04
2.186560483870967744e+02 6.540825364291400976e-04 7.359449113480695873e-04
2.187810483870967744e+02 6.530559828106062689e-04 7.347578978343793791e-04
2.189060483870967744e+02 6.520306923857822293e-04 7.335705961815913029e-04
2.190310483870967744e+02 6.510066643849284551e-04 7.323830149271595225e-04
2.191560483870967744e+02 6.499838980362420771e-04 7.311951626052750784e-04
2.192810483870967744e+02 6.489623925658756379e-04 7.300070477464741655e-04
2.194060483870967744e+02 6.479421471979455484e-04 7.288186788773473503e-04
2.195310483870967744e+02 6.469231611545518202e-04 7.276300645203387764e-04
2.196560483870967744e+02 6.459054336557967140e-04 7.264412131934162419e-04
2.197810483870967744e+02 6.448889639197899438e-04 7.252521334096948729e-04
2.199060483870967744e+02 6.438737511626775167e-04 7.240628336773442071e-04
2.200310483870967744e+02 6.428597945986456357e-04 7.228733224991855215e-04
2.201560483870967744e+02 6.418470934399394569e-04 7.216836083723657041e-04
2.202810483870967744e+02 6.408356468968765332e-04 7.204936997882550138e-04
2.204060483870967744e+02 6.398254541778722933e-04 7.193036052320467928e-04
2.205310483870967744e+02 6.388165144894391743e-04 7.181133331824645152e-04
2.206560483870967744e+02 6.378088270362045108e-04 7.169228921116082643e-04
2.207810483870967744e+02 6.368023910209338456e-04 7.157322904846455175e-04
2.209060483870967744e+02 6.357972056445459997e-04 7.145415367594515170e-04
2.210310483870967744e+02 6.347932701061129645e-04 7.133506393865064873e-04
2.211560483870967744e+02 6.337905836028889578e-04 7.121596068085197422e-04
2.212810483870967744e+02 6.327891453303147607e-04 7.109684474601998339e-04
2.214060483870967744e+02 6.317889544820449316e-04 7.097771697680770693e-04
2.215310483870967744e+02 6.307900102499424929e-04 7.085857821501038729e-04
2.216560483870967744e+02 6.297923118241116744e-04 7.073942930155232732e-04
2.217810483870967744e+02 6.287958583929005151e-04 7.062027107646232224e-04
2.219060483870967744e+02 6.278006491429196203e-04 7.050110437883673172e-04
2.220310483870967744e+02 6.268066832590551713e-04 7.038193004682931006e-04
2.221560483870967744e+02 6.258139599244790094e-04 7.026274891762017633e-04
2.222810483870967744e+02 6.248224783206720537e-04 7.014356182739140896e-04
2.224060483870967744e+02 6.238322376274241937e-04 7.002436961130261870e-04
2.225310483870967744e+02 6.228432370228595503e-04 6.990517310347511924e-04
2.226560483870967744e+02 6.218554756834387531e-04 6.978597313695816514e-04
2.227810483870967744e+02 6.208689527839912495e-04 6.966677054370831951e-04
2.229060483870967744e+02 6.198836674976990419e-04 6.954756615457547862e-04
2.230310483870967744e+02 6.188996189961389711e-04 6.942836079926333103e-04
2.231560483870967744e+02 6.179168064492766453e-04 6.930915530632688563e-04
2.232810483870967744e+02 6.169352290254936531e-04 6.918995050313131532e-04
2.234060483870967744e+02 6.159548858915870218e-04 6.907074721584000911e-04
2.235310483870967744e+02 6.149757762127889497e-04 6.895154626939502393e-04
2.236560483870967744e+02 6.139978991527798163e-04 6.883234848748556690e-04
2.237810483870967744e+02 6.130212538737000007e-04 6.871315469253243702e-04
2.239060483870967744e+02 6.120458395361620240e-04 6.859396570567071047e-04
2.240310483870967744e+02 6.110716552992642107e-04 6.847478234671492683e-04
2.241560483870967744e+02 6.100987003205948084e-04 6.835560543415577150e-04
2.242810483870967744e+02 6.091269737562640804e-04 6.823643578512840610e-04
2.244060483870967744e+02 6.081564747608959572e-04 6.811727421538808476e-04
2.245310483870967744e+02 6.071872024876505880e-04 6.799812153930076498e-04
2.246560483870967744e+02 6.062191560882339899e-04 6.787897856982165121e-04
2.247810483870967744e+02 6.052523347129129018e-04 6.775984611845864642e-04
2.249060483870967744e+02 6.042867375105219398e-04 6.764072499527615766e-04
2.250310483870967744e+02 6.033223636284792100e-04 6.752161600886434807e-04
2.251560483870967744e+02 6.023592122127961745e-04 6.740251996630955986e-04
2.252810483870967744e+02 6.013972824080897946e-04 6.728343767319530091e-04
2.254060483870967744e+02 6.004365733575973843e-04 6.716436993357159440e-04
2.255310483870967744e+02 5.994770842031826820e-04 6.704531754993131067e-04
2.256560483870967744e+02 5.985188140853498363e-04 6.692628132320329335e-04
2.257810483870967744e+02 5.975617621432614043e-04 6.680726205273010074e-04
2.259060483870967744e+02 5.966059275147356407e-04 6.668826053624053209e-04
2.260310483870967744e+02 5.956513093362699168e-04 6.656927756984381628e-04
2.261560483870967744e+02 5.946979067430455991e-04 6.645031394800944569e-04
2.262810483870967744e+02 5.937457188689496254e-04 6.633137046353910615e-04
2.264060483870967744e+02 5.927947448465649633e-04 6.621244790756223176e-04
2.265310483870967744e+02 5.918449838072030282e-04 6.609354706951202233e-04
2.266560483870967744e+02 5.908964348809008643e-04 6.597466873710792264e-04
2.267810483870967744e+02 5.899490971964452138e-04 6.585581369634191818e-04
2.269060483870967744e+02 5.890029698813674212e-04 6.573698273145552832e-04
2.270310483870967744e+02 5.880580520619649006e-04 6.561817662493353966e-04
2.271560483870967744e+02 5.871143428633064480e-04 6.549939615747622877e-04
2.272810483870967744e+02 5.861718414092525163e-04 6.538636825629841852e-04
2.274060483870967744e+02 5.852305468224525044e-04 6.529041218817760971e-04
2.275310483870967744e+02 5.842904582243622132e-04 6.519446736959971051e-04
2.276560483870967744e+02 5.833515747352570726e-04 6.509853415655563044e-04
2.277810483870967744e+02 5.824138954742344183e-04 6.500261290535640051e-04
2.279060483870967744e+02 5.814774195592326824e-04 6.490670397261515383e-04
2.280310483870967744e+02 5.805421461070319356e-04 6.481080771523920012e-04
2.281560483870967744e+02 5.796080742332792570e-04 6.471492449040571783e-04
2.282810483870967744e+02 5.786752030524793021e-04 6.461905465556124460e-04
2.284060483870967744e+02 5.777435316780192391e-04 6.452319856840038354e-04
2.285310483870967744e+02 5.768130592221711343e-04 6.442735658684866197e-04
2.286560483870967744e+02 5.758837847961112508e-04 6.433152906906236881e-04
2.287810483870967744e+02 5.749557075099124594e-04 6.423571637340288066e-04
2.289060483870967744e+02 5.740288264725723188e-04 6.413991885842934343e-04
2.290310483870967744e+02 5.731031407920110163e-04 6.404413688288289721e-04
2.291560483870967744e+02 5.721786495750908830e-04 6.394837080567791592e-04
2.292810483870967744e+02 5.712553519276161772e-04 6.385262098588214471e-04
2.294060483870967744e+02 5.703332469543462031e-04 6.375688778271521463e-04
2.295310483870967744e+02 5.694123337590056106e-04 6.366117155551947755e-04
2.296560483870967744e+02 5.684926114442996831e-04 6.356547266376450563e-04
2.297810483870967744e+02 5.675740791119119515e-04 6.346979146702327141e-04
2.299060483870967744e+02 5.666567358625160125e-04 6.337412832496246585e-04
2.300310483870967744e+02 5.657405807957937433e-04 6.327848359733050706e-04
2.301560483870967744e+02 5.648256130104398545e-04 6.318285764394953891e-04
2.302810483870967744e+02 5.639118316041662280e-04 6.308725082469232668e-04
2.304060483870967744e+02 5.629992356737148181e-04 6.299166349948273408e-04
2.305310483870967744e+02 5.620878243148678434e-04 6.289609602827066735e-04
2.306560483870967744e+02 5.611775966224565688e-04 6.280054877103437381e-04
2.307810483870967744e+02 5.602685516903670518e-04 6.270502208775732660e-04
2.309060483870967744e+02 5.593606886115513096e-04 6.260951633841730680e-04
2.310310483870967744e+02 5.584540064780369687e-04 6.251403188298267381e-04
2.311560483870967744e+02 5.575485043809331196e-04 6.241856908139177627e-04
2.312810483870967744e+02 5.566441814104417006e-04 6.232312829354643606e-04
2.314060483870967744e+02 5.557410366558656299e-04 6.222770987929592381e-04
2.315310483870967744e+02 5.548390692056133586e-04 6.213231419843333759e-04
2.316560483870967744e+02 5.539382781472177364e-04 6.203694161067216254e-04
2.317810483870967744e+02 5.530386625673324331e-04 6.194159247564801638e-04
2.319060483870967744e+02 5.521402215517462507e-04 6.184626715289845075e-04
2.320310483870967744e+02 5.512429541853888695e-04 6.175096600185434265e-04
2.321560483870967744e+02 5.503468595523490622e-04 6.165568938182879218e-04
2.322810483870967744e+02 5.494519367358625516e-04 6.156043765200724547e-04
2.324060483870967744e+02 5.485581848183413919e-04 6.146521117143379041e-04
2.325310483870967744e+02 5.476656028813674639e-04 6.137001029900564881e-04
2.326560483870967744e+02 5.467741900057143754e-04 6.127483539345245740e-04
2.327810483870967744e+02 5.458839452713393301e-04 6.117968681333790489e-04
2.329060483870967744e+02 5.449948677574000411e-04 6.108456491703934902e-04
2.330310483870967744e+02 5.441069565422670907e-04 6.098947006274150649e-04
2.331560483870967744e+02 5.432202107035220872e-04 6.089440260842350757e-04
2.332810483870967744e+02 5.423346293179716511e-04 6.079936291185619648e-04
2.334060483870967744e+02 5.414502114616457891e-04 6.070435133057804035e-04
2.335310483870967744e+02 5.405669562098247821e-04 6.060936822189486907e-04
2.336560483870967744e+02 5.396848626370293186e-04 6.051441394286972714e-04
2.337810483870967744e+02 5.388039298170338312e-04 6.041948885030648054e-04
2.339060483870967744e+02 5.379241568228727843e-04 6.032459330074924206e-04
2.340310483870967744e+02 5.370455427268547690e-04 6.022972765045819365e-04
2.341560483870967744e+02 5.361680866005593587e-04 6.013489225541569045e-04
2.342810483870967744e+02 5.352917875148523966e-04 6.004008747130486949e-04
2.344060483870967744e+02 5.344166445398885979e-04 5.994531365350435877e-04
2.345310483870967744e+02 5.335426567451284630e-04 5.985057115707740271e-04
2.346560483870967744e+02 5.326698231993263512e-04 5.975586033676637612e-04
2.347810483870967744e+02 5.317981429705586705e-04 5.966118154697283484e-04
2.349060483870967744e+02 5.309276151262156372e-04 5.956653514176121289e-04
2.350310483870967744e+02 5.300582387330231770e-04 5.947192147484023925e-04
2.351560483870967744e+02 5.291900128570334923e-04 5.937734089955578210e-04
2.352810483870967744e+02 5.283229365636436022e-04 5.928279376888279323e-04
2.354060483870967744e+02 5.274570089175966434e-04 5.918828043541576704e-04
2.355310483870967744e+02 5.265922289829944470e-04 5.909380125135757326e-04
2.356560483870967744e+02 5.257285958232994902e-04 5.899935656851623689e-04
2.357810483870967744e+02 5.248661085013394496e-04 5.890494673828541167e-04
2.359060483870967744e+02 5.240047660793201037e-04 5.881057211164546434e-04
2.360310483870967744e+02 5.231445676188346567e-04 5.871623303915243742e-04
2.361560483870967744e+02 5.222855121808594016e-04 5.862192987092536408e-04
2.362810483870967744e+02 5.214275988257677068e-04 5.852766295663754028e-04
2.364060483870967744e+02 5.205708266133348945e-04 5.843343264551636215e-04
2.365310483870967744e+02 5.197151946027502760e-04 5.833923928632319235e-04
2.366560483870967744e+02 5.188607018526117300e-04 5.824508322735511652e-04
2.367810483870967744e+02 5.180073474209454356e-04 5.815096481642371452e-04
2.369060483870967744e+02 5.171551303651964393e-04 5.805688440086248731e-04
2.370310483870967744e+02 5.163040497422581457e-04 5.796284232750862058e-04
2.371560483870967744e+02 5.154541046084554039e-04 5.786883894269620856e-04
2.372810483870967744e+02 5.146052940195638059e-04 5.777487459224559625e-04
2.374060483870967744e+02 5.137576170308114218e-04 5.768094962146406253e-04
2.375310483870967744e+02 5.129110726968905088e-04 5.758706437512681403e-04
2.376560483870967744e+02 5.120656600719548012e-04 5.749321919747971740e-04
2.377810483870967744e+02 5.112213782096321950e-04 5.739941443221983778e-04
2.379060483870967744e+02 5.103782261630301692e-04 5.730565042249696761e-04
2.380310483870967744e+02 5.095362029847387130e-04 5.721192751090306648e-04
2.381560483870967744e+02 5.086953077268412766e-04 5.711824603946531135e-04
2.382810483870967744e+02 5.078555394409135781e-04 5.702460634963041905e-04
2.384060483870967744e+02 5.070168971780397585e-04 5.693100878227185619e-04
2.385310483870967744e+02 5.061793799888089120e-04 5.683745367767107162e-04
2.386560483870967744e+02 5.053429869233249522e-04 5.674394137551036239e-04
2.387810483870967744e+02 5.045077170312093229e-04 5.665047221487413140e-04
2.389060483870967744e+02 5.036735693616170443e-04 5.655704653423181127e-04
2.390310483870967744e+02 5.028405429632276050e-04 5.646366467143826545e-04
2.391560483870967744e+02 5.020086368842624188e-04 5.637032696371793716e-04
2.392810483870967744e+02 5.011778501724794025e-04 5.627703374766628063e-04
2.394060483870967744e+02 5.003481818751950947e-04 5.618378535923910328e-04
2.395310483870967744e+02 4.995196310392737045e-04 5.609058213374801217e-04
2.396560483870967744e+02 4.986921967111420740e-04 5.599742440584399910e-04
2.397810483870967744e+02 4.978658779367890275e-04 5.590431250952466145e-04
2.399060483870967744e+02 4.970406737617807675e-04 5.581124677811701755e-04
2.400310483870967744e+02 4.962165832312543691e-04 5.571822754427794037e-04
2.401560483870967744e+02 4.953936053899317665e-04 5.562525513997867510e-04
2.402810483870967744e+02 4.945717392821208369e-04 5.553232989650643296e-04
2.404060483870967744e+02 4.937509839517222315e-04 5.543945214445515374e-04
2.405310483870967744e+02 4.929313384422355547e-04 5.534662221372007402e-04
2.406560483870967744e+02 4.921128017967624007e-04 5.525384043348328554e-04
2.407810483870967744e+02 4.912953730580130749e-04 5.516110713222056568e-04
2.409060483870967744e+02 4.904790512683140750e-04 5.506842263768929949e-04
2.410310483870967744e+02 4.896638354696074410e-04 5.497578727691287796e-04
2.411560483870967744e+02 4.888497247034610544e-04 5.488320137619197379e-04
2.412810483870967744e+02 4.880367180110696686e-04 5.479066526108638093e-04
2.414060483870967744e+02 4.872248144332688409e-04 5.469817925641240171e-04
2.415310483870967744e+02 4.864140130105248493e-04 5.460574368623403226e-04
2.416560483870967744e+02 4.856043127829525819e-04 5.451335887386197588e-04
2.417810483870967744e+02 4.847957127903148320e-04 5.442102514184576087e-04
2.419060483870967744e+02 4.839882120720335199e-04 5.432874281196879663e-04
2.420310483870967744e+02 4.831818096671829706e-04 5.423651220523463675e-04
2.421560483870967744e+02 4.823765046145046050e-04 5.414433364187486121e-04
2.422810483870967744e+02 4.815722959524076983e-04 5.405220744133472149e-04
2.424060483870967744e+02 4.807691827189782712e-04 5.396013392226906404e-04
2.425310483870967744e+02 4.799671639519775715e-04 5.386811340253457817e-04
2.426560483870967744e+02 4.791662386888523740e-04 5.377614619919136819e-04
2.427810483870967744e+02 4.783664059667318909e-04 5.368423262848919485e-04
2.429060483870967744e+02 4.775676648224475582e-04 5.359237300587005575e-04
2.430310483870967744e+02 4.767700142925190496e-04 5.350056764595238854e-04
2.431560483870967744e+02 4.759734534131735209e-04 5.340881686253779294e-04
2.432810483870967744e+02 4.751779812203415446e-04 5.331712096860156567e-04
2.434060483870967744e+02 4.743835967496682227e-04 5.322548027627866003e-04
2.435310483870967744e+02 4.735902990365118315e-04 5.313389509687343288e-04
2.436560483870967744e+02 4.727980871159493509e-04 5.304236574084521391e-04
2.437810483870967744e+02 4.720069600227883369e-04 5.295089251780631069e-04
2.439060483870967744e+02 4.712169167915586268e-04 5.285947573651263035e-04
2.440310483870967744e+02 4.704279564565276269e-04 5.276811570486795132e-04
2.441560483870967744e+02 4.696400780516972223e-04 5.267681272991037080e-04
2.442810483870967744e+02 4.688532806108176008e-04 5.258556711781388771e-04
2.444060483870967744e+02 4.680675631673801508e-04 5.249437917387668245e-04
2.445310483870967744e+02 4.672829247546298761e-04 5.240324920252362141e-04
2.446560483870967744e+02 4.664993644055647989e-04 5.231217750729911208e-04
2.447810483870967744e+02 4.657168811529460435e-04 5.222116439086148688e-04
2.449060483870967744e+02 4.649354740292970770e-04 5.213021015497655217e-04
2.450310483870967744e+02 4.641551420669065824e-04 5.203931510052076494e-04
2.451560483870967744e+02 4.633758842978361026e-04 5.194847952746815736e-04
2.452810483870967744e+02 4.625976997539282256e-04 5.185770373489320987e-04
2.454060483870967744e+02 4.618205874668013808e-04 5.176698802095960807e-04
2.455310483870967744e+02 4.610445464678592713e-04 5.167633268292142444e-04
2.456560483870967744e+02 4.602695757882933132e-04 5.158573801711945376e-04
2.457810483870967744e+02 4.594956744590919062e-04 5.149520431897108667e-04
2.459060483870967744e+02 4.587228415110353912e-04 5.140473188297129629e-04
2.460310483870967744e+02 4.579510759747058087e-04 5.131432100268961327e-04
2.461560483870967744e+02 4.571803768804918859e-04 5.122397197076301346e-04
2.462810483870967744e+02 4.564107432585877899e-04 5.113368507889013911e-04
2.464060483870967744e+02 4.556421741390020725e-04 5.104346061783515860e-04
2.465310483870967744e+02 4.548746685515595673e-04 5.095329887741558003e-04
2.466560483870967744e+02 4.541082255259033416e-04 5.086320014650569897e-04
2.467810483870967744e+02 4.533428440915053753e-04 5.077316471302499752e-04
2.469060483870967744e+02 4.525785232776608153e-04 5.068319286394165710e-04
2.470310483870967744e+02 4.518152621134973530e-04 5.059328488526618336e-04
2.471560483870967744e+02 4.510530596279782611e-04 5.050344106204930281e-04
2.472810483870967744e+02 4.502919148499105783e-04 5.041366167837206405e-04
2.474060483870967744e+02 4.495318268079360026e-04 5.032394701735203946e-04
2.475310483870967744e+02 4.487727945305485097e-04 5.023429736113484666e-04
2.476560483870967744e+02 4.480148170460889856e-04 5.014471299089052732e-04
2.477810483870967744e+02 4.472578933827578039e-04 5.005519418680952478e-04
2.479060483870967744e+02 4.465020225686076156e-04 4.996574122810291171e-04
2.480310483870967744e+02 4.457472036315540827e-04 4.987635439299830265e-04
2.481560483870967744e+02 4.449934355993757700e-04 4.978703395873212371e-04
2.482810483870967744e+02 4.442407174997250953e-04 4.969778020155239890e-04
2.484060483870967744e+02 4.434890483601216615e-04 4.960859339671351348e-04
2.485310483870967744e+02 4.427384272079585995e-04 4.951947381847444669e-04
2.486560483870967744e+02 4.419888530705123257e-04 4.943042174008875373e-04
2.487810483870967744e+02 4.412403249749406991e-04 4.934143743381288159e-04
2.489060483870967744e+02 4.404928419482873579e-04 4.925252117089723523e-04
2.490310483870967744e+02 4.397464030174825329e-04 4.916367322158151547e-04
2.491560483870967744e+02 4.390010072093537808e-04 4.907489385509458896e-04
2.492810483870967744e+02 4.382566535506212139e-04 4.898618333965273170e-04
2.494060483870967744e+02 4.375133410679056317e-04 4.889754194245515134e-04
2.495310483870967744e+02 4.367710687877280869e-04 4.880896992968420398e-04
2.496560483870967744e+02 4.360298357365234925e-04 4.872046756649468769e-04
2.497810483870967744e+02 4.352896409406258765e-04 4.863203511702253240e-04
2.499060483870967744e+02 4.345504834262883852e-04 4.854367284437550827e-04
2.500310483870967744e+02 4.338123622196775916e-04 4.845538101063146929e-04
2.501560483870967744e+02 4.330752763468830361e-04 4.836715987683543679e-04
2.502810483870967744e+02 4.323392248339128353e-04 4.827900970300130160e-04
2.504060483870967744e+02 4.316042067067017598e-04 4.819093074810499905e-04
2.505310483870967744e+02 4.308702209911124265e-04 4.810292327008227004e-04
2.506560483870967744e+02 4.301372667129440804e-04 4.801498752583100837e-04
2.507810483870967744e+02 4.294053428979273911e-04 4.792712377120362252e-04
2.509060483870967744e+02 4.286744485717294936e-04 4.783933226101038587e-04
2.510310483870967744e+02 4.279445827599616327e-04 4.775161324900862171e-04
2.511560483870967744e+02 4.272157444881813848e-04 4.766396698791142573e-04
2.512810483870967744e+02 4.264879327818916826e-04 4.757639372937908992e-04
2.514060483870967744e+02 4.257611466665454773e-04 4.748889372401839787e-04
2.515310483870967744e+02 4.250353851675495870e-04 4.740146722137806570e-04
2.516560483870967744e+02 4.243106473102709855e-04 4.731411446995406004e-04
2.517810483870967744e+02 4.235869321200318692e-04 4.722683571717950415e-04
2.519060483870967744e+02 4.228642386221211492e-04 4.713963120942970316e-04
2.520310483870967744e+02 4.221425658417875672e-04 4.705250119201434328e-04
2.521560483870967744e+02 4.214219128042557953e-04 4.696544590917863015e-04
2.522810483870967744e+02 4.207022785347184135e-04 4.687846560410434057e-04
2.524060483870967744e+02 4.199836620583414929e-04 4.679156051890369134e-04
2.525310483870967744e+02 4.192660624002700711e-04 4.670473089461777251e-04
2.526560483870967744e+02 4.185494785856312423e-04 4.661797697121964289e-04
2.527810483870967744e+02 4.178339096395324763e-04 4.653129898760698991e-04
2.529060483870967744e+02 4.171193545870675282e-04 4.644469718160680800e-04
2.530310483870967744e+02 4.164058124533193649e-04 4.635817178996641595e-04
2.531560483870967744e+02 4.156932822633658577e-04 4.627172304835811900e-04
2.532810483870967744e+02 4.149817630422737648e-04 4.618535119137690491e-04
2.534060483870967744e+02 4.142712538151104408e-04 4.609905645253535903e-04
2.535310483870967744e+02 4.135617536069423187e-04 4.601283906426640192e-04
2.536560483870967744e+02 4.128532614428412524e-04 4.592669925792095291e-04
2.537810483870967744e+02 4.121457763478805054e-04 4.584063726376745845e-04
2.539060483870967744e+02 4.114392973471441830e-04 4.575465331098470929e-04
2.540310483870967744e+02 4.107338234657265282e-04 4.566874762767087728e-04
2.541560483870967744e+02 4.100293537287369623e-04 4.558292044083390396e-04
2.542810483870967744e+02 4.093258871613002486e-04 4.549717197639581022e-04
2.544060483870967744e+02 4.086234227885572503e-04 4.541150245918665188e-04
2.545310483870967744e+02 4.079219596356758277e-04 4.532591211294731155e-04
2.546560483870967744e+02 4.072214967278449827e-04 4.524040116032844146e-04
2.547810483870967744e+02 4.065220330902812561e-04 4.515496982288866377e-04
2.549060483870967744e+02 4.058235677482294862e-04 4.506961832108958860e-04
2.550310483870967744e+02 4.051260997269699651e-04 4.498434687430311074e-04
2.551560483870967744e+02 4.044296280518146431e-04 4.489915570080548445e-04
2.552810483870967744e+02 4.037341517481140142e-04 4.481404501777570804e-04
2.554060483870967744e+02 4.030396698412575494e-04 4.472901504129655928e-04
2.555310483870967744e+02 4.023461813566778711e-04 4.464406598635415084e-04
2.556560483870967744e+02 4.016536853198520536e-04 4.455919806683800079e-04
2.557810483870967744e+02 4.009621807563052559e-04 4.447441149553621334e-04
2.559060483870967744e+02 4.002716666916097997e-04 4.438970648413900245e-04
2.560310483870968028e+02 3.995821421513953611e-04 4.430508324323749925e-04
2.561560483870968028e+02 3.988936061613420313e-04 4.422054198232307979e-04
2.562810483870968028e+02 3.982060577471890992e-04 4.413608290978183568e-04
2.564060483870968028e+02 3.975194959347338585e-04 4.405170623290292236e-04
2.565310483870968028e+02 3.968339197498394681e-04 4.396741215787223827e-04
2.566560483870968028e+02 3.961463875075332212e-04 4.388320088977325424e-04
2.567810483870967460e+02 3.951869882330567548e-04 4.379907263258451438e-04
2.569060483870967460e+02 3.942290180425567160e-04 4.371502758918494871e-04
2.570310483870967460e+02 3.932724788528508836e-04 4.363106596134737878e-04
2.571560483870967460e+02 3.923173725581272976e-04 4.354718794974306588e-04
2.572810483870967460e+02 3.913637010300433008e-04 4.346339375393502695e-04
2.574060483870967460e+02 3.904114661177745995e-04 4.338025038390759883e-04
2.575310483870967460e+02 3.894606696480406877e-04 4.329763868849081801e-04
2.576560483870967460e+02 3.885113134252285547e-04 4.321511009404156159e-04
2.577810483870967460e+02 3.875633992314223919e-04 4.313266478189709896e-04
2.579060483870967460e+02 3.866169288264417574e-04 4.305030293237999475e-04
2.580310483870967460e+02 3.856719039479619216e-04 4.296802472479640113e-04
2.581560483870967460e+02 3.847283263115264446e-04 4.288583033743713661e-04
2.582810483870967460e+02 3.837861976106358096e-04 4.280371994757782702e-04
2.584060483870967460e+02 3.828455195168106858e-04 4.272169373147717076e-04
2.585310483870967460e+02 3.819062936796429946e-04 4.263975186437811513e-04
2.586560483870967460e+02 3.809685217268664369e-04 4.255789452050717878e-04
2.587810483870967460e+02 3.800322052644322245e-04 4.247612187307550332e-04
2.589060483870967460e+02 3.790973458765523941e-04 4.239443409427681502e-04
2.590310483870967460e+02 3.781639451257707684e-04 4.231283135528843861e-04
2.591560483870967460e+02 3.772320045530515352e-04 4.223131382627265786e-04
2.592810483870967460e+02 3.763015256777993596e-04 4.214988167637461229e-04
2.594060483870967460e+02 3.753725099979713818e-04 4.206853507372307235e-04
2.595310483870967460e+02 3.744449589901099602e-04 4.198727418543036897e-04
2.596560483870967460e+02 3.735188741094137952e-04 4.190609917759445893e-04
2.597810483870967460e+02 3.725942567898278090e-04 4.182501021529574817e-04
2.599060483870967460e+02 3.716711084440721489e-04 4.174400746259924392e-04
2.600310483870967460e+02 3.707494304637308198e-04 4.166309108255529200e-04
2.601560483870967460e+02 3.698292242193227546e-04 4.158226123719832991e-04
2.602810483870967460e+02 3.689104910603497895e-04 4.150151808754770004e-04
2.604060483870967460e+02 3.679932323153727210e-04 4.142086179360771471e-04
2.605310483870967460e+02 3.670774492920856821e-04 4.134029251436922283e-04
2.606560483870967460e+02 3.661631432773697022e-04 4.125981040780788605e-04
2.607810483870967460e+02 3.652503155373594936e-04 4.117941563088587005e-04
2.609060483870967460e+02 3.643389673175378854e-04 4.109910833955240841e-04
2.610310483870967460e+02 3.634290998427488345e-04 4.101888868874269123e-04
2.611560483870967460e+02 3.625207143173266619e-04 4.093875683238000105e-04
2.612810483870967460e+02 3.616138119251335664e-04 4.085871292337457444e-04
2.614060483870967460e+02 3.607083938296037516e-04 4.077875711362602515e-04
2.615310483870967460e+02 3.598044611738623086e-04 4.069888955402201601e-04
2.616560483870967460e+02 3.589020150807647894e-04 4.061911039443882269e-04
2.617810483870967460e+02 3.580010566529498992e-04 4.053941978374388700e-04
2.619060483870967460e+02 3.571015869729433630e-04 4.045981786979376774e-04
2.620310483870967460e+02 3.562036071032118642e-04 4.038030479943632541e-04
2.621560483870967460e+02 3.553071180862083108e-04 4.030088071851047819e-04
2.622810483870967460e+02 3.544121209444786830e-04 4.022154577184823489e-04
2.624060483870967460e+02 3.535186166807154301e-04 4.014230010327311739e-04
2.625310483870967460e+02 3.526266062778092417e-04 4.006314385560235075e-04
2.626560483870967460e+02 3.517360906989398491e-04 3.998407717064802872e-04
2.627810483870967460e+02 3.508470708876467695e-04 3.990510018921589945e-04
2.629060483870967460e+02 3.499595477678760897e-04 3.982621305110730617e-04
2.630310483870967460e+02 3.490735222440700752e-04 3.974741589512058586e-04
2.631560483870967460e+02 3.481889952012337942e-04 3.966870885905075480e-04
2.632810483870967460e+02 3.473059675049962130e-04 3.959009207969021874e-04
2.634060483870967460e+02 3.464244400016795841e-04 3.951156569282968903e-04
2.635310483870967460e+02 3.455444135183884601e-04 3.943312983326058957e-04
2.636560483870967460e+02 3.446658888630535489e-04 3.935478463477336546e-04
2.637810483870967460e+02 3.437888668245154687e-04 3.927653023015999830e-04
2.639060483870967460e+02 3.429133481725899629e-04 3.919836675121398458e-04
2.640310483870967460e+02 3.420393336581488354e-04 3.912029432873308406e-04
2.641560483870967460e+02 3.411668240131755163e-04 3.904231309251759595e-04
2.642810483870967460e+02 3.402958199508339084e-04 3.896442317137264110e-04
2.644060483870967460e+02 3.394263221655620085e-04 3.888662469311009737e-04
2.645310483870967460e+02 3.385583313331147872e-04 3.880891778454773219e-04
2.646560483870967460e+02 3.376918481106426853e-04 3.873130257151123006e-04
2.647810483870967460e+02 3.368268731367776996e-04 3.865377917883466418e-04
2.649060483870967460e+02 3.359634070316801658e-04 3.857634773036311480e-04
2.650310483870967460e+02 3.351014503971213752e-04 3.849900834895127601e-04
2.651560483870967460e+02 3.342410038165591975e-04 3.842176115646600901e-04
2.652810483870967460e+02 3.333820678551976035e-04 3.834460627378795221e-04
2.654060483870967460e+02 3.325246430600594695e-04 3.826754382081122845e-04
2.655310483870967460e+02 3.316687299600653443e-04 3.819057391644529358e-04
2.656560483870967460e+02 3.308143290661051152e-04 3.811369667861583092e-04
2.657810483870967460e+02 3.299614408710793700e-04 3.803691222426698474e-04
2.659060483870967460e+02 3.291100658500165999e-04 3.796022066936063921e-04
2.660310483870967460e+02 3.282602044601159704e-04 3.788362212887942714e-04
2.661560483870967460e+02 3.274118571408082541e-04 3.780711671682716901e-04
2.662810483870967460e+02 3.265650243138593718e-04 3.773656442018816204e-04
2.664060483870967460e+02 3.257197063834207538e-04 3.766640141961693296e-04
2.665310483870967460e+02 3.248759037360878866e-04 3.759632268485927449e-04
2.666560483870967460e+02 3.240336167410046674e-04 3.752632826135813833e-04
2.667810483870967460e+02 3.231928457499061761e-04 3.745641819404043390e-04
2.669060483870967460e+02 3.223535910971980930e-04 3.738659252731786858e-04
2.670310483870967460e+02 3.215158531000392606e-04 3.731685130508699652e-04
2.671560483870967460e+02 3.206796320583939967e-04 3.724719457073002635e-04
2.672810483870967460e+02 3.198449282551093977e-04 3.717762236711473988e-04
2.674060483870967460e+02 3.190117419560016413e-04 3.710813473659597202e-04
2.675310483870967460e+02 3.181800734099007638e-04 3.703873172101325266e-04
2.676560483870967460e+02 3.173499228487397278e-04 3.696941336169524647e-04
2.677810483870967460e+02 3.165212904876257079e-04 3.690017969945684722e-04
2.679060483870967460e+02 3.156941765249007522e-04 3.683103077460150344e-04
2.680310483870967460e+02 3.148685811422182726e-04 3.676196662692054616e-04
2.681560483870967460e+02 3.140445045046205653e-04 3.669298729569446288e-04
2.682810483870967460e+02 3.132219467605977916e-04 3.662409281969265904e-04
2.684060483870967460e+02 3.124009080421626789e-04 3.655528323717476447e-04
2.685310483870967460e+02 3.115813884649351975e-04 3.648655858589031900e-04
2.686560483870967460e+02 3.107633881281895603e-04 3.641791890307932537e-04
2.687810483870967460e+02 3.099469071149417725e-04 3.634936422547326300e-04
2.689060483870967460e+02 3.091319454920243869e-04 3.628089458929527225e-04
2.690310483870967460e+02 3.083185033101359441e-04 3.621251003026112482e-04
2.691560483870967460e+02 3.075065806039405016e-04 3.614421058357864371e-04
2.692810483870967460e+02 3.066961773921122493e-04 3.607599628394979568e-04
2.694060483870967460e+02 3.058872936774216489e-04 3.600786716556946074e-04
2.695310483870967460e+02 3.050799294468095396e-04 3.593982326212831068e-04
2.696560483870967460e+02 3.042740846714348424e-04 3.587186460680974616e-04
2.697810483870967460e+02 3.034697593067784273e-04 3.580399123229490040e-04
2.699060483870967460e+02 3.026669532926943413e-04 3.573620317075983099e-04
2.700310483870967460e+02 3.018656665534698736e-04 3.566850045387785100e-04
2.701560483870967460e+02 3.010658989979240010e-04 3.560088311281890553e-04
2.702810483870967460e+02 3.002676505194653927e-04 3.553335117825181600e-04
2.704060483870967460e+02 2.994709209961436388e-04 3.546590468034285988e-04
2.705310483870967460e+02 2.986757102907549059e-04 3.539854364875831311e-04
2.706560483870967460e+02 2.978820182508963100e-04 3.533126811266395139e-04
2.707810483870967460e+02 2.970898447090163856e-04 3.526407810072543507e-04
2.709060483870967460e+02 2.962991894825231813e-04 3.519697364110964269e-04
2.710310483870967460e+02 2.955100523738345662e-04 3.512995476148584196e-04
2.711560483870967460e+02 2.947224331704349884e-04 3.506302148902485489e-04
2.712810483870967460e+02 2.939363316449751127e-04 3.499617385040110153e-04
2.714060483870967460e+02 2.931517475553295005e-04 3.492941187179219339e-04
2.715310483870967460e+02 2.923686806446501151e-04 3.486273557888050012e-04
2.716560483870967460e+02 2.915871306414633576e-04 3.479614499685342054e-04
2.717810483870967460e+02 2.908070972597323004e-04 3.472964015040349108e-04
2.719060483870967460e+02 2.900285801989039582e-04 3.466322106373038070e-04
2.720310483870967460e+02 2.892515791440155941e-04 3.459688776054096137e-04
2.721560483870967460e+02 2.884760937657423704e-04 3.453064026404961163e-04
2.722810483870967460e+02 2.877021237204682009e-04 3.446447859697966405e-04
2.724060483870967460e+02 2.869296686503614827e-04 3.439840278156338347e-04
2.725310483870967460e+02 2.861587281834380883e-04 3.433241283954383189e-04
2.726560483870967460e+02 2.853893019336443070e-04 3.426650879217446187e-04
2.727810483870967460e+02 2.846213895009093203e-04 3.420069066021989715e-04
2.729060483870967460e+02 2.838549904712227225e-04 3.413495846395779207e-04
2.730310483870967460e+02 2.830901044167100349e-04 3.406931222317882615e-04
2.731560483870967460e+02 2.823267308956898983e-04 3.400375195718725158e-04
2.732810483870967460e+02 2.815648694527500204e-04 3.393827768480253042e-04
2.734060483870967460e+02 2.808045196188194387e-04 3.387288942435900388e-04
2.735310483870967460e+02 2.800456809112300484e-04 3.380758719370792519e-04
2.736560483870967460e+02 2.792883528337861544e-04 3.374237101021683081e-04
2.737810483870967460e+02 2.785325348768468161e-04 3.367724089077233762e-04
2.739060483870967460e+02 2.777782265173734440e-04 3.361219685177800707e-04
2.740310483870967460e+02 2.770254272190124704e-04 3.354723890915851394e-04
2.741560483870967460e+02 2.762741364321671229e-04 3.348236707835797665e-04
2.742810483870967460e+02 2.755243535940515268e-04 3.341758137434232083e-04
2.744060483870967460e+02 2.747760781287697973e-04 3.335288181159898118e-04
2.745310483870967460e+02 2.740293094473855912e-04 3.328826840413824043e-04
2.746560483870967460e+02 2.732840469479835810e-04 3.322374116549463882e-04
2.747810483870967460e+02 2.725402900157390066e-04 3.315930010872688194e-04
2.749060483870967460e+02 2.717980380229937320e-04 3.309494524641890868e-04
2.750310483870967460e+02 2.710572903293135454e-04 3.303067659068111093e-04
2.751560483870967460e+02 2.703180462815583072e-04 3.296649415315167260e-04
2.752810483870967460e+02 2.695803052139635904e-04 3.290239794499578356e-04
2.754060483870967460e+02 2.688440664481785733e-04 3.283838797690846940e-04
2.755310483870967460e+02 2.681093292933671955e-04 3.277446425911409813e-04
2.756560483870967460e+02 2.673760930462584654e-04 3.271062680136814743e-04
2.757810483870967460e+02 2.666443569912093975e-04 3.264687561295722090e-04
2.759060483870967460e+02 2.659141204002809069e-04 3.258321070270140622e-04
2.760310483870967460e+02 2.651853825333067645e-04 3.251963207895271386e-04
2.761560483870967460e+02 2.644581426379533909e-04 3.245613974959913207e-04
2.762810483870967460e+02 2.637323999497865343e-04 3.239273372206288664e-04
2.764060483870967460e+02 2.630081536923507433e-04 3.232941400330328159e-04
2.765310483870967460e+02 2.622854030772197274e-04 3.226618059981603234e-04
2.766560483870967460e+02 2.615641473040696495e-04 3.220303351763556966e-04
2.767810483870967460e+02 2.608443855607538815e-04 3.213997276233490955e-04
2.769060483870967460e+02 2.601261170233530400e-04 3.207699833902790299e-04
2.770310483870967460e+02 2.594093408562529409e-04 3.201411025236791316e-04
2.771560483870967460e+02 2.586940562122110607e-04 3.195130850655167527e-04
2.772810483870967460e+02 2.579802622324153002e-04 3.188859310531813639e-04
2.774060483870967460e+02 2.572679580465535906e-04 3.182596405195032576e-04
2.775310483870967460e+02 2.565571427728839866e-04 3.176342134927588059e-04
2.776560483870967460e+02 2.558478155182933225e-04 3.170096499966878621e-04
2.777810483870967460e+02 2.551399753783646488e-04 3.163859500504911590e-04
2.779060483870967460e+02 2.544336214374445077e-04 3.157631136688550280e-04
2.780310483870967460e+02 2.537287527687104782e-04 3.151411408619503697e-04
2.781560483870967460e+02 2.530253684342305366e-04 3.145200316354420864e-04
2.782810483870967460e+02 2.523234674850293011e-04 3.138997859905072419e-04
2.784060483870967460e+02 2.516230489611599687e-04 3.132804039238444409e-04
2.785310483870967460e+02 2.509241118917590130e-04 3.126618854276732857e-04
2.786560483870967460e+02 2.502266552951144894e-04 3.120442304897580671e-04
2.787810483870967460e+02 2.495306781787367243e-04 3.114274390934064084e-04
2.789060483870967460e+02 2.488361795394178387e-04 3.108115112174900281e-04
2.790310483870967460e+02 2.481431583632863372e-04 3.101964468364473422e-04
2.791560483870967460e+02 2.474516136258909709e-04 3.095822459202924627e-04
2.792810483870967460e+02 2.467615442922534846e-04 3.089689084346341173e-04
2.794060483870967460e+02 2.460729493169251029e-04 3.083564343406826965e-04
2.795310483870967460e+02 2.453858276440661654e-04 3.077448235952538313e-04
2.796560483870967460e+02 2.447001782075058115e-04 3.071340761507900235e-04
2.797810483870967460e+02 2.440159999307874635e-04 3.065241919553599406e-04
2.799060483870967460e+02 2.433332917272599258e-04 3.059541189397062743e-04
2.800310483870967460e+02 2.426520525001271504e-04 3.054292003446976113e-04
2.801560483870967460e+02 2.419722811424980286e-04 3.049050187542007295e-04
2.802810483870967460e+02 2.412939765374762984e-04 3.043815735029183848e-04
2.804060483870967460e+02 2.406171375582074636e-04 3.038588639255085551e-04
2.805310483870967460e+02 2.399417630679344133e-04 3.033368893565856878e-04
2.806560483870967460e+02 2.392678519200791705e-04 3.028156491307110502e-04
2.807810483870967460e+02 2.385954029582911667e-04 3.022951425824054687e-04
2.809060483870967460e+02 2.379244150165111280e-04 3.017753690461391376e-04
2.810310483870967460e+02 2.372548869190404912e-04 3.012563278563409972e-04
2.811560483870967460e+02 2.365868174805949096e-04 3.007380183473925541e-04
2.812810483870967460e+02 2.359202055063662148e-04 3.002204398536273389e-04
2.814060483870967460e+02 2.352550497920958715e-04 2.997035917093397424e-04
2.815310483870967460e+02 2.345913491241192399e-04 2.991874732487737943e-04
2.816560483870967460e+02 2.339291022794368893e-04 2.986720838061320536e-04
2.817810483870967460e+02 2.332683080257798942e-04 2.981574227155734942e-04
2.819060483870967460e+02 2.326089651216560754e-04 2.976434893112111743e-04
2.820310483870967460e+02 2.319510723164292822e-04 2.971302829271171148e-04
2.821560483870967460e+02 2.312946283503638720e-04 2.966178028973178002e-04
2.822810483870967460e+02 2.306396319546930691e-04 2.961060485557982444e-04
2.824060483870967460e+02 2.299860818516825261e-04 2.955950192365024783e-04
2.825310483870967460e+02 2.293339767546832060e-04 2.950847142733289421e-04
2.826560483870967460e+02 2.286833153681933442e-04 2.945751330001375326e-04
2.827810483870967460e+02 2.280340963879246658e-04 2.940662747507443451e-04
2.829060483870967460e+02 2.273863185008539404e-04 2.935581388589263889e-04
2.830310483870967460e+02 2.267399803852841571e-04 2.930507246584202873e-04
2.831560483870967460e+02 2.260950807109125859e-04 2.925440314829184279e-04
2.832810483870967460e+02 2.254516181388772629e-04 2.920380586660796963e-04
2.834060483870967460e+02 2.248095913218229366e-04 2.915328055415170624e-04
2.835310483870967460e+02 2.241689989039664997e-04 2.910282714428098858e-04
2.836560483870967460e+02 2.235298395211358577e-04 2.905244557034948084e-04
2.837810483870967460e+02 2.228921118008533040e-04 2.900213576570726936e-04
2.839060483870967460e+02 2.222558143623810294e-04 2.895189766370061322e-04
2.840310483870967460e+02 2.216209458167723234e-04 2.890173119767191720e-04
2.841560483870967460e+02 2.209875047669463300e-04 2.885163630096006238e-04
2.842810483870967460e+02 2.203554898077395745e-04 2.880161290690028152e-04
2.844060483870967460e+02 2.197248995259531263e-04 2.875166094882390428e-04
2.845310483870967460e+02 2.190957325004276525e-04 2.870178036005898597e-04
2.846560483870967460e+02 2.184679873020945384e-04 2.865197107393023176e-04
2.847810483870967460e+02 2.178416624940209630e-04 2.860223302375848706e-04
2.849060483870967460e+02 2.172167566314891541e-04 2.855256614286143138e-04
2.850310483870967460e+02 2.165932682620402990e-04 2.850297036455317181e-04
2.851560483870967460e+02 2.159711959255257994e-04 2.845344562214487181e-04
2.852810483870967460e+02 2.153505381541802658e-04 2.840399184894417122e-04
2.854060483870967460e+02 2.147312934726681652e-04 2.835460897825535422e-04
2.855310483870967460e+02 2.141134603981391155e-04 2.830529694337999454e-04
2.856560483870967460e+02 2.134970374402857002e-04 2.825605567761612052e-04
2.857810483870967460e+02 2.128820231014065696e-04 2.820688511425888741e-04
2.859060483870967460e+02 2.122684158764508112e-04 2.815778518660048513e-04
2.860310483870967460e+02 2.116562142530797224e-04 2.810875582793014916e-04
2.861560483870967460e+02 2.110454167117276883e-04 2.805979697153418223e-04
2.862810483870967460e+02 2.104360217256455228e-04 2.801090855069593801e-04
2.864060483870967460e+02 2.098280277609660088e-04 2.796209049869616270e-04
2.865310483870967460e+02 2.092214332767516026e-04 2.791334274881297870e-04
2.866560483870967460e+02 2.086162367250597304e-04 2.786466523432149433e-04
2.867810483870967460e+02 2.080124365509845841e-04 2.781605788849449232e-04
2.869060483870967460e+02 2.074100311927192463e-04 2.776752064460213704e-04
2.870310483870967460e+02 2.068090190816138845e-04 2.771905343591208291e-04
2.871560483870967460e+02 2.062093986422189296e-04 2.767065619568961541e-04
2.872810483870967460e+02 2.056111682923474451e-04 2.762232885719745584e-04
2.874060483870967460e+02 2.050143264431294446e-04 2.757407135369639565e-04
2.875310483870967460e+02 2.044188714990604922e-04 2.752588361844453746e-04
2.876560483870967460e+02 2.038248018580575112e-04 2.747776558469812989e-04
2.877810483870967460e+02 2.032321159115167621e-04 2.742971718571116644e-04
2.879060483870967460e+02 2.026408120443597312e-04 2.738173835473561315e-04
2.880310483870967460e+02 2.020508886350881540e-04 2.733382902502148990e-04
2.881560483870967460e+02 2.014623440558443513e-04 2.728598912981674575e-04
2.882810483870967460e+02 2.008751766724522385e-04 2.723821860236766553e-04
2.884060483870967460e+02 2.002893848444772286e-04 2.719051737591869091e-04
2.885310483870967460e+02 1.997049669252792760e-04 2.714288538371238246e-04
2.886560483870967460e+02 1.991219212620636719e-04 2.709532255898976661e-04
2.887810483870967460e+02 1.985402461959253880e-04 2.704782883499029771e-04
2.889060483870967460e+02 1.979599400619152670e-04 2.700040414495186343e-04
2.890310483870967460e+02 1.973810011890855592e-04 2.695304842211097992e-04
2.891560483870967460e+02 1.968034279005307697e-04 2.690576159970250450e-04
2.892810483870967460e+02 1.962272185134595140e-04 2.685854361096037834e-04
2.894060483870967460e+02 1.956523713392295104e-04 2.681139438911714400e-04
2.895310483870967460e+02 1.950788846834026580e-04 2.676431386740386951e-04
2.896560483870967460e+02 1.945067568458030949e-04 2.671730197905106455e-04
2.897810483870967460e+02 1.939359861205566370e-04 2.667035865728778054e-04
2.899060483870967460e+02 1.933665707961478063e-04 2.662348383534222864e-04
2.900310483870967460e+02 1.927985091554718729e-04 2.657667744644189359e-04
2.901560483870967460e+02 1.922317994758795782e-04 2.652993942381323559e-04
2.902810483870967460e+02 1.916664400292297733e-04 2.648326970068222690e-04
2.904060483870967460e+02 1.911024290819419481e-04 2.643666821027375563e-04
2.905310483870967460e+02 1.905397648950406025e-04 2.639013488581264479e-04
2.906560483870967460e+02 1.899784457242066377e-04 2.634366966052298560e-04
2.907810483870967460e+02 1.894184698198320810e-04 2.629727246762823497e-04
2.909060483870967460e+02 1.888598354270596595e-04 2.625094324035180649e-04
2.910310483870967460e+02 1.883025407858376335e-04 2.620468191191672883e-04
2.911560483870967460e+02 1.877465841309713230e-04 2.615848841554572167e-04
2.912810483870967460e+02 1.871919636921631422e-04 2.611236268446164564e-04
2.914060483870967460e+02 1.866386776940675142e-04 2.606630465188694936e-04
2.915310483870967460e+02 1.860867243563397956e-04 2.602031425104462900e-04
2.916560483870967460e+02 1.855361018936792651e-04 2.597439141515723617e-04
2.917810483870967460e+02 1.849868085158797287e-04 2.592853607744785918e-04
2.919060483870967460e+02 1.844388424278808566e-04 2.588274817113995498e-04
2.920310483870967460e+02 1.838922018298082446e-04 2.583702762945701845e-04
2.921560483870967460e+02 1.833468849170296570e-04 2.579137438562330883e-04
2.922810483870967460e+02 1.828028898801901275e-04 2.574578837286326969e-04
2.924060483870967460e+02 1.822602149052731627e-04 2.570026952440234206e-04
2.925310483870967460e+02 1.817188581736408032e-04 2.565481777346647653e-04
2.926560483870967460e+02 1.811788178620728717e-04 2.560943305328228507e-04
2.927810483870967460e+02 1.806400921428288539e-04 2.556411529707746386e-04
2.929060483870967460e+02 1.801026791836861168e-04 2.551886443808046257e-04
2.930310483870967460e+02 1.795665771479785329e-04 2.547368040952091811e-04
2.931560483870967460e+02 1.790317841946588223e-04 2.542856314462953529e-04
2.932810483870967460e+02 1.784982984783340873e-04 2.538351257663815736e-04
2.934060483870967460e+02 1.779661181493076354e-04 2.533852863878010208e-04
2.935310483870967460e+02 1.774352413536360628e-04 2.529361126428974430e-04
2.936560483870967460e+02 1.769056662331692880e-04 2.524876038640323154e-04
2.937810483870967460e+02 1.763773909255877677e-04 2.520397593835823464e-04
2.939060483870967460e+02 1.758504135644615041e-04 2.515925785339383387e-04
2.940310483870967460e+02 1.753247322792880194e-04 2.511460606475115326e-04
2.941560483870967460e+02 1.748003451955296248e-04 2.507002050567276965e-04
2.942810483870967460e+02 1.742772504346731333e-04 2.502550110940354755e-04
2.944060483870967460e+02 1.737554461142649335e-04 2.498104780919023797e-04
2.945310483870967460e+02 1.732349303479496685e-04 2.493666053828141882e-04
2.946560483870967460e+02 1.727157012455289727e-04 2.489233922992822672e-04
2.947810483870967460e+02 1.721977569129947295e-04 2.484808381738396127e-04
2.949060483870967460e+02 1.716810954525702982e-04 2.480389423390406338e-04
2.950310483870967460e+02 1.711657149627647241e-04 2.475977041274668986e-04
2.951560483870967460e+02 1.706516135384057796e-04 2.471571228717244786e-04
2.952810483870967460e+02 1.701387892706897559e-04 2.467171979044464414e-04
2.954060483870967460e+02 1.696272402472198985e-04 2.462779285582926891e-04
2.955310483870967460e+02 1.691169645520500188e-04 2.458393141659500117e-04
2.956560483870967460e+02 1.686079602657310607e-04 2.454013540601384844e-04
2.957810483870967460e+02 1.681002254653470420e-04 2.449640475736040404e-04
2.959060483870967460e+02 1.675937582245605635e-04 2.445273940391251935e-04
2.960310483870967460e+02 1.670885566136582918e-04 2.440913927895148534e-04
2.961560483870967460e+02 1.665846186995848671e-04 2.436560431576153662e-04
2.962810483870967460e+02 1.660819425459899039e-04 2.432213444763054529e-04
2.964060483870967460e+02 1.655805262132717924e-04 2.427872960784964419e-04
2.965310483870967460e+02 1.650803677586112548e-04 2.423538972971391807e-04
2.966560483870967460e+02 1.645814652360186976e-04 2.419211474652191299e-04
2.967810483870967460e+02 1.640838166963752489e-04 2.414890459157588301e-04
2.969060483870967460e+02 1.635874201874694314e-04 2.410575919818211811e-04
2.970310483870967460e+02 1.630922737540395275e-04 2.406267849965088186e-04
2.971560483870967460e+02 1.625983754378181945e-04 2.401966242929640875e-04
2.972810483870967460e+02 1.621057232775667523e-04 2.397671092043727277e-04
2.974060483870967460e+02 1.616143153091161391e-04 2.393382390639618685e-04
2.975310483870967460e+02 1.611241495654135050e-04 2.389100132050036066e-04
2.976560483870967460e+02 1.606352240765521904e-04 2.384824309608128646e-04
2.977810483870967460e+02 1.601475368698176418e-04 2.380554916647520803e-04
2.979060483870967460e+02 1.596610859697283674e-04 2.376291946502313423e-04
2.980310483870967460e+02 1.591758693980662679e-04 2.372035392507054622e-04
2.981560483870967460e+02 1.586918851739263470e-04 2.367785247996805618e-04
2.982810483870967460e+02 1.582091313137509454e-04 2.363541506307119855e-04
2.984060483870967460e+02 1.577276058313666573e-04 2.359304160774050867e-04
2.985310483870967460e+02 1.572473067380240127e-04 2.355073204734185884e-04
2.986560483870967460e+02 1.567682320424408995e-04 2.350848631524617377e-04
2.987810483870967460e+02 1.562903797508321353e-04 2.346630434483009189e-04
2.989060483870967460e+02 1.558137478669534314e-04 2.342418606947538264e-04
2.990310483870967460e+02 1.553383343921403974e-04 2.338213142256970808e-04
2.991560483870967460e+02 1.548641373253406334e-04 2.334014033750627054e-04
2.992810483870967460e+02 1.543911546631549837e-04 2.329821274768409996e-04
2.994060483870967460e+02 1.539193843998767040e-04 2.325634858650822733e-04
2.995310483870967460e+02 1.534488245275249631e-04 2.321454778738941363e-04
2.996560483870967460e+02 1.529794730358819495e-04 2.317281028374490340e-04
2.997810483870967460e+02 1.525113279125347489e-04 2.313113600899799913e-04
2.999060483870967460e+02 1.520443871429065421e-04 2.308952489657821580e-04
3.000310483870967460e+02 1.515786487102938746e-04 2.304797687992156548e-04
3.001560483870967460e+02 1.511141105959085877e-04 2.300649189247080668e-04
3.002810483870967460e+02 1.506507707789063607e-04 2.296506986767495647e-04
3.004060483870967460e+02 1.501886272364265547e-04 2.292371073899016596e-04
3.005310483870967460e+02 1.497276779436311359e-04 2.288241443987900476e-04
3.006560483870967460e+02 1.492679208737338948e-04 2.284118090381146652e-04
3.007810483870967460e+02 1.488093539980411579e-04 2.280001006426439708e-04
3.009060483870967460e+02 1.483519752859834733e-04 2.275890185472160285e-04
3.010310483870967460e+02 1.478957827051565941e-04 2.271785620867461516e-04
3.011560483870967460e+02 1.474407742213491520e-04 2.267687305962198558e-04
3.012810483870967460e+02 1.469869477985822042e-04 2.263595234106988217e-04
3.014060483870967460e+02 1.465343013991453368e-04 2.259509398653216001e-04
3.015310483870967460e+02 1.460828329836259386e-04 2.255429792953025545e-04
3.016560483870967460e+02 1.456325405109473920e-04 2.251356410359358999e-04
3.017810483870967460e+02 1.451834219384035506e-04 2.247289244225923147e-04
3.019060483870967460e+02 1.447354752216938674e-04 2.243228287907250392e-04
3.020310483870967460e+02 1.442886983149491988e-04 2.239173534758700113e-04
3.021560483870967460e+02 1.438430891707778020e-04 2.235124978136421531e-04
3.022810483870967460e+02 1.433986457402922771e-04 2.231082611397426619e-04
3.024060483870967460e+02 1.429553659731389221e-04 2.227046427899565981e-04
3.025310483870967460e+02 1.425132478175410741e-04 2.223016421001554875e-04
3.026560483870967460e+02 1.420722892203267018e-04 2.218992584062972392e-04
3.027810483870967460e+02 1.416324881269570286e-04 2.214974910444271223e-04
3.029060483870967460e+02 1.411938424815683288e-04 2.210963393506819937e-04
3.030310483870967460e+02 1.407563502270012821e-04 2.206958026612855278e-04
3.031560483870967460e+02 1.403200093048266963e-04 2.202958803125556705e-04
3.032810483870967460e+02 1.398848176553887945e-04 2.198965716409018471e-04
3.034060483870967460e+02 1.394507732178323467e-04 2.194978759828265617e-04
3.035310483870967460e+02 1.390178739301294768e-04 2.190997926749280265e-04
3.036560483870967460e+02 1.385861177291223265e-04 2.187023210538986435e-04
3.037810483870967460e+02 1.381555025505458770e-04 2.183054604565304801e-04
3.039060483870967460e+02 1.377260263290627795e-04 2.179092102197112575e-04
3.040310483870967460e+02 1.372976869982967213e-04 2.175135696804283351e-04
3.041560483870967460e+02 1.368704824908593140e-04 2.171185381757702283e-04
3.042810483870967460e+02 1.364444107383836228e-04 2.167241150429259579e-04
3.044060483870967460e+02 1.360194696715567462e-04 2.163302996191878694e-04
3.045310483870967460e+02 1.355956572201468674e-04 2.159370912419523645e-04
3.046560483870967460e+02 1.351729713130353191e-04 2.155444892487180580e-04
3.047810483870967460e+02 1.347514098782498146e-04 2.151524929770933675e-04
3.049060483870967460e+02 1.343309708429895743e-04 2.147611017647905226e-04
3.050310483870967460e+02 1.339116521336608870e-04 2.143703149496312577e-04
3.051560483870967460e+02 1.334934516759022098e-04 2.139801318695481666e-04
3.052810483870967460e+02 1.330763673946162059e-04 2.135905518625810708e-04
3.054060483870967460e+02 1.326603972140021081e-04 2.132015742668842294e-04
3.055310483870967460e+02 1.322455390575793545e-04 2.128131984207228423e-04
3.056560483870967460e+02 1.318317908482212800e-04 2.124254236624771976e-04
3.057810483870967460e+02 1.314191505081848505e-04 2.120382493306428070e-04
3.059060483870967460e+02 1.310076159591354100e-04 2.116516747638295655e-04
3.060310483870967460e+02 1.305971851221794503e-04 2.112656993007657629e-04
3.061560483870967460e+02 1.301878559178932886e-04 2.108803222802997917e-04
3.062810483870967460e+02 1.297796262663487897e-04 2.104955430413968126e-04
3.064060483870967460e+02 1.293724940871435886e-04 2.101113609231443932e-04
3.065310483870967460e+02 1.289664572994321794e-04 2.097277752647517754e-04
3.066560483870967460e+02 1.285615138219464888e-04 2.093447854055512580e-04
3.067810483870967460e+02 1.281576615730326300e-04 2.089623906849995521e-04
3.069060483870967460e+02 1.277548984706751076e-04 2.085805904426771577e-04
3.070310483870967460e+02 1.273532224325195047e-04 2.081993840182944620e-04
3.071560483870967460e+02 1.269526313759094269e-04 2.078187707516858580e-04
3.072810483870967460e+02 1.265531232179087828e-04 2.074387499828161138e-04
3.074060483870967460e+02 1.261546958753256636e-04 2.070593210517815658e-04
3.075310483870967460e+02 1.257573472647472541e-04 2.066804832988070008e-04
3.076560483870967460e+02 1.253610753025626555e-04 2.063022360642509151e-04
3.077810483870967460e+02 1.249658779049859245e-04 2.059245786886042674e-04
3.079060483870967460e+02 1.245717529880902529e-04 2.055475105124945987e-04
3.080310483870967460e+02 1.241786984678316030e-04 2.051710308766836472e-04
3.081560483870967460e+02 1.237867122600696060e-04 2.047951391220699231e-04
3.082810483870967460e+02 1.233957922806029064e-04 2.044198345896909585e-04
3.084060483870967460e+02 1.230059364451902774e-04 2.040451166207229278e-04
3.085310483870967460e+02 1.226171426695752591e-04 2.036709845564827078e-04
3.086560483870967460e+02 1.222294088695143749e-04 2.032974377384287720e-04
3.087810483870967460e+02 1.218427329608039384e-04 2.029244755081621666e-04
3.089060483870967460e+02 1.214571128593018866e-04 2.025520972074283535e-04
3.090310483870967460e+02 1.210725464809549390e-04 2.021803021781165327e-04
3.091560483870967460e+02 1.206890317418259469e-04 2.018090897622631388e-04
3.092810483870967460e+02 1.203065665581155635e-04 2.014384593020533318e-04
3.094060483870967460e+02 1.199251488461879804e-04 2.010684101398178803e-04
3.095310483870967460e+02 1.195447765225970027e-04 2.006989416180398559e-04
3.096560483870967460e+02 1.191654475041108906e-04 2.003300530793512455e-04
3.097810483870967460e+02 1.187871597077345991e-04 1.999617438665379386e-04
3.099060483870967460e+02 1.184099110507352300e-04 1.995940133225386156e-04
3.100310483870967460e+02 1.180336994506683910e-04 1.992268607904446672e-04
3.101560483870967460e+02 1.176585228253986876e-04 1.988602856135060482e-04
3.102810483870967460e+02 1.172843790931252830e-04 1.984942871351265891e-04
3.104060483870967460e+02 1.169112661724074580e-04 1.981288646988695794e-04
3.105310483870967460e+02 1.165391819821846690e-04 1.977640176484576321e-04
3.106560483870967460e+02 1.161681244418025146e-04 1.973997453277726564e-04
3.107810483870967460e+02 1.157980914710368860e-04 1.970360470808584603e-04
3.109060483870967460e+02 1.154290809901141739e-04 1.966729222519222951e-04
3.110310483870967460e+02 1.150610909197363139e-04 1.963103701853327956e-04
3.111560483870967460e+02 1.146941191811050314e-04 1.959483902256267565e-04
3.112810483870967460e+02 1.143281636959416289e-04 1.955869817175044699e-04
3.114060483870967460e+02 1.139632223865112172e-04 1.952261440058343067e-04
3.115310483870967460e+02 1.135992931756464331e-04 1.948658764356545319e-04
3.116560483870967460e+02 1.132363739867690551e-04 1.945061783521706219e-04
3.117810483870967460e+02 1.128744627439087604e-04 1.941470491007612814e-04
3.119060483870967460e+02 1.125135573717321136e-04 1.937884880269741337e-04
3.120310483870967460e+02 1.121536557955603205e-04 1.934304944765334730e-04
3.121560483870967460e+02 1.117947559413888932e-04 1.930730677953362525e-04
3.122810483870967460e+02 1.114368557359159470e-04 1.927162073294539008e-04
3.124060483870967460e+02 1.110799531065578409e-04 1.923599124251361978e-04
3.125310483870967460e+02 1.107240459814729482e-04 1.920041824288100005e-04
3.126560483870967460e+02 1.103691322895844652e-04 1.916490166870813848e-04
3.127810483870967460e+02 1.100152099605991823e-04 1.912944145467365123e-04
3.129060483870967460e+02 1.096622769250285979e-04 1.909403753547428775e-04
3.130310483870967460e+02 1.093103311142131103e-04 1.905868984582512052e-04
3.131560483870967460e+02 1.089593704603385648e-04 1.902339832045940409e-04
3.132810483870967460e+02 1.086093928964590498e-04 1.898816289412904397e-04
3.134060483870967460e+02 1.082603963565190679e-04 1.895298350160462379e-04
3.135310483870967460e+02 1.079123787753703280e-04 1.891786007767519114e-04
3.136560483870967460e+02 1.075653380887943780e-04 1.888279255714886743e-04
3.137810483870967460e+02 1.072192722335233670e-04 1.884778087485253890e-04
3.139060483870967460e+02 1.068741791472582330e-04 1.881282496563236890e-04
3.140310483870967460e+02 1.065300567686885573e-04 1.877792476435358377e-04
3.141560483870967460e+02 1.061869030375156445e-04 1.874308020590065174e-04
3.142810483870967460e+02 1.058447158944680671e-04 1.870829122517769761e-04
3.144060483870967460e+02 1.055034932813226994e-04 1.867355775710809890e-04
3.145310483870967460e+02 1.051632331409259671e-04 1.863887973663508487e-04
3.146560483870967460e+02 1.048239334172094609e-04 1.860425709872161727e-04
3.147810483870967460e+02 1.044855920552142215e-04 1.856968977835051502e-04
3.149060483870967460e+02 1.041482070011023685e-04 1.853517771052464662e-04
3.150310483870967460e+02 1.038117762021838528e-04 1.850072083026692207e-04
3.151560483870967460e+02 1.034762976069319198e-04 1.846631907262056118e-04
3.152810483870967460e+02 1.031417691649979363e-04 1.843197237264922639e-04
3.154060483870967460e+02 1.028081888272373975e-04 1.839768066543681136e-04
3.155310483870967460e+02 1.024755545457237100e-04 1.836344388608799933e-04
3.156560483870967460e+02 1.021438642737649562e-04 1.832926196972819804e-04
3.157810483870967460e+02 1.018131159659269611e-04 1.829513485150344220e-04
3.159060483870967460e+02 1.014833075780491073e-04 1.826106246658092201e-04
3.160310483870967460e+02 1.011544370672586880e-04 1.822704475014864977e-04
3.161560483870967460e+02 1.008265023919949216e-04 1.819308163741605619e-04
3.162810483870967460e+02 1.004995015120239407e-04 1.815917306361376001e-04
3.164060483870967460e+02 1.001734323884526567e-04 1.812531896399364388e-04
3.165310483870967460e+02 9.984829298375301867e-05 1.809151927382935852e-04
3.166560483870967460e+02 9.952408126177549790e-05 1.805777392841594867e-04
3.167810483870967460e+02 9.920079518776405022e-05 1.802408286307040602e-04
3.169060483870967460e+02 9.887843272837895181e-05 1.799044601313143615e-04
3.170310483870967460e+02 9.855699185171006721e-05 1.795686331395981083e-04
3.171560483870967460e+02 9.823647052729220426e-05 1.792333470093841958e-04
3.172810483870967460e+02 9.791686672612601216e-05 1.788986010947224794e-04
3.174060483870967460e+02 9.759817842069322803e-05 1.785643947498866211e-04
3.175310483870967460e+02 9.728040358496895554e-05 1.782307273293760950e-04
3.176560483870967460e+02 9.696354019444534109e-05 1.778975981879136396e-04
3.177810483870967460e+02 9.664758622614228042e-05 1.775650066804501637e-04
3.179060483870967460e+02 9.633253965862467088e-05 1.772329521621638520e-04
3.180310483870967460e+02 9.601839847202112751e-05 1.769014339884623878e-04
3.181560483870967460e+02 9.570516064803571954e-05 1.765704515149834676e-04
3.182810483870967460e+02 9.539282416996783839e-05 1.762400040975950185e-04
3.184060483870967460e+02 9.508138702272446268e-05 1.759100910923998599e-04
3.185310483870967460e+02 9.477084719283751903e-05 1.755807118557318547e-04
3.186560483870967460e+02 9.446120266848045683e-05 1.752518657441609509e-04
3.187810483870967460e+02 9.415245143948017443e-05 1.749235521144928019e-04
3.189060483870967460e+02 9.384459149733524730e-05 1.745957703237700136e-04
3.190310483870967460e+02 9.353762083523080870e-05 1.742685197292733910e-04
3.191560483870967460e+02 9.323153744805165498e-05 1.739417996885223180e-04
3.192810483870967460e+02 9.292633933239831888e-05 1.736156095592781721e-04
3.194060483870967460e+02 9.262202448660345454e-05 1.732899486995429156e-04
3.195310483870967460e+02 9.231859091074326223e-05 1.729648164675608028e-04
3.196560483870967460e+02 9.201603660665400898e-05 1.726402122218207650e-04
3.197810483870967460e+02 9.171435957794746481e-05 1.723161353210564113e-04
3.199060483870967460e+02 9.141355783002239532e-05 1.719925851242473831e-04
3.200310483870967460e+02 9.111362937008109578e-05 1.716695609906209266e-04
3.201560483870967460e+02 9.081457220714360770e-05 1.713470622796515401e-04
3.202810483870967460e+02 9.051638435205969929e-05 1.710250883510652299e-04
3.204060483870967460e+02 9.021906381752459994e-05 1.707036385648365285e-04
3.205310483870967460e+02 8.992260861809346075e-05 1.703827122811926145e-04
3.206560483870967460e+02 8.962701677019116659e-05 1.700623088606146140e-04
3.207810483870967460e+02 8.933228629213109276e-05 1.697424276638353504e-04
3.209060483870967460e+02 8.903841520412638072e-05 1.694230680518444675e-04
3.210310483870967460e+02 8.874540152830037352e-05 1.691042293858877250e-04
3.211560483870967460e+02 8.845324328870515567e-05 1.687859110274674587e-04
3.212810483870967460e+02 8.816193851133213768e-05 1.684681123383453458e-04
3.214060483870967460e+02 8.787148522412407709e-05 1.681508326805417541e-04
3.215310483870967460e+02 8.758188145698928158e-05 1.678340714163380459e-04
3.216560483870967460e+02 8.729312524181554096e-05 1.675178279082786381e-04
3.217810483870967460e+02 8.700521461248076586e-05 1.672021015191689692e-04
3.219060483870967460e+02 8.671814760486629635e-05 1.668868916120795924e-04
3.220310483870967460e+02 8.643192225687117277e-05 1.665721975503459313e-04
3.221560483870967460e+02 8.614653660842227297e-05 1.662580186975697440e-04
3.222810483870967460e+02 8.586198870148694328e-05 1.659443544176206404e-04
3.224060483870967460e+02 8.557827658008781144e-05 1.656312040746350529e-04
3.225310483870967460e+02 8.529539829031151444e-05 1.653185670330214942e-04
3.226560483870967460e+02 8.501335188032231875e-05 1.650064426574567088e-04
3.227810483870967460e+02 8.473213540037526634e-05 1.646948303128906328e-04
3.229060483870967460e+02 8.445174690282570206e-05 1.643837293645457440e-04
3.230310483870967460e+02 8.417218444214214857e-05 1.640731391779184163e-04
3.231560483870967460e+02 8.389344607491886949e-05 1.637630591187805469e-04
3.232810483870967460e+02 8.361552985988578992e-05 1.634534885531785256e-04
3.234060483870967460e+02 8.333843385792084272e-05 1.631444268474383310e-04
3.235310483870967460e+02 8.306215613206072927e-05 1.628358733681633890e-04
3.236560483870967460e+02 8.278669474751392985e-05 1.625278274822351690e-04
3.237810483870967460e+02 8.251204777166930954e-05 1.622202885568175212e-04
3.239060483870967460e+02 8.223821327410873560e-05 1.619132559593549681e-04
3.240310483870967460e+02 8.196518932661890882e-05 1.616067290575749554e-04
3.241560483870967460e+02 8.169297400319948149e-05 1.613007072194888537e-04
3.242810483870967460e+02 8.142156538007606784e-05 1.609951898133917968e-04
3.244060483870967460e+02 8.115096153571141129e-05 1.606901762078666383e-04
3.245310483870967460e+02 8.088116055081355667e-05 1.603856657717820007e-04
3.246560483870967460e+02 8.061216050834826429e-05 1.600816578742941722e-04
3.247810483870967460e+02 8.034395949354886264e-05 1.597781518848507664e-04
3.249060483870967460e+02 8.007655559392772742e-05 1.594751471731860055e-04
3.250310483870967460e+02 7.980994689928282734e-05 1.591726431093289605e-04
3.251560483870967460e+02 7.954413150171276748e-05 1.588706390635992417e-04
3.252810483870967460e+02 7.927910749562420251e-05 1.585691344066097628e-04
3.254060483870967460e+02 7.901487297774032056e-05 1.582681285092686662e-04
3.255310483870967460e+02 7.875142604711430087e-05 1.579676207427794306e-04
3.256560483870967460e+02 7.848876480513737759e-05 1.576676104786416577e-04
3.257810483870967460e+02 7.822688735554644271e-05 1.573680970886525625e-04
3.259060483870967460e+02 7.796579180443721909e-05 1.570690799449096027e-04
3.260310483870967460e+02 7.770547626027243273e-05 1.567705584198078768e-04
3.261560483870967460e+02 7.744593883388883285e-05 1.564725318860446231e-04
3.262810483870967460e+02 7.718717763851088006e-05 1.561749997166178919e-04
3.264060483870967460e+02 7.692919078975673651e-05 1.558779612848303401e-04
3.265310483870967460e+02 7.667197640564759004e-05 1.555814159642872796e-04
3.266560483870967460e+02 7.641553260661903830e-05 1.552853631288989001e-04
3.267810483870967460e+02 7.615985751552749913e-05 1.549898021528818949e-04
3.269060483870967460e+02 7.590494925766009030e-05 1.546947324107607899e-04
3.270310483870967460e+02 7.565080596074415698e-05 1.544001532773667230e-04
3.271560483870967460e+02 7.539742575495450875e-05 1.541060641278405345e-04
3.272810483870967460e+02 7.514480677292279800e-05 1.538124643376348000e-04
3.274060483870967460e+02 7.489294714974697954e-05 1.535193532825102254e-04
3.275310483870967460e+02 7.464184502299811401e-05 1.532267303385428567e-04
3.276560483870967460e+02 7.439149853272879751e-05 1.529345948821199603e-04
3.277810483870967460e+02 7.414190582148382750e-05 1.526429462899440612e-04
3.279060483870967460e+02 7.389306503430506808e-05 1.523517839390335941e-04
3.280310483870967460e+02 7.364497431874264446e-05 1.520611072067210869e-04
3.281560483870967460e+02 7.339763182486041810e-05 1.517709154706589885e-04
3.282810483870967460e+02 7.315103570524495856e-05 1.514812081088177172e-04
3.284060483870967460e+02 7.290518411501475916e-05 1.511919844994849289e-04
3.285310483870967460e+02 7.266007521182557668e-05 1.509032440212713174e-04
3.286560483870967460e+02 7.241570715587956582e-05 1.506149860531082565e-04
3.287810483870967460e+02 7.217207810993327513e-05 1.503272099742482065e-04
3.289060483870967460e+02 7.192918623930388117e-05 1.500399151642696201e-04
3.290310483870967460e+02 7.168702971187737431e-05 1.497531010030726058e-04
3.291560483870967460e+02 7.144560669811711028e-05 1.494667668708849991e-04
3.292810483870967460e+02 7.120491537106787600e-05 1.491809121482600591e-04
3.294060483870967460e+02 7.096495390636666379e-05 1.488955362160783924e-04
3.295310483870967460e+02 7.072572048224868874e-05 1.486106384555497151e-04
3.296560483870967460e+02 7.048721327955201007e-05 1.483262182482129345e-04
3.297810483870967460e+02 7.024943048172868491e-05 1.480422749759369887e-04
3.299060483870967460e+02 7.001237027484945741e-05 1.477588080209224736e-04
3.300310483870967460e+02 6.977603084760863775e-05 1.474758167657032142e-04
3.301560483870967460e+02 6.954041039133510667e-05 1.471933005931450728e-04
3.302810483870967460e+02 6.930550709999673369e-05 1.469112588864495534e-04
3.304060483870967460e+02 6.907131917020525598e-05 1.466296910291526093e-04
3.305310483870967460e+02 6.883784480122625302e-05 1.463485964051266489e-04
3.306560483870967460e+02 6.860508219498412039e-05 1.460679743985825142e-04
3.307810483870967460e+02 6.837302955606659629e-05 1.457878243940680715e-04
3.309060483870967460e+02 6.814168509173431612e-05 1.455081457764704881e-04
3.310310483870967460e+02 6.791104701192563712e-05 1.452289379310189703e-04
3.311560483870967460e+02 6.768111352926058219e-05 1.449502002432809949e-04
3.312810483870967460e+02 6.745188285905099072e-05 1.446719320991684903e-04
3.314060483870967460e+02 6.722335321930406938e-05 1.443941328849366159e-04
3.315310483870967460e+02 6.699552283072830099e-05 1.441168019871824884e-04
3.316560483870967460e+02 6.676838991673950249e-05 1.438399387928507658e-04
3.317810483870967460e+02 6.654195270346760125e-05 1.435635426892303401e-04
3.319060483870967460e+02 6.631620941976118868e-05 1.432876130639577255e-04
3.320310483870967460e+02 6.609115829719337495e-05 1.430121493050185767e-04
3.321560483870967460e+02 6.586679757006750810e-05 1.427371508007445171e-04
3.322810483870967460e+02 6.564312547542358448e-05 1.424626169398193190e-04
3.324060483870967460e+02 6.542014025304150127e-05 1.421885471112779820e-04
3.325310483870967460e+02 6.519784014544811738e-05 1.419149407045044021e-04
3.326560483870967460e+02 6.497622339792295907e-05 1.416417971092380392e-04
3.327810483870967460e+02 6.475528825850148610e-05 1.413691157155703938e-04
3.329060483870967460e+02 6.453503297798143432e-05 1.410968959139471208e-04
3.330310483870967460e+02 6.431545580992872456e-05 1.408251370951714725e-04
3.331560483870967460e+02 6.409655501068057973e-05 1.405538386503998795e-04
3.332810483870967460e+02 6.387832883935147435e-05 1.402829999711488907e-04
3.334060483870967460e+02 6.366077555783896216e-05 1.400126204492918927e-04
3.335310483870967460e+02 6.344389343082612912e-05 1.397426994770612245e-04
3.336560483870967460e+02 6.322768072578817996e-05 1.394732364470504268e-04
3.337810483870967460e+02 6.301213571299722218e-05 1.392042307522131314e-04
3.339060483870967460e+02 6.279725666552530183e-05 1.389356817858650118e-04
3.340310483870967460e+02 6.258304185925016338e-05 1.386675889416842178e-04
3.341560483870967460e+02 6.236948957285989815e-05 1.383999516137135433e-04
3.342810483870967460e+02 6.215659808785618345e-05 1.381327691963596675e-04
3.344060483870967460e+02 6.194436568855955446e-05 1.378660410843950254e-04
3.345310483870967460e+02 6.173279066211367330e-05 1.375997666729582682e-04
3.346560483870967460e+02 6.152187129848951674e-05 1.373339453575552393e-04
3.347810483870967460e+02 6.131160589048797831e-05 1.370685765340610887e-04
3.349060483870967460e+02 6.110199273374691559e-05 1.368036595987187816e-04
3.350310483870967460e+02 6.089303012674256648e-05 1.365391939481414843e-04
3.351560483870967460e+02 6.068471637079446873e-05 1.362751789793147322e-04
3.352810483870967460e+02 6.047704977006982389e-05 1.360116140895932047e-04
3.354060483870967460e+02 6.027002863158644494e-05 1.357484986767064979e-04
3.355310483870967460e+02 6.006365126521667980e-05 1.354858321387574990e-04
3.356560483870967460e+02 5.985791598369205304e-05 1.352236138742218981e-04
3.357810483870967460e+02 5.965282110260578663e-05 1.349618432819530399e-04
3.359060483870967460e+02 5.944836494041618813e-05 1.347005197611778581e-04
3.360310483870967460e+02 5.924454581845188869e-05 1.344396427115022693e-04
3.361560483870967460e+02 5.904136206091349648e-05 1.341792115329104140e-04
3.362810483870967460e+02 5.883881199487739138e-05 1.339192256257628678e-04
3.364060483870967460e+02 5.863689395030011604e-05 1.336596843908023061e-04
3.365310483870967460e+02 5.843560626002032061e-05 1.334005872291506040e-04
3.366560483870967460e+02 5.823494725976230001e-05 1.331419335423111405e-04
3.367810483870967460e+02 5.803491528814019515e-05 1.328837227321700719e-04
3.369060483870967460e+02 5.783550868665964640e-05 1.326259542009961695e-04
3.370310483870967460e+02 5.763672579972112746e-05 1.323686273514418767e-04
3.371560483870967460e+02 5.743856497462420090e-05 1.321117415865452876e-04
3.372810483870967460e+02 5.724102456156879206e-05 1.318552963097292796e-04
3.374060483870967460e+02 5.704410291365865173e-05 1.315992909248036007e-04
3.375310483870967460e+02 5.684779838690502891e-05 1.313437248359651131e-04
3.376560483870967460e+02 5.665210934022756522e-05 1.310885974477985524e-04
3.377810483870967460e+02 5.645703413545939074e-05 1.308339081652786146e-04
3.379060483870967460e+02 5.626257113734672410e-05 1.305796563937689262e-04
3.380310483870967460e+02 5.606871871355476793e-05 1.303258415390238058e-04
3.381560483870967460e+02 5.587547523466821701e-05 1.300724630071889963e-04
3.382810483870967460e+02 5.568283907419312179e-05 1.298195202048034263e-04
3.384060483870967460e+02 5.549080860856154363e-05 1.295670125387978822e-04
3.385310483870967460e+02 5.529938221713274072e-05 1.293149394164975021e-04
3.386560483870967460e+02 5.510855828219408958e-05 1.290633002456232118e-04
3.387810483870967460e+02 5.491833518896591657e-05 1.288120944342892316e-04
3.389060483870967460e+02 5.472871132560248723e-05 1.285613213910084427e-04
3.390310483870967460e+02 5.453968508319286006e-05 1.283109805246895690e-04
3.391560483870967460e+02 5.435125485576544022e-05 1.280610712446393444e-04
3.392810483870967460e+02 5.416341904028898913e-05 1.278115929605647095e-04
3.394060483870967460e+02 5.397617603667267873e-05 1.275625450825695851e-04
3.395310483870967460e+02 5.378952424777153280e-05 1.273139270211605379e-04
3.396560483870967460e+02 5.360346207938623044e-05 1.270657381872450722e-04
3.397810483870967460e+02 5.341798794026418352e-05 1.268179779921308446e-04
3.399060483870967460e+02 5.323310024210331102e-05 1.265706458475304068e-04
3.400310483870967460e+02 5.304879739955308264e-05 1.263237411655589290e-04
3.401560483870967460e+02 5.286507783021455938e-05 1.260772633587352027e-04
3.402810483870967460e+02 5.268193995464462198e-05 1.258312118399849207e-04
3.404060483870967460e+02 5.249938219635640459e-05 1.255855860226373969e-04
3.405310483870967460e+02 5.231740298181915922e-05 1.253403853204305540e-04
3.406560483870967460e+02 5.213600074046297885e-05 1.250956091475088363e-04
3.407810483870967460e+02 5.195517390467771317e-05 1.248512569184245921e-04
3.409060483870967460e+02 5.177492090981493372e-05 1.246073280481399168e-04
3.410310483870967460e+02 5.159524019419017686e-05 1.243638219520264089e-04
3.411560483870967460e+02 5.141613019908272008e-05 1.241207380458654412e-04
3.412810483870967460e+02 5.123758936873834004e-05 1.238780757458503290e-04
3.414060483870967460e+02 5.105961615036908209e-05 1.236358344685865472e-04
3.415310483870967460e+02 5.088220899415521866e-05 1.233940136310917842e-04
3.416560483870967460e+02 5.070536635324652316e-05 1.231526126507976227e-04
3.417810483870967460e+02 5.052908668376243943e-05 1.229116309455493498e-04
3.419060483870967460e+02 5.035336844479364703e-05 1.226710679336075833e-04
3.420310483870967460e+02 5.017821009840345715e-05 1.224309230336493291e-04
3.421560483870967460e+02 5.000361010962747380e-05 1.221911956647670861e-04
3.422810483870967460e+02 4.982956694647528790e-05 1.219518852464705679e-04
3.424060483870967460e+02 4.965607907993160885e-05 1.217129911986885460e-04
3.425310483870967460e+02 4.948314498395593259e-05 1.214745129417673042e-04
3.426560483870967460e+02 4.931076313548399839e-05 1.212364498964727129e-04
3.427810483870967460e+02 4.913893201442886638e-05 1.209988014839918008e-04
3.429060483870967460e+02 4.896765010368013142e-05 1.207615671259306268e-04
3.430310483870967460e+02 4.879691588910573240e-05 1.205247462443186448e-04
3.431560483870967460e+02 4.862672785955246725e-05 1.202883382616064397e-04
3.432810483870967460e+02 4.845708450684564731e-05 1.200523426006677740e-04
3.434060483870967460e+02 4.828798432578981564e-05 1.198167586848011737e-04
3.435310483870967460e+02 4.811942581417033267e-05 1.195815859377275290e-04
3.436560483870967460e+02 4.795140747275128233e-05 1.193468237835945944e-04
3.437810483870967460e+02 4.778392780527845359e-05 1.191124716469761614e-04
3.439060483870967460e+02 4.761698531847838501e-05 1.188785289528704732e-04
3.440310483870967460e+02 4.745057852205739578e-05 1.186449951267051171e-04
3.441560483870967460e+02 4.728470592870418773e-05 1.184118695943349236e-04
3.442810483870967460e+02 4.711936605408859177e-05 1.181791517820425362e-04
3.444060483870967460e+02 4.695455741686160856e-05 1.179468411165416090e-04
3.445310483870967460e+02 4.679027853865558463e-05 1.177149370249736633e-04
3.446560483870967460e+02 4.662652794408484944e-05 1.174834389349127626e-04
3.447810483870967460e+02 4.646330416074495633e-05 1.172523462743634394e-04
3.449060483870967460e+02 4.630060571921263519e-05 1.170216584717619421e-04
3.450310483870967460e+02 4.613843115304659876e-05 1.167913749559782539e-04
3.451560483870967460e+02 4.597677899878632295e-05 1.165614951563149684e-04
3.452810483870967460e+02 4.581564779595198583e-05 1.163320185025086312e-04
3.454060483870967460e+02 4.565503608704530111e-05 1.161029444247308644e-04
3.455310483870967460e+02 4.549494241754801382e-05 1.158742723535888822e-04
3.456560483870967460e+02 4.533536533592198161e-05 1.156460017201253548e-04
3.457810483870967460e+02 4.517630339360943228e-05 1.154181319558199943e-04
3.459060483870967460e+02 4.501775514503173045e-05 1.151906624925896769e-04
3.460310483870967460e+02 4.485971914758921499e-05 1.149635927627891337e-04
3.461560483870967460e+02 4.470219396166142257e-05 1.147369221992126719e-04
3.462810483870967460e+02 4.454517815060560372e-05 1.145106502350927793e-04
3.464060483870967460e+02 4.438867028075656695e-05 1.142847763041020753e-04
3.465310483870967460e+02 4.423266892142622471e-05 1.140592998403548426e-04
3.466560483870967460e+02 4.407717264490343081e-05 1.138342202784046423e-04
3.467810483870967460e+02 4.392218002645211015e-05 1.136095370532486093e-04
3.469060483870967460e+02 4.376768964431172629e-05 1.133852496003261655e-04
3.470310483870967460e+02 4.361370007969623110e-05 1.131613573555185045e-04
3.471560483870967460e+02 4.346020991679297381e-05 1.129378597551524403e-04
3.472810483870967460e+02 4.330721774276212504e-05 1.127147562359971010e-04
3.474060483870967460e+02 4.315472214773656833e-05 1.124920462352683195e-04
3.475310483870967460e+02 4.300272172481953527e-05 1.122697291906274138e-04
3.476560483870967460e+02 4.285121507008490365e-05 1.120478045401804144e-04
3.477810483870967460e+02 4.270020078257612001e-05 1.118262717224816018e-04
3.479060483870967460e+02 4.254967746430524420e-05 1.116051301765328964e-04
3.480310483870967460e+02 4.239964372025079454e-05 1.113843793417827066e-04
3.481560483870967460e+02 4.225009815835858128e-05 1.111640186581296151e-04
3.482810483870967460e+02 4.210103938953975504e-05 1.109440475659207663e-04
3.484060483870967460e+02 4.195246602766885527e-05 1.107244655059530178e-04
3.485310483870967460e+02 4.180437668958434554e-05 1.105052719194746892e-04
3.486560483870967460e+02 4.165676999508670944e-05 1.102864662481833392e-04
3.487810483870967460e+02 4.150964456693610597e-05 1.100680479342299400e-04
3.489060483870967460e+02 4.136299903085335211e-05 1.098500164202168846e-04
3.490310483870967460e+02 4.121683201551697514e-05 1.096323711491990039e-04
3.491560483870967460e+02 4.107114215256227753e-05 1.094151115646854229e-04
3.492810483870967460e+02 4.092592807658066605e-05 1.091982371106386393e-04
3.494060483870967460e+02 4.078118842511748343e-05 1.089817472314755806e-04
3.495310483870967460e+02 4.063692183867070049e-05 1.087656413720684579e-04
3.496560483870967460e+02 4.049312696069034016e-05 1.085499189777456333e-04
3.497810483870967460e+02 4.034980243757601773e-05 1.083345794942908744e-04
3.499060483870967460e+02 4.020694691867553812e-05 1.081196223679453466e-04
3.500310483870967460e+02 4.006455905628437416e-05 1.079050470454072472e-04
3.501560483870967460e+02 3.992263750564299668e-05 1.076908529738327812e-04
3.502810483870967460e+02 3.978118092493551254e-05 1.074770396008371641e-04
3.504060483870967460e+02 3.964018797528890564e-05 1.072636063744938087e-04
3.505310483870967460e+02 3.949965732077023836e-05 1.070505527433360059e-04
3.506560483870967460e+02 3.935958762838545893e-05 1.068378781563580085e-04
3.507810483870967460e+02 3.921997756807822909e-05 1.066255820630129580e-04
3.509060483870967460e+02 3.908082581272716624e-05 1.064136639132168960e-04
3.510310483870967460e+02 3.894213103814513863e-05 1.062021231573474089e-04
3.511560483870967460e+02 3.880389192307652101e-05 1.059909592462430724e-04
3.512810483870967460e+02 3.866610714919598165e-05 1.057801716312071105e-04
3.514060483870967460e+02 3.852877540110675444e-05 1.055697597640043058e-04
3.515310483870967460e+02 3.839189536633811809e-05 1.053597230968646582e-04
3.516560483870967460e+02 3.825546573534389856e-05 1.051500610824826129e-04
3.517810483870967460e+02 3.811948520150111385e-05 1.049407731740161794e-04
3.519060483870967460e+02 3.798395246110639609e-05 1.047318588250903599e-04
3.520310483870967460e+02 3.784886621337586282e-05 1.045233174897953609e-04
3.521560483870967460e+02 3.771422516044239292e-05 1.043151486226876634e-04
3.522810483870967460e+02 3.758002800735249597e-05 1.041073516787916224e-04
3.524060483870967460e+02 3.744627346206613608e-05 1.038999261135982064e-04
3.525310483870967460e+02 3.731296023545377068e-05 1.036928713830667729e-04
3.526560483870967460e+02 3.718008704129336213e-05 1.034861869436252307e-04
3.527810483870967460e+02 3.704765259626979502e-05 1.032798722521700808e-04
3.529060483870967460e+02 3.691565561997207077e-05 1.030739267660680972e-04
3.530310483870967460e+02 3.678409483489025831e-05 1.028683499431554994e-04
3.531560483870967460e+02 3.665296896641473515e-05 1.026631412417386852e-04
3.532810483870967460e+02 3.652227674283337522e-05 1.024583001205960325e-04
3.534060483870967460e+02 3.639201689532814719e-05 1.022538260389765848e-04
3.535310483870967460e+02 3.626218815797482310e-05 1.020497184566014067e-04
3.536560483870967460e+02 3.613278926773952246e-05 1.018459768336640311e-04
3.537810483870967460e+02 3.600381896447576454e-05 1.016426006308313940e-04
3.539060483870967460e+02 3.587527599092360785e-05 1.014395893092431302e-04
3.540310483870967460e+02 3.574715909270622809e-05 1.012369423305129823e-04
3.541560483870967460e+02 3.561946701832770907e-05 1.010346591567289233e-04
3.542810483870967460e+02 3.549219851917040678e-05 1.008327392504536980e-04
3.544060483870967460e+02 3.536535234949322144e-05 1.006311820747257993e-04
3.545310483870967460e+02 3.523892726642817544e-05 1.004299870930586413e-04
3.546560483870967460e+02 3.511292202997842119e-05 1.002291537694420499e-04
3.547810483870967460e+02 3.498733540301550345e-05 1.000286815683432525e-04
3.549060483870967460e+02 3.486216615127733326e-05 9.982856995470492626e-05
3.550310483870967460e+02 3.473741304336464393e-05 9.962881839394866748e-05
3.551560483870967460e+02 3.461307485073900563e-05 9.942942635197394815e-05
3.552810483870967460e+02 3.448915034772050787e-05 9.923039329515746538e-05
3.554060483870967460e+02 3.436563831148415455e-05 9.903171869035608233e-05
3.555310483870967460e+02 3.424253752205797338e-05 9.883340200490536452e-05
3.556560483870967460e+02 3.411984676232034602e-05 9.863544270662036588e-05
3.557810483870967460e+02 3.399756481799652509e-05 9.843784026379710599e-05
3.559060483870967460e+02 3.387569047765666907e-05 9.824059414521094373e-05
3.560310483870967460e+02 3.375422253271298268e-05 9.804370382011953181e-05
3.561560483870967460e+02 3.363315977741647108e-05 9.784716875826114971e-05
3.562810483870967460e+02 3.351250100885443264e-05 9.765098842985595062e-05
3.564060483870967460e+02 3.339224502694806014e-05 9.745516230560699134e-05
3.565310483870967460e+02 3.327239063444867317e-05 9.725968985669937851e-05
3.566560483870967460e+02 3.315293663693556330e-05 9.706457055480142060e-05
3.567810483870967460e+02 3.303388184281312768e-05 9.686980387206489890e-05
3.569060483870967460e+02 3.291522506330734542e-05 9.667538928112612469e-05
3.570310483870967460e+02 3.279696511246342618e-05 9.648132625510492271e-05
3.571560483870967460e+02 3.267910080714293033e-05 9.628761426760624402e-05
3.572810483870967460e+02 3.256163096702022490e-05 9.609425279272011168e-05
3.574060483870967460e+02 3.244455441457992894e-05 9.590124130502172925e-05
3.575310483870967460e+02 3.232786997511403364e-05 9.570857927957307997e-05
3.576560483870967460e+02 3.221157647671852773e-05 9.551626619192155792e-05
3.577810483870967460e+02 3.209567275029032781e-05 9.532430151810143172e-05
3.579060483870967460e+02 3.198015762952483216e-05 9.513268473463487454e-05
3.580310483870967460e+02 3.186502995091213279e-05 9.494141531852990409e-05
3.581560483870967460e+02 3.175028855373402032e-05 9.475049274728393337e-05
3.582810483870967460e+02 3.163593228006152423e-05 9.455991649888223927e-05
3.584060483870967460e+02 3.152195997475101645e-05 9.436968605179761019e-05
3.585310483870967460e+02 3.140837048544122310e-05 9.417980088499335468e-05
3.586560483870967460e+02 3.129516266255057491e-05 9.399026047792107886e-05
3.587810483870967460e+02 3.118233535927333124e-05 9.380106431052221783e-05
3.589060483870967460e+02 3.106988743157664592e-05 9.361221186322907922e-05
3.590310483870967460e+02 3.095781773819768738e-05 9.342370261696300007e-05
3.591560483870967460e+02 3.084612514063989812e-05 9.323553605313719282e-05
3.592810483870967460e+02 3.073480850316972856e-05 9.304771165365614903e-05
3.594060483870967460e+02 3.062386669281403495e-05 9.286022890091462291e-05
3.595310483870967460e+02 3.051329857935607462e-05 9.267308727780042320e-05
3.596560483870967460e+02 3.040310303533228385e-05 9.248628626769315271e-05
3.597810483870967460e+02 3.029327893602961139e-05 9.229982535446452007e-05
3.599060483870967460e+02 3.018382515948131721e-05 9.211370402248008802e-05
3.600310483870967460e+02 3.007474058646398418e-05 9.192792175659740312e-05
3.601560483870967460e+02 2.996602410049453645e-05 9.174247804216867916e-05
3.602810483870967460e+02 2.985767458782620425e-05 9.155737236503950973e-05
3.604060483870967460e+02 2.974969093744542033e-05 9.137260421154943732e-05
3.605310483870967460e+02 2.964207204106839456e-05 9.118817306853315959e-05
3.606560483870967460e+02 2.953481679313785116e-05 9.100407842332010919e-05
3.607810483870967460e+02 2.942792409081952540e-05 9.082031976373441311e-05
3.609060483870967460e+02 2.932139283399800970e-05 9.063689657809611243e-05
3.610310483870967460e+02 2.921522192527437520e-05 9.045380835522143334e-05
3.611560483870967460e+02 2.910941026996230927e-05 9.027105458442208244e-05
3.612810483870967460e+02 2.900395677608379565e-05 9.008863475550657484e-05
3.614060483870967460e+02 2.889886035436691557e-05 8.990654835878022068e-05
3.615310483870967460e+02 2.879411991824163287e-05 8.972479488504513860e-05
3.616560483870967460e+02 2.868973438383568423e-05 8.954337382560152974e-05
3.617810483870967460e+02 2.858570266997228202e-05 8.936228467224643088e-05
3.619060483870967460e+02 2.848202369816581474e-05 8.918152691727535431e-05
3.620310483870967460e+02 2.837869639261779144e-05 8.900110005348239623e-05
3.621560483870967460e+02 2.827571968021427688e-05 8.882100357415913900e-05
3.622810483870967460e+02 2.817309249052188003e-05 8.864123697309722616e-05
3.624060483870967460e+02 2.807081375578331897e-05 8.846179974458731881e-05
3.625310483870967460e+02 2.796888241091516101e-05 8.828269138341852647e-05
3.626560483870967460e+02 2.786729739350342827e-05 8.810391138488110402e-05
3.627810483870967460e+02 2.776605764379940660e-05 8.792545924476395799e-05
3.629060483870967460e+02 2.766516210471715189e-05 8.774733445935722161e-05
3.630310483870967460e+02 2.756460972182913293e-05 8.756953652545182106e-05
3.631560483870967460e+02 2.746439944336209450e-05 8.739206494033832358e-05
3.632810483870967460e+02 2.736453022019442820e-05 8.721491920180964789e-05
3.634060483870967460e+02 2.726500100585152052e-05 8.703809880815942441e-05
3.635310483870967460e+02 2.716581075650226646e-05 8.686160325818301166e-05
3.636560483870967460e+02 2.706695843095567125e-05 8.668543205117813322e-05
3.637810483870967460e+02 2.696844299065666938e-05 8.650958468694422724e-05
3.639060483870967460e+02 2.687026339968225533e-05 8.633406066578301564e-05
3.640310483870967460e+02 2.677241862473831574e-05 8.615885948849995421e-05
3.641560483870967460e+02 2.667490763515507568e-05 8.598398065640184738e-05
3.642810483870967460e+02 2.657772940288397482e-05 8.580942367130003304e-05
3.644060483870967460e+02 2.648088290249325273e-05 8.563518803550889183e-05
3.645310483870967460e+02 2.638436711116435741e-05 8.546127325184606389e-05
3.646560483870967460e+02 2.628818100868843182e-05 8.528767882363387195e-05
3.647810483870967460e+02 2.619232357746184494e-05 8.511440425469830482e-05
3.649060483870967460e+02 2.609679380248265115e-05 8.494144904936988484e-05
3.650310483870967460e+02 2.600159067134701917e-05 8.476881271248364069e-05
3.651560483870967460e+02 2.590671317424460046e-05 8.459649474938000190e-05
3.652810483870967460e+02 2.581216030395523596e-05 8.442449466590397215e-05
3.654060483870967460e+02 2.571793105584504620e-05 8.425281196840610502e-05
3.655310483870967460e+02 2.562402442786206397e-05 8.408144616374247694e-05
3.656560483870967460e+02 2.553043942053263615e-05 8.391039675927484975e-05
3.657810483870967460e+02 2.543717503695767983e-05 8.373966326287141614e-05
3.659060483870967460e+02 2.534423028280817944e-05 8.356924518290623043e-05
3.660310483870967460e+02 2.525160416632166654e-05 8.339914202825960158e-05
3.661560483870967460e+02 2.515929569829841150e-05 8.322935330831935361e-05
3.662810483870967460e+02 2.506730389209655481e-05 8.305987853297884689e-05
3.664060483870967460e+02 2.497562776362931183e-05 8.289071721263970222e-05
3.665310483870967460e+02 2.488426633136036834e-05 8.272186885821066241e-05
3.666560483870967460e+02 2.479321861629948273e-05 8.255333298110696888e-05
3.667810483870967460e+02 2.470248364199940282e-05 8.238510909325297727e-05
3.669060483870967460e+02 2.461206043455132914e-05 8.221719670707952827e-05
3.670310483870967460e+02 2.452194802258054424e-05 8.204959533552653615e-05
3.671560483870967460e+02 2.443214543724311943e-05 8.188230449204225692e-05
3.672810483870967460e+02 2.434265171222154068e-05 8.171532369058228545e-05
3.674060483870967460e+02 2.425346588372045655e-05 8.154865244561214398e-05
3.675310483870967460e+02 2.416458699046276828e-05 8.138229027210550678e-05
3.676560483870967460e+02 2.407601407368584521e-05 8.121623668554498615e-05
3.677810483870967460e+02 2.398774617713700505e-05 8.105049120192294560e-05
3.679060483870967460e+02 2.389978234706958363e-05 8.088505333774067315e-05
3.680310483870967460e+02 2.381212163223909618e-05 8.071992261000914025e-05
3.681560483870967460e+02 2.372476308389880897e-05 8.055509853624908312e-05
3.682810483870967460e+02 2.363770575579562957e-05 8.039058063449086718e-05
3.684060483870967460e+02 2.355094870416643411e-05 8.022636842327554422e-05
3.685310483870967460e+02 2.346449098773344244e-05 8.006246142165382234e-05
3.686560483870967460e+02 2.337833166770018290e-05 7.989885914918698755e-05
3.687810483870967460e+02 2.329246980774774505e-05 7.973556112594675470e-05
3.689060483870967460e+02 2.320690447403020565e-05 7.957256687251609416e-05
3.690310483870967460e+02 2.312163473517059005e-05 7.940987590998818831e-05
3.691560483870967460e+02 2.303665966225674884e-05 7.924748775996746149e-05
3.692810483870967460e+02 2.295197832883749193e-05 7.908540194456987820e-05
3.694060483870967460e+02 2.286758981091779102e-05 7.892361798642218412e-05
3.695310483870967460e+02 2.278349318695512717e-05 7.876213540866303098e-05
3.696560483870967460e+02 2.269968753785527596e-05 7.860095373494235317e-05
3.697810483870967460e+02 2.261617194696771658e-05 7.844007248942197756e-05
3.699060483870967460e+02 2.253294550008184727e-05 7.827949119677600303e-05
3.700310483870967460e+02 2.245000728542283149e-05 7.811920938218997368e-05
3.701560483870967460e+02 2.236735639364695956e-05 7.795922657136184115e-05
3.702810483870967460e+02 2.228499191783778958e-05 7.779954229050231693e-05
3.704060483870967460e+02 2.220291295350191227e-05 7.764015606633361199e-05
3.705310483870967460e+02 2.212111859856477676e-05 7.748106742609127992e-05
3.706560483870967460e+02 2.203960795336597776e-05 7.732227589752370194e-05
3.707810483870967460e+02 2.195838012065576571e-05 7.716378100889115178e-05
3.709060483870967460e+02 2.187743420559048641e-05 7.700558228896790987e-05
3.710310483870967460e+02 2.179676931572786474e-05 7.684767926704027109e-05
3.711560483870967460e+02 2.171638456102364020e-05 7.669007147290860481e-05
3.712810483870967460e+02 2.163627905382688456e-05 7.653275843688650104e-05
3.714060483870967460e+02 2.155645190887533298e-05 7.637573968980001149e-05
3.715310483870967460e+02 2.147690224329188409e-05 7.621901476298991287e-05
3.716560483870967460e+02 2.139762917658006666e-05 7.606258318830994502e-05
3.717810483870967460e+02 2.131863183061924203e-05 7.590644449812740727e-05
3.719060483870967460e+02 2.123990932966121254e-05 7.575059822532410707e-05
3.720310483870967460e+02 2.116146080032537994e-05 7.559504390329524872e-05
3.721560483870967460e+02 2.108328537159439838e-05 7.543978106595013806e-05
3.722810483870967460e+02 2.100538217481038650e-05 7.528480924771218253e-05
3.724060483870967460e+02 2.092775034367017051e-05 7.513012798351939255e-05
3.725310483870967460e+02 2.085038901422106930e-05 7.497573680882360907e-05
3.726560483870967460e+02 2.077329732485691681e-05 7.482163525959130315e-05
3.727810483870967460e+02 2.069647441631333900e-05 7.466782287230333201e-05
3.729060483870967460e+02 2.061991943166359653e-05 7.451429918395511523e-05
3.730310483870967460e+02 2.054363151631451571e-05 7.436106373205698711e-05
3.731560483870967460e+02 2.046760981800183654e-05 7.420811605463372232e-05
3.732810483870967460e+02 2.039185348678592332e-05 7.405545569022486117e-05
3.734060483870967460e+02 2.031636167504779383e-05 7.390308217788542789e-05
3.735310483870967460e+02 2.024113353748443006e-05 7.375099505718431790e-05
3.736560483870967460e+02 2.016616823110446182e-05 7.359919386820643907e-05
3.737810483870967460e+02 2.009146491522420934e-05 7.344767815155172242e-05
3.739060483870967460e+02 2.001702275146283151e-05 7.329644744833440381e-05
3.740310483870967460e+02 1.994284090373852096e-05 7.314550130018516528e-05
3.741560483870967460e+02 1.986891853826363875e-05 7.299483924924881750e-05
3.742810483870967460e+02 1.979525482354073328e-05 7.284446083818631916e-05
3.744060483870967460e+02 1.972184893035824077e-05 7.269436561017407223e-05
3.745310483870967460e+02 1.964870003178568428e-05 7.254455310890317653e-05
3.746560483870967460e+02 1.957580730316994336e-05 7.239502287858105606e-05
3.747810483870967460e+02 1.950316992213049712e-05 7.224577446393060521e-05
3.749060483870967460e+02 1.943078706855490108e-05 7.209680741018968729e-05
3.750310483870967460e+02 1.935865792459516864e-05 7.194812126311267951e-05
3.751560483870967460e+02 1.928678167466268888e-05 7.179971556896922618e-05
3.752810483870967460e+02 1.921515750542389654e-05 7.165158987454453684e-05
3.754060483870967460e+02 1.914378460579662638e-05 7.150374372714047048e-05
3.755310483870967460e+02 1.907266216694498355e-05 7.135617667457354329e-05
3.756560483870967460e+02 1.900178938227501014e-05 7.120888826517709710e-05
3.757810483870967460e+02 1.893116544743106674e-05 7.106187804780001187e-05
3.759060483870967460e+02 1.886078956029067221e-05 7.091514557180690897e-05
3.760310483870967460e+02 1.879066092096028554e-05 7.076869038707896435e-05
3.761560483870967460e+02 1.872077873177120614e-05 7.062251204401287855e-05
3.762810483870967460e+02 1.865114219727526422e-05 7.047661009352150009e-05
3.764060483870967460e+02 1.858175052423979270e-05 7.033098408703355444e-05
3.765310483870967460e+02 1.851260292164392070e-05 7.018563357649437587e-05
3.766560483870967460e+02 1.844369860067416889e-05 7.004055811436480966e-05
3.767810483870967460e+02 1.837503677471943170e-05 6.989575725362209304e-05
3.769060483870967460e+02 1.830661665936721309e-05 6.975123054775954345e-05
3.770310483870967460e+02 1.823843747239928300e-05 6.960697755078646375e-05
3.771560483870967460e+02 1.817049843378684920e-05 6.946299781722875197e-05
3.772810483870967460e+02 1.810279876568620362e-05 6.931929090212796628e-05
3.774060483870967460e+02 1.803533769243497161e-05 6.917585636104194838e-05
3.775310483870967460e+02 1.796811444054703658e-05 6.903269375004518938e-05
3.776560483870967460e+02 1.790112823870820992e-05 6.888980262572742038e-05
3.777810483870967460e+02 1.783437831777247022e-05 6.874718254519534720e-05
3.779060483870967460e+02 1.776786391075688780e-05 6.860483306607185073e-05
3.780310483870967460e+02 1.770158425283727778e-05 6.846275374649516028e-05
3.781560483870967460e+02 1.763553858134448666e-05 6.832094414512083222e-05
3.782810483870967460e+02 1.756972613575927286e-05 6.817940382111940540e-05
3.784060483870967460e+02 1.750414615770801057e-05 6.803813233417842048e-05
3.785310483870967460e+02 1.743879789095884424e-05 6.789712924450151189e-05
3.786560483870967460e+02 1.737368058141673847e-05 6.775639411280770313e-05
3.787810483870967460e+02 1.730879347711909382e-05 6.761592650033303306e-05
3.789060483870967460e+02 1.724413582823188770e-05 6.747572596882903801e-05
3.790310483870967460e+02 1.717970688704479546e-05 6.733579208056348362e-05
3.791560483870967460e+02 1.711550590796664692e-05 6.719612439832036484e-05
3.792810483870967460e+02 1.705153214752182478e-05 6.705672248539948583e-05
3.794060483870967460e+02 1.698778486434509769e-05 6.691758590561656830e-05
3.795310483870967460e+02 1.692426331917735126e-05 6.677871422330390215e-05
3.796560483870967460e+02 1.686096677486177299e-05 6.664010700330870549e-05
3.797810483870967460e+02 1.679789449633876328e-05 6.650176381099510341e-05
3.799060483870967460e+02 1.673504575064173081e-05 6.636368421224256937e-05
3.800310483870967460e+02 1.667241980689313852e-05 6.622586777344642670e-05
3.801560483870967460e+02 1.661001593629962477e-05 6.608831406151811959e-05
3.802810483870967460e+02 1.654783341214752758e-05 6.595102264388458973e-05
3.804060483870967460e+02 1.648587150979918139e-05 6.581399308848858798e-05
3.805310483870967460e+02 1.642412950668782474e-05 6.567722496378838978e-05
3.806560483870967460e+02 1.636260668231352092e-05 6.554071783875831017e-05
3.807810483870967460e+02 1.630130231823879747e-05 6.540447128288791768e-05
3.809060483870967460e+02 1.624021569808415012e-05 6.526848486618244097e-05
3.810310483870967460e+02 1.617934610752373308e-05 6.513275815916252486e-05
3.811560483870967460e+02 1.611869283428099512e-05 6.499729073286425744e-05
3.812810483870967460e+02 1.605825516812421744e-05 6.486208215883938690e-05
3.814060483870967460e+02 1.599803240086221408e-05 6.472713200915465744e-05
3.815310483870967460e+02 1.593802382633991723e-05 6.459243985639208038e-05
3.816560483870967460e+02 1.587822874043400988e-05 6.445800527364938133e-05
3.817810483870967460e+02 1.581864644104860937e-05 6.432382783453859077e-05
3.819060483870967460e+02 1.575927622811060873e-05 6.418990711318753480e-05
3.820310483870967460e+02 1.570011740356586836e-05 6.405624268423903555e-05
3.821560483870967460e+02 1.564116927137433380e-05 6.392283412285020645e-05
3.822810483870967460e+02 1.558243113750569885e-05 6.378968100469395658e-05
3.824060483870967460e+02 1.552390230993549574e-05 6.365678290595706617e-05
3.825310483870967460e+02 1.546558209864026359e-05 6.352413940334175873e-05
3.826560483870967460e+02 1.540746981559312355e-05 6.339175007406492853e-05
3.827810483870967460e+02 1.534956477476004169e-05 6.325961449585735456e-05
3.829060483870967460e+02 1.529186629209483485e-05 6.312773224696516423e-05
3.830310483870967460e+02 1.523437368553486778e-05 6.299610290614841032e-05
3.831560483870967460e+02 1.517708627499724820e-05 6.286472605268145046e-05
3.832810483870967460e+02 1.512000338237384801e-05 6.273360126635336726e-05
3.834060483870967460e+02 1.506312433152707313e-05 6.260272812746699254e-05
3.835310483870967460e+02 1.500644844828595028e-05 6.247210621683925967e-05
3.836560483870967460e+02 1.494997506044123954e-05 6.234173511580137978e-05
3.837810483870967460e+02 1.489370349774137712e-05 6.221161440619809636e-05
3.839060483870967460e+02 1.483763309188802162e-05 6.208174367038836287e-05
3.840310483870967460e+02 1.478176317653179006e-05 6.195212249124455674e-05
3.841560483870967460e+02 1.472609308726786013e-05 6.182275045215279100e-05
3.842810483870967460e+02 1.467062216163167229e-05 6.169362713701252135e-05
3.844060483870967460e+02 1.461534973909456590e-05 6.156475213023707464e-05
3.845310483870967460e+02 1.456027516105945256e-05 6.143612501675257823e-05
3.846560483870967460e+02 1.450539777085651148e-05 6.130774538199856990e-05
3.847810483870967460e+02 1.445071691373883574e-05 6.117961281192787581e-05
3.849060483870967460e+02 1.439623193687809887e-05 6.105172689300610912e-05
3.850310483870967460e+02 1.434194218936026715e-05 6.092408721221177835e-05
3.851560483870967460e+02 1.428784702218125608e-05 6.079669335703622644e-05
3.852810483870967460e+02 1.423394578824261721e-05 6.066954491548334614e-05
3.854060483870967460e+02 1.418023784234726068e-05 6.054264147606996623e-05
3.855310483870967460e+02 1.412672254119506250e-05 6.041598262782490287e-05
3.856560483870967460e+02 1.407339924337862766e-05 6.028956796028937972e-05
3.857810483870967460e+02 1.402026730937897539e-05 6.016339706351721088e-05
3.859060483870967460e+02 1.396732610156120401e-05 6.003746952807356767e-05
3.860310483870967460e+02 1.391457498417022867e-05 5.991178494503618472e-05
3.861560483870967460e+02 1.386201332332645979e-05 5.978634290599453332e-05
3.862810483870967460e+02 1.380964048702152046e-05 5.966114300304969269e-05
3.864060483870967460e+02 1.375745584511396385e-05 5.953618482881411274e-05
3.865310483870967460e+02 1.370545876932497027e-05 5.941146797641181742e-05
3.866560483870967460e+02 1.365364863323408999e-05 5.928699203947836405e-05
3.867810483870967460e+02 1.360202481227485559e-05 5.916275661216040960e-05
3.869060483870967460e+02 1.355058668373082637e-05 5.903876128911554811e-05
3.870310483870967460e+02 1.349933362673078559e-05 5.891500566551200575e-05
3.871560483870967460e+02 1.344826502224489164e-05 5.879148933702946071e-05
3.872810483870967460e+02 1.339738025308046992e-05 5.866821189985751858e-05
3.874060483870967460e+02 1.334667870387723219e-05 5.854517295069674911e-05
3.875310483870967460e+02 1.329615976110357000e-05 5.842237208675821186e-05
3.876560483870967460e+02 1.324582281305202471e-05 5.829980890576227036e-05
3.877810483870967460e+02 1.319566724983510654e-05 5.817748300594028618e-05
3.879060483870967460e+02 1.314569246338099167e-05 5.805539398603297907e-05
3.880310483870967460e+02 1.309589784742933281e-05 5.793354144529117911e-05
3.881560483870967460e+02 1.304628279752700367e-05 5.781192498347539308e-05
3.882810483870967460e+02 1.299684671102385875e-05 5.769054420085474052e-05
3.884060483870967460e+02 1.294758898706846429e-05 5.756939869820855296e-05
3.885310483870967460e+02 1.289850902660392916e-05 5.744848807682509324e-05
3.886560483870967460e+02 1.284960623236363074e-05 5.732781193850129117e-05
3.887810483870967460e+02 1.280088000886700686e-05 5.720736988554338731e-05
3.889060483870967460e+02 1.275232976241535450e-05 5.708716152076575391e-05
3.890310483870967460e+02 1.270395490108758281e-05 5.696718644749143020e-05
3.891560483870967460e+02 1.265575483473600671e-05 5.684744426955212244e-05
3.892810483870967460e+02 1.260772897498217777e-05 5.672793459128723487e-05
3.894060483870967460e+02 1.255987673521264064e-05 5.660865701754468966e-05
3.895310483870967460e+02 1.251219753057473681e-05 5.648961115367962584e-05
3.896560483870967460e+02 1.246469077797243042e-05 5.637079660555519218e-05
3.897810483870967460e+02 1.241735589606210361e-05 5.625221297954207278e-05
3.899060483870967460e+02 1.237019230524836710e-05 5.613385988251831096e-05
3.900310483870967460e+02 1.232319942767989784e-05 5.601573692186890939e-05
3.901560483870967460e+02 1.227637668724524116e-05 5.589784370548567428e-05
3.902810483870967460e+02 1.222972350956857725e-05 5.578017984176766939e-05
3.904060483870967460e+02 1.218323932200582315e-05 5.566274493962013859e-05
3.905310483870967460e+02 1.213692355363997574e-05 5.554553860845500728e-05
3.906560483870967460e+02 1.209077563527737127e-05 5.542856045819068595e-05
3.907810483870967460e+02 1.204479499944354333e-05 5.531181009925070807e-05
3.909060483870967460e+02 1.199898108037862520e-05 5.519528714256551906e-05
3.910310483870967460e+02 1.195333331403364321e-05 5.507899119957057220e-05
3.911560483870967460e+02 1.190785113806636794e-05 5.496292188220722300e-05
3.912810483870967460e+02 1.186253399183677081e-05 5.484707880292224140e-05
3.914060483870967460e+02 1.181738131640326828e-05 5.473146157466670720e-05
3.915310483870967460e+02 1.177239255451861882e-05 5.461606981089740597e-05
3.916560483870967460e+02 1.172756715062541166e-05 5.450090312557575163e-05
3.917810483870967460e+02 1.168290455085229914e-05 5.438596113316733244e-05
3.919060483870967460e+02 1.163840420300992588e-05 5.427124344864257507e-05
3.920310483870967460e+02 1.159406555658637855e-05 5.415674968747547744e-05
3.921560483870967460e+02 1.154988806274352494e-05 5.404247946564424569e-05
3.922810483870967460e+02 1.150587117431286863e-05 5.392843239963102315e-05
3.924060483870967460e+02 1.146201434579108850e-05 5.381460810642103648e-05
3.925310483870967460e+02 1.141831703333632361e-05 5.370100620350339531e-05
3.926560483870967460e+02 1.137477869476407701e-05 5.358762630886971666e-05
3.927810483870967460e+02 1.133139878954277214e-05 5.347446804101483643e-05
3.929060483870967460e+02 1.128817677879004459e-05 5.336153101893635538e-05
3.930310483870967460e+02 1.124511212526866949e-05 5.324881486213436135e-05
3.931560483870967460e+02 1.120220429338211804e-05 5.313631919061097519e-05
3.932810483870967460e+02 1.115945274917090675e-05 5.302404362487080482e-05
3.934060483870967460e+02 1.111685696030830471e-05 5.291198778591977967e-05
3.935310483870967460e+02 1.107441639609651007e-05 5.280015129526576738e-05
3.936560483870967460e+02 1.103213052746222175e-05 5.268853377491817391e-05
3.937810483870967460e+02 1.098999882695291926e-05 5.257713484738723892e-05
3.939060483870967460e+02 1.094802076873286306e-05 5.246595413568473361e-05
3.940310483870967460e+02 1.090619582857869162e-05 5.235499126332247681e-05
3.941560483870967460e+02 1.086452348387574193e-05 5.224424585431324973e-05
3.942810483870967460e+02 1.082300321361404476e-05 5.213371753317014545e-05
3.944060483870967460e+02 1.078163449838393529e-05 5.202340592490635885e-05
3.945310483870967460e+02 1.074041682037241258e-05 5.191331065503484104e-05
3.946560483870967460e+02 1.069934966335910263e-05 5.180343134956790630e-05
3.947810483870967460e+02 1.065843251271196897e-05 5.169376763501782164e-05
3.949060483870967460e+02 1.061766485538358405e-05 5.158431913839551933e-05
3.950310483870967460e+02 1.057704617990719900e-05 5.147508548721128126e-05
3.951560483870967460e+02 1.053657597639239663e-05 5.136606630947388515e-05
3.952810483870967460e+02 1.049625373652144585e-05 5.125726123369030640e-05
3.954060483870967460e+02 1.045607895354534430e-05 5.114866988886626695e-05
3.955310483870967460e+02 1.041605112227947814e-05 5.104029190450508336e-05
3.956560483870967460e+02 1.037616973910003236e-05 5.093212691060799199e-05
3.957810483870967460e+02 1.033643430194002664e-05 5.082417453767402711e-05
3.959060483870967460e+02 1.029684431028499889e-05 5.071643441669861140e-05
3.960310483870967460e+02 1.025739926516943583e-05 5.060890617917503993e-05
3.961560483870967460e+02 1.021809866917277163e-05 5.050158945709319272e-05
3.962810483870967460e+02 1.017894202641518998e-05 5.039448388293923654e-05
3.964060483870967460e+02 1.013992884255396496e-05 5.028758908969606541e-05
3.965310483870967460e+02 1.010105862477957820e-05 5.018090471084189107e-05
3.966560483870967460e+02 1.006233088181144644e-05 5.007443038035140181e-05
3.967810483870967460e+02 1.002374512389433015e-05 4.996816573269465109e-05
3.969060483870967460e+02 9.985300862794411748e-06 4.986211040283674585e-05
3.970310483870967460e+02 9.946997611795231511e-06 4.975626402623823280e-05
3.971560483870967460e+02 9.908834885693767544e-06 4.965062623885397350e-05
3.972810483870967460e+02 9.870812200796847731e-06 4.954519667713357806e-05
3.974060483870967460e+02 9.832929074916953532e-06 4.943997497802095115e-05
3.975310483870967460e+02 9.795185027368345662e-06 4.933496077895414969e-05
3.976560483870967460e+02 9.757579578963503160e-06 4.923015371786477296e-05
3.977810483870967460e+02 9.720112252008928879e-06 4.912555343317777292e-05
3.979060483870967460e+02 9.682782570301300576e-06 4.902115956381151513e-05
3.980310483870967460e+02 9.645590059123916756e-06 4.891697174917739933e-05
3.981560483870967460e+02 9.608534245242546210e-06 4.881298962917954092e-05
3.982810483870967460e+02 9.571614656901562162e-06 4.870921284421433054e-05
3.984060483870967460e+02 9.534830823820438934e-06 4.860564103517020366e-05
3.985310483870967460e+02 9.498182277189570999e-06 4.850227384342789127e-05
3.986560483870967460e+02 9.461668549666491816e-06 4.839911091085941704e-05
3.987810483870967460e+02 9.425289175372321385e-06 4.829615187982834126e-05
3.989060483870967460e+02 9.389043689887666599e-06 4.819339639318949653e-05
3.990310483870967460e+02 9.352931630248823152e-06 4.809084409428784261e-05
3.991560483870967460e+02 9.316952534944124826e-06 4.798849462695963869e-05
3.992810483870967460e+02 9.281105943910177583e-06 4.788634763553091875e-05
3.994060483870967460e+02 9.245391398527754844e-06 4.778440276481801330e-05
3.995310483870967460e+02 9.209808441618314487e-06 4.768265966012708186e-05
3.996560483870967460e+02 9.174356617440221083e-06 4.758111796725300840e-05
3.997810483870967460e+02 9.139035471684671665e-06 4.747977733248052621e-05
3.999060483870967460e+02 9.103844551472224590e-06 4.737863740258314724e-05
4.000310483870967460e+02 9.068783405349011605e-06 4.727769782482264712e-05
4.001560483870967460e+02 9.033851583282824556e-06 4.717695824694958693e-05
4.002810483870967460e+02 8.999048636659359642e-06 4.707641831720205957e-05
4.004060483870967460e+02 8.964374118278759830e-06 4.697607768430611669e-05
4.005310483870967460e+02 8.929827582351572811e-06 4.687593599747538243e-05
4.006560483870967460e+02 8.895408584495032527e-06 4.677599290641044357e-05
4.007810483870967460e+02 8.861116681729601580e-06 4.667624806129903924e-05
4.009060483870967460e+02 8.826951432474990181e-06 4.657670111281512581e-05
4.010310483870967460e+02 8.792912396546430896e-06 4.647735171211910731e-05
4.011560483870967460e+02 8.758999135151246469e-06 4.637819951085754398e-05
4.012810483870967460e+02 8.725211210884870462e-06 4.627924416116263058e-05
4.014060483870967460e+02 8.691548187727155886e-06 4.618048531565198628e-05
4.015310483870967460e+02 8.658009631038959963e-06 4.608192262742799735e-05
4.016560483870967460e+02 8.624595107558190175e-06 4.598355575007850838e-05
4.017810483870967460e+02 8.591304185396116285e-06 4.588538433767536535e-05
4.019060483870967460e+02 8.558136434033990675e-06 4.578740804477503230e-05
4.020310483870967460e+02 8.525091424319079149e-06 4.568962652641771037e-05
4.021560483870967460e+02 8.492168728461040714e-06 4.559203943812699226e-05
4.022810483870967460e+02 8.459367920028517426e-06 4.549464643591032977e-05
4.024060483870967460e+02 8.426688573945234650e-06 4.539744717625772598e-05
4.025310483870967460e+02 8.394130266486357124e-06 4.530044131614217569e-05
4.026560483870967460e+02 8.361692575275116073e-06 4.520362851301927922e-05
4.027810483870967460e+02 8.329375079278917944e-06 4.510700842482600909e-05
4.029060483870967460e+02 8.297177358805739428e-06 4.501058070998184844e-05
4.030310483870967460e+02 8.265098995500757965e-06 4.491434502738763908e-05
4.031560483870967460e+02 8.233139572342470640e-06 4.481830103642514779e-05
4.032810483870967460e+02 8.201298673639134952e-06 4.472244839695749323e-05
4.034060483870967460e+02 8.169575885025387454e-06 4.462678676932764162e-05
4.035310483870967460e+02 8.137970793458386369e-06 4.453131581435943674e-05
4.036560483870967460e+02 8.106482987214377715e-06 4.443603519335656310e-05
4.037810483870967460e+02 8.075112055885075090e-06 4.434094456810203783e-05
4.039060483870967460e+02 8.043857590374100437e-06 4.424604360085849516e-05
4.040310483870967460e+02 8.012719182893423119e-06 4.415133195436769862e-05
4.041560483870967460e+02 7.981696426959778660e-06 4.405680929184934162e-05
4.042810483870967460e+02 7.950788917391146788e-06 4.396247527700230780e-05
4.044060483870967460e+02 7.919996250303219302e-06 4.386832957400321417e-05
4.045310483870967460e+02 7.889318023105725648e-06 4.377437184750630268e-05
4.046560483870967460e+02 7.858753834499176920e-06 4.368060176264355540e-05
4.047810483870967460e+02 7.828303284471088095e-06 4.358701898502342063e-05
4.049060483870967460e+02 7.797965974292466235e-06 4.349362318073165986e-05
4.050310483870967460e+02 7.767741506514539245e-06 4.340041401633037884e-05
4.051560483870967460e+02 7.737629484965001823e-06 4.330739115885756673e-05
4.052810483870967460e+02 7.707629514744529072e-06 4.321455427582734688e-05
4.054060483870967460e+02 7.677741202223508648e-06 4.312190303522891966e-05
4.055310483870967460e+02 7.647964155038313813e-06 4.302943710552676584e-05
4.056560483870967460e+02 7.618297982087833145e-06 4.293715615566025349e-05
4.057810483870967460e+02 7.588742293530236560e-06 4.284505985504328564e-05
4.059060483870967460e+02 7.559296700779250069e-06 4.275314787356375142e-05
4.060310483870967460e+02 7.529960816500718509e-06 4.266141988158328208e-05
4.061560483870967460e+02 7.500734254609368193e-06 4.256987554993712228e-05
4.062810483870967460e+02 7.471616630265135013e-06 4.247851454993367606e-05
4.064060483870967460e+02 7.442607559869723800e-06 4.238733655335423576e-05
4.065310483870967460e+02 7.413706661063393827e-06 4.229634123245245355e-05
4.066560483870967460e+02 7.384913552721275069e-06 4.220552825995394831e-05
4.067810483870967460e+02 7.356227854950087640e-06 4.211489730905656321e-05
4.069060483870967460e+02 7.327649189084694371e-06 4.202444805342922047e-05
4.070310483870967460e+02 7.299177177684675406e-06 4.193418016721225342e-05
4.071560483870967460e+02 7.270811444530949394e-06 4.184409332501687117e-05
4.072810483870967460e+02 7.242551614622360784e-06 4.175418720192411508e-05
4.074060483870967460e+02 7.214397314172300172e-06 4.166446147348580739e-05
4.075310483870967460e+02 7.186348170605311930e-06 4.157491581572335865e-05
4.076560483870967460e+02 7.158403812553728943e-06 4.148554990512740178e-05
4.077810483870967460e+02 7.130563869854289564e-06 4.139636341865811733e-05
4.079060483870967460e+02 7.102827973544784204e-06 4.130735603374366817e-05
4.080310483870967460e+02 7.075195755860690076e-06 4.121852742828129045e-05
4.081560483870967460e+02 7.047666850231833035e-06 4.112987728063608746e-05
4.082810483870967460e+02 7.020240891279029942e-06 4.104140526964069756e-05
4.084060483870967460e+02 6.992917514810754739e-06 4.095311107459539583e-05
4.085310483870967460e+02 6.965696357819818928e-06 4.086499437526713862e-05
4.086560483870967460e+02 6.938577058480032569e-06 4.077705485188970588e-05
4.087810483870967460e+02 6.911559256142899155e-06 4.068929218516320644e-05
4.089060483870967460e+02 6.884642591334285928e-06 4.060170605625377312e-05
4.090310483870967460e+02 6.857826705751145010e-06 4.051429614679302060e-05
4.091560483870967460e+02 6.831111242258193887e-06 4.042706213887776762e-05
4.092810483870967460e+02 6.804495844884637388e-06 4.034000371506975914e-05
4.094060483870967460e+02 6.777980158820871030e-06 4.025312055839540206e-05
4.095310483870967460e+02 6.751563830415225031e-06 4.016641235234531799e-05
4.096560483870967460e+02 6.725246507170655792e-06 4.007987878087382826e-05
4.097810483870967460e+02 6.699027837741497528e-06 3.999351952839860156e-05
4.099060483870967460e+02 6.672907471930291825e-06 3.990733427980076912e-05
4.100310483870967460e+02 6.646885060684321582e-06 3.982132272042395571e-05
4.101560483870967460e+02 6.620960256092581169e-06 3.973548453607434063e-05
4.102810483870967460e+02 6.595132711382435736e-06 3.964981941302021725e-05
4.104060483870967460e+02 6.569402080916413493e-06 3.956432703799113920e-05
4.105310483870967460e+02 6.543768020188963272e-06 3.947900709817848958e-05
4.106560483870967460e+02 6.518230185823252740e-06 3.939385928123428834e-05
4.107810483870967460e+02 6.492788235567945442e-06 3.930888327527129391e-05
4.109060483870967460e+02 6.467441828294007481e-06 3.922407876886270506e-05
4.110310483870967460e+02 6.442190623991498963e-06 3.913944545104094117e-05
4.111560483870967460e+02 6.417034283766378140e-06 3.905498301129854346e-05
4.112810483870967460e+02 6.391972469837326729e-06 3.897069113958707726e-05
4.114060483870967460e+02 6.367004845532563373e-06 3.888656952631660343e-05
4.115310483870967460e+02 6.342131075286670660e-06 3.880261786235602396e-05
4.116560483870967460e+02 6.317350824637435687e-06 3.871883583903181484e-05
4.117810483870967460e+02 6.292663760222688087e-06 3.863522314812835128e-05
4.119060483870967460e+02 6.268069549777132972e-06 3.855177948188743338e-05
4.120310483870967460e+02 6.243567862129234698e-06 3.846850453300752721e-05
4.121560483870967460e+02 6.219158367198046425e-06 3.838539799464396130e-05
4.122810483870967460e+02 6.194840735990099805e-06 3.830245956040790342e-05
4.124060483870967460e+02 6.170614640596262497e-06 3.821968892436652325e-05
4.125310483870967460e+02 6.146479754188633787e-06 3.813708578104248409e-05
4.126560483870967460e+02 6.122435751017409718e-06 3.805464982541352281e-05
4.127810483870967460e+02 6.098482306407806672e-06 3.797238075291199579e-05
4.129060483870967460e+02 6.074619096756933270e-06 3.789027825942443170e-05
4.130310483870967460e+02 6.050845799530718190e-06 3.780834204129166702e-05
4.131560483870967460e+02 6.027162093260800705e-06 3.772657179530776184e-05
4.132810483870967460e+02 6.003567657541456801e-06 3.764496721872025739e-05
4.134060483870967460e+02 5.980062173026605764e-06 3.756352800922938315e-05
4.135310483870967460e+02 5.956645321426555032e-06 3.748225386498758258e-05
4.136560483870967460e+02 5.933316785505108423e-06 3.740114448459979090e-05
4.137810483870967460e+02 5.910076249076521054e-06 3.732019956712226958e-05
4.139060483870967460e+02 5.886923397002276378e-06 3.723941881206276901e-05
4.140310483870967460e+02 5.863857915188218133e-06 3.715880191937997280e-05
4.141560483870967460e+02 5.840879490581507797e-06 3.707834858948303022e-05
4.142810483870967460e+02 5.817987811167441440e-06 3.699805852323106834e-05
4.144060483870967460e+02 5.795182565966585060e-06 3.691793142193334110e-05
4.145310483870967460e+02 5.772463445031773541e-06 3.683796698734821283e-05
4.146560483870967460e+02 5.749830139444920730e-06 3.675816492168326673e-05
4.147810483870967460e+02 5.727282341314200511e-06 3.667852492759460009e-05
4.149060483870967460e+02 5.704819743771036450e-06 3.659904670818636354e-05
4.150310483870967460e+02 5.682442040966961843e-06 3.651972996701093721e-05
4.151560483870967460e+02 5.660148928070798249e-06 3.644057440806781943e-05
4.152810483870967460e+02 5.637940101265684948e-06 3.636157973580382325e-05
4.154060483870967460e+02 5.615815257745930516e-06 3.628274565511250719e-05
4.155310483870967460e+02 5.593774095714240488e-06 3.620407187133324020e-05
4.156560483870967460e+02 5.571816314378737497e-06 3.612555809025184533e-05
4.157810483870967460e+02 5.549941613949873838e-06 3.604720401809950199e-05
4.159060483870967460e+02 5.528149695637648115e-06 3.596900936155239363e-05
4.160310483870967460e+02 5.506440261648594892e-06 3.589097382773176188e-05
4.161560483870967460e+02 5.484813015182863271e-06 3.581309712420263267e-05
4.162810483870967460e+02 5.463267660431306489e-06 3.573537895897453448e-05
4.164060483870967460e+02 5.441803902572541019e-06 3.565781904050040061e-05
4.165310483870967460e+02 5.420421447770122563e-06 3.558041707767621678e-05
4.166560483870967460e+02 5.399120003169471321e-06 3.550317277984100085e-05
4.167810483870967460e+02 5.377899276895147087e-06 3.542608585677582022e-05
4.169060483870967460e+02 5.356758978047930375e-06 3.534915601870392059e-05
4.170310483870967460e+02 5.335698816701809519e-06 3.527238297629018386e-05
4.171560483870967460e+02 5.314718503901245607e-06 3.519576644064073513e-05
4.172810483870967460e+02 5.293817751658308659e-06 3.511930612330238700e-05
4.174060483870967460e+02 5.272996272949659655e-06 3.504300173626228047e-05
4.175310483870967460e+02 5.252253781713847646e-06 3.496685299194768164e-05
4.176560483870967460e+02 5.231589992848452714e-06 3.489085960322554800e-05
4.177810483870967460e+02 5.211004622207101031e-06 3.481502128340198637e-05
4.179060483870967460e+02 5.190497386596762820e-06 3.473933774622194796e-05
4.180310483870967460e+02 5.170068003774942748e-06 3.466380870586858461e-05
4.181560483870967460e+02 5.149716192446689901e-06 3.458843387696339109e-05
4.182810483870967460e+02 5.129441672261935557e-06 3.451321297456523611e-05
4.184060483870967460e+02 5.109244163812671722e-06 3.443814571417035553e-05
4.185310483870967460e+02 5.089123388630021240e-06 3.436323181171190515e-05
4.186560483870967460e+02 5.069079069181562866e-06 3.428847098355896456e-05
4.187810483870967460e+02 5.049110928868549607e-06 3.421386294651718093e-05
4.189060483870967460e+02 5.029218692022972908e-06 3.413940741782748147e-05
4.190310483870967460e+02 5.009402083904941932e-06 3.406510411516610736e-05
4.191560483870967460e+02 4.989660830699894278e-06 3.399095275664430879e-05
4.192810483870967460e+02 4.969994659515690661e-06 3.391695306080715235e-05
4.194060483870967460e+02 4.950403298380015367e-06 3.384310474663423929e-05
4.195310483870967460e+02 4.930886476237588664e-06 3.376940753353861459e-05
4.196560483870967460e+02 4.911443922947310615e-06 3.369586114136638064e-05
4.197810483870967460e+02 4.892075369279649667e-06 3.362246529039661602e-05
4.199060483870967460e+02 4.872780546913890645e-06 3.354921970134052837e-05
4.200310483870967460e+02 4.853559188435345472e-06 3.347612409534138670e-05
4.201560483870967460e+02 4.834411027332623184e-06 3.340317819397413510e-05
4.202810483870967460e+02 4.815335797995042239e-06 3.333038171924464736e-05
4.204060483870967460e+02 4.796333235709803125e-06 3.325773439358981510e-05
4.205310483870967460e+02 4.777403076659265997e-06 3.318523593987651092e-05
4.206560483870967460e+02 4.758545057918407034e-06 3.311288608140170370e-05
4.207810483870967460e+02 4.739758917451979184e-06 3.304068454189188929e-05
4.209060483870967460e+02 4.721044394111848251e-06 3.296863104550271789e-05
4.210310483870967460e+02 4.702401227634431461e-06 3.289672531681841805e-05
4.211560483870967460e+02 4.683829158637910727e-06 3.282496708085136974e-05
4.212810483870967460e+02 4.665327928619556024e-06 3.275335606304209760e-05
4.214060483870967460e+02 4.646897279953208854e-06 3.268189198925834936e-05
4.215310483870967460e+02 4.628536955886495509e-06 3.261057458579510261e-05
4.216560483870967460e+02 4.610246700538201267e-06 3.253940357937384653e-05
4.217810483870967460e+02 4.592026258895687788e-06 3.246837869714214820e-05
4.219060483870967460e+02 4.573875376812269008e-06 3.239749966667365938e-05
4.220310483870967460e+02 4.555793801004473529e-06 3.232676621596718136e-05
4.221560483870967460e+02 4.537781279049536552e-06 3.225617807344662437e-05
4.222810483870967460e+02 4.519837559382800333e-06 3.218573496796055348e-05
4.224060483870967460e+02 4.501962391294966411e-06 3.211543662878121966e-05
4.225310483870967460e+02 4.484155524929640056e-06 3.204528278560504767e-05
4.226560483870967460e+02 4.466416711280718023e-06 3.197527316855167378e-05
4.227810483870967460e+02 4.448745702189691595e-06 3.190540750816346470e-05
4.229060483870967460e+02 4.431142250343180873e-06 3.183568553540556500e-05
4.230310483870967460e+02 4.413606109270342007e-06 3.176610698166469095e-05
4.231560483870967460e+02 4.396137033340258337e-06 3.169667157874961160e-05
4.232810483870967460e+02 4.378734777759351854e-06 3.162737905889024078e-05
4.234060483870967460e+02 4.361399098568950530e-06 3.155822915473714246e-05
4.235310483870967460e+02 4.344129752642624392e-06 3.148922159936150359e-05
4.236560483870967460e+02 4.326926497683633415e-06 3.142035612625417192e-05
4.237810483870967460e+02 4.309789092222510939e-06 3.135163246932571695e-05
4.239060483870967460e+02 4.292717295614426850e-06 3.128305036290583366e-05
4.240310483870967460e+02 4.275710868036639709e-06 3.121460954174295620e-05
4.241560483870967460e+02 4.258769570486114895e-06 3.114630974100374296e-05
4.242810483870967460e+02 4.241893164776885250e-06 3.107815069627256155e-05
4.244060483870967460e+02 4.225081413537547248e-06 3.101013214355152265e-05
4.245310483870967460e+02 4.208334080208877446e-06 3.094225381925947717e-05
4.246560483870967460e+02 4.191650929041224470e-06 3.087451546023213143e-05
4.247810483870967460e+02 4.175031725092017889e-06 3.080691680372111879e-05
4.249060483870967460e+02 4.158476234223404148e-06 3.073945758739406745e-05
4.250310483870967460e+02 4.141984223099652952e-06 3.067213754933368562e-05
4.251560483870967460e+02 4.125555459184696636e-06 3.060495642803768700e-05
4.252810483870967460e+02 4.109189710739770331e-06 3.053791396241831645e-05
4.254060483870967460e+02 4.092886746820844607e-06 3.047100989180191968e-05
4.255310483870967460e+02 4.076646337276182629e-06 3.040424395592837743e-05
4.256560483870967460e+02 4.060468252743999808e-06 3.033761589495065825e-05
4.257810483870967460e+02 4.044352264649909992e-06 3.027112544943478799e-05
4.259060483870967460e+02 4.028298145204496181e-06 3.020477236035893503e-05
4.260310483870967460e+02 4.012305667401049790e-06 3.013855636911337300e-05
4.261560483870967460e+02 3.996374605012871162e-06 3.007247721749976586e-05
4.262810483870967460e+02 3.980504732591093533e-06 3.000653464773076135e-05
4.264060483870967460e+02 3.964695825462200384e-06 2.994072840242991985e-05
4.265310483870967460e+02 3.948947659725577514e-06 2.987505822463077583e-05
4.266560483870967460e+02 3.933260012251154898e-06 2.980952385777684127e-05
4.267810483870967460e+02 3.917632660677073116e-06 2.974412504572107032e-05
4.269060483870967460e+02 3.902065383407137167e-06 2.967886153272494791e-05
4.270310483870967460e+02 3.886557959608614186e-06 2.961373306345887256e-05
4.271560483870967460e+02 3.871110169209799920e-06 2.954873938300128233e-05
4.272810483870967460e+02 3.855721792897611456e-06 2.948388023683811261e-05
4.274060483870967460e+02 3.840392612115272282e-06 2.941915537086278607e-05
4.275310483870967460e+02 3.825122409059960079e-06 2.935456453137510463e-05
4.276560483870967460e+02 3.809910966680405802e-06 2.929010746508163579e-05
4.277810483870967460e+02 3.794758068674634221e-06 2.922578391909480457e-05
4.279060483870967460e+02 3.779663499487559197e-06 2.916159364093239549e-05
4.280310483870967460e+02 3.764627044308715748e-06 2.909753637851753894e-05
4.281560483870967460e+02 3.749648489069873535e-06 2.903361188017771857e-05
4.282810483870967460e+02 3.734727620442738438e-06 2.896981989464478814e-05
4.284060483870967460e+02 3.719864225836715965e-06 2.890616017105443282e-05
4.285310483870967460e+02 3.705058093396434106e-06 2.884263245894569153e-05
4.286560483870967460e+02 3.690309011999617278e-06 2.877923650826049945e-05
4.287810483870967460e+02 3.675616771254739621e-06 2.871597206934320019e-05
4.289060483870967460e+02 3.660981161498681681e-06 2.865283889294029167e-05
4.290310483870967460e+02 3.646401973794496786e-06 2.858983673019994159e-05
4.291560483870967460e+02 3.631878999929175300e-06 2.852696533267151991e-05
4.292810483870967460e+02 3.617412032411232276e-06 2.846422445230513125e-05
4.294060483870967460e+02 3.603000864468602575e-06 2.840161384145109313e-05
4.295310483870967460e+02 3.588645290046324660e-06 2.833913325285985468e-05
4.296560483870967460e+02 3.574345103804249788e-06 2.827678243968116312e-05
4.297810483870967460e+02 3.560100101114829145e-06 2.821456115546390115e-05
4.299060483870967460e+02 3.545910078060919176e-06 2.815246915415563293e-05
4.300310483870967460e+02 3.531774831433400582e-06 2.809050619010174690e-05
4.301560483870967460e+02 3.517694158729117058e-06 2.802867201804574716e-05
4.302810483870967460e+02 3.503667858148581959e-06 2.796696639312823700e-05
4.304060483870967460e+02 3.489695728593734503e-06 2.790538907088675969e-05
4.305310483870967460e+02 3.475777569665752314e-06 2.784393980725539865e-05
4.306560483870967460e+02 3.461913181662897838e-06 2.778261835856388304e-05
4.307810483870967460e+02 3.448102365578172059e-06 2.772142448153783840e-05
4.309060483870967460e+02 3.434344923097284167e-06 2.766035793329796002e-05
4.310310483870967460e+02 3.420640656596395058e-06 2.759941847135949451e-05
4.311560483870967460e+02 3.406989369139911662e-06 2.753860585363217543e-05
4.312810483870967460e+02 3.393390864478325737e-06 2.747791983841926789e-05
4.314060483870967460e+02 3.379844947046081465e-06 2.741736018441762266e-05
4.315310483870967460e+02 3.366351421959368506e-06 2.735692665071702914e-05
4.316560483870967460e+02 3.352910095013910821e-06 2.729661899679969013e-05
4.317810483870967460e+02 3.339520772682961319e-06 2.723643698254005584e-05
4.319060483870967460e+02 3.326183262115018257e-06 2.717638036820398364e-05
4.320310483870967460e+02 3.312897371131726718e-06 2.711644891444867705e-05
4.321560483870967460e+02 3.299662908225775423e-06 2.705664238232210637e-05
4.322810483870967460e+02 3.286479682558727062e-06 2.699696053326258860e-05
4.324060483870967460e+02 3.273347503958837604e-06 2.693740312909829947e-05
4.325310483870967460e+02 3.260266182919089065e-06 2.687796993204674158e-05
4.326560483870967460e+02 3.247235530594938939e-06 2.681866070471466981e-05
4.327810483870967460e+02 3.234255358802255133e-06 2.675947521009724769e-05
4.329060483870967460e+02 3.221325480015246245e-06 2.670041321157787801e-05
4.330310483870967460e+02 3.208445707364323222e-06 2.664147447292765052e-05
4.331560483870967460e+02 3.195615854633973316e-06 2.658265875830476599e-05
4.332810483870967460e+02 3.182835736260765739e-06 2.652396583225450567e-05
4.334060483870967460e+02 3.170105167331231963e-06 2.646539545970831315e-05
4.335310483870967460e+02 3.157423963579759578e-06 2.640694740598375706e-05
4.336560483870967460e+02 3.144791941386542888e-06 2.634862143678392800e-05
4.337810483870967460e+02 3.132208917775570792e-06 2.629041731819668637e-05
4.339060483870967460e+02 3.119674710412440586e-06 2.623233481669485210e-05
4.340310483870967460e+02 3.107189137602438590e-06 2.617437369913537795e-05
4.341560483870967460e+02 3.094752018288451786e-06 2.611653373275882434e-05
4.342810483870967460e+02 3.082363172048881576e-06 2.605881468518934582e-05
4.344060483870967460e+02 3.070022419095651987e-06 2.600121632443355943e-05
4.345310483870967460e+02 3.057729580272184836e-06 2.594373841888085637e-05
4.346560483870967460e+02 3.045484477051357532e-06 2.588638073730257195e-05
4.347810483870967460e+02 3.033286931533424885e-06 2.582914304885148077e-05
4.349060483870967460e+02 3.021136766444147583e-06 2.577202512306164418e-05
4.350310483870967460e+02 3.009033805132656825e-06 2.571502672984760061e-05
4.351560483870967460e+02 2.996977871569495554e-06 2.565814763950421303e-05
4.352810483870967460e+02 2.984968790344646144e-06 2.560138762270620821e-05
4.354060483870967460e+02 2.973006386665501330e-06 2.554474645050765832e-05
4.355310483870967460e+02 2.961090486354841918e-06 2.548822389434142525e-05
4.356560483870967460e+02 2.949220915848978818e-06 2.543181972601909292e-05
4.357810483870967460e+02 2.937397502195657063e-06 2.537553371772989654e-05
4.359060483870967460e+02 2.925620073052128805e-06 2.531936564204099712e-05
4.360310483870967460e+02 2.913888456683216576e-06 2.526331527189665810e-05
4.361560483870967460e+02 2.902202481959316410e-06 2.520738238061771686e-05
4.362810483870967460e+02 2.890561978354403925e-06 2.515156674190151013e-05
4.364060483870967460e+02 2.878966775944207272e-06 2.509586812982092193e-05
4.365310483870967460e+02 2.867416705404152660e-06 2.504028631882441411e-05
4.366560483870967460e+02 2.855911598007463189e-06 2.498482108373535884e-05
4.367810483870967460e+02 2.844451285623251752e-06 2.492947219975169302e-05
4.369060483870967460e+02 2.833035600714562701e-06 2.487423944244537621e-05
4.370310483870967460e+02 2.821664376336409267e-06 2.481912258776188579e-05
4.371560483870967460e+02 2.810337446133969382e-06 2.476412141202000348e-05
4.372810483870967460e+02 2.799054644340576515e-06 2.470923569191126650e-05
4.374060483870967460e+02 2.787815805775843919e-06 2.465446520449952032e-05
4.375310483870967460e+02 2.776620765843785489e-06 2.459980972722042736e-05
4.376560483870967460e+02 2.765469360530879443e-06 2.454526903788097915e-05
4.377810483870967460e+02 2.754361426404213321e-06 2.449084291465933704e-05
4.379060483870967460e+02 2.743296800609561642e-06 2.443653113610403261e-05
4.380310483870967460e+02 2.732275320869549117e-06 2.438233348113380845e-05
4.381560483870967460e+02 2.721296825481744396e-06 2.432824972903710654e-05
4.382810483870967460e+02 2.710361153316818624e-06 2.427427965947128897e-05
4.384060483870967460e+02 2.699468143816645539e-06 2.422042305246279719e-05
4.385310483870967460e+02 2.688617636992483325e-06 2.416667968840626094e-05
4.386560483870967460e+02 2.677809473423042521e-06 2.411304934806423057e-05
4.387810483870967460e+02 2.667043494252765703e-06 2.405953181256679420e-05
4.389060483870967460e+02 2.656319541189868717e-06 2.400612686341074083e-05
4.390310483870967460e+02 2.645637456504551323e-06 2.395283428245972637e-05
4.391560483870967460e+02 2.634997083027176500e-06 2.389965385194342662e-05
4.392810483870967460e+02 2.624398264146416710e-06 2.384658535445713067e-05
4.394060483870967460e+02 2.613840843807395087e-06 2.379362857296150714e-05
4.395310483870967460e+02 2.603324666509976547e-06 2.374078329078182828e-05
4.396560483870967460e+02 2.592849577306853495e-06 2.368804929160778702e-05
4.397810483870967460e+02 2.582415421801776372e-06 2.363542635949308701e-05
4.399060483870967460e+02 2.572022046147767686e-06 2.358291427885475820e-05
4.400310483870967460e+02 2.561669297045298772e-06 2.353051283447299763e-05
4.401560483870967460e+02 2.551357021740465288e-06 2.347822181149038673e-05
4.402810483870967460e+02 2.541085068023302037e-06 2.342604099541178295e-05
4.404060483870967460e+02 2.530853284225903405e-06 2.337397017210372677e-05
4.405310483870967460e+02 2.520661519220683977e-06 2.332200912779402842e-05
4.406560483870967460e+02 2.510509622418617980e-06 2.327015764907130365e-05
4.407810483870967460e+02 2.500397443767460513e-06 2.321841552288440456e-05
4.409060483870967460e+02 2.490324833749934474e-06 2.316678253654231795e-05
4.410310483870967460e+02 2.480291643382087313e-06 2.311525847771336229e-05
4.411560483870967460e+02 2.470297724211440269e-06 2.306384313442502856e-05
4.412810483870967460e+02 2.460342928315276940e-06 2.301253629506335674e-05
4.414060483870967460e+02 2.450427108298913213e-06 2.296133774837240735e-05
4.415310483870967460e+02 2.440550117293931207e-06 2.291024728345419700e-05
4.416560483870967460e+02 2.430711808956480966e-06 2.285926468976784464e-05
4.417810483870967460e+02 2.420912037465502118e-06 2.280838975712940210e-05
4.419060483870967460e+02 2.411150657521064112e-06 2.275762227571134932e-05
4.420310483870967460e+02 2.401427524342601847e-06 2.270696203604186583e-05
4.421560483870967460e+02 2.391742493667238973e-06 2.265640882900491892e-05
4.422810483870967460e+02 2.382095421748048507e-06 2.260596244583944702e-05
4.424060483870967460e+02 2.372486165352370202e-06 2.255562267813897691e-05
4.425310483870967460e+02 2.362914581760087684e-06 2.250538931785132213e-05
4.426560483870967460e+02 2.353380528761975887e-06 2.245526215727786811e-05
4.427810483870967460e+02 2.343883864657978194e-06 2.240524098907338582e-05
4.429060483870967460e+02 2.334424448255553020e-06 2.235532560624559127e-05
4.430310483870967460e+02 2.325002138867961967e-06 2.230551580215446459e-05
4.431560483870967460e+02 2.315616796312627000e-06 2.225581137051213811e-05
4.432810483870967460e+02 2.306268280909424943e-06 2.220621210538205280e-05
4.434060483870967460e+02 2.296956453479070076e-06 2.215671780117886336e-05
4.435310483870967460e+02 2.287681175341418793e-06 2.210732825266792324e-05
4.436560483870967460e+02 2.278442308313844997e-06 2.205804325496475270e-05
4.437810483870967460e+02 2.269239714709557466e-06 2.200886260353462207e-05
4.439060483870967460e+02 2.260073257335984986e-06 2.195978609419204690e-05
4.440310483870967460e+02 2.250942799493101342e-06 2.191081352310060503e-05
4.441560483870967460e+02 2.241848204971834594e-06 2.186194468677214714e-05
4.442810483870967460e+02 2.232789338052405616e-06 2.181317938206668157e-05
4.444060483870967460e+02 2.223766063502707304e-06 2.176451740619168989e-05
4.445310483870967460e+02 2.214778246576703256e-06 2.171595855670167968e-05
4.446560483870967460e+02 2.205825753012778603e-06 2.166750263149804900e-05
4.447810483870967460e+02 2.196908449032161135e-06 2.161914942882825293e-05
4.449060483870967460e+02 2.188026201337272554e-06 2.157089874728564092e-05
4.450310483870967460e+02 2.179178877110178405e-06 2.152275038580898922e-05
4.451560483870967460e+02 2.170366344010951181e-06 2.147470414368171147e-05
4.452810483870967460e+02 2.161588470176106280e-06 2.142675982053195694e-05
4.454060483870967460e+02 2.152845124216983747e-06 2.137891721633187531e-05
4.455310483870967460e+02 2.144136175218191428e-06 2.133117613139709829e-05
4.456560483870967460e+02 2.135461492735995184e-06 2.128353636638660067e-05
4.457810483870967460e+02 2.126820946796782373e-06 2.123599772230177205e-05
4.459060483870967460e+02 2.118214407895463074e-06 2.118856000048653535e-05
4.460310483870967460e+02 2.109641746993930183e-06 2.114122300262659805e-05
4.461560483870967460e+02 2.101102835519470802e-06 2.109398653074896434e-05
4.462810483870967460e+02 2.092597545363233958e-06 2.104685038722169113e-05
4.464060483870967460e+02 2.084125748878649613e-06 2.099981437475339677e-05
4.465310483870967460e+02 2.075687318879921369e-06 2.095287829639251570e-05
4.466560483870967460e+02 2.067282128640453956e-06 2.090604195552736957e-05
4.467810483870967460e+02 2.058910051891340001e-06 2.085930515588543539e-05
4.469060483870967460e+02 2.050570962819798528e-06 2.081266770153284074e-05
4.470310483870967460e+02 2.042264736067671473e-06 2.076612939687421807e-05
4.471560483870967460e+02 2.033991246729871070e-06 2.071969004665177291e-05
4.472810483870967460e+02 2.025750370352895429e-06 2.067334945594541948e-05
4.474060483870967460e+02 2.017541982933286937e-06 2.062710743017201153e-05
4.475310483870967460e+02 2.009365960916143168e-06 2.058096377508487139e-05
4.476560483870967460e+02 2.001222181193585879e-06 2.053491829677359009e-05
4.477810483870967460e+02 1.993110521103270226e-06 2.048897080166326164e-05
4.479060483870967460e+02 1.985030858426914740e-06 2.044312109651434071e-05
4.480310483870967460e+02 1.976983071388736859e-06 2.039736898842205311e-05
4.481560483870967460e+02 1.968967038654041344e-06 2.035171428481606716e-05
4.482810483870967460e+02 1.960982639327710448e-06 2.030615679345990071e-05
4.484060483870967460e+02 1.953029752952703814e-06 2.026069632245051464e-05
4.485310483870967460e+02 1.945108259508601584e-06 2.021533268021800446e-05
4.486560483870967460e+02 1.937218039410152582e-06 2.017006567552507182e-05
4.487810483870967460e+02 1.929358973505742031e-06 2.012489511746662132e-05
4.489060483870967460e+02 1.921530943076005386e-06 2.007982081546927936e-05
4.490310483870967460e+02 1.913733829832342634e-06 2.003484257929084866e-05
4.491560483870967460e+02 1.905967515915448909e-06 1.998996021902020665e-05
4.492810483870967460e+02 1.898231883893875166e-06 1.994517354507650584e-05
4.494060483870967460e+02 1.890526816762613851e-06 1.990048236820896374e-05
4.495310483870967460e+02 1.882852197941584407e-06 1.985588649949641569e-05
4.496560483870967460e+02 1.875207911274276323e-06 1.981138575034657279e-05
4.497810483870967460e+02 1.867593841026288005e-06 1.976697993249609307e-05
4.499060483870967460e+02 1.860009871883883644e-06 1.972266885800970739e-05
4.500310483870967460e+02 1.852455888952586506e-06 1.967845233928005677e-05
4.501560483870967460e+02 1.844931777755765231e-06 1.963433018902719434e-05
4.502810483870967460e+02 1.837437424233189646e-06 1.959030222029787722e-05
4.504060483870967460e+02 1.829972714739660899e-06 1.954636824646558010e-05
4.505310483870967460e+02 1.822537536043576585e-06 1.950252808122981756e-05
4.506560483870967460e+02 1.815131775325548810e-06 1.945878153861563592e-05
4.507810483870967460e+02 1.807755320176985628e-06 1.941512843297341667e-05
4.509060483870967460e+02 1.800408058598706137e-06 1.937156857897812771e-05
4.510310483870967460e+02 1.793089878999576333e-06 1.932810179162915395e-05
4.511560483870967460e+02 1.785800670195057512e-06 1.928472788624980603e-05
4.512810483870967460e+02 1.778540321405900772e-06 1.924144667848676468e-05
4.514060483870967460e+02 1.771308722256738194e-06 1.919825798430984350e-05
4.515310483870967460e+02 1.764105762774699845e-06 1.915516162001127073e-05
4.516560483870967460e+02 1.756931333388054289e-06 1.911215740220553001e-05
4.517810483870967460e+02 1.749785324924869219e-06 1.906924514782883855e-05
4.519060483870967460e+02 1.742667628611585474e-06 1.902642467413867623e-05
4.520310483870967460e+02 1.735578136071733786e-06 1.898369579871337902e-05
4.521560483870967460e+02 1.728516739324555389e-06 1.894105833945159008e-05
4.522810483870967460e+02 1.721483330783639138e-06 1.889851211457208699e-05
4.524060483870967460e+02 1.714477803255589130e-06 1.885605694261309733e-05
4.525310483870967460e+02 1.707500049938709681e-06 1.881369264243202085e-05
4.526560483870967460e+02 1.700549964421605825e-06 1.877141903320493822e-05
4.527810483870967460e+02 1.693627440681919528e-06 1.872923593442605872e-05
4.529060483870967460e+02 1.686732373084978682e-06 1.868714316590758815e-05
4.530310483870967460e+02 1.679864656382458997e-06 1.864514054777896307e-05
4.531560483870967460e+02 1.673024185711074282e-06 1.860322790048667466e-05
4.532810483870967460e+02 1.666210856591285137e-06 1.856140504479377061e-05
4.534060483870967460e+02 1.659424564925925495e-06 1.851967180177915045e-05
4.535310483870967460e+02 1.652665206998963621e-06 1.847802799283761632e-05
4.536560483870967460e+02 1.645932679474171213e-06 1.843647343967912085e-05
4.537810483870967460e+02 1.639226879393812407e-06 1.839500796432835375e-05
4.539060483870967460e+02 1.632547704177360944e-06 1.835363138912451486e-05
4.540310483870967460e+02 1.625895051620215856e-06 1.831234353672047050e-05
4.541560483870967460e+02 1.619268819892405932e-06 1.827114423008282458e-05
4.542810483870967460e+02 1.612668907537275969e-06 1.823003329249120035e-05
4.544060483870967460e+02 1.606095213470277419e-06 1.818901054753777622e-05
4.545310483870967460e+02 1.599547636977631135e-06 1.814807581912707569e-05
4.546560483870967460e+02 1.593026077715076307e-06 1.810722893147524568e-05
4.547810483870967460e+02 1.586530435706616215e-06 1.806646970910986342e-05
4.549060483870967460e+02 1.580060611343238365e-06 1.802579797686943160e-05
4.550310483870967460e+02 1.573616505381630594e-06 1.798521355990297517e-05
4.551560483870967460e+02 1.567198018942990360e-06 1.794471628366953316e-05
4.552810483870967460e+02 1.560805053511713104e-06 1.790430597393773176e-05
4.554060483870967460e+02 1.554437510934168082e-06 1.786398245678544886e-05
4.555310483870967460e+02 1.548095293417456612e-06 1.782374555859937704e-05
4.556560483870967460e+02 1.541778303528167570e-06 1.778359510607452885e-05
4.557810483870967460e+02 1.535486444191114256e-06 1.774353092621384383e-05
4.559060483870967460e+02 1.529219618688147905e-06 1.770355284632765315e-05
4.560310483870967460e+02 1.522977730656908323e-06 1.766366069403350005e-05
4.561560483870967460e+02 1.516760684089585305e-06 1.762385429725546901e-05
4.562810483870967460e+02 1.510568383331710348e-06 1.758413348422389435e-05
4.564060483870967460e+02 1.504400733080951319e-06 1.754449808347495365e-05
4.565310483870967460e+02 1.498257638385850380e-06 1.750494792384996642e-05
4.566560483870967460e+02 1.492139004644672229e-06 1.746548283449540765e-05
4.567810483870967460e+02 1.486044737604173370e-06 1.742610264486213191e-05
4.569060483870967460e+02 1.479974743358387670e-06 1.738680718470511928e-05
4.570310483870967460e+02 1.473928928347437555e-06 1.734759628408301453e-05
4.571560483870967460e+02 1.467907199356358537e-06 1.730846977335766634e-05
4.572810483870967460e+02 1.461909463513851959e-06 1.726942748319361908e-05
4.574060483870967460e+02 1.455935628291158439e-06 1.723046924455798068e-05
4.575310483870967460e+02 1.449985601500848735e-06 1.719159488871965693e-05
4.576560483870967460e+02 1.444059291295634507e-06 1.715280424724916508e-05
4.577810483870967460e+02 1.438156606167199200e-06 1.711409715201814939e-05
4.579060483870967460e+02 1.432277454945034646e-06 1.707547343519874412e-05
4.580310483870967460e+02 1.426421746795261147e-06 1.703693292926353970e-05
4.581560483870967460e+02 1.420589391219439295e-06 1.699847546698484406e-05
4.582810483870967460e+02 1.414780298053463332e-06 1.696010088143441838e-05
4.584060483870967460e+02 1.408994377466354756e-06 1.692180900598305360e-05
4.585310483870967460e+02 1.403231539959121582e-06 1.688359967429989953e-05
4.586560483870967460e+02 1.397491696363618658e-06 1.684547272035243437e-05
4.587810483870967460e+02 1.391774757841388292e-06 1.680742797840581419e-05
4.589060483870967460e+02 1.386080635882495578e-06 1.676946528302240198e-05
4.590310483870967460e+02 1.380409242304439325e-06 1.673158446906156777e-05
4.591560483870967460e+02 1.374760489250971081e-06 1.669378537167894659e-05
4.592810483870967460e+02 1.369134289190976838e-06 1.665606782632631991e-05
4.594060483870967460e+02 1.363530554917353866e-06 1.661843166875104981e-05
4.595310483870967460e+02 1.357949199545875690e-06 1.658087673499569615e-05
4.596560483870967460e+02 1.352390136514051556e-06 1.654340286139756929e-05
4.597810483870967460e+02 1.346853279580054306e-06 1.650600988458824562e-05
4.599060483870967460e+02 1.341338542821562055e-06 1.646869764149328636e-05
4.600310483870967460e+02 1.335845840634659802e-06 1.643146596933177671e-05
4.601560483870967460e+02 1.330375087732742948e-06 1.639431470561587191e-05
4.602810483870967460e+02 1.324926199145397516e-06 1.635724368815036014e-05
4.604060483870967460e+02 1.319499090217279950e-06 1.632025275503221529e-05
4.605310483870967460e+02 1.314093676607072937e-06 1.628334174465035299e-05
4.606560483870967460e+02 1.308709874286340854e-06 1.624651049568498693e-05
4.607810483870967460e+02 1.303347599538457422e-06 1.620975884710739161e-05
4.609060483870967460e+02 1.298006768957525314e-06 1.617308663817942468e-05
4.610310483870967460e+02 1.292687299447273325e-06 1.613649370845291703e-05
4.611560483870967460e+02 1.287389108219993338e-06 1.609997989776963218e-05
4.612810483870967460e+02 1.282112112795440457e-06 1.606354504626052759e-05
4.614060483870967460e+02 1.276856230999788188e-06 1.602718899434551759e-05
4.615310483870967460e+02 1.271621380964535559e-06 1.599091158273301930e-05
4.616560483870967460e+02 1.266407481125445570e-06 1.595471265241934616e-05
4.617810483870967460e+02 1.261214450221490643e-06 1.591859204468862665e-05
4.619060483870967460e+02 1.256042207293781759e-06 1.588254960111217746e-05
4.620310483870967460e+02 1.250890671684492723e-06 1.584658516354807658e-05
4.621560483870967460e+02 1.245759763035856645e-06 1.581069857414088551e-05
4.622810483870967460e+02 1.240649401289069878e-06 1.577488967532103255e-05
4.624060483870967460e+02 1.235559506683261180e-06 1.573915830980457232e-05
4.625310483870967460e+02 1.230489999754455156e-06 1.570350432059275204e-05
4.626560483870967460e+02 1.225440801334521727e-06 1.566792755097147621e-05
4.627810483870967460e+02 1.220411832550124747e-06 1.563242784451105926e-05
4.629060483870967460e+02 1.215403014821727380e-06 1.559700504506562589e-05
4.630310483870967460e+02 1.210414269862529916e-06 1.556165899677282644e-05
4.631560483870967460e+02 1.205445519677446769e-06 1.552638954405343368e-05
4.632810483870967460e+02 1.200496686562097872e-06 1.549119653161088210e-05
4.634060483870967460e+02 1.195567693101773815e-06 1.545607980443084090e-05
4.635310483870967460e+02 1.190658462170404158e-06 1.542103920778076009e-05
4.636560483870967460e+02 1.185768916929586732e-06 1.538607458720963323e-05
4.637810483870967460e+02 1.180898980827536895e-06 1.535118578854738423e-05
4.639060483870967460e+02 1.176048577598094172e-06 1.531637265790460983e-05
4.640310483870967460e+02 1.171217631259724453e-06 1.528163504167208834e-05
4.641560483870967460e+02 1.166406066114503764e-06 1.524697278652026971e-05
4.642810483870967460e+02 1.161613806747134860e-06 1.521238573939914847e-05
4.644060483870967460e+02 1.156840778023933331e-06 1.517787374753755224e-05
4.645310483870967460e+02 1.152086905091860072e-06 1.514343665844292658e-05
4.646560483870967460e+02 1.147352113377514381e-06 1.510907431990089621e-05
4.647810483870967460e+02 1.142636328586161557e-06 1.507478657997464332e-05
4.649060483870967460e+02 1.137939476700738276e-06 1.504057328700484823e-05
4.650310483870967460e+02 1.133261483980885703e-06 1.500643428960905416e-05
4.651560483870967460e+02 1.128602276961954227e-06 1.497236943668127081e-05
4.652810483870967460e+02 1.123961782454057537e-06 1.493837857739170498e-05
4.654060483870967460e+02 1.119339927541083286e-06 1.490446156118605247e-05
4.655310483870967460e+02 1.114736639579738491e-06 1.487061823778547605e-05
4.656560483870967460e+02 1.110151846198575014e-06 1.483684845718596004e-05
4.657810483870967460e+02 1.105585475297040464e-06 1.480315206965790370e-05
4.659060483870967460e+02 1.101037455044504538e-06 1.476952892574586206e-05
4.660310483870967460e+02 1.096507713879327910e-06 1.473597887626789710e-05
4.661560483870967460e+02 1.091996180507892176e-06 1.470250177231540830e-05
4.662810483870967460e+02 1.087502783903667477e-06 1.466909746525263128e-05
4.664060483870967460e+02 1.083027453306251541e-06 1.463576580671623620e-05
4.665310483870967460e+02 1.078570118220442820e-06 1.460250664861491620e-05
4.666560483870967460e+02 1.074130708415282914e-06 1.456931984312891299e-05
4.667810483870967460e+02 1.069709153923144746e-06 1.453620524270975094e-05
4.669060483870967460e+02 1.065305385038782187e-06 1.450316270007977961e-05
4.670310483870967460e+02 1.060919332318411661e-06 1.447019206823174016e-05
4.671560483870967460e+02 1.056550926578775117e-06 1.443729320042838240e-05
4.672810483870967460e+02 1.052200098896223535e-06 1.440446595020196510e-05
4.674060483870967460e+02 1.047866780605796844e-06 1.437171017135409505e-05
4.675310483870967460e+02 1.043550903300294505e-06 1.433902571795504602e-05
4.676560483870967460e+02 1.039252398829379995e-06 1.430641244434354870e-05
4.677810483870967460e+02 1.034971199298655206e-06 1.427387020512632655e-05
4.679060483870967460e+02 1.030707237068760049e-06 1.424139885517766210e-05
4.680310483870967460e+02 1.026460444754458298e-06 1.420899824963898020e-05
4.681560483870967460e+02 1.022230755223744178e-06 1.417666824391853972e-05
4.682810483870967460e+02 1.018018101596927358e-06 1.414440869369097955e-05
4.684060483870967460e+02 1.013822417245755851e-06 1.411221945489692892e-05
4.685310483870967460e+02 1.009643635792509050e-06 1.408010038374257885e-05
4.686560483870967460e+02 1.005481691109113429e-06 1.404805133669923490e-05
4.687810483870967460e+02 1.001336517316247225e-06 1.401607217050309860e-05
4.689060483870967460e+02 9.972080487824635533e-07 1.398416274215465597e-05
4.690310483870967460e+02 9.930962201232940280e-07 1.395232290891843179e-05
4.691560483870967460e+02 9.890009662003883932e-07 1.392055252832256277e-05
4.692810483870967460e+02 9.849222221206228068e-07 1.388885145815820459e-05
4.694060483870967460e+02 9.808599232352386204e-07 1.385721955647947768e-05
4.695310483870967460e+02 9.768140051389578654e-07 1.382565668160278287e-05
4.696560483870967460e+02 9.727844036691275371e-07 1.379416269210656075e-05
4.697810483870967460e+02 9.687710549048388932e-07 1.376273744683087162e-05
4.699060483870967460e+02 9.647738951660852907e-07 1.373138080487682455e-05
4.700310483870967460e+02 9.607928610128863538e-07 1.370009262560647067e-05
4.701560483870967460e+02 9.568278892444445411e-07 1.366887276864222886e-05
4.702810483870967460e+02 9.528789168982771487e-07 1.363772109386648089e-05
4.704060483870967460e+02 9.489458812493734061e-07 1.360663746142128849e-05
4.705310483870967460e+02 9.450287198093545373e-07 1.357562173170782079e-05
4.706560483870967460e+02 9.411273703255986702e-07 1.354467376538614423e-05
4.707810483870967460e+02 9.372417707804331904e-07 1.351379342337474312e-05
4.709060483870967460e+02 9.333718593902808261e-07 1.348298056685009278e-05
4.710310483870967460e+02 9.295175746048154740e-07 1.345223505724638509e-05
4.711560483870967460e+02 9.256788551061339068e-07 1.342155675625493045e-05
4.712810483870967460e+02 9.218556398079342575e-07 1.339094552582395284e-05
4.714060483870967460e+02 9.180478678546565979e-07 1.336040122815814764e-05
4.715310483870967460e+02 9.142554786206923402e-07 1.332992372571827678e-05
4.716560483870967460e+02 9.104784117095454616e-07 1.329951288122073840e-05
4.717810483870967460e+02 9.067166069530061184e-07 1.326916855763717389e-05
4.719060483870967460e+02 9.029700044103384472e-07 1.323889061819419506e-05
4.720310483870967460e+02 8.992385443674755660e-07 1.320867892637284045e-05
4.721560483870967460e+02 8.955221673361753997e-07 1.317853334590830758e-05
4.722810483870967460e+02 8.918208140532473391e-07 1.314845374078947186e-05
4.724060483870967460e+02 8.881344254797287136e-07 1.311843997525849021e-05
4.725310483870967460e+02 8.844629428000762977e-07 1.308849191381054183e-05
4.726560483870967460e+02 8.808063074213707352e-07 1.305860942119326410e-05
4.727810483870967460e+02 8.771644609725167291e-07 1.302879236240650860e-05
4.729060483870967460e+02 8.735373453034376184e-07 1.299904060270190918e-05
4.730310483870967460e+02 8.699249024842975904e-07 1.296935400758233303e-05
4.731560483870967460e+02 8.663270748046958347e-07 1.293973244280178584e-05
4.732810483870967460e+02 8.627438047728890728e-07 1.291017577436483072e-05
4.734060483870967460e+02 8.591750351149953472e-07 1.288068386852620028e-05
4.735310483870967460e+02 8.556207087742181391e-07 1.285125659179053741e-05
4.736560483870967460e+02 8.520807689100543929e-07 1.282189381091177358e-05
4.737810483870967460e+02 8.485551588975328212e-07 1.279259539289302211e-05
4.739060483870967460e+02 8.450438223264248945e-07 1.276336120498604285e-05
4.740310483870967460e+02 8.415467030004808165e-07 1.273419111469081015e-05
4.741560483870967460e+02 8.380637449366491958e-07 1.270508498975527915e-05
4.742810483870967460e+02 8.345948923643152451e-07 1.267604269817481314e-05
4.744060483870967460e+02 8.311400897245421579e-07 1.264706410819194639e-05
4.745310483870967460e+02 8.276992816692829435e-07 1.261814908829596573e-05
4.746560483870967460e+02 8.242724130606507090e-07 1.258929750722251244e-05
4.747810483870967460e+02 8.208594289701479646e-07 1.256050923395318417e-05
4.749060483870967460e+02 8.174602746779052471e-07 1.253178413771512151e-05
4.750310483870967460e+02 8.140748956719353073e-07 1.250312208798072011e-05
4.751560483870967460e+02 8.107032376473894153e-07 1.247452295446717996e-05
4.752810483870967460e+02 8.073452465057845484e-07 1.244598660713617680e-05
4.754060483870967460e+02 8.040008683542883898e-07 1.241751291619340130e-05
4.755310483870967460e+02 8.006700495049636691e-07 1.238910175208817115e-05
4.756560483870967460e+02 7.973527364740221382e-07 1.236075298551319049e-05
4.757810483870967460e+02 7.940488759810940051e-07 1.233246648740402303e-05
4.759060483870967460e+02 7.907584149484978979e-07 1.230424212893876853e-05
4.760310483870967460e+02 7.874813005004848872e-07 1.227607978153774936e-05
4.761560483870967460e+02 7.842174799625364023e-07 1.224797931686287863e-05
4.762810483870967460e+02 7.809669008606244535e-07 1.221994060681764155e-05
4.764060483870967460e+02 7.777295109204801131e-07 1.219196352354643815e-05
4.765310483870967460e+02 7.745052580668777729e-07 1.216404793943434438e-05
4.766560483870967460e+02 7.712940904229189779e-07 1.213619372710672590e-05
4.767810483870967460e+02 7.680959563092933896e-07 1.210840075942867393e-05
4.769060483870967460e+02 7.649108042435875014e-07 1.208066890950493581e-05
4.770310483870967460e+02 7.617385829395624376e-07 1.205299805067932547e-05
4.771560483870967460e+02 7.585792413064370453e-07 1.202538805653437611e-05
4.772810483870967460e+02 7.554327284481843278e-07 1.199783880089105903e-05
4.774060483870967460e+02 7.522989936628270311e-07 1.197035015780823134e-05
4.775310483870967460e+02 7.491779864417324885e-07 1.194292200158242251e-05
4.776560483870967460e+02 7.460696564688981490e-07 1.191555420674742272e-05
4.777810483870967460e+02 7.429739536202791381e-07 1.188824664807386950e-05
4.779060483870967460e+02 7.398908279630693395e-07 1.186099920056886487e-05
4.780310483870967460e+02 7.368202297550134979e-07 1.183381173947568567e-05
4.781560483870967460e+02 7.337621094437197459e-07 1.180668414027323296e-05
4.782810483870967460e+02 7.307164176659659903e-07 1.177961627867588128e-05
4.784060483870967460e+02 7.276831052470020624e-07 1.175260803063298057e-05
4.785310483870967460e+02 7.246621231998838444e-07 1.172565927232846316e-05
4.786560483870967460e+02 7.216534227247832552e-07 1.169876988018057273e-05
4.787810483870967460e+02 7.186569552083004596e-07 1.167193973084133233e-05
4.789060483870967460e+02 7.156726722227914301e-07 1.164516870119632760e-05
4.790310483870967460e+02 7.127005255256998496e-07 1.161845666836428490e-05
4.791560483870967460e+02 7.097404670588593678e-07 1.159180350969668507e-05
4.792810483870967460e+02 7.067924489478497509e-07 1.156520910277739415e-05
4.794060483870967460e+02 7.038564235013162899e-07 1.153867332542225002e-05
4.795310483870967460e+02 7.009323432102991626e-07 1.151219605567878961e-05
4.796560483870967460e+02 6.980201607475724304e-07 1.148577717182582715e-05
4.797810483870967460e+02 6.951198289669895992e-07 1.145941655237308989e-05
4.799060483870967460e+02 6.922313009028004876e-07 1.143311407606084035e-05
4.800310483870967460e+02 6.893545297690207163e-07 1.140686962185945619e-05
4.801560483870967460e+02 6.864894689587639291e-07 1.138068306896920658e-05
4.802810483870967460e+02 6.836360720435848126e-07 1.135455429681973721e-05
4.804060483870967460e+02 6.807942927728318570e-07 1.132848318506978739e-05
4.805310483870967460e+02 6.779640850730020234e-07 1.130246961360683768e-05
4.806560483870967460e+02 6.751454030470908572e-07 1.127651346254656947e-05
4.807810483870967460e+02 6.723382009739363557e-07 1.125061461223276844e-05
4.809060483870967460e+02 6.695424333076026452e-07 1.122477294323675363e-05
4.810310483870967460e+02 6.667580546767168608e-07 1.119898833635710135e-05
4.811560483870967460e+02 6.639850198838402236e-07 1.117326067261929955e-05
4.812810483870967460e+02 6.612232839048346727e-07 1.114758983327521251e-05
4.814060483870967460e+02 6.584728018882252603e-07 1.112197569980296905e-05
4.815310483870967460e+02 6.557335291545596894e-07 1.109641815390644751e-05
4.816560483870967460e+02 6.530054211958020502e-07 1.107091707751490134e-05
4.817810483870967460e+02 6.502884336746855803e-07 1.104547235278269660e-05
4.819060483870967460e+02 6.475825224240938018e-07 1.102008386208880533e-05
4.820310483870967460e+02 6.448876434464420814e-07 1.099475148803656679e-05
4.821560483870967460e+02 6.422037529130523081e-07 1.096947511345330281e-05
4.822810483870967460e+02 6.395308071635248182e-07 1.094425462138989097e-05
4.824060483870967460e+02 6.368687627051452608e-07 1.091908989512050364e-05
4.825310483870967460e+02 6.342175762122506994e-07 1.089398081814211338e-05
4.826560483870967460e+02 6.315772045256220771e-07 1.086892727417425063e-05
4.827810483870967460e+02 6.289476046518795417e-07 1.084392914715860736e-05
4.829060483870967460e+02 6.263287337628690874e-07 1.081898632125868293e-05
4.830310483870967460e+02 6.237205491950481385e-07 1.079409868085939116e-05
4.831560483870967460e+02 6.211230084489041672e-07 1.076926611056668246e-05
4.832810483870967460e+02 6.185360691883315946e-07 1.074448849520730336e-05
4.834060483870967460e+02 6.159596892400410918e-07 1.071976571982829838e-05
4.835310483870967460e+02 6.133938265929626329e-07 1.069509766969675936e-05
4.836560483870967460e+02 6.108384393976448427e-07 1.067048423029941378e-05
4.837810483870967460e+02 6.082934859656669445e-07 1.064592528734220294e-05
4.839060483870967460e+02 6.057589247690376840e-07 1.062142072675009561e-05
4.840310483870967460e+02 6.032347144396183942e-07 1.059697043466657135e-05
4.841560483870967460e+02 6.007208137685272135e-07 1.057257429745335452e-05
4.842810483870967460e+02 5.982171817055541034e-07 1.054823220169005688e-05
4.844060483870967460e+02 5.957237773585814783e-07 1.052394403417368115e-05
4.845310483870967460e+02 5.932405599929997526e-07 1.049970968191849743e-05
4.846560483870967460e+02 5.907674890311185469e-07 1.047552903215554339e-05
4.847810483870967460e+02 5.883045240516103990e-07 1.045140197233224821e-05
4.849060483870967460e+02 5.858516247889167825e-07 1.042732839011222589e-05
4.850310483870967460e+02 5.834087511326806999e-07 1.040330817337467559e-05
4.851560483870967460e+02 5.809758631271782183e-07 1.037934121021430365e-05
4.852810483870967460e+02 5.785529209707450277e-07 1.035542738894080863e-05
4.854060483870967460e+02 5.761398850152015175e-07 1.033156659807853230e-05
4.855310483870967460e+02 5.737367157653052754e-07 1.030775872636619712e-05
4.856560483870967460e+02 5.713433738781720350e-07 1.028400366275642506e-05
4.857810483870967460e+02 5.689598201627180098e-07 1.026030129641549368e-05
4.859060483870967460e+02 5.665860155791039225e-07 1.023665151672296513e-05
4.860310483870967460e+02 5.642219212381733161e-07 1.021305421327130669e-05
4.861560483870967460e+02 5.618674984008883238e-07 1.018950927586556719e-05
4.862810483870967460e+02 5.595227084777957211e-07 1.016601659452295857e-05
4.864060483870967460e+02 5.571875130284571900e-07 1.014257605947260856e-05
4.865310483870967460e+02 5.548618737609051002e-07 1.011918756115516936e-05
4.866560483870967460e+02 5.525457525310965967e-07 1.009585099022246353e-05
4.867810483870967460e+02 5.502391113423616516e-07 1.007256623753713340e-05
4.869060483870967460e+02 5.479419123448638221e-07 1.004933319417224626e-05
4.870310483870967460e+02 5.456541178350495729e-07 1.002615175141107761e-05
4.871560483870967460e+02 5.433756902551180338e-07 1.000302180074663336e-05
4.872810483870967460e+02 5.411065921924742397e-07 9.979943233881372050e-06
4.874060483870967460e+02 5.388467863791974058e-07 9.956915942726881253e-06
4.875310483870967460e+02 5.365962356914993562e-07 9.933939819403372765e-06
4.876560483870967460e+02 5.343549031491984099e-07 9.911014756239579259e-06
4.877810483870967460e+02 5.321227519151774921e-07 9.888140645772212182e-06
4.879060483870967460e+02 5.298997452948674437e-07 9.865317380745731364e-06
4.880310483870967460e+02 5.276858467357089439e-07 9.842544854111972324e-06
4.881560483870967460e+02 5.254810198266335963e-07 9.819822959029693953e-06
4.882810483870967460e+02 5.232852282975337927e-07 9.797151588864432825e-06
4.884060483870967460e+02 5.210984360187451752e-07 9.774530637188035635e-06
4.885310483870967460e+02 5.189206070005190414e-07 9.751959997778303447e-06
4.886560483870967460e+02 5.167517053925128534e-07 9.729439564618724026e-06
4.887810483870967460e+02 5.145916954832671953e-07 9.706969231898102539e-06
4.889060483870967460e+02 5.124405416996946946e-07 9.684548894010117703e-06
4.890310483870967460e+02 5.102982086065612146e-07 9.662178445553174405e-06
4.891560483870967460e+02 5.081646609059803874e-07 9.639857781329898872e-06
4.892810483870967460e+02 5.060398634368953356e-07 9.617586796346896415e-06
4.894060483870967460e+02 5.039237811745816757e-07 9.595365385814380430e-06
4.895310483870967460e+02 5.018163792301329458e-07 9.573193445145747191e-06
4.896560483870967460e+02 4.997176228499615971e-07 9.551070869957396274e-06
4.897810483870967460e+02 4.976274774152913035e-07 9.528997556068300267e-06
4.899060483870967460e+02 4.955459084416613417e-07 9.506973399499645628e-06
4.900310483870967460e+02 4.934728815784163594e-07 9.484998296474581964e-06
4.901560483870967460e+02 4.914083626082270608e-07 9.463072143417745993e-06
4.902810483870967460e+02 4.893523174465795515e-07 9.441194836955065043e-06
4.904060483870967460e+02 4.873047121412855415e-07 9.419366273913364017e-06
4.905310483870967460e+02 4.852655128719942429e-07 9.397586351319999482e-06
4.906560483870967460e+02 4.832346859496948438e-07 9.375854966402597088e-06
4.907810483870967460e+02 4.812121978162349695e-07 9.354172016588600943e-06
4.909060483870967460e+02 4.791980150438236868e-07 9.332537399505044920e-06
4.910310483870967460e+02 4.771921043345575885e-07 9.310951012978196896e-06
4.911560483870967460e+02 4.751944325199296204e-07 9.289412755033196227e-06
4.912810483870967460e+02 4.732049665603511955e-07 9.267922523893733569e-06
4.914060483870967460e+02 4.712236735446675859e-07 9.246480217981668017e-06
4.915310483870967460e+02 4.692505206896839547e-07 9.225085735916815349e-06
4.916560483870967460e+02 4.672854753396813820e-07 9.203738976516480461e-06
4.917810483870967460e+02 4.653285049659505742e-07 9.182439838795233755e-06
4.919060483870967460e+02 4.633795771663120720e-07 9.161188221964506250e-06
4.920310483870967460e+02 4.614386596646480535e-07 9.139984025432240614e-06
4.921560483870967460e+02 4.595057203104277835e-07 9.118827148802672621e-06
4.922810483870967460e+02 4.575807270782434926e-07 9.097717491875882226e-06
4.924060483870967460e+02 4.556636480673368860e-07 9.076654954647522518e-06
4.925310483870967460e+02 4.537544515011423806e-07 9.055639437308516477e-06
4.926560483870967460e+02 4.518531057268169492e-07 9.034670840244575865e-06
4.927810483870967460e+02 4.499595792147818750e-07 9.013749064036082634e-06
4.929060483870967460e+02 4.480738405582592137e-07 8.992874009457640005e-06
4.930310483870967460e+02 4.461958584728155068e-07 8.972045577477735348e-06
4.931560483870967460e+02 4.443256017958995134e-07 8.951263669258501313e-06
4.932810483870967460e+02 4.424630394863942361e-07 8.930528186155216089e-06
4.934060483870967460e+02 4.406081406241577227e-07 8.909839029716189895e-06
4.935310483870967460e+02 4.387608744095732923e-07 8.889196101682302504e-06
4.936560483870967460e+02 4.369212101630956839e-07 8.868599303986696614e-06
4.937810483870967460e+02 4.350891173248035584e-07 8.848048538754503412e-06
4.939060483870967460e+02 4.332645654539557069e-07 8.827543708302407197e-06
4.940310483870967460e+02 4.314475242285328578e-07 8.807084715138438705e-06
4.941560483870967460e+02 4.296379634448078614e-07 8.786671461961604110e-06
4.942810483870967460e+02 4.278358530168962855e-07 8.766303851661554677e-06
4.944060483870967460e+02 4.260411629763124114e-07 8.745981787318261505e-06
4.945310483870967460e+02 4.242538634715332770e-07 8.725705172201654692e-06
4.946560483870967460e+02 4.224739247675622422e-07 8.705473909771420041e-06
4.947810483870967460e+02 4.207013172454814918e-07 8.685287903676526422e-06
4.949060483870967460e+02 4.189360114020309008e-07 8.665147057755027564e-06
4.950310483870967460e+02 4.171779778491683184e-07 8.645051276033665643e-06
4.951560483870967460e+02 4.154271873136349872e-07 8.625000462727527387e-06
4.952810483870967460e+02 4.136836106365275269e-07 8.604994522239825541e-06
4.954060483870967460e+02 4.119472187728727240e-07 8.585033359161492293e-06
4.955310483870967460e+02 4.102179827911881860e-07 8.565116878270882811e-06
4.956560483870967460e+02 4.084958738730703130e-07 8.545244984533487251e-06
4.957810483870967460e+02 4.067808633127616226e-07 8.525417583101493690e-06
4.959060483870967460e+02 4.050729225167316804e-07 8.505634579313628882e-06
4.960310483870967460e+02 4.033720230032515720e-07 8.485895878694765237e-06
4.961560483870967460e+02 4.016781364019781155e-07 8.466201386955558289e-06
4.962810483870967460e+02 3.999912344535295508e-07 8.446551009992226466e-06
4.964060483870967460e+02 3.983112890090759995e-07 8.426944653886088614e-06
4.965310483870967460e+02 3.966382720299186481e-07 8.407382224903418305e-06
4.966560483870967460e+02 3.949721555870788843e-07 8.387863629495028790e-06
4.967810483870967460e+02 3.933129118608823505e-07 8.368388774295939270e-06
4.969060483870967460e+02 3.916605131405496155e-07 8.348957566125139420e-06
4.970310483870967460e+02 3.900149318237902340e-07 8.329569911985164178e-06
4.971560483870967460e+02 3.883761404163827767e-07 8.310225719061871822e-06
4.972810483870967460e+02 3.867441115317827073e-07 8.290924894724108549e-06
4.974060483870967460e+02 3.851188178907096125e-07 8.271667346523367960e-06
4.975310483870967460e+02 3.835002323207425854e-07 8.252452982193497993e-06
4.976560483870967460e+02 3.818883277559194195e-07 8.233281709650341781e-06
4.977810483870967460e+02 3.802830772363392448e-07 8.214153436991488620e-06
4.979060483870967460e+02 3.786844539077519285e-07 8.195068072495947017e-06
4.980310483870967460e+02 3.770924310211728866e-07 8.176025524623805878e-06
4.981560483870967460e+02 3.755069819324805847e-07 8.157025702015941430e-06
4.982810483870967460e+02 3.739280801020197557e-07 8.138068513493647922e-06
4.984060483870967460e+02 3.723556990942092237e-07 8.119153868058447883e-06
4.985310483870967460e+02 3.707898125771528513e-07 8.100281674891663525e-06
4.986560483870967460e+02 3.692303943222374105e-07 8.081451843354167718e-06
4.987810483870967460e+02 3.676774182037563943e-07 8.062664282986087524e-06
4.989060483870967460e+02 3.661308581985154581e-07 8.043918903506370522e-06
4.990310483870967460e+02 3.645906883854440552e-07 8.025215614812669605e-06
4.991560483870967460e+02 3.630568829452113601e-07 8.006554326980873729e-06
4.992810483870967460e+02 3.615294161598461628e-07 7.987934950264882598e-06
4.994060483870967460e+02 3.600082624123430511e-07 7.969357395096281408e-06
4.995310483870967460e+02 3.584933961862936338e-07 7.950821572084012194e-06
4.996560483870967460e+02 3.569847920655008758e-07 7.932327392014046878e-06
4.997810483870967460e+02 3.554824247335988865e-07 7.913874765849170426e-06
4.999060483870967460e+02 3.539862689736775252e-07 7.895463604728577664e-06
5.000310483870967460e+02 3.524962996679076950e-07 7.877093819967619163e-06
5.001560483870967460e+02 3.510124917971649953e-07 7.858765323057508172e-06
5.002810483870967460e+02 3.495348204406517335e-07 7.840478025664905567e-06
5.004060483870967460e+02 3.480632607755364064e-07 7.822231839631780937e-06
5.005310483870967460e+02 3.465977880765732240e-07 7.804026676974977215e-06
5.006560483870967460e+02 3.451383777157361909e-07 7.785862449885975196e-06
5.007810483870967460e+02 3.436850051618523410e-07 7.767739070730590302e-06
5.009060483870967460e+02 3.422376459802339668e-07 7.749656452048552457e-06
5.010310483870967460e+02 3.407962758323078302e-07 7.731614506553387495e-06
5.011560483870967460e+02 3.393608704752632206e-07 7.713613147131998733e-06
5.012810483870967460e+02 3.379314057616787312e-07 7.695652286844363729e-06
5.014060483870967460e+02 3.365078576391654989e-07 7.677731838923310665e-06
5.015310483870967460e+02 3.350902021500048859e-07 7.659851716774084671e-06
5.016560483870967460e+02 3.336784154307944207e-07 7.642011833974173330e-06
5.017810483870967460e+02 3.322724737120797614e-07 7.624212104272968714e-06
5.019060483870967460e+02 3.308723533180106947e-07 7.606452441591415022e-06
5.020310483870967460e+02 3.294780306659802473e-07 7.588732760021797664e-06
5.021560483870967460e+02 3.280894822662702022e-07 7.571052973827334144e-06
5.022810483870967460e+02 3.267066847216997919e-07 7.553412997441974166e-06
5.024060483870967460e+02 3.253296147272779914e-07 7.535812745470057424e-06
5.025310483870967460e+02 3.239582490698437939e-07 7.518252132686017150e-06
5.026560483870967460e+02 3.225925646277291975e-07 7.500731074034095502e-06
5.027810483870967460e+02 3.212325383704065750e-07 7.483249484627982734e-06
5.029060483870967460e+02 3.198781473581411254e-07 7.465807279750635083e-06
5.030310483870967460e+02 3.185293687416476668e-07 7.448404374853872425e-06
5.031560483870967460e+02 3.171861797617499706e-07 7.431040685558152120e-06
5.032810483870967460e+02 3.158485577490290309e-07 7.413716127652233589e-06
5.034060483870967460e+02 3.145164801234932508e-07 7.396430617092855589e-06
5.035310483870967460e+02 3.131899243942327476e-07 7.379184070004535470e-06
5.036560483870967460e+02 3.118688681590803273e-07 7.361976402679177846e-06
5.037810483870967460e+02 3.105532891042750012e-07 7.344807531575841658e-06
5.039060483870967460e+02 3.092431650041269312e-07 7.327677373320431009e-06
5.040310483870967460e+02 3.079384737206815814e-07 7.310585844705330096e-06
5.041560483870967460e+02 3.066391932033806929e-07 7.293532862689241418e-06
5.042810483870967460e+02 3.053453014887405704e-07 7.276518344396805468e-06
5.044060483870967460e+02 3.040567767000113630e-07 7.259542207118310193e-06
5.045310483870967460e+02 3.027735970468503741e-07 7.242604368309458066e-06
5.046560483870967460e+02 3.014957408249935719e-07 7.225704745590948494e-06
5.047810483870967460e+02 3.002231864159274695e-07 7.208843256748347378e-06
5.049060483870967460e+02 2.989559122865568763e-07 7.192019819731699169e-06
5.050310483870967460e+02 2.976938969888903314e-07 7.175234352655227868e-06
5.051560483870967460e+02 2.964371191597070077e-07 7.158486773797121881e-06
5.052810483870967460e+02 2.951855575202364806e-07 7.141777001599135061e-06
5.054060483870967460e+02 2.939391908758378612e-07 7.125104954666399519e-06
5.055310483870967460e+02 2.926979981156779769e-07 7.108470551767084266e-06
5.056560483870967460e+02 2.914619582124075399e-07 7.091873711832130095e-06
5.057810483870967460e+02 2.902310502218519275e-07 7.075314353954937023e-06
5.059060483870967460e+02 2.890052532826865034e-07 7.058792397391066138e-06
5.060310483870967460e+02 2.877845466161221573e-07 7.042307761558001580e-06
5.061560483870967460e+02 2.865689095255923785e-07 7.025860366034829518e-06
5.062810483870967460e+02 2.853583213964377366e-07 7.009450130561966250e-06
5.064060483870967460e+02 2.841527616955891969e-07 6.993076975040852427e-06
5.065310483870967460e+02 2.829522099712657826e-07 6.976740819533649811e-06
5.066560483870967460e+02 2.817566458526563021e-07 6.960441584263036299e-06
5.067810483870967460e+02 2.805660490496129877e-07 6.944179189611824753e-06
5.069060483870967460e+02 2.793803993523424879e-07 6.927953556122747008e-06
5.070310483870967460e+02 2.781996766311004053e-07 6.911764604498153177e-06
5.071560483870967460e+02 2.770238608358841421e-07 6.895612255599656741e-06
5.072810483870967460e+02 2.758529319961239442e-07 6.879496430447978700e-06
5.074060483870967460e+02 2.746868702203882930e-07 6.863417050222563860e-06
5.075310483870967460e+02 2.735256556960739441e-07 6.847374036261342824e-06
5.076560483870967460e+02 2.723692686891062893e-07 6.831367310060460089e-06
5.077810483870967460e+02 2.712176895436405129e-07 6.815396793273898813e-06
5.079060483870967460e+02 2.700708986817612127e-07 6.799462407713341055e-06
5.080310483870967460e+02 2.689288766031794797e-07 6.783564075347794231e-06
5.081560483870967460e+02 2.677916038849457011e-07 6.767701718303321761e-06
5.082810483870967460e+02 2.666590611811448931e-07 6.751875258862799119e-06
5.084060483870967460e+02 2.655312292226052687e-07 6.736084619465561473e-06
5.085310483870967460e+02 2.644080888166043698e-07 6.720329722707198696e-06
5.086560483870967460e+02 2.632896208465758887e-07 6.704610491339258912e-06
5.087810483870967460e+02 2.621758062718135235e-07 6.688926848268927465e-06
5.089060483870967460e+02 2.610666261271893400e-07 6.673278716558811774e-06
5.090310483870967460e+02 2.599620615228565688e-07 6.657666019426588970e-06
5.091560483870967460e+02 2.588620936439633613e-07 6.642088680244790745e-06
5.092810483870967460e+02 2.577667037503665455e-07 6.626546622540507742e-06
5.094060483870967460e+02 2.566758731763438464e-07 6.611039769995112570e-06
5.095310483870967460e+02 2.555895833303047830e-07 6.595568046443971821e-06
5.096560483870967460e+02 2.545078156945148007e-07 6.580131375876147057e-06
5.097810483870967460e+02 2.534305518248044739e-07 6.564729682434197459e-06
5.099060483870967460e+02 2.523577733502901438e-07 6.549362890413825767e-06
5.100310483870967460e+02 2.512894619730926512e-07 6.534030924263650421e-06
5.101560483870967460e+02 2.502255994680560680e-07 6.518733708584896404e-06
5.102810483870967460e+02 2.491661676824697645e-07 6.503471168131164841e-06
5.104060483870967460e+02 2.481111485357869303e-07 6.488243227808087414e-06
5.105310483870967460e+02 2.470605240193524116e-07 6.473049812673128153e-06
5.106560483870967460e+02 2.460142761961227668e-07 6.457890847935277661e-06
5.107810483870967460e+02 2.449723872003930986e-07 6.442766258954787144e-06
5.109060483870967460e+02 2.439348392375210270e-07 6.427675971242884651e-06
5.110310483870967460e+02 2.429016145836556388e-07 6.412619910461484549e-06
5.111560483870967460e+02 2.418726955854618312e-07 6.397598002422980843e-06
5.112810483870967460e+02 2.408480646598537084e-07 6.382610173089908360e-06
5.114060483870967460e+02 2.398277042937213073e-07 6.367656348574713210e-06
5.115310483870967460e+02 2.388115970436629886e-07 6.352736455139487657e-06
5.116560483870967460e+02 2.377997255357157087e-07 6.337850419195608444e-06
5.117810483870967460e+02 2.367920724650898468e-07 6.322998167303617354e-06
5.119060483870967460e+02 2.357886205958990795e-07 6.308179626172831578e-06
5.120310483870968028e+02 2.347893527609004485e-07 6.293394722661132805e-06
5.121560483870968028e+02 2.337942518612261948e-07 6.278643383774702946e-06
5.122810483870968028e+02 2.328033008661227934e-07 6.263925536667663299e-06
5.124060483870968028e+02 2.318164828126863080e-07 6.249241108641949187e-06
5.125310483870968028e+02 2.308337808056040466e-07 6.234590027146954204e-06
5.126560483870968028e+02 2.298551780168881426e-07 6.219972219779266790e-06
5.127810483870968028e+02 2.288806576856249922e-07 6.205387614282450847e-06
5.129060483870968028e+02 2.279102031177097095e-07 6.190836138546690833e-06
5.130310483870968028e+02 2.269437976855911164e-07 6.176317720608624050e-06
5.131560483870968028e+02 2.259814248280157274e-07 6.161832288651029783e-06
5.132810483870968028e+02 2.250230680497704098e-07 6.147379771002552319e-06
5.134060483870968028e+02 2.240687109214295978e-07 6.132960096137474789e-06
5.135310483870968028e+02 2.231183370790981648e-07 6.118573192675392216e-06
5.136560483870968028e+02 2.221719302241631634e-07 6.104218989381009073e-06
5.137810483870968028e+02 2.212294741230385244e-07 6.089897415163858064e-06
5.139060483870968028e+02 2.202909526069162144e-07 6.075608399078030775e-06
5.140310483870968028e+02 2.193563495715140582e-07 6.061351870321914240e-06
5.141560483870968028e+02 2.184256489768290139e-07 6.047127758237896177e-06
5.142810483870968028e+02 2.174988348468850218e-07 6.032935992312189651e-06
5.144060483870968028e+02 2.165758912694907798e-07 6.018776502174479863e-06
5.145310483870968028e+02 2.156568023959898416e-07 6.004649217597724248e-06
5.146560483870968028e+02 2.147415524410169627e-07 5.990554068497863637e-06
