1.408901209677419430e+01 nan nan
1.421401209677419430e+01 1.664508843494373830e-04 3.567690947811770464e-04
1.433901209677419430e+01 4.770806717260686006e-04 9.898755579609782879e-04
1.446401209677419430e+01 8.867382921619498858e-04 1.783873174248220075e-03
1.458901209677419430e+01 1.379205486948425910e-03 2.694118312612654633e-03
1.471401209677419430e+01 1.944576047960798904e-03 3.693383132639884922e-03
1.483901209677419430e+01 2.575580886289968990e-03 4.762522024080621981e-03
1.496401209677419430e+01 3.266321136430596402e-03 5.887027050782732591e-03
1.508901209677419430e+01 4.011708412432704422e-03 7.055387642764848061e-03
1.521401209677419430e+01 4.807180814884274948e-03 8.258186098668244407e-03
1.533901209677419430e+01 5.648545463589038293e-03 9.487547687037529986e-03
1.546401209677419430e+01 6.531885647625469173e-03 1.073678197070925162e-02
1.558901209677419430e+01 7.453503564465684475e-03 1.200013604283739661e-02
1.571401209677419430e+01 8.409883775511937595e-03 1.327261748781864356e-02
1.583901209677419430e+01 9.397669229426227136e-03 1.454986299196044629e-02
1.596401209677419430e+01 1.041364514929542760e-02 1.582803807263471335e-02
1.608901209677419430e+01 1.145472795337027470e-02 1.710375874393583323e-02
1.621401209677419075e+01 1.251795744908661308e-02 1.837402909088002925e-02
1.633901209677419075e+01 1.360049117607628304e-02 1.963619066440901867e-02
1.646401209677419075e+01 1.469960016478293226e-02 2.088788084685346338e-02
1.658901209677419075e+01 1.581266562440773737e-02 2.212699815159008265e-02
1.671401209677419075e+01 1.693717623386836735e-02 2.335167297091672242e-02
1.683901209677419075e+01 1.807072581508559206e-02 2.456024266712248869e-02
1.696401209677419075e+01 1.921101123884415979e-02 2.575123017108996853e-02
1.708901209677419075e+01 2.035583046176629718e-02 2.692332544685583501e-02
1.721401209677419075e+01 2.150308062618112512e-02 2.807536932280349853e-02
1.733901209677419075e+01 2.265075617775684502e-02 2.920633929602980960e-02
1.746401209677419075e+01 2.379694697187868802e-02 3.031533699632706427e-02
1.758901209677419075e+01 2.493983635104970314e-02 3.140157705729682003e-02
1.771401209677419075e+01 2.607769918349230748e-02 3.246437718934729738e-02
1.783901209677419075e+01 2.720889985865345903e-02 3.350314928625207356e-02
1.796401209677419075e+01 2.833189023911833818e-02 3.451739142610390360e-02
1.808901209677419075e+01 2.944520757104084410e-02 3.550668065073138424e-02
1.821401209677419075e+01 3.054747235691552751e-02 3.647066642631974914e-02
1.833901209677419075e+01 3.163738619560453602e-02 3.740906470310643994e-02
1.846401209677419075e+01 3.271372959517160339e-02 3.832165250437078591e-02
1.858901209677419075e+01 3.377535976439002136e-02 3.920826298508796326e-02
1.871401209677419075e+01 3.482120838886929720e-02 4.006878090901529882e-02
1.883901209677419075e+01 3.585027939766706473e-02 4.090313849997083417e-02
1.896401209677419075e+01 3.686164672606025150e-02 4.171131162891793254e-02
1.908901209677419075e+01 3.785445207987781641e-02 4.249331630339956561e-02
1.921401209677419075e+01 3.882790270648400766e-02 4.324920543003677592e-02
1.933901209677419075e+01 3.978126917715265470e-02 4.397906582435494316e-02
1.946401209677419075e+01 4.071388318521180355e-02 4.468301544523231583e-02
1.958901209677419075e+01 4.162513536398185221e-02 4.536120083386848550e-02
1.971401209677419075e+01 4.251447312815767599e-02 4.601379473941266673e-02
1.983901209677419075e+01 4.338139854195052075e-02 4.664099391533301636e-02
1.996401209677419075e+01 4.422546621695565283e-02 4.724301707229424524e-02
2.008901209677419075e+01 4.504628124239384163e-02 4.782010297478098138e-02
2.021401209677419075e+01 4.583936728140521749e-02 4.837250866999043275e-02
2.033901209677419075e+01 4.652926434747205187e-02 4.890050783864723777e-02
2.046401209677419075e+01 4.719666124950572250e-02 4.940438925838772782e-02
2.058901209677419075e+01 4.780640502594550589e-02 4.988445537123927659e-02
2.071401209677419075e+01 4.839037681792145856e-02 5.034102094749853817e-02
2.083901209677419075e+01 4.895265724643353689e-02 5.077441183900412852e-02
2.096401209677419075e+01 4.949332814241103051e-02 5.129849048027203956e-02
2.108901209677419075e+01 5.001248922015270881e-02 5.180380282558513794e-02
2.121401209677419075e+01 5.051025704191078325e-02 5.228452492890124648e-02
2.133901209677419075e+01 5.098676402818444475e-02 5.274085648927265280e-02
2.146401209677419075e+01 5.144215751138710851e-02 5.317301719713025260e-02
2.158901209677419075e+01 5.187659883072187617e-02 5.358124539241703593e-02
2.171401209677419075e+01 5.229026246626055502e-02 5.396579677755144328e-02
2.183901209677419075e+01 5.268333521036324546e-02 5.432694318343272294e-02
2.196401209677419075e+01 5.305601537469950557e-02 5.466497138676013751e-02
2.208901209677419075e+01 5.340851203125024371e-02 5.498018197699407889e-02
2.221401209677419075e+01 5.374104428577239356e-02 5.527288827133798599e-02
2.233901209677419075e+01 5.405384058230130323e-02 5.564604474478598850e-02
2.246401209677419075e+01 5.434713803735598259e-02 5.600333946464431528e-02
2.258901209677419075e+01 5.458830422383657149e-02 5.633724974137924169e-02
2.271401209677419075e+01 5.472113110521165114e-02 5.664803487710105140e-02
2.283901209677419075e+01 5.483673142245640980e-02 5.693596969936103036e-02
2.296401209677419075e+01 5.493548730640732125e-02 5.720134347089594201e-02
2.308901209677419075e+01 5.501777968746757175e-02 5.744445883928677582e-02
2.321401209677419075e+01 5.508398795996466424e-02 5.766563082577743499e-02
2.333901209677419075e+01 5.513448967027567010e-02 5.786518585244517648e-02
2.346401209677419075e+01 5.516677447810972024e-02 5.804346080692418530e-02
2.358901209677419075e+01 5.518379726200499380e-02 5.820080214384505679e-02
2.371401209677419075e+01 5.518627552126730701e-02 5.833756502214829803e-02
2.383901209677419075e+01 5.517457936749328717e-02 5.845411247742995919e-02
2.396401209677419075e+01 5.514907566715217258e-02 5.855081462845260210e-02
2.408901209677419075e+01 5.511012784932317610e-02 5.862804791696478446e-02
2.421401209677419075e+01 5.505809572918281269e-02 5.868619437996745042e-02
2.433901209677419075e+01 5.499333534634035653e-02 5.872564095356008068e-02
2.446401209677419075e+01 5.491619881717101082e-02 5.874677880750684561e-02
2.458901209677419075e+01 5.482703420034632652e-02 5.875000270967078303e-02
2.471401209677419075e+01 5.472618537480673784e-02 5.873571041945881838e-02
2.483901209677419075e+01 5.461399192946374270e-02 5.870430210943451688e-02
2.496401209677419075e+01 5.449078906395942584e-02 5.865617981427061201e-02
2.508901209677419075e+01 5.435690749984878334e-02 5.859174690619385617e-02
2.521401209677419075e+01 5.421267340160527276e-02 5.851140759613863984e-02
2.533901209677419075e+01 5.405840830688282694e-02 5.841556645976662271e-02
2.546401209677419075e+01 5.389442906549925250e-02 5.830462798759041693e-02
2.558901209677419075e+01 5.372104778663385621e-02 5.817899615840319005e-02
2.571401209677419075e+01 5.353857179376113329e-02 5.803907403525246367e-02
2.583901209677419075e+01 5.334730358686646384e-02 5.788526338320379439e-02
2.596401209677419075e+01 5.314754081151543824e-02 5.771796430815636508e-02
2.608901209677419075e+01 5.293957623437014343e-02 5.753757491598404661e-02
2.621401209677419075e+01 5.272369772476798860e-02 5.734449099129403787e-02
2.633901209677419075e+01 5.250018824199891021e-02 5.713910569510810555e-02
2.646401209677419075e+01 5.226932582793543391e-02 5.692180928078170027e-02
2.658901209677419075e+01 5.203138360468885504e-02 5.669298882751053203e-02
2.671401209677419075e+01 5.178662977698134801e-02 5.645302799076022671e-02
2.683901209677419075e+01 5.153532763894034391e-02 5.620230676899804628e-02
2.696401209677419075e+01 5.127773558503669754e-02 5.594120128610427511e-02
2.708901209677419075e+01 5.101410712490214716e-02 5.567008358886264829e-02
2.721401209677419075e+01 5.074469090177625291e-02 5.538932145894746167e-02
2.733901209677419075e+01 5.046973071434485841e-02 5.509927823883005449e-02
2.746401209677419075e+01 5.018946554174505414e-02 5.480031267105588827e-02
2.758901209677419075e+01 4.990412957152304957e-02 5.449277875034851809e-02
2.771401209677419075e+01 4.961395223034231056e-02 5.417702558801881785e-02
2.783901209677419075e+01 4.931915821724999066e-02 5.385339728816788962e-02
2.796401209677419075e+01 4.901996753931890660e-02 5.352223283518574987e-02
2.808901209677419075e+01 4.871659554949296644e-02 5.318386599207265003e-02
2.821401209677419075e+01 4.840925298647142522e-02 5.283862520910685701e-02
2.833901209677419075e+01 4.809814601647689758e-02 5.248683354241959198e-02
2.846401209677419075e+01 4.778347627675937070e-02 5.212880858202247752e-02
2.858901209677419075e+01 4.746544092069685666e-02 5.176486238887802876e-02
2.871401209677419075e+01 4.714423266435968651e-02 5.139530144059317740e-02
2.883901209677419075e+01 4.682003983441290762e-02 5.102042658534117203e-02
2.896401209677419075e+01 4.649304641723790710e-02 5.064053300362353349e-02
2.908901209677419075e+01 4.616343210916003942e-02 5.025591017750295764e-02
2.921401209677419075e+01 4.583137236767558659e-02 4.986684186694310961e-02
2.933901209677419075e+01 4.549703846357642384e-02 4.947360609291213962e-02
2.946401209677419075e+01 4.516059753387680065e-02 4.907647512690757607e-02
2.958901209677419075e+01 4.482221263545095591e-02 4.867571548657907005e-02
2.971401209677419075e+01 4.448204279929598992e-02 4.827158793714060592e-02
2.983901209677419075e+01 4.414024308533807256e-02 4.786434749826117691e-02
2.996401209677419075e+01 4.379696463770560433e-02 4.745424345614646794e-02
3.008901209677419075e+01 4.345235474039581269e-02 4.704151938053241500e-02
3.021401209677419075e+01 4.310655687326672703e-02 4.662641314631323780e-02
3.033901209677419075e+01 4.275971076828870288e-02 4.620915695954341124e-02
3.046401209677419075e+01 4.241195246599459984e-02 4.578997738756898639e-02
3.058901209677419075e+01 4.206341437207054140e-02 4.536909539303545652e-02
3.071401209677419075e+01 4.171422531403225914e-02 4.494672637154750738e-02
3.083901209677419075e+01 4.136451059793575663e-02 4.455504503927559812e-02
3.096401209677419075e+01 4.101439206507354052e-02 4.416365090680178518e-02
3.108901209677419075e+01 4.066398814861046929e-02 4.377084033754691239e-02
3.121401209677419075e+01 4.031341393011646929e-02 4.337678511564254519e-02
3.133901209677419075e+01 3.996278119595519235e-02 4.298165291465592258e-02
3.146401209677419075e+01 3.961219849349081196e-02 4.259350861080282019e-02
3.158901209677419075e+01 3.926177118707711855e-02 4.221060088691369616e-02
3.171401209677419075e+01 3.891160151379537829e-02 4.182684024065008721e-02
3.183901209677419075e+01 3.856178863890936948e-02 4.144237055084133703e-02
3.196401209677419075e+01 3.821242871100857114e-02 4.105733228136364266e-02
3.208901209677419075e+01 3.786361491681160957e-02 4.067186251275169834e-02
3.221401209677419075e+01 3.751543753560451083e-02 4.028609497477417950e-02
3.233901209677419075e+01 3.716798399328979235e-02 3.990016007990895841e-02
3.246401209677419075e+01 3.682133891602409892e-02 3.951418495765323530e-02
3.258901209677419075e+01 3.647558418342385783e-02 3.912829348961071457e-02
3.271401209677419075e+01 3.613079898131914269e-02 3.874260634529596431e-02
3.283901209677419075e+01 3.578705985403904388e-02 3.835724101860079477e-02
3.296401209677419075e+01 3.544444075621110829e-02 3.797231186486816484e-02
3.308901209677419075e+01 3.510301310406020031e-02 3.758793013852528703e-02
3.321401209677419075e+01 3.476284582619303815e-02 3.720420403121978137e-02
3.333901209677419075e+01 3.439527641130465940e-02 3.682123871041804303e-02
3.346401209677419075e+01 3.401929650438698105e-02 3.643913635841762588e-02
3.358901209677419075e+01 3.364546889745188840e-02 3.605799621172722097e-02
3.371401209677419075e+01 3.327386730204959925e-02 3.567791460077756466e-02
3.383901209677419075e+01 3.290456217222832713e-02 3.529898498991513450e-02
3.396401209677419075e+01 3.253762077506987260e-02 3.492129801764927433e-02
3.408901209677419075e+01 3.217310726070456151e-02 3.454494153710768733e-02
3.421401209677419075e+01 3.181108273178787776e-02 3.417000065666889186e-02
3.433901209677419075e+01 3.145160531239281354e-02 3.379655778073699379e-02
3.446401209677419075e+01 3.109473021629269654e-02 3.342469265062404660e-02
3.458901209677419075e+01 3.074050981460332843e-02 3.305448238551271511e-02
3.471401209677419075e+01 3.038899370275159259e-02 3.268600152346610999e-02
3.483901209677419075e+01 3.004022876675759707e-02 3.231932206245644729e-02
3.496401209677419075e+01 2.969425924879360440e-02 3.195451350138998892e-02
3.508901209677419075e+01 2.935112681200322676e-02 3.159164288109296559e-02
3.521401209677419075e+01 2.901087060456907646e-02 3.123077482524494117e-02
3.533901209677419075e+01 2.867352732299351115e-02 3.087197158122685289e-02
3.546401209677419075e+01 2.833913127459338627e-02 3.051529306086718171e-02
3.558901209677419075e+01 2.800771443918471937e-02 3.016079688105999593e-02
3.571401209677419075e+01 2.767930652994254545e-02 2.980853840423957138e-02
3.583901209677419075e+01 2.735393505343058917e-02 2.945857077868791266e-02
3.596401209677419075e+01 2.703162536878815636e-02 2.911094497865909098e-02
3.608901209677419075e+01 2.671240074605900003e-02 2.876570984430226047e-02
3.621401209677419075e+01 2.639628242366191119e-02 2.842291212136694237e-02
3.633901209677419075e+01 2.608328966499240051e-02 2.808259650067587709e-02
3.646401209677419075e+01 2.577343981414627686e-02 2.774480565734683060e-02
3.658901209677419075e+01 2.546674835077300178e-02 2.740958028975582286e-02
3.671401209677419075e+01 2.516322894403786800e-02 2.707695915822115260e-02
3.683901209677419075e+01 2.486289350570093995e-02 2.674697912340320144e-02
3.696401209677419075e+01 2.456575224231068513e-02 2.641967518440185500e-02
3.708901209677419075e+01 2.427181370651041586e-02 2.609508051654357494e-02
3.721401209677419075e+01 2.398108484744833346e-02 2.577322650884880662e-02
3.733901209677419075e+01 2.369357106031209567e-02 2.545414280116682984e-02
3.746401209677419075e+01 2.340927623496218829e-02 2.513785732097316428e-02
3.758901209677419075e+01 2.312820280369663056e-02 2.482439631981562395e-02
3.771401209677419075e+01 2.285035178811719789e-02 2.451378440940776490e-02
3.783901209677419075e+01 2.257572284513184938e-02 2.420604459735562972e-02
3.796401209677419075e+01 2.230431431207290441e-02 2.390119832251688670e-02
3.808901209677419075e+01 2.203612325094597355e-02 2.359926548998205267e-02
3.821401209677419075e+01 2.177114549181821679e-02 2.330026450567414947e-02
3.833901209677419075e+01 2.150937567534064176e-02 2.300421231056236707e-02
3.846401209677419075e+01 2.125080729442091129e-02 2.271112441448015079e-02
3.858901209677419075e+01 2.099543273504109880e-02 2.242101492955021411e-02
3.871401209677419075e+01 2.074324331624720352e-02 2.213389660320770266e-02
3.883901209677419075e+01 2.049422932928759641e-02 2.184978085081979229e-02
3.896401209677419075e+01 2.024838007593607672e-02 2.156867778789753679e-02
3.908901209677419075e+01 2.000568390599287427e-02 2.129059626190072524e-02
3.921401209677419075e+01 1.976612825397191728e-02 2.101554388362537190e-02
3.933901209677419075e+01 1.952969967499167819e-02 2.074352705818356332e-02
3.946401209677419075e+01 1.929638387985777720e-02 2.047455101556330120e-02
3.958901209677419075e+01 1.906616576937612134e-02 2.020861984077267082e-02
3.971401209677419075e+01 1.883902946787820165e-02 1.994573650356594799e-02
3.983901209677419075e+01 1.861495835598452747e-02 1.968590288774964975e-02
3.996401209677419075e+01 1.839393510260330100e-02 1.942911982007254970e-02
4.008901209677419075e+01 1.817594169618642896e-02 1.918149833127700057e-02
4.021401209677419075e+01 1.796095947524219832e-02 1.896511948147767621e-02
4.033901209677419075e+01 1.774896915812096063e-02 1.875118583427674498e-02
4.046401209677419075e+01 1.753995087207923381e-02 1.853968907450553524e-02
4.058901209677419075e+01 1.731633325720716154e-02 1.833062038129521301e-02
4.071401209677419075e+01 1.709599494234489286e-02 1.812397044627209186e-02
4.083901209677419075e+01 1.687902642489300456e-02 1.791972949135189550e-02
4.096401209677419075e+01 1.666540403889896216e-02 1.771788728613944361e-02
4.108901209677419075e+01 1.645510345366801505e-02 1.751843316493977704e-02
4.121401209677419075e+01 1.624809970608086934e-02 1.732135604338674861e-02
4.133901209677419075e+01 1.604436723213796545e-02 1.712664443469523110e-02
4.146401209677419075e+01 1.584387989774205946e-02 1.693428646554301711e-02
4.158901209677419075e+01 1.564661102873254189e-02 1.674426989158829884e-02
4.171401209677419075e+01 1.545253344017714567e-02 1.655658211262870869e-02
4.183901209677419075e+01 1.526161946492877487e-02 1.637121018740775313e-02
4.196401209677419075e+01 1.507384098147143865e-02 1.618814084807486398e-02
4.208901209677419075e+01 1.488916944104199010e-02 1.600736051430418083e-02
4.221401209677419075e+01 1.470757589406451044e-02 1.582885530707863267e-02
4.233901209677419075e+01 1.452903101588860768e-02 1.565261106214442186e-02
4.246401209677419075e+01 1.435350513184893533e-02 1.547861334314183483e-02
4.258901209677419075e+01 1.418096824165840375e-02 1.530684745441802594e-02
4.271401209677419075e+01 1.401139004314060424e-02 1.513729845352714161e-02
4.283901209677419075e+01 1.384473995531997938e-02 1.496995116342356678e-02
4.296401209677419075e+01 1.368098714086692265e-02 1.480479018435331730e-02
4.308901209677419075e+01 1.352010052792474749e-02 1.464179990544960119e-02
4.321401209677419075e+01 1.336204883131741038e-02 1.448096451603710089e-02
4.333901209677419075e+01 1.320680057315199059e-02 1.432226801665091587e-02
4.346401209677419075e+01 1.305432410282461771e-02 1.416569422977501276e-02
4.358901209677419075e+01 1.290458761644644806e-02 1.401122681030557253e-02
4.371401209677419075e+01 1.275755917569600280e-02 1.385884925574388908e-02
4.383901209677419075e+01 1.261320672609957810e-02 1.370854491612455948e-02
4.396401209677419075e+01 1.247149811477088997e-02 1.356029700368326617e-02
4.408901209677419075e+01 1.233240110759876822e-02 1.341408860226934487e-02
4.421401209677419075e+01 1.219588340590517864e-02 1.326990267650820024e-02
4.433901209677419075e+01 1.206191266258148723e-02 1.312772208071794761e-02
4.446401209677419075e+01 1.193045649771117510e-02 1.298752956758512066e-02
4.458901209677419075e+01 1.180148251369229559e-02 1.284930779660443424e-02
4.471401209677419075e+01 1.167495830986261217e-02 1.271303934228687482e-02
4.483901209677419075e+01 1.155085149664418151e-02 1.257870670214052827e-02
4.496401209677419075e+01 1.142912970922034879e-02 1.244629230442923645e-02
4.508901209677419075e+01 1.130976062074026851e-02 1.231577851571267514e-02
4.521401209677419075e+01 1.119271195507161483e-02 1.218714764817302454e-02
4.533901209677419075e+01 1.107795149911819897e-02 1.206038196673180074e-02
4.546401209677419075e+01 1.096544711468765143e-02 1.193546369596170699e-02
4.558901209677419075e+01 1.084858544252882175e-02 1.181237502679716861e-02
4.571401209677419075e+01 1.072564314679321125e-02 1.169109812304798546e-02
4.583901209677419075e+01 1.060499205454189069e-02 1.157161512772005713e-02
4.596401209677419075e+01 1.048660609675159706e-02 1.145390816914704755e-02
4.608901209677419075e+01 1.037045916016052748e-02 1.133795936693713161e-02
4.621401209677419075e+01 1.025652509766562630e-02 1.122375083773866425e-02
4.633901209677419075e+01 1.014477773842234649e-02 1.111126470082821061e-02
4.646401209677419075e+01 1.003519089765064591e-02 1.100048308352525282e-02
4.658901209677419075e+01 9.922757756125649004e-03 1.089138812643693048e-02
4.671401209677419075e+01 9.812177410746808146e-03 1.078396198853645051e-02
4.683901209677419075e+01 9.703739959921801189e-03 1.067818685207888585e-02
4.696401209677419075e+01 9.597420989069519598e-03 1.057404492735763805e-02
4.708901209677419075e+01 9.493196046961407605e-03 1.047151845730537670e-02
4.721401209677419075e+01 9.391040654567852849e-03 1.037058972194252610e-02
4.733901209677419075e+01 9.290930313663701978e-03 1.027124104267689193e-02
4.746401209677419075e+01 9.192840515206095534e-03 1.017345478645750173e-02
4.758901209677419075e+01 9.096746747479997341e-03 1.007721336978609737e-02
4.771401209677419075e+01 9.002624504022357574e-03 9.982499262589390049e-03
4.783901209677419075e+01 8.910449291321891063e-03 9.889294991955057887e-03
4.796401209677419075e+01 8.820196636304298080e-03 9.797583145734915788e-03
4.808901209677419075e+01 8.731842093602355109e-03 9.707346376017809281e-03
4.821401209677419075e+01 8.645361252616994008e-03 9.618567402475774672e-03
4.833901209677419075e+01 8.560729744370467603e-03 9.531229015585725856e-03
4.846401209677419075e+01 8.477923248158960451e-03 9.445314079730164972e-03
4.858901209677419075e+01 8.396917498004495550e-03 9.360805536179239716e-03
4.871401209677419075e+01 8.317688288911341196e-03 9.277686405957347865e-03
4.883901209677419075e+01 8.240211482930481085e-03 9.195939792596521598e-03
4.896401209677419075e+01 8.164463015036283258e-03 9.115548884779802602e-03
4.908901209677419075e+01 8.090418898815772072e-03 9.036496958876764213e-03
4.921401209677419075e+01 8.018055231978557518e-03 8.958767381374002983e-03
4.933901209677419075e+01 7.947348201686061861e-03 8.882343611203118508e-03
4.946401209677419075e+01 7.878274089706708422e-03 8.807209201968514700e-03
4.958901209677419075e+01 7.810809277399026647e-03 8.733347804077685322e-03
4.971401209677419075e+01 7.744930250526574876e-03 8.660743166776146973e-03
4.983901209677419075e+01 7.680613603905675664e-03 8.589379140089541814e-03
4.996401209677419075e+01 7.617836045893756902e-03 8.519239676675024672e-03
5.008901209677419075e+01 7.556574402715388744e-03 8.450308833584505366e-03
5.021401209677419075e+01 7.496805622635462768e-03 8.382570773941503545e-03
5.033901209677419075e+01 7.438506779975599843e-03 8.316009768534268418e-03
5.046401209677419075e+01 7.381655078986645337e-03 8.250610197326918929e-03
5.058901209677419075e+01 7.326227857565715748e-03 8.186595583714643964e-03
5.071401209677419075e+01 7.272202590838106918e-03 8.136135620897428158e-03
5.083901209677419075e+01 7.219556894592273760e-03 8.086642761838116686e-03
5.096401209677419075e+01 7.168268528578825884e-03 8.038099009014788854e-03
5.108901209677419075e+01 7.118315399674599031e-03 7.990486598555701300e-03
5.121401209677419075e+01 7.069675564912255086e-03 7.943787999821308107e-03
5.133901209677419075e+01 7.022327234383419874e-03 7.897985914893880868e-03
5.146401209677419075e+01 6.976248774011092196e-03 7.853063278003178174e-03
5.158901209677419075e+01 6.931418708201056780e-03 7.809003254852646056e-03
5.171401209677419075e+01 6.887815722369160405e-03 7.765789241882796283e-03
5.183901209677419075e+01 6.845418665352198499e-03 7.723404865454446509e-03
5.196401209677419075e+01 6.804206551698763206e-03 7.681833980971286731e-03
5.208901209677419075e+01 6.764158563850277382e-03 7.641060671922727393e-03
5.221401209677419075e+01 6.725254054208233342e-03 7.601069248875554941e-03
5.233901209677419075e+01 6.687472547092471881e-03 7.561844248387583796e-03
5.246401209677419075e+01 6.650793740594895635e-03 7.523370431881057536e-03
5.258901209677419075e+01 6.615197508326783188e-03 7.485632784443371247e-03
5.271401209677419075e+01 6.580663901067414744e-03 7.448616513584156024e-03
5.283901209677419075e+01 6.547173148309759320e-03 7.412307047928851783e-03
5.296401209677419075e+01 6.514705659712303858e-03 7.376690035876507477e-03
5.308901209677419075e+01 6.483242026455687639e-03 7.341751344202653885e-03
5.321401209677419075e+01 6.452763022504514993e-03 7.307477056614634578e-03
5.333901209677419075e+01 6.423249605781044917e-03 7.273853472268151064e-03
5.346401209677419075e+01 6.394682919250928473e-03 7.240867104245500910e-03
5.358901209677419075e+01 6.367044291922133691e-03 7.208504677987706902e-03
5.371401209677419075e+01 6.340315239758973972e-03 7.176753129697282553e-03
5.383901209677419075e+01 6.314477466517185757e-03 7.145599604697038844e-03
5.396401209677419075e+01 6.289512864495663130e-03 7.115031455768879194e-03
5.408901209677419075e+01 6.265403515213766733e-03 7.085036241447720609e-03
5.421401209677419075e+01 6.242131690009671517e-03 7.055601724297321659e-03
5.433901209677419075e+01 6.219679850567473751e-03 7.026715869149276206e-03
5.446401209677419075e+01 6.198030649371014632e-03 6.998366841323308551e-03
5.458901209677419075e+01 6.177166930086115323e-03 6.970543004820150407e-03
5.471401209677419075e+01 6.157071727878538764e-03 6.943232920488423034e-03
5.483901209677419075e+01 6.137728269660249272e-03 6.916425344178152475e-03
5.496401209677419075e+01 6.119119974275676749e-03 6.890109224867646369e-03
5.508901209677419075e+01 6.101230452621891377e-03 6.864273702778581586e-03
5.521401209677419075e+01 6.084043507708792459e-03 6.838908107462258155e-03
5.533901209677419075e+01 6.067543134659055502e-03 6.814001955887226229e-03
5.546401209677419075e+01 6.051713520651274061e-03 6.789544950498774094e-03
5.558901209677419075e+01 6.036539044804824401e-03 6.768990080183141279e-03
5.571401209677419075e+01 6.022004278012800353e-03 6.752152686349526672e-03
5.583901209677419075e+01 6.008093982718153321e-03 6.735698552649123545e-03
5.596401209677419075e+01 5.994793112641905349e-03 6.719616132685100190e-03
5.608901209677419075e+01 5.982086812459048129e-03 6.703894107296436665e-03
5.621401209677419075e+01 5.969960417425210566e-03 6.688521382126022888e-03
5.633901209677419075e+01 5.958399452959362366e-03 6.673487085184260335e-03
5.646401209677419075e+01 5.947389634176876785e-03 6.658780564390322232e-03
5.658901209677419075e+01 5.936916865380717154e-03 6.644391385105761876e-03
5.671401209677419075e+01 5.926967239509709807e-03 6.630309327656034278e-03
5.683901209677419075e+01 5.917527037542247639e-03 6.616524384848714892e-03
5.696401209677419075e+01 5.908582727864487329e-03 6.603026759468306507e-03
5.708901209677419075e+01 5.900120965596246207e-03 6.589806861785601350e-03
5.721401209677419075e+01 5.892128591877856571e-03 6.576855307046332311e-03
5.733901209677419075e+01 5.884592633125477514e-03 6.564162912954958282e-03
5.746401209677419075e+01 5.877500300246529807e-03 6.551720697172075739e-03
5.758901209677419075e+01 5.870838987823486822e-03 6.539519874788172170e-03
5.771401209677419075e+01 5.864596273263378637e-03 6.527551855809152204e-03
5.783901209677419075e+01 5.858759915916826599e-03 6.515808242642802221e-03
5.796401209677419075e+01 5.853317856166196341e-03 6.504280827580371724e-03
5.808901209677419075e+01 5.848258214483816400e-03 6.492961590281160975e-03
5.821401209677419075e+01 5.843569290460635425e-03 6.481842695267504839e-03
5.833901209677419075e+01 5.839239561811628010e-03 6.470916489413919281e-03
5.846401209677419075e+01 5.835257683349675401e-03 6.460175499445709908e-03
5.858901209677419075e+01 5.828173276007090307e-03 6.449612429442403913e-03
5.871401209677419075e+01 5.811468672084143736e-03 6.439220158355418028e-03
5.883901209677419075e+01 5.795152970201479514e-03 6.428991737513873976e-03
5.896401209677419075e+01 5.779218496444123686e-03 6.418920388161328434e-03
5.908901209677419075e+01 5.763657681957763852e-03 6.408999498985798286e-03
5.921401209677419075e+01 5.748463062123751986e-03 6.399222623662102413e-03
5.933901209677419075e+01 5.733627275729106902e-03 6.389583478411385922e-03
5.946401209677419075e+01 5.719143064130652494e-03 6.380075939563087731e-03
5.958901209677419075e+01 5.705003270414733298e-03 6.370694041128742435e-03
5.971401209677419075e+01 5.691200838552180376e-03 6.361431972397244179e-03
5.983901209677419075e+01 5.677728812549550155e-03 6.352284075532167035e-03
5.996401209677419075e+01 5.664580335596203393e-03 6.343244843185545309e-03
6.008901209677419075e+01 5.651748649208296338e-03 6.334308916127443304e-03
6.021401209677419075e+01 5.639227092369943420e-03 6.325471080886242194e-03
6.033901209677419075e+01 5.627009100671247904e-03 6.316726267409204093e-03
6.046401209677419075e+01 5.615088205444430415e-03 6.308069546730845842e-03
6.058901209677419075e+01 5.603458032897773444e-03 6.299496128660365263e-03
6.071401209677419075e+01 5.592112303247844148e-03 6.291001359486963693e-03
6.083901209677419075e+01 5.581044829850271248e-03 6.282580719700078462e-03
6.096401209677419075e+01 5.570249518329771672e-03 6.274229821721957930e-03
6.108901209677419075e+01 5.559720365708702670e-03 6.265944407667084839e-03
6.121401209677419075e+01 5.549451459535713685e-03 6.257720347105579992e-03
6.133901209677419075e+01 5.539436977013828360e-03 6.249553634860147665e-03
6.146401209677419075e+01 5.529671184128375633e-03 6.241440388806097569e-03
6.158901209677419075e+01 5.519790236102708678e-03 6.233376847702390595e-03
6.171401209677419075e+01 5.510022718988984505e-03 6.225359369026884325e-03
6.183901209677419075e+01 5.500490691066790838e-03 6.217384426850404260e-03
6.196401209677419075e+01 5.491188842933544291e-03 6.209448609707809638e-03
6.208901209677419075e+01 5.482111947702696282e-03 6.201548618503008661e-03
6.221401209677419075e+01 5.473254860148247213e-03 6.193681264435325559e-03
6.233901209677419075e+01 5.464612515850978888e-03 6.185843466925309946e-03
6.246401209677419075e+01 5.456179930346988921e-03 6.178032251591874038e-03
6.258901209677419075e+01 5.447952198278220928e-03 6.170244748219435270e-03
6.271401209677419075e+01 5.439924492545736463e-03 6.162478188767204004e-03
6.283901209677419075e+01 5.432092063465260301e-03 6.154729905379779237e-03
6.296401209677419075e+01 5.424450237925887257e-03 6.146997328441133196e-03
6.308901209677419075e+01 5.416994418551342519e-03 6.139277984627646186e-03
6.321401209677419075e+01 5.409720082864563108e-03 6.131569494993146206e-03
6.333901209677419075e+01 5.402622782455479902e-03 6.123869573070481361e-03
6.346401209677419075e+01 5.395698142152063545e-03 6.116176023001987545e-03
6.358901209677419075e+01 5.388941859195006331e-03 6.108486737676005127e-03
6.371401209677419075e+01 5.382349702415882217e-03 6.100799696900887324e-03
6.383901209677419075e+01 5.375917511419319242e-03 6.093112965588726518e-03
6.396401209677419075e+01 5.369641195768704717e-03 6.085424691963523675e-03
6.408901209677419786e+01 5.363516734176231558e-03 6.077733105791390499e-03
6.421401209677419786e+01 5.357540173696760145e-03 6.070036516633240536e-03
6.433901209677419786e+01 5.351707628926158367e-03 6.062333312114831854e-03
6.446401209677419786e+01 5.346015281203677499e-03 6.054621956218345438e-03
6.458901209677419786e+01 5.340459377819004906e-03 6.046900987602694087e-03
6.471401209677419786e+01 5.335036231223568536e-03 6.039169017931391228e-03
6.483901209677419786e+01 5.329742218246648344e-03 6.031424730237685064e-03
6.496401209677419786e+01 5.324573779316044836e-03 6.023666877294922041e-03
6.508901209677419786e+01 5.319527417683454773e-03 6.015894280017966209e-03
6.521401209677419786e+01 5.314599698654825545e-03 6.008105825886396294e-03
6.533901209677419786e+01 5.309787248825466148e-03 6.000300467382746299e-03
6.546401209677419786e+01 5.305086755320263456e-03 5.992477220454802377e-03
6.558901209677419786e+01 5.300494965038803422e-03 5.984635162997914946e-03
6.571401209677419786e+01 5.296008683905712063e-03 5.976773433360154514e-03
6.583901209677419786e+01 5.291624776126012397e-03 5.968891228868370910e-03
6.596401209677419786e+01 5.287340163445911935e-03 5.960987804368340220e-03
6.608901209677419786e+01 5.283151824418567954e-03 5.953062470795589430e-03
6.621401209677419786e+01 5.279056793675501909e-03 5.945114593760226357e-03
6.633901209677419786e+01 5.275052161202995957e-03 5.937143592154261150e-03
6.646401209677419786e+01 5.271135071624233163e-03 5.929148936776078120e-03
6.658901209677419786e+01 5.267302723486759833e-03 5.921250145361707344e-03
6.671401209677419786e+01 5.263552368555241348e-03 5.920650170692968832e-03
6.683901209677419786e+01 5.259881311110100460e-03 5.919987895146329275e-03
6.696401209677419786e+01 5.256286907251351941e-03 5.919261427760778502e-03
6.708901209677419786e+01 5.252766564208287588e-03 5.918468951012423838e-03
6.721401209677419786e+01 5.249317739654466020e-03 5.917608719563365906e-03
6.733901209677419786e+01 5.245937941028780936e-03 5.918430085869522128e-03
6.746401209677419786e+01 5.242624724861585234e-03 5.919624878517094207e-03
6.758901209677419786e+01 5.239375696107057521e-03 5.920730576158593841e-03
6.771401209677419786e+01 5.236188507480836994e-03 5.921745275042886864e-03
6.783901209677419786e+01 5.233060858803681263e-03 5.922667148043614209e-03
6.796401209677419786e+01 5.229990496350491423e-03 5.923494443430165485e-03
6.808901209677419786e+01 5.226975212205459825e-03 5.924225483647166564e-03
6.821401209677419786e+01 5.224012843622598094e-03 5.924858664104273170e-03
6.833901209677419786e+01 5.221101272392269024e-03 5.925392451975189725e-03
6.846401209677419786e+01 5.218238424213253977e-03 5.925825385005862277e-03
6.858901209677419786e+01 5.215422268070809414e-03 5.926156070330921774e-03
6.871401209677419786e+01 5.212650815620288418e-03 5.926383183302210561e-03
6.883901209677419786e+01 5.209922120576563134e-03 5.926505466324210464e-03
6.896401209677419786e+01 5.207234278109221237e-03 5.926521727701336388e-03
6.908901209677419786e+01 5.204585424243587596e-03 5.926430840492248608e-03
6.921401209677419786e+01 5.201973735267374256e-03 5.926231741377315995e-03
6.933901209677419786e+01 5.199397427143090562e-03 5.925923429533247987e-03
6.946401209677419786e+01 5.196854754926171806e-03 5.925504965518920732e-03
6.958901209677419786e+01 5.194344012189022405e-03 5.924975470169653070e-03
6.971401209677419786e+01 5.191863530450619747e-03 5.924334123504304724e-03
6.983901209677419786e+01 5.189411678611585005e-03 5.923580163639273477e-03
6.996401209677419786e+01 5.186986862395471208e-03 5.922712885713710823e-03
7.008901209677419786e+01 5.184587523795306657e-03 5.921731640825690646e-03
7.021401209677419786e+01 5.182212140526019917e-03 5.920635834977961386e-03
7.033901209677419786e+01 5.179859225482340464e-03 5.919424928032404783e-03
7.046401209677419786e+01 5.177527326202487241e-03 5.918098432676235227e-03
7.058901209677419786e+01 5.175215024337433481e-03 5.916655913398590101e-03
7.071401209677419786e+01 5.172920935125666260e-03 5.915096985476291612e-03
7.083901209677419786e+01 5.170643706873573504e-03 5.913421313969715112e-03
7.096401209677419786e+01 5.168382020441504403e-03 5.911628612729708486e-03
7.108901209677419786e+01 5.166134588735144147e-03 5.909718643414436749e-03
7.121401209677419786e+01 5.163900156202554277e-03 5.907691214516287183e-03
7.133901209677419786e+01 5.161677498336555980e-03 5.905546180398043091e-03
7.146401209677419786e+01 5.159465421182783326e-03 5.903283440341831195e-03
7.158901209677419786e+01 5.157262760852964097e-03 5.900902937605868349e-03
7.171401209677419786e+01 5.155068383043638972e-03 5.898404658492241957e-03
7.183901209677419786e+01 5.152881182560390197e-03 5.895788631423932134e-03
7.196401209677419786e+01 5.150700082847329934e-03 5.893054926034969193e-03
7.208901209677419786e+01 5.148524035521849160e-03 5.890203652266916799e-03
7.221401209677419786e+01 5.146352019914722520e-03 5.887234959477947484e-03
7.233901209677419786e+01 5.144183042615601241e-03 5.884149035561569291e-03
7.246401209677419786e+01 5.142016137023542807e-03 5.880946106074807535e-03
7.258901209677419786e+01 5.139850362902848892e-03 5.877626433377323989e-03
7.271401209677419786e+01 5.137684805943985161e-03 5.874190315779475105e-03
7.283901209677419786e+01 5.135518577329873519e-03 5.870638086702725800e-03
7.296401209677419786e+01 5.133350813307002540e-03 5.866970113846391513e-03
7.308901209677419786e+01 5.131180674761873922e-03 5.863186798368070704e-03
7.321401209677419786e+01 5.129007346802185591e-03 5.859288574070800268e-03
7.333901209677419786e+01 5.126830038343455770e-03 5.855275906603352350e-03
7.346401209677419786e+01 5.124647981700260549e-03 5.851149292667654801e-03
7.358901209677419786e+01 5.122460432182489136e-03 5.846909259236992944e-03
7.371401209677419786e+01 5.120266667696709607e-03 5.842556362784713346e-03
7.383901209677419786e+01 5.118065988352181114e-03 5.838091188521583007e-03
7.396401209677419786e+01 5.115857716071835204e-03 5.833514349644050405e-03
7.408901209677419786e+01 5.113641194207954772e-03 5.828826486589561671e-03
7.421401209677419786e+01 5.111415787162800449e-03 5.824028266306350426e-03
7.433901209677419786e+01 5.106596363015205274e-03 5.819120381527172377e-03
7.446401209677419786e+01 5.099829319280262986e-03 5.814103550056672239e-03
7.458901209677419786e+01 5.093087096715106891e-03 5.808978514065665268e-03
7.471401209677419786e+01 5.086369751614836648e-03 5.803746039397338942e-03
7.483901209677419786e+01 5.079677343303071191e-03 5.798406914880710125e-03
7.496401209677419786e+01 5.073009933887050876e-03 5.792961951653536473e-03
7.508901209677419786e+01 5.066367588029721709e-03 5.787411982496289305e-03
7.521401209677419786e+01 5.059750372714661229e-03 5.781757861173362871e-03
7.533901209677419786e+01 5.053158357030488809e-03 5.776000461784572271e-03
7.546401209677419786e+01 5.046591611949845409e-03 5.770140678125162785e-03
7.558901209677419786e+01 5.040050210121478289e-03 5.764179423055242231e-03
7.571401209677419786e+01 5.033534225672291716e-03 5.758117627878336225e-03
7.583901209677419786e+01 5.027043734004441565e-03 5.751956241728296143e-03
7.596401209677419786e+01 5.020578811605375287e-03 5.745696230965156512e-03
7.608901209677419786e+01 5.014139535864621695e-03 5.739338578580924569e-03
7.621401209677419786e+01 5.007725984891050856e-03 5.732884283612512538e-03
7.633901209677419786e+01 5.001338237344499227e-03 5.726334360564137166e-03
7.646401209677419786e+01 4.994976372256076588e-03 5.719689838839039052e-03
7.658901209677419786e+01 4.988640468878669312e-03 5.712951762178015112e-03
7.671401209677419786e+01 4.982330606518981832e-03 5.706121188108428770e-03
7.683901209677419786e+01 4.976046864386468246e-03 5.699199187400037607e-03
7.696401209677419786e+01 4.969789321450085798e-03 5.692186843530218886e-03
7.708901209677419786e+01 4.963558056290199791e-03 5.685085252157436736e-03
7.721401209677419786e+01 4.957353146965173818e-03 5.677895520601587524e-03
7.733901209677419786e+01 4.951174670873268423e-03 5.670618767335266174e-03
7.746401209677419786e+01 4.945022704627946575e-03 5.663256121480312981e-03
7.758901209677419786e+01 4.938897323935010145e-03 5.655808722313982080e-03
7.771401209677419786e+01 4.932798603469589795e-03 5.648277718782549264e-03
7.783901209677419786e+01 4.926726616763991637e-03 5.640664269023579550e-03
7.796401209677419786e+01 4.920681436096022675e-03 5.632969539894771942e-03
7.808901209677419786e+01 4.914663132382632305e-03 5.625194706512005177e-03
7.821401209677419786e+01 4.908671775081072108e-03 5.617340951793448056e-03
7.833901209677419786e+01 4.902707432085365823e-03 5.609409466013385963e-03
7.846401209677419786e+01 4.896770169635682179e-03 5.601401446361921159e-03
7.858901209677419786e+01 4.890860052228564701e-03 5.593318096512036978e-03
7.871401209677419786e+01 4.884977142529400157e-03 5.585160626196522191e-03
7.883901209677419786e+01 4.879121501289689598e-03 5.576930250789262529e-03
7.896401209677419786e+01 4.873293187269850564e-03 5.568628190895697633e-03
7.908901209677419786e+01 4.867492257160712169e-03 5.560255671949447531e-03
7.921401209677419786e+01 4.861718765517518415e-03 5.551813923817591062e-03
7.933901209677419786e+01 4.855972764684910944e-03 5.543304180410982794e-03
7.946401209677419786e+01 4.850254304734826806e-03 5.534727679304230624e-03
7.958901209677419786e+01 4.844563433407896025e-03 5.526085661359041341e-03
7.971401209677419786e+01 4.838900196049426838e-03 5.517379370358227800e-03
7.983901209677419786e+01 4.833264635557025721e-03 5.508610052644704290e-03
7.996401209677419786e+01 4.827656792328302408e-03 5.499778956766150986e-03
8.008901209677419786e+01 4.822076704211985393e-03 5.490887333128938348e-03
8.021401209677419786e+01 4.816524406460655910e-03 5.481936433656948646e-03
8.033901209677419786e+01 4.810999931684700574e-03 5.472927511457360665e-03
8.046401209677419786e+01 4.805503309818075740e-03 5.463861820492066194e-03
8.058901209677419786e+01 4.800034568074689617e-03 5.454740615257946609e-03
8.071401209677419786e+01 4.794593730914151891e-03 5.445565150470572935e-03
8.083901209677419786e+01 4.789180820011684943e-03 5.436336680756161457e-03
8.096401209677419786e+01 4.783795854223661832e-03 5.427056460348611208e-03
8.108901209677419786e+01 4.778438849563452009e-03 5.417725742793665956e-03
8.121401209677419786e+01 4.773109819175288572e-03 5.408345780658157208e-03
8.133901209677419786e+01 4.767808773309108704e-03 5.398917825246025634e-03
8.146401209677419786e+01 4.762535719303627978e-03 5.389443126319898823e-03
8.158901209677419786e+01 4.757290661562225097e-03 5.379922931828907962e-03
8.171401209677419786e+01 4.752073601542676669e-03 5.370358487641795422e-03
8.183901209677419786e+01 4.746884537740999124e-03 5.360751037285371376e-03
8.196401209677419786e+01 4.741723465675221245e-03 5.351101821690862521e-03
8.208901209677419786e+01 4.736590377880856538e-03 5.341412078942962653e-03
8.221401209677419786e+01 4.731485263900683975e-03 5.331683044036243657e-03
8.233901209677419786e+01 4.726408110275894837e-03 5.321915948636292762e-03
8.246401209677419786e+01 4.721358900546208937e-03 5.312112020847017599e-03
8.258901209677419786e+01 4.716337615241900962e-03 5.302272484982763386e-03
8.271401209677419786e+01 4.711344231888836380e-03 5.292398561344824164e-03
8.283901209677419786e+01 4.706378725003817175e-03 5.282491466005441103e-03
8.296401209677419786e+01 4.701441066098395634e-03 5.272552410595015247e-03
8.308901209677419786e+01 4.696531223686310243e-03 5.262582602094917350e-03
8.321401209677419786e+01 4.691649163283941916e-03 5.252583242635319727e-03
8.333901209677419786e+01 4.686794847418414289e-03 5.242555529298897551e-03
8.346401209677419786e+01 4.681968235640283221e-03 5.232500653927715101e-03
8.358901209677419786e+01 4.677169284527838908e-03 5.222419802936210421e-03
8.371401209677419786e+01 4.672397947701983738e-03 5.212314157128997323e-03
8.383901209677419786e+01 4.667654175835271070e-03 5.202184891522609531e-03
8.396401209677419786e+01 4.662937916669343541e-03 5.192033175172448140e-03
8.408901209677419786e+01 4.658249115029587141e-03 5.181860171004095371e-03
8.421401209677419786e+01 4.653587712837422598e-03 5.171667035649553205e-03
8.433901209677419786e+01 4.648953649131658955e-03 5.161454919286887280e-03
8.446401209677419786e+01 4.644346860086275355e-03 5.151224965486420233e-03
8.458901209677419786e+01 4.639767279028931407e-03 5.140978311058183592e-03
8.471401209677419786e+01 4.635214836461612996e-03 5.130716085907117800e-03
8.483901209677419786e+01 4.630689460083552318e-03 5.120439412889581099e-03
8.496401209677419786e+01 4.626191074811920531e-03 5.110149407675611613e-03
8.508901209677419786e+01 4.621719602806161585e-03 5.099847178615091702e-03
8.521401209677419786e+01 4.617274963493305309e-03 5.089533826607821505e-03
8.533901209677419786e+01 4.612857073591818124e-03 5.079210444977600575e-03
8.546401209677419786e+01 4.608465847139736789e-03 5.068878119349881292e-03
8.558901209677419786e+01 4.604101195515918760e-03 5.058537927534255234e-03
8.571401209677419786e+01 4.599763027475347286e-03 5.048190939410034279e-03
8.583901209677419786e+01 4.595451249173503408e-03 5.037838216815850208e-03
8.596401209677419786e+01 4.591165764194480615e-03 5.027480813442543328e-03
8.608901209677419786e+01 4.586906473580931384e-03 5.017119774730732264e-03
8.621401209677419786e+01 4.582673275867111921e-03 5.006756137771354448e-03
8.633901209677419786e+01 4.578466067108878136e-03 4.996390931209107947e-03
8.646401209677419786e+01 4.574284740909730779e-03 4.986025175150910101e-03
8.658901209677419786e+01 4.570129188463591986e-03 4.975659881076784780e-03
8.671401209677419786e+01 4.565999298576604686e-03 4.965296051754540876e-03
8.683901209677419786e+01 4.561894957705806518e-03 4.954934681157035538e-03
8.696401209677419786e+01 4.557816049993731501e-03 4.944576754384218294e-03
8.708901209677419786e+01 4.553762457297313125e-03 4.934223247587007921e-03
8.721401209677419786e+01 4.549734059227745694e-03 4.923875127895263257e-03
8.733901209677419786e+01 4.545730733181253987e-03 4.913533353348393390e-03
8.746401209677419786e+01 4.541752354375073152e-03 4.903198872829458987e-03
8.758901209677419786e+01 4.537798795888108895e-03 4.892872626002290302e-03
8.771401209677419786e+01 4.533869928686027652e-03 4.882555543250698994e-03
8.783901209677419786e+01 4.529965621667953607e-03 4.872248545622466509e-03
8.796401209677419786e+01 4.526085741697312946e-03 4.861952544774537227e-03
8.808901209677419786e+01 4.522230153639371537e-03 4.851668442922251780e-03
8.821401209677419786e+01 4.518398720400032022e-03 4.841397132789684518e-03
8.833901209677419786e+01 4.514591302958763201e-03 4.831139497565596283e-03
8.846401209677419786e+01 4.510807760410299322e-03 4.820896410859504266e-03
8.858901209677419786e+01 4.506763312039628946e-03 4.810668736661176219e-03
8.871401209677419786e+01 4.501376576572820379e-03 4.800457329303717269e-03
8.883901209677419786e+01 4.496035028359378870e-03 4.790263033427841557e-03
8.896401209677419786e+01 4.490738588863659418e-03 4.780086683949940317e-03
8.908901209677419786e+01 4.485487173553918440e-03 4.769929106031250629e-03
8.921401209677419786e+01 4.480280691990790737e-03 4.759791115050816292e-03
8.933901209677419786e+01 4.475119047903972948e-03 4.749673516580702089e-03
8.946401209677419786e+01 4.470002139281066544e-03 4.739577106362413694e-03
8.958901209677419786e+01 4.464929858445760083e-03 4.729502670286273545e-03
8.971401209677419786e+01 4.459902092144136902e-03 4.719450984374483002e-03
8.983901209677419786e+01 4.454918721626030184e-03 4.709422814764073484e-03
8.996401209677419786e+01 4.449979622732005459e-03 4.699418917693174401e-03
9.008901209677419786e+01 4.445084665970886265e-03 4.691209977982919478e-03
9.021401209677419786e+01 4.440233716606300368e-03 4.686685725967951015e-03
9.033901209677419786e+01 4.435426634742578068e-03 4.682154752088804432e-03
9.046401209677419786e+01 4.430663275403961404e-03 4.677617296467063805e-03
9.058901209677419786e+01 4.425943488617463221e-03 4.673073598270734846e-03
9.071401209677419786e+01 4.421267119500250399e-03 4.668523895676862483e-03
9.083901209677419786e+01 4.416634008338703871e-03 4.663968425834905639e-03
9.096401209677419786e+01 4.412043990671566523e-03 4.659407424831315918e-03
9.108901209677419786e+01 4.407496897376188445e-03 4.654841127655058239e-03
9.121401209677419786e+01 4.402992554746828872e-03 4.650269768163886076e-03
9.133901209677419786e+01 4.398530784578105063e-03 4.645693579051883050e-03
9.146401209677419786e+01 4.394111404248659744e-03 4.641112791817682791e-03
9.158901209677419786e+01 4.389734226801353043e-03 4.636527636733701017e-03
9.171401209677419786e+01 4.385399061025402508e-03 4.631938342816228904e-03
9.183901209677419786e+01 4.381105711539196208e-03 4.627345137796562945e-03
9.196401209677419786e+01 4.376853978867857424e-03 4.622748248092704675e-03
9.208901209677419786e+01 4.372643659525734215e-03 4.618147898782196635e-03
9.221401209677419786e+01 4.368474546100167485e-03 4.613544313575697331e-03
9.233901209677419786e+01 4.364346427327950653e-03 4.609009712869116884e-03
9.246401209677419786e+01 4.360259088172092033e-03 4.604613794697429846e-03
9.258901209677419786e+01 4.356212309910026392e-03 4.600214398578363929e-03
9.271401209677419786e+01 4.352205870205725670e-03 4.595811722927315227e-03
9.283901209677419786e+01 4.348239543190658522e-03 4.591405964958640562e-03
9.296401209677419786e+01 4.344313099539969837e-03 4.586997320663238793e-03
9.308901209677419786e+01 4.340426306555071785e-03 4.582585984787023760e-03
9.321401209677419786e+01 4.336578928236759813e-03 4.578172150809970559e-03
9.333901209677419786e+01 4.332770725364616139e-03 4.573756010926056936e-03
9.346401209677419786e+01 4.329001455571673991e-03 4.569337756023682598e-03
9.358901209677419786e+01 4.325270873421407231e-03 4.564917575666788477e-03
9.371401209677419786e+01 4.321578730486193634e-03 4.560495658076839896e-03
9.383901209677419786e+01 4.317924775416879038e-03 4.556072190115119380e-03
9.396401209677419786e+01 4.314308754022838296e-03 4.551647357265954479e-03
9.408901209677419786e+01 4.310730409343124098e-03 4.547221343620358458e-03
9.421401209677419786e+01 4.307189481721579623e-03 4.542794331860440342e-03
9.433901209677419786e+01 4.303685708878218948e-03 4.538366503244348378e-03
9.446401209677419786e+01 4.300218825985545335e-03 4.533938037591756474e-03
9.458901209677419786e+01 4.296788565737233272e-03 4.529509113269993351e-03
9.471401209677419786e+01 4.293394658420822060e-03 4.525079907180759760e-03
9.483901209677419786e+01 4.290036831989003409e-03 4.520650594747365261e-03
9.496401209677419786e+01 4.286714812130877801e-03 4.516221349902533114e-03
9.508901209677419786e+01 4.283428322341037257e-03 4.511792345076670943e-03
9.521401209677419786e+01 4.280177083990033271e-03 4.507363751186837034e-03
9.533901209677419786e+01 4.276960816390337067e-03 4.502935737626133361e-03
9.546401209677419786e+01 4.273779236868686243e-03 4.498508472253422152e-03
9.558901209677419786e+01 4.270632060832472640e-03 4.494082121384032971e-03
9.571401209677419786e+01 4.267519001833982618e-03 4.489656849780370058e-03
9.583901209677419786e+01 4.264439771640463409e-03 4.485232820643551832e-03
9.596401209677419786e+01 4.260133147722305891e-03 4.480810195604929824e-03
9.608901209677419786e+01 4.252040493738680482e-03 4.476389134718784628e-03
9.621401209677419786e+01 4.243997528069691494e-03 4.471969796454899546e-03
9.633901209677419786e+01 4.236004524049724433e-03 4.467552337691726647e-03
9.646401209677419786e+01 4.228061746563453391e-03 4.463136913710211151e-03
9.658901209677419786e+01 4.220169452100661772e-03 4.458723678187725969e-03
9.671401209677419786e+01 4.212327888812339785e-03 4.454312783192825899e-03
9.683901209677419786e+01 4.204537296566246765e-03 4.449904379179817071e-03
9.696401209677419786e+01 4.196797907004786755e-03 4.445498614984488665e-03
9.708901209677419786e+01 4.189109943601622074e-03 4.441095637819527167e-03
9.721401209677419786e+01 4.181473621720338193e-03 4.436695593270912480e-03
9.733901209677419786e+01 4.173889148671924669e-03 4.432298625294112809e-03
9.746401209677419786e+01 4.166356723774238859e-03 4.427904876211350739e-03
9.758901209677419786e+01 4.158876538411446222e-03 4.423514486708486800e-03
9.771401209677419786e+01 4.151448776092980103e-03 4.419127595832943872e-03
9.783901209677419786e+01 4.144073612514462615e-03 4.414744340991383527e-03
9.796401209677419786e+01 4.136751215617993221e-03 4.410364857948293089e-03
9.808901209677419786e+01 4.129481745652927374e-03 4.405989280824375819e-03
9.821401209677419786e+01 4.122265355237150417e-03 4.401617742095819720e-03
9.833901209677419786e+01 4.115102189418830270e-03 4.397250372593233293e-03
9.846401209677419786e+01 4.107992385738311499e-03 4.392887301501675022e-03
9.858901209677419786e+01 4.100936074290455202e-03 4.388528656360250919e-03
9.871401209677419786e+01 4.093933377786650174e-03 4.384174563062562084e-03
9.883901209677419786e+01 4.086984411618223116e-03 4.379825145857095883e-03
9.896401209677419786e+01 4.080089283919574768e-03 4.375480527348230356e-03
9.908901209677419786e+01 4.073248095630587449e-03 4.371140828497135401e-03
9.921401209677419786e+01 4.066460940561664184e-03 4.366806168623322756e-03
9.933901209677419786e+01 4.059727905455921132e-03 4.362476665406202041e-03
9.946401209677419786e+01 4.053049070053858088e-03 4.358152434887152885e-03
9.958901209677419786e+01 4.046424507158244942e-03 4.353833591471545014e-03
9.971401209677419786e+01 4.039854282696763409e-03 4.349520247931301306e-03
9.983901209677419786e+01 4.033338455788136427e-03 4.345212515407511147e-03
9.996401209677419786e+01 4.026877078805918275e-03 4.340910503413492223e-03
1.000890120967741979e+02 4.020470197443165930e-03 4.336614319837791588e-03
1.002140120967741979e+02 4.014117850777650792e-03 4.332324070947777411e-03
1.003390120967741979e+02 4.007820071336918623e-03 4.328039861393077198e-03
1.004640120967741979e+02 4.001576885162820389e-03 4.323761794209675206e-03
1.005890120967741979e+02 3.995388311877678088e-03 4.319489970823670727e-03
1.007140120967741979e+02 3.989254364748264815e-03 4.315224491055916732e-03
1.008390120967741979e+02 3.983175050751823140e-03 4.310965453126167600e-03
1.009640120967741979e+02 3.977150370641692294e-03 4.306712953658054302e-03
1.010890120967741979e+02 3.971180319011808658e-03 4.302467087683783768e-03
1.012140120967741979e+02 3.965264884362624392e-03 4.298227948649216423e-03
1.013390120967741979e+02 3.959404049166805745e-03 4.293995628419312351e-03
1.014640120967741979e+02 3.953597789933896607e-03 4.289770217283312044e-03
1.015890120967741979e+02 3.947846077275925757e-03 4.285551803960559007e-03
1.017140120967741979e+02 3.942148875973616913e-03 4.281340475606165361e-03
1.018390120967741979e+02 3.936506145040160644e-03 4.277136317817100720e-03
1.019640120967741979e+02 3.930917837788244946e-03 4.272939414638113678e-03
1.020890120967741979e+02 3.925383901893805469e-03 4.268749848568266503e-03
1.022140120967741979e+02 3.919904279461950206e-03 4.264567700567099481e-03
1.023390120967741979e+02 3.914478907092424492e-03 4.260393050061490015e-03
1.024640120967741979e+02 3.909107715943814856e-03 4.256225974952069363e-03
1.025890120967741979e+02 3.903790631798702629e-03 4.252066551620440824e-03
1.027140120967741979e+02 3.898527575129392183e-03 4.247914854935880107e-03
1.028390120967741979e+02 3.893318461161269974e-03 4.243770958262729591e-03
1.029640120967741979e+02 3.888163199938336322e-03 4.239634933467426557e-03
1.030890120967741979e+02 3.883061696387805645e-03 4.235506850926144644e-03
1.032140120967741979e+02 3.878013850383651984e-03 4.231386779532117851e-03
1.033390120967741979e+02 3.873019556812045804e-03 4.227274786703474549e-03
1.034640120967741979e+02 3.868078705634216911e-03 4.223170938390728019e-03
1.035890120967741979e+02 3.863191181950996565e-03 4.219075299084953934e-03
1.037140120967741979e+02 3.858356866067032612e-03 4.214987931825501209e-03
1.038390120967741979e+02 3.853575633553439888e-03 4.210908898208246681e-03
1.039640120967741979e+02 3.848847355311603782e-03 4.206838258393632082e-03
1.040890120967741979e+02 3.844171897637175487e-03 4.202776071115119950e-03
1.042140120967741979e+02 3.839549122281801698e-03 4.198722393687376320e-03
1.043390120967741979e+02 3.834978886516794173e-03 4.194677282014854999e-03
1.044640120967741979e+02 3.830461043195989169e-03 4.190640790600279504e-03
1.045890120967741979e+02 3.825995440817317114e-03 4.186612972553367847e-03
1.047140120967741979e+02 3.821581923586093565e-03 4.182593879599440234e-03
1.048390120967741979e+02 3.817220331476047640e-03 4.178583562088286109e-03
1.049640120967741979e+02 3.812910500291516631e-03 4.174582069002982614e-03
1.050890120967741979e+02 3.808652261729381702e-03 4.170589447968945512e-03
1.052140120967741979e+02 3.804445443439732032e-03 4.166605745262751126e-03
1.053390120967741979e+02 3.800289869086938797e-03 4.162631005821438787e-03
1.054640120967741979e+02 3.796185358411365788e-03 4.158665273251477626e-03
1.055890120967741979e+02 3.792131727288525645e-03 4.154708589838111525e-03
1.057140120967741979e+02 3.788128787790279606e-03 4.150760996554437796e-03
1.058390120967741979e+02 3.784176348245120881e-03 4.146822533070955961e-03
1.059640120967741979e+02 3.780274213296761030e-03 4.142893237764806030e-03
1.060890120967741979e+02 3.776422183965001417e-03 4.138973147729173296e-03
1.062140120967741979e+02 3.772620057703761874e-03 4.135062298782851871e-03
1.063390120967741979e+02 3.768867628460503220e-03 4.131160725479674639e-03
1.064640120967741979e+02 3.765164686735239085e-03 4.127932190643262417e-03
1.065890120967741979e+02 3.761511019638012071e-03 4.125795493349305662e-03
1.067140120967741979e+02 3.757906410947370410e-03 4.123658884422752580e-03
1.068390120967741979e+02 3.754350641168500719e-03 4.121522256996569718e-03
1.069640120967741979e+02 3.750843487589859346e-03 4.119385505453740208e-03
1.070890120967741979e+02 3.747384724340691899e-03 4.117248525422390927e-03
1.072140120967741979e+02 3.743974122448170700e-03 4.115111213780693958e-03
1.073390120967741979e+02 3.740611449893160075e-03 4.112973468652803000e-03
1.074640120967741979e+02 3.737296471666828619e-03 4.110835189408847297e-03
1.075890120967741979e+02 3.734028949826812601e-03 4.108696276663800599e-03
1.077140120967741979e+02 3.730808643551711875e-03 4.106556632277743972e-03
1.078390120967741979e+02 3.727635309197852194e-03 4.104416159351498630e-03
1.079640120967741979e+02 3.724508700352398109e-03 4.102274762228001574e-03
1.080890120967741979e+02 3.721428567888990756e-03 4.100132346488679150e-03
1.082140120967741979e+02 3.718394660022068983e-03 4.097988818952465195e-03
1.083390120967741979e+02 3.715406722359875565e-03 4.095844087673959633e-03
1.084640120967741979e+02 3.712464497958530701e-03 4.093698061939918253e-03
1.085890120967741979e+02 3.709567727375336164e-03 4.091550652268377553e-03
1.087140120967741979e+02 3.706716148721222494e-03 4.089401770405572123e-03
1.088390120967741979e+02 3.703909497713171912e-03 4.087251329321211005e-03
1.089640120967741979e+02 3.701147507727081416e-03 4.085099243209955669e-03
1.090890120967741979e+02 3.698429909848413664e-03 4.082945427483954635e-03
1.092140120967741979e+02 3.695756432924681041e-03 4.080789798772743726e-03
1.093390120967741979e+02 3.693126803615745263e-03 4.078632274918197152e-03
1.094640120967741979e+02 3.690540746444655618e-03 4.076472774971491748e-03
1.095890120967741979e+02 3.687997983848730066e-03 4.074311219190818005e-03
1.097140120967741979e+02 3.685498236228258902e-03 4.072147529034460256e-03
1.098390120967741979e+02 3.683041221997053298e-03 4.069981627160929386e-03
1.099640120967741979e+02 3.680626657631743976e-03 4.067813437422285877e-03
1.100890120967741979e+02 3.678254257719863404e-03 4.065642884859645145e-03
1.102140120967741979e+02 3.675923735009026944e-03 4.063469895701677000e-03
1.103390120967741979e+02 3.673634800455183314e-03 4.061294397357522769e-03
1.104640120967741979e+02 3.671387163269696288e-03 4.059116318414069183e-03
1.105890120967741979e+02 3.669180530967700981e-03 4.056935588628849017e-03
1.107140120967741979e+02 3.667014609414098302e-03 4.054752138928128559e-03
1.108390120967741979e+02 3.664889102870851761e-03 4.052565901401263687e-03
1.109640120967741979e+02 3.662803714043575201e-03 4.050376809294911964e-03
1.110890120967741979e+02 3.660758144126480783e-03 4.048918958426421869e-03
1.112140120967741979e+02 3.658752092848678757e-03 4.047742943846566015e-03
1.113390120967741979e+02 3.656785258519420351e-03 4.046566453438081926e-03
1.114640120967741979e+02 3.654857338072252122e-03 4.045389297408902990e-03
1.115890120967741979e+02 3.652968027109735824e-03 4.044211287906431147e-03
1.117140120967741979e+02 3.651117019947905037e-03 4.043032239016906317e-03
1.118390120967741979e+02 3.649304009659123244e-03 4.041851966766620702e-03
1.119640120967741979e+02 3.647528688116172691e-03 4.040670289121158984e-03
1.120890120967741979e+02 3.645790746034468892e-03 4.039487025986853753e-03
1.122140120967741979e+02 3.644089873014847141e-03 4.038301999209517427e-03
1.123390120967741979e+02 3.642425757586023344e-03 4.037115032574276584e-03
1.124640120967741979e+02 3.640798087245896049e-03 4.035925951803467741e-03
1.125890120967741979e+02 3.639206548502861918e-03 4.034734584557822176e-03
1.127140120967741979e+02 3.637650826917752239e-03 4.033540760434011288e-03
1.128390120967741979e+02 3.636130607143110097e-03 4.032344310961686294e-03
1.129640120967741979e+02 3.634645572964177555e-03 4.031145069603945738e-03
1.130890120967741979e+02 3.633195407339373257e-03 4.029942871754317070e-03
1.132140120967741979e+02 3.631779792438147997e-03 4.028737554734630744e-03
1.133390120967741979e+02 3.630398409682035650e-03 4.027528957790754531e-03
1.134640120967741979e+02 3.629050939781698626e-03 4.026316922093874616e-03
1.135890120967741979e+02 3.627737062776215451e-03 4.025101290732632960e-03
1.137140120967741979e+02 3.626456458071259867e-03 4.023881908713474245e-03
1.138390120967741979e+02 3.625208804475887805e-03 4.022658622956492951e-03
1.139640120967741979e+02 3.623993780240264157e-03 4.021431282290620357e-03
1.140890120967741979e+02 3.622811063092876930e-03 4.020199737451142161e-03
1.142140120967741979e+02 3.621660330276218771e-03 4.018963841075122272e-03
1.143390120967741979e+02 3.620541258583387031e-03 4.017723447696850900e-03
1.144640120967741979e+02 3.619453524394059766e-03 4.016478413743909334e-03
1.145890120967741979e+02 3.618396803709068767e-03 4.015228597533632843e-03
1.147140120967741979e+02 3.617370772186449292e-03 4.013973859264332970e-03
1.148390120967741979e+02 3.616375105175129688e-03 4.012714061015620198e-03
1.149640120967741979e+02 3.615409477749602883e-03 4.011449066739763286e-03
1.150890120967741979e+02 3.614473564743999386e-03 4.010178742257762725e-03
1.152140120967741979e+02 3.613567040785269080e-03 4.008902955252237506e-03
1.153390120967741979e+02 3.612689580326358240e-03 4.007621575263814288e-03
1.154640120967741979e+02 3.611840857679397832e-03 4.006334473684379331e-03
1.155890120967741979e+02 3.611020547047639768e-03 4.005041523749883724e-03
1.157140120967741979e+02 3.610228322557695879e-03 4.003742600536474953e-03
1.158390120967741979e+02 3.609463858291658920e-03 4.002437580951322821e-03
1.159640120967741979e+02 3.608726828317442015e-03 4.001126343728857691e-03
1.160890120967741979e+02 3.608016906720937396e-03 3.999808769423277358e-03
1.162140120967741979e+02 3.607333767635755636e-03 3.998484740400144906e-03
1.163390120967741979e+02 3.606677085273837444e-03 3.997154140831158525e-03
1.164640120967741979e+02 3.606046533955564997e-03 3.995816856686929854e-03
1.165890120967741979e+02 3.605441788138814222e-03 3.994472775729541146e-03
1.167140120967741979e+02 3.604862522448423843e-03 3.993121787504129265e-03
1.168390120967741979e+02 3.604308411705379502e-03 3.991763783332206994e-03
1.169640120967741979e+02 3.603779130954562829e-03 3.990398656305486555e-03
1.170890120967741979e+02 3.603274355493490608e-03 3.989026301275033250e-03
1.172140120967741979e+02 3.602793760900010068e-03 3.987646614846146291e-03
1.173390120967741979e+02 3.602337023059422588e-03 3.986259495369107522e-03
1.174640120967741979e+02 3.601903818192257918e-03 3.984864842931455826e-03
1.175890120967741979e+02 3.601493822880133706e-03 3.983462559347910117e-03
1.177140120967741979e+02 3.601106714092809375e-03 3.982052548155498237e-03
1.178390120967741979e+02 3.600742169214450270e-03 3.980634714602693247e-03
1.179640120967741979e+02 3.600399866068626758e-03 3.979208965640648743e-03
1.180890120967741979e+02 3.600079482944059262e-03 3.977775209915400401e-03
1.182140120967741979e+02 3.599780698620186781e-03 3.976333357759562724e-03
1.183390120967741979e+02 3.599503192391241817e-03 3.974883321182383009e-03
1.184640120967741979e+02 3.599246644090574668e-03 3.973425013861455433e-03
1.185890120967741979e+02 3.599010734115542804e-03 3.971958351132566858e-03
1.187140120967741979e+02 3.598795143450424835e-03 3.970483249981832455e-03
1.188390120967741979e+02 3.598599553689918202e-03 3.968999629036252738e-03
1.189640120967741979e+02 3.598423647062992930e-03 3.967507408554361674e-03
1.190890120967741979e+02 3.598267106454570031e-03 3.966006510414779238e-03
1.192140120967741979e+02 3.598129615428937670e-03 3.964496858110298609e-03
1.193390120967741979e+02 3.598010858251037523e-03 3.962978376736077911e-03
1.194640120967741979e+02 3.597910519908738194e-03 3.961450992979616108e-03
1.195890120967741979e+02 3.597828286134521422e-03 3.959914635112704757e-03
1.197140120967741979e+02 3.597763843425933611e-03 3.958369232980574713e-03
1.198390120967741979e+02 3.597716879067001852e-03 3.956814717992062844e-03
1.199640120967741979e+02 3.597687081148940019e-03 3.955251023109487320e-03
1.200890120967741979e+02 3.597674138589623209e-03 3.953678082840019099e-03
1.202140120967741979e+02 3.597677741154034058e-03 3.952095833223299472e-03
1.203390120967741979e+02 3.597697579474215101e-03 3.950504211823207927e-03
1.204640120967741979e+02 3.597733345067668110e-03 3.948903157717085187e-03
1.205890120967741979e+02 3.597784730357201071e-03 3.947292611485734258e-03
1.207140120967741979e+02 3.597851428689120227e-03 3.945672515203183829e-03
1.208390120967741979e+02 3.597933134351806797e-03 3.944042812425474151e-03
1.209640120967741979e+02 3.598029542594102011e-03 3.942403448181052740e-03
1.210890120967741979e+02 3.598140349642624421e-03 3.940754368960726860e-03
1.212140120967741979e+02 3.598265252719575098e-03 3.939095522706567362e-03
1.213390120967741979e+02 3.598403950060048446e-03 3.937426858800671149e-03
1.214640120967741979e+02 3.598556140928816510e-03 3.935748328056627200e-03
1.215890120967741979e+02 3.598721525636866536e-03 3.934059882707047380e-03
1.217140120967741979e+02 3.598899805558398220e-03 3.932361476394320363e-03
1.218390120967741979e+02 3.599090683145894122e-03 3.930653064158961228e-03
1.219640120967741979e+02 3.599293861946984644e-03 3.928934602429011436e-03
1.220890120967741979e+02 3.599509046619240021e-03 3.927206049009847322e-03
1.222140120967741979e+02 3.599735942945539533e-03 3.925467363073877579e-03
1.223390120967741979e+02 3.599974257849561290e-03 3.923718505147294304e-03
1.224640120967741979e+02 3.600223699409825246e-03 3.921959437102585933e-03
1.225890120967741979e+02 3.600483976874322128e-03 3.920190122145903247e-03
1.227140120967741979e+02 3.600754800675039138e-03 3.918410524806340521e-03
1.228390120967741979e+02 3.601035882441352889e-03 3.916620610924717062e-03
1.229640120967741979e+02 3.601326935013865558e-03 3.914820347644551446e-03
1.230890120967741979e+02 3.601627672457902770e-03 3.913009703398018062e-03
1.232140120967741979e+02 3.601937810076270754e-03 3.911188647898297850e-03
1.233390120967741979e+02 3.602257064422658816e-03 3.909357152126706654e-03
1.234640120967741979e+02 3.602585153313430256e-03 3.907515188321843656e-03
1.235890120967741979e+02 3.602921795840677895e-03 3.905662729969450186e-03
1.237140120967741979e+02 3.603266712384131654e-03 3.903799751791450171e-03
1.238390120967741979e+02 3.603619624622462873e-03 3.901926229733949751e-03
1.239640120967741979e+02 3.603980255545523228e-03 3.900042140957054888e-03
1.240890120967741979e+02 3.604348329465531086e-03 3.898147463824038882e-03
1.242140120967741979e+02 3.604723572027795572e-03 3.896242177890232340e-03
1.243390120967741979e+02 3.605105710221758082e-03 3.894326263891205366e-03
1.244640120967741979e+02 3.605494472391911499e-03 3.892399703733751774e-03
1.245890120967741979e+02 3.605889588247562783e-03 3.890462480482151375e-03
1.247140120967741979e+02 3.606290788873442107e-03 3.888514578349614326e-03
1.248390120967741979e+02 3.606697806739298483e-03 3.886555982687050961e-03
1.249640120967741979e+02 3.607110375709586449e-03 3.884586679970401801e-03
1.250890120967741979e+02 3.607528231053093795e-03 3.882606657791744503e-03
1.252140120967741979e+02 3.607951109451862804e-03 3.880615904846849810e-03
1.253390120967741979e+02 3.608378749010190869e-03 3.878614410925185652e-03
1.254640120967741979e+02 3.608810889263647584e-03 3.876602166898370384e-03
1.255890120967741979e+02 3.609247271187103045e-03 3.874579164710679948e-03
1.257140120967741979e+02 3.609687637203433126e-03 3.872545397365347031e-03
1.258390120967741979e+02 3.610131731191506578e-03 3.870500858916142446e-03
1.259640120967741979e+02 3.610579298493621792e-03 3.868445544456286782e-03
1.260890120967741979e+02 3.611030085923898087e-03 3.866379450107003835e-03
1.262140120967741979e+02 3.611483841775030724e-03 3.864302573006086605e-03
1.263390120967741979e+02 3.611940315825664782e-03 3.862214911298809082e-03
1.264640120967741979e+02 3.612399259347715257e-03 3.860116464125575020e-03
1.265890120967741979e+02 3.610792957157707515e-03 3.858007231612376083e-03
1.267140120967741979e+02 3.608335316106715297e-03 3.855887214858347810e-03
1.268390120967741979e+02 3.605882722293281099e-03 3.853756415927227404e-03
1.269640120967741979e+02 3.603435114588968407e-03 3.851614837835264007e-03
1.270890120967741979e+02 3.600992431923648665e-03 3.849462484540947405e-03
1.272140120967741979e+02 3.598554613289812933e-03 3.847299360934316494e-03
1.273390120967741979e+02 3.596121597746756906e-03 3.845125472826388304e-03
1.274640120967741979e+02 3.593693324424850500e-03 3.842940826938930077e-03
1.275890120967741979e+02 3.591269732529667798e-03 3.840745430893044779e-03
1.277140120967741979e+02 3.588850761346085768e-03 3.838539293199888167e-03
1.278390120967741979e+02 3.586436350242347849e-03 3.836322423248575593e-03
1.279640120967741979e+02 3.584026438674022159e-03 3.834094831297643266e-03
1.280890120967742121e+02 3.581620966188037332e-03 3.831856528462835362e-03
1.282140120967742121e+02 3.579219872426495867e-03 3.829607526708337598e-03
1.283390120967742121e+02 3.576823097130600679e-03 3.827347838835144182e-03
1.284640120967742121e+02 3.574430580144373915e-03 3.825077478471767059e-03
1.285890120967742121e+02 3.572042261418516707e-03 3.822796460062450209e-03
1.287140120967742121e+02 3.569658081014043423e-03 3.820504798858965698e-03
1.288390120967742121e+02 3.567277979105941063e-03 3.818202510909104227e-03
1.289640120967742121e+02 3.564901895986827794e-03 3.815889613046540441e-03
1.290890120967742121e+02 3.562529772070479207e-03 3.813566122881222997e-03
1.292140120967742121e+02 3.560161547895339396e-03 3.811232058789085046e-03
1.293390120967742121e+02 3.557797164128033342e-03 3.808887439902243922e-03
1.294640120967742121e+02 3.555436561566733579e-03 3.806532286098033343e-03
1.295890120967742121e+02 3.553079681144581930e-03 3.804166617990494600e-03
1.297140120967742121e+02 3.550726463932980283e-03 3.801790456919324195e-03
1.298390120967742121e+02 3.548376851144918222e-03 3.799403824940851982e-03
1.299640120967742121e+02 3.546030784138155378e-03 3.797006744817644965e-03
1.300890120967742121e+02 3.543688204418487045e-03 3.794599240008111538e-03
1.302140120967742121e+02 3.541349053642839795e-03 3.792181334658722980e-03
1.303390120967742121e+02 3.539013273622347577e-03 3.789753053592816254e-03
1.304640120967742121e+02 3.536680806325503273e-03 3.787314422300742077e-03
1.305890120967742121e+02 3.534351593881086048e-03 3.784865466931317500e-03
1.307140120967742121e+02 3.532025578581172390e-03 3.782406214281928882e-03
1.308390120967742121e+02 3.529702702884043516e-03 3.779936691788591922e-03
1.309640120967742121e+02 3.527382909417107072e-03 3.777456927516863877e-03
1.310890120967742121e+02 3.525066140979685701e-03 3.774966950152600521e-03
1.312140120967742121e+02 3.522752340545842048e-03 3.772466788991652321e-03
1.313390120967742121e+02 3.520441451267146936e-03 3.769956473932634111e-03
1.314640120967742121e+02 3.518133416475351279e-03 3.767436035464884377e-03
1.315890120967742121e+02 3.515828179685084442e-03 3.764905504661665136e-03
1.317140120967742121e+02 3.513525684596497962e-03 3.762364913170112690e-03
1.318390120967742121e+02 3.511225875097809083e-03 3.759814293201426023e-03
1.319640120967742121e+02 3.508928695267890703e-03 3.757253677523211474e-03
1.320890120967742121e+02 3.506634089378753323e-03 3.754683099449429573e-03
1.322140120967742121e+02 3.504342001898022238e-03 3.752102592831865844e-03
1.323390120967742121e+02 3.502052377491324080e-03 3.749512192051027842e-03
1.324640120967742121e+02 3.499765161024750125e-03 3.746911932007739119e-03
1.325890120967742121e+02 3.497480297567118809e-03 3.744301848114027585e-03
1.327140120967742121e+02 3.495197732392328008e-03 3.741681976284442785e-03
1.328390120967742121e+02 3.492917410981617992e-03 3.739052352926916511e-03
1.329640120967742121e+02 3.490639279025773214e-03 3.736413014935598825e-03
1.330890120967742121e+02 3.488363282427350137e-03 3.733763999680633598e-03
1.332140120967742121e+02 3.486089367302810937e-03 3.731105345000728258e-03
1.333390120967742121e+02 3.483817479984595636e-03 3.728437089193402474e-03
1.334640120967742121e+02 3.481547567023281393e-03 3.725759271008448684e-03
1.335890120967742121e+02 3.479279575189558795e-03 3.723071929638265779e-03
1.337140120967742121e+02 3.477013451476226782e-03 3.720375104710409771e-03
1.338390120967742121e+02 3.474749143100205363e-03 3.717668836278159063e-03
1.339640120967742121e+02 3.472486597504434273e-03 3.714953164813373458e-03
1.340890120967742121e+02 3.470225762359751675e-03 3.712228131198676197e-03
1.342140120967742121e+02 3.467966585566751615e-03 3.709493776717308431e-03
1.343390120967742121e+02 3.465709015257656227e-03 3.706750143048180915e-03
1.344640120967742121e+02 3.463452999798008382e-03 3.703997272255360289e-03
1.345890120967742121e+02 3.461198487788505734e-03 3.701235206781666644e-03
1.347140120967742121e+02 3.458945428066660405e-03 3.698463989440152564e-03
1.348390120967742121e+02 3.456693769708498159e-03 3.695683663406528017e-03
1.349640120967742121e+02 3.454443462030195536e-03 3.692894272211550127e-03
1.350890120967742121e+02 3.452194454589714839e-03 3.690095859733204340e-03
1.352140120967742121e+02 3.449903421694819512e-03 3.687288470188746382e-03
1.353390120967742121e+02 3.447549115406086870e-03 3.684472148128208318e-03
1.354640120967742121e+02 3.445196199712331937e-03 3.681646938426191579e-03
1.355890120967742121e+02 3.442844630554245128e-03 3.678812886273692077e-03
1.357140120967742121e+02 3.440494364075820811e-03 3.675970037172255050e-03
1.358390120967742121e+02 3.438145356625713425e-03 3.673118436925791944e-03
1.359640120967742121e+02 3.435797564758670368e-03 3.670258131633298473e-03
1.360890120967742121e+02 3.433450945236790966e-03 3.667389167682401883e-03
1.362140120967742121e+02 3.431105455030958491e-03 3.664511591740973566e-03
1.363390120967742121e+02 3.428761051322001124e-03 3.661625450750933489e-03
1.364640120967742121e+02 3.426417691502103152e-03 3.658730791921434473e-03
1.365890120967742121e+02 3.424075333175893941e-03 3.655827662720569343e-03
1.367140120967742121e+02 3.421733934161770227e-03 3.652916110869965961e-03
1.368390120967742121e+02 3.419393452493007211e-03 3.649996184337854412e-03
1.369640120967742121e+02 3.417053846418968959e-03 3.647067931330856116e-03
1.370890120967742121e+02 3.414715074406167884e-03 3.644131400288404959e-03
1.372140120967742121e+02 3.412377095139446093e-03 3.641186639876182237e-03
1.373390120967742121e+02 3.410039867522971554e-03 3.638233698978948771e-03
1.374640120967742121e+02 3.407703350681359159e-03 3.637429697405677228e-03
1.375890120967742121e+02 3.405367503960600103e-03 3.637303800660962594e-03
1.377140120967742121e+02 3.403032286929186852e-03 3.637164468744211003e-03
1.378390120967742121e+02 3.400697659378957086e-03 3.637011596396962521e-03
1.379640120967742121e+02 3.398363581326139301e-03 3.636845079838646640e-03
1.380890120967742121e+02 3.396030013012206732e-03 3.636664816761959670e-03
1.382140120967742121e+02 3.393696914904815402e-03 3.636470706327836651e-03
1.383390120967742121e+02 3.391364247698645893e-03 3.636262649159924948e-03
1.384640120967742121e+02 3.389031972316314950e-03 3.636040547339775171e-03
1.385890120967742121e+02 3.386700049909058523e-03 3.635804304401593634e-03
1.387140120967742121e+02 3.384368441857728369e-03 3.635553825326719429e-03
1.388390120967742121e+02 3.382037109773391396e-03 3.635289016538474031e-03
1.389640120967742121e+02 3.379706015498213506e-03 3.635009785896707764e-03
1.390890120967742121e+02 3.377375121106081061e-03 3.634716042692295954e-03
1.392140120967742121e+02 3.375044388903409697e-03 3.634407697641733534e-03
1.393390120967742121e+02 3.372713781429746271e-03 3.634084662881433871e-03
1.394640120967742121e+02 3.370383261458461885e-03 3.633746851962307324e-03
1.395890120967742121e+02 3.368052791997428429e-03 3.633394179843984183e-03
1.397140120967742121e+02 3.365722336289549404e-03 3.633026562889077066e-03
1.398390120967742121e+02 3.363391857813453380e-03 3.632643918857510548e-03
1.399640120967742121e+02 3.361061320283983186e-03 3.632246166900769246e-03
1.400890120967742121e+02 3.358730687652820845e-03 3.631833227555912591e-03
1.402140120967742121e+02 3.356399924108931666e-03 3.631405022739717537e-03
1.403390120967742121e+02 3.354068994079194808e-03 3.630961475743062824e-03
1.404640120967742121e+02 3.351737862228744164e-03 3.630502511224264605e-03
1.405890120967742121e+02 3.349406493461565531e-03 3.630028055203929089e-03
1.407140120967742121e+02 3.347074852920870879e-03 3.629538035058259109e-03
1.408390120967742121e+02 3.344742905989563694e-03 3.629032379513106189e-03
1.409640120967742121e+02 3.342410618290602396e-03 3.628511018638122358e-03
1.410890120967742121e+02 3.340077955687451375e-03 3.627973883840265781e-03
1.412140120967742121e+02 3.337744884284375886e-03 3.627420907857658097e-03
1.413390120967742121e+02 3.335411370426843210e-03 3.626852024753592692e-03
1.414640120967742121e+02 3.333077380701821458e-03 3.626267169909978740e-03
1.415890120967742121e+02 3.330742881938127814e-03 3.625666280021142603e-03
1.417140120967742121e+02 3.328407841206656656e-03 3.625049293087558109e-03
1.418390120967742121e+02 3.326072225820726497e-03 3.624416148409302305e-03
1.419640120967742121e+02 3.323736003336260399e-03 3.623766786580005176e-03
1.420890120967742121e+02 3.321399141552084777e-03 3.623101149479933739e-03
1.422140120967742121e+02 3.319061608510089859e-03 3.622419180269891448e-03
1.423390120967742121e+02 3.316723372495479927e-03 3.621720823384776307e-03
1.424640120967742121e+02 3.314384402036904716e-03 3.621006024526701381e-03
1.425890120967742121e+02 3.312044665906685361e-03 3.620274730658784926e-03
1.427140120967742121e+02 3.309704133120881190e-03 3.619526889998558004e-03
1.428390120967742121e+02 3.307362772939510028e-03 3.618762452011267151e-03
1.429640120967742121e+02 3.305020554866565114e-03 3.617981367403134106e-03
1.430890120967742121e+02 3.302677448650215460e-03 3.617183588115174559e-03
1.432140120967742121e+02 3.300333424282748170e-03 3.616369067316044152e-03
1.433390120967742121e+02 3.297988452000787454e-03 3.615537759395631278e-03
1.434640120967742121e+02 3.295642502285209621e-03 3.614689619958330255e-03
1.435890120967742121e+02 3.293295545861261910e-03 3.613824605816178329e-03
1.437140120967742121e+02 3.290947553698510015e-03 3.612942674982352192e-03
1.438390120967742121e+02 3.288598497010903135e-03 3.612043786664161007e-03
1.439640120967742121e+02 3.286248347256679435e-03 3.611127901256436235e-03
1.440890120967742121e+02 3.283897076138401171e-03 3.610194980334784434e-03
1.442140120967742121e+02 3.281544655602860149e-03 3.609244986648477496e-03
1.443390120967742121e+02 3.279191057841055607e-03 3.608277884113981690e-03
1.444640120967742121e+02 3.276836255288089698e-03 3.607293637808010964e-03
1.445890120967742121e+02 3.274480220623056902e-03 3.606292213960421086e-03
1.447140120967742121e+02 3.272122926768995452e-03 3.605273579947817185e-03
1.448390120967742121e+02 3.269764346892698251e-03 3.604237704286254902e-03
1.449640120967742121e+02 3.267404454404639579e-03 3.603184556624435073e-03
1.450890120967742121e+02 3.265043222958743073e-03 3.602114107737049327e-03
1.452140120967742121e+02 3.262680626452339663e-03 3.601026329517587922e-03
1.453390120967742121e+02 3.260316639025850546e-03 3.599921194971454196e-03
1.454640120967742121e+02 3.257951235062730815e-03 3.598798678209203048e-03
1.455890120967742121e+02 3.255584389189137250e-03 3.597658754439384769e-03
1.457140120967742121e+02 3.253216076273824243e-03 3.596501399961712399e-03
1.458390120967742121e+02 3.250846271427840651e-03 3.595326592160102020e-03
1.459640120967742121e+02 3.248474950004302982e-03 3.594134309495640618e-03
1.460890120967742121e+02 3.246102087598144725e-03 3.592924531499772957e-03
1.462140120967742121e+02 3.243727660045872194e-03 3.591697238767039592e-03
1.463390120967742121e+02 3.241351643425219742e-03 3.590452412948310582e-03
1.464640120967742121e+02 3.238974014054934233e-03 3.589190036743862642e-03
1.465890120967742121e+02 3.236594748494394259e-03 3.587910093896173967e-03
1.467140120967742121e+02 3.234213823543361649e-03 3.586612569182946308e-03
1.468390120967742121e+02 3.231831216241600260e-03 3.585297448410405905e-03
1.469640120967742121e+02 3.229446903868546815e-03 3.583964718405917901e-03
1.470890120967742121e+02 3.227060863942974363e-03 3.582614367011127243e-03
1.472140120967742121e+02 3.224673074222634498e-03 3.581246383075125175e-03
1.473390120967742121e+02 3.222283512703833647e-03 3.579860756447230188e-03
1.474640120967742121e+02 3.219892157621119955e-03 3.578457477970036545e-03
1.475890120967742121e+02 3.217498987446806673e-03 3.577036539472421180e-03
1.477140120967742121e+02 3.215103980890653829e-03 3.575597933762601332e-03
1.478390120967742121e+02 3.212707116899333071e-03 3.574141654621056010e-03
1.479640120967742121e+02 3.210308374656134500e-03 3.572667696793525947e-03
1.480890120967742121e+02 3.207907733580407650e-03 3.571176055984054756e-03
1.482140120967742121e+02 3.205505173327199801e-03 3.569666728848100348e-03
1.483390120967742121e+02 3.203100673786732095e-03 3.568139712985223932e-03
1.484640120967742121e+02 3.200694215083987968e-03 3.566595006932419144e-03
1.485890120967742121e+02 3.198285777578169318e-03 3.565032610157115468e-03
1.487140120967742121e+02 3.195875341862280169e-03 3.563452523049896303e-03
1.488390120967742121e+02 3.193462888762542504e-03 3.561854746917942575e-03
1.489640120967742121e+02 3.191048399337979933e-03 3.560239283977781593e-03
1.490890120967742121e+02 3.188631854879853469e-03 3.558606137348313461e-03
1.492140120967742121e+02 3.186213236911105556e-03 3.556955311044141064e-03
1.493390120967742121e+02 3.183792527185898627e-03 3.555286809968334540e-03
1.494640120967742121e+02 3.181369707688994942e-03 3.553600639905600805e-03
1.495890120967742121e+02 3.178944760635292119e-03 3.551896807515366340e-03
1.497140120967742121e+02 3.176517668469138779e-03 3.550175320324889042e-03
1.498390120967742121e+02 3.174088413863903908e-03 3.548436186722182719e-03
1.499640120967742121e+02 3.171656979721281227e-03 3.546679415949388278e-03
1.500890120967742121e+02 3.169223349170783958e-03 3.544905018095543398e-03
1.502140120967742121e+02 3.166787505569111216e-03 3.543113004090108539e-03
1.503390120967742121e+02 3.164349432499555161e-03 3.541303385695626030e-03
1.504640120967742121e+02 3.161909113771372605e-03 3.539476175501225265e-03
1.505890120967742121e+02 3.159466533419229891e-03 3.537631386915666889e-03
1.507140120967742121e+02 3.157021675702460870e-03 3.535769034160453784e-03
1.508390120967742121e+02 3.154574525104582479e-03 3.533889132262924698e-03
1.509640120967742121e+02 3.152125066332516282e-03 3.531991697049752937e-03
1.510890120967742121e+02 3.149673284316051574e-03 3.530076745139779353e-03
1.512140120967742121e+02 3.147219164207099018e-03 3.528144293937394808e-03
1.513390120967742121e+02 3.144762691379108209e-03 3.526194361625880572e-03
1.514640120967742121e+02 3.142159280180228682e-03 3.524226967160376620e-03
1.515890120967742121e+02 3.139044413083040552e-03 3.522242130261298790e-03
1.517140120967742121e+02 3.135929798182614595e-03 3.520239871407646656e-03
1.518390120967742121e+02 3.132815446476589372e-03 3.518220211830161339e-03
1.519640120967742121e+02 3.129701368819960607e-03 3.516183173504771730e-03
1.520890120967742121e+02 3.126587575925007887e-03 3.514128779145688983e-03
1.522140120967742121e+02 3.123474078363509474e-03 3.512057052198881788e-03
1.523390120967742121e+02 3.120360886566328571e-03 3.509968016835561186e-03
1.524640120967742121e+02 3.117248010823641877e-03 3.507861697945141924e-03
1.525890120967742121e+02 3.114135461287163061e-03 3.505738121128992250e-03
1.527140120967742121e+02 3.111023247969333522e-03 3.503597312693720964e-03
1.528390120967742121e+02 3.107911380745051466e-03 3.501439299644457104e-03
1.529640120967742121e+02 3.104799869351332776e-03 3.499264109678372047e-03
1.530890120967742121e+02 3.101688723389166725e-03 3.497071771178287929e-03
1.532140120967742121e+02 3.098577952323511211e-03 3.494862313205784714e-03
1.533390120967742121e+02 3.095467565483597198e-03 3.492635765495026318e-03
1.534640120967742121e+02 3.092357572064952705e-03 3.490392158446007764e-03
1.535890120967742121e+02 3.089247981129395002e-03 3.488131523118258998e-03
1.537140120967742121e+02 3.086138801605247881e-03 3.485853891224253379e-03
1.538390120967742121e+02 3.083030042289154875e-03 3.483559295123049050e-03
1.539640120967742121e+02 3.079921711846307815e-03 3.481247767813820584e-03
1.540890120967742121e+02 3.076813818810909991e-03 3.478919342929445713e-03
1.542140120967742121e+02 3.073706371587446844e-03 3.476574054730179660e-03
1.543390120967742121e+02 3.070599378451351665e-03 3.474211938097208907e-03
1.544640120967742121e+02 3.067492847549886832e-03 3.471833028526430040e-03
1.545890120967742121e+02 3.064386786902297769e-03 3.469437362121895099e-03
1.547140120967742121e+02 3.061281204401691217e-03 3.467024975589894434e-03
1.548390120967742121e+02 3.058176107814975387e-03 3.464595906232259374e-03
1.549640120967742121e+02 3.055071504783985793e-03 3.462150191940311511e-03
1.550890120967742121e+02 3.051967402826048607e-03 3.459687871188687081e-03
1.552140120967742121e+02 3.048863809335590914e-03 3.457208983029035586e-03
1.553390120967742121e+02 3.045760731583708331e-03 3.454713567083661594e-03
1.554640120967742121e+02 3.042658176720343822e-03 3.452201663539739441e-03
1.555890120967742121e+02 3.039556151774039632e-03 3.449673313142822759e-03
1.557140120967742121e+02 3.036454663653224452e-03 3.447128557190787691e-03
1.558390120967742121e+02 3.033353719147523567e-03 3.444567437527892330e-03
1.559640120967742121e+02 3.030253324927420586e-03 3.441989996538502659e-03
1.560890120967742121e+02 3.027153487546620572e-03 3.439396277141159794e-03
1.562140120967742121e+02 3.024054213441321453e-03 3.436786322782414346e-03
1.563390120967742121e+02 3.020955508932503860e-03 3.434160177430904941e-03
1.564640120967742121e+02 3.017857380226066435e-03 3.431517885571478375e-03
1.565890120967742121e+02 3.014759833413531865e-03 3.428859492198931599e-03
1.567140120967742121e+02 3.011662874473530500e-03 3.426185042812282793e-03
1.568390120967742121e+02 3.008566509272131255e-03 3.423494583408921016e-03
1.569640120967742121e+02 3.005470743563910634e-03 3.420788160478417574e-03
1.570890120967742121e+02 3.002375582993147083e-03 3.418065820996951491e-03
1.572140120967742121e+02 2.999281033094247303e-03 3.415327612421332516e-03
1.573390120967742121e+02 2.996187099293055097e-03 3.412573582683191969e-03
1.574640120967742121e+02 2.993093786907089892e-03 3.409803780183160143e-03
1.575890120967742121e+02 2.990001101147327003e-03 3.407018253785161661e-03
1.577140120967742121e+02 2.986909047118433119e-03 3.404217052810589415e-03
1.578390120967742121e+02 2.983817629819787622e-03 3.401400227032673647e-03
1.579640120967742121e+02 2.980726854146632712e-03 3.398567826670677132e-03
1.580890120967742121e+02 2.977636724891085176e-03 3.395719902384324550e-03
1.582140120967742121e+02 2.974547246742295994e-03 3.392856505268075726e-03
1.583390120967742121e+02 2.971458424288131710e-03 3.389977686845582327e-03
1.584640120967742121e+02 2.968370262016138943e-03 3.387083499063975409e-03
1.585890120967742121e+02 2.965282764313355301e-03 3.384173994288496891e-03
1.587140120967742121e+02 2.962195935468645621e-03 3.381249225296630977e-03
1.588390120967742121e+02 2.959109779672839443e-03 3.378309245272997571e-03
1.589640120967742121e+02 2.956024301019985218e-03 3.375354107803498881e-03
1.590890120967742121e+02 2.952939503507511637e-03 3.372383866869994255e-03
1.592140120967742121e+02 2.949855391038227765e-03 3.369398576844972407e-03
1.593390120967742121e+02 2.946771967420817439e-03 3.366398292485946100e-03
1.594640120967742121e+02 2.943689236370176671e-03 3.363383068930085769e-03
1.595890120967742121e+02 2.940607201509186537e-03 3.360352961689046149e-03
1.597140120967742121e+02 2.937525866369527193e-03 3.357308026643428603e-03
1.598390120967742121e+02 2.934445234391867396e-03 3.354248320037513196e-03
1.599640120967742121e+02 2.931365308927558460e-03 3.351173898474086622e-03
1.600890120967742121e+02 2.928286093239577514e-03 3.348084818908985197e-03
1.602140120967742121e+02 2.925207590502659338e-03 3.344981138646158265e-03
1.603390120967742121e+02 2.922129803804902285e-03 3.341862915332101478e-03
1.604640120967742121e+02 2.919052736148772687e-03 3.338730206950982649e-03
1.605890120967742121e+02 2.915976390451820860e-03 3.335583071819387714e-03
1.607140120967742121e+02 2.912900769547011135e-03 3.332421568581120895e-03
1.608390120967742121e+02 2.909825876184883760e-03 3.329245756202190917e-03
1.609640120967742121e+02 2.906751713033658546e-03 3.326055693965829750e-03
1.610890120967742121e+02 2.903678282680029806e-03 3.322851441467245936e-03
1.612140120967742121e+02 2.900605587630600973e-03 3.319633058608718792e-03
1.613390120967742121e+02 2.897533630312574150e-03 3.316400605594677434e-03
1.614640120967742121e+02 2.894462413074650430e-03 3.313154142926622806e-03
1.615890120967742121e+02 2.891391938187946268e-03 3.309893731398238798e-03
1.617140120967742121e+02 2.888322207847259827e-03 3.306619432090525477e-03
1.618390120967742121e+02 2.885253224171201517e-03 3.303331306366865967e-03
1.619640120967742121e+02 2.882184989203983357e-03 3.300029415868185705e-03
1.620890120967742121e+02 2.879117504915728199e-03 3.296713822508163735e-03
1.622140120967742121e+02 2.876050773203909540e-03 3.293384588468375920e-03
1.623390120967742121e+02 2.872984795893540610e-03 3.290041776193602940e-03
1.624640120967742121e+02 2.869919574738771621e-03 3.286685448387003002e-03
1.625890120967742121e+02 2.866855111423809166e-03 3.283315668005454529e-03
1.627140120967742121e+02 2.863791407562942242e-03 3.279932498254889764e-03
1.628390120967742121e+02 2.860728464702642568e-03 3.276536002585545525e-03
1.629640120967742121e+02 2.857666284321694252e-03 3.273126244687373128e-03
1.630890120967742121e+02 2.854604867832157868e-03 3.269703288485559332e-03
1.632140120967742121e+02 2.851544216580581721e-03 3.266267198135655234e-03
1.633390120967742121e+02 2.848484331848850568e-03 3.262818038019371734e-03
1.634640120967742121e+02 2.845425214855000062e-03 3.259355872739810780e-03
1.635890120967742121e+02 2.842366866753746717e-03 3.255880767117000623e-03
1.637140120967742121e+02 2.839309288638061732e-03 3.252392786183585464e-03
1.638390120967742121e+02 2.836252481539681437e-03 3.248891995180218026e-03
1.639640120967742121e+02 2.833196446429836739e-03 3.245378459551178079e-03
1.640890120967742121e+02 2.830141184220633099e-03 3.241852244940076830e-03
1.642140120967742121e+02 2.827086695765726205e-03 3.238313417185369192e-03
1.643390120967742121e+02 2.824032981860625548e-03 3.234762042316134505e-03
1.644640120967742121e+02 2.820980043244649457e-03 3.231198186547718041e-03
1.645890120967742121e+02 2.817927880601193980e-03 3.227621916277418051e-03
1.647140120967742121e+02 2.814876494558156157e-03 3.224033298080397451e-03
1.648390120967742121e+02 2.811825885689612364e-03 3.220432398705190026e-03
1.649640120967742121e+02 2.808776054516631034e-03 3.216819285069774312e-03
1.650890120967742121e+02 2.805727001507603985e-03 3.213194024257268449e-03
1.652140120967742121e+02 2.802678727079264704e-03 3.209556683511844040e-03
1.653390120967742121e+02 2.799631231597998499e-03 3.205907330234478679e-03
1.654640120967742121e+02 2.796584515380386767e-03 3.202246031979143030e-03
1.655890120967742121e+02 2.793538578693495825e-03 3.198572856448462717e-03
1.657140120967742121e+02 2.790493421756926485e-03 3.194887871489812594e-03
1.658390120967742121e+02 2.787449044742926381e-03 3.191191145091370248e-03
1.659640120967742121e+02 2.784405447776759895e-03 3.187482745378028993e-03
1.660890120967742121e+02 2.781362630938758167e-03 3.183762740607476091e-03
1.662140120967742121e+02 2.778320594264389789e-03 3.180031199166337332e-03
1.663390120967742121e+02 2.775279337744887900e-03 3.176288189566164183e-03
1.664640120967742121e+02 2.772238861328659657e-03 3.172533780439740995e-03
1.665890120967742121e+02 2.769199164921882974e-03 3.168768040537006669e-03
1.667140120967742121e+02 2.766160248389316206e-03 3.164991038721446000e-03
1.668390120967742121e+02 2.763122111554820737e-03 3.161202843966235548e-03
1.669640120967742121e+02 2.760084754202913986e-03 3.157403525350396898e-03
1.670890120967742121e+02 2.757048176078892576e-03 3.153593152055199703e-03
1.672140120967742121e+02 2.754012376889738295e-03 3.149771793360397771e-03
1.673390120967742121e+02 2.750977356305249130e-03 3.145939518640475992e-03
1.674640120967742121e+02 2.747943113958754412e-03 3.142096397361126246e-03
1.675890120967742121e+02 2.744909649447482575e-03 3.138242499075528155e-03
1.677140120967742121e+02 2.741876962333938527e-03 3.134377893420753434e-03
1.678390120967742121e+02 2.738845052146545063e-03 3.130502650114258285e-03
1.679640120967742121e+02 2.735813918379867080e-03 3.126616838950224426e-03
1.680890120967742121e+02 2.732783560496306833e-03 3.122720529796161205e-03
1.682140120967742121e+02 2.729753977926205853e-03 3.118813792589291301e-03
1.683390120967742121e+02 2.726725170068799910e-03 3.114896697333194905e-03
1.684640120967742121e+02 2.723697136292960175e-03 3.110969314094254399e-03
1.685890120967742121e+02 2.720669875938232750e-03 3.107031712998331065e-03
1.687140120967742121e+02 2.717643388315274956e-03 3.103083964227284358e-03
1.688390120967742121e+02 2.714617672706501512e-03 3.099126138015753998e-03
1.689640120967742121e+02 2.711592728367417243e-03 3.095158304647590772e-03
1.690890120967742121e+02 2.708568554526681691e-03 3.091180534452744877e-03
1.692140120967742121e+02 2.705545150387196791e-03 3.087192897803923541e-03
1.693390120967742121e+02 2.702522515126982473e-03 3.083195465113297215e-03
1.694640120967742121e+02 2.699500647899553529e-03 3.079188306829210107e-03
1.695890120967742121e+02 2.696479547835035039e-03 3.075171493433143544e-03
1.697140120967742121e+02 2.693459214040316765e-03 3.071145095436378803e-03
1.698390120967742121e+02 2.690439645600552817e-03 3.067109183376818225e-03
1.699640120967742121e+02 2.687420841579183338e-03 3.063063827816027516e-03
1.700890120967742121e+02 2.684402801018898142e-03 3.059009099335925023e-03
1.702140120967742121e+02 2.681385522942593847e-03 3.054945068535836177e-03
1.703390120967742121e+02 2.678369006353712584e-03 3.050871806029344536e-03
1.704640120967742121e+02 2.675353250236952793e-03 3.046789382441307190e-03
1.705890120967742121e+02 2.672338253559395065e-03 3.042697868404887519e-03
1.707140120967742121e+02 2.669324015270604054e-03 3.038597334558438764e-03
1.708390120967742121e+02 2.666310534303458109e-03 3.034487851542641296e-03
1.709640120967742121e+02 2.663297809575344063e-03 3.030369489997637722e-03
1.710890120967742121e+02 2.660285839988155501e-03 3.026242320559911249e-03
1.712140120967742121e+02 2.657274624429486684e-03 3.022106413859607706e-03
1.713390120967742121e+02 2.654264161772657699e-03 3.017961840517597357e-03
1.714640120967742121e+02 2.651254450878161219e-03 3.013808671142568802e-03
1.715890120967742121e+02 2.648245490593830343e-03 3.009646976328370950e-03
1.717140120967742121e+02 2.645237279755275738e-03 3.005476826651089575e-03
1.718390120967742121e+02 2.642229817187213576e-03 3.001298292666334643e-03
1.719640120967742121e+02 2.639223101703567879e-03 2.997111444906523300e-03
1.720890120967742121e+02 2.636217132108190000e-03 2.992916353878114725e-03
1.722140120967742121e+02 2.633211907195759805e-03 2.988713090058972045e-03
1.723390120967742121e+02 2.630207425752124385e-03 2.984501723895677423e-03
1.724640120967742121e+02 2.627203686554901736e-03 2.980282325800841063e-03
1.725890120967742121e+02 2.624200688374260081e-03 2.976054966150562444e-03
1.727140120967742121e+02 2.621198429973469086e-03 2.971819715281777494e-03
1.728390120967742121e+02 2.618196910109760710e-03 2.967576643489723727e-03
1.729640120967742121e+02 2.615196127534165273e-03 2.963325821025318638e-03
1.730890120967742121e+02 2.612196080992919625e-03 2.959067318092793546e-03
1.732140120967742121e+02 2.609196769227896048e-03 2.954801204846944050e-03
1.733390120967742121e+02 2.606198190976729764e-03 2.950527551390926071e-03
1.734640120967742121e+02 2.603200344973851960e-03 2.946246427773586973e-03
1.735890120967742121e+02 2.600203229951010206e-03 2.941957903987115451e-03
1.737140120967742121e+02 2.597206844637564658e-03 2.937662049964661921e-03
1.738390120967742121e+02 2.594211187761429581e-03 2.933358935577928556e-03
1.739640120967742121e+02 2.591216258049498355e-03 2.929048630634715957e-03
1.740890120967742121e+02 2.588222054227766206e-03 2.924731204876761682e-03
1.742140120967742121e+02 2.585228575022760489e-03 2.920406727977253522e-03
1.743390120967742121e+02 2.582235819161229299e-03 2.916075269538621201e-03
1.744640120967742121e+02 2.579243785371303742e-03 2.911736899090233959e-03
1.745890120967742121e+02 2.576252472382548238e-03 2.907391686086161463e-03
1.747140120967742121e+02 2.573261878926820078e-03 2.903039699902959427e-03
1.748390120967742121e+02 2.570272003738801984e-03 2.898681009837385854e-03
1.749640120967742121e+02 2.567282845556214180e-03 2.894315685104306354e-03
1.750890120967742121e+02 2.564294403120668739e-03 2.889943794834518367e-03
1.752140120967742121e+02 2.561306675178039519e-03 2.885565408072534189e-03
1.753390120967742121e+02 2.558319660478796959e-03 2.881180593774516213e-03
1.754640120967742121e+02 2.555333357778860268e-03 2.876789420806241237e-03
1.755890120967742121e+02 2.552347765839881044e-03 2.872391957940887385e-03
1.757140120967742121e+02 2.549362883429862579e-03 2.867988273857044381e-03
1.758390120967742121e+02 2.546378709323293427e-03 2.863578437136732931e-03
1.759640120967742121e+02 2.543395242302120152e-03 2.859162516263319583e-03
1.760890120967742121e+02 2.540412481155905188e-03 2.854740579619526562e-03
1.762140120967742121e+02 2.537430424682301719e-03 2.850312695485513175e-03
1.763390120967742121e+02 2.534449071687752773e-03 2.845878932036865691e-03
1.764640120967742121e+02 2.531468420987746659e-03 2.841439357342727314e-03
1.765890120967742121e+02 2.528488471407205548e-03 2.836994039363821465e-03
1.767140120967742121e+02 2.525509221781165482e-03 2.832543045950645499e-03
1.768390120967742121e+02 2.522530670955280743e-03 2.828086444841521746e-03
1.769640120967742121e+02 2.519552817785702861e-03 2.823624303660818985e-03
1.770890120967742121e+02 2.516575661140147031e-03 2.819156689917064196e-03
1.772140120967742121e+02 2.513599199898145821e-03 2.814683671001238629e-03
1.773390120967742121e+02 2.510623432951401314e-03 2.810205314184814531e-03
1.774640120967742121e+02 2.507648359204019302e-03 2.805721686618205604e-03
1.775890120967742121e+02 2.504673977573279500e-03 2.801232855328869217e-03
1.777140120967742121e+02 2.501700286990017619e-03 2.796738887219577321e-03
1.778390120967742121e+02 2.498727286398611490e-03 2.792239849066853030e-03
1.779640120967742121e+02 2.495754974757853194e-03 2.787735807519128341e-03
1.780890120967742121e+02 2.492783351041331572e-03 2.783226829095132582e-03
1.782140120967742121e+02 2.489812414237330736e-03 2.778712980182291691e-03
1.783390120967742121e+02 2.486842163349798924e-03 2.774194327035035563e-03
1.784640120967742121e+02 2.483872597398477725e-03 2.769670935773206437e-03
1.785890120967742121e+02 2.480903715419117625e-03 2.765142872380501118e-03
1.787140120967742121e+02 2.477935516464134166e-03 2.760610202702835133e-03
1.788390120967742121e+02 2.474967999602880730e-03 2.756072992446903340e-03
1.789640120967742121e+02 2.472001163922045355e-03 2.751531307178489878e-03
1.790890120967742121e+02 2.469035008525747883e-03 2.746985212321084290e-03
1.792140120967742121e+02 2.466069532536268108e-03 2.742434773154368843e-03
1.793390120967742121e+02 2.463104735094370605e-03 2.737880054812661616e-03
1.794640120967742121e+02 2.460140615359067938e-03 2.733321122283525681e-03
1.795890120967742121e+02 2.457177172508795936e-03 2.728758040406360948e-03
1.797140120967742121e+02 2.454214405741290961e-03 2.724190873870892780e-03
1.798390120967742121e+02 2.451252314273808051e-03 2.719619687215800701e-03
1.799640120967742121e+02 2.448290897343701183e-03 2.715044544827396097e-03
1.800890120967742121e+02 2.445330154208812719e-03 2.710465510938171556e-03
1.802140120967742121e+02 2.442370084147463434e-03 2.705882649625499826e-03
1.803390120967742121e+02 2.439410686458878819e-03 2.701296024810262084e-03
1.804640120967742121e+02 2.436451960463761543e-03 2.696705700255597627e-03
1.805890120967742121e+02 2.433493905504352604e-03 2.692111739565529547e-03
1.807140120967742121e+02 2.430536520944554055e-03 2.687514206183758657e-03
1.808390120967742121e+02 2.427579806170650223e-03 2.682913163392330793e-03
1.809640120967742121e+02 2.424623760591429998e-03 2.678308674310491029e-03
1.810890120967742121e+02 2.421668383638125692e-03 2.673700801893325821e-03
1.812140120967742121e+02 2.418713674765142919e-03 2.669089608930651485e-03
1.813390120967742121e+02 2.415759633450322973e-03 2.664475158045828077e-03
1.814640120967742121e+02 2.412806259194838748e-03 2.659857511694475266e-03
1.815890120967742121e+02 2.409853551523765455e-03 2.655236732163449714e-03
1.817140120967742121e+02 2.406901509986386373e-03 2.650612881569619061e-03
1.818390120967742121e+02 2.403950134156195885e-03 2.645986021858704428e-03
1.819640120967742121e+02 2.400999423631301928e-03 2.641356214804314612e-03
1.820890120967742121e+02 2.398049378034635901e-03 2.636723522006675403e-03
1.822140120967742121e+02 2.395099997014405423e-03 2.632088004891683288e-03
1.823390120967742121e+02 2.392151280243746524e-03 2.627449724709769643e-03
1.824640120967742121e+02 2.389073805898132754e-03 2.622808742534904567e-03
1.825890120967742121e+02 2.385760813079706652e-03 2.618165119263523959e-03
1.827140120967742121e+02 2.382450372975412206e-03 2.613518915613562837e-03
1.828390120967742121e+02 2.379142488303778811e-03 2.608870192123412778e-03
1.829640120967742121e+02 2.375837161715551541e-03 2.604219009150993396e-03
1.830890120967742121e+02 2.372534395794727649e-03 2.599565426872713688e-03
1.832140120967742121e+02 2.369234193059037083e-03 2.594909505282569535e-03
1.833390120967742121e+02 2.365936555960788598e-03 2.590251304191265504e-03
1.834640120967742121e+02 2.362641486887698521e-03 2.585590883225104622e-03
1.835890120967742121e+02 2.359348988163607625e-03 2.580928301825349998e-03
1.837140120967742121e+02 2.356059062048982897e-03 2.576263619247107662e-03
1.838390120967742121e+02 2.352771710742108859e-03 2.571596894558573695e-03
1.839640120967742121e+02 2.349486936379397220e-03 2.566928186640106586e-03
1.840890120967742121e+02 2.346204741036372627e-03 2.562257554183447038e-03
1.842140120967742121e+02 2.342925126728302374e-03 2.557585055690877497e-03
1.843390120967742121e+02 2.339648095410900262e-03 2.552910749474340477e-03
1.844640120967742121e+02 2.336373648981050852e-03 2.548234693654697833e-03
1.845890120967742121e+02 2.333101789277685495e-03 2.543556946160957944e-03
1.847140120967742121e+02 2.329832518082190426e-03 2.538877564729421360e-03
1.848390120967742121e+02 2.326565837119317064e-03 2.534196606903009897e-03
1.849640120967742121e+02 2.323301748057790897e-03 2.529514130030514202e-03
1.850890120967742121e+02 2.320040252511124633e-03 2.524830191265810958e-03
1.852140120967742121e+02 2.316781352038219284e-03 2.520144847567151215e-03
1.853390120967742121e+02 2.313525048144084943e-03 2.515458155696516807e-03
1.854640120967742121e+02 2.310271342280475256e-03 2.510770172218883527e-03
1.855890120967742121e+02 2.307020235846634661e-03 2.506080953501577981e-03
1.857140120967742121e+02 2.303771730189967115e-03 2.501390555713578490e-03
1.858390120967742121e+02 2.300525826606624174e-03 2.496699034824899702e-03
1.859640120967742121e+02 2.297282526342219258e-03 2.492006446605923419e-03
1.860890120967742121e+02 2.294041830592622160e-03 2.487312846626821370e-03
1.862140120967742121e+02 2.290803740504458209e-03 2.482618290256908156e-03
1.863390120967742121e+02 2.287568257175799560e-03 2.477922832664117801e-03
1.864640120967742121e+02 2.284335381656768006e-03 2.473226528814294247e-03
1.865890120967742121e+02 2.281105114950365484e-03 2.468529433470734689e-03
1.867140120967742121e+02 2.277877458012869151e-03 2.463831601193610180e-03
1.868390120967742121e+02 2.274652411754744287e-03 2.459133086339341124e-03
1.869640120967742121e+02 2.271429977041096188e-03 2.454433943060229523e-03
1.870890120967742121e+02 2.268210154692202295e-03 2.449734225303785897e-03
1.872140120967742121e+02 2.264992945484424220e-03 2.445033986812275659e-03
1.873390120967742121e+02 2.261778350150676128e-03 2.440333281122250304e-03
1.874640120967742121e+02 2.258566369380932571e-03 2.435632161564053877e-03
1.875890120967742121e+02 2.255357003823176519e-03 2.430930681261319476e-03
1.877140120967742121e+02 2.252150254083573697e-03 2.426228893130590210e-03
1.878390120967742121e+02 2.248946120727440563e-03 2.421526849880776665e-03
1.879640120967742121e+02 2.245744604279626810e-03 2.416824604012809529e-03
1.880890120967742121e+02 2.242545705225316814e-03 2.412122207819148226e-03
1.882140120967742121e+02 2.239349424010272926e-03 2.407419713383402316e-03
1.883390120967742121e+02 2.236155761041904496e-03 2.402717172580007537e-03
1.884640120967742121e+02 2.232964716689495553e-03 2.398014637073676326e-03
1.885890120967742121e+02 2.229776291284939465e-03 2.393312158319160603e-03
1.887140120967742121e+02 2.226590485123097589e-03 2.388609787560842367e-03
1.888390120967742121e+02 2.223407298462807147e-03 2.383907575832380690e-03
1.889640120967742121e+02 2.220226731526921127e-03 2.379205573956329634e-03
1.890890120967742121e+02 2.217048784503504368e-03 2.374503832543941803e-03
1.892140120967742121e+02 2.213873457545690454e-03 2.369802401994686950e-03
1.893390120967742121e+02 2.210700750772715169e-03 2.365101332496023431e-03
1.894640120967742121e+02 2.207530664270266913e-03 2.360400674023111108e-03
1.895890120967742121e+02 2.204363198091296820e-03 2.355700476338499962e-03
1.897140120967742121e+02 2.201198352256151028e-03 2.351241686899736318e-03
1.898390120967742121e+02 2.198036126753389469e-03 2.346883551933557580e-03
1.899640120967742121e+02 2.194876521540416441e-03 2.342525724420440984e-03
1.900890120967742121e+02 2.191719536543625460e-03 2.338168244881411433e-03
1.902140120967742121e+02 2.188565171659391951e-03 2.333811153678723264e-03
1.903390120967742121e+02 2.185413426754124425e-03 2.329454491015555805e-03
1.904640120967742121e+02 2.182264301665294906e-03 2.325098296935882835e-03
1.905890120967742121e+02 2.179117796201392523e-03 2.320742611324137783e-03
1.907140120967742121e+02 2.175973910143049785e-03 2.316387473905073217e-03
1.908390120967742121e+02 2.172832643243008312e-03 2.312032924243480250e-03
1.909640120967742121e+02 2.169693995226835287e-03 2.307679001744036753e-03
1.910890120967742121e+02 2.166557965793652896e-03 2.303325745651076638e-03
1.912140120967742121e+02 2.163424554616117518e-03 2.298973195048373448e-03
1.913390120967742121e+02 2.160293761341490915e-03 2.294621388859021966e-03
1.914640120967742121e+02 2.157165585591601202e-03 2.290270365845178870e-03
1.915890120967742121e+02 2.154040026963827733e-03 2.285920164607968628e-03
1.917140120967742121e+02 2.150917085031056001e-03 2.281570823587252342e-03
1.918390120967742121e+02 2.147796759342652986e-03 2.277222381061519765e-03
1.919640120967742121e+02 2.144679049424612002e-03 2.272874875147708890e-03
1.920890120967742121e+02 2.141563954779904851e-03 2.268528343801061962e-03
1.922140120967742121e+02 2.138451474889612423e-03 2.264182824815030946e-03
1.923390120967742121e+02 2.135341609212496657e-03 2.259838355821080624e-03
1.924640120967742121e+02 2.132234357186198800e-03 2.255494974288629190e-03
1.925890120967742121e+02 2.129129718227108434e-03 2.251152717524876074e-03
1.927140120967742121e+02 2.126027691731371353e-03 2.246811622674744265e-03
1.928390120967742121e+02 2.122928277074723463e-03 2.242471726720748904e-03
1.929640120967742121e+02 2.119831473613612276e-03 2.238133066482885826e-03
1.930890120967742121e+02 2.116737280684997426e-03 2.233795678618588632e-03
1.932140120967742121e+02 2.113645697607054955e-03 2.229459599622586000e-03
1.933390120967742121e+02 2.110556723679866443e-03 2.225124865826880877e-03
1.934640120967742121e+02 2.107470358185259407e-03 2.220791513400636845e-03
1.935890120967742121e+02 2.104386600387823415e-03 2.216459578350134761e-03
1.937140120967742121e+02 2.101305449534850243e-03 2.212129096518723748e-03
1.938390120967742121e+02 2.098226904857166102e-03 2.207800103586727517e-03
1.939640120967742121e+02 2.095150965569096083e-03 2.203472635071468226e-03
1.940890120967742121e+02 2.092077630869316768e-03 2.199146726327116854e-03
1.942140120967742121e+02 2.089006899940900469e-03 2.194822412544799456e-03
1.943390120967742121e+02 2.085938771951787070e-03 2.190499728752441470e-03
1.944640120967742121e+02 2.082873246055519552e-03 2.186178709814832772e-03
1.945890120967742121e+02 2.079810321391076158e-03 2.181859390433575196e-03
1.947140120967742121e+02 2.076749997083788928e-03 2.177541805147050012e-03
1.948390120967742121e+02 2.073692272245145074e-03 2.173225988330473434e-03
1.949640120967742121e+02 2.070637145973864245e-03 2.168911974195829838e-03
1.950890120967742121e+02 2.067584617355567624e-03 2.164599796791939843e-03
1.952140120967742121e+02 2.064534685463884685e-03 2.160289490004423021e-03
1.953390120967742121e+02 2.061487349360021249e-03 2.155981087555747765e-03
1.954640120967742121e+02 2.058442608093727453e-03 2.151674623005246905e-03
1.955890120967742121e+02 2.055400460703505489e-03 2.147370129749125080e-03
1.957140120967742121e+02 2.052360906216721056e-03 2.143067641020531162e-03
1.958390120967742121e+02 2.049323943650385293e-03 2.138767189889562593e-03
1.959640120967742121e+02 2.046289572011076707e-03 2.134468809263337808e-03
1.960890120967742121e+02 2.043257790295680172e-03 2.130172531886023127e-03
1.962140120967742121e+02 2.040228597491268100e-03 2.125878390338889565e-03
1.963390120967742121e+02 2.037201992575964765e-03 2.121586417040413879e-03
1.964640120967742121e+02 2.034177974518846556e-03 2.117296644246275100e-03
1.965890120967742121e+02 2.031156542280409486e-03 2.113009104049498946e-03
1.967140120967742121e+02 2.028137694813188924e-03 2.108723828380458694e-03
1.968390120967742121e+02 2.025121431061505453e-03 2.104440849007029133e-03
1.969640120967742121e+02 2.022107749962373871e-03 2.100160197534613020e-03
1.970890120967742121e+02 2.019096650445329280e-03 2.095881905406264244e-03
1.972140120967742121e+02 2.016088131433151770e-03 2.091606003902776300e-03
1.973390120967742121e+02 2.013082191841789222e-03 2.087332524142799378e-03
1.974640120967742121e+02 2.010078830581168291e-03 2.083061497082874629e-03
1.975890120967742121e+02 2.007078046554862209e-03 2.078792953517642327e-03
1.977140120967742121e+02 2.004079838660820668e-03 2.074526924079891747e-03
1.978390120967742121e+02 2.001084205791750590e-03 2.070315275684564242e-03
1.979640120967742121e+02 1.998091146834968246e-03 2.067214711374560331e-03
1.980890120967742121e+02 1.995100660673145183e-03 2.064114702143177073e-03
1.982140120967742121e+02 1.992112746184249248e-03 2.061015261823985045e-03
1.983390120967742121e+02 1.989127402242120077e-03 2.057916404224589910e-03
1.984640120967742121e+02 1.986144627716476905e-03 2.054818143126461993e-03
1.985890120967742121e+02 1.983164421473332731e-03 2.051720492284689074e-03
1.987140120967742121e+02 1.980186782375359476e-03 2.048623465427765189e-03
1.988390120967742121e+02 1.977211709281894922e-03 2.045527076257361212e-03
1.989640120967742121e+02 1.974239201049591500e-03 2.042431338448143143e-03
1.990890120967742121e+02 1.971269256532195546e-03 2.039336265647538355e-03
1.992140120967742121e+02 1.968301874581284121e-03 2.036241871475545206e-03
1.993390120967742121e+02 1.965337054046143155e-03 2.033148169524487577e-03
1.994640120967742121e+02 1.962374793774341632e-03 2.030055173358870022e-03
1.995890120967742121e+02 1.959415092611664806e-03 2.026962896515127534e-03
1.997140120967742121e+02 1.956457949402610336e-03 2.023871352501459015e-03
1.998390120967742121e+02 1.953503362990581266e-03 2.020780554797589612e-03
1.999640120967742121e+02 1.950551332217957592e-03 2.017690516854616332e-03
2.000890120967742121e+02 1.947601855926621222e-03 2.014601252094792069e-03
2.002140120967742121e+02 1.944654932957910233e-03 2.011512773911347789e-03
2.003390120967742121e+02 1.941710562152985107e-03 2.008425095668272230e-03
2.004640120967742121e+02 1.938768742353114312e-03 2.005338230700164873e-03
2.005890120967742121e+02 1.935829472399832815e-03 2.002252192312025617e-03
2.007140120967742121e+02 1.932892751135102541e-03 1.999166993779083901e-03
2.008390120967742121e+02 1.929958577401571064e-03 1.996082648346591843e-03
2.009640120967742121e+02 1.927026950042935033e-03 1.992999169229675051e-03
2.010890120967742121e+02 1.924097867903868612e-03 1.989916569613144406e-03
2.012140120967742121e+02 1.921171329830549755e-03 1.986834862651322593e-03
2.013390120967742121e+02 1.918247334670582574e-03 1.983754061467842000e-03
2.014640120967742121e+02 1.915325881273467236e-03 1.980674179155525027e-03
2.015890120967742121e+02 1.912406968490486768e-03 1.977595228776171145e-03
2.017140120967742121e+02 1.908933192411998905e-03 1.974517223360418555e-03
2.018390120967742121e+02 1.904484785248649866e-03 1.971440175907537753e-03
2.019640120967742121e+02 1.900040704050074726e-03 1.968364099385314005e-03
2.020890120967742121e+02 1.895600977373674938e-03 1.965289006729859563e-03
2.022140120967742121e+02 1.891165633577190485e-03 1.962214910845459272e-03
2.023390120967742121e+02 1.886734700819096486e-03 1.959141824604413145e-03
2.024640120967742121e+02 1.882308207059056604e-03 1.956069760846862460e-03
2.025890120967742121e+02 1.877886180058317483e-03 1.952998732380665289e-03
2.027140120967742121e+02 1.873468647380180374e-03 1.949928751981226498e-03
2.028390120967742121e+02 1.869055636390443273e-03 1.946859832391349427e-03
2.029640120967742121e+02 1.864647174257788413e-03 1.943791986321069141e-03
2.030890120967742121e+02 1.860243287954274063e-03 1.940725226447543575e-03
2.032140120967742121e+02 1.855844004255769938e-03 1.937659565414878108e-03
2.033390120967742121e+02 1.851449349742410400e-03 1.934595015833992428e-03
2.034640120967742121e+02 1.847059350799023364e-03 1.931531590282463103e-03
2.035890120967742121e+02 1.842674033615651586e-03 1.928469301304411255e-03
2.037140120967742121e+02 1.838293424187943193e-03 1.925408161410343622e-03
2.038390120967742121e+02 1.833917548317643906e-03 1.922348183077027218e-03
2.039640120967742121e+02 1.829546431613078214e-03 1.919289378747333213e-03
2.040890120967742121e+02 1.825180099489604304e-03 1.916231760830132197e-03
2.042140120967742121e+02 1.820818577170095010e-03 1.913175341700153230e-03
2.043390120967742121e+02 1.816461889685409446e-03 1.910120133697846808e-03
2.044640120967742121e+02 1.812110061874864413e-03 1.907066149129252796e-03
2.045890120967742121e+02 1.807763118386749831e-03 1.904013400265889850e-03
2.047140120967742121e+02 1.803421083678759598e-03 1.900961899344630508e-03
2.048390120967742121e+02 1.799083982018530228e-03 1.897911658567565454e-03
2.049640120967742121e+02 1.794751837484129166e-03 1.894862690101885121e-03
2.050890120967742121e+02 1.790424673964502141e-03 1.891815006079767365e-03
2.052140120967742121e+02 1.786102515160015690e-03 1.888768618598265147e-03
2.053390120967742121e+02 1.781785384582947225e-03 1.885723539719171222e-03
2.054640120967742121e+02 1.777473305557952105e-03 1.882679781468915570e-03
2.055890120967742121e+02 1.773166301222641947e-03 1.879637355838453729e-03
2.057140120967742121e+02 1.768864394528015926e-03 1.876596274783156638e-03
2.058390120967742121e+02 1.764567608239002005e-03 1.873556550222700264e-03
2.059640120967742121e+02 1.760275964934973018e-03 1.870518194040944604e-03
2.060890120967742121e+02 1.755989487010259061e-03 1.867481218085844568e-03
2.062140120967742121e+02 1.751708196674648397e-03 1.864445634169348059e-03
2.063390120967742121e+02 1.747432115953938877e-03 1.861411454067280402e-03
2.064640120967742121e+02 1.743161266690419764e-03 1.858378689519234184e-03
2.065890120967742121e+02 1.738895670543427925e-03 1.855347352228496182e-03
2.067140120967742121e+02 1.734635348989845699e-03 1.852317453861936124e-03
2.068390120967742121e+02 1.730380323324646249e-03 1.849289006049901953e-03
2.069640120967742121e+02 1.726130614661445638e-03 1.846262020386144585e-03
2.070890120967742121e+02 1.721886243932972725e-03 1.843236508427690407e-03
2.072140120967742121e+02 1.717647231891660919e-03 1.840212481694791834e-03
2.073390120967742121e+02 1.713413599110159922e-03 1.837189951670804584e-03
2.074640120967742121e+02 1.709185365981882388e-03 1.834168929802121534e-03
2.075890120967742121e+02 1.704962552721516530e-03 1.831149427498052597e-03
2.077140120967742121e+02 1.700745179365626553e-03 1.828131456130779181e-03
2.078390120967742121e+02 1.696533265773139242e-03 1.825115027035243385e-03
2.079640120967742121e+02 1.692326831625905366e-03 1.822100151509081648e-03
2.080890120967742121e+02 1.688125896429261072e-03 1.819086840812511336e-03
2.082140120967742121e+02 1.683930479512566521e-03 1.816075106168297572e-03
2.083390120967742121e+02 1.679740600029763168e-03 1.813064958761633535e-03
2.084640120967742121e+02 1.675556276959916076e-03 1.810056409740100998e-03
2.085890120967742121e+02 1.671377529107771417e-03 1.807049470213540438e-03
2.087140120967742121e+02 1.667204375104323942e-03 1.804044151254042367e-03
2.088390120967742121e+02 1.663036833407345637e-03 1.801040463895826112e-03
2.089640120967742121e+02 1.658874922301974662e-03 1.798038419135199271e-03
2.090890120967742121e+02 1.654718659901280656e-03 1.795038027930449288e-03
2.092140120967742121e+02 1.650568064146776042e-03 1.792039301201821342e-03
2.093390120967742121e+02 1.646423152809039885e-03 1.789042249831420111e-03
2.094640120967742121e+02 1.642283943488244370e-03 1.786046884663160771e-03
2.095890120967742121e+02 1.638150453614720548e-03 1.783053216502676619e-03
2.097140120967742121e+02 1.634022700449565052e-03 1.780061256117301729e-03
2.098390120967742121e+02 1.629900701085160728e-03 1.777071014235965998e-03
2.099640120967742121e+02 1.625784472445769048e-03 1.774082501549171945e-03
2.100890120967742121e+02 1.621674031288094110e-03 1.771095728708888678e-03
2.102140120967742121e+02 1.617569394201863551e-03 1.768110706328544302e-03
2.103390120967742121e+02 1.613470577610397541e-03 1.765127444982943520e-03
2.104640120967742121e+02 1.609377597771181889e-03 1.762145955208222967e-03
2.105890120967742121e+02 1.605290470776442021e-03 1.759166247501770756e-03
2.107140120967742121e+02 1.601209212553725628e-03 1.756188332322211956e-03
2.108390120967742121e+02 1.597133838866464286e-03 1.753212220089344405e-03
2.109640120967742121e+02 1.593064365314570199e-03 1.750237921184078210e-03
2.110890120967742121e+02 1.589000807335026223e-03 1.747265445948388909e-03
2.112140120967742121e+02 1.584943180202431218e-03 1.744294804685285602e-03
2.113390120967742121e+02 1.580891499029595275e-03 1.741326007658754128e-03
2.114640120967742121e+02 1.576845778768138848e-03 1.738359065093714358e-03
2.115890120967742121e+02 1.572806034209064561e-03 1.735393987175969663e-03
2.117140120967742121e+02 1.568772279983316658e-03 1.732430784052177647e-03
2.118390120967742121e+02 1.564744530562428484e-03 1.729469465829804606e-03
2.119640120967742121e+02 1.560722800259041823e-03 1.726510042577082162e-03
2.120890120967742121e+02 1.556707103227518820e-03 1.723552524322975602e-03
2.122140120967742121e+02 1.552697453464540458e-03 1.720596921057127287e-03
2.123390120967742121e+02 1.548693864809670782e-03 1.717643242729855564e-03
2.124640120967742121e+02 1.544696350945985947e-03 1.714691499252085378e-03
2.125890120967742121e+02 1.540704925400597459e-03 1.711741700495348056e-03
2.127140120967742121e+02 1.536719601545305080e-03 1.708793856291703894e-03
2.128390120967742121e+02 1.532740392597152805e-03 1.705847976433757986e-03
2.129640120967742121e+02 1.528767311619023440e-03 1.702904070674601464e-03
2.130890120967742121e+02 1.524800371520231663e-03 1.699962148727801516e-03
2.132140120967742121e+02 1.520839585057141364e-03 1.697022220267338510e-03
2.133390120967742121e+02 1.516884964833701242e-03 1.694084294927630926e-03
2.134640120967742121e+02 1.512936523302088826e-03 1.691148382303464884e-03
2.135890120967742121e+02 1.508994272763281626e-03 1.688214491950005853e-03
2.137140120967742121e+02 1.505058225367637836e-03 1.685282633382729047e-03
2.138390120967742121e+02 1.501128393115531675e-03 1.682352816077455635e-03
2.139640120967742121e+02 1.497204787857903075e-03 1.679425049470279234e-03
2.140890120967742121e+02 1.493287421296872865e-03 1.676499342957589326e-03
2.142140120967742121e+02 1.489376304986327147e-03 1.673575705896006207e-03
2.143390120967742121e+02 1.485471450332527272e-03 1.670654147602412430e-03
2.144640120967742121e+02 1.481572868594688373e-03 1.667734677353899459e-03
2.145890120967742121e+02 1.477680570885593452e-03 1.664817304387776128e-03
2.147140120967742121e+02 1.473794568172166058e-03 1.661902037901526576e-03
2.148390120967742121e+02 1.469914871276083081e-03 1.658988887052827372e-03
2.149640120967742121e+02 1.466041490874354794e-03 1.656077860959516293e-03
2.150890120967742121e+02 1.462174437499935481e-03 1.653168968699595797e-03
2.152140120967742121e+02 1.458313721542324514e-03 1.650262219311190949e-03
2.153390120967742121e+02 1.454459353248140335e-03 1.647357621792583686e-03
2.154640120967742121e+02 1.450611342721719581e-03 1.644455185102172701e-03
2.155890120967742121e+02 1.446769699925734218e-03 1.641554918158487754e-03
2.157140120967742121e+02 1.442934434681771147e-03 1.638656829840151943e-03
2.158390120967742121e+02 1.439105556670919848e-03 1.635760928985915746e-03
2.159640120967742121e+02 1.435283075434399484e-03 1.632867224394624712e-03
2.160890120967742121e+02 1.431467000374123544e-03 1.629975724825238111e-03
2.162140120967742121e+02 1.427657340753298552e-03 1.627086438996791420e-03
2.163390120967742121e+02 1.423854105697038366e-03 1.624199375588437303e-03
2.164640120967742121e+02 1.420057304192940328e-03 1.621314543239418295e-03
2.165890120967742121e+02 1.416266945091710847e-03 1.618431950549080022e-03
2.167140120967742121e+02 1.412483037107707933e-03 1.615551606076864920e-03
2.168390120967742121e+02 1.408705588819587386e-03 1.612673518342308543e-03
2.169640120967742121e+02 1.404934608670872428e-03 1.609797695825065803e-03
2.170890120967742121e+02 1.401170104970546554e-03 1.606924146964897960e-03
2.172140120967742121e+02 1.397412085893660894e-03 1.604052880161683679e-03
2.173390120967742121e+02 1.393660559481918818e-03 1.601183903775410576e-03
2.174640120967742121e+02 1.389915533644282657e-03 1.598317226126210345e-03
2.175890120967742121e+02 1.386177016157539871e-03 1.595452855494348130e-03
2.177140120967742121e+02 1.382445014666914759e-03 1.592590800120234238e-03
2.178390120967742121e+02 1.378719536686670837e-03 1.589731068204430211e-03
2.179640120967742121e+02 1.375000589600690239e-03 1.586873667907667037e-03
2.180890120967742121e+02 1.371288180663050079e-03 1.584018607350861198e-03
2.182140120967742121e+02 1.367582316998656707e-03 1.581165894615112937e-03
2.183390120967742121e+02 1.363883005603781957e-03 1.578315537741725770e-03
2.184640120967742121e+02 1.360190253346715838e-03 1.575467544732222754e-03
2.185890120967742121e+02 1.356504066968290635e-03 1.572621923548367297e-03
2.187140120967742121e+02 1.352824453082524924e-03 1.569919966144087608e-03
2.188390120967742121e+02 1.349151418177194301e-03 1.567271389566921979e-03
2.189640120967742121e+02 1.345484968614403185e-03 1.564624526518262285e-03
2.190890120967742121e+02 1.341825110631187203e-03 1.561979382748327622e-03
2.192140120967742121e+02 1.338171850340119260e-03 1.559335964004851006e-03
2.193390120967742121e+02 1.334525193729867469e-03 1.556694276033118631e-03
2.194640120967742121e+02 1.330885146665785387e-03 1.554054324575808530e-03
2.195890120967742121e+02 1.327251714890523076e-03 1.551416115372689607e-03
2.197140120967742121e+02 1.323624904024580697e-03 1.548779654160504105e-03
2.198390120967742121e+02 1.320004719566906766e-03 1.546144946672967828e-03
2.199640120967742121e+02 1.316391166895494692e-03 1.543511998640334504e-03
2.200890120967742121e+02 1.312784251267953275e-03 1.540880815789375620e-03
2.202140120967742121e+02 1.309183977822073533e-03 1.538251403843324044e-03
2.203390120967742121e+02 1.305590351576454934e-03 1.535623768521473089e-03
2.204640120967742121e+02 1.302003377431038174e-03 1.532997915539148969e-03
2.205890120967742121e+02 1.298423060167705825e-03 1.530373850607661367e-03
2.207140120967742121e+02 1.294849404450895561e-03 1.527751579433877117e-03
2.208390120967742121e+02 1.291282414828114500e-03 1.525131107720254908e-03
2.209640120967742121e+02 1.287722095730557854e-03 1.522512441164697175e-03
2.210890120967742121e+02 1.284168451473700033e-03 1.519895585460222676e-03
2.212140120967742121e+02 1.280621486257822218e-03 1.517280546295066016e-03
2.213390120967742121e+02 1.277081204168642936e-03 1.514667329352252859e-03
2.214640120967742121e+02 1.273547609177860156e-03 1.512055940309581280e-03
2.215890120967742121e+02 1.270020705143724837e-03 1.509446384839545656e-03
2.217140120967742121e+02 1.266500495811640923e-03 1.506838668609005328e-03
2.218390120967742121e+02 1.262986984814707227e-03 1.504232797279085945e-03
2.219640120967742121e+02 1.259480175674302250e-03 1.501628776505175775e-03
2.220890120967742121e+02 1.255980071800671168e-03 1.499026611936550785e-03
2.222140120967742121e+02 1.252486676493472489e-03 1.496426309216329544e-03
2.223390120967742121e+02 1.248999992942347471e-03 1.493827873981415756e-03
2.224640120967742121e+02 1.245520024227518173e-03 1.491231311862165846e-03
2.225890120967742121e+02 1.242046773320313290e-03 1.488636628482306557e-03
2.227140120967742121e+02 1.238580243083755358e-03 1.486043829458897443e-03
2.228390120967742121e+02 1.235120436273152511e-03 1.483452920402026200e-03
2.229640120967742121e+02 1.231667355536610661e-03 1.480863906914683557e-03
2.230890120967742121e+02 1.228221003415624164e-03 1.478276794592792978e-03
2.232140120967742121e+02 1.224781382345657178e-03 1.475691589024835312e-03
2.233390120967742121e+02 1.221348494656667111e-03 1.473108295791773553e-03
2.234640120967742121e+02 1.217922342573681633e-03 1.470526920467057387e-03
2.235890120967742121e+02 1.214502928217388268e-03 1.467947468616261943e-03
2.237140120967742121e+02 1.211090253604631172e-03 1.465369945797015145e-03
2.238390120967742121e+02 1.207684320649029999e-03 1.462794357559011596e-03
2.239640120967742121e+02 1.204285131161493376e-03 1.460220709443613152e-03
2.240890120967742121e+02 1.200892686850783559e-03 1.457649006983929374e-03
2.242140120967742121e+02 1.197506989324109488e-03 1.455079255704523709e-03
2.243390120967742121e+02 1.194128040087617066e-03 1.452511461121347132e-03
2.244640120967742121e+02 1.190755840546980481e-03 1.449945628741647514e-03
2.245890120967742121e+02 1.187390392007956885e-03 1.447381764063711360e-03
2.247140120967742121e+02 1.184031695676912230e-03 1.444819872576775773e-03
2.248390120967742121e+02 1.180679752661379202e-03 1.442259959761031706e-03
2.249640120967742121e+02 1.177334563970634882e-03 1.439702031087228880e-03
2.250890120967742121e+02 1.173996130516194274e-03 1.437146092016711348e-03
2.252140120967742121e+02 1.170664453112386233e-03 1.434592148001352218e-03
2.253390120967742121e+02 1.167339532476911615e-03 1.432040204483181565e-03
2.254640120967742121e+02 1.164021369231348080e-03 1.429490266894428707e-03
2.255890120967742121e+02 1.160709963901725801e-03 1.426942340657454990e-03
2.257140120967742121e+02 1.157405316919058510e-03 1.424396431184407922e-03
2.258390120967742121e+02 1.154107428619869768e-03 1.421852543877228118e-03
2.259640120967742121e+02 1.150816299246741571e-03 1.419310684127582942e-03
2.260890120967742121e+02 1.147531928948867944e-03 1.416770857316584182e-03
2.262140120967742121e+02 1.144254317782548904e-03 1.414233068814684403e-03
2.263390120967742121e+02 1.140983465711784819e-03 1.411697323981750450e-03
2.264640120967742121e+02 1.137719372608747602e-03 1.409163628166650592e-03
2.265890120967742121e+02 1.134462038254349485e-03 1.406631986707293329e-03
2.267140120967742121e+02 1.131211462338776227e-03 1.404102404930559090e-03
2.268390120967742121e+02 1.127967644461993222e-03 1.401574888152006849e-03
2.269640120967742121e+02 1.124730584134294754e-03 1.399049441675829890e-03
2.270890120967742121e+02 1.121500280776831573e-03 1.396526070794850598e-03
2.272140120967742121e+02 1.118276733722116346e-03 1.394004780790163980e-03
2.273390120967742121e+02 1.115059942214562290e-03 1.391485576931261910e-03
2.274640120967742121e+02 1.111849905411021154e-03 1.388968464475720229e-03
2.275890120967742121e+02 1.108646622381270893e-03 1.386453448669144970e-03
2.277140120967742121e+02 1.105450092108568394e-03 1.383940534745171274e-03
2.278390120967742121e+02 1.102260313490157533e-03 1.381429727925164146e-03
2.279640120967742121e+02 1.099077285337776797e-03 1.378921033418142135e-03
2.280890120967742121e+02 1.095901006378185126e-03 1.376414456420834570e-03
2.282140120967742121e+02 1.092731475253689265e-03 1.373910002117327252e-03
2.283390120967742121e+02 1.089568690522640763e-03 1.371407675679069821e-03
2.284640120967742121e+02 1.086412650659946419e-03 1.368907482264832606e-03
2.285890120967742121e+02 1.083263354057603656e-03 1.366409427020415842e-03
2.287140120967742121e+02 1.080120799025181691e-03 1.363913515078654876e-03
2.288390120967742121e+02 1.076984983790343258e-03 1.361419751559354678e-03
2.289640120967742121e+02 1.073855906499363282e-03 1.358928141569039393e-03
2.290890120967742121e+02 1.070733565217613309e-03 1.356438690200928486e-03
2.292140120967742121e+02 1.067617957930088856e-03 1.353951402534905087e-03
2.293390120967742121e+02 1.064509082541886028e-03 1.351466283637224337e-03
2.294640120967742121e+02 1.061406936878721285e-03 1.348983338560528784e-03
2.295890120967742121e+02 1.058311518687437549e-03 1.346502572343803283e-03
2.297140120967742121e+02 1.055222825636489056e-03 1.344023990012072501e-03
2.298390120967742121e+02 1.052140855316437270e-03 1.341547596576467489e-03
2.299640120967742121e+02 1.049065605240470005e-03 1.339073397034099694e-03
2.300890120967742121e+02 1.045997072844865022e-03 1.336601396367850629e-03
2.302140120967742121e+02 1.042935255489501776e-03 1.334131599546446246e-03
2.303390120967742121e+02 1.039880150458360585e-03 1.331664011524181547e-03
2.304640120967742121e+02 1.036831754959997290e-03 1.329198637240899339e-03
2.305890120967742121e+02 1.033790066128030712e-03 1.326735481621948813e-03
2.307140120967742121e+02 1.030755081021653965e-03 1.324274549577974126e-03
2.308390120967742121e+02 1.027726796626091121e-03 1.321815846004861491e-03
2.309640120967742121e+02 1.024705209853094424e-03 1.319359375783729421e-03
2.310890120967742121e+02 1.021690317541449310e-03 1.316905143780665050e-03
2.312140120967742121e+02 1.018682116457415680e-03 1.314453154846737144e-03
2.313390120967742121e+02 1.015680603295230971e-03 1.312003413817964008e-03
2.314640120967742121e+02 1.012685774677599343e-03 1.309555925515038313e-03
2.315890120967742121e+02 1.009697627156142278e-03 1.307110694743357461e-03
2.317140120967742121e+02 1.006716157211900780e-03 1.304667726292993001e-03
2.318390120967742121e+02 1.003741361255796379e-03 1.302227024938423057e-03
2.319640120967742121e+02 1.000773235629096687e-03 1.299788595438552703e-03
2.320890120967742121e+02 9.978117766039139129e-04 1.297352442536675371e-03
2.322140120967742121e+02 9.948569803836448348e-04 1.294918570960256008e-03
2.323390120967742121e+02 9.919088431034495806e-04 1.292486985420881205e-03
2.324640120967742121e+02 9.889673608307427734e-04 1.290057690614287815e-03
2.325890120967742121e+02 9.860325295656196219e-04 1.287630691220116629e-03
2.327140120967742121e+02 9.831043452413401260e-04 1.285205991901883964e-03
2.328390120967742121e+02 9.801828037248039565e-04 1.282783597306989690e-03
2.329640120967742121e+02 9.772679008169867388e-04 1.280363512066485208e-03
2.330890120967742121e+02 9.743596322534076688e-04 1.277945740795033555e-03
2.332140120967742121e+02 9.714579937046150188e-04 1.275530288090952983e-03
2.333390120967742121e+02 9.685629807765958575e-04 1.273117158535936157e-03
2.334640120967742121e+02 9.656745890112607969e-04 1.270706356695135587e-03
2.335890120967742121e+02 9.627928138869023926e-04 1.268297887116984083e-03
2.337140120967742121e+02 9.599176508186244884e-04 1.265891754333121032e-03
2.338390120967742121e+02 9.570490951588104828e-04 1.263487962858424922e-03
2.339640120967742121e+02 9.541871421975754415e-04 1.261086517190776772e-03
2.340890120967742121e+02 9.513317871631895867e-04 1.258687421811065330e-03
2.342140120967742121e+02 9.484830252225583819e-04 1.256290681183167132e-03
2.343390120967742121e+02 9.456408514816375642e-04 1.253896299753754157e-03
2.344640120967742121e+02 9.428052609858849319e-04 1.251504281952264125e-03
2.345890120967742121e+02 9.399762487207268761e-04 1.249114632190898326e-03
2.347140120967742121e+02 9.371538096119546571e-04 1.246727354864444678e-03
2.348390120967742121e+02 9.343379385261909361e-04 1.244342454350225256e-03
2.349640120967742121e+02 9.315286302713305039e-04 1.241959935008129243e-03
2.350890120967742121e+02 9.287258795969529279e-04 1.239579801180397617e-03
2.352140120967742121e+02 9.259296811947781338e-04 1.237202057191622278e-03
2.353390120967742121e+02 9.231400296990942321e-04 1.234826707348732388e-03
2.354640120967742121e+02 9.203569196871741768e-04 1.232453755940811574e-03
2.355890120967742121e+02 9.175803456797197461e-04 1.230083207239080802e-03
2.357140120967742121e+02 9.148103021412925129e-04 1.227715065496895117e-03
2.358390120967742121e+02 9.120467834807222639e-04 1.225349334949572128e-03
2.359640120967742121e+02 9.092897840515468599e-04 1.222986019814371623e-03
2.360890120967742121e+02 9.065392981524381111e-04 1.220625124290499906e-03
2.362140120967742121e+02 9.037953200276046661e-04 1.218266652558891222e-03
2.363390120967742121e+02 9.010578438672264519e-04 1.215910608782335041e-03
2.364640120967742121e+02 8.983268638078771877e-04 1.213556997105246426e-03
2.365890120967742121e+02 8.956023739329315022e-04 1.211205821653659528e-03
2.367140120967742121e+02 8.928843682729760639e-04 1.208857086535263360e-03
2.368390120967742121e+02 8.901728408062464055e-04 1.206510795839197325e-03
2.369640120967742121e+02 8.874677854590070454e-04 1.204166953636038196e-03
2.370890120967742121e+02 8.847691961059959021e-04 1.201825563977843925e-03
2.372140120967742121e+02 8.820770665708024642e-04 1.199486630897937016e-03
2.373390120967742121e+02 8.793913906262967005e-04 1.197150158410920573e-03
2.374640120967742121e+02 8.767121619950344431e-04 1.194816150512701498e-03
2.375890120967742121e+02 8.740393743496462911e-04 1.192484611180282981e-03
2.377140120967742121e+02 8.713730213132506912e-04 1.190155544371783794e-03
2.378390120967742121e+02 8.687130964598657181e-04 1.187828954026463229e-03
2.379640120967742121e+02 8.660595933147927734e-04 1.185504844064526157e-03
2.380890120967742121e+02 8.634125053550153550e-04 1.183183218387110023e-03
2.382140120967742121e+02 8.607718260096152828e-04 1.180864080876366370e-03
2.383390120967742121e+02 8.581375486601431702e-04 1.178547435395196951e-03
2.384640120967742121e+02 8.555096666410251082e-04 1.176233285787336991e-03
2.385890120967742121e+02 8.528881732399600261e-04 1.173921635877338276e-03
2.387140120967742121e+02 8.502730616983015469e-04 1.171612489470395032e-03
2.388390120967742121e+02 8.476643252114423373e-04 1.169305850352365386e-03
2.389640120967742121e+02 8.450619569292225266e-04 1.167001722289780696e-03
2.390890120967742121e+02 8.424659499562913963e-04 1.164700109029687255e-03
2.392140120967742121e+02 8.398762973525004038e-04 1.162401014299635233e-03
2.393390120967742121e+02 8.372929921333065054e-04 1.160104441807726164e-03
2.394640120967742121e+02 8.347160272701155230e-04 1.157810395242412586e-03
2.395890120967742121e+02 8.321453956906983696e-04 1.155518878272619905e-03
2.397140120967742121e+02 8.295810902795426557e-04 1.153229894547547554e-03
2.398390120967742121e+02 8.270231038782402920e-04 1.150943447696718648e-03
2.399640120967742121e+02 8.244714292858735735e-04 1.148659541329978247e-03
2.400890120967742121e+02 8.219260592593718821e-04 1.146378179037290616e-03
2.402140120967742121e+02 8.193869865138849774e-04 1.144099364388871274e-03
2.403390120967742121e+02 8.168542037231719000e-04 1.141823100935077280e-03
2.404640120967742121e+02 8.143277035199467237e-04 1.139549392206367544e-03
2.405890120967742121e+02 8.118074784962559659e-04 1.137278241713214144e-03
2.407140120967742121e+02 8.092935212038614200e-04 1.135009652946224624e-03
2.408390120967742121e+02 8.067858241545718123e-04 1.132743629375908018e-03
2.409640120967742121e+02 8.042843798206267183e-04 1.130480174452727984e-03
2.410890120967742121e+02 8.017891806350644322e-04 1.128219291607173705e-03
2.412140120967742121e+02 7.993002189920602385e-04 1.125960984249504233e-03
2.413390120967742121e+02 7.968174872472976421e-04 1.123705255769888575e-03
2.414640120967742121e+02 7.943409777183369977e-04 1.121452109538318949e-03
2.415890120967742121e+02 7.918706826849445648e-04 1.119201548904577613e-03
2.417140120967742121e+02 7.894065943894618955e-04 1.116953577198153595e-03
2.418390120967742121e+02 7.869487050371658981e-04 1.114708197728351982e-03
2.419640120967742121e+02 7.844970067965952899e-04 1.112465413784081199e-03
2.420890120967742121e+02 7.820514917999336468e-04 1.110225228633965116e-03
2.422140120967742121e+02 7.796121521433232787e-04 1.107987645526279730e-03
2.423390120967742121e+02 7.771789798872297391e-04 1.105752667688837589e-03
2.424640120967742121e+02 7.747519670567911548e-04 1.103520298329136329e-03
2.425890120967742121e+02 7.723311056421456548e-04 1.101290540634127305e-03
2.427140120967742121e+02 7.699163875987803749e-04 1.099063397770337451e-03
2.428390120967742121e+02 7.675078048478865345e-04 1.096838872883804019e-03
2.429640120967742121e+02 7.651053492766708188e-04 1.094616969100020796e-03
2.430890120967742121e+02 7.627090127387085037e-04 1.092397689523902761e-03
2.432140120967742121e+02 7.603187870542844375e-04 1.090181037239884099e-03
2.433390120967742121e+02 7.579346640107109288e-04 1.087967015311711982e-03
2.434640120967742121e+02 7.555566353626756671e-04 1.085755626782523115e-03
2.435890120967742121e+02 7.531846928325681761e-04 1.083546874674887976e-03
2.437140120967742121e+02 7.508188281108035562e-04 1.081340761990628226e-03
2.438390120967742121e+02 7.484590328561531664e-04 1.079137291710929262e-03
2.439640120967742121e+02 7.461052986960857144e-04 1.076936466796276021e-03
2.440890120967742121e+02 7.437576172270680139e-04 1.074738290186430436e-03
2.442140120967742121e+02 7.414159800149077014e-04 1.072542764800356188e-03
2.443390120967742121e+02 7.390803785950714492e-04 1.070349893536369848e-03
2.444640120967742121e+02 7.367508044729997093e-04 1.068159679271914056e-03
2.445890120967742121e+02 7.344272491244276373e-04 1.065972124863645348e-03
2.447140120967742121e+02 7.321097039957152322e-04 1.063787233147493998e-03
2.448390120967742121e+02 7.297981605041405041e-04 1.061605006938462796e-03
2.449640120967742121e+02 7.274926100382454438e-04 1.059425449030768638e-03
2.450890120967742121e+02 7.251930439581175895e-04 1.057248562197769890e-03
2.452140120967742121e+02 7.228994535957187573e-04 1.055074349191957930e-03
2.453390120967742121e+02 7.206118302552020618e-04 1.052902812744882770e-03
2.454640120967742121e+02 7.183301652132018317e-04 1.050733955567306798e-03
2.455890120967742121e+02 7.160544497191568105e-04 1.048567780348981428e-03
2.457140120967742121e+02 7.137846749956161183e-04 1.046404289758800848e-03
2.458390120967742121e+02 7.115208322385310107e-04 1.044243486444720696e-03
2.459640120967742121e+02 7.092629126175662617e-04 1.042085373033706241e-03
2.460890120967742121e+02 7.070109072764124139e-04 1.039929952131862052e-03
2.462140120967742121e+02 7.047648073330638760e-04 1.037777226324247681e-03
2.463390120967742121e+02 7.025246038801362695e-04 1.035627198174994762e-03
2.464640120967742121e+02 7.002902879851601384e-04 1.033479870227257350e-03
2.465890120967742121e+02 6.980618506908683714e-04 1.031335245003214525e-03
2.467140120967742121e+02 6.958392830154964178e-04 1.029193325004005991e-03
2.468390120967742121e+02 6.936225759530832615e-04 1.027054112709831820e-03
2.469640120967742121e+02 6.914117204737519045e-04 1.024917610579875260e-03
2.470890120967742121e+02 6.892067075239996076e-04 1.022783821052254162e-03
2.472140120967742121e+02 6.870075280269997324e-04 1.020652746544174067e-03
2.473390120967742121e+02 6.848141728828714908e-04 1.018524389451733051e-03
2.474640120967742121e+02 6.826266329689838468e-04 1.016398752150050747e-03
2.475890120967742121e+02 6.804448991402227724e-04 1.014275836993221505e-03
2.477140120967742121e+02 6.782689622292877767e-04 1.012155646314315911e-03
2.478390120967742121e+02 6.760988130469716305e-04 1.010038182425334599e-03
2.479640120967742121e+02 6.739344423824331510e-04 1.007923447617304529e-03
2.480890120967742121e+02 6.717758410034805044e-04 1.005811444160200924e-03
2.482140120967742121e+02 6.696229996568559169e-04 1.003702174302924938e-03
2.483390120967742121e+02 6.674759090685028224e-04 1.001595640273438741e-03
2.484640120967742121e+02 6.653345599438388646e-04 9.994918442785642992e-04
2.485890120967742121e+02 6.631989429680436440e-04 9.973907885042060644e-04
2.487140120967742121e+02 6.610690488063130721e-04 9.952924751151475801e-04
2.488390120967742121e+02 6.589448681041383364e-04 9.931969062551820188e-04
2.489640120967742121e+02 6.568263914875815046e-04 9.911040840471065441e-04
2.490890120967742121e+02 6.547136095635333478e-04 9.890140105926444655e-04
2.492140120967742121e+02 6.526065129199799461e-04 9.869266879725425989e-04
2.493390120967742121e+02 6.505050921262792683e-04 9.848421182465307185e-04
2.494640120967742121e+02 6.484093377334107554e-04 9.827603034533358671e-04
2.495890120967742121e+02 6.463192402742429015e-04 9.806812456106409406e-04
2.497140120967742121e+02 6.442347902638056057e-04 9.786049467152143581e-04
2.498390120967742121e+02 6.421559781995302141e-04 9.765314087427550208e-04
2.499640120967742121e+02 6.400827945615187274e-04 9.744606336480250187e-04
2.500890120967742121e+02 6.380152298128059611e-04 9.723926233648008417e-04
2.502140120967742121e+02 6.359532743995998045e-04 9.703273798059024353e-04
2.503390120967742121e+02 6.338969187515530301e-04 9.682649048631494001e-04
2.504640120967742121e+02 6.318461532820048542e-04 9.662052004074667003e-04
2.505890120967742121e+02 6.298009683882312788e-04 9.641482682888064936e-04
2.507140120967742121e+02 6.277613544517085531e-04 9.620941103361726338e-04
2.508390120967742121e+02 6.257273018383455176e-04 9.600427283577107678e-04
2.509640120967742121e+02 6.236988008987389342e-04 9.579941241405865804e-04
2.510890120967742121e+02 6.216758419684291406e-04 9.559482994511025620e-04
2.512140120967742121e+02 6.196584153681269740e-04 9.539052560346700368e-04
2.513390120967742121e+02 6.176465114039659567e-04 9.518649956158346413e-04
2.514640120967742121e+02 6.156401203677526381e-04 9.498275198982394614e-04
2.515890120967742121e+02 6.136392325371926512e-04 9.477928305647162141e-04
2.517140120967742121e+02 6.116438381761368261e-04 9.457609292772473000e-04
2.518390120967742121e+02 6.096539275348310987e-04 9.437318176769959443e-04
2.519640120967742121e+02 6.076694908501327009e-04 9.417054973843219179e-04
2.520890120967742121e+02 6.056905183457574667e-04 9.396819699987478186e-04
2.522140120967742121e+02 6.037170002325203087e-04 9.376612370991053297e-04
2.523390120967742121e+02 6.017489267085527086e-04 9.356433002433659765e-04
2.524640120967742121e+02 5.997862879595481809e-04 9.336281609688144899e-04
2.525890120967742121e+02 5.978290741589909309e-04 9.316158207920029449e-04
2.527140120967742121e+02 5.958772754683739964e-04 9.296062812087341719e-04
2.528390120967742121e+02 5.939308820374462287e-04 9.275995436941521797e-04
2.529640120967742121e+02 5.919898840044207850e-04 9.255956097027086531e-04
2.530890120967742121e+02 5.900542714962083400e-04 9.235944806682054543e-04
2.532140120967742121e+02 5.881240346286517075e-04 9.215961580037615539e-04
2.533390120967742121e+02 5.861991635067293448e-04 9.196006431019524601e-04
2.534640120967742121e+02 5.842796482247865049e-04 9.176079373346748011e-04
2.535890120967742121e+02 5.823654788667649790e-04 9.156180420532783817e-04
2.537140120967742121e+02 5.804566455064030231e-04 9.136309585885637975e-04
2.538390120967742121e+02 5.785531382074697625e-04 9.116466882507469815e-04
2.539640120967742121e+02 5.766549470239773706e-04 9.096652323295652395e-04
2.540890120967742121e+02 5.747620620003906448e-04 9.076865920942329058e-04
2.542140120967742121e+02 5.728744731718463405e-04 9.057107687935091059e-04
2.543390120967742121e+02 5.709921705643713130e-04 9.037377636556567740e-04
2.544640120967742121e+02 5.691151441950828777e-04 9.017675778885744916e-04
2.545890120967742121e+02 5.672433840724076023e-04 8.998002126796750570e-04
2.547140120967742121e+02 5.653768801962922924e-04 8.978356691960636196e-04
2.548390120967742121e+02 5.635156225584030511e-04 8.958739485844275253e-04
2.549640120967742121e+02 5.616596011423386501e-04 8.939150519711125354e-04
2.550890120967742121e+02 5.598088059238384793e-04 8.919589804622162854e-04
2.552140120967742121e+02 5.579632268709818236e-04 8.900057351434784549e-04
2.553390120967742121e+02 5.561228539443963548e-04 8.880553170804141245e-04
2.554640120967742121e+02 5.542876770974531795e-04 8.861077273183029339e-04
2.555890120967742121e+02 5.524576862764717534e-04 8.842402729266535038e-04
2.557140120967742121e+02 5.506328714209259879e-04 8.824070806518185400e-04
2.558390120967742121e+02 5.488132224636296493e-04 8.805764642203538824e-04
2.559640120967742121e+02 5.469987293309446332e-04 8.787484235195262491e-04
2.560890120967741836e+02 5.451893819429752541e-04 8.769229584286082103e-04
2.562140120967741836e+02 5.433851702137573302e-04 8.751000688187890670e-04
2.563390120967741836e+02 5.415860840514563753e-04 8.732797545532622373e-04
2.564640120967741836e+02 5.397921133585639481e-04 8.714620154870670720e-04
2.565890120967741836e+02 5.380032480320835926e-04 8.696468514671863237e-04
2.567140120967741836e+02 5.362194779637202485e-04 8.678342623324629889e-04
2.568390120967741836e+02 5.344407930400775757e-04 8.660242479135812259e-04
2.569640120967741836e+02 5.326671831428366312e-04 8.642168080331118912e-04
2.570890120967741836e+02 5.308986381489456041e-04 8.624119425054009754e-04
2.572140120967741836e+02 5.291351479308118279e-04 8.606096511366374737e-04
2.573390120967741836e+02 5.273767023564795899e-04 8.588099337247619884e-04
2.574640120967741836e+02 5.256232912898117348e-04 8.570127900595222396e-04
2.575890120967741836e+02 5.238749045906821106e-04 8.552182199223801488e-04
2.577140120967741836e+02 5.221315321151455717e-04 8.534262230865590024e-04
2.578390120967741836e+02 5.203931637156219677e-04 8.516367993170004085e-04
2.579640120967741836e+02 5.186597892410838191e-04 8.498499483703544303e-04
2.580890120967741836e+02 5.169313985372178634e-04 8.480656699949168115e-04
2.582140120967741836e+02 5.152079814466157658e-04 8.462839639307261205e-04
2.583390120967741836e+02 5.134895278089423882e-04 8.445048299094040471e-04
2.584640120967741836e+02 5.117760274611103449e-04 8.427282676542862663e-04
2.585890120967741836e+02 5.100674702374604144e-04 8.409542768802711916e-04
2.587140120967741836e+02 5.083638459699261212e-04 8.391828572939358764e-04
2.588390120967741836e+02 5.066651444882054730e-04 8.374140085933934417e-04
2.589640120967741836e+02 5.049713556199393128e-04 8.356477304683978093e-04
2.590890120967741836e+02 5.032824691908690693e-04 8.338840226002403782e-04
2.592140120967741836e+02 5.015984750250092545e-04 8.321228846617923077e-04
2.593390120967741836e+02 4.999193629448232118e-04 8.303643163174735100e-04
2.594640120967741836e+02 4.982451227713734958e-04 8.286083172232425664e-04
2.595890120967741836e+02 4.965757443244937178e-04 8.268548870265742846e-04
2.597140120967741836e+02 4.949112174229587657e-04 8.251040253664316182e-04
2.598390120967741836e+02 4.932515318846359418e-04 8.233557318733447043e-04
2.599640120967741836e+02 4.915966775266505202e-04 8.216100061692614611e-04
2.600890120967741836e+02 4.899466441655552082e-04 8.198668478676638142e-04
2.602140120967741836e+02 4.883014216174743445e-04 8.181262565734686003e-04
2.603390120967741836e+02 4.866609996982707584e-04 8.163882318830786335e-04
2.604640120967741836e+02 4.850253682237070448e-04 8.146527733843158094e-04
2.605890120967741836e+02 4.833945170095891122e-04 8.129198806564792192e-04
2.607140120967741836e+02 4.817684358719390050e-04 8.111895532702486549e-04
2.608390120967741836e+02 4.801471146271320549e-04 8.094617907877896690e-04
2.609640120967741836e+02 4.785305430920575053e-04 8.077365927626223860e-04
2.610890120967741836e+02 4.769187110842759919e-04 8.060139587397157192e-04
2.612140120967741836e+02 4.753116084221610310e-04 8.042938882553875160e-04
2.613390120967741836e+02 4.737092249250514039e-04 8.025763808374014856e-04
2.614640120967741836e+02 4.721115504134108603e-04 8.008614360048418651e-04
2.615890120967741836e+02 4.705185747089596859e-04 7.991490532682323563e-04
2.617140120967741836e+02 4.689302876348306649e-04 7.974392321293972399e-04
2.618390120967741836e+02 4.673466790157195135e-04 7.957319720815839983e-04
2.619640120967741836e+02 4.657677386780188322e-04 7.940272726093371147e-04
2.620890120967741836e+02 4.641934564499708708e-04 7.923251331886053007e-04
2.622140120967741836e+02 4.626238221618101006e-04 7.906255532866283053e-04
2.623390120967741836e+02 4.610588256458993356e-04 7.889285323620090148e-04
2.624640120967741836e+02 4.594984567368745284e-04 7.872340698647019601e-04
2.625890120967741836e+02 4.579427052717900530e-04 7.855421652359361210e-04
2.627140120967741836e+02 4.563915610902475077e-04 7.838528179083226969e-04
2.628390120967741836e+02 4.548450140345417577e-04 7.821660273057305310e-04
2.629640120967741836e+02 4.533030539497977609e-04 7.804817928434032047e-04
2.630890120967741836e+02 4.517656706841000221e-04 7.788001139278356551e-04
2.632140120967741836e+02 4.502328540886385263e-04 7.771209899568858482e-04
2.633390120967741836e+02 4.487045940178321750e-04 7.754444203196647319e-04
2.634640120967741836e+02 4.471808803294694077e-04 7.737704043966199367e-04
2.635890120967741836e+02 4.456617028848416668e-04 7.720989415594709405e-04
2.637140120967741836e+02 4.441470515488671594e-04 7.704300311712487500e-04
2.638390120967741836e+02 4.426369161902269245e-04 7.687636725862757349e-04
2.639640120967741836e+02 4.411312866814976483e-04 7.670998651501656279e-04
2.640890120967741836e+02 4.396301528992714136e-04 7.654386081998075866e-04
2.642140120967741836e+02 4.381335047242907376e-04 7.637799010633975275e-04
2.643390120967741836e+02 4.366413320415756406e-04 7.621237430604018044e-04
2.644640120967741836e+02 4.351536247405428533e-04 7.604701335015926628e-04
2.645890120967741836e+02 4.336703727151354341e-04 7.588190716889931615e-04
2.647140120967741836e+02 4.321915658639498368e-04 7.571705569159579464e-04
2.648390120967741836e+02 4.307171940903540891e-04 7.555245884670776235e-04
2.649640120967741836e+02 4.292472473026090062e-04 7.538811656182789391e-04
2.650890120967741836e+02 4.277817154139974278e-04 7.522402876367268766e-04
2.652140120967741836e+02 4.263205883429353488e-04 7.506019537808834201e-04
2.653390120967741836e+02 4.248638560130955726e-04 7.489661633005354185e-04
2.654640120967741836e+02 4.234115083535300631e-04 7.473329154367065481e-04
2.655890120967741836e+02 4.219635352987818888e-04 7.457022094217496868e-04
2.657140120967741836e+02 4.205199267890024793e-04 7.440740444792663579e-04
2.658390120967741836e+02 4.190806727700742483e-04 7.424484198242046334e-04
2.659640120967741836e+02 4.176457631937155988e-04 7.408253346627496298e-04
2.660890120967741836e+02 4.162151880176062028e-04 7.392047881924419025e-04
2.662140120967741836e+02 4.147889372054896747e-04 7.375867796020682673e-04
2.663390120967741836e+02 4.133670007272938641e-04 7.359713080717679434e-04
2.664640120967741836e+02 4.119493685592417152e-04 7.343583727729375774e-04
2.665890120967741836e+02 4.105360306839568141e-04 7.327479728683343506e-04
2.667140120967741836e+02 4.091269770905766874e-04 7.311401075119720048e-04
2.668390120967741836e+02 4.077221977748657768e-04 7.295347758492420551e-04
2.669640120967741836e+02 4.063216827393181666e-04 7.279319770168081894e-04
2.670890120967741836e+02 4.049254219932637818e-04 7.263317101426888843e-04
2.672140120967741836e+02 4.035334055529838011e-04 7.247339743462080739e-04
2.673390120967741836e+02 4.021456234418059042e-04 7.231387687380543472e-04
2.674640120967741836e+02 4.007620656902139930e-04 7.215460924202244612e-04
2.675890120967741836e+02 3.993827223359555276e-04 7.199559444860850321e-04
2.677140120967741836e+02 3.980075834241394300e-04 7.183683240203427196e-04
2.678390120967741836e+02 3.966366390073381072e-04 7.167832300990482387e-04
2.679640120967741836e+02 3.952698791456965219e-04 7.152006617896397274e-04
2.680890120967741836e+02 3.939072939070232117e-04 7.136206181508991621e-04
2.682140120967741836e+02 3.925488733668952936e-04 7.120430982330046158e-04
2.683390120967741836e+02 3.911946076087623311e-04 7.104681010774853726e-04
2.684640120967741836e+02 3.898444867240323649e-04 7.088956257173027005e-04
2.685890120967741836e+02 3.884985008121833697e-04 7.073256711767685360e-04
2.687140120967741836e+02 3.871566399808489055e-04 7.057582364716313535e-04
2.688390120967741836e+02 3.858188943459188404e-04 7.041933206090103536e-04
2.689640120967741836e+02 3.844852540316371996e-04 7.026309225874872956e-04
2.690890120967741836e+02 3.831557091706923714e-04 7.010710413970234469e-04
2.692140120967741836e+02 3.818302499043095891e-04 6.995136760190585716e-04
2.693390120967741836e+02 3.805088663823504610e-04 6.979588254264275544e-04
2.694640120967741836e+02 3.791915487633978638e-04 6.964064885834604732e-04
2.695890120967741836e+02 3.778782872148486955e-04 6.948566644459012835e-04
2.697140120967741836e+02 3.765690719130118875e-04 6.933093519610047462e-04
2.698390120967741836e+02 3.752638930431860878e-04 6.917645500674561966e-04
2.699640120967741836e+02 3.739627407997564803e-04 6.902222576954779049e-04
2.700890120967741836e+02 3.726656053862832012e-04 6.886824737667425565e-04
2.702140120967741836e+02 3.713724770155847686e-04 6.871451971944593376e-04
2.703390120967741836e+02 3.700833459098253606e-04 6.856104268833251468e-04
2.704640120967741836e+02 3.687982023006085449e-04 6.840781617295910557e-04
2.705890120967741836e+02 3.675170364290502993e-04 6.825484006210233868e-04
2.707140120967741836e+02 3.662398385458702477e-04 6.810211424369294088e-04
2.708390120967741836e+02 3.649665989114790469e-04 6.794963860481994036e-04
2.709640120967741836e+02 3.636973077960510277e-04 6.779741303172634069e-04
2.710890120967741836e+02 3.624319554796191171e-04 6.764543740981501883e-04
2.712140120967741836e+02 3.611705322521452030e-04 6.749371162364638330e-04
2.713390120967741836e+02 3.599130284136054609e-04 6.734223555694158342e-04
2.714640120967741836e+02 3.586594342740750843e-04 6.719100909258381030e-04
2.715890120967741836e+02 3.574097401537992456e-04 6.704003211261830774e-04
2.717140120967741836e+02 3.561639363832753329e-04 6.688930449825273000e-04
2.718390120967741836e+02 3.549220133033373012e-04 6.673882612986184720e-04
2.719640120967741836e+02 3.536839612652213746e-04 6.658859688698446624e-04
2.720890120967741836e+02 3.524497706306490966e-04 6.643861664832899274e-04
2.722140120967741836e+02 3.512194317719062055e-04 6.628888529176946284e-04
2.723390120967741836e+02 3.499929350719102345e-04 6.613940269435422768e-04
2.724640120967741836e+02 3.487702709242903633e-04 6.599016873229813628e-04
2.725890120967741836e+02 3.475514297334617942e-04 6.584118328099321498e-04
2.727140120967741836e+02 3.463364019146942196e-04 6.569244621500135986e-04
2.728390120967741836e+02 3.451251778941863066e-04 6.554395740806314048e-04
2.729640120967741836e+02 3.439177481091426213e-04 6.539571673309378837e-04
2.730890120967741836e+02 3.427141030078352654e-04 6.524772406218885649e-04
2.732140120967741836e+02 3.415142330496814512e-04 6.509997926662068482e-04
2.733390120967741836e+02 3.403181287053126734e-04 6.495248221684326835e-04
2.734640120967741836e+02 3.391257804566392736e-04 6.480523278249553142e-04
2.735890120967741836e+02 3.379371787969218349e-04 6.465823083239630783e-04
2.737140120967741836e+02 3.367523142308420344e-04 6.451147623455423964e-04
2.738390120967741836e+02 3.355711772745630875e-04 6.436496885616048045e-04
2.739640120967741836e+02 3.343937584558029862e-04 6.421870856359860507e-04
2.740890120967741836e+02 3.332200483138942379e-04 6.407269522243831021e-04
2.742140120967741836e+02 3.320500373998516827e-04 6.392692869744469536e-04
2.743390120967741836e+02 3.308837162764408524e-04 6.378140885257154065e-04
2.744640120967741836e+02 3.297210755182334273e-04 6.363613555097185617e-04
2.745890120967741836e+02 3.285621057116780343e-04 6.349110865499129003e-04
2.747140120967741836e+02 3.274067974551604209e-04 6.334632802617564187e-04
2.748390120967741836e+02 3.262551413590631939e-04 6.320179352526821741e-04
2.749640120967741836e+02 3.251071280458290289e-04 6.305750501221546629e-04
2.750890120967741836e+02 3.239627481500233913e-04 6.291346234616434748e-04
2.752140120967741836e+02 3.228219923183919446e-04 6.276966538546868268e-04
2.753390120967741836e+02 3.216848512099180135e-04 6.262611398768613141e-04
2.754640120967741836e+02 3.205513154958890992e-04 6.248280800958458782e-04
2.755890120967741836e+02 3.194213758599461026e-04 6.233974730713838595e-04
2.757140120967741836e+02 3.182950229981457201e-04 6.219693173553684324e-04
2.758390120967741836e+02 3.171722476190192612e-04 6.205436114917788548e-04
2.759640120967741836e+02 3.160530404436253955e-04 6.191203540167975611e-04
2.760890120967741836e+02 3.149373922056053921e-04 6.176995434587240772e-04
2.762140120967741836e+02 3.138252936512443236e-04 6.162811783380577448e-04
2.763390120967741836e+02 3.127167355395174693e-04 6.148652571675100814e-04
2.764640120967741836e+02 3.116117086421522778e-04 6.134517784519929627e-04
2.765890120967741836e+02 3.105102037436768304e-04 6.120407406886782531e-04
2.767140120967741836e+02 3.094122116414724255e-04 6.106321423669652804e-04
2.768390120967741836e+02 3.083177231458316368e-04 6.092259819685635598e-04
2.769640120967741836e+02 3.072267290800026040e-04 6.078222579674411865e-04
2.770890120967741836e+02 3.061392202802441093e-04 6.064209688299102702e-04
2.772140120967741836e+02 3.050551875958780533e-04 6.050221130145821578e-04
2.773390120967741836e+02 3.039746218893356420e-04 6.036256889724486404e-04
2.774640120967741836e+02 3.028975140362074768e-04 6.022316951468510531e-04
2.775890120967741836e+02 3.018238549252963009e-04 6.008401299735378464e-04
2.777140120967741836e+02 3.007536354586599881e-04 5.994509918806398665e-04
2.778390120967741836e+02 2.996868465516614702e-04 5.980642792887436469e-04
2.779640120967741836e+02 2.986234791330202908e-04 5.966799906108607261e-04
2.780890120967741836e+02 2.975635241448514740e-04 5.952981242524885792e-04
2.782140120967741836e+02 2.965069725427159396e-04 5.939186786115976079e-04
2.783390120967741836e+02 2.954538152956687506e-04 5.925416520786770018e-04
2.784640120967741836e+02 2.944040433862984692e-04 5.911670430367344138e-04
2.785890120967741836e+02 2.933576478107737776e-04 5.897948498613383517e-04
2.787140120967741836e+02 2.923146195788925384e-04 5.884250709206105892e-04
2.788390120967741836e+02 2.912749497141157843e-04 5.870577045752677992e-04
2.789640120967741836e+02 2.902386292536195968e-04 5.856927491786392262e-04
2.790890120967741836e+02 2.892056492483315359e-04 5.843302030766882619e-04
2.792140120967741836e+02 2.881760007629735739e-04 5.829700646080248055e-04
2.793390120967741836e+02 2.871496748761091507e-04 5.816123321039253207e-04
2.794640120967741836e+02 2.861266626801751566e-04 5.802570038883734941e-04
2.795890120967741836e+02 2.851069552815270903e-04 5.789040782780508019e-04
2.797140120967741836e+02 2.840905438004809086e-04 5.775535535823961416e-04
2.798390120967741836e+02 2.830774193713473416e-04 5.762054281035774257e-04
2.799640120967741836e+02 2.820675731424726043e-04 5.748597001365762576e-04
2.800890120967741836e+02 2.810609962762811685e-04 5.735163679691389262e-04
2.802140120967741836e+02 2.800576799493058495e-04 5.721754298818688880e-04
2.803390120967741836e+02 2.790576153522293310e-04 5.708368841481798210e-04
2.804640120967741836e+02 2.780607936899231417e-04 5.695007290343803014e-04
2.805890120967741836e+02 2.770672061814785018e-04 5.681669627996494085e-04
2.807140120967741836e+02 2.760768440602463293e-04 5.668355836960934290e-04
2.808390120967741836e+02 2.750896985738726392e-04 5.655065899687246062e-04
2.809640120967741836e+02 2.741057609843298233e-04 5.641799798555380101e-04
2.810890120967741836e+02 2.731250225679537837e-04 5.628557515874841070e-04
2.812140120967741836e+02 2.721474746154794403e-04 5.615339033885313183e-04
2.813390120967741836e+02 2.711731084320693542e-04 5.602144334756553948e-04
2.814640120967741836e+02 2.702019153373509154e-04 5.588973400588890736e-04
2.815890120967741836e+02 2.692338866654482728e-04 5.575826213413284747e-04
2.817140120967741836e+02 2.682690137650107945e-04 5.562702755191483881e-04
2.818390120967741836e+02 2.673072879992504725e-04 5.549603007816647244e-04
2.819640120967741836e+02 2.663487007459670224e-04 5.536526953112962416e-04
2.820890120967741836e+02 2.653932433975825234e-04 5.523474572836583295e-04
2.822140120967741836e+02 2.644409073611717217e-04 5.510445848675194240e-04
2.823390120967741836e+02 2.634916840584882684e-04 5.497440762248725649e-04
2.824640120967741836e+02 2.625455649259962154e-04 5.484459295109271560e-04
2.825890120967741836e+02 2.616025414149014574e-04 5.471501428741607897e-04
2.827140120967741836e+02 2.606626049911742291e-04 5.458567144563116575e-04
2.828390120967741836e+02 2.597257471355819019e-04 5.445656423924343870e-04
2.829640120967741836e+02 2.587919593437158186e-04 5.432769248108939696e-04
2.830890120967741836e+02 2.578612331260154164e-04 5.419905598334181281e-04
2.832140120967741836e+02 2.569335600077969585e-04 5.407065455750849564e-04
2.833390120967741836e+02 2.560089315292815603e-04 5.394248801443967539e-04
2.834640120967741836e+02 2.550873392456177416e-04 5.381455616432415361e-04
2.835890120967741836e+02 2.541687747269067961e-04 5.368685881669939741e-04
2.837140120967741836e+02 2.532532295582316860e-04 5.355939578044533779e-04
2.838390120967741836e+02 2.523406953396766113e-04 5.343216686379457202e-04
2.839640120967741836e+02 2.514311636863530855e-04 5.330517187432849300e-04
2.840890120967741836e+02 2.505246262284256307e-04 5.317841061898555093e-04
2.842140120967741836e+02 2.496210746111311848e-04 5.305188290405813073e-04
2.843390120967741836e+02 2.487205004948058818e-04 5.292558853519828757e-04
2.844640120967741836e+02 2.478228955549034826e-04 5.279952731742120538e-04
2.845890120967741836e+02 2.469282514820192280e-04 5.267369905510331041e-04
2.847140120967741836e+02 2.460365599819136365e-04 5.254810355199005575e-04
2.848390120967741836e+02 2.451478127755302855e-04 5.242274061119328674e-04
2.849640120967741836e+02 2.442620015990169531e-04 5.229761003519833168e-04
2.850890120967741836e+02 2.433791182037493893e-04 5.217271162586275494e-04
2.852140120967741836e+02 2.424991543563472267e-04 5.204804518442215748e-04
2.853390120967741836e+02 2.416221018386945530e-04 5.192361051148874571e-04
2.854640120967741836e+02 2.407479524479623544e-04 5.179940740705812939e-04
2.855890120967741836e+02 2.398766979966234501e-04 5.167543567050807488e-04
2.857140120967741836e+02 2.390083303124712220e-04 5.155169510060427299e-04
2.858390120967741836e+02 2.381428412386416514e-04 5.142818549549987286e-04
2.859640120967741836e+02 2.372802226336256514e-04 5.130490665274085958e-04
2.860890120967741836e+02 2.364204663712889077e-04 5.118185836926562047e-04
2.862140120967741836e+02 2.355635643408917745e-04 5.105904044141055045e-04
2.863390120967741836e+02 2.347095084470994920e-04 5.093645266490974847e-04
2.864640120967741836e+02 2.338582906100023808e-04 5.081409483489992890e-04
2.865890120967741836e+02 2.330099027651332422e-04 5.069196674592121301e-04
2.867140120967741836e+02 2.321643368634779844e-04 5.057006819192166099e-04
2.868390120967741836e+02 2.313215848714933757e-04 5.044839896625635031e-04
2.869640120967741836e+02 2.304816387711245275e-04 5.032695886169493262e-04
2.870890120967741836e+02 2.296444905598129713e-04 5.020574767041912929e-04
2.872140120967741836e+02 2.288101322505167712e-04 5.008476518402852099e-04
2.873390120967741836e+02 2.279785558717197663e-04 4.996401119354301973e-04
2.874640120967741836e+02 2.271497534674462345e-04 4.984348548940318322e-04
2.875890120967741836e+02 2.263237170972771559e-04 4.972318786147601538e-04
2.877140120967741836e+02 2.255004388363570430e-04 4.960311809905396888e-04
2.878390120967741836e+02 2.246799107754092006e-04 4.948327599086152625e-04
2.879640120967741836e+02 2.238621250207496315e-04 4.936366132505315071e-04
2.880890120967741836e+02 2.230470736942942727e-04 4.924427388922197066e-04
2.882140120967741836e+02 2.222347489335722501e-04 4.912511347039513927e-04
2.883390120967741836e+02 2.214251428917397022e-04 4.900617985504316949e-04
2.884640120967741836e+02 2.206182477375847944e-04 4.888747282907716929e-04
2.885890120967741836e+02 2.198140556555408108e-04 4.876899217785599745e-04
2.887140120967741836e+02 2.190125588456981345e-04 4.865073768618487574e-04
2.888390120967741836e+02 2.182137495238094520e-04 4.853270913832159598e-04
2.889640120967741836e+02 2.174176199213010557e-04 4.841490631797593460e-04
2.890890120967741836e+02 2.166241622852844724e-04 4.829732900831507363e-04
2.892140120967741836e+02 2.158333688785598779e-04 4.817997699196406689e-04
2.893390120967741836e+02 2.150452319796268856e-04 4.806285005101009009e-04
2.894640120967741836e+02 2.142597438826950083e-04 4.794594796700354131e-04
2.895890120967741836e+02 2.134768968976855292e-04 4.782927052096234521e-04
2.897140120967741836e+02 2.126966833502456499e-04 4.771281749337375833e-04
2.898390120967741836e+02 2.119190955817494668e-04 4.759658866419616335e-04
2.899640120967741836e+02 2.111441259493073222e-04 4.748058381286386132e-04
2.900890120967741836e+02 2.103717668257739086e-04 4.736480271828709876e-04
2.902140120967741836e+02 2.096020105997509252e-04 4.724924515885759162e-04
2.903390120967741836e+02 2.088348496755939351e-04 4.713391091244833564e-04
2.904640120967741836e+02 2.080702764734213375e-04 4.701879975641886462e-04
2.905890120967741836e+02 2.073082834291137711e-04 4.690391146761551072e-04
2.907140120967741836e+02 2.065488629943223813e-04 4.678924582237659773e-04
2.908390120967741836e+02 2.057920076364744852e-04 4.667480259653195864e-04
2.909640120967741836e+02 2.050377098387745471e-04 4.656058156540962513e-04
2.910890120967741836e+02 2.042859621002103586e-04 4.644658250383380013e-04
2.912140120967741836e+02 2.035367569355577553e-04 4.633280518613311946e-04
2.913390120967741836e+02 2.027900868753809141e-04 4.621924938613716067e-04
2.914640120967741836e+02 2.020459444660373412e-04 4.610591487718462876e-04
2.915890120967741836e+02 2.013043222696823714e-04 4.599280143212147514e-04
2.917140120967741836e+02 2.005652128642682465e-04 4.587990882330790152e-04
2.918390120967741836e+02 1.998286088435488584e-04 4.576723682261689624e-04
2.919640120967741836e+02 1.990945028170821077e-04 4.565478520144040345e-04
2.920890120967741836e+02 1.983628874102288193e-04 4.554255373068929590e-04
2.922140120967741836e+02 1.976337552641582718e-04 4.543054218079852500e-04
2.923390120967741836e+02 1.969070990358457037e-04 4.531875032172724541e-04
2.924640120967741836e+02 1.961829113980749430e-04 4.520717792296403558e-04
2.925890120967741836e+02 1.954611850394407377e-04 4.509582475352723915e-04
2.927140120967741836e+02 1.947419126643453954e-04 4.498469058196933983e-04
2.928390120967741836e+02 1.940250869930012763e-04 4.487377517637992116e-04
2.929640120967741836e+02 1.933107007614319050e-04 4.476307830438566661e-04
2.930890120967741836e+02 1.925987467214683110e-04 4.465259973315673461e-04
2.932140120967741836e+02 1.918892176407507638e-04 4.454233922940628154e-04
2.933390120967741836e+02 1.911821063027283930e-04 4.443229655939564420e-04
2.934640120967741836e+02 1.904774055066555294e-04 4.432247148893487653e-04
2.935890120967741836e+02 1.897751080675917049e-04 4.421286378338763388e-04
2.937140120967741836e+02 1.890752068164014356e-04 4.410347320767148745e-04
2.938390120967741836e+02 1.883776945997501563e-04 4.399429952626308514e-04
2.939640120967741836e+02 1.876825642801021059e-04 4.388534250319842253e-04
2.940890120967741836e+02 1.869898087357205988e-04 4.377660190207758630e-04
2.942140120967741836e+02 1.862994208606621159e-04 4.366807748606622874e-04
2.943390120967741836e+02 1.856113935647746239e-04 4.355976901789947089e-04
2.944640120967741836e+02 1.849257197736962747e-04 4.345167625988196757e-04
2.945890120967741836e+02 1.842423924288494959e-04 4.334379897389468365e-04
2.947140120967741836e+02 1.835614044874379284e-04 4.323613692139299130e-04
2.948390120967741836e+02 1.828827489224447186e-04 4.312868986341396663e-04
2.949640120967741836e+02 1.822064187226250104e-04 4.302145756057469835e-04
2.950890120967741836e+02 1.815324068925053215e-04 4.291443977307897732e-04
2.952140120967741836e+02 1.808607064523763339e-04 4.280763626071695501e-04
2.953390120967741836e+02 1.801913104382884482e-04 4.270104678286871049e-04
2.954640120967741836e+02 1.795242119020494260e-04 4.259467109850891258e-04
2.955890120967741836e+02 1.788594039112154988e-04 4.248850896620538320e-04
2.957140120967741836e+02 1.781968795490878720e-04 4.238256014412722351e-04
2.958390120967741836e+02 1.775366319147084150e-04 4.227682439004177813e-04
2.959640120967741836e+02 1.768786541228512042e-04 4.217130146132207821e-04
2.960890120967741836e+02 1.762229393040172650e-04 4.206599111494578429e-04
2.962140120967741836e+02 1.755694806044302619e-04 4.196089310750139340e-04
2.963390120967741836e+02 1.749182711860270659e-04 4.185600719518767525e-04
2.964640120967741836e+02 1.742693042264521438e-04 4.175133313381893061e-04
2.965890120967741836e+02 1.736225729190530589e-04 4.164687067882572860e-04
2.967140120967741836e+02 1.729780704728690595e-04 4.154261958525926513e-04
2.968390120967741836e+02 1.723357901126263358e-04 4.143857960779244172e-04
2.969640120967741836e+02 1.716957250787313517e-04 4.133475050072429446e-04
2.970890120967741836e+02 1.710578686272605725e-04 4.123113201798027589e-04
2.972140120967741836e+02 1.704222140299534172e-04 4.112772391311847833e-04
2.973390120967741836e+02 1.697887545742067289e-04 4.102452593932826778e-04
2.974640120967741836e+02 1.691574835630616294e-04 4.092153784943623621e-04
2.975890120967741836e+02 1.685283943151996428e-04 4.081875939590625573e-04
2.977140120967741836e+02 1.679014801649306339e-04 4.071619033084516526e-04
2.978390120967741836e+02 1.672767344621848662e-04 4.061383040600178391e-04
2.979640120967741836e+02 1.666541505725062258e-04 4.051167937277352460e-04
2.980890120967741836e+02 1.660337218770389673e-04 4.040973698220553210e-04
2.982140120967741836e+02 1.654154417725200966e-04 4.030800298499529638e-04
2.983390120967741836e+02 1.647993036712712943e-04 4.020647713149553106e-04
2.984640120967741836e+02 1.641853010011860674e-04 4.010515917171504087e-04
2.985890120967741836e+02 1.635734272057209134e-04 4.000404885532380110e-04
2.987140120967741836e+02 1.629636757438872427e-04 3.990314593165346715e-04
2.988390120967741836e+02 1.623560400902369861e-04 3.980245014970198243e-04
2.989640120967741836e+02 1.617505137348541650e-04 3.970196125813345907e-04
2.990890120967741836e+02 1.611470901833455128e-04 3.960167900528452595e-04
2.992140120967741836e+02 1.605457629568260284e-04 3.950160313916315771e-04
2.993390120967741836e+02 1.599465255919108172e-04 3.940173340745491983e-04
2.994640120967741836e+02 1.593493716407030295e-04 3.930206955752220963e-04
2.995890120967741836e+02 1.587542946707813922e-04 3.920261133641003508e-04
2.997140120967741836e+02 1.581612882651887975e-04 3.910335849084590099e-04
2.998390120967741836e+02 1.575703460224226263e-04 3.900431076724482338e-04
2.999640120967741836e+02 1.569814615564190004e-04 3.890546791170984998e-04
3.000890120967741836e+02 1.563946284965448677e-04 3.880682967003671680e-04
3.002140120967741836e+02 1.558098404875818746e-04 3.870839578771414092e-04
3.003390120967741836e+02 1.552270911897154972e-04 3.861016600992962094e-04
3.004640120967741836e+02 1.546463742785237922e-04 3.851214008156837450e-04
3.005890120967741836e+02 1.540676834449617306e-04 3.841431774721918205e-04
3.007140120967741836e+02 1.534910123953501929e-04 3.831669875117454959e-04
3.008390120967741836e+02 1.529163548513630129e-04 3.821928283743469303e-04
3.009640120967741836e+02 1.523437045500120155e-04 3.812206974971050349e-04
3.010890120967741836e+02 1.517730552436345488e-04 3.802505923142454483e-04
3.012140120967741836e+02 1.512044006998811238e-04 3.792825102571540665e-04
3.013390120967741836e+02 1.506377347016989892e-04 3.783164487543886983e-04
3.014640120967741836e+02 1.500730510473202587e-04 3.773524052317175546e-04
3.015890120967741836e+02 1.495103435502480337e-04 3.763903771121329634e-04
3.017140120967741836e+02 1.489496060392401676e-04 3.754303618158877994e-04
3.018390120967741836e+02 1.483908323582964171e-04 3.744723567605153240e-04
3.019640120967741836e+02 1.478340163666446740e-04 3.735163593608621462e-04
3.020890120967741836e+02 1.472791519387247282e-04 3.725623670290960821e-04
3.022140120967741836e+02 1.467262329641733337e-04 3.716103771747598233e-04
3.023390120967741836e+02 1.461752533478118208e-04 3.706603872047664920e-04
3.024640120967741836e+02 1.456262070096277738e-04 3.697123945234554766e-04
3.025890120967741836e+02 1.450790878847613423e-04 3.687663965325876621e-04
3.027140120967741836e+02 1.445338899234910660e-04 3.678223906314016453e-04
3.028390120967741836e+02 1.439906070912158218e-04 3.668803742166089647e-04
3.029640120967741836e+02 1.434492333684418144e-04 3.659403446824478225e-04
3.030890120967741836e+02 1.429097627507645233e-04 3.650022994206849822e-04
3.032140120967741836e+02 1.423721892488537960e-04 3.640662358206591905e-04
3.033390120967741836e+02 1.418365068884388581e-04 3.631321512692979830e-04
3.034640120967741836e+02 1.413027097102905329e-04 3.622000431511440840e-04
3.035890120967741836e+02 1.407707917702051678e-04 3.612699088483798011e-04
3.037140120967741836e+02 1.402407471389897269e-04 3.603417457408494146e-04
3.038390120967741836e+02 1.397125699024433319e-04 3.594155512061013519e-04
3.039640120967741836e+02 1.391862541613412435e-04 3.584913226193862370e-04
3.040890120967741836e+02 1.386617940314192215e-04 3.575690573537093110e-04
3.042140120967741836e+02 1.381391836433550936e-04 3.566487527798330344e-04
3.043390120967741836e+02 1.376184171427516519e-04 3.557304062663202383e-04
3.044640120967741836e+02 1.370994886901215012e-04 3.548140151795448581e-04
3.045890120967741836e+02 1.365823924608672725e-04 3.538995768837288505e-04
3.047140120967741836e+02 1.360671226452649801e-04 3.529870887409533066e-04
3.048390120967741836e+02 1.355536734484487891e-04 3.520765481112068072e-04
3.049640120967741836e+02 1.350420390903894665e-04 3.511679523523793516e-04
3.050890120967741836e+02 1.345322138058789856e-04 3.502612988203147783e-04
3.052140120967741836e+02 1.340241918445135040e-04 3.493565848688138012e-04
3.053390120967741836e+02 1.335179674706724387e-04 3.484538078496806301e-04
3.054640120967741836e+02 1.330135349635036394e-04 3.475529651127247594e-04
3.055890120967741836e+02 1.325108886169029242e-04 3.466540540058089446e-04
3.057140120967741836e+02 1.320100227394960821e-04 3.457570718748488765e-04
3.058390120967741836e+02 1.315109316546220675e-04 3.448620160638650066e-04
3.059640120967741836e+02 1.310136097003122922e-04 3.439688839149787516e-04
3.060890120967741836e+02 1.305180512292727359e-04 3.430776727684658372e-04
3.062140120967741836e+02 1.300242506088671143e-04 3.421883799627503881e-04
3.063390120967741836e+02 1.295322022210946796e-04 3.413010028344626084e-04
3.064640120967741836e+02 1.290419004625733071e-04 3.404155387184348239e-04
3.065890120967741836e+02 1.285533397445210910e-04 3.395319849477338456e-04
3.067140120967741836e+02 1.280665144927352296e-04 3.386503388537004887e-04
3.068390120967741836e+02 1.275814191475735935e-04 3.377705977659476756e-04
3.069640120967741836e+02 1.270980481639369993e-04 3.368927590124120978e-04
3.070890120967741836e+02 1.266163960112470647e-04 3.360168199193512887e-04
3.072140120967741836e+02 1.261364571734276683e-04 3.351427778113938221e-04
3.073390120967741836e+02 1.256582261488870336e-04 3.342706300115398004e-04
3.074640120967741836e+02 1.251816974504951503e-04 3.334003738412037341e-04
3.075890120967741836e+02 1.247068656055658848e-04 3.325320066202252763e-04
3.077140120967741836e+02 1.242337251558370043e-04 3.316655256669005011e-04
3.078390120967741836e+02 1.237622706574485190e-04 3.308009282980050518e-04
3.079640120967741836e+02 1.232924966809251460e-04 3.299382118288166381e-04
3.080890120967741836e+02 1.228243978111536491e-04 3.290773735731329793e-04
3.082140120967741836e+02 1.223579686473636212e-04 3.282184108433094266e-04
3.083390120967741836e+02 1.218932038031084024e-04 3.273613209502642210e-04
3.084640120967741836e+02 1.214300979062420680e-04 3.265061012035244637e-04
3.085890120967741836e+02 1.209686455989003058e-04 3.256527489112247611e-04
3.087140120967741836e+02 1.205088415374807378e-04 3.248012613801546039e-04
3.088390120967741836e+02 1.200506803926199077e-04 3.239516359157602107e-04
3.089640120967741836e+02 1.195941568491743081e-04 3.231038698221890340e-04
3.090890120967741836e+02 1.191392656061994140e-04 3.222579604022920920e-04
3.092140120967741836e+02 1.186860013769276196e-04 3.214139049576590417e-04
3.093390120967741836e+02 1.182343588887476251e-04 3.205717007886501094e-04
3.094640120967741836e+02 1.177843328831848122e-04 3.197313451943946264e-04
3.095890120967741836e+02 1.173359181158775412e-04 3.188928354728398184e-04
3.097140120967741836e+02 1.168891093565576890e-04 3.180561689207524320e-04
3.098390120967741836e+02 1.164439013890293317e-04 3.172213428337615601e-04
3.099640120967741836e+02 1.160002890111459621e-04 3.163883545063621121e-04
3.100890120967741836e+02 1.155582670347899310e-04 3.155572012319571512e-04
3.102140120967741836e+02 1.151178302858517116e-04 3.147278803028609852e-04
3.103390120967741836e+02 1.146789736042062911e-04 3.139003890103419375e-04
3.104640120967741836e+02 1.142416918436929774e-04 3.130747246446244619e-04
3.105890120967741836e+02 1.138059798720937962e-04 3.122508844949323475e-04
3.107140120967741836e+02 1.133718325711097745e-04 3.114288658494912673e-04
3.108390120967741836e+02 1.129392448363417633e-04 3.106086659955736634e-04
3.109640120967741836e+02 1.125082115772659078e-04 3.097902822194976633e-04
3.110890120967741836e+02 1.120787277172130477e-04 3.089737118066676288e-04
3.112140120967741836e+02 1.116507881933467752e-04 3.081589520415848899e-04
3.113390120967741836e+02 1.112243879566401656e-04 3.073460002078801079e-04
3.114640120967741836e+02 1.107995219718539443e-04 3.065348535883249308e-04
3.115890120967741836e+02 1.103761852175154531e-04 3.057255094648658744e-04
3.117140120967741836e+02 1.099543726858940386e-04 3.049179651186319662e-04
3.118390120967741836e+02 1.095340793829803174e-04 3.041122178299753486e-04
3.119640120967741836e+02 1.091153003284636106e-04 3.033082648784738268e-04
3.120890120967741836e+02 1.086980305557082408e-04 3.025061035429650212e-04
3.122140120967741836e+02 1.082822651117317528e-04 3.017057311015692981e-04
3.123390120967741836e+02 1.078679990571827828e-04 3.009071448316992569e-04
3.124640120967741836e+02 1.074552274663172869e-04 3.001103420101023387e-04
3.125890120967741836e+02 1.070439454269757866e-04 2.993153199128576283e-04
3.127140120967741836e+02 1.066341480405619963e-04 2.985220758154200353e-04
3.128390120967741836e+02 1.062258304220180222e-04 2.977306069926212158e-04
3.129640120967741836e+02 1.058189876998022721e-04 2.969409107187141869e-04
3.130890120967741836e+02 1.054136150158672828e-04 2.961529842673710504e-04
3.132140120967741836e+02 1.050097075256349464e-04 2.953668249117264149e-04
3.133390120967741836e+02 1.046072603979753414e-04 2.945824299243779377e-04
3.134640120967741836e+02 1.042062688151816602e-04 2.937997965774277959e-04
3.135890120967741836e+02 1.038067279729480919e-04 2.930189221424851255e-04
3.137140120967741836e+02 1.034086330803471210e-04 2.922398038907049987e-04
3.138390120967741836e+02 1.030119793598049575e-04 2.914624390927902128e-04
3.139640120967741836e+02 1.026167620470785105e-04 2.906868250190361761e-04
3.140890120967741836e+02 1.022229763912332304e-04 2.899129589393272758e-04
3.142140120967741836e+02 1.018306176546178058e-04 2.891408381231759094e-04
3.143390120967741836e+02 1.014396811128416125e-04 2.883704598397319172e-04
3.144640120967741836e+02 1.010501620547519451e-04 2.876018213578137531e-04
3.145890120967741836e+02 1.006620557824090123e-04 2.868349199459191098e-04
3.147140120967741836e+02 1.002753576110628305e-04 2.860697528722495300e-04
3.148390120967741836e+02 9.989006286913041429e-05 2.853063174047388672e-04
3.149640120967741836e+02 9.950616689817078585e-05 2.845446108110573510e-04
3.150890120967741836e+02 9.912366505286154263e-05 2.837846303586499678e-04
3.152140120967741836e+02 9.874255270097659050e-05 2.830263733147422075e-04
3.153390120967741836e+02 9.836282522335991962e-05 2.822698369463692283e-04
3.154640120967741836e+02 9.798447801390305304e-05 2.815150185203956976e-04
3.155890120967741836e+02 9.760750647952176346e-05 2.807619153035326512e-04
3.157140120967741836e+02 9.723190604013041830e-05 2.800105245623554914e-04
3.158390120967741836e+02 9.685767212861992972e-05 2.792608435633345612e-04
3.159640120967741836e+02 9.648480019083218102e-05 2.785128695728415955e-04
3.160890120967741836e+02 9.611328568553648588e-05 2.777665998571833854e-04
3.162140120967741836e+02 9.574312408440649490e-05 2.770220316826067656e-04
3.163390120967741836e+02 9.537431087199431021e-05 2.762791623153363989e-04
3.164640120967741836e+02 9.500684154570733779e-05 2.755379890215750474e-04
3.165890120967741836e+02 9.464071161578499068e-05 2.747985090675426033e-04
3.167140120967741836e+02 9.427591660527239706e-05 2.740607197194775530e-04
3.168390120967741836e+02 9.391245204999755069e-05 2.733246182436722136e-04
3.169640120967741836e+02 9.355031349854741783e-05 2.725902019064820026e-04
3.170890120967741836e+02 9.318949651224228226e-05 2.718574679743527601e-04
3.172140120967741836e+02 9.282999666511200130e-05 2.711264137138283924e-04
3.173390120967741836e+02 9.247180954387284452e-05 2.703970363915849696e-04
3.174640120967741836e+02 9.211493074790089012e-05 2.696693332744396713e-04
3.175890120967741836e+02 9.175935588920901276e-05 2.689433016293708975e-04
3.177140120967741836e+02 9.140508059242284135e-05 2.682189387235469464e-04
3.178390120967741836e+02 9.105210049475475178e-05 2.674962418243292126e-04
3.179640120967741836e+02 9.070041124598061076e-05 2.667752081993091584e-04
3.180890120967741836e+02 9.035000850841529998e-05 2.660558351163094522e-04
3.182140120967741836e+02 9.000088795688721021e-05 2.653381198434188798e-04
3.183390120967741836e+02 8.965304527871414497e-05 2.646220596489963018e-04
3.184640120967741836e+02 8.930647617367964421e-05 2.639076518017080585e-04
3.185890120967741836e+02 8.896117635400639428e-05 2.631948935705252595e-04
3.187140120967741836e+02 8.861714154433401533e-05 2.624837822247596706e-04
3.188390120967741836e+02 8.827436748169224085e-05 2.617743150340707614e-04
3.189640120967741836e+02 8.793284991547711945e-05 2.610664892684941654e-04
3.190890120967741836e+02 8.759258460742708110e-05 2.603603021984498113e-04
3.192140120967741836e+02 8.725356733159675361e-05 2.596557510947721729e-04
3.193390120967741836e+02 8.691579387433306957e-05 2.589528332287135753e-04
3.194640120967741836e+02 8.657926003425096665e-05 2.582515458719807327e-04
3.195890120967741836e+02 8.624396162220739385e-05 2.575518862967339897e-04
3.197140120967741836e+02 8.590989446127710667e-05 2.568538517756234246e-04
3.198390120967741836e+02 8.557705438672874696e-05 2.561574395817881999e-04
3.199640120967741836e+02 8.524543724599834764e-05 2.554626469888977608e-04
3.200890120967741836e+02 8.491503889866553454e-05 2.547694712711449515e-04
3.202140120967741836e+02 8.458585521642906406e-05 2.540779097032795164e-04
3.203390120967741836e+02 8.425788208308065323e-05 2.533879595606253936e-04
3.204640120967741836e+02 8.393111539448091043e-05 2.526996181190883039e-04
3.205890120967741836e+02 8.360555105853488664e-05 2.520128826551883312e-04
3.207140120967741836e+02 8.328118499516619009e-05 2.513277504460613865e-04
3.208390120967741836e+02 8.295801313629237489e-05 2.506442187694931430e-04
3.209640120967741836e+02 8.263603142580074978e-05 2.499622849039193615e-04
3.210890120967741836e+02 8.231523581952199134e-05 2.492819461284614523e-04
3.212140120967741836e+02 8.199562228520692849e-05 2.486031997229255536e-04
3.213390120967741836e+02 8.167718680249993893e-05 2.479260429678355453e-04
3.214640120967741836e+02 8.135992536291487983e-05 2.472504731444416146e-04
3.215890120967741836e+02 8.104383396981038154e-05 2.465764875347396627e-04
3.217140120967741836e+02 8.072890863836382680e-05 2.459040834214859419e-04
3.218390120967741836e+02 8.041514539554696969e-05 2.452332580882200948e-04
3.219640120967741836e+02 8.010254028010139202e-05 2.445640088192744784e-04
3.220890120967741836e+02 7.979108934251257737e-05 2.438963328997984230e-04
3.222140120967741836e+02 7.948078864498502863e-05 2.432302276157683970e-04
3.223390120967741836e+02 7.917163426141823933e-05 2.425656902540116963e-04
3.224640120967741836e+02 7.886362227738030696e-05 2.419027181022152806e-04
3.225890120967741836e+02 7.855674879008344347e-05 2.412413084489505477e-04
3.227140120967741836e+02 7.825100990835956720e-05 2.405814585836818715e-04
3.228390120967741836e+02 7.794640175263422785e-05 2.399231657967918093e-04
3.229640120967741836e+02 7.764292045490180528e-05 2.392664273795874991e-04
3.230890120967741836e+02 7.734056215870133187e-05 2.386112406243275205e-04
3.232140120967741836e+02 7.703932301909007863e-05 2.379576028242311918e-04
3.233390120967741836e+02 7.673919920261917417e-05 2.373055112734950226e-04
3.234640120967741836e+02 7.644018688730916953e-05 2.366549632673137205e-04
3.235890120967741836e+02 7.614228226262369204e-05 2.360059561018897317e-04
3.237140120967741836e+02 7.584548152944491529e-05 2.353584870744573107e-04
3.238390120967741836e+02 7.554978090004923227e-05 2.347125534832878054e-04
3.239640120967741836e+02 7.525517659808076028e-05 2.340681526277187412e-04
3.240890120967741836e+02 7.496166485852770521e-05 2.334252818081557451e-04
3.242140120967741836e+02 7.466924192769624591e-05 2.327839383261019279e-04
3.243390120967741836e+02 7.437790406318567880e-05 2.321441194841598085e-04
3.244640120967741836e+02 7.408764753386411824e-05 2.315058225860602077e-04
3.245890120967741836e+02 7.379846861984227233e-05 2.308690449366687268e-04
3.247140120967741836e+02 7.351036361244888578e-05 2.302337838420063197e-04
3.248390120967741836e+02 7.322332881420644019e-05 2.296000366092584009e-04
3.249640120967741836e+02 7.293736053880467245e-05 2.289678005467992935e-04
3.250890120967741836e+02 7.265245511107628858e-05 2.283370729641986268e-04
3.252140120967741836e+02 7.236860886697239303e-05 2.277078511722444292e-04
3.253390120967741836e+02 7.208581815353640003e-05 2.270801324829511514e-04
3.254640120967741836e+02 7.180407932887938156e-05 2.264539142095817030e-04
3.255890120967741836e+02 7.152338876215588964e-05 2.258291936666565868e-04
3.257140120967741836e+02 7.124374283353750181e-05 2.252059681699697554e-04
3.258390120967741836e+02 7.096513793418854853e-05 2.245842350366109995e-04
3.259640120967741836e+02 7.068757046624147471e-05 2.239639915849668702e-04
3.260890120967741836e+02 7.041103684277085948e-05 2.233452351347522014e-04
3.262140120967741836e+02 7.013553348776910301e-05 2.227279630070094600e-04
3.263390120967741836e+02 6.986105683612159822e-05 2.221121725241340073e-04
3.264640120967741836e+02 6.958760333358076419e-05 2.214978610098811195e-04
3.265890120967741836e+02 6.931516943674234275e-05 2.208850257893886742e-04
3.267140120967741836e+02 6.904375161301940476e-05 2.202736641891828975e-04
3.268390120967741836e+02 6.877334634061754899e-05 2.196637735372007519e-04
3.269640120967741836e+02 6.850395010851095476e-05 2.190553511627970381e-04
3.270890120967741836e+02 6.823555941641590034e-05 2.184483943967657814e-04
3.272140120967741836e+02 6.796817077476672078e-05 2.178429005713463566e-04
3.273390120967741836e+02 6.770178070469108807e-05 2.172388670202479103e-04
3.274640120967741836e+02 6.743638573798436974e-05 2.166362910786494690e-04
3.275890120967741836e+02 6.717198241708511241e-05 2.160351700832329532e-04
3.277140120967741836e+02 6.690856729505056586e-05 2.154355013721759944e-04
3.278390120967741836e+02 6.664613693553096034e-05 2.148372822851829977e-04
3.279640120967741836e+02 6.638468791274492234e-05 2.142405101634873915e-04
3.280890120967741836e+02 6.612421681145539169e-05 2.136451823498737991e-04
3.282140120967741836e+02 6.586472022694347874e-05 2.130512961886841378e-04
3.283390120967741836e+02 6.560619476498461195e-05 2.124588490258394382e-04
3.284640120967741836e+02 6.534863704182353346e-05 2.118678382088457803e-04
3.285890120967741836e+02 6.509204368414911847e-05 2.112782610868103395e-04
3.287140120967741836e+02 6.483641132906970968e-05 2.106901150104599810e-04
3.288390120967741836e+02 6.458173662408900730e-05 2.101033973321443497e-04
3.289640120967741836e+02 6.432801622708023798e-05 2.095181054058592343e-04
3.290890120967741836e+02 6.407524680626243787e-05 2.089342365872543200e-04
3.292140120967741836e+02 6.382342504017479766e-05 2.083517882336479333e-04
3.293390120967741836e+02 6.357254761765244425e-05 2.077707577040376942e-04
3.294640120967741836e+02 6.332261123780210039e-05 2.071911423591186227e-04
3.295890120967741836e+02 6.307361260997652462e-05 2.066129395612898876e-04
3.297140120967741836e+02 6.282554845375044200e-05 2.060361466746742413e-04
3.298390120967741836e+02 6.257841549889606820e-05 2.054607610651245514e-04
3.299640120967741836e+02 6.233221048535780699e-05 2.048867801002423412e-04
3.300890120967741836e+02 6.208693016322799115e-05 2.043142011493849725e-04
3.302140120967741836e+02 6.184257129272277261e-05 2.037430215836842390e-04
3.303390120967741836e+02 6.159913064415668425e-05 2.031732387760519509e-04
3.304640120967741836e+02 6.135660499791844875e-05 2.026048501011995582e-04
3.305890120967741836e+02 6.111499114444688210e-05 2.020378529356466350e-04
3.307140120967741836e+02 6.087428588420557078e-05 2.014722446577348384e-04
3.308390120967741836e+02 6.063448602765874143e-05 2.009080226476351997e-04
3.309640120967741836e+02 6.039558839524723224e-05 2.003451842873707305e-04
3.310890120967741836e+02 6.015758981736327849e-05 1.997837269608177500e-04
3.312140120967741836e+02 5.992048713432627382e-05 1.992236480537240193e-04
3.313390120967741836e+02 5.968427719635895849e-05 1.986649449537217238e-04
3.314640120967741836e+02 5.944895686356206253e-05 1.981076150503338434e-04
3.315890120967741836e+02 5.921452300589041947e-05 1.975516557349937493e-04
3.317140120967741836e+02 5.898097250312903935e-05 1.969970644010482670e-04
3.318390120967741836e+02 5.874830224486775869e-05 1.964438384437793331e-04
3.319640120967741836e+02 5.851650913047799790e-05 1.958919752604044832e-04
3.320890120967741836e+02 5.828559006908758073e-05 1.953414722501029812e-04
3.322140120967741836e+02 5.805554197955680048e-05 1.947923268140108863e-04
3.323390120967741836e+02 5.782636179045459463e-05 1.942445363552470735e-04
3.324640120967741836e+02 5.759804644003368280e-05 1.936980982789141556e-04
3.325890120967741836e+02 5.737059287620640928e-05 1.931530099921177548e-04
3.327140120967741836e+02 5.714399805652129046e-05 1.926092689039720859e-04
3.328390120967741836e+02 5.691825894813791551e-05 1.920668724256162200e-04
3.329640120967741836e+02 5.669337252780317526e-05 1.915258179702200472e-04
3.330890120967741836e+02 5.646933578182765368e-05 1.909861029530014341e-04
3.332140120967741836e+02 5.624614570606077934e-05 1.904477247912311571e-04
3.333390120967741836e+02 5.602379930586697296e-05 1.899106809042500326e-04
3.334640120967741836e+02 5.580229359610216767e-05 1.893749687134740943e-04
3.335890120967741836e+02 5.558162560108891975e-05 1.888405856424105308e-04
3.337140120967741836e+02 5.536179235459289503e-05 1.883075291166660069e-04
3.338390120967741836e+02 5.514279089979932138e-05 1.877757965639590505e-04
3.339640120967741836e+02 5.492461828928810625e-05 1.872453854141270459e-04
3.340890120967741836e+02 5.470727158501047889e-05 1.867162930991409788e-04
3.342140120967741836e+02 5.449074785826542251e-05 1.861885170531163056e-04
3.343390120967741836e+02 5.427504418967495450e-05 1.856620547123194584e-04
3.344640120967741836e+02 5.406015766916123615e-05 1.851369035151836473e-04
3.345890120967741836e+02 5.384608539592207650e-05 1.846130609023136310e-04
3.347140120967741836e+02 5.363282447840725609e-05 1.840905243165024405e-04
3.348390120967741836e+02 5.342037203429537241e-05 1.835692912027345235e-04
3.349640120967741836e+02 5.320872519046924211e-05 1.830493590082044465e-04
3.350890120967741836e+02 5.299788108299261776e-05 1.825307251823167596e-04
3.352140120967741836e+02 5.278783685708701977e-05 1.820133871767098217e-04
3.353390120967741836e+02 5.257858966710711826e-05 1.814973424452503254e-04
3.354640120967741836e+02 5.237013667651757175e-05 1.809825884440567970e-04
3.355890120967741836e+02 5.216247505786996758e-05 1.804691226314992440e-04
3.357140120967741836e+02 5.195560199277833927e-05 1.799569424682181831e-04
3.358390120967741836e+02 5.174951467189600518e-05 1.794460454171262936e-04
3.359640120967741836e+02 5.154421029489269194e-05 1.789364289434245173e-04
3.360890120967741836e+02 5.133968607042999077e-05 1.784280905146074534e-04
3.362140120967741836e+02 5.113593921613849436e-05 1.779210276004767742e-04
3.363390120967741836e+02 5.093296695859468305e-05 1.774152376731467288e-04
3.364640120967741836e+02 5.073076653329682169e-05 1.769107182070583451e-04
3.365890120967741836e+02 5.052933518464202192e-05 1.764074666789839025e-04
3.367140120967741836e+02 5.032867016590321650e-05 1.759054805680409183e-04
3.368390120967741836e+02 5.012876873920500865e-05 1.754047573557003872e-04
3.369640120967741836e+02 4.992962817550146627e-05 1.749052945257920403e-04
3.370890120967741836e+02 4.973124575455192386e-05 1.744070895645204178e-04
3.372140120967741836e+02 4.953361876489825499e-05 1.739101399604678778e-04
3.373390120967741836e+02 4.933674450384207015e-05 1.734144432046090165e-04
3.374640120967741836e+02 4.914062027742073551e-05 1.729199967903146252e-04
3.375890120967741836e+02 4.894524340038469961e-05 1.724267982133660020e-04
3.377140120967741836e+02 4.875061119617478606e-05 1.719348449719585294e-04
3.378390120967741836e+02 4.855672099689839531e-05 1.714441345667162570e-04
3.379640120967741836e+02 4.836357014330695326e-05 1.709546645006945038e-04
3.380890120967741836e+02 4.817115598477312265e-05 1.704664322793949551e-04
3.382140120967741836e+02 4.797947587926724880e-05 1.699794354107703252e-04
3.383390120967741836e+02 4.778852719333475399e-05 1.694936714052351992e-04
3.384640120967741836e+02 4.759830730207365382e-05 1.690091377756708303e-04
3.385890120967741836e+02 4.740881358911089446e-05 1.685258320374405090e-04
3.387140120967741836e+02 4.722004344658007236e-05 1.680437517083901316e-04
3.388390120967741836e+02 4.703199427509880824e-05 1.675628943088647077e-04
3.389640120967741836e+02 4.684466348374535550e-05 1.670832573617090375e-04
3.390890120967741836e+02 4.665804849003624523e-05 1.666048383922826470e-04
3.392140120967741836e+02 4.647214671990389755e-05 1.661276349284631759e-04
3.393390120967741836e+02 4.628695560767341280e-05 1.656516445006584392e-04
3.394640120967741836e+02 4.610247259604010152e-05 1.651768646418118216e-04
3.395890120967741836e+02 4.591869513604732606e-05 1.647032928874094058e-04
3.397140120967741836e+02 4.573562068706316309e-05 1.642309267754955848e-04
3.398390120967741836e+02 4.555324671675877379e-05 1.637597638466697827e-04
3.399640120967741836e+02 4.537157070108510030e-05 1.632898016441041540e-04
3.400890120967741836e+02 4.519059012425082251e-05 1.628210377135443424e-04
3.402140120967741836e+02 4.501030247870018612e-05 1.623534696033234132e-04
3.403390120967741836e+02 4.483070526508995660e-05 1.618870948643641027e-04
3.404640120967741836e+02 4.465179599226747081e-05 1.614219110501916119e-04
3.405890120967741836e+02 4.447357217724856002e-05 1.609579157169367507e-04
3.407140120967741836e+02 4.429603134519475449e-05 1.604951064233477284e-04
3.408390120967741836e+02 4.411917102939113866e-05 1.600334807307934068e-04
3.409640120967741836e+02 4.394298877122469423e-05 1.595730362032754155e-04
3.410890120967741836e+02 4.376748212016128118e-05 1.591137704074302938e-04
3.412140120967741836e+02 4.359264863372398080e-05 1.586556809125446962e-04
3.413390120967741836e+02 4.341848587747114066e-05 1.581987652905524923e-04
3.414640120967741836e+02 4.324499142497390447e-05 1.577430211160519246e-04
3.415890120967741836e+02 4.307216285779421635e-05 1.572884459663047676e-04
3.417140120967741836e+02 4.289999776546331973e-05 1.568350374212507754e-04
3.418390120967741836e+02 4.272849374545907721e-05 1.563827930635077357e-04
3.419640120967741836e+02 4.255764840318438817e-05 1.559317104783856456e-04
3.420890120967741836e+02 4.238745935194568765e-05 1.554817872538870912e-04
3.422140120967741836e+02 4.221792421293016459e-05 1.550330209807184150e-04
3.423390120967741836e+02 4.204904061518493835e-05 1.545854092522967358e-04
3.424640120967741836e+02 4.188080619559445309e-05 1.541389496647530119e-04
3.425890120967741836e+02 4.171321859885912580e-05 1.536936398169439129e-04
3.427140120967741836e+02 4.154627547747385193e-05 1.532494773104549368e-04
3.428390120967741836e+02 4.137997449170581320e-05 1.528064597496097614e-04
3.429640120967741836e+02 4.121431330957302388e-05 1.523645847414721957e-04
3.430890120967741836e+02 4.104928960682312114e-05 1.519238498958600035e-04
3.432140120967741836e+02 4.088490106691115920e-05 1.514842528253438193e-04
3.433390120967741836e+02 4.072114538097835221e-05 1.510457911452608363e-04
3.434640120967741836e+02 4.055802024783100682e-05 1.506084624737145624e-04
3.435890120967741836e+02 4.039552337391830286e-05 1.501722644315869903e-04
3.437140120967741836e+02 4.023365247331127332e-05 1.497371946425400885e-04
3.438390120967741836e+02 4.007240526768166244e-05 1.493032507330266975e-04
3.439640120967741836e+02 3.991177948628007901e-05 1.488704303322922371e-04
3.440890120967741836e+02 3.975177286591483414e-05 1.484387310723851966e-04
3.442140120967741836e+02 3.959238315093117872e-05 1.480081505881580286e-04
3.443390120967741836e+02 3.943360809318928743e-05 1.475786865172813527e-04
3.444640120967741836e+02 3.927544545204345554e-05 1.471503365002402146e-04
3.445890120967741836e+02 3.911789299432119415e-05 1.467230981803482079e-04
3.447140120967741836e+02 3.896094849430142419e-05 1.462969692037468508e-04
3.448390120967741836e+02 3.880460973369431705e-05 1.458719472194187320e-04
3.449640120967741836e+02 3.864887450161931911e-05 1.454480298791857758e-04
3.450890120967741836e+02 3.849374059458464002e-05 1.450252148377200302e-04
3.452140120967741836e+02 3.833920581646647668e-05 1.446034997525487897e-04
3.453390120967741836e+02 3.818526797848756637e-05 1.441828822840574410e-04
3.454640120967741836e+02 3.803192489919651233e-05 1.437633600954995195e-04
3.455890120967741836e+02 3.787917440444733982e-05 1.433449308529973864e-04
3.457140120967741836e+02 3.772701432737791369e-05 1.429275922255520412e-04
3.458390120967741836e+02 3.757544250838967738e-05 1.425113418850462656e-04
3.459640120967741836e+02 3.742445679512700562e-05 1.420961775062513997e-04
3.460890120967741836e+02 3.727405504245602860e-05 1.416820967668297275e-04
3.462140120967741836e+02 3.712423511244432355e-05 1.412690973473449123e-04
3.463390120967741836e+02 3.697499487434040971e-05 1.408571769312617526e-04
3.464640120967741836e+02 3.682633220455272164e-05 1.404463332049564548e-04
3.465890120967741836e+02 3.667824498662930748e-05 1.400365638577171217e-04
3.467140120967741836e+02 3.653073111123763574e-05 1.396278665817538619e-04
3.468390120967741836e+02 3.638378847614348718e-05 1.392202390721983837e-04
3.469640120967741836e+02 3.623741498619094457e-05 1.388136790271145391e-04
3.470890120967741836e+02 3.609160855328215193e-05 1.384081841474986212e-04
3.472140120967741836e+02 3.594636709635646400e-05 1.380037521372874968e-04
3.473390120967741836e+02 3.580168854137041559e-05 1.376003807033627797e-04
3.474640120967741836e+02 3.565757082127768418e-05 1.371980675555549509e-04
3.475890120967741836e+02 3.551401187600833424e-05 1.367968104066480753e-04
3.477140120967741836e+02 3.537100965244919311e-05 1.363966069723844359e-04
3.478390120967741836e+02 3.522856210442316992e-05 1.359974549714719613e-04
3.479640120967741836e+02 3.508666719266939431e-05 1.355993521255844422e-04
3.480890120967741836e+02 3.494532288482336878e-05 1.352022961593705845e-04
3.482140120967741836e+02 3.480452715539644336e-05 1.348062848004545242e-04
3.483390120967741836e+02 3.466427798575608994e-05 1.344113157794440678e-04
3.484640120967741836e+02 3.452457336410616300e-05 1.340173868299317217e-04
3.485890120967741836e+02 3.438541128546649626e-05 1.336244956885027427e-04
3.487140120967741836e+02 3.424678975165327866e-05 1.332326400947347856e-04
3.488390120967741836e+02 3.410870677125945059e-05 1.328418177912094229e-04
3.489640120967741836e+02 3.397116035963445647e-05 1.324520265235073471e-04
3.490890120967741836e+02 3.383414853886465448e-05 1.320632640402211644e-04
3.492140120967741836e+02 3.369766933775392300e-05 1.316755280929525756e-04
3.493390120967741836e+02 3.356172079180344016e-05 1.312888164363228388e-04
3.494640120967741836e+02 3.342630094319229021e-05 1.309031268279710076e-04
3.495890120967741836e+02 3.329140784075813761e-05 1.305184570285633364e-04
3.497140120967741836e+02 3.315703953997719639e-05 1.301348048017923590e-04
3.498390120967741836e+02 3.302319410294487714e-05 1.297521679143856977e-04
3.499640120967741836e+02 3.288986959835662376e-05 1.293705441361051413e-04
3.500890120967741836e+02 3.275706410148785568e-05 1.289899312397553197e-04
3.502140120967741836e+02 3.262477569417525185e-05 1.286103270011824831e-04
3.503390120967741836e+02 3.249300246479684207e-05 1.282317291992847213e-04
3.504640120967741836e+02 3.236174250825285726e-05 1.278541356160091988e-04
3.505890120967741836e+02 3.223099392594676272e-05 1.274775440363584971e-04
3.507140120967741836e+02 3.210075482576549175e-05 1.271019522483968222e-04
3.508390120967741836e+02 3.197102332206051953e-05 1.267273580432485679e-04
3.509640120967741836e+02 3.184179753562888963e-05 1.263537592151073958e-04
3.510890120967741836e+02 3.171307559369371867e-05 1.259811535612343923e-04
3.512140120967741836e+02 3.158485562988524987e-05 1.256095388819663899e-04
3.513390120967741836e+02 3.145713578422207606e-05 1.252389129807152893e-04
3.514640120967741836e+02 3.132991420309173244e-05 1.248692736639753513e-04
3.515890120967741836e+02 3.120318903923188569e-05 1.245006187413225996e-04
3.517140120967741836e+02 3.107695845171171953e-05 1.241329460254215165e-04
3.518390120967741836e+02 3.095122060591255466e-05 1.237662533320269670e-04
3.519640120967741836e+02 3.082597367350924789e-05 1.234005384799873159e-04
3.520890120967741836e+02 3.070121583245160484e-05 1.230357992912467860e-04
3.522140120967741836e+02 3.057694526694523026e-05 1.226720335908511501e-04
3.523390120967741836e+02 3.045316016743294745e-05 1.223092392069475415e-04
3.524640120967741836e+02 3.032985873057645159e-05 1.219474139707911350e-04
3.525890120967741836e+02 3.020703915923715998e-05 1.215865557167444426e-04
3.527140120967741836e+02 3.008469966245776029e-05 1.212266622822840892e-04
3.528390120967741836e+02 2.996283845544408405e-05 1.208677315079998511e-04
3.529640120967741836e+02 2.984145375954593661e-05 1.205097612376015943e-04
3.530890120967741836e+02 2.972054380223912985e-05 1.201527493179182989e-04
3.532140120967741836e+02 2.960010681710678989e-05 1.197966935989028161e-04
3.533390120967741836e+02 2.948014104382087820e-05 1.194415919336371673e-04
3.534640120967741836e+02 2.936064472812429890e-05 1.190874421783287627e-04
3.535890120967741836e+02 2.924161612181209457e-05 1.187342421923202949e-04
3.537140120967741836e+02 2.912305348271320801e-05 1.183819898380864184e-04
3.538390120967741836e+02 2.900495507467277921e-05 1.180306829812415286e-04
3.539640120967741836e+02 2.888731916753320230e-05 1.176803194905374583e-04
3.540890120967741836e+02 2.877014403711646324e-05 1.173308972378707009e-04
3.542140120967741836e+02 2.865342796520610141e-05 1.169824140982805535e-04
3.543390120967741836e+02 2.853716923952862567e-05 1.166348679499558665e-04
3.544640120967741836e+02 2.842136615373597744e-05 1.162882566742328750e-04
3.545890120967741836e+02 2.830601700738739061e-05 1.159425781556023275e-04
3.547140120967741836e+02 2.819112010593134972e-05 1.155978302817069919e-04
3.548390120967741836e+02 2.807667376068773797e-05 1.152540109433497197e-04
3.549640120967741836e+02 2.796267628883005959e-05 1.149111180344892445e-04
3.550890120967741836e+02 2.784912601336751332e-05 1.145691494522478257e-04
3.552140120967741836e+02 2.773602126312703527e-05 1.142281030969096491e-04
3.553390120967741836e+02 2.762336037273610754e-05 1.138879768719260993e-04
3.554640120967741836e+02 2.751114168260426919e-05 1.135487686839148374e-04
3.555890120967741836e+02 2.739936353890623321e-05 1.132104764426649653e-04
3.557140120967741836e+02 2.728802429356367524e-05 1.128730980611357783e-04
3.558390120967741836e+02 2.717712230422779493e-05 1.125366314554622542e-04
3.559640120967741836e+02 2.706665593426212790e-05 1.122010745449538739e-04
3.560890120967741836e+02 2.695662355272444976e-05 1.118664252520981727e-04
3.562140120967741836e+02 2.684702353434968635e-05 1.115326815025632061e-04
3.563390120967741836e+02 2.673785425953262748e-05 1.111998412251968458e-04
3.564640120967741836e+02 2.662911411431002071e-05 1.108679023520331219e-04
3.565890120967741836e+02 2.652080149034366451e-05 1.105368628182884012e-04
3.567140120967741836e+02 2.641291478490305426e-05 1.102067205623677296e-04
3.568390120967741836e+02 2.630545240084791649e-05 1.098774735258631926e-04
3.569640120967741836e+02 2.619841274661113261e-05 1.095491196535588752e-04
3.570890120967741836e+02 2.609179423618160180e-05 1.092216568934289918e-04
3.572140120967741836e+02 2.598559528908696829e-05 1.088950831966429682e-04
3.573390120967741836e+02 2.587981433037646385e-05 1.085693965175633957e-04
3.574640120967741836e+02 2.577444979060423822e-05 1.082445948137513835e-04
3.575890120967741836e+02 2.566950010581184582e-05 1.079206760459642015e-04
3.577140120967741836e+02 2.556496371751139997e-05 1.075976381781602940e-04
3.578390120967741836e+02 2.546083907266901171e-05 1.072754791774969626e-04
3.579640120967741836e+02 2.535712462368720538e-05 1.069541970143368171e-04
3.580890120967741836e+02 2.525381882838881147e-05 1.066337896622432895e-04
3.582140120967741836e+02 2.515092014999942621e-05 1.063142550979862992e-04
3.583390120967741836e+02 2.504842705713111135e-05 1.059955913015409924e-04
3.584640120967741836e+02 2.494633802376563974e-05 1.056777962560910761e-04
3.585890120967741836e+02 2.484465152923741587e-05 1.053608679480282355e-04
3.587140120967741836e+02 2.474336605821718903e-05 1.050448043669535703e-04
3.588390120967741836e+02 2.464248010069534987e-05 1.047296035056803051e-04
3.589640120967741836e+02 2.454199215196519642e-05 1.044152633602327736e-04
3.590890120967741836e+02 2.444190071260653887e-05 1.041017819298493047e-04
3.592140120967741836e+02 2.434220428846921300e-05 1.037891572169814363e-04
3.593390120967741836e+02 2.424290139065650874e-05 1.034773872272964099e-04
3.594640120967741836e+02 2.414399053550868359e-05 1.031664699696781994e-04
3.595890120967741836e+02 2.404547024458695705e-05 1.028564034562272952e-04
3.597140120967741836e+02 2.394733904465674276e-05 1.025471857022615575e-04
3.598390120967741836e+02 2.384959546767140921e-05 1.022388147263191845e-04
3.599640120967741836e+02 2.375223805075640630e-05 1.019312885501562729e-04
3.600890120967741836e+02 2.365526533619248057e-05 1.016246051987513172e-04
3.602140120967741836e+02 2.355867587139982887e-05 1.013187627003021743e-04
3.603390120967741836e+02 2.346246820892206579e-05 1.010137590862305760e-04
3.604640120967741836e+02 2.336664090640969287e-05 1.007095923911792429e-04
3.605890120967741836e+02 2.327119252660439131e-05 1.004062606530158817e-04
3.607140120967741836e+02 2.317612163732293167e-05 1.001037619128305567e-04
3.608390120967741836e+02 2.308142681144104301e-05 9.980209421493921285e-05
3.609640120967741836e+02 2.298710662687768517e-05 9.950125560688271404e-05
3.610890120967741836e+02 2.289315966657891446e-05 9.920124413942775076e-05
3.612140120967741836e+02 2.279958451850214586e-05 9.890205786656647432e-05
3.613390120967741836e+02 2.270637977560038457e-05 9.860369484551890920e-05
3.614640120967741836e+02 2.261354403580628151e-05 9.830615313673146227e-05
3.615890120967741836e+02 2.252107590201638191e-05 9.800943080387795273e-05
3.617140120967741836e+02 2.242897398207570925e-05 9.771352591386136047e-05
3.618390120967741836e+02 2.233723688876171573e-05 9.741843653681152206e-05
3.619640120967741836e+02 2.224586323976875785e-05 9.712416074608839697e-05
3.620890120967741836e+02 2.215485165769277864e-05 9.683069661827943834e-05
3.622140120967741836e+02 2.206420077001530552e-05 9.653804223320275075e-05
3.623390120967741836e+02 2.197390920908823760e-05 9.624619567390408151e-05
3.624640120967741836e+02 2.188397561211843307e-05 9.595515502666142858e-05
3.625890120967741836e+02 2.179439862115191710e-05 9.566491838098020229e-05
3.627140120967741836e+02 2.170517688305881145e-05 9.537548382959718267e-05
3.628390120967741836e+02 2.161630904951790150e-05 9.508684946847812064e-05
3.629640120967741836e+02 2.152779377700123046e-05 9.479901339682024529e-05
3.630890120967741836e+02 2.143962972675885273e-05 9.451197371704974303e-05
3.632140120967741836e+02 2.135181556480370593e-05 9.422572853482411579e-05
3.633390120967741836e+02 2.126434996189619149e-05 9.394027595902987705e-05
3.634640120967741836e+02 2.117723159352926686e-05 9.365561410178523528e-05
3.635890120967741836e+02 2.109045913991309393e-05 9.337174107843719366e-05
3.637140120967741836e+02 2.100403128595999905e-05 9.308865500756373205e-05
3.638390120967741836e+02 2.091794672126965002e-05 9.280635401097128625e-05
3.639640120967741836e+02 2.083220414011373490e-05 9.252483621369871883e-05
3.640890120967741836e+02 2.074680224142107121e-05 9.224409974401185752e-05
3.642140120967741836e+02 2.066173972876293868e-05 9.196414273340735765e-05
3.643390120967741836e+02 2.057701531033776491e-05 9.168496331661027626e-05
3.644640120967741836e+02 2.049262769895652254e-05 9.140655963157473616e-05
3.645890120967741836e+02 2.040857561202804842e-05 9.112892981948383106e-05
3.647140120967741836e+02 2.032485777154383774e-05 9.085207202474814838e-05
3.648390120967741836e+02 2.024147290406367491e-05 9.057598439500728709e-05
3.649640120967741836e+02 2.015841974070084101e-05 9.030066508112714722e-05
3.650890120967741836e+02 2.007569701710735846e-05 9.002611223720180013e-05
3.652140120967741836e+02 1.999330347345941190e-05 8.975232402055107611e-05
3.653390120967741836e+02 1.991123785444286052e-05 8.947929859172181128e-05
3.654640120967741836e+02 1.982949890923856070e-05 8.920703411448627543e-05
3.655890120967741836e+02 1.974808539150778685e-05 8.893552875584247023e-05
3.657140120967741836e+02 1.966699605937811309e-05 8.866478068601192013e-05
3.658390120967741836e+02 1.958622967542845462e-05 8.839478807844178656e-05
3.659640120967741836e+02 1.950578500667518998e-05 8.812554910980116812e-05
3.660890120967741836e+02 1.942566082455744633e-05 8.785706195998360776e-05
3.662140120967741836e+02 1.934585590492281514e-05 8.758932481210370468e-05
3.663390120967741836e+02 1.926636902801335917e-05 8.732233585249894389e-05
3.664640120967741836e+02 1.918719897845094866e-05 8.705609327072613192e-05
3.665890120967741836e+02 1.910834454522330561e-05 8.679059525956374138e-05
3.667140120967741836e+02 1.902980452166993624e-05 8.652584001500873972e-05
3.668390120967741836e+02 1.895157770546762642e-05 8.626182573627733455e-05
3.669640120967741836e+02 1.887366289861666552e-05 8.599855062580280529e-05
3.670890120967741836e+02 1.879605890742673142e-05 8.573601288923647895e-05
3.672140120967741836e+02 1.871876454250275869e-05 8.547421073544568364e-05
3.673390120967741836e+02 1.864177861873100650e-05 8.521314237651193260e-05
3.674640120967741836e+02 1.856509995526521139e-05 8.495280602773271311e-05
3.675890120967741836e+02 1.848872737551254344e-05 8.469319990761778663e-05
3.677140120967741836e+02 1.841265970711970139e-05 8.443432223789023238e-05
3.678390120967741836e+02 1.833689578195935670e-05 8.417617124348387232e-05
3.679640120967741836e+02 1.826143443611602166e-05 8.391874515254415211e-05
3.680890120967741836e+02 1.818627450987237492e-05 8.366204219642501042e-05
3.682140120967741836e+02 1.811141484769579702e-05 8.340606060968965149e-05
3.683390120967741836e+02 1.803685429822427238e-05 8.315079863010784811e-05
3.684640120967741836e+02 1.796259171425301974e-05 8.289625449865634826e-05
3.685890120967741836e+02 1.788862595272085833e-05 8.264242645951731651e-05
3.687140120967741836e+02 1.781495587469646895e-05 8.238931276007632829e-05
3.688390120967741836e+02 1.774158034536511933e-05 8.213691165092173291e-05
3.689640120967741836e+02 1.766849823401483711e-05 8.188522138584446381e-05
3.690890120967741836e+02 1.759570841402318262e-05 8.163424022183460977e-05
3.692140120967741836e+02 1.752320976284380135e-05 8.138396641908281085e-05
3.693390120967741836e+02 1.745100116199290531e-05 8.113439824097646365e-05
3.694640120967741836e+02 1.737908149703599157e-05 8.088553395410095462e-05
3.695890120967741836e+02 1.730744965757459466e-05 8.063737182823549939e-05
3.697140120967741836e+02 1.723610453723287633e-05 8.038991013635476913e-05
3.698390120967741836e+02 1.716504503364435762e-05 8.014314715462538040e-05
3.699640120967741836e+02 1.709427004843895931e-05 7.989708116240455346e-05
3.700890120967741836e+02 1.702377848722952386e-05 7.965171044224165727e-05
3.702140120967741836e+02 1.695356925959875421e-05 7.940703327987200244e-05
3.703390120967741836e+02 1.688364127908633885e-05 7.916304796421994472e-05
3.704640120967741836e+02 1.681399346317552469e-05 7.891975278739366733e-05
3.705890120967741836e+02 1.674462473328032681e-05 7.867714604468695628e-05
3.707140120967741836e+02 1.667553401473256553e-05 7.843522603457494494e-05
3.708390120967741836e+02 1.660672023676866958e-05 7.819399105871507622e-05
3.709640120967741836e+02 1.653818233251695371e-05 7.795343942194284711e-05
3.710890120967741836e+02 1.646991923898473697e-05 7.771356943227309614e-05
3.712140120967741836e+02 1.640192989704532893e-05 7.747437940089585634e-05
3.713390120967741836e+02 1.633421325142541227e-05 7.723586764217655850e-05
3.714640120967741836e+02 1.626676825069209672e-05 7.699803247365292764e-05
3.715890120967741836e+02 1.619959384724023728e-05 7.676087221603568778e-05
3.717140120967741836e+02 1.613268899727980329e-05 7.652438519320350679e-05
3.718390120967741836e+02 1.606605266082307125e-05 7.628856973220417552e-05
3.719640120967741836e+02 1.599968380167199390e-05 7.605342416325098923e-05
3.720890120967741836e+02 1.593358138740579626e-05 7.581894681972292378e-05
3.722140120967741836e+02 1.586774438936814816e-05 7.558513603816035306e-05
3.723390120967741836e+02 1.580217178265469930e-05 7.535199015826605183e-05
3.724640120967741836e+02 1.573686254610080066e-05 7.511950752290107581e-05
3.725890120967741836e+02 1.567181566226868043e-05 7.488768647808402980e-05
3.727140120967741836e+02 1.560703011743525689e-05 7.465652537298953623e-05
3.728390120967741836e+02 1.554250490157978192e-05 7.442602255994525367e-05
3.729640120967741836e+02 1.547823900837125744e-05 7.419617639443111784e-05
3.730890120967741836e+02 1.541423143515628218e-05 7.396698523507688858e-05
3.732140120967741836e+02 1.535048118294679009e-05 7.373844744366052362e-05
3.733390120967741836e+02 1.528698725640765309e-05 7.351056138510523761e-05
3.734640120967741836e+02 1.522374866384453299e-05 7.328332542747933954e-05
3.735890120967741836e+02 1.516076441719179426e-05 7.305673794199222116e-05
3.737140120967741836e+02 1.509803353200015267e-05 7.283079730299435700e-05
3.738390120967741836e+02 1.503555502742474732e-05 7.260550188797344187e-05
3.739640120967741836e+02 1.497332792621295694e-05 7.238085007755414696e-05
3.740890120967741836e+02 1.491135125469229577e-05 7.215684025549394564e-05
3.742140120967741836e+02 1.484962404275863983e-05 7.193347080868354711e-05
3.743390120967741836e+02 1.478814532386398388e-05 7.171074012714236990e-05
3.744640120967741836e+02 1.472691413500454233e-05 7.148864660401804043e-05
3.745890120967741836e+02 1.466592951670908387e-05 7.126718863558402126e-05
3.747140120967741836e+02 1.460519051302668508e-05 7.104636462123710395e-05
3.748390120967741836e+02 1.454469617151513456e-05 7.082617296349476624e-05
3.749640120967741836e+02 1.448444554322914222e-05 7.060661206799434542e-05
3.750890120967741836e+02 1.442443768270834868e-05 7.038768034348939263e-05
3.752140120967741836e+02 1.436467164796578193e-05 7.016937620184896820e-05
3.753390120967741836e+02 1.430514650047611062e-05 6.995169805805376555e-05
3.754640120967741836e+02 1.424586130516390932e-05 6.973464433019475601e-05
3.755890120967741836e+02 1.418681513039203553e-05 6.951821343947153537e-05
3.757140120967741836e+02 1.412800704795011170e-05 6.930240381018844785e-05
3.758390120967741836e+02 1.406943613304282601e-05 6.908721386975386785e-05
3.759640120967741836e+02 1.401110146427840936e-05 6.887264204867610707e-05
3.760890120967741836e+02 1.395300212365728681e-05 6.865868678056390238e-05
3.762140120967741836e+02 1.389513719656040207e-05 6.844534650212065604e-05
3.763390120967741836e+02 1.383750577173781815e-05 6.823261965314454409e-05
3.764640120967741836e+02 1.378010694129749076e-05 6.802050467652462676e-05
3.765890120967741836e+02 1.372293980069357588e-05 6.780900001823998117e-05
3.767140120967741836e+02 1.366600344871545899e-05 6.759810412735539154e-05
3.768390120967741836e+02 1.360929698747610500e-05 6.738781545602087492e-05
3.769640120967741836e+02 1.355281952240095697e-05 6.717813245946731727e-05
3.770890120967741836e+02 1.349657016221678755e-05 6.696905359600602617e-05
3.772140120967741836e+02 1.344054801894022501e-05 6.676057732702389265e-05
3.773390120967741836e+02 1.338475220786678417e-05 6.655270211698332335e-05
3.774640120967741836e+02 1.332918184755969916e-05 6.634542643341768693e-05
3.775890120967741836e+02 1.327383605983871033e-05 6.613874874693004009e-05
3.777140120967741836e+02 1.321871396976905798e-05 6.593266753119032223e-05
3.778390120967741836e+02 1.316381470565048440e-05 6.572718126293256361e-05
3.779640120967741836e+02 1.310913739900610395e-05 6.552228842195226971e-05
3.780890120967741836e+02 1.305468118457143729e-05 6.531798749110349391e-05
3.782140120967741836e+02 1.300044520028363886e-05 6.511427695629767192e-05
3.783390120967741836e+02 1.294642858727032621e-05 6.491115530649900045e-05
3.784640120967741836e+02 1.289263048983879214e-05 6.470862103372378659e-05
3.785890120967741836e+02 1.283905005546530168e-05 6.450667263303569096e-05
3.787140120967741836e+02 1.278568643478400264e-05 6.430530860254518556e-05
3.788390120967741836e+02 1.273253878157630050e-05 6.410452744340509499e-05
3.789640120967741836e+02 1.267960625276015524e-05 6.390432765980910571e-05
3.790890120967741836e+02 1.262688800837912590e-05 6.370470775898782220e-05
3.792140120967741836e+02 1.257438321159198246e-05 6.350566625120840109e-05
3.793390120967741836e+02 1.252209102866174194e-05 6.330720164976843894e-05
3.794640120967741836e+02 1.247001062894522614e-05 6.310931247099605356e-05
3.795890120967741836e+02 1.241814118488244830e-05 6.291199723424537103e-05
3.797140120967741836e+02 1.236648187198595575e-05 6.271525446189515690e-05
3.798390120967741836e+02 1.231503186883035553e-05 6.251908267934438448e-05
3.799640120967741836e+02 1.226379035704183651e-05 6.232348041501108290e-05
3.800890120967741836e+02 1.221275652128762055e-05 6.212844620032809519e-05
3.802140120967741836e+02 1.216192954926551340e-05 6.193397856974157390e-05
3.803390120967741836e+02 1.211130863169365228e-05 6.174007606070648169e-05
3.804640120967741836e+02 1.206089296229992642e-05 6.154673721368558845e-05
3.805890120967741836e+02 1.201068173781167205e-05 6.135396057214467368e-05
3.807140120967741836e+02 1.196067415794551478e-05 6.116174468255210640e-05
3.808390120967741836e+02 1.191086942539683421e-05 6.097008809437291587e-05
3.809640120967741836e+02 1.186126674582965205e-05 6.077898936006787683e-05
3.810890120967741836e+02 1.181186532786648299e-05 6.058844703509071769e-05
3.812140120967741836e+02 1.176266438307790260e-05 6.039845967788351938e-05
3.813390120967741836e+02 1.171366312597257608e-05 6.020902584987573289e-05
3.814640120967741836e+02 1.166486077398709050e-05 6.002014411547947645e-05
3.815890120967741836e+02 1.161625654747575648e-05 5.983181304208818712e-05
3.817140120967741836e+02 1.156784966970071657e-05 5.964403120007177574e-05
3.818390120967741836e+02 1.151963936682165380e-05 5.945679716277553592e-05
3.819640120967741836e+02 1.147162486788597623e-05 5.927010950651546170e-05
3.820890120967741836e+02 1.142380540481879490e-05 5.908396681057629594e-05
3.822140120967741836e+02 1.137618021241291356e-05 5.889836765720832517e-05
3.823390120967741836e+02 1.132874852831888621e-05 5.871331063162399145e-05
3.824640120967741836e+02 1.128150959303530166e-05 5.852879432199456521e-05
3.825890120967741836e+02 1.123446264989870376e-05 5.834481731944805822e-05
3.827140120967741836e+02 1.118760694507382012e-05 5.816137821806487991e-05
3.828390120967741836e+02 1.114094172754391266e-05 5.797847561487621794e-05
3.829640120967741836e+02 1.109446624910075044e-05 5.779610810985914566e-05
3.830890120967741836e+02 1.104817976433503819e-05 5.761427430593520592e-05
3.832140120967741836e+02 1.100208153062673132e-05 5.743297280896589129e-05
3.833390120967741836e+02 1.095617080813515957e-05 5.725220222775077378e-05
3.834640120967741836e+02 1.091044685978955204e-05 5.707196117402301902e-05
3.835890120967741836e+02 1.086490895127936408e-05 5.689224826244668924e-05
3.837140120967741836e+02 1.081955635104463978e-05 5.671306211061498826e-05
3.838390120967741836e+02 1.077438833026646591e-05 5.653440133904442033e-05
3.839640120967741836e+02 1.072940416285747664e-05 5.635626457117371270e-05
3.840890120967741836e+02 1.068460312545228717e-05 5.617865043335939075e-05
3.842140120967741836e+02 1.063998449739798835e-05 5.600155755487356212e-05
3.843390120967741836e+02 1.059554756074484623e-05 5.582498456789945795e-05
3.844640120967741836e+02 1.055129160023668145e-05 5.564893010752946774e-05
3.845890120967741836e+02 1.050721590330163833e-05 5.547339281176080935e-05
3.847140120967741836e+02 1.046331976004272174e-05 5.529837132149315726e-05
3.848390120967741836e+02 1.041960246322845779e-05 5.512386428052427873e-05
3.849640120967741836e+02 1.037606330828373227e-05 5.494987033554806183e-05
3.850890120967741836e+02 1.033270159328029542e-05 5.477638813614980597e-05
3.852140120967741836e+02 1.028951661892765127e-05 5.460341633480464304e-05
3.853390120967741836e+02 1.024650768856387577e-05 5.443095358687214351e-05
3.854640120967741836e+02 1.020367410814626218e-05 5.425899855059485949e-05
3.855890120967741836e+02 1.016101518624228660e-05 5.408754988709356783e-05
3.857140120967741836e+02 1.011853023402046851e-05 5.391660626036499330e-05
3.858390120967741836e+02 1.007621856524118722e-05 5.374616633727758016e-05
3.859640120967741836e+02 1.003407949624765078e-05 5.357622878756898501e-05
3.860890120967741836e+02 9.992112345956881905e-06 5.340679228384174668e-05
3.862140120967741836e+02 9.950316435850614047e-06 5.323785550156092137e-05
3.863390120967741836e+02 9.908691089966314525e-06 5.306941711904973906e-05
3.864640120967741836e+02 9.867235634888314405e-06 5.290147581748660157e-05
3.865890120967741836e+02 9.825949399738741864e-06 5.273403028090192492e-05
3.867140120967741836e+02 9.784831716168619869e-06 5.256707919617447327e-05
3.868390120967741836e+02 9.743881918349138352e-06 5.240062125302796407e-05
3.869640120967741836e+02 9.703099342962553684e-06 5.223465514402721236e-05
3.870890120967741836e+02 9.662483329193613318e-06 5.206917956457543382e-05
3.872140120967741836e+02 9.622033218720528109e-06 5.190419321291007732e-05
3.873390120967741836e+02 9.581748355706329190e-06 5.173969479010021613e-05
3.874640120967741836e+02 9.541628086790155395e-06 5.157568300004177739e-05
3.875890120967741836e+02 9.501671761078386510e-06 5.141215654945558377e-05
3.877140120967741836e+02 9.461878730136062839e-06 5.124911414788248134e-05
3.878390120967741836e+02 9.422248347978230213e-06 5.108655450768101534e-05
3.879640120967741836e+02 9.382779971061227413e-06 5.092447634402272739e-05
3.880890120967741836e+02 9.343472958274112505e-06 5.076287837488991262e-05
3.882140120967741836e+02 9.304326670930119659e-06 5.060175932107061872e-05
3.883390120967741836e+02 9.265340472758038054e-06 5.044111790615725686e-05
3.884640120967741836e+02 9.226513729893668701e-06 5.028095285654028619e-05
3.885890120967741836e+02 9.187845810871450672e-06 5.012126290140719740e-05
3.887140120967741836e+02 9.149336086615834926e-06 4.996204677273713234e-05
3.888390120967741836e+02 9.110983930432868178e-06 4.980330320529865470e-05
3.889640120967741836e+02 9.072788718001888596e-06 4.964503093664519628e-05
3.890890120967741836e+02 9.034749827366948742e-06 4.948722870711188578e-05
3.892140120967741836e+02 8.996866638928548534e-06 4.932989525981234353e-05
3.893390120967741836e+02 8.959138535435347869e-06 4.917302934063402629e-05
3.894640120967741836e+02 8.921564901975686135e-06 4.901662969823606557e-05
3.895890120967741836e+02 8.884145125969421895e-06 4.886069508404417190e-05
3.897140120967741836e+02 8.846878597159648901e-06 4.870522425224796495e-05
3.898390120967741836e+02 8.809764707604395175e-06 4.855021595979738895e-05
3.899640120967741836e+02 8.772802851668505043e-06 4.839566896639868750e-05
3.900890120967741836e+02 8.735992426015351767e-06 4.824158203451046667e-05
3.902140120967741836e+02 8.699332829598738212e-06 4.808795392934096406e-05
3.903390120967741836e+02 8.662823463654782276e-06 4.793478341884348844e-05
3.904640120967741836e+02 8.626463731693741321e-06 4.778206927371364147e-05
3.905890120967741836e+02 8.590253039491933180e-06 4.762981026738468272e-05
3.907140120967741836e+02 8.554190795083796065e-06 4.747800517602476496e-05
3.908390120967741836e+02 8.518276408753707924e-06 4.732665277853241440e-05
3.909640120967741836e+02 8.482509293028012474e-06 4.717575185653390151e-05
3.910890120967741836e+02 8.446888862667160429e-06 4.702530119437819267e-05
3.912140120967741836e+02 8.411414534657567818e-06 4.687529957913447686e-05
3.913390120967741836e+02 8.376085728203806343e-06 4.672574580058792371e-05
3.914640120967741836e+02 8.340901864720725971e-06 4.657663865123609886e-05
3.915890120967741836e+02 8.305862367825436922e-06 4.642797692628474235e-05
3.917140120967741836e+02 8.270966663329571173e-06 4.627975942364499713e-05
3.918390120967741836e+02 8.236214179231452490e-06 4.613198494392884184e-05
3.919640120967741836e+02 8.201604345708215629e-06 4.598465229044562138e-05
3.920890120967741836e+02 8.167136595108079702e-06 4.583776026919876041e-05
3.922140120967741836e+02 8.132810361942614769e-06 4.569130768888112843e-05
3.923390120967741836e+02 8.098625082878945747e-06 4.554529336087234951e-05
3.924640120967741836e+02 8.064580196732122332e-06 4.539971609923384896e-05
3.925890120967741836e+02 8.030675144457380510e-06 4.525457472070630534e-05
3.927140120967741836e+02 7.996909369142480298e-06 4.510986804470469710e-05
3.928390120967741836e+02 7.963282316000179007e-06 4.496559489331593761e-05
3.929640120967741836e+02 7.929793432360492748e-06 4.482175409129354228e-05
3.930890120967741836e+02 7.896442167663157843e-06 4.467834446605508742e-05
3.932140120967741836e+02 7.863227973450166765e-06 4.453536484767756852e-05
3.933390120967741836e+02 7.830150303358070308e-06 4.439281406889429674e-05
3.934640120967741836e+02 7.797208613110586373e-06 4.425069096509044009e-05
3.935890120967741836e+02 7.764402360511125754e-06 4.410899437429993350e-05
3.937140120967741836e+02 7.731731005435223047e-06 4.396772313720101320e-05
3.938390120967741836e+02 7.699194009823197957e-06 4.382687609711283542e-05
3.939640120967741836e+02 7.666790837672733601e-06 4.368645209999130898e-05
3.940890120967741836e+02 7.634520955031436163e-06 4.354644999442586298e-05
3.942140120967741836e+02 7.602383829989508063e-06 4.340686863163448661e-05
3.943390120967741836e+02 7.570378932672428746e-06 4.326770686546175046e-05
3.944640120967741836e+02 7.538505735233588033e-06 4.312896355237295860e-05
3.945890120967741836e+02 7.506763711846993172e-06 4.299063755145137713e-05
3.947140120967741836e+02 7.475152338700089382e-06 4.285272772439449363e-05
3.948390120967741836e+02 7.443671093986386434e-06 4.271523293550952451e-05
3.949640120967741836e+02 7.412319457898339340e-06 4.257815205171035895e-05
3.950890120967741836e+02 7.381096912620091817e-06 4.244148394251276804e-05
3.952140120967741836e+02 7.350002942320288373e-06 4.230522748003157232e-05
3.953390120967741836e+02 7.319037033145025290e-06 4.216938153897576964e-05
3.954640120967741836e+02 7.288198673210584783e-06 4.203394499664557396e-05
3.955890120967741836e+02 7.257487352596400387e-06 4.189891673292761093e-05
3.957140120967741836e+02 7.226902563338024890e-06 4.176429563029193637e-05
3.958390120967741836e+02 7.196443799419946648e-06 4.163008057378771301e-05
3.959640120967741836e+02 7.166110556768648150e-06 4.149627045103940898e-05
3.960890120967741836e+02 7.135902333245581572e-06 4.136286415224244749e-05
3.962140120967741836e+02 7.105818628640149416e-06 4.122986057016025236e-05
3.963390120967741836e+02 7.075858944662740204e-06 4.109725860011943007e-05
3.964640120967741836e+02 7.046022784937828552e-06 4.096505714000657820e-05
3.965890120967741836e+02 7.016309654996999848e-06 4.083325509026379947e-05
3.967140120967741836e+02 6.986719062272046087e-06 4.070185135388532723e-05
3.968390120967741836e+02 6.957250516088179449e-06 4.057084483641312762e-05
3.969640120967741836e+02 6.927903527657068835e-06 4.044023444593336915e-05
3.970890120967741836e+02 6.898677610070035652e-06 4.031001909307217398e-05
3.972140120967741836e+02 6.869572278291335151e-06 4.018019769099197909e-05
3.973390120967741836e+02 6.840587049151223459e-06 4.005076915538768732e-05
3.974640120967741836e+02 6.811721441339295668e-06 3.992173240448208663e-05
3.975890120967741836e+02 6.782974975397751918e-06 3.979308635902289570e-05
3.977140120967741836e+02 6.754347173714565237e-06 3.966482994227789170e-05
3.978390120967741836e+02 6.725837560516949213e-06 3.953696208003171876e-05
3.979640120967741836e+02 6.697445661864520755e-06 3.940948170058134104e-05
3.980890120967741836e+02 6.669171005642744894e-06 3.928238773473276306e-05
3.982140120967741836e+02 6.641013121556296597e-06 3.915567911579632694e-05
3.983390120967741836e+02 6.612971541122404771e-06 3.902935477958348012e-05
3.984640120967741836e+02 6.585045797664296238e-06 3.890341366440214042e-05
3.985890120967741836e+02 6.557235426304644773e-06 3.877785471105356542e-05
3.987140120967741836e+02 6.529539963958991360e-06 3.865267686282725665e-05
3.988390120967741836e+02 6.501958949329212717e-06 3.852787906549860828e-05
3.989640120967741836e+02 6.474491922897102480e-06 3.840346026732318116e-05
3.990890120967741836e+02 6.447138426917787217e-06 3.827941941903408040e-05
3.992140120967741836e+02 6.419898005413305919e-06 3.815575547383700871e-05
3.993390120967741836e+02 6.392770204166236921e-06 3.803246738740731194e-05
3.994640120967741836e+02 6.365754570713168976e-06 3.790955411788505950e-05
3.995890120967741836e+02 6.338850654338378151e-06 3.778701462587174436e-05
3.997140120967741836e+02 6.312058006067483554e-06 3.766484787442578357e-05
3.998390120967741836e+02 6.285376178660996326e-06 3.754305282905916403e-05
3.999640120967741836e+02 6.258804726608066846e-06 3.742162845773282784e-05
4.000890120967741836e+02 6.232343206120177727e-06 3.730057373085291829e-05
4.002140120967741836e+02 6.205991175124788521e-06 3.717988762126715448e-05
4.003390120967741836e+02 6.179748193259169325e-06 3.705956910426008803e-05
4.004640120967741836e+02 6.153613821864039563e-06 3.693961715755033828e-05
4.005890120967741836e+02 6.127587623977420216e-06 3.682003076128496807e-05
4.007140120967741836e+02 6.101669164328424228e-06 3.670080889803698323e-05
4.008390120967741836e+02 6.075858009331035897e-06 3.658195055280033173e-05
4.009640120967741836e+02 6.050153727077951247e-06 3.646345471298659686e-05
4.010890120967741836e+02 6.024555887334495487e-06 3.634532036842045037e-05
4.012140120967741836e+02 5.999064061532423576e-06 3.622754651133621009e-05
4.013390120967741836e+02 5.973677822763828365e-06 3.611013213637323212e-05
4.014640120967741836e+02 5.948396745775141905e-06 3.599307624057254977e-05
4.015890120967741836e+02 5.923220406960952109e-06 3.587637782337219116e-05
4.017140120967741836e+02 5.898148384358033712e-06 3.576003588660398084e-05
4.018390120967741836e+02 5.873180257639355509e-06 3.564404943448851182e-05
4.019640120967741836e+02 5.848315608107985958e-06 3.552841747363247565e-05
4.020890120967741836e+02 5.823554018691183426e-06 3.541313901302325505e-05
4.022140120967741836e+02 5.798895073934439012e-06 3.529821306402600330e-05
4.023390120967741836e+02 5.774338359995488864e-06 3.518363864037880596e-05
4.024640120967741836e+02 5.749883464638421378e-06 3.506941475818946898e-05
4.025890120967741836e+02 5.725529977227797091e-06 3.495554043593081592e-05
4.027140120967741836e+02 5.701277488722715214e-06 3.484201469443721176e-05
4.028390120967741836e+02 5.677125591671015698e-06 3.472883655690013122e-05
4.029640120967741836e+02 5.653073880203382182e-06 3.461600504886428950e-05
4.030890120967741836e+02 5.629121950027538976e-06 3.450351919822399664e-05
4.032140120967741836e+02 5.605269398422484462e-06 3.439137803521835998e-05
4.033390120967741836e+02 5.581515824232655029e-06 3.427958059242804502e-05
4.034640120967741836e+02 5.557860827862167800e-06 3.416812590477095226e-05
4.035890120967741836e+02 5.534304011269151433e-06 3.405701300949815136e-05
4.037140120967741836e+02 5.510844977959910067e-06 3.394624094618964603e-05
4.038390120967741836e+02 5.487483332983287167e-06 3.383580875675104007e-05
4.039640120967741836e+02 5.464218682925003951e-06 3.372571548540873303e-05
4.040890120967741836e+02 5.441050635901907191e-06 3.361596017870652529e-05
4.042140120967741836e+02 5.417978801556389809e-06 3.350654188550111859e-05
4.043390120967741836e+02 5.395002791050761495e-06 3.339745965695856535e-05
4.044640120967741836e+02 5.372122217061602384e-06 3.328871254654979623e-05
4.045890120967741836e+02 5.349336693774194662e-06 3.318029961004696781e-05
4.047140120967741836e+02 5.326645836876970266e-06 3.307221990551909865e-05
4.048390120967741836e+02 5.304049263555925549e-06 3.296447249332840328e-05
4.049640120967741836e+02 5.281546592489085917e-06 3.285705643612608424e-05
4.050890120967741836e+02 5.259137443841053481e-06 3.274997079884836787e-05
4.052140120967741836e+02 5.236821439257432731e-06 3.264321464871224889e-05
4.053390120967741836e+02 5.214598201859376494e-06 3.253678705521196668e-05
4.054640120967741836e+02 5.192467356238186093e-06 3.243068709011443136e-05
4.055890120967741836e+02 5.170428528449766677e-06 3.232491382745551035e-05
4.057140120967741836e+02 5.148481346009317165e-06 3.221946634353616592e-05
4.058390120967741836e+02 5.126625437885844016e-06 3.211434371691798288e-05
4.059640120967741836e+02 5.104860434496791890e-06 3.200954502841957033e-05
4.060890120967741836e+02 5.083185967702746297e-06 3.190506936111223168e-05
4.062140120967741836e+02 5.061601670801977019e-06 3.180091580031629188e-05
4.063390120967741836e+02 5.040107178525187346e-06 3.169708343359642182e-05
4.064640120967741836e+02 5.018702127030195560e-06 3.159357135075883293e-05
4.065890120967741836e+02 4.997386153896602015e-06 3.149037864384576134e-05
4.067140120967741836e+02 4.976158898120543460e-06 3.138750440713264893e-05
4.068390120967741836e+02 4.955020000109448213e-06 3.128494773712330506e-05
4.069640120967741836e+02 4.933969101676766769e-06 3.118270773254659304e-05
4.070890120967741836e+02 4.913005846036748145e-06 3.108078349435179508e-05
4.072140120967741836e+02 4.892129877799295008e-06 3.097917412570507515e-05
4.073390120967741836e+02 4.871340842964708674e-06 3.087787873198505405e-05
4.074640120967741836e+02 4.850638388918536616e-06 3.077689642077925864e-05
4.075890120967741836e+02 4.830022164426480940e-06 3.067622630187961567e-05
4.077140120967741836e+02 4.809491819629177281e-06 3.057586748727884673e-05
4.078390120967741836e+02 4.789047006037132929e-06 3.047581909116594856e-05
4.079640120967741836e+02 4.768687376525657343e-06 3.037608022992320468e-05
4.080890120967741836e+02 4.748412585329688464e-06 3.027665002212077454e-05
4.082140120967741836e+02 4.728222288038846901e-06 3.017752758851379667e-05
4.083390120967741836e+02 4.708116141592288502e-06 3.007871205203782827e-05
4.084640120967741836e+02 4.688093804273740748e-06 2.998020253780496580e-05
4.085890120967741836e+02 4.668154935706483232e-06 2.988199817310003331e-05
4.087140120967741836e+02 4.648299196848331529e-06 2.978409808737614398e-05
4.088390120967741836e+02 4.628526249986673588e-06 2.968650141225128493e-05
4.089640120967741836e+02 4.608835758733539995e-06 2.958920728150367545e-05
4.090890120967741836e+02 4.589227388020611562e-06 2.949221483106831448e-05
4.092140120967741836e+02 4.569700804094314162e-06 2.939552319903251167e-05
4.093390120967741836e+02 4.550255674510955910e-06 2.929913152563229939e-05
4.094640120967741836e+02 4.530891668131772867e-06 2.920303895324822800e-05
4.095890120967741836e+02 4.511608455118065380e-06 2.910724462640140178e-05
4.097140120967741836e+02 4.492405706926408106e-06 2.901174769174930809e-05
4.098390120967741836e+02 4.473283096303716050e-06 2.891654729808221586e-05
4.099640120967741836e+02 4.454240297282474072e-06 2.882164259631870656e-05
4.100890120967741836e+02 4.435276985175953694e-06 2.872703273950218112e-05
4.102140120967741836e+02 4.416392836573355365e-06 2.863271688279638073e-05
4.103390120967741836e+02 4.397587529335087097e-06 2.853869418348188699e-05
4.104640120967741836e+02 4.378860742588004146e-06 2.844496380095157837e-05
4.105890120967741836e+02 4.360212156720633434e-06 2.835152489670724545e-05
4.107140120967741836e+02 4.341641453378515719e-06 2.825837663435506105e-05
4.108390120967741836e+02 4.323148315459418162e-06 2.816551817960203283e-05
4.109640120967741836e+02 4.304732427108695976e-06 2.807294870025160206e-05
4.110890120967741836e+02 4.286393473714619346e-06 2.798066736620019118e-05
4.112140120967741836e+02 4.268131141903689334e-06 2.788867334943277549e-05
4.113390120967741836e+02 4.249945119535996141e-06 2.779696582401892918e-05
4.114640120967741836e+02 4.231835095700637506e-06 2.770554396610923733e-05
4.115890120967741836e+02 4.213800760711050705e-06 2.761440695393083708e-05
4.117140120967741836e+02 4.195841806100436035e-06 2.752355396778382966e-05
4.118390120967741836e+02 4.177957924617226031e-06 2.743298419003701471e-05
4.119640120967741836e+02 4.160148810220447965e-06 2.734269680512429204e-05
4.120890120967741836e+02 4.142414158075218474e-06 2.725269099954017921e-05
4.122140120967741836e+02 4.124753664548243276e-06 2.716296596183639960e-05
4.123390120967741836e+02 4.107167027203227946e-06 2.707352088261744404e-05
4.124640120967741836e+02 4.089653944796441155e-06 2.698435495453697252e-05
4.125890120967741836e+02 4.072214117272215232e-06 2.689546737229367738e-05
4.127140120967741836e+02 4.054847245758467905e-06 2.680685733262741060e-05
4.128390120967741836e+02 4.037553032562252827e-06 2.671852403431499611e-05
4.129640120967741836e+02 4.020331181165348241e-06 2.663046667816673660e-05
4.130890120967741836e+02 4.003181396219802421e-06 2.654268446702187683e-05
4.132140120967741836e+02 3.986103383543534195e-06 2.645517660574527648e-05
4.133390120967741836e+02 3.969096850115982574e-06 2.636794230122291749e-05
4.134640120967741836e+02 3.952161504073673388e-06 2.628098076235842444e-05
4.135890120967741836e+02 3.935297054705912965e-06 2.619429120006863966e-05
4.137140120967741836e+02 3.918503212450406435e-06 2.610787282728023508e-05
4.138390120967741836e+02 3.901779688888934471e-06 2.602172485892534156e-05
4.139640120967741836e+02 3.885126196743085938e-06 2.593584651193755767e-05
4.140890120967741836e+02 3.868542449869888047e-06 2.585023700524879533e-05
4.142140120967741836e+02 3.852028163257564419e-06 2.576489555978421454e-05
4.143390120967741836e+02 3.835583053021288905e-06 2.567982139845923170e-05
4.144640120967741836e+02 3.819206836398872495e-06 2.559501374617493205e-05
4.145890120967741836e+02 3.802899231746568390e-06 2.551047182981473234e-05
4.147140120967741836e+02 3.786659958534854198e-06 2.542619487823996277e-05
4.148390120967741836e+02 3.770488737344187875e-06 2.534218212228631954e-05
4.149640120967741836e+02 3.754385289860838632e-06 2.525843279475962976e-05
4.150890120967741836e+02 3.738349338872719110e-06 2.517494613043231756e-05
4.152140120967741836e+02 3.722380608265193832e-06 2.509172136603908765e-05
4.153390120967741836e+02 3.706478823016928323e-06 2.500875774027335762e-05
4.154640120967741836e+02 3.690643709195807680e-06 2.492605449378301259e-05
4.155890120967741836e+02 3.674874993954745876e-06 2.484361086916710178e-05
4.157140120967741836e+02 3.659172405527609839e-06 2.476142611097115954e-05
4.158390120967741836e+02 3.643535673225161317e-06 2.467949946568390187e-05
4.159640120967741836e+02 3.627964527430911071e-06 2.459783018173295401e-05
4.160890120967741836e+02 3.612458699597128087e-06 2.451641750948139456e-05
4.162140120967741836e+02 3.597017922240742048e-06 2.443526070122333053e-05
4.163390120967741836e+02 3.581641928939314422e-06 2.435435901118054993e-05
4.164640120967741836e+02 3.566330454327065883e-06 2.427371169549822220e-05
4.165890120967741836e+02 3.551083234090801651e-06 2.419331801224119835e-05
4.167140120967741836e+02 3.535900004965966867e-06 2.411317722139020274e-05
4.168390120967741836e+02 3.520780504732673157e-06 2.403328858483777406e-05
4.169640120967741836e+02 3.505724472211701060e-06 2.395365136638460279e-05
4.170890120967741836e+02 3.490731647260574456e-06 2.387426483173553659e-05
4.172140120967741836e+02 3.475801770769638379e-06 2.379512824849578894e-05
4.173390120967741836e+02 3.460934584658107186e-06 2.371624088616686328e-05
4.174640120967741836e+02 3.446129831870168201e-06 2.363760201614311740e-05
4.175890120967741836e+02 3.431387256371118826e-06 2.355921091170739615e-05
4.177140120967741836e+02 3.416706603143443931e-06 2.348106684802770430e-05
4.178390120967741836e+02 3.402087618182959733e-06 2.340316910215287311e-05
4.179640120967741836e+02 3.387530048495004693e-06 2.332551695300917559e-05
4.180890120967741836e+02 3.373033642090533421e-06 2.324810968139597953e-05
4.182140120967741836e+02 3.358598147982341874e-06 2.317094656998244746e-05
4.183390120967741836e+02 3.344223316181255710e-06 2.309402690330324728e-05
4.184640120967741836e+02 3.329908897692289835e-06 2.301734996775496082e-05
4.185890120967741836e+02 3.315654644510929512e-06 2.294091505159230271e-05
4.187140120967741836e+02 3.301460309619296685e-06 2.286472144492415962e-05
4.188390120967741836e+02 3.287325646982428541e-06 2.278876843970966686e-05
4.189640120967741836e+02 3.273250411544547602e-06 2.271305532975470161e-05
4.190890120967741836e+02 3.259234359225286073e-06 2.263758141070775618e-05
4.192140120967741836e+02 3.245277246916002521e-06 2.256234598005643811e-05
4.193390120967741836e+02 3.231378832476083728e-06 2.248734833712331290e-05
4.194640120967741836e+02 3.217538874729228336e-06 2.241258778306231937e-05
4.195890120967741836e+02 3.203757133459778767e-06 2.233806362085504949e-05
4.197140120967741836e+02 3.190033369409083221e-06 2.226377515530665214e-05
4.198390120967741836e+02 3.176367344271805998e-06 2.218972169304235688e-05
4.199640120967741836e+02 3.162758820692302620e-06 2.211590254250330655e-05
4.200890120967741836e+02 3.149207562261025873e-06 2.204231701394343340e-05
4.202140120967741836e+02 3.135713333510861114e-06 2.196896441942480042e-05
4.203390120967741836e+02 3.122275899913565350e-06 2.189584407281451139e-05
4.204640120967741836e+02 3.108895027876158875e-06 2.182295528978053326e-05
4.205890120967741836e+02 3.095570484737395683e-06 2.175029738778824366e-05
4.207140120967741836e+02 3.082302038764142826e-06 2.167786968609630081e-05
4.208390120967741836e+02 3.069089459147860571e-06 2.160567150575326551e-05
4.209640120967741836e+02 3.055932516001080857e-06 2.153370216959344727e-05
4.210890120967741836e+02 3.042830980353866276e-06 2.146196100223355014e-05
4.212140120967741836e+02 3.029784624150291922e-06 2.139044733006850523e-05
4.213390120967741836e+02 3.016793220245008976e-06 2.131916048126795385e-05
4.214640120967741836e+02 3.003856542399667264e-06 2.124809978577269678e-05
4.215890120967741836e+02 2.990974365279508914e-06 2.117726457529036418e-05
4.217140120967741836e+02 2.978146464449893828e-06 2.110665418329237312e-05
4.218390120967741836e+02 2.965372616372840819e-06 2.103626794500953310e-05
4.219640120967741836e+02 2.952652598403599249e-06 2.096610519742896629e-05
4.220890120967741836e+02 2.939986188787258355e-06 2.089616527928974697e-05
4.222140120967741836e+02 2.927373166655279072e-06 2.082644753107960493e-05
4.223390120967741836e+02 2.914813312022131736e-06 2.075695129503105953e-05
4.224640120967741836e+02 2.902306405781909225e-06 2.068767591511759456e-05
4.225890120967741836e+02 2.889852229704938821e-06 2.061862073705036499e-05
4.227140120967741836e+02 2.877450566434462273e-06 2.054978510827389397e-05
4.228390120967741836e+02 2.865101199483226057e-06 2.048116837796277285e-05
4.229640120967741836e+02 2.852803913230181768e-06 2.041276989701774111e-05
4.230890120967741836e+02 2.840558492917160660e-06 2.034458901806227447e-05
4.232140120967741836e+02 2.828364724645551166e-06 2.027662509543868180e-05
4.233390120967741836e+02 2.816222395372988689e-06 2.020887748520431380e-05
4.234640120967741836e+02 2.804131292910120787e-06 2.014134554512796816e-05
4.235890120967741836e+02 2.792091205917244448e-06 2.007402863468652857e-05
4.237140120967741836e+02 2.780101923901105579e-06 2.000692611506074307e-05
4.238390120967741836e+02 2.768163237211623528e-06 1.994003734913186307e-05
4.239640120967741836e+02 2.756274937038647373e-06 1.987336170147788587e-05
4.240890120967741836e+02 2.744436815408725336e-06 1.980689853837014285e-05
4.242140120967741836e+02 2.732648665181919095e-06 1.974064722776918961e-05
4.243390120967741836e+02 2.720910280048537622e-06 1.967460713932142467e-05
4.244640120967741836e+02 2.709221454525990033e-06 1.960877764435533540e-05
4.245890120967741836e+02 2.697581983955577453e-06 1.954315811587808955e-05
4.247140120967741836e+02 2.685991664499339085e-06 1.947774792857163891e-05
4.248390120967741836e+02 2.674450293136863558e-06 1.941254645878900931e-05
4.249640120967741836e+02 2.662957667662197677e-06 1.934755308455089214e-05
4.250890120967741836e+02 2.651513586680634902e-06 1.928276718554183610e-05
4.252140120967741836e+02 2.640117849605637648e-06 1.921818814310689635e-05
4.253390120967741836e+02 2.628770256655710045e-06 1.915381534024762294e-05
4.254640120967741836e+02 2.617470608851278733e-06 1.908964816161867948e-05
4.255890120967741836e+02 2.606218708011657104e-06 1.902568599352412633e-05
4.257140120967741836e+02 2.595014356751881627e-06 1.896192822391403588e-05
4.258390120967741836e+02 2.583857358479700648e-06 1.889837424238054197e-05
4.259640120967741836e+02 2.572747517392499237e-06 1.883502344015445856e-05
4.260890120967741836e+02 2.561684638474249448e-06 1.877187521010147483e-05
4.262140120967741836e+02 2.550668527492467774e-06 1.870892894671912960e-05
4.263390120967741836e+02 2.539698990995225543e-06 1.864618404613240673e-05
4.264640120967741836e+02 2.528775836308081817e-06 1.858363990609069262e-05
4.265890120967741836e+02 2.517898871531113264e-06 1.852129592596393404e-05
4.267140120967741836e+02 2.507067905535912279e-06 1.845915150673943294e-05
4.268390120967741836e+02 2.496282747962612626e-06 1.839720605101778414e-05
4.269640120967741836e+02 2.485543209216897293e-06 1.833545896300959894e-05
4.270890120967741836e+02 2.474849100467090204e-06 1.827390964853184936e-05
4.272140120967741836e+02 2.464200233641142479e-06 1.821255751500450713e-05
4.273390120967741836e+02 2.453596421423727532e-06 1.815140197144666083e-05
4.274640120967741836e+02 2.443037477253317959e-06 1.809044242847314478e-05
4.275890120967741836e+02 2.432523215319256077e-06 1.802967829829094077e-05
4.277140120967741836e+02 2.422053450558843520e-06 1.796910899469579675e-05
4.278390120967741836e+02 2.411627998654485887e-06 1.790873393306857442e-05
4.279640120967741836e+02 2.401246676030745494e-06 1.784855253037154259e-05
4.280890120967741836e+02 2.390909299851510163e-06 1.778856420514511781e-05
4.282140120967741836e+02 2.380615688017113739e-06 1.772876837750412727e-05
4.283390120967741836e+02 2.370365659161482006e-06 1.766916446913463411e-05
4.284640120967741836e+02 2.360159032649317155e-06 1.760975190328994283e-05
4.285890120967741836e+02 2.349995628573217869e-06 1.755053010478745167e-05
4.287140120967741836e+02 2.339875267750891739e-06 1.749149850000491217e-05
4.288390120967741836e+02 2.329797771722327865e-06 1.743265651687725783e-05
4.289640120967741836e+02 2.319762962747007580e-06 1.737400358489271459e-05
4.290890120967741836e+02 2.309770663801090607e-06 1.731553913508947023e-05
4.292140120967741836e+02 2.299820698574682950e-06 1.725726260005229644e-05
4.293390120967741836e+02 2.289912891469005267e-06 1.719917341390904552e-05
4.294640120967741836e+02 2.280047067593663304e-06 1.714127101232690642e-05
4.295890120967741836e+02 2.270223052763902238e-06 1.708355483250925046e-05
4.297140120967741836e+02 2.260440673497848740e-06 1.702602431319190094e-05
4.298390120967741836e+02 2.250699757013792419e-06 1.696867889464005001e-05
4.299640120967741836e+02 2.241000131227478707e-06 1.691151801864433513e-05
4.300890120967741836e+02 2.231341624749364473e-06 1.685454112851769156e-05
4.302140120967741836e+02 2.221724066881943090e-06 1.679774766909171687e-05
4.303390120967741836e+02 2.212147287617042404e-06 1.674113708671352675e-05
4.304640120967741836e+02 2.202611117633146835e-06 1.668470882924193320e-05
4.305890120967741836e+02 2.193115388292752096e-06 1.662846234604415128e-05
4.307140120967741836e+02 2.183659931639653416e-06 1.657239708799261086e-05
4.308390120967741836e+02 2.174244580396335832e-06 1.651651250746106705e-05
4.309640120967741836e+02 2.164869167961313234e-06 1.646080805832167624e-05
4.310890120967741836e+02 2.155533528406508918e-06 1.640528319594113365e-05
4.312140120967741836e+02 2.146237496474613686e-06 1.634993737717754266e-05
4.313390120967741836e+02 2.136980907576517646e-06 1.629477006037685053e-05
4.314640120967741836e+02 2.127763597788651798e-06 1.623978070536970418e-05
4.315890120967741836e+02 2.118585403850427453e-06 1.618496877346767924e-05
4.317140120967741836e+02 2.109446163161648546e-06 1.613033372746012906e-05
4.318390120967741836e+02 2.100345713779934541e-06 1.607587503161071526e-05
4.319640120967741836e+02 2.091283894418150533e-06 1.602159215165416191e-05
4.320890120967741836e+02 2.082260544441885627e-06 1.596748455479265395e-05
4.322140120967741836e+02 2.073275503866851705e-06 1.591355170969252698e-05
4.323390120967741836e+02 2.064328613356390603e-06 1.585979308648108918e-05
4.324640120967741836e+02 2.055419714218930051e-06 1.580620815674306718e-05
4.325890120967741836e+02 2.046548648405472645e-06 1.575279639351723148e-05
4.327140120967741836e+02 2.037715258507074648e-06 1.569955727129310994e-05
4.328390120967741836e+02 2.028919387752385365e-06 1.564649026600757934e-05
4.329640120967741836e+02 2.020160880005106889e-06 1.559359485504175507e-05
4.330890120967741836e+02 2.011439579761541514e-06 1.554087051721728113e-05
4.332140120967741836e+02 2.002755332148120945e-06 1.548831673279322998e-05
4.333390120967741836e+02 1.994107982918928302e-06 1.543593298346271778e-05
4.334640120967741836e+02 1.985497378453284073e-06 1.538371875234952310e-05
4.335890120967741836e+02 1.976923365753252451e-06 1.533167352400501379e-05
4.337140120967741836e+02 1.968385792441234068e-06 1.527979678440436590e-05
4.338390120967741836e+02 1.959884506757539666e-06 1.522808802094377862e-05
4.339640120967741836e+02 1.951419357557968856e-06 1.517654672243669986e-05
4.340890120967741836e+02 1.942990194311395648e-06 1.512517237911095148e-05
4.342140120967741836e+02 1.934596867097404384e-06 1.507396448260503788e-05
4.343390120967741836e+02 1.926239226603844355e-06 1.502292252596511533e-05
4.344640120967741836e+02 1.917917124124493257e-06 1.497204600364156825e-05
4.345890120967741836e+02 1.909630411556662208e-06 1.492133441148594129e-05
4.347140120967741836e+02 1.901378941398846923e-06 1.487078724674735972e-05
4.348390120967741836e+02 1.893162566748356663e-06 1.482040400806943780e-05
4.349640120967741836e+02 1.884981141298999710e-06 1.477018419548696179e-05
4.350890120967741836e+02 1.876834519338707233e-06 1.472012731042277115e-05
4.352140120967741836e+02 1.868722555747224909e-06 1.467023285568417733e-05
4.353390120967741836e+02 1.860645105993797558e-06 1.462050033546012617e-05
4.354640120967741836e+02 1.852602026134846795e-06 1.457092925531753364e-05
4.355890120967741836e+02 1.844593172811670269e-06 1.452151912219844322e-05
4.357140120967741836e+02 1.836618403248175222e-06 1.447226944441642430e-05
4.358390120967741836e+02 1.828677575248543427e-06 1.442317973165360248e-05
4.359640120967741836e+02 1.820770547194992269e-06 1.437424949495729686e-05
4.360890120967741836e+02 1.812897178045492414e-06 1.432547824673679962e-05
4.362140120967741836e+02 1.805057327331505174e-06 1.427686550076037412e-05
4.363390120967741836e+02 1.797250855155759890e-06 1.422841077215168551e-05
4.364640120967741836e+02 1.789477622189963136e-06 1.418011357738684799e-05
4.365890120967741836e+02 1.781737489672599815e-06 1.413197343429108240e-05
4.367140120967741836e+02 1.774030319406693397e-06 1.408398986203572619e-05
4.368390120967741836e+02 1.766355973757592408e-06 1.403616238113485885e-05
4.369640120967741836e+02 1.758714315650753535e-06 1.398849051344207982e-05
4.370890120967741836e+02 1.751105208569564114e-06 1.394097378214741167e-05
4.372140120967741836e+02 1.743528516553113586e-06 1.389361171177427628e-05
4.373390120967741836e+02 1.735984104194029965e-06 1.384640382817598636e-05
4.374640120967741836e+02 1.728471836636299999e-06 1.379934965853283507e-05
4.375890120967741836e+02 1.720991579573103304e-06 1.375244873134881292e-05
4.377140120967741836e+02 1.713543199244636337e-06 1.370570057644862623e-05
4.378390120967741836e+02 1.706126562435996089e-06 1.365910472497427169e-05
4.379640120967741836e+02 1.698741536474989226e-06 1.361266070938209212e-05
4.380890120967741836e+02 1.691387989230027855e-06 1.356636806343952721e-05
4.382140120967741836e+02 1.684065789107988643e-06 1.352022632222212183e-05
4.383390120967741836e+02 1.676774805052090791e-06 1.347423502211029881e-05
4.384640120967741836e+02 1.669514906539809790e-06 1.342839370078613854e-05
4.385890120967741836e+02 1.662285963580728076e-06 1.338270189723042959e-05
4.387140120967741836e+02 1.655087846714472715e-06 1.333715915171938224e-05
4.388390120967741836e+02 1.647920427008612858e-06 1.329176500582178751e-05
4.389640120967741836e+02 1.640783576056584296e-06 1.324651900239561207e-05
4.390890120967741836e+02 1.633677165975609148e-06 1.320142068558502523e-05
4.392140120967741836e+02 1.626601069404651125e-06 1.315646960081729023e-05
4.393390120967741836e+02 1.619555159502327801e-06 1.311166529479982003e-05
4.394640120967741836e+02 1.612539309944878164e-06 1.306700731551680949e-05
4.395890120967741836e+02 1.605553394924121684e-06 1.302249521222636049e-05
4.397140120967741836e+02 1.598597289145419510e-06 1.297812853545725311e-05
4.398390120967741836e+02 1.591670867825640739e-06 1.293390683700624356e-05
4.399640120967741836e+02 1.584774006691173375e-06 1.288982966993446599e-05
4.400890120967741836e+02 1.577906581975868152e-06 1.284589658856472366e-05
4.402140120967741836e+02 1.571068470419066646e-06 1.280210714847829567e-05
4.403390120967741836e+02 1.564259549263595076e-06 1.275846090651209428e-05
4.404640120967741836e+02 1.557479696253773139e-06 1.271495742075528863e-05
4.405890120967741836e+02 1.550728789633433225e-06 1.267159625054654006e-05
4.407140120967741836e+02 1.544006708143963562e-06 1.262837695647080201e-05
4.408390120967741836e+02 1.537313331022310695e-06 1.258529910035648582e-05
4.409640120967741836e+02 1.530648537999040208e-06 1.254236224527218273e-05
4.410890120967741836e+02 1.524012209296384312e-06 1.249956595552383482e-05
4.412140120967741836e+02 1.517404225626287739e-06 1.245690979665156534e-05
4.413390120967741836e+02 1.510824468188493240e-06 1.241439333542701065e-05
4.414640120967741836e+02 1.504272818668581543e-06 1.237201613984983713e-05
4.415890120967741836e+02 1.497749159236066806e-06 1.232977777914505445e-05
4.417140120967741836e+02 1.491253372542480629e-06 1.228767782375996285e-05
4.418390120967741836e+02 1.484785341719461775e-06 1.224571584536108009e-05
4.419640120967741836e+02 1.478344950376846756e-06 1.220389141683137506e-05
4.420890120967741836e+02 1.471932082600807624e-06 1.216220411226702532e-05
4.422140120967741836e+02 1.465546622951920950e-06 1.212065350697460665e-05
4.423390120967741836e+02 1.459188456463319600e-06 1.207923917746801326e-05
4.424640120967741836e+02 1.452857468638811260e-06 1.203796070146573201e-05
4.425890120967741836e+02 1.446553545451012210e-06 1.199681765788757793e-05
4.427140120967741836e+02 1.440276573339488515e-06 1.195580962685188383e-05
4.428390120967741836e+02 1.434026439208921137e-06 1.191493618967264065e-05
4.429640120967741836e+02 1.427803030427234624e-06 1.187419692885648545e-05
4.430890120967741836e+02 1.421606234823779173e-06 1.183359142809966223e-05
4.432140120967741836e+02 1.415435940687492985e-06 1.179311927228520810e-05
4.433390120967741836e+02 1.409292036765084537e-06 1.175278004747997343e-05
4.434640120967741836e+02 1.403174412259206377e-06 1.171257334093186388e-05
4.435890120967741836e+02 1.397082956826671483e-06 1.167249874106664374e-05
4.437140120967741836e+02 1.391017560576613087e-06 1.163255583748523215e-05
4.438390120967741836e+02 1.384978114068716281e-06 1.159274422096068263e-05
4.439640120967741836e+02 1.378964508311421035e-06 1.155306348343548607e-05
4.440890120967741836e+02 1.372976634760132842e-06 1.151351321801837241e-05
4.442140120967741836e+02 1.367014385315475709e-06 1.147409301898164919e-05
4.443390120967741836e+02 1.361077652321482688e-06 1.143480248175819802e-05
4.444640120967741836e+02 1.355166328563861996e-06 1.139564120293871491e-05
4.445890120967741836e+02 1.349280307268235401e-06 1.135660878026877617e-05
4.447140120967741836e+02 1.343419482098386763e-06 1.131770481264587550e-05
4.448390120967741836e+02 1.337583747154518216e-06 1.127892890011668973e-05
4.449640120967741836e+02 1.331772996971534914e-06 1.124028064387412272e-05
4.450890120967741836e+02 1.325987126517285331e-06 1.120175964625464224e-05
4.452140120967741836e+02 1.320226031190860623e-06 1.116336551073516124e-05
4.453390120967741836e+02 1.314489606820870284e-06 1.112509784193037814e-05
4.454640120967741836e+02 1.308777749663740666e-06 1.108695624558983763e-05
4.455890120967741836e+02 1.303090356401999109e-06 1.104894032859527608e-05
4.457140120967741836e+02 1.297427324142604428e-06 1.101104969895755696e-05
4.458390120967741836e+02 1.291788550415225328e-06 1.097328396581394000e-05
4.459640120967741836e+02 1.286173933170575344e-06 1.093564273942538936e-05
4.460890120967741836e+02 1.280583370778735084e-06 1.089812563117363436e-05
4.462140120967741836e+02 1.275016762027472559e-06 1.086073225355832012e-05
4.463390120967741836e+02 1.269474006120605022e-06 1.082346222019430043e-05
4.464640120967741836e+02 1.263955002676304059e-06 1.078631514580878661e-05
4.465890120967741836e+02 1.258459651725472032e-06 1.074929064623869123e-05
4.467140120967741836e+02 1.252987853710086982e-06 1.071238833842761269e-05
4.468390120967741836e+02 1.247539509481565102e-06 1.067560784042322464e-05
4.469640120967741836e+02 1.242114520299126173e-06 1.063894877137444351e-05
4.470890120967741836e+02 1.236712787828181659e-06 1.060241075152864009e-05
4.472140120967741836e+02 1.231334214138690834e-06 1.056599340222898660e-05
4.473390120967741836e+02 1.225978701703565177e-06 1.052969634591148192e-05
4.474640120967741836e+02 1.220646153397051600e-06 1.049351920610247488e-05
4.475890120967741836e+02 1.215336472493137913e-06 1.045746160741560476e-05
4.477140120967741836e+02 1.210049562663946205e-06 1.042152317554936353e-05
4.478390120967741836e+02 1.204785327978169020e-06 1.038570353728410412e-05
4.479640120967741836e+02 1.199543672899452785e-06 1.035000232047946041e-05
4.480890120967741836e+02 1.194324502284839699e-06 1.031441915407150113e-05
4.482140120967741836e+02 1.189127721383196911e-06 1.027895366807021420e-05
4.483390120967741836e+02 1.183953235833644631e-06 1.024360549355652180e-05
4.484640120967741836e+02 1.178800951663998447e-06 1.020837426267973248e-05
4.485890120967741836e+02 1.173670775289231952e-06 1.017325960865475613e-05
4.487140120967741836e+02 1.168562613509900208e-06 1.013826116575953744e-05
4.488390120967741836e+02 1.163476373510621224e-06 1.010337856933213876e-05
4.489640120967741836e+02 1.156496036626513088e-06 1.006861145576827517e-05
4.490890120967741836e+02 1.133349909455032354e-06 1.003395946251839740e-05
4.492140120967741836e+02 1.110306546381867028e-06 9.999422228085255650e-06
4.493390120967741836e+02 1.087365602575765467e-06 9.964999392021011294e-06
4.494640120967741836e+02 1.064526734193835365e-06 9.930690594924656772e-06
4.495890120967741836e+02 1.041789598379115309e-06 9.896495478439357616e-06
4.497140120967741836e+02 1.019153853258816123e-06 9.862413685249735165e-06
4.498390120967741836e+02 9.966191579406724917e-07 9.828444859079342409e-06
4.499640120967741836e+02 9.741851725116082440e-07 9.794588644687811179e-06
4.500890120967741836e+02 9.518515580344997350e-07 9.760844687868365261e-06
4.502140120967741836e+02 9.296179765463238090e-07 9.727212635445064149e-06
4.503390120967741836e+02 9.074840910555689489e-07 9.693692135270307687e-06
4.504640120967741836e+02 8.854495655395297470e-07 9.660282836222117093e-06
4.505890120967741836e+02 8.635140649420827027e-07 9.626984388201451559e-06
4.507140120967741836e+02 8.416772551718163969e-07 9.593796442129660373e-06
4.508390120967741836e+02 8.199388030985305990e-07 9.560718649945928273e-06
4.509640120967741836e+02 7.982983765519007082e-07 9.527750664604510726e-06
4.510890120967741836e+02 7.767556443182770269e-07 9.494892140072252126e-06
4.512140120967741836e+02 7.553102761388819576e-07 9.462142731325897307e-06
4.513390120967741836e+02 7.339619427072143761e-07 9.429502094349631765e-06
4.514640120967741836e+02 7.127103156664901098e-07 9.396969886132323712e-06
4.515890120967741836e+02 6.915550676073328198e-07 9.364545764665033805e-06
4.517140120967741836e+02 6.704958720660492300e-07 9.332229388938396116e-06
4.518390120967741836e+02 6.495324035210564486e-07 9.300020418940112610e-06
4.519640120967741836e+02 6.286643373917266144e-07 9.267918515652334122e-06
4.520890120967741836e+02 6.078913500350280940e-07 9.235923341049056572e-06
4.522140120967741836e+02 5.872131187440096103e-07 9.204034558093562930e-06
4.523390120967741836e+02 5.666293217450373269e-07 9.172251830736031193e-06
4.524640120967741836e+02 5.461396381952771487e-07 9.140574823910742566e-06
4.525890120967741836e+02 5.257437481808293433e-07 9.109003203533691133e-06
4.527140120967741836e+02 5.054413327141785486e-07 9.077536636500007183e-06
4.528390120967741836e+02 4.852320737315907346e-07 9.046174790681390702e-06
4.529640120967741836e+02 4.651156540914488893e-07 9.014917334923699022e-06
4.530890120967741836e+02 4.450917575711987241e-07 8.983763939044249868e-06
4.532140120967741836e+02 4.251600688653937746e-07 8.952714273829403925e-06
4.533390120967741836e+02 4.053202735838207048e-07 8.921768011031993250e-06
4.534640120967741836e+02 3.855720582482166311e-07 8.890924823369017335e-06
4.535890120967741836e+02 3.659151102909122282e-07 8.860184384518798780e-06
4.537140120967741836e+02 3.463491180518249213e-07 8.829546369118721706e-06
4.538390120967741836e+02 3.268737707767234741e-07 8.799010452762653391e-06
4.539640120967741836e+02 3.074887586147551821e-07 8.768576311998540392e-06
4.540890120967741836e+02 2.881937726159123973e-07 8.738243624325792904e-06
4.542140120967741836e+02 2.689885047289337389e-07 8.708012068192906292e-06
4.543390120967741836e+02 2.498726477995524825e-07 8.677881322994918301e-06
4.544640120967741836e+02 2.308458955671942694e-07 8.647851069071054301e-06
4.545890120967741836e+02 2.119079426636847997e-07 8.617920987702115039e-06
4.547140120967741836e+02 1.930584846102737814e-07 8.588090761108118498e-06
4.548390120967741836e+02 1.742972178159642108e-07 8.558360072445765577e-06
4.549640120967741836e+02 1.556238395749921591e-07 8.528728605806120913e-06
4.550890120967741836e+02 1.370380480644656938e-07 8.499196046212076862e-06
4.552140120967741836e+02 1.185395423421774160e-07 8.469762079615881863e-06
4.553390120967741836e+02 1.001280223449722288e-07 8.440426392896763658e-06
4.554640120967741836e+02 8.180318888541933070e-08 8.411938221400313206e-06
4.555890120967741836e+02 6.356474365061890540e-08 8.384384392096525185e-06
4.557140120967741836e+02 4.541238919922942659e-08 8.356917796460277019e-06
4.558390120967741836e+02 2.734582895981989753e-08 8.329538169165436872e-06
4.559640120967741836e+02 9.364767228431554283e-09 8.302245245651944757e-06
4.560890120967741836e+02 -8.531090833788234844e-09 8.275038762123810142e-06
4.562140120967741836e+02 -2.634203920272071399e-08 8.247918455547057051e-06
4.563390120967741836e+02 -4.406837099286376438e-08 8.220884063647655612e-06
4.564640120967741836e+02 -6.171037846060530288e-08 8.193935324909495951e-06
4.565890120967741836e+02 -7.926835300547323790e-08 8.167071978572394277e-06
4.567140120967741836e+02 -9.674258517290603810e-08 8.140293764630004099e-06
4.568390120967741836e+02 -1.141333646560396608e-07 8.113600423827839253e-06
4.569640120967741836e+02 -1.314409802979776667e-07 8.086991697661232548e-06
4.570890120967741836e+02 -1.486657200942066662e-07 8.060467328373338469e-06
4.572140120967741836e+02 -1.658078711946207817e-07 8.034027058953105373e-06
4.573390120967741836e+02 -1.828677199051662542e-07 8.007670633133310377e-06
4.574640120967741836e+02 -1.998455516909604968e-07 7.981397795388497679e-06
4.575890120967741836e+02 -2.167416511775844816e-07 7.955208290933040547e-06
4.577140120967741836e+02 -2.335563021538515845e-07 7.929101865719147401e-06
4.578390120967741836e+02 -2.502897875734232213e-07 7.903078266434850960e-06
4.579640120967741836e+02 -2.669423895572147652e-07 7.877137240502014325e-06
4.580890120967741836e+02 -2.835143893956925150e-07 7.851278536074430235e-06
4.582140120967741836e+02 -3.000060675505489939e-07 7.825501902035769558e-06
4.583390120967741836e+02 -3.164177036571474862e-07 7.799807087997663604e-06
4.584640120967741836e+02 -3.327495765266947305e-07 7.774193844297720376e-06
4.585890120967741836e+02 -3.490019641479983006e-07 7.748661921997576394e-06
4.587140120967741836e+02 -3.651751436900412686e-07 7.723211072880953600e-06
4.588390120967741836e+02 -3.812693915036538239e-07 7.697841049451702714e-06
4.589640120967741836e+02 -3.972849831237351998e-07 7.672551604931848282e-06
4.590890120967741836e+02 -4.132221932717114981e-07 7.647342493259674378e-06
4.592140120967741836e+02 -4.290812958570362614e-07 7.622213469087795067e-06
4.593390120967741836e+02 -4.448625639795682000e-07 7.597164287781199451e-06
4.594640120967741836e+02 -4.605662699318926446e-07 7.572194705415320436e-06
4.595890120967741836e+02 -4.761926852008053894e-07 7.547304478774182267e-06
4.597140120967741836e+02 -4.917420804700648079e-07 7.522493365348407462e-06
4.598390120967741836e+02 -5.072147256218474790e-07 7.497761123333348258e-06
4.599640120967741836e+02 -5.226108897391431725e-07 7.473107511627171468e-06
4.600890120967741836e+02 -5.379308411079026074e-07 7.448532289828961975e-06
4.602140120967741836e+02 -5.531748472187649755e-07 7.424035218236810132e-06
4.603390120967741836e+02 -5.683431747692540857e-07 7.399616057845963534e-06
4.604640120967741836e+02 -5.834360896660944700e-07 7.375274570346870375e-06
4.605890120967741836e+02 -5.984538570266820447e-07 7.351010518123356629e-06
4.607140120967741836e+02 -6.133967411817510990e-07 7.326823664250731244e-06
4.608390120967741836e+02 -6.282650056768842374e-07 7.302713772493900638e-06
4.609640120967741836e+02 -6.430589132747479114e-07 7.278680607305496763e-06
4.610890120967741836e+02 -6.577787259573366333e-07 7.254723933824044123e-06
4.612140120967741836e+02 -6.724247049275508926e-07 7.230843517872063269e-06
4.613390120967741836e+02 -6.869971106114441228e-07 7.207039125954233579e-06
4.614640120967741836e+02 -7.014962026604308100e-07 7.183310525255544193e-06
4.615890120967741836e+02 -7.159222399528086119e-07 7.159657483639432230e-06
4.617140120967741836e+02 -7.302754805963083497e-07 7.136079769645956585e-06
4.618390120967741836e+02 -7.445561819296058565e-07 7.112577152489957327e-06
4.619640120967741836e+02 -7.587646005245238391e-07 7.089149402059210015e-06
4.620890120967741836e+02 -7.729009921882422109e-07 7.065796288912605423e-06
4.622140120967741836e+02 -7.869656119648204216e-07 7.042517584278338585e-06
4.623390120967741836e+02 -8.009587141374470707e-07 7.019313060052069884e-06
4.624640120967741836e+02 -8.148805522305821601e-07 6.996182488795101393e-06
4.625890120967741836e+02 -8.287313790114302956e-07 6.973125643732593022e-06
4.627140120967741836e+02 -8.425114464925782423e-07 6.950142298751746480e-06
4.628390120967741836e+02 -8.562210059330987138e-07 6.927232228399984999e-06
4.629640120967741836e+02 -8.698603078413987326e-07 6.904395207883173721e-06
4.630890120967741836e+02 -8.834296019766788559e-07 6.881631013063828223e-06
4.632140120967741836e+02 -8.969291373508782813e-07 6.858939420459302710e-06
4.633390120967741836e+02 -9.103591622307035957e-07 6.836320207240040895e-06
4.634640120967741836e+02 -9.237199241397393709e-07 6.813773151227754880e-06
4.635890120967741836e+02 -9.370116698599828801e-07 6.791298030893672638e-06
4.637140120967741836e+02 -9.502346454343877390e-07 6.768894625356780429e-06
4.638390120967741836e+02 -9.633890961678942146e-07 6.746562714382016069e-06
4.639640120967741836e+02 -9.764752666302896561e-07 6.724302078378524897e-06
4.640890120967741836e+02 -9.894934006577009667e-07 6.702112498397925048e-06
4.642140120967741836e+02 -1.002443741354347856e-06 6.679993756132502425e-06
4.643390120967741836e+02 -1.015326531094626963e-06 6.657945633913506471e-06
4.644640120967741836e+02 -1.028142011525274124e-06 6.635967914709377328e-06
4.645890120967741836e+02 -1.040890423566708185e-06 6.614060382124014501e-06
4.647140120967741836e+02 -1.053572007415515988e-06 6.592222820395029429e-06
4.648390120967741836e+02 -1.066187002545876654e-06 6.570455014392037023e-06
4.649640120967741836e+02 -1.078735647711648040e-06 6.548756749614886208e-06
4.650890120967741836e+02 -1.091218180948430747e-06 6.527127812191968404e-06
4.652140120967741836e+02 -1.103634839575024801e-06 6.505567988878490421e-06
4.653390120967741836e+02 -1.115985860195812570e-06 6.484077067054745670e-06
4.654640120967741836e+02 -1.128271478702157430e-06 6.462654834724405694e-06
4.655890120967741836e+02 -1.140491930274505673e-06 6.441301080512829488e-06
4.657140120967741836e+02 -1.152647449384426802e-06 6.420015593665334712e-06
4.658390120967741836e+02 -1.164738269796060046e-06 6.398798164045517169e-06
4.659640120967741836e+02 -1.176764624568246984e-06 6.377648582133539808e-06
4.660890120967741836e+02 -1.188726746056460866e-06 6.356566639024456435e-06
4.662140120967741836e+02 -1.200624865914301001e-06 6.335552126426505798e-06
4.663390120967741836e+02 -1.212459215095824206e-06 6.314604836659467491e-06
4.664640120967741836e+02 -1.224230023856901121e-06 6.293724562652917914e-06
4.665890120967741836e+02 -1.235937521757296313e-06 6.272911097944609054e-06
4.667140120967741836e+02 -1.247581937662650541e-06 6.252164236678804061e-06
4.668390120967741836e+02 -1.259163499745963699e-06 6.231483773604556082e-06
4.669640120967741836e+02 -1.270682435489580688e-06 6.210869504074088730e-06
4.670890120967741836e+02 -1.282138971687221750e-06 6.190321224041140985e-06
4.672140120967741836e+02 -1.293533334445340900e-06 6.169838730059283289e-06
4.673390120967741836e+02 -1.304865749185495923e-06 6.149421819280290400e-06
4.674640120967741836e+02 -1.316136440645439564e-06 6.129070289452490519e-06
4.675890120967741836e+02 -1.327345632881709544e-06 6.108783938919117817e-06
4.677140120967741836e+02 -1.338493549270992495e-06 6.088562566616680197e-06
4.678390120967741836e+02 -1.349580412511861432e-06 6.068405972073329609e-06
4.679640120967741836e+02 -1.360606444626712078e-06 6.048313955407213717e-06
4.680890120967741836e+02 -1.371571866963681598e-06 6.028286317324864847e-06
4.682140120967741836e+02 -1.382476900198056797e-06 6.008322859119596551e-06
4.683390120967741836e+02 -1.393321764334615950e-06 5.988423382669841732e-06
4.684640120967741836e+02 -1.404106678708574729e-06 5.968587690437566146e-06
4.685890120967741836e+02 -1.414831861988269178e-06 5.948815585466672597e-06
4.687140120967741836e+02 -1.425497532176441933e-06 5.929106871381357688e-06
4.688390120967741836e+02 -1.436103906611928454e-06 5.909461352384545664e-06
4.689640120967741836e+02 -1.446651201971563059e-06 5.889878833256268030e-06
4.690890120967741836e+02 -1.457139634272120749e-06 5.870359119352077065e-06
4.692140120967741836e+02 -1.467569418871633284e-06 5.850902016601454242e-06
4.693390120967741836e+02 -1.477940770471696712e-06 5.831507331506249997e-06
4.694640120967741836e+02 -1.488253903118472565e-06 5.812174871139042178e-06
4.695890120967741836e+02 -1.498509030205212649e-06 5.792904443141614772e-06
4.697140120967741836e+02 -1.508706364473568558e-06 5.773695855723373109e-06
4.698390120967741836e+02 -1.518846118015323010e-06 5.754548917659748051e-06
4.699640120967741836e+02 -1.528928502274147440e-06 5.735463438290644227e-06
4.700890120967741836e+02 -1.538953728047556529e-06 5.716439227518898434e-06
4.702140120967741836e+02 -1.548922005488227246e-06 5.697476095808687214e-06
4.703390120967741836e+02 -1.558833544106203037e-06 5.678573854183997113e-06
4.704640120967741836e+02 -1.568688552769942032e-06 5.659732314227061906e-06
4.705890120967741836e+02 -1.578487239708739981e-06 5.640951288076814220e-06
4.707140120967741836e+02 -1.588229812514112823e-06 5.622230588427354944e-06
4.708390120967741836e+02 -1.597916478141313723e-06 5.603570028526412480e-06
4.709640120967741836e+02 -1.607547442911259012e-06 5.584969422173785892e-06
4.710890120967741836e+02 -1.617122912512344229e-06 5.566428583719841425e-06
4.712140120967741836e+02 -1.626643092001741135e-06 5.547947328063980224e-06
4.713390120967741836e+02 -1.636108185807598096e-06 5.529525470653097576e-06
4.714640120967741836e+02 -1.645518397730012052e-06 5.511162827480073501e-06
4.715890120967741836e+02 -1.654873930943507787e-06 5.492859215082265882e-06
4.717140120967741836e+02 -1.664174987998245153e-06 5.474614450539988342e-06
4.718390120967741836e+02 -1.673421770821694301e-06 5.456428351474997446e-06
4.719640120967741836e+02 -1.682614480720412324e-06 5.438300736049004465e-06
4.720890120967741836e+02 -1.691753318381634834e-06 5.420231422962157490e-06
4.722140120967741836e+02 -1.700838483875114874e-06 5.402220231451549811e-06
4.723390120967741836e+02 -1.709870176654681242e-06 5.384266981289745227e-06
4.724640120967741836e+02 -1.718848595559502691e-06 5.366371492783245770e-06
4.725890120967741836e+02 -1.727773938816433151e-06 5.348533586771051744e-06
4.727140120967741836e+02 -1.736646404041291594e-06 5.330753084623159091e-06
4.728390120967741836e+02 -1.745466188240333331e-06 5.313029808239080471e-06
4.729640120967741836e+02 -1.754233487812176591e-06 5.295363580046363798e-06
4.730890120967741836e+02 -1.762948498549269789e-06 5.277754222999145516e-06
4.732140120967741836e+02 -1.771611415639683005e-06 5.260201560576660659e-06
4.733390120967741836e+02 -1.780222433668690240e-06 5.242705416781791043e-06
4.734640120967741836e+02 -1.788781746620002059e-06 5.225265616139599893e-06
4.735890120967741836e+02 -1.797289547878044961e-06 5.207881983695880882e-06
4.737140120967741836e+02 -1.805746030229176865e-06 5.190554345015698690e-06
4.738390120967741836e+02 -1.814151385863276998e-06 5.173282526181956670e-06
4.739640120967741836e+02 -1.822505806375482941e-06 5.156066353793925555e-06
4.740890120967741836e+02 -1.830809482767685860e-06 5.138905654965827215e-06
4.742140120967741836e+02 -1.839062605450315622e-06 5.121800257325388775e-06
4.743390120967741836e+02 -1.847265364243870965e-06 5.104749989012400966e-06
4.744640120967741836e+02 -1.855417948380118471e-06 5.087754678677291716e-06
4.745890120967741836e+02 -1.863520546504365367e-06 5.070814155479713305e-06
4.747140120967741836e+02 -1.871573346676606197e-06 5.053928249087096474e-06
4.748390120967741836e+02 -1.879576536373116935e-06 5.037096789673251981e-06
4.749640120967741836e+02 -1.887530302488152445e-06 5.020319607916936566e-06
4.750890120967741836e+02 -1.895434831335420733e-06 5.003596535000451120e-06
4.752140120967741836e+02 -1.903290308649819799e-06 4.986927402608234600e-06
4.753390120967741836e+02 -1.911096919588939203e-06 4.970312042925455425e-06
4.754640120967741836e+02 -1.918854848734269215e-06 4.953750288636600308e-06
4.755890120967741836e+02 -1.926564280093364129e-06 4.937241972924092754e-06
4.757140120967741836e+02 -1.934225397101074067e-06 4.920786929466892061e-06
4.758390120967741836e+02 -1.941838382620988530e-06 4.904384992439100804e-06
4.759640120967741836e+02 -1.949403418947211782e-06 4.888035996508569767e-06
4.760890120967741836e+02 -1.956920687805715137e-06 4.871739776835535913e-06
4.762140120967741836e+02 -1.964390370356104716e-06 4.855496169071226479e-06
4.763390120967741836e+02 -1.971812647193038537e-06 4.839305009356478310e-06
4.764640120967741836e+02 -1.979187698347642747e-06 4.823166134320376674e-06
4.765890120967741836e+02 -1.986515703289185790e-06 4.807079381078881379e-06
4.767140120967741836e+02 -1.993796840926555204e-06 4.791044587233454578e-06
4.768390120967741836e+02 -2.001031289609875457e-06 4.775061590869716524e-06
4.769640120967741836e+02 -2.008219227131997029e-06 4.759130230556053903e-06
4.770890120967741836e+02 -2.015360830729682682e-06 4.743250345342298455e-06
4.772140120967741836e+02 -2.022456277085675491e-06 4.727421774758358172e-06
4.773390120967741836e+02 -2.029505742329895701e-06 4.711644358812863740e-06
4.774640120967741836e+02 -2.036509402040897627e-06 4.695917937991830224e-06
4.775890120967741836e+02 -2.043467431247496799e-06 4.680242353257326384e-06
4.777140120967741836e+02 -2.050380004430165876e-06 4.664617446046110100e-06
4.778390120967741836e+02 -2.057247295522721935e-06 4.649043058268317168e-06
4.779640120967741836e+02 -2.064069477913708828e-06 4.633519032306116209e-06
4.780890120967741836e+02 -2.070846724447594887e-06 4.618045211012391538e-06
4.782140120967741836e+02 -2.077579207426791402e-06 4.602621437709397222e-06
4.783390120967741836e+02 -2.084267098612867694e-06 4.587247556187472135e-06
4.784640120967741836e+02 -2.090910569227873753e-06 4.571923410703680471e-06
4.785890120967741836e+02 -2.097509789956066491e-06 4.556648845980525097e-06
4.787140120967741836e+02 -2.104064930945226035e-06 4.541423707204634655e-06
4.788390120967741836e+02 -2.110576161808257884e-06 4.526247840025442191e-06
4.789640120967741836e+02 -2.117043651624646848e-06 4.511121090553879875e-06
4.790890120967741836e+02 -2.123467568941548021e-06 4.496043305361108452e-06
4.792140120967741836e+02 -2.129848081775852696e-06 4.481014331477177237e-06
4.793390120967741836e+02 -2.136185357615269604e-06 4.466034016389758649e-06
4.794640120967741836e+02 -2.142479563419744538e-06 4.451102208042849706e-06
4.795890120967741836e+02 -2.148730865623058708e-06 4.436218754835477759e-06
4.797140120967741836e+02 -2.154939430134153074e-06 4.421383505620424865e-06
4.798390120967741836e+02 -2.161105422338728816e-06 4.406596309702944527e-06
4.799640120967741836e+02 -2.167229007100647481e-06 4.391857016839477594e-06
4.800890120967741836e+02 -2.173310348762994006e-06 4.377165477236385948e-06
4.802140120967741836e+02 -2.179349611150099011e-06 4.362521541548683646e-06
4.803390120967741836e+02 -2.185346957568642483e-06 4.347925060878758749e-06
4.804640120967741836e+02 -2.191302550809014112e-06 4.333375886775106160e-06
4.805890120967741836e+02 -2.197216553146859545e-06 4.318873871231090109e-06
4.807140120967741836e+02 -2.203089126344433953e-06 4.304418866683658360e-06
4.808390120967741836e+02 -2.208920431652154632e-06 4.290010726012103841e-06
4.809640120967741836e+02 -2.214710629809927467e-06 4.275649302536805962e-06
4.810890120967741836e+02 -2.220459881048237055e-06 4.261334450017988860e-06
4.812140120967741836e+02 -2.226168345090160530e-06 4.247066022654463555e-06
4.813390120967741836e+02 -2.231836181152359438e-06 4.232843875082409071e-06
4.814640120967741836e+02 -2.237463547946502331e-06 4.218667862374103579e-06
4.815890120967741836e+02 -2.243050603680730973e-06 4.204537840036714836e-06
4.817140120967741836e+02 -2.248597506061007982e-06 4.190453664011057587e-06
4.818390120967741836e+02 -2.254104412292614796e-06 4.176415190670365367e-06
4.819640120967741836e+02 -2.259571479081518790e-06 4.162422276819053831e-06
4.820890120967741836e+02 -2.264998862635363034e-06 4.148474779691528135e-06
4.822140120967741836e+02 -2.270386718665524159e-06 4.134572556950928478e-06
4.823390120967741836e+02 -2.275735202387877649e-06 4.120715466687936635e-06
4.824640120967741836e+02 -2.281044468524588049e-06 4.106903367419551989e-06
4.825890120967741836e+02 -2.286314671305181305e-06 4.093136118087890445e-06
4.827140120967741836e+02 -2.291545964468012676e-06 4.079413578058968086e-06
4.828390120967741836e+02 -2.296738501261722354e-06 4.065735607121508552e-06
4.829640120967741836e+02 -2.301892434446579714e-06 4.052102065485727550e-06
4.830890120967741836e+02 -2.307007916295476876e-06 4.038512813782145310e-06
4.832140120967741836e+02 -2.312085098595886625e-06 4.024967713060401586e-06
4.833390120967741836e+02 -2.317124132650660315e-06 4.011466624788045251e-06
4.834640120967741836e+02 -2.322125169279792241e-06 3.998009410849351834e-06
4.835890120967741836e+02 -2.327088358821417017e-06 3.984595933544150379e-06
4.837140120967741836e+02 -2.332013851133309674e-06 3.971226055586629981e-06
4.838390120967741836e+02 -2.336901795594289189e-06 3.957899640104161556e-06
4.839640120967741836e+02 -2.341752341105531819e-06 3.944616550636128943e-06
4.840890120967741836e+02 -2.346565636091528660e-06 3.931376651132750673e-06
4.842140120967741836e+02 -2.351341828502058819e-06 3.918179805953905143e-06
4.843390120967741836e+02 -2.356081065812930988e-06 3.905025879867989656e-06
4.844640120967741836e+02 -2.360783495027721132e-06 3.891914738050718482e-06
4.845890120967741836e+02 -2.365449262678752083e-06 3.878846246083988686e-06
4.847140120967741836e+02 -2.370078514828578390e-06 3.865820269954724769e-06
4.848390120967741836e+02 -2.374671397071336063e-06 3.852836676053710612e-06
4.849640120967741836e+02 -2.379228054534054206e-06 3.839895331174434124e-06
4.850890120967741836e+02 -2.383748631877597765e-06 3.826996102511965770e-06
4.852140120967741836e+02 -2.388233273298567844e-06 3.814138857661787969e-06
4.853390120967741836e+02 -2.392682122530079283e-06 3.801323464618658803e-06
4.854640120967741836e+02 -2.397095322843406444e-06 3.788549791775478684e-06
4.855890120967741836e+02 -2.401473017049014894e-06 3.775817707922153214e-06
4.857140120967741836e+02 -2.405815347497945035e-06 3.763127082244448843e-06
4.858390120967741836e+02 -2.410122456083194888e-06 3.750477784322886219e-06
4.859640120967741836e+02 -2.414394484240965226e-06 3.737869684131579756e-06
4.860890120967741836e+02 -2.418631572951614607e-06 3.725302652037141149e-06
4.862140120967741836e+02 -2.422833862741492778e-06 3.712776558797554509e-06
4.863390120967741836e+02 -2.427001493683732648e-06 3.700291275561039230e-06
4.864640120967741836e+02 -2.431134605399854569e-06 3.687846673864951803e-06
4.865890120967741836e+02 -2.435233337060758213e-06 3.675442625634671552e-06
4.867140120967741836e+02 -2.439297827388121446e-06 3.663079003182487199e-06
4.868390120967741836e+02 -2.443328214655754308e-06 3.650755679206488531e-06
4.869640120967741836e+02 -2.447324636690631975e-06 3.638472526789466524e-06
4.870890120967741836e+02 -2.451287230874261442e-06 3.626229419397810079e-06
4.872140120967741836e+02 -2.455216134144034660e-06 3.614026230880409545e-06
4.873390120967741836e+02 -2.459111482994226340e-06 3.601862835467567429e-06
4.874640120967741836e+02 -2.462973413477547412e-06 3.589739107769888785e-06
4.875890120967741836e+02 -2.466802061206072527e-06 3.577654922777209293e-06
4.877140120967741836e+02 -2.470597561352653751e-06 3.565610155857507248e-06
4.878390120967741836e+02 -2.474360048652216109e-06 3.553604682755809187e-06
4.879640120967741836e+02 -2.478089657402756653e-06 3.541638379593113742e-06
4.880890120967741836e+02 -2.481786521466866161e-06 3.529711122865324372e-06
4.882140120967741836e+02 -2.485450774272679930e-06 3.517822789442160929e-06
4.883390120967741836e+02 -2.489082548815219902e-06 3.505973256566089429e-06
4.884640120967741836e+02 -2.492681977657697819e-06 3.494162401851264535e-06
4.885890120967741836e+02 -2.496249192932702345e-06 3.482390103282446200e-06
4.887140120967741836e+02 -2.499784326343081673e-06 3.470656239213943839e-06
4.888390120967741836e+02 -2.503287509163746432e-06 3.458960688368570670e-06
4.889640120967741836e+02 -2.506758872242349433e-06 3.447303329836549344e-06
4.890890120967741836e+02 -2.510198546000850988e-06 3.435684043074492543e-06
4.892140120967741836e+02 -2.513606660436465888e-06 3.424102707904336568e-06
4.893390120967741836e+02 -2.516983345122959790e-06 3.412559204512288469e-06
4.894640120967741836e+02 -2.520328729211918497e-06 3.401053413447778274e-06
4.895890120967741836e+02 -2.523642941433948200e-06 3.389585215622429839e-06
4.897140120967741836e+02 -2.526926110099505573e-06 3.378154492309001636e-06
4.898390120967741836e+02 -2.530178363100693907e-06 3.366761125140358029e-06
4.899640120967741836e+02 -2.533399827911884405e-06 3.355404996108431236e-06
4.900890120967741836e+02 -2.536590631591320468e-06 3.344085987563189219e-06
4.902140120967741836e+02 -2.539750900781975732e-06 3.332803982211601884e-06
4.903390120967741836e+02 -2.542880761712869094e-06 3.321558863116625058e-06
4.904640120967741836e+02 -2.545980340200305611e-06 3.310350513696155681e-06
4.905890120967741836e+02 -2.549049761649025078e-06 3.299178817722024254e-06
4.907140120967741836e+02 -2.552089151053054142e-06 3.288043659318983488e-06
4.908390120967741836e+02 -2.555098632997419852e-06 3.276944922963670258e-06
4.909640120967741836e+02 -2.558078331658827283e-06 3.265882493483600183e-06
4.910890120967741836e+02 -2.561028370807158786e-06 3.254856256056168966e-06
4.912140120967741836e+02 -2.563948873806370993e-06 3.243866096207628761e-06
4.913390120967741836e+02 -2.566839963615740806e-06 3.232911899812084860e-06
4.914640120967741836e+02 -2.569701762791171946e-06 3.221993553090500003e-06
4.915890120967741836e+02 -2.572534393486063155e-06 3.211110942609687686e-06
4.917140120967741836e+02 -2.575337977452590189e-06 3.200263955281311386e-06
4.918390120967741836e+02 -2.578112636042960269e-06 3.189452478360904968e-06
4.919640120967741836e+02 -2.580858490210293841e-06 3.178676399446858789e-06
4.920890120967741836e+02 -2.583575660510047173e-06 3.167935606479442220e-06
4.922140120967741836e+02 -2.586264267100850912e-06 3.157229987739823208e-06
4.923390120967741836e+02 -2.588924429745845011e-06 3.146559431849068348e-06
4.924640120967741836e+02 -2.591556267813801050e-06 3.135923827767165838e-06
4.925890120967741836e+02 -2.594159900280123422e-06 3.125323064792059007e-06
4.927140120967741836e+02 -2.596735445728005539e-06 3.114757032558648940e-06
4.928390120967741836e+02 -2.599283022349703345e-06 3.104225621037837750e-06
4.929640120967741836e+02 -2.601802747947391664e-06 3.093728720535549834e-06
4.930890120967741836e+02 -2.604294739934539359e-06 3.083266221691761171e-06
4.932140120967741836e+02 -2.606759115336800413e-06 3.072838015479536670e-06
4.933390120967741836e+02 -2.609195990793198078e-06 3.062443993204072601e-06
4.934640120967741836e+02 -2.611605482557370013e-06 3.052084046501716577e-06
4.935890120967741836e+02 -2.613987706498421675e-06 3.041758067339030731e-06
4.937140120967741836e+02 -2.616342778102144768e-06 3.031465948011826531e-06
4.938390120967741836e+02 -2.618670812472255189e-06 3.021207581144211435e-06
4.939640120967741836e+02 -2.620971924331160436e-06 3.010982859687631327e-06
4.940890120967741836e+02 -2.623246228021419044e-06 3.000791676919939201e-06
4.942140120967741836e+02 -2.625493837506515626e-06 2.990633926444437592e-06
4.943390120967741836e+02 -2.627714866372083560e-06 2.980509502188934132e-06
4.944640120967741836e+02 -2.629909427827090836e-06 2.970418298404810663e-06
4.945890120967741836e+02 -2.632077634704715889e-06 2.960360209666072866e-06
4.947140120967741836e+02 -2.634219599463492790e-06 2.950335130868426991e-06
4.948390120967741836e+02 -2.636335434188534779e-06 2.940342957228345164e-06
4.949640120967741836e+02 -2.638425250592349963e-06 2.930383584282119242e-06
4.950890120967741836e+02 -2.640489160016163108e-06 2.920456907884950262e-06
4.952140120967741836e+02 -2.642527273430772839e-06 2.910562824210028130e-06
4.953390120967741836e+02 -2.644539701437704027e-06 2.900701229747585918e-06
4.954640120967741836e+02 -2.646526554270378808e-06 2.890872021303991837e-06
4.955890120967741836e+02 -2.648487941794942449e-06 2.881075096000841222e-06
4.957140120967741836e+02 -2.650423973511454268e-06 2.871310351274023949e-06
4.958390120967741836e+02 -2.652334758555051461e-06 2.861577684872818954e-06
4.959640120967741836e+02 -2.654220405696708045e-06 2.851876994858987910e-06
4.960890120967741836e+02 -2.656081023344642622e-06 2.842208179605858735e-06
4.962140120967741836e+02 -2.657916719544913000e-06 2.832571137797422235e-06
4.963390120967741836e+02 -2.659727601982965417e-06 2.822965768427441869e-06
4.964640120967741836e+02 -2.661513777984341386e-06 2.813391970798529215e-06
4.965890120967741836e+02 -2.663275354515777993e-06 2.803849644521261359e-06
4.967140120967741836e+02 -2.665012438186227303e-06 2.794338689513290666e-06
4.968390120967741836e+02 -2.666725135248039661e-06 2.784859005998435488e-06
4.969640120967741836e+02 -2.668413551597769223e-06 2.775410494505794171e-06
4.970890120967741836e+02 -2.670077792777458483e-06 2.765993055868867099e-06
4.972140120967741836e+02 -2.671717963975271003e-06 2.756606591224656730e-06
4.973390120967741836e+02 -2.673334170026972874e-06 2.747251002012788790e-06
4.974640120967741836e+02 -2.674926515416712836e-06 2.737926189974637295e-06
4.975890120967741836e+02 -2.676495104277967566e-06 2.728632057152434319e-06
4.977140120967741836e+02 -2.678040040394677123e-06 2.719368505888397544e-06
4.978390120967741836e+02 -2.679561427202313061e-06 2.710135438823867564e-06
4.979640120967741836e+02 -2.681059367788674635e-06 2.700932758898412991e-06
4.980890120967741836e+02 -2.682533964895203823e-06 2.691760369348980459e-06
4.982140120967741836e+02 -2.683985320917549027e-06 2.682618173709022176e-06
4.983390120967741836e+02 -2.685413537907050766e-06 2.673506075807628993e-06
4.984640120967741836e+02 -2.686818717571469279e-06 2.664423979768661766e-06
4.985890120967741836e+02 -2.688200961275975976e-06 2.655371790009910254e-06
4.987140120967741836e+02 -2.689560370044169879e-06 2.646349411242215170e-06
4.988390120967741836e+02 -2.690897044559234246e-06 2.637356748468624110e-06
4.989640120967741836e+02 -2.692211085164617581e-06 2.628393706983533938e-06
4.990890120967741836e+02 -2.693502591865358400e-06 2.619460192371844168e-06
4.992140120967741836e+02 -2.694771664328783181e-06 2.610556110508100623e-06
4.993390120967741836e+02 -2.696018401885596498e-06 2.601681367555664065e-06
4.994640120967741836e+02 -2.697242903530973270e-06 2.592835869965846648e-06
4.995890120967741836e+02 -2.698445267925309654e-06 2.584019524477084790e-06
4.997140120967741836e+02 -2.699625593395445314e-06 2.575232238114100186e-06
4.998390120967741836e+02 -2.700783977935378320e-06 2.566473918187052777e-06
4.999640120967741836e+02 -2.701920519207391696e-06 2.557744472290711503e-06
5.000890120967741836e+02 -2.703035314543081724e-06 2.549043808303627176e-06
5.002140120967741836e+02 -2.704128460944129585e-06 2.540371834387292645e-06
5.003390120967741836e+02 -2.705200055083341946e-06 2.531728458985322026e-06
5.004640120967741836e+02 -2.706250193305752942e-06 2.523113590822623567e-06
5.005890120967741836e+02 -2.707278971629320869e-06 2.514527138904574223e-06
5.007140120967741836e+02 -2.708286485746158491e-06 2.505969012516198027e-06
5.008390120967741836e+02 -2.709272831023153499e-06 2.497439121221355480e-06
5.009640120967741836e+02 -2.710238102503278441e-06 2.488937374861913041e-06
5.010890120967741836e+02 -2.711182394906325529e-06 2.480463683556939711e-06
5.012140120967741836e+02 -2.712105802629852346e-06 2.472017957701893035e-06
5.013390120967741836e+02 -2.713008419750154243e-06 2.463600107967807645e-06
5.014640120967741836e+02 -2.713890340023285862e-06 2.455210045300480840e-06
5.015890120967741836e+02 -2.714751656885837861e-06 2.446847680919685688e-06
5.017140120967741836e+02 -2.715592463456087187e-06 2.438512926318345173e-06
5.018390120967741836e+02 -2.716412852534592542e-06 2.430205693261746569e-06
5.019640120967741836e+02 -2.717212916605506856e-06 2.421925893786738879e-06
5.020890120967741836e+02 -2.717992747837311669e-06 2.413673440200932386e-06
5.022140120967741836e+02 -2.718752438083697197e-06 2.405448245081906256e-06
5.023390120967741836e+02 -2.719492078884540653e-06 2.397250221276422489e-06
5.024640120967741836e+02 -2.720211761466920996e-06 2.389079281899622512e-06
5.025890120967741836e+02 -2.720911576745845680e-06 2.380935340334250021e-06
5.027140120967741836e+02 -2.721591615325406436e-06 2.372818310229864941e-06
5.028390120967741836e+02 -2.722251967499349324e-06 2.364728105502051444e-06
5.029640120967741836e+02 -2.722892723252376196e-06 2.356664640331643764e-06
5.030890120967741836e+02 -2.723513972260815972e-06 2.348627829163945233e-06
5.032140120967741836e+02 -2.724115803893566118e-06 2.340617586707950279e-06
5.033390120967741836e+02 -2.724698307212971439e-06 2.332633827935568122e-06
5.034640120967741836e+02 -2.725261570975879487e-06 2.324676468080854093e-06
5.035890120967741836e+02 -2.725805683634309713e-06 2.316745422639232478e-06
5.037140120967741836e+02 -2.726330733336614752e-06 2.308840607366732495e-06
5.038390120967741836e+02 -2.726836807928007274e-06 2.300961938279225120e-06
5.039640120967741836e+02 -2.727323994951869502e-06 2.293109331651643390e-06
5.040890120967741836e+02 -2.727792381650410929e-06 2.285282704017240404e-06
5.042140120967741836e+02 -2.728242054965535255e-06 2.277481972166816405e-06
5.043390120967741836e+02 -2.728673101539778059e-06 2.269707053147960261e-06
5.044640120967741836e+02 -2.729085607717286810e-06 2.261957864264298996e-06
5.045890120967741836e+02 -2.729479659544479436e-06 2.254234323074740964e-06
5.047140120967741836e+02 -2.729855342771228903e-06 2.246536347392722837e-06
5.048390120967741836e+02 -2.730212742851317221e-06 2.238863855285465488e-06
5.049640120967741836e+02 -2.730551944943760629e-06 2.231216765073215048e-06
5.050890120967741836e+02 -2.730873033913439786e-06 2.223594995328506835e-06
5.052140120967741836e+02 -2.731176094331941301e-06 2.215998464875420811e-06
5.053390120967741836e+02 -2.731461210478485653e-06 2.208427092788837042e-06
5.054640120967741836e+02 -2.731728466340888580e-06 2.200880798393691578e-06
5.055890120967741836e+02 -2.731977945616217097e-06 2.193359501264253088e-06
5.057140120967741836e+02 -2.732209731711899967e-06 2.185863121223369847e-06
5.058390120967741836e+02 -2.732423907746243534e-06 2.178391578341750603e-06
5.059640120967741836e+02 -2.732620556549672633e-06 2.170944792937227241e-06
5.060890120967741836e+02 -2.732799760665375604e-06 2.163522685574020820e-06
5.062140120967741836e+02 -2.732961602350121674e-06 2.156125177062023722e-06
5.063390120967741836e+02 -2.733106163575202444e-06 2.148752188456069925e-06
5.064640120967741836e+02 -2.733233526027226818e-06 2.141403641055207831e-06
5.065890120967741836e+02 -2.733343771109038774e-06 2.134079456401981132e-06
5.067140120967741836e+02 -2.733436979940536858e-06 2.126779556281716455e-06
5.068390120967741836e+02 -2.733513233359320904e-06 2.119503862721795765e-06
5.069640120967741836e+02 -2.733572611921866436e-06 2.112252297990943156e-06
5.070890120967741836e+02 -2.733615195904160373e-06 2.105024784598520126e-06
5.072140120967741836e+02 -2.733641065302515869e-06 2.097821245293802633e-06
5.073390120967741836e+02 -2.733650299834470598e-06 2.090641603065278053e-06
5.074640120967741836e+02 -2.733642978939577877e-06 2.083485781139934951e-06
5.075890120967741836e+02 -2.733619181780310028e-06 2.076353702982561306e-06
5.077140120967741836e+02 -2.733578987242857980e-06 2.069245292295033432e-06
5.078390120967741836e+02 -2.733522473937759341e-06 2.062160473015627764e-06
5.079640120967741836e+02 -2.733449720201046551e-06 2.055099169318304264e-06
5.080890120967741836e+02 -2.733360804094877501e-06 2.048061305612020327e-06
5.082140120967741836e+02 -2.733255803408335976e-06 2.041046806540033674e-06
5.083390120967741836e+02 -2.733134795658295206e-06 2.034055596979205665e-06
5.084640120967741836e+02 -2.732997858090214078e-06 2.027087602039306311e-06
5.085890120967741836e+02 -2.732845067679004496e-06 2.020142747062335373e-06
5.087140120967741836e+02 -2.732676501129824206e-06 2.013220957621822717e-06
5.088390120967741836e+02 -2.732492234878679881e-06 2.006322159522144757e-06
5.089640120967741836e+02 -2.732292345093571888e-06 1.999446278797848945e-06
5.090890120967741836e+02 -2.732076907675095682e-06 1.992593241712957089e-06
5.092140120967741836e+02 -2.731845998257218954e-06 1.985762974760295348e-06
5.093390120967741836e+02 -2.731599692208155776e-06 1.978955404660817450e-06
5.094640120967741836e+02 -2.731338064631120454e-06 1.972170458362914367e-06
5.095890120967741836e+02 -2.731061190365177530e-06 1.965408063041753201e-06
5.097140120967741836e+02 -2.730769143986033756e-06 1.958668146098599982e-06
5.098390120967741836e+02 -2.730461999806622546e-06 1.951950635160147546e-06
5.099640120967741836e+02 -2.730139831878215284e-06 1.945255458077843841e-06
5.100890120967741836e+02 -2.729802713991020178e-06 1.938582542927233357e-06
5.102140120967741836e+02 -2.729450719674951362e-06 1.931931818007281194e-06
5.103390120967741836e+02 -2.729083922200459416e-06 1.925303211839716187e-06
5.104640120967741836e+02 -2.728702394579278022e-06 1.918696653168368951e-06
5.105890120967741836e+02 -2.728306209565289635e-06 1.912112070958506962e-06
5.107140120967741836e+02 -2.727895439655223859e-06 1.905549394396180853e-06
5.108390120967741836e+02 -2.727470157089395213e-06 1.899008552887572630e-06
5.109640120967741836e+02 -2.727030433852537037e-06 1.892489476058327780e-06
5.110890120967741836e+02 -2.726576341674534597e-06 1.885992093752913860e-06
5.112140120967741836e+02 -2.726107952031264072e-06 1.879516336033971667e-06
5.113390120967741836e+02 -2.725625336145321424e-06 1.873062133181655824e-06
5.114640120967741836e+02 -2.725128564986610242e-06 1.866629415692993575e-06
5.115890120967741836e+02 -2.724617709273421285e-06 1.860218114281244007e-06
5.117140120967741836e+02 -2.724092839472999991e-06 1.853828159875246678e-06
5.118390120967741836e+02 -2.723554025802281704e-06 1.847459483618781898e-06
5.119640120967741836e+02 -2.723001338228706520e-06 1.841112016869936514e-06
5.120890120967741268e+02 -2.722434846470958322e-06 1.834785691200457831e-06
5.122140120967741268e+02 -2.721854619999749981e-06 1.828480438395120673e-06
5.123390120967741268e+02 -2.721260728038586107e-06 1.822196190451099090e-06
5.124640120967741268e+02 -2.720653239564287364e-06 1.815932879577322195e-06
5.125890120967741268e+02 -2.720032223308071285e-06 1.809690438193846721e-06
5.127140120967741268e+02 -2.719397747756121475e-06 1.803468798931239744e-06
5.128390120967741268e+02 -2.718749881150276676e-06 1.797267894629932827e-06
5.129640120967741268e+02 -2.718088691488861702e-06 1.791087658339605374e-06
5.130890120967741268e+02 -2.717414246527376082e-06 1.784928023318566085e-06
5.132140120967741268e+02 -2.716726613779297890e-06 1.778788923033120860e-06
5.133390120967741268e+02 -2.716025860516796102e-06 1.772670291156956582e-06
5.134640120967741268e+02 -2.715312053771270577e-06 1.766572061570524475e-06
5.135890120967741268e+02 -2.714585260334400265e-06 1.760494168360421137e-06
5.137140120967741268e+02 -2.713845546758699277e-06 1.754436545818770627e-06
5.138390120967741268e+02 -2.713092979358198756e-06 1.748399128442619898e-06
5.139640120967741268e+02 -2.712327624209241807e-06 1.742381850933314955e-06
5.140890120967741268e+02 -2.711549547151174684e-06 1.736384648195897135e-06
