1.801626344086021447e+01 0.000000000000000000e+00 0.000000000000000000e+00
1.814126344086021447e+01 3.898483981711468632e-05 1.445777632142164655e-03
1.826626344086021447e+01 1.085197018950660714e-04 2.002961591340521406e-03
1.839126344086021447e+01 1.962088623908053763e-04 2.404156891986209462e-03
1.851626344086021447e+01 2.973070482350585438e-04 2.721866691771929973e-03
1.864126344086021447e+01 4.089348227163828249e-04 2.985025971253848272e-03
1.876626344086021447e+01 5.290726012791933247e-04 3.208911887171275734e-03
1.889126344086021447e+01 6.561909753316554636e-04 3.402859483444048948e-03
1.901626344086021447e+01 7.890754133706627624e-04 3.573117684437626153e-03
1.914126344086021447e+01 9.267300098510172042e-04 3.724139086114463659e-03
1.926626344086021447e+01 1.068319221514627253e-03 3.859243248120919258e-03
1.939126344086021447e+01 1.213130031033771237e-03 3.980990926561632330e-03
1.951626344086021447e+01 1.360546031159257053e-03 4.091410506469387448e-03
1.964126344086021447e+01 1.510028913988989592e-03 4.192142727219097705e-03
1.976626344086021447e+01 1.661104793956197498e-03 4.284537370535907233e-03
1.989126344086021447e+01 1.813353815804343537e-03 4.369720260028887859e-03
2.001626344086021447e+01 1.966402071050966666e-03 4.448641136759524418e-03
2.014126344086021447e+01 2.119915183273049075e-03 4.522108777978151896e-03
2.026626344086021447e+01 2.273593129399948190e-03 4.590817347894760383e-03
2.039126344086021447e+01 2.427165995896755912e-03 4.655366563802685285e-03
2.051626344086021447e+01 2.580390455214969132e-03 4.716277399576568503e-03
2.064126344086021447e+01 2.733046806252896737e-03 4.774004503833633763e-03
2.076626344086021447e+01 2.884936462902441476e-03 4.828946155877368064e-03
2.089126344086021447e+01 3.035879803227298918e-03 4.881452346502011645e-03
2.101626344086021447e+01 3.185714312294137245e-03 4.931831409996004396e-03
2.114126344086021447e+01 3.334292966658266872e-03 4.980355521938670781e-03
2.126626344086021447e+01 3.481482819633548251e-03 5.027265298453552182e-03
2.139126344086021447e+01 3.627163754859705214e-03 5.072773675750737524e-03
2.151626344086021447e+01 3.771227382075885513e-03 5.134910906893112165e-03
2.164126344086021447e+01 3.913576053946840258e-03 5.277018100150589718e-03
2.176626344086021447e+01 4.054121986640103759e-03 5.413924961191927780e-03
2.189126344086021447e+01 4.192786469888462771e-03 5.545688389022136559e-03
2.201626344086021447e+01 4.329499154686111684e-03 5.672376374186513179e-03
2.214126344086021447e+01 4.464197408703637383e-03 5.794066520549340238e-03
2.226626344086021447e+01 4.596825731072645693e-03 5.910844721726519861e-03
2.239126344086021447e+01 4.727335219466241231e-03 6.022803974460992117e-03
2.251626344086021447e+01 4.855683083447895690e-03 6.130043313673214089e-03
2.264126344086021447e+01 4.981832198924799650e-03 6.232666855959363705e-03
2.276626344086021447e+01 5.105750699259396959e-03 6.330782940021064537e-03
2.289126344086021447e+01 5.227411599192439105e-03 6.424503353957142920e-03
2.301626344086021447e+01 5.346792448234296419e-03 6.513942640576080023e-03
2.314126344086021447e+01 5.463875010606819224e-03 6.599217472935428770e-03
2.326626344086021447e+01 5.578644969178822924e-03 6.680446093214565013e-03
2.339126344086021447e+01 5.691091651146319708e-03 6.757747808802653036e-03
2.351626344086021447e+01 5.752651719608345253e-03 6.831242540153073702e-03
2.364126344086021447e+01 5.790981674603497796e-03 6.901050415541753504e-03
2.376626344086021447e+01 5.829323372552041270e-03 6.967291408372820391e-03
2.389126344086021447e+01 5.867684699640220505e-03 7.030085013124086173e-03
2.401626344086021447e+01 5.906070712645892194e-03 7.089549956414665892e-03
2.414126344086021447e+01 5.944483929054514282e-03 7.145803940024507937e-03
2.426626344086021447e+01 5.982924591904362904e-03 7.198963412999302355e-03
2.439126344086021447e+01 6.021390911791399056e-03 7.249143370249689841e-03
2.451626344086021447e+01 6.059879288163719235e-03 7.296457175291680593e-03
2.464126344086021447e+01 6.098384511837938449e-03 7.341016404991814945e-03
2.476626344086021447e+01 6.136899950420370356e-03 7.397741220622718224e-03
2.489126344086021447e+01 6.175417718165979696e-03 7.464460899797009490e-03
2.501626344086021447e+01 6.213928831622383443e-03 7.528283116006213513e-03
2.514126344086021447e+01 6.252423352295976254e-03 7.589267891747024548e-03
2.526626344086021447e+01 6.290890517436640780e-03 7.647476127353226329e-03
2.539126344086021447e+01 6.329318859915124794e-03 7.702969451930313967e-03
2.551626344086021447e+01 6.367696318122646228e-03 7.755810083896336193e-03
2.564126344086021447e+01 6.406010336669627249e-03 7.806060700565354074e-03
2.576626344086021447e+01 6.444247958649310278e-03 7.853784316251381792e-03
2.589126344086021447e+01 6.482395910115222940e-03 7.899044168404345187e-03
2.601626344086021447e+01 6.520440677393684291e-03 7.941903611316806361e-03
2.614126344086021447e+01 6.558368577778941194e-03 7.982426016981751873e-03
2.626626344086021447e+01 6.596165824136147535e-03 8.020674682692876395e-03
2.639126344086021447e+01 6.633818583849685271e-03 8.056712745019045316e-03
2.651626344086021447e+01 6.671313032572335350e-03 8.090603099797316275e-03
2.664126344086021447e+01 6.708635403142074530e-03 8.122408327810706763e-03
2.676626344086021447e+01 6.745772030047353200e-03 8.152190625845165753e-03
2.689126344086021447e+01 6.782709389746942666e-03 8.180011742826414148e-03
2.701626344086021447e+01 6.819434137173127977e-03 8.205932920760362903e-03
2.714126344086021447e+01 6.855933138686382509e-03 8.230014840219469427e-03
2.726626344086021447e+01 6.892193501740668561e-03 8.262616650972515880e-03
2.739126344086021447e+01 6.928202601501697901e-03 8.304433931367547275e-03
2.751626344086021447e+01 6.963948104640048549e-03 8.344454443643668090e-03
2.764126344086021447e+01 6.999417990505945458e-03 8.382712880199989780e-03
2.776626344086021447e+01 7.034600569868304683e-03 8.419243997979424660e-03
2.789126344086021447e+01 7.069484501408581333e-03 8.454082585918794301e-03
2.801626344086021447e+01 7.104058806114651493e-03 8.487263434231850229e-03
2.814126344086021447e+01 7.138312879749012310e-03 8.518821305430150995e-03
2.826626344086021447e+01 7.172236503510776712e-03 8.548790907000777123e-03
2.839126344086021447e+01 7.205819853039661937e-03 8.577206865649762355e-03
2.851626344086021447e+01 7.239053505874074035e-03 8.604103703042636359e-03
2.864126344086021447e+01 7.271928447487857952e-03 8.629515812961254667e-03
2.876626344086021447e+01 7.304436075996584114e-03 8.653477439814292321e-03
2.889126344086021447e+01 7.336568205654237472e-03 8.676022658428568859e-03
2.901626344086021447e+01 7.368317069209920009e-03 8.697185355064513887e-03
2.914126344086021447e+01 7.399675319225695012e-03 8.716999209594783818e-03
2.926626344086021447e+01 7.430636028434008632e-03 8.735497678790239348e-03
2.939126344086021447e+01 7.461192689202846874e-03 8.752713980659840298e-03
2.951626344086021447e+01 7.491339212193085656e-03 8.768681079794657385e-03
2.964126344086021447e+01 7.521069924255693699e-03 8.783431673669416656e-03
2.976626344086021447e+01 7.550379565643423017e-03 8.796998179852766678e-03
2.989126344086021447e+01 7.579263286591193631e-03 8.809412724088042101e-03
3.001626344086021447e+01 7.607716643318921182e-03 8.820707129198839674e-03
3.014126344086021447e+01 7.635735593500832946e-03 8.830912904782876882e-03
3.026626344086021447e+01 7.663316491261690927e-03 8.840061237657344945e-03
3.039126344086021447e+01 7.690456081730176474e-03 8.848182983018855127e-03
3.051626344086021447e+01 7.717151495196247941e-03 8.855308656285813124e-03
3.064126344086021447e+01 7.743400240915604416e-03 8.861468425588468062e-03
3.076626344086021447e+01 7.769200200586363035e-03 8.866692104880273539e-03
3.089126344086021447e+01 7.794549621543043171e-03 8.871009147639894246e-03
3.101626344086021447e+01 7.819447109691639655e-03 8.874448641130582710e-03
3.114126344086021447e+01 7.843891622214499079e-03 8.877039301200432414e-03
3.126626344086021447e+01 7.854616073598748652e-03 8.878809467590099980e-03
3.139126344086021447e+01 7.854278847307410993e-03 8.879787099727360147e-03
3.151626344086021447e+01 7.854055177873119423e-03 8.879999772984077319e-03
3.164126344086021447e+01 7.853954609032322634e-03 8.879474675375059745e-03
3.176626344086021447e+01 7.853985927563257932e-03 8.878238604675361967e-03
3.189126344086021447e+01 7.854157195610190004e-03 8.876317965939340554e-03
3.201626344086021447e+01 7.854475782143653315e-03 8.873738769398138021e-03
3.214126344086021447e+01 7.854948393557135283e-03 8.870526628721550622e-03
3.226626344086021447e+01 7.855581103411413482e-03 8.866706759621598502e-03
3.239126344086021447e+01 7.856379381330621733e-03 8.862303978786156486e-03
3.251626344086021447e+01 7.857348121057755944e-03 8.860306921307339531e-03
3.264126344086021447e+01 7.858491667682029891e-03 8.858967877368869107e-03
3.276626344086021447e+01 7.859813844043656364e-03 8.857143616392396807e-03
3.289126344086021447e+01 7.861317976331157892e-03 8.855078435870689102e-03
3.301626344086021447e+01 7.863006918878898827e-03 8.852881043236913994e-03
3.314126344086021447e+01 7.864883078178017475e-03 8.850207363621832857e-03
3.326626344086021447e+01 7.866948436115857313e-03 8.847077284540368763e-03
3.339126344086021447e+01 7.869204572450130136e-03 8.843510354592838338e-03
3.351626344086021447e+01 7.871652686540279303e-03 8.839525784613534720e-03
3.364126344086021447e+01 7.874293618340150874e-03 8.835142448973825821e-03
3.376626344086021447e+01 7.877127868673502314e-03 8.830378887032858462e-03
3.389126344086021447e+01 7.880155618801827286e-03 8.825253304726108847e-03
3.401626344086021447e+01 7.883376749300436900e-03 8.819783576284774551e-03
3.414126344086021447e+01 7.886790858258416886e-03 8.813987246077513091e-03
3.426626344086021447e+01 7.890397278814575976e-03 8.807881530567345310e-03
3.439126344086021447e+01 7.894195096045376198e-03 8.801483320377051847e-03
3.451626344086021447e+01 7.898183163220502678e-03 8.794809182455906940e-03
3.464126344086021447e+01 7.902360117438892578e-03 8.787875362341813351e-03
3.476626344086021447e+01 7.906724394662004857e-03 8.780697786512100741e-03
3.489126344086021447e+01 7.911274244156463534e-03 8.773292064817823227e-03
3.501626344086021447e+01 7.916007742363485866e-03 8.765673492995434274e-03
3.514126344086021447e+01 7.920922806208879549e-03 8.757857055251314776e-03
3.526626344086021447e+01 7.926017205864969647e-03 8.749857426912468691e-03
3.539126344086021447e+01 7.931288576985653579e-03 8.741688977140683534e-03
3.551626344086021447e+01 7.936734432421130997e-03 8.733365771703844802e-03
3.564126344086021447e+01 7.942352173431524096e-03 8.724901575800726727e-03
3.576626344086021447e+01 7.948139100412272146e-03 8.716625806836566723e-03
3.589126344086021447e+01 7.954092423143342694e-03 8.708515094815634516e-03
3.601626344086021447e+01 7.960209270577982971e-03 8.700346159246939715e-03
3.614126344086021447e+01 7.966486700184655101e-03 8.692130957317174486e-03
3.626626344086021447e+01 7.972921706851338747e-03 8.683881148637308256e-03
3.639126344086021447e+01 7.979511231371534674e-03 8.675608099036167739e-03
3.651626344086021447e+01 7.986252168519659272e-03 8.667322884363601321e-03
3.664126344086021447e+01 7.993141374730975898e-03 8.659036294301244996e-03
3.676626344086021447e+01 7.989514089020521501e-03 8.650758836176251215e-03
3.689126344086021447e+01 7.986061102385942634e-03 8.642500738777812372e-03
3.701626344086021447e+01 7.982917729959355946e-03 8.634271956172249671e-03
3.714126344086021447e+01 7.980086053365042370e-03 8.626082171515147765e-03
3.726626344086021447e+01 7.977567853905954270e-03 8.617940800858552367e-03
3.739126344086021447e+01 7.975364622851329952e-03 8.616821190536380279e-03
3.751626344086021447e+01 7.973477571525689270e-03 8.618184997379693679e-03
3.764126344086021447e+01 7.971907641205441472e-03 8.619439818338998568e-03
3.776626344086021447e+01 7.970655512812365590e-03 8.620592721594468044e-03
3.789126344086021447e+01 7.969721616419013846e-03 8.621650688669506638e-03
3.801626344086021447e+01 7.969106140551428241e-03 8.622620613192268774e-03
3.814126344086021447e+01 7.968809041302047161e-03 8.623509299735557243e-03
3.826626344086021447e+01 7.968830051246844973e-03 8.624323462719980099e-03
3.839126344086021447e+01 7.969168688165110398e-03 8.625069725380764968e-03
3.851626344086021447e+01 7.969824263573744780e-03 8.625754618805304974e-03
3.864126344086021447e+01 7.970795891067278260e-03 8.626384581032799093e-03
3.876626344086021447e+01 7.972082494467121888e-03 8.626965956217185622e-03
3.889126344086021447e+01 7.973682815782983865e-03 8.627504993847725720e-03
3.901626344086021447e+01 7.975595422989575911e-03 8.628007848034413563e-03
3.914126344086021447e+01 7.977818717618491776e-03 8.628480576852204029e-03
3.926626344086021447e+01 7.980350942160041594e-03 8.628929141738971714e-03
3.939126344086021447e+01 7.983190187294727722e-03 8.629359406949206612e-03
3.951626344086021447e+01 7.986334398935550707e-03 8.629777139068765118e-03
3.964126344086021447e+01 7.989781385097404973e-03 8.630188006578862897e-03
3.976626344086021447e+01 7.993528822589879637e-03 8.630597579468778785e-03
3.989126344086021447e+01 7.997574263536299036e-03 8.631011328911048636e-03
4.001626344086021447e+01 8.001915141723525346e-03 8.631434626968347359e-03
4.014126344086021447e+01 8.006548778778266318e-03 8.631872746373024652e-03
4.026626344086021447e+01 8.011472390182572401e-03 8.632330860326850250e-03
4.039126344086021447e+01 8.016683091116066223e-03 8.633318006999046376e-03
4.051626344086021447e+01 8.022177902152106618e-03 8.635624423681624237e-03
4.064126344086021447e+01 8.027953754772351389e-03 8.637868331229920163e-03
4.076626344086021447e+01 8.034007496740854307e-03 8.640055470713075073e-03
4.089126344086021447e+01 8.040335897320644021e-03 8.642191511278075888e-03
4.101626344086021447e+01 8.046935652329674504e-03 8.644282048750489417e-03
4.114126344086021447e+01 8.053803389057633336e-03 8.646332604337119906e-03
4.126626344086021447e+01 8.060935671023092969e-03 8.648348623377917141e-03
4.139126344086021447e+01 8.068329002599508235e-03 8.650335474189991408e-03
4.151626344086021447e+01 8.075979833490027487e-03 8.652298446973575446e-03
4.164126344086021447e+01 8.083884563060960218e-03 8.654242752785827955e-03
4.176626344086021447e+01 8.092039544545662558e-03 8.656173522590493094e-03
4.189126344086021447e+01 8.100441089105564832e-03 8.658095806364143193e-03
4.201626344086021447e+01 8.109085469765282481e-03 8.660014572275333625e-03
4.214126344086021447e+01 8.117968925214078674e-03 8.661934705920212516e-03
4.226626344086021447e+01 8.127087663478466464e-03 8.663861009620993370e-03
4.239126344086021447e+01 8.136186576634989870e-03 8.665798201791172911e-03
4.251626344086021447e+01 8.134005401889977602e-03 8.667750916350734983e-03
4.264126344086021447e+01 8.132132779577772377e-03 8.669723702197887349e-03
4.276626344086021447e+01 8.130569662387121532e-03 8.671721022742743742e-03
4.289126344086021447e+01 8.129316862794468829e-03 8.673747255493356387e-03
4.301626344086021447e+01 8.128375056085258149e-03 8.675806691686705624e-03
4.314126344086021447e+01 8.127744783335022830e-03 8.677903535982557648e-03
4.326626344086021447e+01 8.127426454361338579e-03 8.680041906196849649e-03
4.339126344086021447e+01 8.127420350633966090e-03 8.682225833088252909e-03
4.351626344086021447e+01 8.127726628158197381e-03 8.684459260191096375e-03
4.364126344086021447e+01 8.128345320314780270e-03 8.686746043695464312e-03
4.376626344086021447e+01 8.129276340673782103e-03 8.689089952363495892e-03
4.389126344086021447e+01 8.130519485763933532e-03 8.691494667505666322e-03
4.401626344086021447e+01 8.132074437815313070e-03 8.693963782973818458e-03
4.414126344086021447e+01 8.133940767462431373e-03 8.696500805219060937e-03
4.426626344086021447e+01 8.136117936413150148e-03 8.699109153374995004e-03
4.439126344086021447e+01 8.138605300084235383e-03 8.701792159382088984e-03
4.451626344086021447e+01 8.141402110201239467e-03 8.704553068149368383e-03
4.464126344086021447e+01 8.144507517363203108e-03 8.707395037750821284e-03
4.476626344086021447e+01 8.147920573574309044e-03 8.710321139655462577e-03
4.489126344086021447e+01 8.151640234739489926e-03 8.714893650074268319e-03
4.501626344086021447e+01 8.155665363127376569e-03 8.724273235854486386e-03
4.514126344086021447e+01 8.159994729798355703e-03 8.733726691245960461e-03
4.526626344086021447e+01 8.164627016997773670e-03 8.743253737662800076e-03
4.539126344086021447e+01 8.169560820517129257e-03 8.752854100297550663e-03
4.551626344086021447e+01 8.174794652019956240e-03 8.762527507674902974e-03
4.564126344086021447e+01 8.180326941336111407e-03 8.772273691204771073e-03
4.576626344086021447e+01 8.186156038720852901e-03 8.782092384731494950e-03
4.589126344086021447e+01 8.192280217080875546e-03 8.791983324084338969e-03
4.601626344086021447e+01 8.198697674170083924e-03 8.801946246626640713e-03
4.614126344086021447e+01 8.205406534749428923e-03 8.811980890807324246e-03
4.626626344086021447e+01 8.212404852715704875e-03 8.822086995713769933e-03
4.639126344086021447e+01 8.219690613198554416e-03 8.832264300624571504e-03
4.651626344086021447e+01 8.227261734624692277e-03 8.842512544568172095e-03
4.664126344086021447e+01 8.235116070750173739e-03 8.852831465883150008e-03
4.676626344086021447e+01 8.243251412662038272e-03 8.863220801784766831e-03
4.689126344086021447e+01 8.251665490747231088e-03 8.873680287931087068e-03
4.701626344086021447e+01 8.260355976632660635e-03 8.884209658000560839e-03
4.714126344086021447e+01 8.269320485091056008e-03 8.894808643269988199e-03
4.726626344086021447e+01 8.278556575920272692e-03 8.905476972200877805e-03
4.739126344086021447e+01 8.288061755787863930e-03 8.916214370033020281e-03
4.751626344086021447e+01 8.297833480050807384e-03 8.927020558380370507e-03
4.764126344086021447e+01 8.307869154539496495e-03 8.937895254839444206e-03
4.776626344086021447e+01 8.318166137317548059e-03 8.948838172602391339e-03
4.789126344086021447e+01 8.328721740408500870e-03 8.959849020076500123e-03
4.801626344086021447e+01 8.339533231496018204e-03 8.970927500515740033e-03
4.814126344086021447e+01 8.350597835593326704e-03 8.982073311655723938e-03
4.826626344086021447e+01 8.361912736686596265e-03 8.993286145360461156e-03
4.839126344086021447e+01 8.373475079347412336e-03 9.004565687277466673e-03
4.851626344086021447e+01 8.385281970319392181e-03 9.015911616499842213e-03
4.864126344086021447e+01 8.397330480076433193e-03 9.027323605239650356e-03
4.876626344086021447e+01 8.409617644353658411e-03 9.038801318509223290e-03
4.889126344086021447e+01 8.422140465650979416e-03 9.050344413812408048e-03
4.901626344086021447e+01 8.434895914710343473e-03 9.061952540844592924e-03
4.914126344086021447e+01 8.447880931967272078e-03 9.073625341204722555e-03
4.926626344086021447e+01 8.461092428973132976e-03 9.085362448112119932e-03
4.939126344086021447e+01 8.474527289796026513e-03 9.097163486138254776e-03
4.951626344086021447e+01 8.488182372391225861e-03 9.109028070946337263e-03
4.964126344086021447e+01 8.502054509951341779e-03 9.120955809040320883e-03
4.976626344086021447e+01 8.516140512226122797e-03 9.132946297523168722e-03
4.989126344086021447e+01 8.530437166821430023e-03 9.144999123867460569e-03
5.001626344086021447e+01 8.544941240471800800e-03 9.157113865694814156e-03
5.014126344086021447e+01 8.559649480290041149e-03 9.169290090563872453e-03
5.026626344086021447e+01 8.574558614990736641e-03 9.181527355770834758e-03
5.039126344086021447e+01 8.589665356093142620e-03 9.193825208157500872e-03
5.051626344086021447e+01 8.604966399097770807e-03 9.206183183931206798e-03
5.064126344086021447e+01 8.620458424641271045e-03 9.218600808493607537e-03
5.076626344086021447e+01 8.636138099629615122e-03 9.231077596278667793e-03
5.089126344086021447e+01 8.652002078345769759e-03 9.243613050602910233e-03
5.101626344086021447e+01 8.668047003538598139e-03 9.256206663521948652e-03
5.114126344086021447e+01 8.684269507486148260e-03 9.268857915699636046e-03
5.126626344086021447e+01 8.700666213041058014e-03 9.281566276285048434e-03
5.139126344086021447e+01 8.717233734650843210e-03 9.295955562659049404e-03
5.151626344086021447e+01 8.733968679360912951e-03 9.311333234507383760e-03
5.164126344086021447e+01 8.750867647792119272e-03 9.326744688457174609e-03
5.176626344086021447e+01 8.767927235101924052e-03 9.342188384343880908e-03
5.189126344086021447e+01 8.785144031923056152e-03 9.357662797163223550e-03
5.201626344086021447e+01 8.802514625282207086e-03 9.373166416928884262e-03
5.214126344086021447e+01 8.820035599500085366e-03 9.388697748530511547e-03
5.226626344086021447e+01 8.837703537069675763e-03 9.404255311582069427e-03
5.239126344086021447e+01 8.855515019517947589e-03 9.419837640270453324e-03
5.251626344086021447e+01 8.873466628246923227e-03 9.435443283195253661e-03
5.264126344086021447e+01 8.891554945355642156e-03 9.451070803216669175e-03
5.276626344086021447e+01 8.909776554445681535e-03 9.466718777283956651e-03
5.289126344086021447e+01 8.928128041404909468e-03 9.482385796281833298e-03
5.301626344086021447e+01 8.946605995178444695e-03 9.498070464851852274e-03
5.314126344086021447e+01 8.965207008516403939e-03 9.513771401230133179e-03
5.326626344086021447e+01 8.983927678707060230e-03 9.529487237075195960e-03
5.339126344086021447e+01 9.002764608293089416e-03 9.545216617291392078e-03
5.351626344086021447e+01 9.021714405770394837e-03 9.560958199864470070e-03
5.364126344086021447e+01 9.040773686268054748e-03 9.576710655673417033e-03
5.376626344086021447e+01 9.059939072216350447e-03 9.592472668325521118e-03
5.389126344086021447e+01 9.079207193992914343e-03 9.608242933972785740e-03
5.401626344086021447e+01 9.098574690558091510e-03 9.624020161139463375e-03
5.414126344086021447e+01 9.118038210071408370e-03 9.639803070539460297e-03
5.426626344086021447e+01 9.137594410493181732e-03 9.655590394902780968e-03
5.439126344086021447e+01 9.157239960170608997e-03 9.671380878794129735e-03
5.451626344086021447e+01 9.176971538410280682e-03 9.687173278438132237e-03
5.464126344086021447e+01 9.196785836033758571e-03 9.702966361542095242e-03
5.476626344086021447e+01 9.216082575367434693e-03 9.718758907115187737e-03
5.489126344086021447e+01 9.233656232494245886e-03 9.734549705293990204e-03
5.501626344086021447e+01 9.251317543074389499e-03 9.750337557170930466e-03
5.514126344086021447e+01 9.269063693692109959e-03 9.766121274615159609e-03
5.526626344086021447e+01 9.286891875665269705e-03 9.781899680098862793e-03
5.539126344086021447e+01 9.304799285540964887e-03 9.797671606525717655e-03
5.551626344086021447e+01 9.322783125581008551e-03 9.813435897060190580e-03
5.564126344086021447e+01 9.340840604235314121e-03 9.829191404959840977e-03
5.576626344086021447e+01 9.358968936606483838e-03 9.844936993401416994e-03
5.589126344086021447e+01 9.377165344902330460e-03 9.860671535314110420e-03
5.601626344086021447e+01 9.395427058879366258e-03 9.876393913221525114e-03
5.614126344086021447e+01 9.413751316275188047e-03 9.892103019072430448e-03
5.626626344086021447e+01 9.432135363230927452e-03 9.907797754077246263e-03
5.639126344086021447e+01 9.450576454704774296e-03 9.923477028552498899e-03
5.651626344086021447e+01 9.469071854874699587e-03 9.939139761761891026e-03
5.664126344086021447e+01 9.487618837531538660e-03 9.954784881759635301e-03
5.676626344086021447e+01 9.506214686463539468e-03 9.970411325235996325e-03
5.689126344086021447e+01 9.524856695830976119e-03 9.986018037366305514e-03
5.701626344086021447e+01 9.543542170531067043e-03 1.000160397166266306e-02
5.714126344086021447e+01 9.562268426555164957e-03 1.001716808982552886e-02
5.726626344086021447e+01 9.581032791335278298e-03 1.003270936160206329e-02
5.739126344086021447e+01 9.599832604083459453e-03 1.004822676463601287e-02
5.751626344086021447e+01 9.618665216121445594e-03 1.006371928433834675e-02
5.764126344086021447e+01 9.637527991201618946e-03 1.007918591373851286e-02
5.776626344086021447e+01 9.656418305820604897e-03 1.009462565336076076e-02
5.789126344086021447e+01 9.675333549523525145e-03 1.011003751108248763e-02
5.801626344086021447e+01 9.694271125200442860e-03 1.012542050200949603e-02
5.814126344086021447e+01 9.713228449374826379e-03 1.014077364834440297e-02
5.826626344086021447e+01 9.732202952483623784e-03 1.015609597926638713e-02
5.839126344086021447e+01 9.751192079150343070e-03 1.017138653080737129e-02
5.851626344086021447e+01 9.770193288449722374e-03 1.018664434572924028e-02
5.864126344086021447e+01 9.789204054164580074e-03 1.020186847341237289e-02
5.876626344086021447e+01 9.808221865036183956e-03 1.021705796973554521e-02
5.889126344086021447e+01 9.824470013929361215e-03 1.023221189697174315e-02
5.901626344086021447e+01 9.840000684743204634e-03 1.024732932367218227e-02
5.914126344086021447e+01 9.855570321627380240e-03 1.026240932456293914e-02
5.926626344086021447e+01 9.871176855096265232e-03 1.027745098044148195e-02
5.939126344086021447e+01 9.886818213522120466e-03 1.029245337807824755e-02
5.951626344086021447e+01 9.902492323623317966e-03 1.030741561011379835e-02
5.964126344086021447e+01 9.918197110945064024e-03 1.032233677496451063e-02
5.976626344086021447e+01 9.933930500323246912e-03 1.033721597673335768e-02
5.989126344086021447e+01 9.949690416353859992e-03 1.035205232511683671e-02
6.001626344086021447e+01 9.965474783845226781e-03 1.036684493531831244e-02
6.014126344086021447e+01 9.981281528267747089e-03 1.038159292796172507e-02
6.026626344086021447e+01 9.997108576191880008e-03 1.039629542901033751e-02
6.039126344086021447e+01 1.001295385572104069e-02 1.041095156969152995e-02
6.051626344086021447e+01 1.002881529692341116e-02 1.042556048641242114e-02
6.064126344086021447e+01 1.004469083224105580e-02 1.044012132068870835e-02
6.076626344086021447e+01 1.006057839690825337e-02 1.045463321907736699e-02
6.089126344086021447e+01 1.007647592934997512e-02 1.046909533309897840e-02
6.101626344086021447e+01 1.009238137158382544e-02 1.048723129134380982e-02
6.114126344086021447e+01 1.010829266960227082e-02 1.050631981203461671e-02
6.126626344086021447e+01 1.012420777376169499e-02 1.052533746370257900e-02
6.139126344086021447e+01 1.014012463915280396e-02 1.054428227651856009e-02
6.151626344086021447e+01 1.015604122596944561e-02 1.056315230308891434e-02
6.164126344086021447e+01 1.017195549987151039e-02 1.058194561848057463e-02
6.176626344086021447e+01 1.018786543233761444e-02 1.060066032024079181e-02
6.189126344086021447e+01 1.020376900100988110e-02 1.061929452841415406e-02
6.201626344086021447e+01 1.021966419003729649e-02 1.063784638555414705e-02
6.214126344086021447e+01 1.023554899041014335e-02 1.065631405672965923e-02
6.226626344086021447e+01 1.025142140028181825e-02 1.067469572952767752e-02
6.239126344086021447e+01 1.026727942529134970e-02 1.069298961405244774e-02
6.251626344086021447e+01 1.028312107887985501e-02 1.071119394292065902e-02
6.264126344086021447e+01 1.029894438259049833e-02 1.072930697125052193e-02
6.276626344086021447e+01 1.031474736637601197e-02 1.074732697664949194e-02
6.289126344086021447e+01 1.033052806888325528e-02 1.076525225919693421e-02
6.301626344086021447e+01 1.034628453775164429e-02 1.078308114142324803e-02
6.314126344086021447e+01 1.036201482988563516e-02 1.080081196828501337e-02
6.326626344086021447e+01 1.037771701172997621e-02 1.081844310713755107e-02
6.339126344086021447e+01 1.039338915954104471e-02 1.083597294770192489e-02
6.351626344086021447e+01 1.040902935964870511e-02 1.085339990203179616e-02
6.364126344086021447e+01 1.042463570870989266e-02 1.087072240447363621e-02
6.376626344086021447e+01 1.044020631395977533e-02 1.088793891162528026e-02
6.389126344086021447e+01 1.045573929345409644e-02 1.090504790229173543e-02
6.401626344086021447e+01 1.047123277630944600e-02 1.092204787743660671e-02
6.414126344086021447e+01 1.048668490293410901e-02 1.093893736013183161e-02
6.426626344086021447e+01 1.050209382525352578e-02 1.095571489550306761e-02
6.439126344086021447e+01 1.051745770692950367e-02 1.097237905067344720e-02
6.451626344086021447e+01 1.053277472357769078e-02 1.098892841470403871e-02
6.464126344086021447e+01 1.054804306297321519e-02 1.100536159853095913e-02
6.476626344086021447e+01 1.056326092525746753e-02 1.102167723490083719e-02
6.489126344086021447e+01 1.057842652313102302e-02 1.103787397830328053e-02
6.501626344086021447e+01 1.059353808205088822e-02 1.105395050490036966e-02
6.514126344086021447e+01 1.060859384041285165e-02 1.106990551245454202e-02
6.526626344086021447e+01 1.062359204973655803e-02 1.108573772025293717e-02
6.539126344086021447e+01 1.063853097483815138e-02 1.110144586903076373e-02
6.551626344086021447e+01 1.065340889400264585e-02 1.111702872089152111e-02
6.564126344086021447e+01 1.066822409915076271e-02 1.113248505922426017e-02
6.576626344086021447e+01 1.068297489599661157e-02 1.114781368862108671e-02
6.589126344086021447e+01 1.069765960420488403e-02 1.116301343478967936e-02
6.601626344086021447e+01 1.071227655754057595e-02 1.117808314446609198e-02
6.614126344086021447e+01 1.072682410401431391e-02 1.119302168532436068e-02
6.626626344086021447e+01 1.074130060602562428e-02 1.120782794588415579e-02
6.639126344086021447e+01 1.075570444049136695e-02 1.122250083541730982e-02
6.651626344086021447e+01 1.077003399898540312e-02 1.123703928385211964e-02
6.664126344086021447e+01 1.078428768785889835e-02 1.125144224167541271e-02
6.676626344086021447e+01 1.079846392836429116e-02 1.126570867983376148e-02
6.689126344086021447e+01 1.081256115677043522e-02 1.127983758963242017e-02
6.701626344086021447e+01 1.082657782447687955e-02 1.129382798263339240e-02
6.714126344086021447e+01 1.084051239812152193e-02 1.130767889055116042e-02
6.726626344086021447e+01 1.085222147771432687e-02 1.132138936514648711e-02
6.739126344086021447e+01 1.086345247189324931e-02 1.133495847812089619e-02
6.751626344086021447e+01 1.087461825836986105e-02 1.134838532100725453e-02
6.764126344086021447e+01 1.088571778676519948e-02 1.136166900506077777e-02
6.776626344086021447e+01 1.089675001032544555e-02 1.137480866114754137e-02
6.789126344086021447e+01 1.090771388609905121e-02 1.138780343963203059e-02
6.801626344086021447e+01 1.091860837511771966e-02 1.140065251026495079e-02
6.814126344086021447e+01 1.092943244256747506e-02 1.141335506206721251e-02
6.826626344086021447e+01 1.094018505796370833e-02 1.142591030321443019e-02
6.839126344086021447e+01 1.095086519531899942e-02 1.143831746092090033e-02
6.851626344086021447e+01 1.096147183331149834e-02 1.145057578132059085e-02
6.864126344086021447e+01 1.097200395544964055e-02 1.146268452934889014e-02
6.876626344086021447e+01 1.098246055023399843e-02 1.147464298862279318e-02
6.889126344086021447e+01 1.099284061131756626e-02 1.148645046131930615e-02
6.901626344086021447e+01 1.100314313766229124e-02 1.149810626805508607e-02
6.914126344086021447e+01 1.101336713369540504e-02 1.150960974776282612e-02
6.926626344086021447e+01 1.102351160945967690e-02 1.152096025756832280e-02
6.939126344086021447e+01 1.103357558076524872e-02 1.153215717266594352e-02
6.951626344086021447e+01 1.104355806933414973e-02 1.154319988619489055e-02
6.964126344086021447e+01 1.105345810294780344e-02 1.155408780911204927e-02
6.976626344086021447e+01 1.106327471558636935e-02 1.156482037006727887e-02
6.989126344086021447e+01 1.107300694757061728e-02 1.157539701527550424e-02
7.001626344086021447e+01 1.108265384569778397e-02 1.158581720838964407e-02
7.014126344086021447e+01 1.109221446337530122e-02 1.159608043037302708e-02
7.026626344086021447e+01 1.110168786075396014e-02 1.160618617936991052e-02
7.039126344086021447e+01 1.111107310485613155e-02 1.161613397057717142e-02
7.051626344086021447e+01 1.112036926970391693e-02 1.162592333611452491e-02
7.064126344086021447e+01 1.112957543644137008e-02 1.163555382489447378e-02
7.076626344086021447e+01 1.113869069345872070e-02 1.164502500249207928e-02
7.089126344086021447e+01 1.114771413650851584e-02 1.165433645101425671e-02
7.101626344086021447e+01 1.115664486882505385e-02 1.166348776896842902e-02
7.114126344086021447e+01 1.116548200123634524e-02 1.167247857113121526e-02
7.126626344086021447e+01 1.117422465227760342e-02 1.168130848841662621e-02
7.139126344086021447e+01 1.118287194829820953e-02 1.168997716774433995e-02
7.151626344086021447e+01 1.119142302357046745e-02 1.169848427190715336e-02
7.164126344086021447e+01 1.119987702039213634e-02 1.170682947943839543e-02
7.176626344086021447e+01 1.120823308918777149e-02 1.171501248447975700e-02
7.189126344086021447e+01 1.121649038860950999e-02 1.172303299664803275e-02
7.201626344086021447e+01 1.122464808563211625e-02 1.173089074090217718e-02
7.214126344086021447e+01 1.123270535564837962e-02 1.173858545741075787e-02
7.226626344086021447e+01 1.124066138255980056e-02 1.174611690141778853e-02
7.239126344086021447e+01 1.124851535886652563e-02 1.175348484311078759e-02
7.251626344086021447e+01 1.125626648575355285e-02 1.176068906748578904e-02
7.264126344086021447e+01 1.126391397317751987e-02 1.176772937421550688e-02
7.276626344086021447e+01 1.127145703994453588e-02 1.177460557751549425e-02
7.289126344086021447e+01 1.127889491379478401e-02 1.178131750601034596e-02
7.301626344086021447e+01 1.128622683147600426e-02 1.178786500260107020e-02
7.314126344086021447e+01 1.129345203882000173e-02 1.179424792433162415e-02
7.326626344086021447e+01 1.130056979081682511e-02 1.180046614225544258e-02
7.339126344086021447e+01 1.130757935168108866e-02 1.180651954130278874e-02
7.351626344086021447e+01 1.131447999492496935e-02 1.181240802014776534e-02
7.364126344086021447e+01 1.132127100341971150e-02 1.181813149107500439e-02
7.376626344086021447e+01 1.132795166946233903e-02 1.182368987984778151e-02
7.389126344086021447e+01 1.133452129483357093e-02 1.182908312557464682e-02
7.401626344086021447e+01 1.134097919086008745e-02 1.183431118057755652e-02
7.414126344086021447e+01 1.134732467846880262e-02 1.183937401026036000e-02
7.426626344086021447e+01 1.135355708824304505e-02 1.184427159297525393e-02
7.439126344086021447e+01 1.135967576047395081e-02 1.184900391989274562e-02
7.451626344086021447e+01 1.136568004521070624e-02 1.185357099486954342e-02
7.464126344086021447e+01 1.137156930230932145e-02 1.185797283431697623e-02
7.476626344086021447e+01 1.137734290147674084e-02 1.186220946707119625e-02
7.489126344086021447e+01 1.138300022231748289e-02 1.186628093426136780e-02
7.501626344086021447e+01 1.138854065437221869e-02 1.187018728918019100e-02
7.514126344086021447e+01 1.139396359715972792e-02 1.187392859715388077e-02
7.526626344086021447e+01 1.139770559113814814e-02 1.187750493541223432e-02
7.539126344086021447e+01 1.140113820409406099e-02 1.188091639295945495e-02
7.551626344086021447e+01 1.140446397353516578e-02 1.188416307044532459e-02
7.564126344086021447e+01 1.140768265258923324e-02 1.188724508003664686e-02
7.576626344086021447e+01 1.141079399743816225e-02 1.189016254528901459e-02
7.589126344086021447e+01 1.141379776736661453e-02 1.189291560101926951e-02
7.601626344086021447e+01 1.141669372482096226e-02 1.189550439317749869e-02
7.614126344086021447e+01 1.141948163545644310e-02 1.189792907872135909e-02
7.626626344086021447e+01 1.142216126818606375e-02 1.190018982548827695e-02
7.639126344086021447e+01 1.142473239523635227e-02 1.190228681206988853e-02
7.651626344086021447e+01 1.142719479219183459e-02 1.190422022768690934e-02
7.664126344086021447e+01 1.142954823804658362e-02 1.190599027206335446e-02
7.676626344086021447e+01 1.143179251525477773e-02 1.190759715530180160e-02
7.689126344086021447e+01 1.143392740977277472e-02 1.190904109776018058e-02
7.701626344086021447e+01 1.143595271112099812e-02 1.191032232992664253e-02
7.714126344086021447e+01 1.143786821241484994e-02 1.191144109229772853e-02
7.726626344086021447e+01 1.143967371042174316e-02 1.191239763525486078e-02
7.739126344086021447e+01 1.144136900560354005e-02 1.191319221894224234e-02
7.751626344086021447e+01 1.144295390216662663e-02 1.191382511314590005e-02
7.764126344086021447e+01 1.144442820810154769e-02 1.191429659717131891e-02
7.776626344086021447e+01 1.144579173523130669e-02 1.191460695972434633e-02
7.789126344086021447e+01 1.144704429925429319e-02 1.191475649879012583e-02
7.801626344086021447e+01 1.144818571978701779e-02 1.191474552151366821e-02
7.814126344086021447e+01 1.144921582040910393e-02 1.191457434408199276e-02
7.826626344086021447e+01 1.145013442870267302e-02 1.191424329160459261e-02
7.839126344086021447e+01 1.145094137629546448e-02 1.191375269799622473e-02
7.851626344086021447e+01 1.145163649890258532e-02 1.191310290585968767e-02
7.864126344086021447e+01 1.145221963636176322e-02 1.191229426636919615e-02
7.876626344086021447e+01 1.145269063267881013e-02 1.191132713915500109e-02
7.889126344086021447e+01 1.145304933606573240e-02 1.191020189218680754e-02
7.901626344086021447e+01 1.145329559897413640e-02 1.190891890165952927e-02
7.914126344086021447e+01 1.145342927813579326e-02 1.190747855188018650e-02
7.926626344086021447e+01 1.145345023459843313e-02 1.190588123515241500e-02
7.939126344086021447e+01 1.145335833376415029e-02 1.190412735166538477e-02
7.951626344086021447e+01 1.145315344542145210e-02 1.190221730937988075e-02
7.964126344086021447e+01 1.145283544377872012e-02 1.190015152391839248e-02
7.976626344086021447e+01 1.145240420750319107e-02 1.189793041845210730e-02
7.989126344086021447e+01 1.145185961974932824e-02 1.189555442359241898e-02
8.001626344086021447e+01 1.145120156819118100e-02 1.189302397727935896e-02
8.014126344086021447e+01 1.145042994505549722e-02 1.189033952467460908e-02
8.026626344086021447e+01 1.144954464715097417e-02 1.188750151805066484e-02
8.039126344086021447e+01 1.144854557590205615e-02 1.188451041668537635e-02
8.051626344086021447e+01 1.144743263737062894e-02 1.188136668675248558e-02
8.064126344086021447e+01 1.144620574229074025e-02 1.187807080121741805e-02
8.076626344086021447e+01 1.144486480609167335e-02 1.187462323972979239e-02
8.089126344086021447e+01 1.144340974893138900e-02 1.187102448851863612e-02
8.101626344086021447e+01 1.144184049571316322e-02 1.186810768284818352e-02
8.114126344086021447e+01 1.144015697611779417e-02 1.186516258375962425e-02
8.126626344086021447e+01 1.143835912462455584e-02 1.186206489533016793e-02
8.139126344086021447e+01 1.143644688053558657e-02 1.185881502462906092e-02
8.151626344086021447e+01 1.143442018800236784e-02 1.185541338597855508e-02
8.164126344086021447e+01 1.143227899603776847e-02 1.185186040085661925e-02
8.176626344086021447e+01 1.143002325855015620e-02 1.184815649779869667e-02
8.189126344086021447e+01 1.142765293435164288e-02 1.184430211230120579e-02
8.201626344086021447e+01 1.142516798718522589e-02 1.184029768672436277e-02
8.214126344086021447e+01 1.142256838574264889e-02 1.183614367019651670e-02
8.226626344086021447e+01 1.141985410367910188e-02 1.183184051851815521e-02
8.239126344086021447e+01 1.141702511963396498e-02 1.182738869406663000e-02
8.251626344086021447e+01 1.141408141724289775e-02 1.182278866570178263e-02
8.264126344086021447e+01 1.141102298515594277e-02 1.181804090867139695e-02
8.276626344086021447e+01 1.140784981705690072e-02 1.181314590451758295e-02
8.289126344086021447e+01 1.140456191166583540e-02 1.180810414098328563e-02
8.301626344086021447e+01 1.140115927276191127e-02 1.180291611191997166e-02
8.314126344086021447e+01 1.139764190919220072e-02 1.179758231719461002e-02
8.326626344086021447e+01 1.139400983488414107e-02 1.179210326259884194e-02
8.339126344086021447e+01 1.139026306885464537e-02 1.178647945975683058e-02
8.351626344086021447e+01 1.138640163522129482e-02 1.178071142603504852e-02
8.364126344086021447e+01 1.138242556320934878e-02 1.177479968445185876e-02
8.376626344086021447e+01 1.137833488716532768e-02 1.176874476358751552e-02
8.389126344086021447e+01 1.137412964655722808e-02 1.176254719749556150e-02
8.401626344086021447e+01 1.136980988598717060e-02 1.175620752561323812e-02
8.414126344086021447e+01 1.136537565519694405e-02 1.174972629267410917e-02
8.426626344086021447e+01 1.136082700906794994e-02 1.174310404861984847e-02
8.439126344086021447e+01 1.135616400763034793e-02 1.173634134851336830e-02
8.451626344086021447e+01 1.135138671606750367e-02 1.172943875245194972e-02
8.464126344086021447e+01 1.134649520471424713e-02 1.172239682548140149e-02
8.476626344086021447e+01 1.134148954906506225e-02 1.171521613751021380e-02
8.489126344086021447e+01 1.133636982976861558e-02 1.170789726322464877e-02
8.501626344086021447e+01 1.133113613263401175e-02 1.170044078200435135e-02
8.514126344086021447e+01 1.132578854862973869e-02 1.169284727783817535e-02
8.526626344086021447e+01 1.132032717387885731e-02 1.168511733924067729e-02
8.539126344086021447e+01 1.131475210966255071e-02 1.167725155916937881e-02
8.551626344086021447e+01 1.130906346241440132e-02 1.166947997809460874e-02
8.564126344086021447e+01 1.130326134371948885e-02 1.166231249622552701e-02
8.576626344086021447e+01 1.129734587030784172e-02 1.165500499663527957e-02
8.589126344086021447e+01 1.129131716405345175e-02 1.164755800457884134e-02
8.601626344086021447e+01 1.128517535196685295e-02 1.163997205118871489e-02
8.614126344086021447e+01 1.127892056619099817e-02 1.163224767338651156e-02
8.626626344086021447e+01 1.127255294399078650e-02 1.162438541378692063e-02
8.639126344086021447e+01 1.126607262774950713e-02 1.161638582061259688e-02
8.651626344086021447e+01 1.125947976496062715e-02 1.160824944759773596e-02
8.664126344086021447e+01 1.125277450821759832e-02 1.159997685390254211e-02
8.676626344086021447e+01 1.124595701520537429e-02 1.159156860402263227e-02
8.689126344086021447e+01 1.123902744868991374e-02 1.158302526769899345e-02
8.701626344086021447e+01 1.123198597650783802e-02 1.157434741983065854e-02
8.714126344086021447e+01 1.122483277155552142e-02 1.156553564038591102e-02
8.726626344086021447e+01 1.121756801177687009e-02 1.155659051431292064e-02
8.739126344086021447e+01 1.121019188014871736e-02 1.154751263145701104e-02
8.751626344086021447e+01 1.120270456467297761e-02 1.153830258646958325e-02
8.764126344086021447e+01 1.119510625835555551e-02 1.152896097872379774e-02
8.776626344086021447e+01 1.118739715919675297e-02 1.151948841222802562e-02
8.789126344086021447e+01 1.117957747017626208e-02 1.150988549554056613e-02
8.801626344086021447e+01 1.117164739923491232e-02 1.150015284168655338e-02
8.814126344086021447e+01 1.116360715925849775e-02 1.149029106807047083e-02
8.826626344086021447e+01 1.115545696806339790e-02 1.148030079639393401e-02
8.839126344086021447e+01 1.114719704837597268e-02 1.147018265257442569e-02
8.851626344086021447e+01 1.113882762781969599e-02 1.145993726665713551e-02
8.864126344086021447e+01 1.113034893888879481e-02 1.144956527273856099e-02
8.876626344086021447e+01 1.112176121893300104e-02 1.143906730887978354e-02
8.889126344086021447e+01 1.111306471014145668e-02 1.142844401702751769e-02
8.901626344086021447e+01 1.110425965951607544e-02 1.141769604293337535e-02
8.914126344086021447e+01 1.109534631885226476e-02 1.140682403607230604e-02
8.926626344086021447e+01 1.108632494472195154e-02 1.139582864956320725e-02
8.939126344086021447e+01 1.107719579844562534e-02 1.138471054009056009e-02
8.951626344086021447e+01 1.106795914607464765e-02 1.137347036782282092e-02
8.964126344086021447e+01 1.105861525836296030e-02 1.136210879633814917e-02
8.976626344086021447e+01 1.104916441074772770e-02 1.135062649254222830e-02
8.989126344086021447e+01 1.103960688332872656e-02 1.133902412659569883e-02
9.001626344086021447e+01 1.102994296083307374e-02 1.132730237183294901e-02
9.014126344086021447e+01 1.102017293260016892e-02 1.131546190468782527e-02
9.026626344086021447e+01 1.101029709255189892e-02 1.130350340461921954e-02
9.039126344086021447e+01 1.100031573916978971e-02 1.129142755403327383e-02
9.051626344086021447e+01 1.099022917546269192e-02 1.127923503821102492e-02
9.064126344086021447e+01 1.098003770894663729e-02 1.126692654523246337e-02
9.076626344086021447e+01 1.096974165161292841e-02 1.125450276590417298e-02
9.089126344086021447e+01 1.095934131990328533e-02 1.124196439368686448e-02
9.101626344086021447e+01 1.094883703467998924e-02 1.122931212461969128e-02
9.114126344086021447e+01 1.093822912119912436e-02 1.121654665725217888e-02
9.126626344086021447e+01 1.092751790907784369e-02 1.120366869257077846e-02
9.139126344086021447e+01 1.091670373227038478e-02 1.119067893392704238e-02
9.151626344086021447e+01 1.090578692903434836e-02 1.117757808697042443e-02
9.164126344086021447e+01 1.089476784189922706e-02 1.116436685957485943e-02
9.176626344086021447e+01 1.088364681764325201e-02 1.115104596177178727e-02
9.189126344086021447e+01 1.087242420725451943e-02 1.113761610568002151e-02
9.201626344086021447e+01 1.086110036590088972e-02 1.112407800543824092e-02
9.214126344086021447e+01 1.084967565290304893e-02 1.111043237713781572e-02
9.226626344086021447e+01 1.083815043169904929e-02 1.109667993875477869e-02
9.239126344086021447e+01 1.082652506981087240e-02 1.108282141008375132e-02
9.251626344086021447e+01 1.081479993881489035e-02 1.106885751267056538e-02
9.264126344086021447e+01 1.080297541430512431e-02 1.105478896974802783e-02
9.276626344086021447e+01 1.079105187586615854e-02 1.104061650617240570e-02
9.289126344086021447e+01 1.077902970702919808e-02 1.102634084835520112e-02
9.301626344086021447e+01 1.076690929524945148e-02 1.101224382805222717e-02
9.314126344086021447e+01 1.075469103186411403e-02 1.099878189567788690e-02
9.326626344086021447e+01 1.074237531206029966e-02 1.098521448789375327e-02
9.339126344086021447e+01 1.072996253484021466e-02 1.097154222356835906e-02
9.351626344086021447e+01 1.071523187800584552e-02 1.095776572453519872e-02
9.364126344086021447e+01 1.069944974729765234e-02 1.094388561553013076e-02
9.376626344086021447e+01 1.068358373842206478e-02 1.092990252412659978e-02
9.389126344086021447e+01 1.066763461541033950e-02 1.091581708067400520e-02
9.401626344086021447e+01 1.065160314136669693e-02 1.090162991823233687e-02
9.414126344086021447e+01 1.063549007842736448e-02 1.088734167251203047e-02
9.426626344086021447e+01 1.061929618772135264e-02 1.087295298180953988e-02
9.439126344086021447e+01 1.060302222932952253e-02 1.085846448694645187e-02
9.451626344086021447e+01 1.058666896224744539e-02 1.084387683120730667e-02
9.464126344086021447e+01 1.057023714434601573e-02 1.082919066027791984e-02
9.476626344086021447e+01 1.055372753233373324e-02 1.081440662218476415e-02
9.489126344086021447e+01 1.053714088171954152e-02 1.079952536723335042e-02
9.501626344086021447e+01 1.052047794677610747e-02 1.078454754794909258e-02
9.514126344086021447e+01 1.050373948050310757e-02 1.076947381901522532e-02
9.526626344086021447e+01 1.048692623459207031e-02 1.075430483721459725e-02
9.539126344086021447e+01 1.047003895939116296e-02 1.073904126136915327e-02
9.551626344086021447e+01 1.045307840386955518e-02 1.072368375228120903e-02
9.564126344086021447e+01 1.043604531558454084e-02 1.070823297267455357e-02
9.576626344086021447e+01 1.041894044064639244e-02 1.069268958713584863e-02
9.589126344086021447e+01 1.040176452368666085e-02 1.067705426205628819e-02
9.601626344086021447e+01 1.038451830782417123e-02 1.066132766557378354e-02
9.614126344086021447e+01 1.036720253463341117e-02 1.064551046751652068e-02
9.626626344086021447e+01 1.034981794411275573e-02 1.062960333934368125e-02
9.639126344086021447e+01 1.033236527465304817e-02 1.061360695409105555e-02
9.651626344086021447e+01 1.031484526300686586e-02 1.059752198631239324e-02
9.664126344086021447e+01 1.029725864425796826e-02 1.058134911202552805e-02
9.676626344086021447e+01 1.027960615179236877e-02 1.056508900865499312e-02
9.689126344086021447e+01 1.026188851726765085e-02 1.054874235497715515e-02
9.701626344086021447e+01 1.024410647058525241e-02 1.053230983106580830e-02
9.714126344086021447e+01 1.022626073986107435e-02 1.051579211823646873e-02
9.726626344086021447e+01 1.020835205139794012e-02 1.049918989899304225e-02
9.739126344086021447e+01 1.019038112965841257e-02 1.048250385697395946e-02
9.751626344086021447e+01 1.017234869723686666e-02 1.046573467689791356e-02
9.764126344086021447e+01 1.015425547483363687e-02 1.044888304451094610e-02
9.776626344086021447e+01 1.013610218122824348e-02 1.043194964653419016e-02
9.789126344086021447e+01 1.011788953325401877e-02 1.041493517061129088e-02
9.801626344086021447e+01 1.009961824577237932e-02 1.039784030525572715e-02
9.814126344086021447e+01 1.008128903164853471e-02 1.038066573980017497e-02
9.826626344086021447e+01 1.006290260172640859e-02 1.036341216434414833e-02
9.839126344086021447e+01 1.004445966480506554e-02 1.034608026970422999e-02
9.851626344086021447e+01 1.002596092761469208e-02 1.032867074736293876e-02
9.864126344086021447e+01 1.000740709479346242e-02 1.031118428941875907e-02
9.876626344086021447e+01 9.988798868865139680e-03 1.029362158853605255e-02
9.889126344086021447e+01 9.970136950216047442e-03 1.027598333789605904e-02
9.901626344086021447e+01 9.951422037074022370e-03 1.025827023114843362e-02
9.914126344086021447e+01 9.932654825485364922e-03 1.024052354582665782e-02
9.926626344086021447e+01 9.913836009295436472e-03 1.022274360866230920e-02
9.939126344086021447e+01 9.894966280126333419e-03 1.020489061504262739e-02
9.951626344086021447e+01 9.876046327357588389e-03 1.018696524926650769e-02
9.964126344086021447e+01 9.857076838105350083e-03 1.016896819599922598e-02
9.976626344086021447e+01 9.838058497203535507e-03 1.015090014022366344e-02
9.989126344086021447e+01 9.818991987183934428e-03 1.013276176719383852e-02
1.000162634408602145e+02 9.799877988257568034e-03 1.011455376239332217e-02
1.001412634408602145e+02 9.780717178296602712e-03 1.009627681148503493e-02
1.002662634408602145e+02 9.761510232815361759e-03 1.007793160027156514e-02
1.003912634408602145e+02 9.742257824953807349e-03 1.005951881464652031e-02
1.005162634408602145e+02 9.722960625458545308e-03 1.004103914055205597e-02
1.006412634408602145e+02 9.703619302667656696e-03 1.002249326393502178e-02
1.007662634408602145e+02 9.684234522492337488e-03 1.000388187070594403e-02
1.008912634408602145e+02 9.664806948401849854e-03 9.985205646690923503e-03
1.010162634408602145e+02 9.645337241407049220e-03 9.966465277593776831e-03
1.011412634408602145e+02 9.625826060044528898e-03 9.947661448949863400e-03
1.012662634408602145e+02 9.606274060361632075e-03 9.928794846089187762e-03
1.013912634408602145e+02 9.586681895901781256e-03 9.909866154086489909e-03
1.015162634408602145e+02 9.567050217689493721e-03 9.890876057730703733e-03
1.016412634408602145e+02 9.547379674216241799e-03 9.871825241475130561e-03
1.017662634408602145e+02 9.527670911426913344e-03 9.852865688630266239e-03
1.018912634408602145e+02 9.507924572705198432e-03 9.834289506990079657e-03
1.020162634408602145e+02 9.488141298861666600e-03 9.815652415144322795e-03
1.021412634408602145e+02 9.468321728119687836e-03 9.796955026737001054e-03
1.022662634408602145e+02 9.448466496103750945e-03 9.778197955777652092e-03
1.023912634408602145e+02 9.428576235826467006e-03 9.759381816602399548e-03
1.025162634408602145e+02 9.408651577676842639e-03 9.740507223841253504e-03
1.026412634408602145e+02 9.388693149408286129e-03 9.721574792374834337e-03
1.027662634408602145e+02 9.368701576128025607e-03 9.702585137304311699e-03
1.028912634408602145e+02 9.348677480285116914e-03 9.683538873909247266e-03
1.030162634408602145e+02 9.328621481660250361e-03 9.664436617614496211e-03
1.031412634408602145e+02 9.308534197355290349e-03 9.645278983952522076e-03
1.032662634408602145e+02 9.288416241782263341e-03 9.626066588528775156e-03
1.033912634408602145e+02 9.268268226654843844e-03 9.606800046985450661e-03
1.035162634408602145e+02 9.248090760977585242e-03 9.587479974965271157e-03
1.036412634408602145e+02 9.227884451037188934e-03 9.568106988076955158e-03
1.037662634408602145e+02 9.207649900393372749e-03 9.548681701859726423e-03
1.038912634408602145e+02 9.187387709869857325e-03 9.529204731750732377e-03
1.040162634408602145e+02 9.167098477546374233e-03 9.509676693046484677e-03
1.041412634408602145e+02 9.146782798749931651e-03 9.490098200871308065e-03
1.042662634408602145e+02 9.126441266047377598e-03 9.470469870142581709e-03
1.043912634408602145e+02 9.106074469237284905e-03 9.450792315536762911e-03
1.045162634408602145e+02 9.085682995343145885e-03 9.431066151456845431e-03
1.046412634408602145e+02 9.065267428605203529e-03 9.411291991995458447e-03
1.047662634408602145e+02 9.044828350474874365e-03 9.391470450905941778e-03
1.048912634408602145e+02 9.024366339607339457e-03 9.371602141567413752e-03
1.050162634408602145e+02 9.003881971855053068e-03 9.351687676950520833e-03
1.051412634408602145e+02 8.983375820262422262e-03 9.331727669588498961e-03
1.052662634408602145e+02 8.962848455058776073e-03 9.311722731541721004e-03
1.053912634408602145e+02 8.942300443653985326e-03 9.291673474367680846e-03
1.055162634408602145e+02 8.921732350632127426e-03 9.271580509088541908e-03
1.056412634408602145e+02 8.901144737747104449e-03 9.251444446158364754e-03
1.057662634408602145e+02 8.880538163916975800e-03 9.231265895434284663e-03
1.058912634408602145e+02 8.859913185220067225e-03 9.211045466144080970e-03
1.060162634408602145e+02 8.839270354889785727e-03 9.190783766854766432e-03
1.061412634408602145e+02 8.818610223311153587e-03 9.170481405443140291e-03
1.062662634408602145e+02 8.797933338016440327e-03 9.150138989066016956e-03
1.063912634408602145e+02 8.777240243681249179e-03 9.129757124128137086e-03
1.065162634408602145e+02 8.756531482121633972e-03 9.109336416253433627e-03
1.066412634408602145e+02 8.735807592289729362e-03 9.088877470256948379e-03
1.067662634408602145e+02 8.715069110272102848e-03 9.068380890113565337e-03
1.068912634408602145e+02 8.694316569285414492e-03 9.047847278927819564e-03
1.070162634408602145e+02 8.673550499674897302e-03 9.027277238909333507e-03
1.071412634408602145e+02 8.652771428911278095e-03 9.006671371340117457e-03
1.072662634408602145e+02 8.631979881588723591e-03 8.986030276549004936e-03
1.073912634408602145e+02 8.611176379422644245e-03 8.965354553881140637e-03
1.075162634408602145e+02 8.590361441248360250e-03 8.944644801673040310e-03
1.076412634408602145e+02 8.569535583018888028e-03 8.923901617222293817e-03
1.077662634408602145e+02 8.548699317803663475e-03 8.903125596762401228e-03
1.078912634408602145e+02 8.527853155787691944e-03 8.882317335433834171e-03
1.080162634408602145e+02 8.506997604269610561e-03 8.861477427259057543e-03
1.081412634408602145e+02 8.486133167662026494e-03 8.840606465116215493e-03
1.082662634408602145e+02 8.465260347489723253e-03 8.819705040709377442e-03
1.083912634408602145e+02 8.444379642390155080e-03 8.798773744547344969e-03
1.085162634408602145e+02 8.423491548112192751e-03 8.777813165914284677e-03
1.086412634408602145e+02 8.402596557516725517e-03 8.756823892844850521e-03
1.087662634408602145e+02 8.381695160576640297e-03 8.735806512103001104e-03
1.088912634408602145e+02 8.360787844376469519e-03 8.714761609149686977e-03
1.090162634408602145e+02 8.339875093113712987e-03 8.693689768123498071e-03
1.091412634408602145e+02 8.318957388098529096e-03 8.672591571815997658e-03
1.092662634408602145e+02 8.298035207755346393e-03 8.651467601644143718e-03
1.093912634408602145e+02 8.277109027622815002e-03 8.630318437629899003e-03
1.095162634408602145e+02 8.256179320356049622e-03 8.609144658373962117e-03
1.096412634408602145e+02 8.235246555726676368e-03 8.587946841034295106e-03
1.097662634408602145e+02 8.214311200625398421e-03 8.566725561301689884e-03
1.098912634408602145e+02 8.193373719062618799e-03 8.545481393376698140e-03
1.100162634408602145e+02 8.172434572170676412e-03 8.524214909948783434e-03
1.101412634408602145e+02 8.151494218205887834e-03 8.502926682170876271e-03
1.102662634408602145e+02 8.130553112549863959e-03 8.481617279640068369e-03
1.103912634408602145e+02 8.109611707712750459e-03 8.460287270374065513e-03
1.105162634408602145e+02 8.088670453334546179e-03 8.438937220789531277e-03
1.106412634408602145e+02 8.067729796188327987e-03 8.417567695681946877e-03
1.107662634408602145e+02 8.046790180182405300e-03 8.396179258203228038e-03
1.108912634408602145e+02 8.025852046363531056e-03 8.374772469839754721e-03
1.110162634408602145e+02 8.004915832919430943e-03 8.353347890397006675e-03
1.111412634408602145e+02 7.983981975182191312e-03 8.331906077971818272e-03
1.112662634408602145e+02 7.963050905631242904e-03 8.310447588936736504e-03
1.113912634408602145e+02 7.942123053896719270e-03 8.288972977920090746e-03
1.115162634408602145e+02 7.921198846763085819e-03 8.267482797784202891e-03
1.116412634408602145e+02 7.900278708172525990e-03 8.245977599608435640e-03
1.117662634408602145e+02 7.879363059228877350e-03 8.224457932667957744e-03
1.118912634408602145e+02 7.858452318201362974e-03 8.202924344415852068e-03
1.120162634408602145e+02 7.837546900528586519e-03 8.181377380466233265e-03
1.121412634408602145e+02 7.816647218822535964e-03 8.159817584571814331e-03
1.122662634408602145e+02 7.795753682873366244e-03 8.138245498609333189e-03
1.123912634408602145e+02 7.774866699652869563e-03 8.116661662560736151e-03
1.125162634408602145e+02 7.753986673319700380e-03 8.095066614493653598e-03
1.126412634408602145e+02 7.733114005223818040e-03 8.073460890547584645e-03
1.127662634408602145e+02 7.712249093910549490e-03 8.051845024913496796e-03
1.128912634408602145e+02 7.691392335126574081e-03 8.030219549818832722e-03
1.130162634408602145e+02 7.670544121823652355e-03 8.008584995510468346e-03
1.131412634408602145e+02 7.649704844164716654e-03 7.986941890238014388e-03
1.132662634408602145e+02 7.628874889528304212e-03 7.965290760238075488e-03
1.133912634408602145e+02 7.608054642514021533e-03 7.943632129717100726e-03
1.135162634408602145e+02 7.587244484948078155e-03 7.921966520837863193e-03
1.136412634408602145e+02 7.566444795888651285e-03 7.900294453703098074e-03
1.137662634408602145e+02 7.545655951631300741e-03 7.878616446338401746e-03
1.138912634408602145e+02 7.524878325714946803e-03 7.856933014681457411e-03
1.140162634408602145e+02 7.504112288927569652e-03 7.835244672563586310e-03
1.141412634408602145e+02 7.483358209311646858e-03 7.813551931696518724e-03
1.142662634408602145e+02 7.462616452170829466e-03 7.791855301659472016e-03
1.143912634408602145e+02 7.441887380075495710e-03 7.770155289882092232e-03
1.145162634408602145e+02 7.421171352869222401e-03 7.748452401635114346e-03
1.146412634408602145e+02 7.400468727674591046e-03 7.726747140012701041e-03
1.147662634408602145e+02 7.379779858900128477e-03 7.705040005921186090e-03
1.148912634408602145e+02 7.359105098246112968e-03 7.683331498066819400e-03
1.150162634408602145e+02 7.338444794711769005e-03 7.661622112940115470e-03
1.151412634408602145e+02 7.317799294601074270e-03 7.639912344806937781e-03
1.152662634408602145e+02 7.297168941530167777e-03 7.618202685692467349e-03
1.153912634408602145e+02 7.276554076433809984e-03 7.596493625372948040e-03
1.155162634408602145e+02 7.255955037571898414e-03 7.574785651360352486e-03
1.156412634408602145e+02 7.235372160537055335e-03 7.553079248892855847e-03
1.157662634408602145e+02 7.214805778261131237e-03 7.531374900922926940e-03
1.158912634408602145e+02 7.194256221022583483e-03 7.509673088105377724e-03
1.160162634408602145e+02 7.173723816453375299e-03 7.487974288787227310e-03
1.161412634408602145e+02 7.153208889546377840e-03 7.466278978996920661e-03
1.162662634408602145e+02 7.132711762662558019e-03 7.444587632433884682e-03
1.163912634408602145e+02 7.112232755538723181e-03 7.422900720457428596e-03
1.165162634408602145e+02 7.091772185294229272e-03 7.401218712077897721e-03
1.166412634408602145e+02 7.071330366439299714e-03 7.379542073945141029e-03
1.167662634408602145e+02 7.050907610882191541e-03 7.357871270341258263e-03
1.168912634408602145e+02 7.030504227936564508e-03 7.336206763169455213e-03
1.170162634408602145e+02 7.010120524330000318e-03 7.314549011944173132e-03
1.171412634408602145e+02 6.989756804210970134e-03 7.292898473784501130e-03
1.172662634408602145e+02 6.969413369157280956e-03 7.271255603403829412e-03
1.173912634408602145e+02 6.949090518183471607e-03 7.249620853100510395e-03
1.175162634408602145e+02 6.928788547749125531e-03 7.227994672752581680e-03
1.176412634408602145e+02 6.908507751766652764e-03 7.206377509805428697e-03
1.177662634408602145e+02 6.888248421609740636e-03 7.184769809267873772e-03
1.178912634408602145e+02 6.868010846121088038e-03 7.163172013702021057e-03
1.180162634408602145e+02 6.847795311620663572e-03 7.141584563215534406e-03
1.181412634408602145e+02 6.827602101914161462e-03 7.120007895456834796e-03
1.182662634408602145e+02 6.807431498301008167e-03 7.098442445605073620e-03
1.183912634408602145e+02 6.787283779583121873e-03 7.076888646365540013e-03
1.185162634408602145e+02 6.767159222072834102e-03 7.055346927961150295e-03
1.186412634408602145e+02 6.747058099601643995e-03 7.033817718127602890e-03
1.187662634408602145e+02 6.726980683528615244e-03 7.012301442106122842e-03
1.188912634408602145e+02 6.706927242748894451e-03 6.990798522637628812e-03
1.190162634408602145e+02 6.686898043702342240e-03 6.969309379956688429e-03
1.191412634408602145e+02 6.666893350382228564e-03 6.947834431785923810e-03
1.192662634408602145e+02 6.646913424343866422e-03 6.926374093330990404e-03
1.193912634408602145e+02 6.626958524713158841e-03 6.904928777275536750e-03
1.195162634408602145e+02 6.607028908195743469e-03 6.883498893772266314e-03
1.196412634408602145e+02 6.587124829085264609e-03 6.862084850446125046e-03
1.197662634408602145e+02 6.567246539272804037e-03 6.840687052381403711e-03
1.198912634408602145e+02 6.547394288255271866e-03 6.819305902121153284e-03
1.200162634408602145e+02 6.527568323144854710e-03 6.797941799663113557e-03
1.201412634408602145e+02 6.507768888677146341e-03 6.776595142452630262e-03
1.202662634408602145e+02 6.487996227221111065e-03 6.755266325383126914e-03
1.203912634408602145e+02 6.468250578787364431e-03 6.733955740788249121e-03
1.205162634408602145e+02 6.448532181037692525e-03 6.712663778441122116e-03
1.206412634408602145e+02 6.428841269293876504e-03 6.691390825549546444e-03
1.207662634408602145e+02 6.409178076547047964e-03 6.670137266751673295e-03
1.208912634408602145e+02 6.389542833466536030e-03 6.648903484116050477e-03
1.210162634408602145e+02 6.369935768409218380e-03 6.627689857135792006e-03
1.211412634408602145e+02 6.350357107428942528e-03 6.606496762728082846e-03
1.212662634408602145e+02 6.330807074285509095e-03 6.585324575229773575e-03
1.213912634408602145e+02 6.311285890454060993e-03 6.564173666395602298e-03
1.215162634408602145e+02 6.291793775134084041e-03 6.543044405397593563e-03
1.216412634408602145e+02 6.272330945259297491e-03 6.521937158820954004e-03
1.217662634408602145e+02 6.252897615506666784e-03 6.500852290662853701e-03
1.218912634408602145e+02 6.233493998305597583e-03 6.479790162332260510e-03
1.220162634408602145e+02 6.214120303847779463e-03 6.458751132645288405e-03
1.221412634408602145e+02 6.194776740096189123e-03 6.437735557826809903e-03
1.222662634408602145e+02 6.175463512794873364e-03 6.416743791508088164e-03
1.223912634408602145e+02 6.156180825478012146e-03 6.395776184725953870e-03
1.225162634408602145e+02 6.136928879479930550e-03 6.374833085921848518e-03
1.226412634408602145e+02 6.117707873944050814e-03 6.353914840941555543e-03
1.227662634408602145e+02 6.098518005832941589e-03 6.333021793033269571e-03
1.228912634408602145e+02 6.079359469937192784e-03 6.312154282849141186e-03
1.230162634408602145e+02 6.060232458885663441e-03 6.291312648444367939e-03
1.231412634408602145e+02 6.041137163154748635e-03 6.270497225276504792e-03
1.232662634408602145e+02 6.022073771077714882e-03 6.249708346206759094e-03
1.233912634408602145e+02 6.003042468854835265e-03 6.228946341498307025e-03
1.235162634408602145e+02 5.984043440562461166e-03 6.208211538819471617e-03
1.236412634408602145e+02 5.965076868162970912e-03 6.187504263241506638e-03
1.237662634408602145e+02 5.946142931514361921e-03 6.166824837241575985e-03
1.238912634408602145e+02 5.927241808379898370e-03 6.146173580702040708e-03
1.240162634408602145e+02 5.908373674437626157e-03 6.125550810911774800e-03
1.241412634408602145e+02 5.889538703290385716e-03 6.104956842568536567e-03
1.242662634408602145e+02 5.870737066474836924e-03 6.084391987777970287e-03
1.243912634408602145e+02 5.851968933472012288e-03 6.063856556057823331e-03
1.245162634408602145e+02 5.833234471716409499e-03 6.043350854337346811e-03
1.246412634408602145e+02 5.814533846605836852e-03 6.022875186958922752e-03
1.247662634408602145e+02 5.795867221511165866e-03 6.002429855682005384e-03
1.248912634408602145e+02 5.777234757785932109e-03 5.982015159682985833e-03
1.250162634408602145e+02 5.758636614776372308e-03 5.961631395558801214e-03
1.251412634408602145e+02 5.740072949830698178e-03 5.941278857327803725e-03
1.252662634408602145e+02 5.721543918309325225e-03 5.920957836434002919e-03
1.253912634408602145e+02 5.703049673594010396e-03 5.900668621747077840e-03
1.255162634408602145e+02 5.684590367098295120e-03 5.880411499567273284e-03
1.256412634408602145e+02 5.666166148276667244e-03 5.860186753627377385e-03
1.257662634408602145e+02 5.647777164634385644e-03 5.839994665095183182e-03
1.258912634408602145e+02 5.629423561737742845e-03 5.819835512577959009e-03
1.260162634408602145e+02 5.611105483222970230e-03 5.799709572122862221e-03
1.261412634408602145e+02 5.592823070806866685e-03 5.779617117222609138e-03
1.262662634408602145e+02 5.574576464295682120e-03 5.759558418820124974e-03
1.263912634408602145e+02 5.556365801595638566e-03 5.739533745307504736e-03
1.265162634408602145e+02 5.538191218722090386e-03 5.719543362534377194e-03
1.266412634408602145e+02 5.520052849809688883e-03 5.699587533807779979e-03
1.267662634408602145e+02 5.501950827121685622e-03 5.679666519899304912e-03
1.268912634408602145e+02 5.483885281060116128e-03 5.659780579047292426e-03
1.270162634408602145e+02 5.465856340175194276e-03 5.639929966961426851e-03
1.271412634408602145e+02 5.447864131175195884e-03 5.620114936827159957e-03
1.272662634408602145e+02 5.429908778936237343e-03 5.600335739308861215e-03
1.273912634408602145e+02 5.411990406511666546e-03 5.580592622556159940e-03
1.275162634408602145e+02 5.394109135142327247e-03 5.560885832207553524e-03
1.276412634408602145e+02 5.376265084265582223e-03 5.541215611394440660e-03
1.277662634408602145e+02 5.358458371525738964e-03 5.521582200747641306e-03
1.278912634408602145e+02 5.340689112783082379e-03 5.501985838399559015e-03
1.280162634408602287e+02 5.322957422123979557e-03 5.482426759992127703e-03
1.281412634408602287e+02 5.305263411870366971e-03 5.462905198680478858e-03
1.282662634408602287e+02 5.287607192589597639e-03 5.443421385137493448e-03
1.283912634408602287e+02 5.269988873103875412e-03 5.423975547561146748e-03
1.285162634408602287e+02 5.252404038115282212e-03 5.404567911677750532e-03
1.286412634408602287e+02 5.234333658131160548e-03 5.385198700747774805e-03
1.287662634408602287e+02 5.216302992735906419e-03 5.365868135573288039e-03
1.288912634408602287e+02 5.198312169350807754e-03 5.346576434501192424e-03
1.290162634408602287e+02 5.180361313439541329e-03 5.327323813430896553e-03
1.291412634408602287e+02 5.162450548518328700e-03 5.308110485819797150e-03
1.292662634408602287e+02 5.144402531199734549e-03 5.288936662687461487e-03
1.293912634408602287e+02 5.126172153493569437e-03 5.269802552624625394e-03
1.295162634408602287e+02 5.107983851967741983e-03 5.250708361796928986e-03
1.296412634408602287e+02 5.089837760645508219e-03 5.231654293952788838e-03
1.297662634408602287e+02 5.071734011391704905e-03 5.212640550428775631e-03
1.298912634408602287e+02 5.053672733922257541e-03 5.193667330155843538e-03
1.300162634408602287e+02 5.035654055816074504e-03 5.174734829666489434e-03
1.301412634408602287e+02 5.017678102526069474e-03 5.155843243101912096e-03
1.302662634408602287e+02 4.999744997389457025e-03 5.136992762217101882e-03
1.303912634408602287e+02 4.981854861639312820e-03 5.118183576388514282e-03
1.305162634408602287e+02 4.964007814414855314e-03 5.099415872620267215e-03
1.306412634408602287e+02 4.946203972773712855e-03 5.080772715746914754e-03
1.307662634408602287e+02 4.928443451701144604e-03 5.063682748313717320e-03
1.308912634408602287e+02 4.910726364122451615e-03 5.046631206946093282e-03
1.310162634408602287e+02 4.893052820913862226e-03 5.029618173445631578e-03
1.311412634408602287e+02 4.875422930912380083e-03 5.012643728109336498e-03
1.312662634408602287e+02 4.857836800928635838e-03 4.995707949738327318e-03
1.313912634408602287e+02 4.840294535755776742e-03 4.978810915646623807e-03
1.315162634408602287e+02 4.822796238182876054e-03 4.961952701669769539e-03
1.316412634408602287e+02 4.805342009003767990e-03 4.945133382173388416e-03
1.317662634408602287e+02 4.787931947029572428e-03 4.928353030061855683e-03
1.318912634408602287e+02 4.770566149099119725e-03 4.911611716786863126e-03
1.320162634408602287e+02 4.753244710089708606e-03 4.894909512355954777e-03
1.321412634408602287e+02 4.735967722929178975e-03 4.878246485341422578e-03
1.322662634408602287e+02 4.718735278605752127e-03 4.861622702888264425e-03
1.323912634408602287e+02 4.701547466180075810e-03 4.845038230723368658e-03
1.325162634408602287e+02 4.684404372795381022e-03 4.828493133163558847e-03
1.326412634408602287e+02 4.667306083689341453e-03 4.811987473124357609e-03
1.327662634408602287e+02 4.650252682204370804e-03 4.795521312128344510e-03
1.328912634408602287e+02 4.633244249799273184e-03 4.779094710313719525e-03
1.330162634408602287e+02 4.616280866059867434e-03 4.762707726442674816e-03
1.331412634408602287e+02 4.599362608710127510e-03 4.746360417910044059e-03
1.332662634408602287e+02 4.582489553623329825e-03 4.730052840751272636e-03
1.333912634408602287e+02 4.565661774832678425e-03 4.713785049651440795e-03
1.335162634408602287e+02 4.548879344543283257e-03 4.697557097953082052e-03
1.336412634408602287e+02 4.532142333141483438e-03 4.681369037664763998e-03
1.337662634408602287e+02 4.515450809207831664e-03 4.665220919469749775e-03
1.338912634408602287e+02 4.498804839526067065e-03 4.649112792733577949e-03
1.340162634408602287e+02 4.482204489095527149e-03 4.633044705513202771e-03
1.341412634408602287e+02 4.465649821142403560e-03 4.617016704564785683e-03
1.342662634408602287e+02 4.449140897128396610e-03 4.601028835352031533e-03
1.343912634408602287e+02 4.432677776764937412e-03 4.585081142054537803e-03
1.345162634408602287e+02 4.416260518020851886e-03 4.569173667576044082e-03
1.346412634408602287e+02 4.399889177136257629e-03 4.553306453552396181e-03
1.347662634408602287e+02 4.383563808631102225e-03 4.537479540360159908e-03
1.348912634408602287e+02 4.367284465316981050e-03 4.521692967124321498e-03
1.350162634408602287e+02 4.351051198309079972e-03 4.505946771726826797e-03
1.351412634408602287e+02 4.334864057034862848e-03 4.490240990814505471e-03
1.352662634408602287e+02 4.318723089246970931e-03 4.474575659807090641e-03
1.353912634408602287e+02 4.302628341032448123e-03 4.458950812905666111e-03
1.355162634408602287e+02 4.286579856824993331e-03 4.443366483100258391e-03
1.356412634408602287e+02 4.270577679414412978e-03 4.427822702178238826e-03
1.357662634408602287e+02 4.254621849959122279e-03 4.412319500732188836e-03
1.358912634408602287e+02 4.238712407994773765e-03 4.396856908167937755e-03
1.360162634408602287e+02 4.222849391446596365e-03 4.381434952712449753e-03
1.361412634408602287e+02 4.207032836639899159e-03 4.366053661422008257e-03
1.362662634408602287e+02 4.191262778310357422e-03 4.350713060189780219e-03
1.363912634408602287e+02 4.175539249615358578e-03 4.335413173754075131e-03
1.365162634408602287e+02 4.159484956694272165e-03 4.320154025706100104e-03
1.366412634408602287e+02 4.143382980812270085e-03 4.304935638497640361e-03
1.367662634408602287e+02 4.127329201768485493e-03 4.289758033449280958e-03
1.368912634408602287e+02 4.111323672457678144e-03 4.274621230757793232e-03
1.370162634408602287e+02 4.095366443951231269e-03 4.259525249504226424e-03
1.371412634408602287e+02 4.079457565508782906e-03 4.244470107661739953e-03
1.372662634408602287e+02 4.063597084588491115e-03 4.229455822102800786e-03
1.373912634408602287e+02 4.047785046858512654e-03 4.214482408607654086e-03
1.375162634408602287e+02 4.032021496207688870e-03 4.199549881871592581e-03
1.376412634408602287e+02 4.016306474757098087e-03 4.184658255512447959e-03
1.377662634408602287e+02 4.000640022870389362e-03 4.169807542078796114e-03
1.378912634408602287e+02 3.985022179165204764e-03 4.154997753057010530e-03
1.380162634408602287e+02 3.969452980523975431e-03 4.140228898879281041e-03
1.381412634408602287e+02 3.953932462105251046e-03 4.125500988931001152e-03
1.382662634408602287e+02 3.938460657354439509e-03 4.110814031558245561e-03
1.383912634408602287e+02 3.923037598014345387e-03 4.096168034075376926e-03
1.385162634408602287e+02 3.907663314137337258e-03 4.081563002772754106e-03
1.386412634408602287e+02 3.892337834095223499e-03 4.066998942923693607e-03
1.387662634408602287e+02 3.877061184590643774e-03 4.052475858792528238e-03
1.388912634408602287e+02 3.861833390668070656e-03 4.037993753641410700e-03
1.390162634408602287e+02 3.846654475724763100e-03 4.023552629738333213e-03
1.391412634408602287e+02 3.831524461521610640e-03 4.009152488364051657e-03
1.392662634408602287e+02 3.816443368194113745e-03 3.994793329819394841e-03
1.393912634408602287e+02 3.801411214263195060e-03 3.980475153433216465e-03
1.395162634408602287e+02 3.786428016646567040e-03 3.966197957568873451e-03
1.396412634408602287e+02 3.771493790668993713e-03 3.951961739631857859e-03
1.397662634408602287e+02 3.756608550073672198e-03 3.937766496077275274e-03
1.398912634408602287e+02 3.741772307032811481e-03 3.923612222416512224e-03
1.400162634408602287e+02 3.726985072158952358e-03 3.909498913225058908e-03
1.401412634408602287e+02 3.712246854515204031e-03 3.895426562149230821e-03
1.402662634408602287e+02 3.697557661626378871e-03 3.881395161913339664e-03
1.403912634408602287e+02 3.682917499490442458e-03 3.867404704326932782e-03
1.405162634408602287e+02 3.668326372587854631e-03 3.853455180292049941e-03
1.406412634408602287e+02 3.653784283893827482e-03 3.839546579809752832e-03
1.407662634408602287e+02 3.639291234888340776e-03 3.825678891987779537e-03
1.408912634408602287e+02 3.624847225567367787e-03 3.811852105046948259e-03
1.410162634408602287e+02 3.610452254453029933e-03 3.798066206328763652e-03
1.411412634408602287e+02 3.596106318604902399e-03 3.784321182301855248e-03
1.412662634408602287e+02 3.581809413630346155e-03 3.770617018569084183e-03
1.413912634408602287e+02 3.567561533695631868e-03 3.756953699874469085e-03
1.415162634408602287e+02 3.553362671536032091e-03 3.743331210110213431e-03
1.416412634408602287e+02 3.539212818467011093e-03 3.729749532323148754e-03
1.417662634408602287e+02 3.525111964394706931e-03 3.716208648721915954e-03
1.418912634408602287e+02 3.511060097826446905e-03 3.702708540683480060e-03
1.420162634408602287e+02 3.497057205881396163e-03 3.689249188760190985e-03
1.421412634408602287e+02 3.483103274301126932e-03 3.675830572686415373e-03
1.422662634408602287e+02 3.469198287460473554e-03 3.662452671384971124e-03
1.423912634408602287e+02 3.455342228377595616e-03 3.649115462974239325e-03
1.425162634408602287e+02 3.441535078724904540e-03 3.635818924774515942e-03
1.426412634408602287e+02 3.427776818838965383e-03 3.622563033314782441e-03
1.427662634408602287e+02 3.414067427731933869e-03 3.609347764339331573e-03
1.428912634408602287e+02 3.400406883101296431e-03 3.596173092814084361e-03
1.430162634408602287e+02 3.386795161340258598e-03 3.583038992933415805e-03
1.431412634408602287e+02 3.373232237548639059e-03 3.569945438126806685e-03
1.432662634408602287e+02 3.359718085542821777e-03 3.556892401064783681e-03
1.433912634408602287e+02 3.346252677866255829e-03 3.543879853665867809e-03
1.435162634408602287e+02 3.332835985799724107e-03 3.530907767102920477e-03
1.436412634408602287e+02 3.319467979372012299e-03 3.517976111809276597e-03
1.437662634408602287e+02 3.306148627369534434e-03 3.505084857485669600e-03
1.438912634408602287e+02 3.292877897347117229e-03 3.492233973105895745e-03
1.440162634408602287e+02 3.279655755637910126e-03 3.479423426923727858e-03
1.441412634408602287e+02 3.266482167364080300e-03 3.466653186478935254e-03
1.442662634408602287e+02 3.253357096446249982e-03 3.453923218603609409e-03
1.443912634408602287e+02 3.239947465021937156e-03 3.441233489428391183e-03
1.445162634408602287e+02 3.226537600442844125e-03 3.428583964388746182e-03
1.446412634408602287e+02 3.213177395060470235e-03 3.415974608230951722e-03
1.447662634408602287e+02 3.199866830772480318e-03 3.403405385018696584e-03
1.448912634408602287e+02 3.186605888074363520e-03 3.390876258138697183e-03
1.450162634408602287e+02 3.173394546070243231e-03 3.378387190307114308e-03
1.451412634408602287e+02 3.160232782481906758e-03 3.365938143575549196e-03
1.452662634408602287e+02 3.147120573660508198e-03 3.353529079337203098e-03
1.453912634408602287e+02 3.134057894595767245e-03 3.341159958332630495e-03
1.455162634408602287e+02 3.121044718925155420e-03 3.328830740656106395e-03
1.456412634408602287e+02 3.108081018946530060e-03 3.316541385761142754e-03
1.457662634408602287e+02 3.095166765625250588e-03 3.304291852466926908e-03
1.458912634408602287e+02 3.082301928606301193e-03 3.292082098963854033e-03
1.460162634408602287e+02 3.069486476223880385e-03 3.279912082819623834e-03
1.461412634408602287e+02 3.056720375510753318e-03 3.267781760984962963e-03
1.462662634408602287e+02 3.044003592209177950e-03 3.255691089799455425e-03
1.463912634408602287e+02 3.031336090780531456e-03 3.243640024997628424e-03
1.465162634408602287e+02 3.018717834414830388e-03 3.231628521714316991e-03
1.466412634408602287e+02 3.006148785042297815e-03 3.219656534490638374e-03
1.467662634408602287e+02 2.993628903340704236e-03 3.207724017279684099e-03
1.468912634408602287e+02 2.981158148748227522e-03 3.195830923452243257e-03
1.470162634408602287e+02 2.968736479471864587e-03 3.183977205802393084e-03
1.471412634408602287e+02 2.956363852496920325e-03 3.172162816553228317e-03
1.472662634408602287e+02 2.944040223597913387e-03 3.160387707362261392e-03
1.473912634408602287e+02 2.931765547349172302e-03 3.148651829327427185e-03
1.475162634408602287e+02 2.919539777132061469e-03 3.136955132992204787e-03
1.476412634408602287e+02 2.907362865147375755e-03 3.125297568351269231e-03
1.477662634408602287e+02 2.895234762424685887e-03 3.113679084856204368e-03
1.478912634408602287e+02 2.883155418830744051e-03 3.102099631420636786e-03
1.480162634408602287e+02 2.871124783081642571e-03 3.090559156426110881e-03
1.481412634408602287e+02 2.859142802750035128e-03 3.079057607727049735e-03
1.482662634408602287e+02 2.847209424277252071e-03 3.067594932656390796e-03
1.483912634408602287e+02 2.835324592982070308e-03 3.056171078030942272e-03
1.485162634408602287e+02 2.823488253069158811e-03 3.044785990156847078e-03
1.486412634408602287e+02 2.811700347641752067e-03 3.033439614834497304e-03
1.487662634408602287e+02 2.799960818708792376e-03 3.022131897364278320e-03
1.488912634408602287e+02 2.788269607195215886e-03 3.010862782551425136e-03
1.490162634408602287e+02 2.776626652952560430e-03 2.999632214711637698e-03
1.491412634408602287e+02 2.765031894767096612e-03 2.988440137676092508e-03
1.492662634408602287e+02 2.753485270371228404e-03 2.977286494796392655e-03
1.493912634408602287e+02 2.741986716451649819e-03 2.966171228950139314e-03
1.495162634408602287e+02 2.730536168658969157e-03 2.955094282545906934e-03
1.496412634408602287e+02 2.719133561618132522e-03 2.944055597528166379e-03
1.497662634408602287e+02 2.707778828937810849e-03 2.933055115382559794e-03
1.498912634408602287e+02 2.696471903218655014e-03 2.922092777140782114e-03
1.500162634408602287e+02 2.685212716064443606e-03 2.911168523385738831e-03
1.501412634408602287e+02 2.674001198090805980e-03 2.900282294256601411e-03
1.502662634408602287e+02 2.662837278933544594e-03 2.889434029453461124e-03
1.503912634408602287e+02 2.651720887260655777e-03 2.878623668242570512e-03
1.505162634408602287e+02 2.640651950778584271e-03 2.867851149461057066e-03
1.506412634408602287e+02 2.629630396244332473e-03 2.857116411521989918e-03
1.507662634408602287e+02 2.618656149473037268e-03 2.846419392419120842e-03
1.508912634408602287e+02 2.607729135347679715e-03 2.835760029731631757e-03
1.510162634408602287e+02 2.596849277828780413e-03 2.825138260629093002e-03
1.511412634408602287e+02 2.586016499963142510e-03 2.814554021876339209e-03
1.512662634408602287e+02 2.575230723893276452e-03 2.804007249837868129e-03
1.513912634408602287e+02 2.564491870866873312e-03 2.793497880482836634e-03
1.515162634408602287e+02 2.553799861244902044e-03 2.783025849389739702e-03
1.516412634408602287e+02 2.543154614511994403e-03 2.772591091751051666e-03
1.517662634408602287e+02 2.532556049285220479e-03 2.762193542377831476e-03
1.518912634408602287e+02 2.522004083322365933e-03 2.751833135704356142e-03
1.520162634408602287e+02 2.511498633531857212e-03 2.741509805792802755e-03
1.521412634408602287e+02 2.501039615982004593e-03 2.731223486337710192e-03
1.522662634408602287e+02 2.490626945908249422e-03 2.720974110670664609e-03
1.523912634408602287e+02 2.480260537724345710e-03 2.710761611764643184e-03
1.525162634408602287e+02 2.469940305030294322e-03 2.700585922238634123e-03
1.526412634408602287e+02 2.459666160620298421e-03 2.690446974361972166e-03
1.527662634408602287e+02 2.449438016493728221e-03 2.680344700059158081e-03
1.528912634408602287e+02 2.439255783861569386e-03 2.670279030913636029e-03
1.530162634408602287e+02 2.429119373157206073e-03 2.660249898172797368e-03
1.531412634408602287e+02 2.419028694044206805e-03 2.650257232751979629e-03
1.532662634408602287e+02 2.408983655425067042e-03 2.640300965238997610e-03
1.533912634408602287e+02 2.398984165450042394e-03 2.630381025898358757e-03
1.535162634408602287e+02 2.389030131526337451e-03 2.620497344675606910e-03
1.536412634408602287e+02 2.379121460325556419e-03 2.610649851201528576e-03
1.537662634408602287e+02 2.369258057793994805e-03 2.600838474796428150e-03
1.538912634408602287e+02 2.359439829159155032e-03 2.591063144474436974e-03
1.540162634408602287e+02 2.349666678940002130e-03 2.581323788947556541e-03
1.541412634408602287e+02 2.339938510955164204e-03 2.571620336629909000e-03
1.542662634408602287e+02 2.330255228329974979e-03 2.561952715641788170e-03
1.543912634408602287e+02 2.320616733506973214e-03 2.552320853813994615e-03
1.545162634408602287e+02 2.311022928253717197e-03 2.542724678691753518e-03
1.546412634408602287e+02 2.301473713669325086e-03 2.533164117538645125e-03
1.547662634408602287e+02 2.291968990195729795e-03 2.523639097341007480e-03
1.548912634408602287e+02 2.282508657624088798e-03 2.514149544811727661e-03
1.550162634408602287e+02 2.273092615103037076e-03 2.504695386394242048e-03
1.551412634408602287e+02 2.263720761148462282e-03 2.495276548266585608e-03
1.552662634408602287e+02 2.254392993649655640e-03 2.485892956345194839e-03
1.553912634408602287e+02 2.245109209879171241e-03 2.476544536289135290e-03
1.555162634408602287e+02 2.235869306499980915e-03 2.467231213503641701e-03
1.556412634408602287e+02 2.226673179573802203e-03 2.457952913144155569e-03
1.557662634408602287e+02 2.217520724569435869e-03 2.448709560120273382e-03
1.558912634408602287e+02 2.208411836370701396e-03 2.439501079099323615e-03
1.560162634408602287e+02 2.199346409283957447e-03 2.430327394510497542e-03
1.561412634408602287e+02 2.190324337046876957e-03 2.421188430548386339e-03
1.562662634408602287e+02 2.181345512835249859e-03 2.412084111176728083e-03
1.563912634408602287e+02 2.172409829272344949e-03 2.403014360132255372e-03
1.565162634408602287e+02 2.163517178435848780e-03 2.393979100928503908e-03
1.566412634408602287e+02 2.154667451864979762e-03 2.384978256859154010e-03
1.567662634408602287e+02 2.145860540569930700e-03 2.376011751002066446e-03
1.568912634408602287e+02 2.137096335038854520e-03 2.367079506222581013e-03
1.570162634408602287e+02 2.128374725244551197e-03 2.358181445177535453e-03
1.571412634408602287e+02 2.119695600653965367e-03 2.349317490318518931e-03
1.572662634408602287e+02 2.111058850234709319e-03 2.340487563895487632e-03
1.573912634408602287e+02 2.102464362462527943e-03 2.331691587960444539e-03
1.575162634408602287e+02 2.093912025329560354e-03 2.322929484371052001e-03
1.576412634408602287e+02 2.085401726351450956e-03 2.314201174793702187e-03
1.577662634408602287e+02 2.076933352575005207e-03 2.305506580707500884e-03
1.578912634408602287e+02 2.068506790585337117e-03 2.296845623407376986e-03
1.580162634408602287e+02 2.060121926513543231e-03 2.288218224007656024e-03
1.581412634408602287e+02 2.051778646043884383e-03 2.279624303445585559e-03
1.582662634408602287e+02 2.043476834421833945e-03 2.271063782484437302e-03
1.583912634408602287e+02 2.035216376459811089e-03 2.262536581717112735e-03
1.585162634408602287e+02 2.026997156546527911e-03 2.254042621569347579e-03
1.586412634408602287e+02 2.018819058652249546e-03 2.245581822303208998e-03
1.587662634408602287e+02 2.010681966337142523e-03 2.237154104020188175e-03
1.588912634408602287e+02 2.002585762758909722e-03 2.228759386664555271e-03
1.590162634408602287e+02 1.994530330677683153e-03 2.220397590026650624e-03
1.591412634408602287e+02 1.986515552465805204e-03 2.212068633746228866e-03
1.592662634408602287e+02 1.978541310113128213e-03 2.203772437315378897e-03
1.593912634408602287e+02 1.970607485234302479e-03 2.195508920081914398e-03
1.595162634408602287e+02 1.962713959076441139e-03 2.187278001252590011e-03
1.596412634408602287e+02 1.954860612525459711e-03 2.179079599896077257e-03
1.597662634408602287e+02 1.947047326112505850e-03 2.170913634946267014e-03
1.598912634408602287e+02 1.939273980022149842e-03 2.162780025205208144e-03
1.600162634408602287e+02 1.931540454097879344e-03 2.154678689346335371e-03
1.601412634408602287e+02 1.923846627849417528e-03 2.146609545917433932e-03
1.602662634408602287e+02 1.916192380460102380e-03 2.138572513343751664e-03
1.603912634408602287e+02 1.908577590792243529e-03 2.130567509930948907e-03
1.605162634408602287e+02 1.901002137394509342e-03 2.122594453868208858e-03
1.606412634408602287e+02 1.893465898509048406e-03 2.114653263230995787e-03
1.607662634408602287e+02 1.885968752076871936e-03 2.106743855984352740e-03
1.608912634408602287e+02 1.878510575745747637e-03 2.098866149985490620e-03
1.610162634408602287e+02 1.871091246875340123e-03 2.091020062986910250e-03
1.611412634408602287e+02 1.863710642544832638e-03 2.083205512639288090e-03
1.612662634408602287e+02 1.856368639559205242e-03 2.075422416494229674e-03
1.613912634408602287e+02 1.849065114454221705e-03 2.067670692007302774e-03
1.615162634408602287e+02 1.841799943505116784e-03 2.059950256540718418e-03
1.616412634408602287e+02 1.834573002731185653e-03 2.052261027366128997e-03
1.617662634408602287e+02 1.827384167902407729e-03 2.044602921667698723e-03
1.618912634408602287e+02 1.820233314546028641e-03 2.036975856544453751e-03
1.620162634408602287e+02 1.813120317952496676e-03 2.029379749013390365e-03
1.621412634408602287e+02 1.806045053181892096e-03 2.021814516012060154e-03
1.622662634408602287e+02 1.799007395070008645e-03 2.014280074401181633e-03
1.623912634408602287e+02 1.792007218233766103e-03 2.006776340967639152e-03
1.625162634408602287e+02 1.785044397078166091e-03 1.999303232426885915e-03
1.626412634408602287e+02 1.778118805802259743e-03 1.991860665425630207e-03
1.627662634408602287e+02 1.771230318404182951e-03 1.984448556544570180e-03
1.628912634408602287e+02 1.764378808688135810e-03 1.977066822301018923e-03
1.630162634408602287e+02 1.757564150270196114e-03 1.969715379151353030e-03
1.631412634408602287e+02 1.750786216582952580e-03 1.962394143493767333e-03
1.632662634408602287e+02 1.744044880883202251e-03 1.955103031670625460e-03
1.633912634408602287e+02 1.737340016255970723e-03 1.947841959971294799e-03
1.635162634408602287e+02 1.730671495621730538e-03 1.940610844634431571e-03
1.636412634408602287e+02 1.724039191741110746e-03 1.933409601850457791e-03
1.637662634408602287e+02 1.717442977220842888e-03 1.926238147764235782e-03
1.638912634408602287e+02 1.710882724519704372e-03 1.919096398477326999e-03
1.640162634408602287e+02 1.704358305953952496e-03 1.911984270050711429e-03
1.641412634408602287e+02 1.697869593702477659e-03 1.904901678506898529e-03
1.642662634408602287e+02 1.691416459812860804e-03 1.897848539832472500e-03
1.643912634408602287e+02 1.684998776206471545e-03 1.890824769980534127e-03
1.645162634408602287e+02 1.678616414684369704e-03 1.883830284873070412e-03
1.646412634408602287e+02 1.672269246932496034e-03 1.876865000403144012e-03
1.647662634408602287e+02 1.665957144526471765e-03 1.869928832437440895e-03
1.648912634408602287e+02 1.659679978938028138e-03 1.863021696818375648e-03
1.650162634408602287e+02 1.653437621539710113e-03 1.856143509366670356e-03
1.651412634408602287e+02 1.647229943609515015e-03 1.849294185883364932e-03
1.652662634408602287e+02 1.641056816337498796e-03 1.842473642152133405e-03
1.653912634408602287e+02 1.634918110830162283e-03 1.835681793941625799e-03
1.655162634408602287e+02 1.628813698115075086e-03 1.828918557007756882e-03
1.656412634408602287e+02 1.622743449147459301e-03 1.822183847095589209e-03
1.657662634408602287e+02 1.616707234813413501e-03 1.815477579941920027e-03
1.658912634408602287e+02 1.610704925936604645e-03 1.808799671277122687e-03
1.660162634408602287e+02 1.604736393282563470e-03 1.802150036827549449e-03
1.661412634408602287e+02 1.598801507563362171e-03 1.795528592317621828e-03
1.662662634408602287e+02 1.592900139442922445e-03 1.788935253471794513e-03
1.663912634408602287e+02 1.587032159542264972e-03 1.782369936016784274e-03
1.665162634408602287e+02 1.581197438443248619e-03 1.775832555683705839e-03
1.666412634408602287e+02 1.575395846694822161e-03 1.769323028210055115e-03
1.667662634408602287e+02 1.569627254816457086e-03 1.762841269341785437e-03
1.668912634408602287e+02 1.563891533303753134e-03 1.756387194835295562e-03
1.670162634408602287e+02 1.558188552633207706e-03 1.749960720459530416e-03
1.671412634408602287e+02 1.552518183265915591e-03 1.743561761998066234e-03
1.672662634408602287e+02 1.546880295653317843e-03 1.737190235250808635e-03
1.673912634408602287e+02 1.541274760241649827e-03 1.730846056036227168e-03
1.675162634408602287e+02 1.535701447475423895e-03 1.724529140193211459e-03
1.676412634408602287e+02 1.530160227803391412e-03 1.718239403583037743e-03
1.677662634408602287e+02 1.524650971682169629e-03 1.711976762091240410e-03
1.678912634408602287e+02 1.519173549581081563e-03 1.705741131629521503e-03
1.680162634408602287e+02 1.513727831986221538e-03 1.699532428137708138e-03
1.681412634408602287e+02 1.508313689405144792e-03 1.693350567585533845e-03
1.682662634408602287e+02 1.502930992371172411e-03 1.687195465974620275e-03
1.683912634408602287e+02 1.497579611447696912e-03 1.681067039340163570e-03
1.685162634408602287e+02 1.492259417232299828e-03 1.674965203752874429e-03
1.686412634408602287e+02 1.486970280361087429e-03 1.668889875320662313e-03
1.687662634408602287e+02 1.481712071513364070e-03 1.662840970190661381e-03
1.688912634408602287e+02 1.476484661414739731e-03 1.656818404550713681e-03
1.690162634408602287e+02 1.471287920842557096e-03 1.650822094631346952e-03
1.691412634408602287e+02 1.466121720628775753e-03 1.644851956707441692e-03
1.692662634408602287e+02 1.460985931665174627e-03 1.638907907099970435e-03
1.693912634408602287e+02 1.455880424906822726e-03 1.632989862177689324e-03
1.695162634408602287e+02 1.450805071375420221e-03 1.627097738358912514e-03
1.696412634408602287e+02 1.445759742164779305e-03 1.621231452113119182e-03
1.697662634408602287e+02 1.440744308443634662e-03 1.615390919962600424e-03
1.698912634408602287e+02 1.435758641459563070e-03 1.609576058484285272e-03
1.700162634408602287e+02 1.430802612543720506e-03 1.603786784311141264e-03
1.701412634408602287e+02 1.425876093113721127e-03 1.598023014133994821e-03
1.702662634408602287e+02 1.420978954677686338e-03 1.592284664703078620e-03
1.703912634408602287e+02 1.416111068838510909e-03 1.586571652829545142e-03
1.705162634408602287e+02 1.411272307297027108e-03 1.580883895387187295e-03
1.706412634408602287e+02 1.406462541855754310e-03 1.575221309313912070e-03
1.707662634408602287e+02 1.401681644423149282e-03 1.569583811613329974e-03
1.708912634408602287e+02 1.396929487016315176e-03 1.563971319356304360e-03
1.710162634408602287e+02 1.392205941765213431e-03 1.558383749682462150e-03
1.711412634408602287e+02 1.387510880916494049e-03 1.552821019801577714e-03
1.712662634408602287e+02 1.382844176835909241e-03 1.547283046995301522e-03
1.713912634408602287e+02 1.378205702013362774e-03 1.541769748618533392e-03
1.715162634408602287e+02 1.373595329064762225e-03 1.536281042100863829e-03
1.716412634408602287e+02 1.369012930736716394e-03 1.530816844948045723e-03
1.717662634408602287e+02 1.364458379909780318e-03 1.525377074743346347e-03
1.718912634408602287e+02 1.359931549600626281e-03 1.519961649149209875e-03
1.720162634408602287e+02 1.355432312967003606e-03 1.514570485908446097e-03
1.721412634408602287e+02 1.350960543310186562e-03 1.509203502845718817e-03
1.722662634408602287e+02 1.346516114078045480e-03 1.503860617868950107e-03
1.723912634408602287e+02 1.342098898868996715e-03 1.498541748970535700e-03
1.725162634408602287e+02 1.337708771434821357e-03 1.493246814228963489e-03
1.726412634408602287e+02 1.333345605683546389e-03 1.487975731809991617e-03
1.727662634408602287e+02 1.329009275683213157e-03 1.482728419967979444e-03
1.728912634408602287e+02 1.324699655664502438e-03 1.477504797047205290e-03
1.730162634408602287e+02 1.320416620024186328e-03 1.472304781483338345e-03
1.731412634408602287e+02 1.316160043328006794e-03 1.467128291804406645e-03
1.732662634408602287e+02 1.311929800313520623e-03 1.461975246632412099e-03
1.733912634408602287e+02 1.307725765893319502e-03 1.456845564684332728e-03
1.735162634408602287e+02 1.303547815158144930e-03 1.451739164773634908e-03
1.736412634408602287e+02 1.299395823379278017e-03 1.446655965811310300e-03
1.737662634408602287e+02 1.295269666012210377e-03 1.441595886807032698e-03
1.738912634408602287e+02 1.291169218698485100e-03 1.436558846870688915e-03
1.740162634408602287e+02 1.287094357269742131e-03 1.431544765213280199e-03
1.741412634408602287e+02 1.283044957749832245e-03 1.426553561148335590e-03
1.742662634408602287e+02 1.279020896357024482e-03 1.421585154092960129e-03
1.743912634408602287e+02 1.275022049508433598e-03 1.416639463568875046e-03
1.745162634408602287e+02 1.271048293821080196e-03 1.411716409203865380e-03
1.746412634408602287e+02 1.267099506115261726e-03 1.406815910732798700e-03
1.747662634408602287e+02 1.263175563417325443e-03 1.401937887998651192e-03
1.748912634408602287e+02 1.259276342962280032e-03 1.397082260953723485e-03
1.750162634408602287e+02 1.255401722195934955e-03 1.392248949660747403e-03
1.751412634408602287e+02 1.251551578778181250e-03 1.387437874293925930e-03
1.752662634408602287e+02 1.247725790584852451e-03 1.382648955140086807e-03
1.753912634408602287e+02 1.243924235710700292e-03 1.377882112599657441e-03
1.755162634408602287e+02 1.240146792471927620e-03 1.373137267187820015e-03
1.756412634408602287e+02 1.236393339408123045e-03 1.368414339535554058e-03
1.757662634408602287e+02 1.232663755285201513e-03 1.363713250390504025e-03
1.758912634408602287e+02 1.228957919097865229e-03 1.359033920618207478e-03
1.760162634408602287e+02 1.225275710071184639e-03 1.354376271203050052e-03
1.761412634408602287e+02 1.221617007664164371e-03 1.349740223249169249e-03
1.762662634408602287e+02 1.217981691570828090e-03 1.345125697981648574e-03
1.763912634408602287e+02 1.214369641723422530e-03 1.340532616747179551e-03
1.765162634408602287e+02 1.210780738294432377e-03 1.335960901015332191e-03
1.766412634408602287e+02 1.207214861698366381e-03 1.331410472379349064e-03
1.767662634408602287e+02 1.203671892594604474e-03 1.326881252557161189e-03
1.768912634408602287e+02 1.200151711889415902e-03 1.322373163392270585e-03
1.770162634408602287e+02 1.196654200737634535e-03 1.317886126854701107e-03
1.771412634408602287e+02 1.193179240545372407e-03 1.313420065041804880e-03
1.772662634408602287e+02 1.189726712972104423e-03 1.308974900179398762e-03
1.773912634408602287e+02 1.186296499932010815e-03 1.304550554622444783e-03
1.775162634408602287e+02 1.182888483597058877e-03 1.300146950855993839e-03
1.776412634408602287e+02 1.179502546398292738e-03 1.295764011496076040e-03
1.777662634408602287e+02 1.176138571027995471e-03 1.291401659290492823e-03
1.778912634408602287e+02 1.172796440442002352e-03 1.287059817119778427e-03
1.780162634408602287e+02 1.169476037860964820e-03 1.282738407997917199e-03
1.781412634408602287e+02 1.166177246772903990e-03 1.278437355073241749e-03
1.782662634408602287e+02 1.162899950934957738e-03 1.274156581629261927e-03
1.783912634408602287e+02 1.159644034374835483e-03 1.269896011085354381e-03
1.785162634408602287e+02 1.156409381393365843e-03 1.265655566997735083e-03
1.786412634408602287e+02 1.153195876565379615e-03 1.261435173060107030e-03
1.787662634408602287e+02 1.150003404742559699e-03 1.257234753104462342e-03
1.788912634408602287e+02 1.146831851054458309e-03 1.253054231101948099e-03
1.790162634408602287e+02 1.143681100910327528e-03 1.248893531163494967e-03
1.791412634408602287e+02 1.140551040001173662e-03 1.244752577540575705e-03
1.792662634408602287e+02 1.137441554301282928e-03 1.240631294626001399e-03
1.793912634408602287e+02 1.134352530069449635e-03 1.236529606954675205e-03
1.795162634408602287e+02 1.131283853851607329e-03 1.232447439204215544e-03
1.796412634408602287e+02 1.128235412481309310e-03 1.228384716195740850e-03
1.797662634408602287e+02 1.125207093082090026e-03 1.224341362894410369e-03
1.798912634408602287e+02 1.122198783069038247e-03 1.220317304410419891e-03
1.800162634408602287e+02 1.119210370149520666e-03 1.216312465999389242e-03
1.801412634408602287e+02 1.116241742325796774e-03 1.212326773063132721e-03
1.802662634408602287e+02 1.113292787896003966e-03 1.208360151150437772e-03
1.803912634408602287e+02 1.110363395455206187e-03 1.204412525957400653e-03
1.805162634408602287e+02 1.107453453897747075e-03 1.200483823328483751e-03
1.806412634408602287e+02 1.104562852417999156e-03 1.196573969256818941e-03
1.807662634408602287e+02 1.101691480511990135e-03 1.192682889884999920e-03
1.808912634408602287e+02 1.098839227978870917e-03 1.188810511505626914e-03
1.810162634408602287e+02 1.096005984921980935e-03 1.184956760561933558e-03
1.811412634408602287e+02 1.093191641750568353e-03 1.181121563648386032e-03
1.812662634408602287e+02 1.090396089180915677e-03 1.177304847511291292e-03
1.813912634408602287e+02 1.087619218237503111e-03 1.173506539049290606e-03
1.815162634408602287e+02 1.084860920254432544e-03 1.169726565314109165e-03
1.816412634408602287e+02 1.082121086876985548e-03 1.165964853510937510e-03
1.817662634408602287e+02 1.079399610061899635e-03 1.162221330998979051e-03
1.818912634408602287e+02 1.076696382079725097e-03 1.158495925292173665e-03
1.820162634408602287e+02 1.074011295515290990e-03 1.154788564059625305e-03
1.821412634408602287e+02 1.071344243268956527e-03 1.151099175126077314e-03
1.822662634408602287e+02 1.068695118558110743e-03 1.147427686472555792e-03
1.823912634408602287e+02 1.066063814917636099e-03 1.143774026236716104e-03
1.825162634408602287e+02 1.063450226201741655e-03 1.140138122713502513e-03
1.826412634408602287e+02 1.060854246584513622e-03 1.136519904355621970e-03
1.827662634408602287e+02 1.058275770561135096e-03 1.132919299773938555e-03
1.828912634408602287e+02 1.055714692949096889e-03 1.129336237738058071e-03
1.830162634408602287e+02 1.053170908888888388e-03 1.125770647176631408e-03
1.831412634408602287e+02 1.050644313845176727e-03 1.122222457178088115e-03
1.832662634408602287e+02 1.048134803607823559e-03 1.118691596990847815e-03
1.833912634408602287e+02 1.045642274292691697e-03 1.115177996023864479e-03
1.835162634408602287e+02 1.043166622342717609e-03 1.111681583847073766e-03
1.836412634408602287e+02 1.040707744528821714e-03 1.108202290191847520e-03
1.837662634408602287e+02 1.038265537950516185e-03 1.104740044951270242e-03
1.838912634408602287e+02 1.035839900037241771e-03 1.101294778180767495e-03
1.840162634408602287e+02 1.033430728548977119e-03 1.097866420098355701e-03
1.841412634408602287e+02 1.031037921576795618e-03 1.094454901085101196e-03
1.842662634408602287e+02 1.028661377544447470e-03 1.091060151685615057e-03
1.843912634408602287e+02 1.026300995208144799e-03 1.087682102608136369e-03
1.845162634408602287e+02 1.023956673658187088e-03 1.084320684725262329e-03
1.846412634408602287e+02 1.021628312319620372e-03 1.080975829074106321e-03
1.847662634408602287e+02 1.019315810952171756e-03 1.077647466856769109e-03
1.848912634408602287e+02 1.017019069652056341e-03 1.074335529440630273e-03
1.850162634408602287e+02 1.014737988852032523e-03 1.071039948358649182e-03
1.851412634408602287e+02 1.012472469322103687e-03 1.067760655309845296e-03
1.852662634408602287e+02 1.010222412170448236e-03 1.064497582159565315e-03
1.853912634408602287e+02 1.007987718844038016e-03 1.061250660939780030e-03
1.855162634408602287e+02 1.005768291128924770e-03 1.058019823849455556e-03
1.856412634408602287e+02 1.003564031151315226e-03 1.054805003254844116e-03
1.857662634408602287e+02 1.001374841377718336e-03 1.051606131689742729e-03
1.858912634408602287e+02 9.992006246159752629e-04 1.048691117371030896e-03
1.860162634408602287e+02 9.970412840156293172e-04 1.045944380702925605e-03
1.861412634408602287e+02 9.948967230680471653e-04 1.043212544405927632e-03
1.862662634408602287e+02 9.927668456076838791e-04 1.040495532109788094e-03
1.863912634408602287e+02 9.906515558123082325e-04 1.037793267688028390e-03
1.865162634408602287e+02 9.885507582030068213e-04 1.035105675257771279e-03
1.866412634408602287e+02 9.864643576455037546e-04 1.032432679180299902e-03
1.867662634408602287e+02 9.843922593498173959e-04 1.029774204060859150e-03
1.868912634408602287e+02 9.823343688713614789e-04 1.027130174748810921e-03
1.870162634408602287e+02 9.802905921109715624e-04 1.024500516338195961e-03
1.871412634408602287e+02 9.782608353152957761e-04 1.021885154167252252e-03
1.872662634408602287e+02 9.762450050775751216e-04 1.019284013819009163e-03
1.873912634408602287e+02 9.742430083375754925e-04 1.016697021120991241e-03
1.875162634408602287e+02 9.722547523820955148e-04 1.014124102145571877e-03
1.876412634408602287e+02 9.702801448454095520e-04 1.011565183210200126e-03
1.877662634408602287e+02 9.683190937095501397e-04 1.009020190876946639e-03
1.878912634408602287e+02 9.663715073045329573e-04 1.006489051953170883e-03
1.880162634408602287e+02 9.644372943087802094e-04 1.003971693491137332e-03
1.881412634408602287e+02 9.625163637492322984e-04 1.001468042788330971e-03
1.882662634408602287e+02 9.606086250017864927e-04 9.989780273873950615e-04
1.883912634408602287e+02 9.587139877915949737e-04 9.965015750761558634e-04
1.885162634408602287e+02 9.568323621929531635e-04 9.940386138877984907e-04
1.886412634408602287e+02 9.549636586299510045e-04 9.915890721005475063e-04
1.887662634408602287e+02 9.531077878765011491e-04 9.891528782381970968e-04
1.888912634408602287e+02 9.512646610562079880e-04 9.867299610696492022e-04
1.890162634408602287e+02 9.494341896433207721e-04 9.843202496090004694e-04
1.891412634408602287e+02 9.476162854619024634e-04 9.819236731158900635e-04
1.892662634408602287e+02 9.458108606869876627e-04 9.795401610949768662e-04
1.893912634408602287e+02 9.440178278439814198e-04 9.771696432963421480e-04
1.895162634408602287e+02 9.422370998090159357e-04 9.748120497150763791e-04
1.896412634408602287e+02 9.404685898091499473e-04 9.724673105916850462e-04
1.897662634408602287e+02 9.387122114224126382e-04 9.701353564115737646e-04
1.898912634408602287e+02 9.369678785776986872e-04 9.678161179052263046e-04
1.900162634408602287e+02 9.352355055550808441e-04 9.655095260483658121e-04
1.901412634408602287e+02 9.335043988178917283e-04 9.632155120614111898e-04
1.902662634408602287e+02 9.315852443041144470e-04 9.610254309193431857e-04
1.903912634408602287e+02 9.296781667294383867e-04 9.589924571382328492e-04
1.905162634408602287e+02 9.277830892079212731e-04 9.569713604168612149e-04
1.906412634408602287e+02 9.258999351513041510e-04 9.549620665691845815e-04
1.907662634408602287e+02 9.240286282696289454e-04 9.529645017046581160e-04
1.908912634408602287e+02 9.221690925708563892e-04 9.509785922281783913e-04
1.910162634408602287e+02 9.203212523607276789e-04 9.490152112482208406e-04
1.911412634408602287e+02 9.184850322425640052e-04 9.470755092702388489e-04
1.912662634408602287e+02 9.166603571179481914e-04 9.451471973840193082e-04
1.913912634408602287e+02 9.148471521855717527e-04 9.432302024253786310e-04
1.915162634408602287e+02 9.130453429420675631e-04 9.413244515304908418e-04
1.916412634408602287e+02 9.112548551810685515e-04 9.394298721355641597e-04
1.917662634408602287e+02 9.094756149935324203e-04 9.375463919764192439e-04
1.918912634408602287e+02 9.077075487679104552e-04 9.356739390886490045e-04
1.920162634408602287e+02 9.059505831891499512e-04 9.338124418070971018e-04
1.921412634408602287e+02 9.042046452394444803e-04 9.319618287656534659e-04
1.922662634408602287e+02 9.024696621975712273e-04 9.301220288971245170e-04
1.923912634408602287e+02 9.007455616387742212e-04 9.282929714329192896e-04
1.925162634408602287e+02 8.990322714344803822e-04 9.264745859025721661e-04
1.926412634408602287e+02 8.973297197526266264e-04 9.246668021339728366e-04
1.927662634408602287e+02 8.956378350569239085e-04 9.228695502525569418e-04
1.928912634408602287e+02 8.935240998925722197e-04 9.210827606813676554e-04
1.930162634408602287e+02 8.911406917921324859e-04 9.193063641404603491e-04
1.931412634408602287e+02 8.887695564258700888e-04 9.175402916469357689e-04
1.932662634408602287e+02 8.864106367138949519e-04 9.157844745143592282e-04
1.933912634408602287e+02 8.840638757514805929e-04 9.140388443526579337e-04
1.935162634408602287e+02 8.817292168090542582e-04 9.123033330675075440e-04
1.936412634408602287e+02 8.794066033321838033e-04 9.105778728602920537e-04
1.937662634408602287e+02 8.770959789414213515e-04 9.088623962276272871e-04
1.938912634408602287e+02 8.747972874324609367e-04 9.071568359610084238e-04
1.940162634408602287e+02 8.725104727759055078e-04 9.054611251464628370e-04
1.941412634408602287e+02 8.702354791173136589e-04 9.037751971643141714e-04
1.942662634408602287e+02 8.679722507771301309e-04 9.020989856884852011e-04
1.943912634408602287e+02 8.657207322505819456e-04 9.004324246865859751e-04
1.945162634408602287e+02 8.634808682076618169e-04 8.987754484190455884e-04
1.946412634408602287e+02 8.612526034930741582e-04 8.971279914391724637e-04
1.947662634408602287e+02 8.590358831260853532e-04 8.954899885924079862e-04
1.948912634408602287e+02 8.568306523005766659e-04 8.938613750160635850e-04
1.950162634408602287e+02 8.546368563847969333e-04 8.922420861391500797e-04
1.951412634408602287e+02 8.524544409214205708e-04 8.906320576814142579e-04
1.952662634408602287e+02 8.502833516274041319e-04 8.890312256534440433e-04
1.953912634408602287e+02 8.481235343939254843e-04 8.874395263559473924e-04
1.955162634408602287e+02 8.459749352862391781e-04 8.858568963793965684e-04
1.956412634408602287e+02 8.438375005436477136e-04 8.842832726036379360e-04
1.957662634408602287e+02 8.417111765792701728e-04 8.827185921974136122e-04
1.958912634408602287e+02 8.395959099801493389e-04 8.811627926179075102e-04
1.960162634408602287e+02 8.374916475069438910e-04 8.796158116101581359e-04
1.961412634408602287e+02 8.353983360939212484e-04 8.780775872069476740e-04
1.962662634408602287e+02 8.333159228488503430e-04 8.765480577279682363e-04
1.963912634408602287e+02 8.312443550527490004e-04 8.750271617794999623e-04
1.965162634408602287e+02 8.291835801599819512e-04 8.735148382538735802e-04
1.966412634408602287e+02 8.271335457979594238e-04 8.720110263291954529e-04
1.967662634408602287e+02 8.250941997670678627e-04 8.705156654685481960e-04
1.968912634408602287e+02 8.230654900405585820e-04 8.690286954196994613e-04
1.970162634408602287e+02 8.210473647643632333e-04 8.675500562145500773e-04
1.971412634408602287e+02 8.190397722569955777e-04 8.660796881685566039e-04
1.972662634408602287e+02 8.170426610094134665e-04 8.646175318804685209e-04
1.973912634408602287e+02 8.150559796848249857e-04 8.632518489280636888e-04
1.975162634408602287e+02 8.130796771186299095e-04 8.619583023670363735e-04
1.976412634408602287e+02 8.111137023181751041e-04 8.606724601253270971e-04
1.977662634408602287e+02 8.091580044626020887e-04 8.593942594674427353e-04
1.978912634408602287e+02 8.072125329027874047e-04 8.581236379743822223e-04
1.980162634408602287e+02 8.052772371611084277e-04 8.568605335437016026e-04
1.981412634408602287e+02 8.033520669312837733e-04 8.556048843883746428e-04
1.982662634408602287e+02 8.014369720782312662e-04 8.543566290365874841e-04
1.983912634408602287e+02 7.995319026378392823e-04 8.531157063309438137e-04
1.985162634408602287e+02 7.976368088168737241e-04 8.518820554281525056e-04
1.986412634408602287e+02 7.957516409928038978e-04 8.506556157980196386e-04
1.987662634408602287e+02 7.938763497135367751e-04 8.494363272233054893e-04
1.988912634408602287e+02 7.920108856973244026e-04 8.482241297986074791e-04
1.990162634408602287e+02 7.901551998324833105e-04 8.470189639302604274e-04
1.991412634408602287e+02 7.883092431773717438e-04 8.458207703352777201e-04
1.992662634408602287e+02 7.864729669600208171e-04 8.446294900410774393e-04
1.993912634408602287e+02 7.846463225780617645e-04 8.434450643847393606e-04
1.995162634408602287e+02 7.828292615984758143e-04 8.422674350120215809e-04
1.996412634408602287e+02 7.810217357574597476e-04 8.410965438773053329e-04
1.997662634408602287e+02 7.792236969600948920e-04 8.399323332425094818e-04
1.998912634408602287e+02 7.774350972802915012e-04 8.387747456767014054e-04
2.000162634408602287e+02 7.756558889605205242e-04 8.376237240551374745e-04
2.001412634408602287e+02 7.738860244116209418e-04 8.364792115590850277e-04
2.002662634408602287e+02 7.721254562125643870e-04 8.353411516744155101e-04
2.003912634408602287e+02 7.703741371102298474e-04 8.342094881917841258e-04
2.005162634408602287e+02 7.686320200192563222e-04 8.330841652051787418e-04
2.006412634408602287e+02 7.668990580217762169e-04 8.319651271119265015e-04
2.007662634408602287e+02 7.651752043672079354e-04 8.308523186113681708e-04
2.008912634408602287e+02 7.634604124720645183e-04 8.297456847045957609e-04
2.010162634408602287e+02 7.617546359196156972e-04 8.286451706935663020e-04
2.011412634408602287e+02 7.600578284598033269e-04 8.275507221805362143e-04
2.012662634408602287e+02 7.583699440089759726e-04 8.264622850670913816e-04
2.013912634408602287e+02 7.566909366495811048e-04 8.253798055537713658e-04
2.015162634408602287e+02 7.550207606299967232e-04 8.243032301391428488e-04
2.016412634408602287e+02 7.533593703643319713e-04 8.232325056189948283e-04
2.017662634408602287e+02 7.517067204320780236e-04 8.221675790859305248e-04
2.018912634408602287e+02 7.500627655779618271e-04 8.211083979282817694e-04
2.020162634408602287e+02 7.484274607116805792e-04 8.200549098297030791e-04
2.021412634408602287e+02 7.468007609076305698e-04 8.190070627679852137e-04
2.022662634408602287e+02 7.451826214047349009e-04 8.179648050149130375e-04
2.023912634408602287e+02 7.435729976060539330e-04 8.169280851349635005e-04
2.025162634408602287e+02 7.419718450786958385e-04 8.158968519849550075e-04
2.026412634408602287e+02 7.403791195534653201e-04 8.148710547129060788e-04
2.027662634408602287e+02 7.387947769246236765e-04 8.138506427578229546e-04
2.028912634408602287e+02 7.372187732497029709e-04 8.128355658482182495e-04
2.030162634408602287e+02 7.356510647490816738e-04 8.118257740020348419e-04
2.031412634408602287e+02 7.340916078059123466e-04 8.108212175254256044e-04
2.032662634408602287e+02 7.325403589657636383e-04 8.098218470122523936e-04
2.033912634408602287e+02 7.309972749363703769e-04 8.088276133430360006e-04
2.035162634408602287e+02 7.294623125873551462e-04 8.078384676844034247e-04
2.036412634408602287e+02 7.279354289499943148e-04 8.068543614881990445e-04
2.037662634408602287e+02 7.264165812168715255e-04 8.058752464907857410e-04
2.038912634408602287e+02 7.249057267417203772e-04 8.049010747121764517e-04
2.040162634408602287e+02 7.234028230390866961e-04 8.039317984552061657e-04
2.041412634408602287e+02 7.219078277840393788e-04 8.029673703048097362e-04
2.042662634408602287e+02 7.204206988119381564e-04 8.020077431271467128e-04
2.043912634408602287e+02 7.189413941180552081e-04 8.010528700689550485e-04
2.045162634408602287e+02 7.174698718574751971e-04 8.001027045565612230e-04
2.046412634408602287e+02 7.160060903446490137e-04 7.991572002952393710e-04
2.047662634408602287e+02 7.145500080531614305e-04 7.982163112680857719e-04
2.048912634408602287e+02 7.131015836155125270e-04 7.972799917356992267e-04
2.050162634408602287e+02 7.116607758226969112e-04 7.963481962348948695e-04
2.051412634408602287e+02 7.102275436240374027e-04 7.954208795781896046e-04
2.052662634408602287e+02 7.088018461268359195e-04 7.944979968528376006e-04
2.053912634408602287e+02 7.073836425960887669e-04 7.935795034199907925e-04
2.055162634408602287e+02 7.059728924542186222e-04 7.926653549139143530e-04
2.056412634408602287e+02 7.045695552807759460e-04 7.917555072412407616e-04
2.057662634408602287e+02 7.031735908120562584e-04 7.908499165799546659e-04
2.058912634408602287e+02 7.017849589409313289e-04 7.899485393787303257e-04
2.060162634408602287e+02 7.004036197164927990e-04 7.890513323560277136e-04
2.061412634408602287e+02 6.990295333437479552e-04 7.881582524990819304e-04
2.062662634408602287e+02 6.976626601833227663e-04 7.872692570634295169e-04
2.063912634408602287e+02 6.963029607511217684e-04 7.863843035716840645e-04
2.065162634408602287e+02 6.949503957181113337e-04 7.855033498129947644e-04
2.066412634408602287e+02 6.936049259099606908e-04 7.846263538419793364e-04
2.067662634408602287e+02 6.922665123067090745e-04 7.837532739779999981e-04
2.068912634408602287e+02 6.909351160425215637e-04 7.828840688041385689e-04
2.070162634408602287e+02 6.896106984052741574e-04 7.820186971667245166e-04
2.071412634408602287e+02 6.882932208363927700e-04 7.811571181739458778e-04
2.072662634408602287e+02 6.869826449304346216e-04 7.802992911954993857e-04
2.073912634408602287e+02 6.856789324347818421e-04 7.794451758612640571e-04
2.075162634408602287e+02 6.843820452493561092e-04 7.785947320609076273e-04
2.076412634408602287e+02 6.830919454263233116e-04 7.777479199425894104e-04
2.077662634408602287e+02 6.818085951696839378e-04 7.769046999124253538e-04
2.078912634408602287e+02 6.805319568350605723e-04 7.760650326334385309e-04
2.080162634408602287e+02 6.792619929293215687e-04 7.752288790246955738e-04
2.081412634408602287e+02 6.779986661103010008e-04 7.743962002605659463e-04
2.082662634408602287e+02 6.767419391864305757e-04 7.735669577696886994e-04
2.083912634408602287e+02 6.754917751164065667e-04 7.727411132342570065e-04
2.085162634408602287e+02 6.742481370089325327e-04 7.719186285889703897e-04
2.086412634408602287e+02 6.730109881223432077e-04 7.710994660202699245e-04
2.087662634408602287e+02 6.717802918643152365e-04 7.702835879654468081e-04
2.088912634408602287e+02 6.705560117915251080e-04 7.694709571118219437e-04
2.090162634408602287e+02 6.693381116092555908e-04 7.686615363956653168e-04
2.091412634408602287e+02 6.681265551711809518e-04 7.678552890016244028e-04
2.092662634408602287e+02 6.669213064789755599e-04 7.670521783615194024e-04
2.093912634408602287e+02 6.657223296819815778e-04 7.662521681536401362e-04
2.095162634408602287e+02 6.645295890768852191e-04 7.654552223018374832e-04
2.096412634408602287e+02 6.633430491074069919e-04 7.646613049747323469e-04
2.097662634408602287e+02 6.621626743639107355e-04 7.638703805845266110e-04
2.098912634408602287e+02 6.609884295831431949e-04 7.630824137865384500e-04
2.100162634408602287e+02 6.598202796478285295e-04 7.622973694778721219e-04
2.101412634408602287e+02 6.586581895863817581e-04 7.615215619592909796e-04
2.102662634408602287e+02 6.575021245725894614e-04 7.608396827035595082e-04
2.103912634408602287e+02 6.563520499251518153e-04 7.601602207994388044e-04
2.105162634408602287e+02 6.552079311075133467e-04 7.594831419241957361e-04
2.106412634408602287e+02 6.540697337274021476e-04 7.588084120040119920e-04
2.107662634408602287e+02 6.529374235365316111e-04 7.581359972128145532e-04
2.108912634408602287e+02 6.518109664302933854e-04 7.574658639713752629e-04
2.110162634408602287e+02 6.506903284473033100e-04 7.567979789464095294e-04
2.111412634408602287e+02 6.495754757691923811e-04 7.561323090496242880e-04
2.112662634408602287e+02 6.484663747201965985e-04 7.554688214366933217e-04
2.113912634408602287e+02 6.473629917668338729e-04 7.548074835063832855e-04
2.115162634408602287e+02 6.462652935175250976e-04 7.541482628995045245e-04
2.116412634408602287e+02 6.451732467222924148e-04 7.534911274981004152e-04
2.117662634408602287e+02 6.440868182723544829e-04 7.528360454244364562e-04
2.118912634408602287e+02 6.430059751998704965e-04 7.521829850398493869e-04
2.120162634408602287e+02 6.419306846775310084e-04 7.515319149441633453e-04
2.121412634408602287e+02 6.408609140182120693e-04 7.508828039744626587e-04
2.122662634408602287e+02 6.397966306746394501e-04 7.502356212041825243e-04
2.123912634408602287e+02 6.387378022390286869e-04 7.495903359422955315e-04
2.125162634408602287e+02 6.376843964427557007e-04 7.489469177320418449e-04
2.126412634408602287e+02 6.366363811559997690e-04 7.483053363503714903e-04
2.127662634408602287e+02 6.355937243873777164e-04 7.476655618067400231e-04
2.128912634408602287e+02 6.345563942836320980e-04 7.470275643421262412e-04
2.130162634408602287e+02 6.335243591292137816e-04 7.463913144282420184e-04
2.131412634408602287e+02 6.324975873459889961e-04 7.457567827665101184e-04
2.132662634408602287e+02 6.314760474928728714e-04 7.451239402869940876e-04
2.133912634408602287e+02 6.304597082654556052e-04 7.444927581475988725e-04
2.135162634408602287e+02 6.294485384956727573e-04 7.438632077331072895e-04
2.136412634408602287e+02 6.284425071514694724e-04 7.432352606540281684e-04
2.137662634408602287e+02 6.274415833363531378e-04 7.426088887459384585e-04
2.138912634408602287e+02 6.264457362891572446e-04 7.419840640682762948e-04
2.140162634408602287e+02 6.254549353836301494e-04 7.413607589035083306e-04
2.141412634408602287e+02 6.244691501280690482e-04 7.407389457562212846e-04
2.142662634408602287e+02 6.234883501649986183e-04 7.401185973519609773e-04
2.143912634408602287e+02 6.225125052707622744e-04 7.394996866365267322e-04
2.145162634408602287e+02 6.215415853552187005e-04 7.388821867749049543e-04
2.146412634408602287e+02 6.205755604613827619e-04 7.382660711502348014e-04
2.147662634408602287e+02 6.196144007650186041e-04 7.376513133630426293e-04
2.148912634408602287e+02 6.186580765743488700e-04 7.370378872300880745e-04
2.150162634408602287e+02 6.177065583296004192e-04 7.364257667836301589e-04
2.151412634408602287e+02 6.167598166027713326e-04 7.358149262702667589e-04
2.152662634408602287e+02 6.158178220971849805e-04 7.352053401500876269e-04
2.153912634408602287e+02 6.148805456471557627e-04 7.345969830957044646e-04
2.155162634408602287e+02 6.139479582176215642e-04 7.339898299913887644e-04
2.156412634408602287e+02 6.130200309038200124e-04 7.333838559319396863e-04
2.157662634408602287e+02 6.120967349308494834e-04 7.327790362219003964e-04
2.158912634408602287e+02 6.111780416533954497e-04 7.321753463745749122e-04
2.160162634408602287e+02 6.102639225553404927e-04 7.315727621109538751e-04
2.161412634408602287e+02 6.093543492494025039e-04 7.309712593590215286e-04
2.162662634408602287e+02 6.084492934767616115e-04 7.303708142524948993e-04
2.163912634408602287e+02 6.075487271066808180e-04 7.297714031301943093e-04
2.165162634408602287e+02 6.066526221362198790e-04 7.291730025349412846e-04
2.166412634408602287e+02 6.057609506897964182e-04 7.285755892124851953e-04
2.167662634408602287e+02 6.048736850188828930e-04 7.279791401108824406e-04
2.168912634408602287e+02 6.039907975016280996e-04 7.273836323792899497e-04
2.170162634408602287e+02 6.031122606424282623e-04 7.267890433671097454e-04
2.171412634408602287e+02 6.022380470716714876e-04 7.261953506231215829e-04
2.172662634408602287e+02 6.013681295453399698e-04 7.256025318943460549e-04
2.173912634408602287e+02 6.005024809446013554e-04 7.250105651254494738e-04
2.175162634408602287e+02 5.996410742755007217e-04 7.244194284574621270e-04
2.176412634408602287e+02 5.987838826685903211e-04 7.238291002269503808e-04
2.177662634408602287e+02 5.979308793785403529e-04 7.232395589652845184e-04
2.178912634408602287e+02 5.970820377838038364e-04 7.226507833973422508e-04
2.180162634408602287e+02 5.962373313862427780e-04 7.220627524409002629e-04
2.181412634408602287e+02 5.953967338107692998e-04 7.214754452055431805e-04
2.182662634408602287e+02 5.945602188049980454e-04 7.208888409918283013e-04
2.183912634408602287e+02 5.937277602388480596e-04 7.203029192902582045e-04
2.185162634408602287e+02 5.928993321042082048e-04 7.197176597803376036e-04
2.186412634408602287e+02 5.920749085145714588e-04 7.191330423297907695e-04
2.187662634408602287e+02 5.912544637046621664e-04 7.185490469935762068e-04
2.188912634408602287e+02 5.904379720301140312e-04 7.179656540129068613e-04
2.190162634408602287e+02 5.896254079670237500e-04 7.173828438144284024e-04
2.191412634408602287e+02 5.888167461116625059e-04 7.168005970091090003e-04
2.192662634408602287e+02 5.880119611801074486e-04 7.162188943915801312e-04
2.193912634408602287e+02 5.872110280078568023e-04 7.156377169390880453e-04
2.195162634408602287e+02 5.864139215494650319e-04 7.150570458105250321e-04
2.196412634408602287e+02 5.856206168782159558e-04 7.144768623456566013e-04
2.197662634408602287e+02 5.848310891856762714e-04 7.138971480641034166e-04
2.198912634408602287e+02 5.840453137814557300e-04 7.133178846643362407e-04
2.200162634408602287e+02 5.832632660927673839e-04 7.127390540231353516e-04
2.201412634408602287e+02 5.824849216640703422e-04 7.121606381942395189e-04
2.202662634408602287e+02 5.817102561567321500e-04 7.115826194077310438e-04
2.203912634408602287e+02 5.809392453486314284e-04 7.110049800690489185e-04
2.205162634408602287e+02 5.801718651338502860e-04 7.104277027579628456e-04
2.206412634408602287e+02 5.794080915222660092e-04 7.098507702279208739e-04
2.207662634408602287e+02 5.786479006392056344e-04 7.092741654049604253e-04
2.208912634408602287e+02 5.778912687251093038e-04 7.086978713868950352e-04
2.210162634408602287e+02 5.771381721351158834e-04 7.081218714423386787e-04
2.211412634408602287e+02 5.763885873387493029e-04 7.075461490099852098e-04
2.212662634408602287e+02 5.756424909195389768e-04 7.069706876973777922e-04
2.213912634408602287e+02 5.748998595746670050e-04 7.063954712804315248e-04
2.215162634408602287e+02 5.741606701146037724e-04 7.058204837023118348e-04
2.216412634408602287e+02 5.734248994627604620e-04 7.052457090725114961e-04
2.217662634408602287e+02 5.726925246550818287e-04 7.046711316661674737e-04
2.218912634408602287e+02 5.719635228397447913e-04 7.040967359228518215e-04
2.220162634408602287e+02 5.712378712767978263e-04 7.035225064460703471e-04
2.221412634408602287e+02 5.705155473377452853e-04 7.029484280021051175e-04
2.222662634408602287e+02 5.697965285052550939e-04 7.023744855192770933e-04
2.223912634408602287e+02 5.690807923727309254e-04 7.018006640870249908e-04
2.225162634408602287e+02 5.683683166440442946e-04 7.012269489549553033e-04
2.226412634408602287e+02 5.676590791330853730e-04 7.006533255321422326e-04
2.227662634408602287e+02 5.669530577634580024e-04 7.000797793860859871e-04
2.228912634408602287e+02 5.662502305681226672e-04 6.995062962419760664e-04
2.230162634408602287e+02 5.655505756889882924e-04 6.989328619817203585e-04
2.231412634408602287e+02 5.648540713766254722e-04 6.983594626431927034e-04
2.232662634408602287e+02 5.641606959898896011e-04 6.977860844191966123e-04
2.233912634408602287e+02 5.634704279955137559e-04 6.972127136567881842e-04
2.235162634408602287e+02 5.627832459678101069e-04 6.966393368563539908e-04
2.236412634408602287e+02 5.620991285883175518e-04 6.960659406706941679e-04
2.237662634408602287e+02 5.614180546453723716e-04 6.954925119043146474e-04
2.238912634408602287e+02 5.607400030338383730e-04 6.949190375122875525e-04
2.240162634408602287e+02 5.600649527547223215e-04 6.943455045997648251e-04
2.241412634408602287e+02 5.593928829148108427e-04 6.937719004209186345e-04
2.242662634408602287e+02 5.587237727263281387e-04 6.931982123780662097e-04
2.243912634408602287e+02 5.580576015065340754e-04 6.926244280209766001e-04
2.245162634408602287e+02 5.573943486774618050e-04 6.920505350459116994e-04
2.246412634408602287e+02 5.567339937654850607e-04 6.914765212947606180e-04
2.247662634408602287e+02 5.560765164010134966e-04 6.909023747543022089e-04
2.248912634408602287e+02 5.554218963181290457e-04 6.903280835553605825e-04
2.250162634408602287e+02 5.547701133541838980e-04 6.897536359718912328e-04
2.251412634408602287e+02 5.541211474495264140e-04 6.891790204202779321e-04
2.252662634408602287e+02 5.534749786471169922e-04 6.886042254582820307e-04
2.253912634408602287e+02 5.528315870921641020e-04 6.880292397844264135e-04
2.255162634408602287e+02 5.521909530317764721e-04 6.874540522371498218e-04
2.256412634408602287e+02 5.515530568146556102e-04 6.868786517938479854e-04
2.257662634408602287e+02 5.509178788906732901e-04 6.863030275701926348e-04
2.258912634408602287e+02 5.502853998105829364e-04 6.857271688193026290e-04
2.260162634408602287e+02 5.496556002256401544e-04 6.851510649307223115e-04
2.261412634408602287e+02 5.490284608872621815e-04 6.845747054299337279e-04
2.262662634408602287e+02 5.484039626467067472e-04 6.839980799773056003e-04
2.263912634408602287e+02 5.477820864546584494e-04 6.834211783674205799e-04
2.265162634408602287e+02 5.471628133609465370e-04 6.828439905281584454e-04
2.266412634408602287e+02 5.465461245141735704e-04 6.822665065199066958e-04
2.267662634408602287e+02 5.459320011613540569e-04 6.816887165348910552e-04
2.268912634408602287e+02 5.453204246476191144e-04 6.811106108961938362e-04
2.270162634408602287e+02 5.447113764157821393e-04 6.805321800571108998e-04
2.271412634408602287e+02 5.441048380060780568e-04 6.799534146002619590e-04
2.272662634408602287e+02 5.435007910558031482e-04 6.793743052367562851e-04
2.273912634408602287e+02 5.428992172989348212e-04 6.787948428055415361e-04
2.275162634408602287e+02 5.423000985658152405e-04 6.782150182725202401e-04
2.276412634408602287e+02 5.417034167828190189e-04 6.776348227298304274e-04
2.277662634408602287e+02 5.411091539719443651e-04 6.770542473949378278e-04
2.278912634408602287e+02 5.405172922505702224e-04 6.764732836100384753e-04
2.280162634408602287e+02 5.399278138310630287e-04 6.758919228410057312e-04
2.281412634408602287e+02 5.393407010204219650e-04 6.753101566769474954e-04
2.282662634408602287e+02 5.387559362199600922e-04 6.747279768291874905e-04
2.283912634408602287e+02 5.381735019249511177e-04 6.741453751306095360e-04
2.285162634408602287e+02 5.375933807243112907e-04 6.735623435348886325e-04
2.286412634408602287e+02 5.370155553002406391e-04 6.729788741155395739e-04
2.287662634408602287e+02 5.364400084278842656e-04 6.723949590654714490e-04
2.288912634408602287e+02 5.358667229750313727e-04 6.718105906959607933e-04
2.290162634408602287e+02 5.352956819017030488e-04 6.712257614360307755e-04
2.291412634408602287e+02 5.347268682598832782e-04 6.706404638316247092e-04
2.292662634408602287e+02 5.341602651931663583e-04 6.700546905449259339e-04
2.293912634408602287e+02 5.335958559363943423e-04 6.694684343534650821e-04
2.295162634408602287e+02 5.330336238153516194e-04 6.688816881495287560e-04
2.296412634408602287e+02 5.324735522464382450e-04 6.682944449393516881e-04
2.297662634408602287e+02 5.319156247362767003e-04 6.677066978423337306e-04
2.298912634408602287e+02 5.313598248814399745e-04 6.671184400904020192e-04
2.300162634408602287e+02 5.308061363681070054e-04 6.665296650270557911e-04
2.301412634408602287e+02 5.302545429717054346e-04 6.659403661068753495e-04
2.302662634408602287e+02 5.297050285566075973e-04 6.653505368947297289e-04
2.303912634408602287e+02 5.291575770757604843e-04 6.647601710648847221e-04
2.305162634408602287e+02 5.286121725704147995e-04 6.641692624004748736e-04
2.306412634408602287e+02 5.280687991697323707e-04 6.635778047926695110e-04
2.307662634408602287e+02 5.275274410905001366e-04 6.629857922398897348e-04
2.308912634408602287e+02 5.269880826367878647e-04 6.623932188472407296e-04
2.310162634408602287e+02 5.264507081995880872e-04 6.618000788257206220e-04
2.311412634408602287e+02 5.259153022565450511e-04 6.612063664914771518e-04
2.312662634408602287e+02 5.253818493716059298e-04 6.606120762651188777e-04
2.313912634408602287e+02 5.248503341946663975e-04 6.600172026709513577e-04
2.315162634408602287e+02 5.243207414612672699e-04 6.594217403363560092e-04
2.316412634408602287e+02 5.237930559922949385e-04 6.588256839910399494e-04
2.317662634408602287e+02 5.232672626935793488e-04 6.582290284663158686e-04
2.318912634408602287e+02 5.227433465556508138e-04 6.576317686944593149e-04
2.320162634408602287e+02 5.222212926533912258e-04 6.570338997078616072e-04
2.321412634408602287e+02 5.217010861456934006e-04 6.564354166385178747e-04
2.322662634408602287e+02 5.211827122751541393e-04 6.558363147172471905e-04
2.323912634408602287e+02 5.206661563677258747e-04 6.552365892729631203e-04
2.325162634408602287e+02 5.201514038324365130e-04 6.546362357320710144e-04
2.326412634408602287e+02 5.196384401610520303e-04 6.540352496177154629e-04
2.327662634408602287e+02 5.191272509277390689e-04 6.534336265490433638e-04
2.328912634408602287e+02 5.186178217887916098e-04 6.528313622407291503e-04
2.330162634408602287e+02 5.181101384822335044e-04 6.522284525020552795e-04
2.331412634408602287e+02 5.176041868275736615e-04 6.516248932363872615e-04
2.332662634408602287e+02 5.170999527254675592e-04 6.510206804404537490e-04
2.333912634408602287e+02 5.165974221573878646e-04 6.504158102036122074e-04
2.335162634408602287e+02 5.160965811853159783e-04 6.498102787072899001e-04
2.336412634408602287e+02 5.155974159514118945e-04 6.492040822242876137e-04
2.337662634408602287e+02 5.150999126777447770e-04 6.485972171180684216e-04
2.338912634408602287e+02 5.146040576659180422e-04 6.479896798421150772e-04
2.340162634408602287e+02 5.141098372967978745e-04 6.473814669393421596e-04
2.341412634408602287e+02 5.136172380301790756e-04 6.467725750412441077e-04
2.342662634408602287e+02 5.131262464045029548e-04 6.461630008675161825e-04
2.343912634408602287e+02 5.126368490364904352e-04 6.455527412251761557e-04
2.345162634408602287e+02 5.121490326208826037e-04 6.449417930080512647e-04
2.346412634408602287e+02 5.116627839301133912e-04 6.443301531960991769e-04
2.347662634408602287e+02 5.111780898139915751e-04 6.437178188546353874e-04
2.348912634408602287e+02 5.106949371994157433e-04 6.431047871339264262e-04
2.350162634408602287e+02 5.102133130900104356e-04 6.424910552683773569e-04
2.351412634408602287e+02 5.097332045658854510e-04 6.418766205759753648e-04
2.352662634408602287e+02 5.092545987833040815e-04 6.412614804575736405e-04
2.353912634408602287e+02 5.087774829743616466e-04 6.406456323964333050e-04
2.355162634408602287e+02 5.083018444466980710e-04 6.400290739573379420e-04
2.356412634408602287e+02 5.078276705831623241e-04 6.394118027861907076e-04
2.357662634408602287e+02 5.073549488415524285e-04 6.387938166093135028e-04
2.358912634408602287e+02 5.068836667542916084e-04 6.381751132327928740e-04
2.360162634408602287e+02 5.064138119281236293e-04 6.375556905419481031e-04
2.361412634408602287e+02 5.059453720438061852e-04 6.369355465005515585e-04
2.362662634408602287e+02 5.054783348558156706e-04 6.363146791504358879e-04
2.363912634408602287e+02 5.050126881920367732e-04 6.356930866107373540e-04
2.365162634408602287e+02 5.045484199534853520e-04 6.350707670773112325e-04
2.366412634408602287e+02 5.040855181139830684e-04 6.344477188221953490e-04
2.367662634408602287e+02 5.036239707198723490e-04 6.338239401928286946e-04
2.368912634408602287e+02 5.031637658897290723e-04 6.331994296117038302e-04
2.370162634408602287e+02 5.027048918140265745e-04 6.325741855756029583e-04
2.371412634408602287e+02 5.022473367548769586e-04 6.319482066550098512e-04
2.372662634408602287e+02 5.017910890457266508e-04 6.313214914936016858e-04
2.373912634408602287e+02 5.013361370910423068e-04 6.306940388075848612e-04
2.375162634408602287e+02 5.008824693660495191e-04 6.300658473851012895e-04
2.376412634408602287e+02 5.004300744163995337e-04 6.294369160857019073e-04
2.377662634408602287e+02 4.999789408579089324e-04 6.288072438397417996e-04
2.378912634408602287e+02 4.995290573762447813e-04 6.281768296477961396e-04
2.380162634408602287e+02 4.990804127266508690e-04 6.275456725801077879e-04
2.381412634408602287e+02 4.986329957336457569e-04 6.269137717759072810e-04
2.382662634408602287e+02 4.981867952907332968e-04 6.262811264429800177e-04
2.383912634408602287e+02 4.977418003601030662e-04 6.256477358570578049e-04
2.385162634408602287e+02 4.972979999723733035e-04 6.250135993611817802e-04
2.386412634408602287e+02 4.968553832262675996e-04 6.243787163652372895e-04
2.387662634408602287e+02 4.964139392883427622e-04 6.237430863453502028e-04
2.388912634408602287e+02 4.959736573927109359e-04 6.231067088432297799e-04
2.390162634408602287e+02 4.955345268407153163e-04 6.224695834658235680e-04
2.391412634408602287e+02 4.950965370007017093e-04 6.218317098845766756e-04
2.392662634408602287e+02 4.946596773077030279e-04 6.211930878349825871e-04
2.393912634408602287e+02 4.942239372631359326e-04 6.205537171160014883e-04
2.395162634408602287e+02 4.937893064345655596e-04 6.199135975894523544e-04
2.396412634408602287e+02 4.933557744553655148e-04 6.192727291796075667e-04
2.397662634408602287e+02 4.929233310244884566e-04 6.186311118725322002e-04
2.398912634408602287e+02 4.924919659061509185e-04 6.179887457156127200e-04
2.400162634408602287e+02 4.920616689295780879e-04 6.173456308169860416e-04
2.401412634408602287e+02 4.916324299887041326e-04 6.167017673449765036e-04
2.402662634408602287e+02 4.912042390419049448e-04 6.160571555276445153e-04
2.403912634408602287e+02 4.907770861116961909e-04 6.154117956521966415e-04
2.405162634408602287e+02 4.903509612844884989e-04 6.147656880645246003e-04
2.406412634408602287e+02 4.899258547103086010e-04 6.141188331685646078e-04
2.407662634408602287e+02 4.895017566024884937e-04 6.134712314259258220e-04
2.408912634408602287e+02 4.890786572374438259e-04 6.128228833551759621e-04
2.410162634408602287e+02 4.886565469543297738e-04 6.121737895315541031e-04
2.411412634408602287e+02 4.882354161548318442e-04 6.115239505862832920e-04
2.412662634408602287e+02 4.878152553028656038e-04 6.108733672061447814e-04
2.413912634408602287e+02 4.873960549243011304e-04 6.102220401329737668e-04
2.415162634408602287e+02 4.869778056067007978e-04 6.095699701630092997e-04
2.416412634408602287e+02 4.865604979990295772e-04 6.089171581466327771e-04
2.417662634408602287e+02 4.861441228114212290e-04 6.082636049876551879e-04
2.418912634408602287e+02 4.857286708148671368e-04 6.076093116429544467e-04
2.420162634408602287e+02 4.853141328409809273e-04 6.069542791218777815e-04
2.421412634408602287e+02 4.849004997817035127e-04 6.062985084858431815e-04
2.422662634408602287e+02 4.844877625890632112e-04 6.056420008477428688e-04
2.423912634408602287e+02 4.840759122748863733e-04 6.049847573715334695e-04
2.425162634408602287e+02 4.836649399105361980e-04 6.043267792717412932e-04
2.426412634408602287e+02 4.832548366266633112e-04 6.036680678129443004e-04
2.427662634408602287e+02 4.828455936129188325e-04 6.030086243093468789e-04
2.428912634408602287e+02 4.824372021177166089e-04 6.023484501241506807e-04
2.430162634408602287e+02 4.820296534479329999e-04 6.016875466692985343e-04
2.431412634408602287e+02 4.816229389686790320e-04 6.010259154048679412e-04
2.432662634408602287e+02 4.812170501030360158e-04 6.003635578385780897e-04
2.433912634408602287e+02 4.808119783317827615e-04 5.997004755254040954e-04
2.435162634408602287e+02 4.804077151931352070e-04 5.990366700670462846e-04
2.436412634408602287e+02 4.800042522824762349e-04 5.983721431114566143e-04
2.437662634408602287e+02 4.796015812521348749e-04 5.977068963524429391e-04
2.438912634408602287e+02 4.791996938110979604e-04 5.970409315291572670e-04
2.440162634408602287e+02 4.787985817247653693e-04 5.963742504256605613e-04
2.441412634408602287e+02 4.783982368146858584e-04 5.957068548704516544e-04
2.442662634408602287e+02 4.779986509583067757e-04 5.950387467359803326e-04
2.443912634408602287e+02 4.775998160887096771e-04 5.943699279382743707e-04
2.445162634408602287e+02 4.772017241943725613e-04 5.937004004364506652e-04
2.446412634408602287e+02 4.768043673189079263e-04 5.930301662322510874e-04
2.447662634408602287e+02 4.764077375608173604e-04 5.923592273696496767e-04
2.448912634408602287e+02 4.760118270732297072e-04 5.916875859343179124e-04
2.450162634408602287e+02 4.756166280636385806e-04 5.910152440532824309e-04
2.451412634408602287e+02 4.752221327936876380e-04 5.903422038944695525e-04
2.452662634408602287e+02 4.748283335788906941e-04 5.896684676662137040e-04
2.453912634408602287e+02 4.744352227883936839e-04 5.889940376168925846e-04
2.455162634408602287e+02 4.740427928447354337e-04 5.883189160344507677e-04
2.456412634408602287e+02 4.736510362235730326e-04 5.876431052459802230e-04
2.457662634408602287e+02 4.732599454534668353e-04 5.869666076173357498e-04
2.458912634408602287e+02 4.728695131156125013e-04 5.862894255526452433e-04
2.460162634408602287e+02 4.724797318436112529e-04 5.856115614939536420e-04
2.461412634408602287e+02 4.720905943232135693e-04 5.849330179207727675e-04
2.462662634408602287e+02 4.717020932920831019e-04 5.842537973496079616e-04
2.463912634408602287e+02 4.713142215395416156e-04 5.835739023336836747e-04
2.465162634408602287e+02 4.709269719063498174e-04 5.828933354624244584e-04
2.466412634408602287e+02 4.705403372844401007e-04 5.822120993610392821e-04
2.467662634408602287e+02 4.701543106166977530e-04 5.815301966901829369e-04
2.468912634408602287e+02 4.697688848967090415e-04 5.808476301455279926e-04
2.470162634408602287e+02 4.693840531685049625e-04 5.801644024573019516e-04
2.471412634408602287e+02 4.689998085263693910e-04 5.794805163899499536e-04
2.472662634408602287e+02 4.686161441145634773e-04 5.787959747417464147e-04
2.473912634408602287e+02 4.682330531270940607e-04 5.781107803443598283e-04
2.475162634408602287e+02 4.678505288074895113e-04 5.774249360624929186e-04
2.476412634408602287e+02 4.674685644485445084e-04 5.767384447934216377e-04
2.477662634408602287e+02 4.670871533921095429e-04 5.760513094666816145e-04
2.478912634408602287e+02 4.667062890288320638e-04 5.753635330436710112e-04
2.480162634408602287e+02 4.663259647979536241e-04 5.746751185172398278e-04
2.481412634408602287e+02 4.659461741870505398e-04 5.739860689113047932e-04
2.482662634408602287e+02 4.655669107318126583e-04 5.732963872805447048e-04
2.483912634408602287e+02 4.651881680157899800e-04 5.726060767098312219e-04
2.485162634408602287e+02 4.648099396702100794e-04 5.719151403140888953e-04
2.486412634408602287e+02 4.644322193737071623e-04 5.712235812377853758e-04
2.487662634408602287e+02 4.640550008521162305e-04 5.705314026545858785e-04
2.488912634408602287e+02 4.636782778782321717e-04 5.698386077669836871e-04
2.490162634408602287e+02 4.633020442715668984e-04 5.691451998059034439e-04
2.491412634408602287e+02 4.629262938981610763e-04 5.684511820304151376e-04
2.492662634408602287e+02 4.625510206703371428e-04 5.677565577273011813e-04
2.493912634408602287e+02 4.621762185464686431e-04 5.670613302107305013e-04
2.495162634408602287e+02 4.618018815307640946e-04 5.663655028218630202e-04
2.496412634408602287e+02 4.614280036730335579e-04 5.656690789285076992e-04
2.497662634408602287e+02 4.610545790684841567e-04 5.649720619248068190e-04
2.498912634408602287e+02 4.606816018574800891e-04 5.642744552308407878e-04
2.500162634408602287e+02 4.603090662253262215e-04 5.635762622923013625e-04
2.501412634408602287e+02 4.599369664020457179e-04 5.628774865800895187e-04
2.502662634408602287e+02 4.595652966621724704e-04 5.621781315900748659e-04
2.503912634408602287e+02 4.591940513245073695e-04 5.614782008426125268e-04
2.505162634408602287e+02 4.588232247519186493e-04 5.607776978823492825e-04
2.506412634408602287e+02 4.584528113511128489e-04 5.600766262777507514e-04
2.507662634408602287e+02 4.580828055724365665e-04 5.593749896208577693e-04
2.508912634408602287e+02 4.577132019096384770e-04 5.586727915269415045e-04
2.510162634408602287e+02 4.573439948996445769e-04 5.579700356340646815e-04
2.511412634408602287e+02 4.569751791223764718e-04 5.572667256029097344e-04
2.512662634408602287e+02 4.566067492005212547e-04 5.565628651163088058e-04
2.513912634408602287e+02 4.562386997993114128e-04 5.558584578790156305e-04
2.515162634408602287e+02 4.558710256263160646e-04 5.551535076173282329e-04
2.516412634408602287e+02 4.555037214312179393e-04 5.544480180787943495e-04
2.517662634408602287e+02 4.551367820056234788e-04 5.537419930318307655e-04
2.518912634408602287e+02 4.547702021828405224e-04 5.530354362654657085e-04
2.520162634408602287e+02 4.544039768376717113e-04 5.523283515890152137e-04
2.521412634408602287e+02 4.540381008861914150e-04 5.516207428317461544e-04
2.522662634408602287e+02 4.536725692855558866e-04 5.509126138425996617e-04
2.523912634408602287e+02 4.533073770337756893e-04 5.502039684897556005e-04
2.525162634408602287e+02 4.529425191695270994e-04 5.494948106605130906e-04
2.526412634408602287e+02 4.525779907719332056e-04 5.487851442608557414e-04
2.527662634408602287e+02 4.522137869603666928e-04 5.480749732151737712e-04
2.528912634408602287e+02 4.518499028942443859e-04 5.473643014659783194e-04
2.530162634408602287e+02 4.514863337727944713e-04 5.466531329735667541e-04
2.531412634408602287e+02 4.511230748348973906e-04 5.459414717157259249e-04
2.532662634408602287e+02 4.507601213588586998e-04 5.452293216874783523e-04
2.533912634408602287e+02 4.503974686622001442e-04 5.445166869007678082e-04
2.535162634408602287e+02 4.500351121014799509e-04 5.438035713841331883e-04
2.536412634408602287e+02 4.496730470720647680e-04 5.430899791824458098e-04
2.537662634408602287e+02 4.493112690079516919e-04 5.423759143565760193e-04
2.538912634408602287e+02 4.489497733815559811e-04 5.416613809831892544e-04
2.540162634408602287e+02 4.485885557035225674e-04 5.409463831544046282e-04
2.541412634408602287e+02 4.482276115225136606e-04 5.402309249774786678e-04
2.542662634408602287e+02 4.478669364250247595e-04 5.395150105746141693e-04
2.543912634408602287e+02 4.475065260351736665e-04 5.387986440825625126e-04
2.545162634408602287e+02 4.471463760145209430e-04 5.380818296524559350e-04
2.546412634408602287e+02 4.467864820618646705e-04 5.373645714494760910e-04
2.547662634408602287e+02 4.464268399130435052e-04 5.366468736525563301e-04
2.548912634408602287e+02 4.460674453407503033e-04 5.359287404541635555e-04
2.550162634408602287e+02 4.457082941543198890e-04 5.352101760600103683e-04
2.551412634408602287e+02 4.453493821995659898e-04 5.344911846887198323e-04
2.552662634408602287e+02 4.449907053585767025e-04 5.337717705716835516e-04
2.553912634408602287e+02 4.446322595495083856e-04 5.330519379526604080e-04
2.555162634408602287e+02 4.442740407264142476e-04 5.323316910876222784e-04
2.556412634408602287e+02 4.439160448790360172e-04 5.316110342444433029e-04
2.557662634408602287e+02 4.435582680326376811e-04 5.308899717026073668e-04
2.558912634408602287e+02 4.432007062477954736e-04 5.301685077529977655e-04
2.560162634408602003e+02 4.428433556202266818e-04 5.294466466976494642e-04
2.561412634408602003e+02 4.424862122805953558e-04 5.287243928494535445e-04
2.562662634408602003e+02 4.421292723943206224e-04 5.280017505319182462e-04
2.563912634408602003e+02 4.417725321613858109e-04 5.272787240789509342e-04
2.565162634408602003e+02 4.414159878161743591e-04 5.265553178344977098e-04
2.566412634408602003e+02 4.410596356272712963e-04 5.258315361524500608e-04
2.567662634408602003e+02 4.407034718972838074e-04 5.251073833962992179e-04
2.568912634408602003e+02 4.403474929626558345e-04 5.243828639389159531e-04
2.570162634408602003e+02 4.399916951934708604e-04 5.236579821623276679e-04
2.571412634408602003e+02 4.396360749932947537e-04 5.229327424573827245e-04
2.572662634408602003e+02 4.392806287989882018e-04 5.222071492236624079e-04
2.573912634408602003e+02 4.389253530805187101e-04 5.214812068691372345e-04
2.575162634408602003e+02 4.385702443407806786e-04 5.207549198099681092e-04
2.576412634408602003e+02 4.382152991154175930e-04 5.200282924702465505e-04
2.577662634408602003e+02 4.378605139726534853e-04 5.193013292817690680e-04
2.578912634408602003e+02 4.375058855131024396e-04 5.185740346838414640e-04
2.580162634408602003e+02 4.371514103695918669e-04 5.178464131230152640e-04
2.581412634408602003e+02 4.367970852069936951e-04 5.171184690528682739e-04
2.582662634408602003e+02 4.364429067220470474e-04 5.163902069337575991e-04
2.583912634408602003e+02 4.360888716431739285e-04 5.156616312326484488e-04
2.585162634408602003e+02 4.357349767303138289e-04 5.149327464228304002e-04
2.586412634408602003e+02 4.353812187747461331e-04 5.142035569837326509e-04
2.587662634408602003e+02 4.350275945989239110e-04 5.134740674007214891e-04
2.588912634408602003e+02 4.346741010562873270e-04 5.127442821648100536e-04
2.590162634408602003e+02 4.343207350310969981e-04 5.120142057725389625e-04
2.591412634408602003e+02 4.339674934382667555e-04 5.112838427256617864e-04
2.592662634408602003e+02 4.336143732231997677e-04 5.105531975310342429e-04
2.593912634408602003e+02 4.332613713616043885e-04 5.098222747003034643e-04
2.595162634408602003e+02 4.329084848593301718e-04 5.090910787497842900e-04
2.596412634408602003e+02 4.325557107521900077e-04 5.083596142001917942e-04
2.597662634408602003e+02 4.322030461058110453e-04 5.076278855764811485e-04
2.598912634408602003e+02 4.318504880154539014e-04 5.068958974075751626e-04
2.600162634408602003e+02 4.314980336058553976e-04 5.061636542262255064e-04
2.601412634408602003e+02 4.311456800310486362e-04 5.054311605687953268e-04
2.602662634408602003e+02 4.307934244742094238e-04 5.046984209750456606e-04
2.603912634408602003e+02 4.304412641474733656e-04 5.039654399879544807e-04
2.605162634408602003e+02 4.300891962918001782e-04 5.032322221534834845e-04
2.606412634408602003e+02 4.297372181767901336e-04 5.024987720204144876e-04
2.607662634408602003e+02 4.293853271005302111e-04 5.017650941401600138e-04
2.608912634408602003e+02 4.290335203894219264e-04 5.010311930665544778e-04
2.610162634408602003e+02 4.286817953980170200e-04 5.002970733556582695e-04
2.611412634408602003e+02 4.283301495088755358e-04 4.995627395656147482e-04
2.612662634408602003e+02 4.279785801323927820e-04 4.988281962563469911e-04
2.613912634408602003e+02 4.276270847066361591e-04 4.980934479895148589e-04
2.615162634408602003e+02 4.272756606971913652e-04 4.973584993282452460e-04
2.616412634408602003e+02 4.269243055970028023e-04 4.966233548369727033e-04
2.617662634408602003e+02 4.265730169262178838e-04 4.958880190812408120e-04
2.618912634408602003e+02 4.262217922320255437e-04 4.951524966275187368e-04
2.620162634408602003e+02 4.258706290884996227e-04 4.944167920430665676e-04
2.621412634408602003e+02 4.255195250964443699e-04 4.936809098957116492e-04
2.622662634408602003e+02 4.251684778832412448e-04 4.929448547536985272e-04
2.623912634408602003e+02 4.248174851026869378e-04 4.922086311854878288e-04
2.625162634408602003e+02 4.244665444348480867e-04 4.914722437595863682e-04
2.626412634408602003e+02 4.241156535858961528e-04 4.907356970444165002e-04
2.627662634408602003e+02 4.237648102879729801e-04 4.899989956081010145e-04
2.628912634408602003e+02 4.234140122990229065e-04 4.892621440183226233e-04
2.630162634408602003e+02 4.230632574026316510e-04 4.885251468421105900e-04
2.631412634408602003e+02 4.227125434078958847e-04 4.877880086457470001e-04
2.632662634408602003e+02 4.223618681492793568e-04 4.870507339945154973e-04
2.633912634408602003e+02 4.220112294864242436e-04 4.863133274526301058e-04
2.635162634408602003e+02 4.216606253040470651e-04 4.855757935829834782e-04
2.636412634408602003e+02 4.213100535117464017e-04 4.848381369470652013e-04
2.637662634408602003e+02 4.209595120438904079e-04 4.841003621047569355e-04
2.638912634408602003e+02 4.206089988594548332e-04 4.833624736141595938e-04
2.640162634408602003e+02 4.202585119418795817e-04 4.826244760314934317e-04
2.641412634408602003e+02 4.199080492989093884e-04 4.818863739108824001e-04
2.642662634408602003e+02 4.195576089624687569e-04 4.811481718042492483e-04
2.643912634408602003e+02 4.192071889884901674e-04 4.804098742611311555e-04
2.645162634408602003e+02 4.188567874567992598e-04 4.796714858285555899e-04
2.646412634408602003e+02 4.185064024709480288e-04 4.789330110508439593e-04
2.647662634408602003e+02 4.181560321580886776e-04 4.781944544695013481e-04
2.648912634408602003e+02 4.178056746688193351e-04 4.774558206230777933e-04
2.650162634408602003e+02 4.174553281770343829e-04 4.767171140469922646e-04
2.651412634408602003e+02 4.171049908798013972e-04 4.759783392734216420e-04
2.652662634408602003e+02 4.167546609972101203e-04 4.752395008310803513e-04
2.653912634408602003e+02 4.164043367722312428e-04 4.745006032451918503e-04
2.655162634408602003e+02 4.160540164705810412e-04 4.737616510372672342e-04
2.656412634408602003e+02 4.157036983805721913e-04 4.730226487249910151e-04
2.657662634408602003e+02 4.153533808129902241e-04 4.722836008220889577e-04
2.658912634408602003e+02 4.150030621009396766e-04 4.715445118381687015e-04
2.660162634408602003e+02 4.146527405997182166e-04 4.708053862785911204e-04
2.661412634408602003e+02 4.143024146866761842e-04 4.700662286443582161e-04
2.662662634408602003e+02 4.139520827610744524e-04 4.693270434319697323e-04
2.663912634408602003e+02 4.136017432439492280e-04 4.685878351332811785e-04
2.665162634408602003e+02 4.132513945779895358e-04 4.678486082353642932e-04
2.666412634408602003e+02 4.129010352273863524e-04 4.671093672203840410e-04
2.667662634408602003e+02 4.125506636777091698e-04 4.663701165655047753e-04
2.668912634408602003e+02 4.122002784357645068e-04 4.656308607427276074e-04
2.670162634408602003e+02 4.118498780294661842e-04 4.648916042187500029e-04
2.671412634408602003e+02 4.114994610077029984e-04 4.641523514548953080e-04
2.672662634408602003e+02 4.111490259402130073e-04 4.634131069069193283e-04
2.673912634408602003e+02 4.107985714174371638e-04 4.626738750249577447e-04
2.675162634408602003e+02 4.104480960504047695e-04 4.619346602533656518e-04
2.676412634408602003e+02 4.100975984705846678e-04 4.611954670305863147e-04
2.677662634408602003e+02 4.097470773297731922e-04 4.604562997890723481e-04
2.678912634408602003e+02 4.093965312999544117e-04 4.597171629551464501e-04
2.680162634408602003e+02 4.090459590731822790e-04 4.589780609488547099e-04
2.681412634408602003e+02 4.086953593614411472e-04 4.582389981839235646e-04
2.682662634408602003e+02 4.083447308965233095e-04 4.574999790675639386e-04
2.683912634408602003e+02 4.079940724298859928e-04 4.567610080004259779e-04
2.685162634408602003e+02 4.076433827325601222e-04 4.560220893764580495e-04
2.686412634408602003e+02 4.072926605949905637e-04 4.552832275827722462e-04
2.687662634408602003e+02 4.069419048269346971e-04 4.545444269995740764e-04
2.688912634408602003e+02 4.065911142573215239e-04 4.538056920000460744e-04
2.690162634408602003e+02 4.062402877341249785e-04 4.530670269502245270e-04
2.691412634408602003e+02 4.058894241242562125e-04 4.523284362089048227e-04
2.692662634408602003e+02 4.055385223134322977e-04 4.515899241275466379e-04
2.693912634408602003e+02 4.051875812060515432e-04 4.508514950501099519e-04
2.695162634408602003e+02 4.048365997250719561e-04 4.501131533130455593e-04
2.696412634408602003e+02 4.044855768118890520e-04 4.493749032451286999e-04
2.697662634408602003e+02 4.041345114262194114e-04 4.487251396497045309e-04
2.698912634408602003e+02 4.037834025459745876e-04 4.480877136613094724e-04
2.700162634408602003e+02 4.034322491671431992e-04 4.474502480011741286e-04
2.701412634408602003e+02 4.030810503036693368e-04 4.468127457315242655e-04
2.702662634408602003e+02 4.027298049873451191e-04 4.461752099148281309e-04
2.703912634408602003e+02 4.023785122676718602e-04 4.455376436137020745e-04
2.705162634408602003e+02 4.020271712117562575e-04 4.449000498908533023e-04
2.706412634408602003e+02 4.016757809041906959e-04 4.442624318088792988e-04
2.707662634408602003e+02 4.013243404469347443e-04 4.436247924302589370e-04
2.708912634408602003e+02 4.009728489592027240e-04 4.429871348171633390e-04
2.710162634408602003e+02 4.006213055773343089e-04 4.423494620313733142e-04
2.711412634408602003e+02 4.002697094546943998e-04 4.417117771342390811e-04
2.712662634408602003e+02 3.999180597615566266e-04 4.410740831864777382e-04
2.713912634408602003e+02 3.995663556849867967e-04 4.404363832481283784e-04
2.715162634408602003e+02 3.992145964287234700e-04 4.397986803784623708e-04
2.716412634408602003e+02 3.988627812130598896e-04 4.391609776358082625e-04
2.717662634408602003e+02 3.985109092747532878e-04 4.385232780775699386e-04
2.718912634408602003e+02 3.981589798668907706e-04 4.378855847599986148e-04
2.720162634408602003e+02 3.978069922587950465e-04 4.372479007381728337e-04
2.721412634408602003e+02 3.974549457358959479e-04 4.366102290659110781e-04
2.722662634408602003e+02 3.971028395996304685e-04 4.359725727956112007e-04
2.723912634408602003e+02 3.967506731673245304e-04 4.353349349781835288e-04
2.725162634408602003e+02 3.963984457720962193e-04 4.346973186630079841e-04
2.726412634408602003e+02 3.960461567627310470e-04 4.340597268977472206e-04
2.727662634408602003e+02 3.956938055035887645e-04 4.334221627283149116e-04
2.728912634408602003e+02 3.953413913744823101e-04 4.327846291987837006e-04
2.730162634408602003e+02 3.949889137705665711e-04 4.321471293512344977e-04
2.731412634408602003e+02 3.946363721022490452e-04 4.315096662257683516e-04
2.732662634408602003e+02 3.942837657950708490e-04 4.308722428603020227e-04
2.733912634408602003e+02 3.939310942895977020e-04 4.302348622905299283e-04
2.735162634408602003e+02 3.935783570413247333e-04 4.295975275499010486e-04
2.736412634408602003e+02 3.932255535205613937e-04 4.289602416693818663e-04
2.737662634408602003e+02 3.928726832123276974e-04 4.283230076774949095e-04
2.738912634408602003e+02 3.925197456162565356e-04 4.276858286002115247e-04
2.740162634408602003e+02 3.921667402464809734e-04 4.270487074608026899e-04
2.741412634408602003e+02 3.918136666315369431e-04 4.264116472798118018e-04
2.742662634408602003e+02 3.914605243142592686e-04 4.257746510749787811e-04
2.743912634408602003e+02 3.911073128516725952e-04 4.251377218610832972e-04
2.745162634408602003e+02 3.907540318149036775e-04 4.245008626499763185e-04
2.746412634408602003e+02 3.904006807890655862e-04 4.238640764503807815e-04
2.747662634408602003e+02 3.900472593731594802e-04 4.232273662678641608e-04
2.748912634408602003e+02 3.896937671799839123e-04 4.225907351048132613e-04
2.750162634408602003e+02 3.893402038360162178e-04 4.219541859602278402e-04
2.751412634408602003e+02 3.889865689813290311e-04 4.213177218297420204e-04
2.752662634408602003e+02 3.886328622694938998e-04 4.206813457055398847e-04
2.753912634408602003e+02 3.882790833674602880e-04 4.200450605762006523e-04
2.755162634408602003e+02 3.879252319554822299e-04 4.194088694267371136e-04
2.756412634408602003e+02 3.875713077270001518e-04 4.187727752384118036e-04
2.757662634408602003e+02 3.872173103885576053e-04 4.181367809887026870e-04
2.758912634408602003e+02 3.868632396596997317e-04 4.175008896512879251e-04
2.760162634408602003e+02 3.865090952728781237e-04 4.168651041958599895e-04
2.761412634408602003e+02 3.861548769733484220e-04 4.162294275881263665e-04
2.762662634408602003e+02 3.858005845190859103e-04 4.155938627897414156e-04
2.763912634408602003e+02 3.854462176806722705e-04 4.149584127581894375e-04
2.765162634408602003e+02 3.850917762412218027e-04 4.143230804467232004e-04
2.766412634408602003e+02 3.847372599962784801e-04 4.136878688043716377e-04
2.767662634408602003e+02 3.843826687537210273e-04 4.130527807757234954e-04
2.768912634408602003e+02 3.840280023336699496e-04 4.124178193010145021e-04
2.770162634408602003e+02 3.836732605683875158e-04 4.117829873159401812e-04
2.771412634408602003e+02 3.833184433022011049e-04 4.111482877516258730e-04
2.772662634408602003e+02 3.829635503913999899e-04 4.105137235346200666e-04
2.773912634408602003e+02 3.826085817041471383e-04 4.098792975867237469e-04
2.775162634408602003e+02 3.822535371203884098e-04 4.092450128249851900e-04
2.776412634408602003e+02 3.818984165317550867e-04 4.086108721616546436e-04
2.777662634408602003e+02 3.815432198414908530e-04 4.079768785040617041e-04
2.778912634408602003e+02 3.811879469643400129e-04 4.073430347545723817e-04
2.780162634408602003e+02 3.808325978264732775e-04 4.067093438105818907e-04
2.781412634408602003e+02 3.804771723653938183e-04 4.060758085643505016e-04
2.782662634408602003e+02 3.801216705298509648e-04 4.054424319030373674e-04
2.783912634408602003e+02 3.797660922797454998e-04 4.048092167085766543e-04
2.785162634408602003e+02 3.794104375860505663e-04 4.041761658576253913e-04
2.786412634408602003e+02 3.790547064307185350e-04 4.035432822215600547e-04
2.787662634408602003e+02 3.786988988066020199e-04 4.029105686663363270e-04
2.788912634408602003e+02 3.783430147173577640e-04 4.022780280524642141e-04
2.790162634408602003e+02 3.779870541773576800e-04 4.016456632349921620e-04
2.791412634408602003e+02 3.776310172116243411e-04 4.010134770633650260e-04
2.792662634408602003e+02 3.772749038557230480e-04 4.003814723814530193e-04
2.793912634408602003e+02 3.769187141556880490e-04 3.997496520274364620e-04
2.795162634408602003e+02 3.765624481679388943e-04 3.991180188337553115e-04
2.796412634408602003e+02 3.762061059591857303e-04 3.984865756271054223e-04
2.797662634408602003e+02 3.758496876063607784e-04 3.978553252283229696e-04
2.798912634408602003e+02 3.754931931965280211e-04 3.972242704523421659e-04
2.800162634408602003e+02 3.751366228268036753e-04 3.965934141081998141e-04
2.801412634408602003e+02 3.747799766042647944e-04 3.959627589989033066e-04
2.802662634408602003e+02 3.744232546458809634e-04 3.953323079213931111e-04
2.803912634408602003e+02 3.740664570784168292e-04 3.947020636665774115e-04
2.805162634408602003e+02 3.737095840383674282e-04 3.940720290191495278e-04
2.806412634408602003e+02 3.733526356718683595e-04 3.934422067576504208e-04
2.807662634408602003e+02 3.729956121346188072e-04 3.928125996543500257e-04
2.808912634408602003e+02 3.726385135918039112e-04 3.921832104752122870e-04
2.810162634408602003e+02 3.722813402180016884e-04 3.915540419798797084e-04
2.811412634408602003e+02 3.719240921971220465e-04 3.909250969215882429e-04
2.812662634408602003e+02 3.713483088920512833e-04 3.902963780471166064e-04
2.813912634408602003e+02 3.707191722238385831e-04 3.896678880967860067e-04
2.815162634408602003e+02 3.700903926283838005e-04 3.890396298043705884e-04
2.816412634408602003e+02 3.694619723838481022e-04 3.884116058970334649e-04
2.817662634408602003e+02 3.688339137620547342e-04 3.877838190953726344e-04
2.818912634408602003e+02 3.682062190285047970e-04 3.871562721132578615e-04
2.820162634408602003e+02 3.675788904422694760e-04 3.865289676578870562e-04
2.821412634408602003e+02 3.669519302560013169e-04 3.859019084296837622e-04
2.822662634408602003e+02 3.663253407158814255e-04 3.852750971222456571e-04
2.823912634408602003e+02 3.656991240615821166e-04 3.846485364223790849e-04
2.825162634408602003e+02 3.650732825262181249e-04 3.840222290099696558e-04
2.826412634408602003e+02 3.644478183363498579e-04 3.833961775579792109e-04
2.827662634408602003e+02 3.638227337118972015e-04 3.827703847324163315e-04
2.828912634408602003e+02 3.631980308661380565e-04 3.821448531922630476e-04
2.830162634408602003e+02 3.625737120056738609e-04 3.815195855894848659e-04
2.831412634408602003e+02 3.619497793303703926e-04 3.808945845689196944e-04
2.832662634408602003e+02 3.613262350333503424e-04 3.802698527682960559e-04
2.833912634408602003e+02 3.607030813009561260e-04 3.796453928182104832e-04
2.835162634408602003e+02 3.600803203127010406e-04 3.790212073420072807e-04
2.836412634408602003e+02 3.594579542412578810e-04 3.783972989558075269e-04
2.837662634408602003e+02 3.588359852524071686e-04 3.777736702684938411e-04
2.838912634408602003e+02 3.581683133973630369e-04 3.771503238815796834e-04
2.840162634408602003e+02 3.574887375053996223e-04 3.765272623892580348e-04
2.841412634408602003e+02 3.568096823688329659e-04 3.759044883783642095e-04
2.842662634408602003e+02 3.561311506368689548e-04 3.752820044282509002e-04
2.843912634408602003e+02 3.554531449470966836e-04 3.746598131108853772e-04
2.845162634408602003e+02 3.547756679254237817e-04 3.740379169907167818e-04
2.846412634408602003e+02 3.540987221860763048e-04 3.734163186246560687e-04
2.847662634408602003e+02 3.534223103316051317e-04 3.727950205621089657e-04
2.848912634408602003e+02 3.527464349528385847e-04 3.721740253448659812e-04
2.850162634408602003e+02 3.520710986288986383e-04 3.715533355070862499e-04
2.851412634408602003e+02 3.513963039271544072e-04 3.709329535753221985e-04
2.852662634408602003e+02 3.507220534032365659e-04 3.703128820684252736e-04
2.853912634408602003e+02 3.500483496010221157e-04 3.696931234975107602e-04
2.855162634408602003e+02 3.493751950526054911e-04 3.690736803660104736e-04
2.856412634408602003e+02 3.487025922783036007e-04 3.684545551695277469e-04
2.857662634408602003e+02 3.480305437866472625e-04 3.678357503959246017e-04
2.858912634408602003e+02 3.473590520743421181e-04 3.672172685251827527e-04
2.860162634408602003e+02 3.466881196263045745e-04 3.665991120294487650e-04
2.861412634408602003e+02 3.460177489155991906e-04 3.659812833730115571e-04
2.862662634408602003e+02 3.453479424034861119e-04 3.653637850122029790e-04
2.863912634408602003e+02 3.446787025393572104e-04 3.647466193954346215e-04
2.865162634408602003e+02 3.440100317607580941e-04 3.641297889631848594e-04
2.866412634408602003e+02 3.433419324934007381e-04 3.635132961478888054e-04
2.867662634408602003e+02 3.426744071510949086e-04 3.628971433739908397e-04
2.868912634408602003e+02 3.420074581358062762e-04 3.622813330579095900e-04
2.870162634408602003e+02 3.413410878375996581e-04 3.616658676079562368e-04
2.871412634408602003e+02 3.406752986346592922e-04 3.610507494243935488e-04
2.872662634408602003e+02 3.400100928932830373e-04 3.604359808993506096e-04
2.873912634408602003e+02 3.393454729678689282e-04 3.598215644167967976e-04
2.875162634408602003e+02 3.386814412009130624e-04 3.592075023525832561e-04
2.876412634408602003e+02 3.380179999230000583e-04 3.585937970743507909e-04
2.877662634408602003e+02 3.373551514527979600e-04 3.579804509415179434e-04
2.878912634408602003e+02 3.366928980970793788e-04 3.573674663053144933e-04
2.880162634408602003e+02 3.360312421506724337e-04 3.567548455086883247e-04
2.881412634408602003e+02 3.353701858965050402e-04 3.561425908863337245e-04
2.882662634408602003e+02 3.347097316055679399e-04 3.555307047646373347e-04
2.883912634408602003e+02 3.340498815369367632e-04 3.549191894616806459e-04
2.885162634408602003e+02 3.333906379377454127e-04 3.543080472872203734e-04
2.886412634408602003e+02 3.327320030431998323e-04 3.536972805426493176e-04
2.887662634408602003e+02 3.320739790765865726e-04 3.530868915209932194e-04
2.888912634408602003e+02 3.314165682492420536e-04 3.524768825068914620e-04
2.890162634408602003e+02 3.307597727605893190e-04 3.518672557765718627e-04
2.891412634408602003e+02 3.301035947981089259e-04 3.512596386272887799e-04
2.892662634408602003e+02 3.294480365373449616e-04 3.507660600935610094e-04
2.893912634408602003e+02 3.287931001419226620e-04 3.502726465416196636e-04
2.895162634408602003e+02 3.281387877635249389e-04 3.497793994186385578e-04
2.896412634408602003e+02 3.274851015419161238e-04 3.492863201705225028e-04
2.897662634408602003e+02 3.268320436049263009e-04 3.487934102418685988e-04
2.898912634408602003e+02 3.261796160684533137e-04 3.483006710759180974e-04
2.900162634408602003e+02 3.255278210365003316e-04 3.478081041145321688e-04
2.901412634408602003e+02 3.248766606011174664e-04 3.473308923234725686e-04
2.902662634408602003e+02 3.242261368424663903e-04 3.469335210733680546e-04
2.903912634408602003e+02 3.235762518287732276e-04 3.465361831394465236e-04
2.905162634408602003e+02 3.229270076163656884e-04 3.461388793214731233e-04
2.906412634408602003e+02 3.222784062496697076e-04 3.457416104221383416e-04
2.907662634408602003e+02 3.216304497611976272e-04 3.453443772469977791e-04
2.908912634408602003e+02 3.209831401715877697e-04 3.449471806044305698e-04
2.910162634408602003e+02 3.203364794895683884e-04 3.445500213055961215e-04
2.911412634408602003e+02 3.196904697119865610e-04 3.441529001643884710e-04
2.912662634408602003e+02 3.190451128238176769e-04 3.437558179973905850e-04
2.913912634408602003e+02 3.184004107981532397e-04 3.433587756238205835e-04
2.915162634408602003e+02 3.177563655962292190e-04 3.429617738655130373e-04
2.916412634408602003e+02 3.171129791674114681e-04 3.425648135468355388e-04
2.917662634408602003e+02 3.164702534492150224e-04 3.421678954946824136e-04
2.918912634408602003e+02 3.158281903673194955e-04 3.417710205384061990e-04
2.920162634408602003e+02 3.151867918355462025e-04 3.413741895097905927e-04
2.921412634408602003e+02 3.145460597559096051e-04 3.409774032429944545e-04
2.922662634408602003e+02 3.139059960185811536e-04 3.405806625745152680e-04
2.923912634408602003e+02 3.132666025019242525e-04 3.401839683431460439e-04
2.925162634408602003e+02 3.126278810725126376e-04 3.397873213899345541e-04
2.926412634408602003e+02 3.119898335851038133e-04 3.393907225581374696e-04
2.927662634408602003e+02 3.113524618826818782e-04 3.389941726931769385e-04
2.928912634408602003e+02 3.107157677964500985e-04 3.385976726426139687e-04
2.930162634408602003e+02 3.100797531458370881e-04 3.382012232560829964e-04
2.931412634408602003e+02 3.094444197385330208e-04 3.378048253852713946e-04
2.932662634408602003e+02 3.088097693704596521e-04 3.374084798838667808e-04
2.933912634408602003e+02 3.081758038258303840e-04 3.370121876075260633e-04
2.935162634408602003e+02 3.075425248771121553e-04 3.366159494138291452e-04
2.936412634408602003e+02 3.069099342850607867e-04 3.362197661622333888e-04
2.937662634408602003e+02 3.062780337987455921e-04 3.358236387140477565e-04
2.938912634408602003e+02 3.056468251555270982e-04 3.354275679323861907e-04
2.940162634408602003e+02 3.050163100811082188e-04 3.350315546821261968e-04
2.941412634408602003e+02 3.043864902895049816e-04 3.346355998298699750e-04
2.942662634408602003e+02 3.037573674830996539e-04 3.342397042439175861e-04
2.943912634408602003e+02 3.031289433526279491e-04 3.338438687942083503e-04
2.945162634408602003e+02 3.025012195771936089e-04 3.334480943523010607e-04
2.946412634408602003e+02 3.018741978242964847e-04 3.330523817913228087e-04
2.947662634408602003e+02 3.012478797498260321e-04 3.326567319859424754e-04
2.948912634408602003e+02 3.006222669980983361e-04 3.322625049827118400e-04
2.950162634408602003e+02 2.999973612018461914e-04 3.318998275556356466e-04
2.951412634408602003e+02 2.993731639822488086e-04 3.315371386304510524e-04
2.952662634408602003e+02 2.987496769489492165e-04 3.311744390248662091e-04
2.953912634408602003e+02 2.981269017000513885e-04 3.308117295591889682e-04
2.955162634408602003e+02 2.975048398221548287e-04 3.304490110562898018e-04
2.956412634408602003e+02 2.968834928903564692e-04 3.300862843415484590e-04
2.957662634408602003e+02 2.962628624682661746e-04 3.297235502428278375e-04
2.958912634408602003e+02 2.956429501080386170e-04 3.293608095904238930e-04
2.960162634408602003e+02 2.950237573503676383e-04 3.289980632170285595e-04
2.961412634408602003e+02 2.944052857245234387e-04 3.286353119576869235e-04
2.962662634408602003e+02 2.937875367483452579e-04 3.282725566497528800e-04
2.963912634408602003e+02 2.931705119282749855e-04 3.279097981328595881e-04
2.965162634408602003e+02 2.925542127593722314e-04 3.275470372488718199e-04
2.966412634408602003e+02 2.919386407253255476e-04 3.271842748418487190e-04
2.967662634408602003e+02 2.913237972984738405e-04 3.268215117580079124e-04
2.968912634408602003e+02 2.907096839398275135e-04 3.264587488456831732e-04
2.970162634408602003e+02 2.900963020990674911e-04 3.260959869552793175e-04
2.971412634408602003e+02 2.894836532145947665e-04 3.257332269392462917e-04
2.972662634408602003e+02 2.888717387135113744e-04 3.253704696520342871e-04
2.973912634408602003e+02 2.882605600116756850e-04 3.250077159500553044e-04
2.975162634408602003e+02 2.876501185136863580e-04 3.246449666916475922e-04
2.976412634408602003e+02 2.870404156129275535e-04 3.242822227370358024e-04
2.977662634408602003e+02 2.864314526915804791e-04 3.239194849482964584e-04
2.978912634408602003e+02 2.858232311206240404e-04 3.235567541893172435e-04
2.980162634408602003e+02 2.852157522598874786e-04 3.231940313257660466e-04
2.981412634408602003e+02 2.846090174580370898e-04 3.228313172250485701e-04
2.982662634408602003e+02 2.840030280526148758e-04 3.224686127562703826e-04
2.983912634408602003e+02 2.833977853700557839e-04 3.221059187902118744e-04
2.985162634408602003e+02 2.827932907257053787e-04 3.217432361992808229e-04
2.986412634408602003e+02 2.821895454238404423e-04 3.213805658574823065e-04
2.987662634408602003e+02 2.815865507576843698e-04 3.210179086403803237e-04
2.988912634408602003e+02 2.809843080094298292e-04 3.206552654250667848e-04
2.990162634408602003e+02 2.803828184502744317e-04 3.202926370901197704e-04
2.991412634408602003e+02 2.797820833404095100e-04 3.199300245155798955e-04
2.992662634408602003e+02 2.791821039290776898e-04 3.195674285829035806e-04
2.993912634408602003e+02 2.785828814545689863e-04 3.192048501749355127e-04
2.995162634408602003e+02 2.779844171442438978e-04 3.188422901758766075e-04
2.996412634408602003e+02 2.773867122145707025e-04 3.184797494712391774e-04
2.997662634408602003e+02 2.767897678711249703e-04 3.181172289478276325e-04
2.998912634408602003e+02 2.761935853086384062e-04 3.177547294936949505e-04
3.000162634408602003e+02 2.755981657109895806e-04 3.173922519981171972e-04
3.001412634408602003e+02 2.750035102512444238e-04 3.170297973515557970e-04
3.002662634408602003e+02 2.744096200916891861e-04 3.166673664456185009e-04
3.003912634408602003e+02 2.738164963838221979e-04 3.163049601730399257e-04
3.005162634408602003e+02 2.732241402684052064e-04 3.159425794276426308e-04
3.006412634408602003e+02 2.726325528754640804e-04 3.155802251043030200e-04
3.007662634408602003e+02 2.720417353243327748e-04 3.152178980989259172e-04
3.008912634408602003e+02 2.714516887236570171e-04 3.148555993084075407e-04
3.010162634408602003e+02 2.708624141714203819e-04 3.144933296305993452e-04
3.011412634408602003e+02 2.702739127549936768e-04 3.141310899642920837e-04
3.012662634408602003e+02 2.696861855511133122e-04 3.137688812091696754e-04
3.013912634408602003e+02 2.690992336259461371e-04 3.134067042657874666e-04
3.015162634408602003e+02 2.685130580350841801e-04 3.130445600355355310e-04
3.016412634408602003e+02 2.679276598235825427e-04 3.126824494206137872e-04
3.017662634408602003e+02 2.673430400259871548e-04 3.123203733239989302e-04
3.018912634408602003e+02 2.667591996663376476e-04 3.119583326494119600e-04
3.020162634408602003e+02 2.661761397582287740e-04 3.115963283012944916e-04
3.021412634408602003e+02 2.655938613047905674e-04 3.112343611847739520e-04
3.022662634408602003e+02 2.650123652987406548e-04 3.108724322056354451e-04
3.023912634408602003e+02 2.644316527224072413e-04 3.105105422702964359e-04
3.025162634408602003e+02 2.638517245477412540e-04 3.101486922857727064e-04
3.026412634408602003e+02 2.632725817363520114e-04 3.097868831596498952e-04
3.027662634408602003e+02 2.626942252395335700e-04 3.094251158000585066e-04
3.028912634408602003e+02 2.621166559982705791e-04 3.090633911156449626e-04
3.030162634408602003e+02 2.615398749432946046e-04 3.087017100155340353e-04
3.031412634408602003e+02 2.609638829950756186e-04 3.083400734093191429e-04
3.032662634408602003e+02 2.603886810638788110e-04 3.079784822070195244e-04
3.033912634408602003e+02 2.598142700497636142e-04 3.076169373190568200e-04
3.035162634408602003e+02 2.592406508426201321e-04 3.072554396562302437e-04
3.036412634408602003e+02 2.586678243222095808e-04 3.068939901296833519e-04
3.037662634408602003e+02 2.580957913581581630e-04 3.065325896508844738e-04
3.038912634408602003e+02 2.575245528100133922e-04 3.061712391315941310e-04
3.040162634408602003e+02 2.569541095272474536e-04 3.058099394838451426e-04
3.041412634408602003e+02 2.563844623492962898e-04 3.054486916199092316e-04
3.042662634408602003e+02 2.558156121055858386e-04 3.050874964522676432e-04
3.043912634408602003e+02 2.552475596155448262e-04 3.047263548935997602e-04
3.045162634408602003e+02 2.546803056886562670e-04 3.043652678567425546e-04
3.046412634408602003e+02 2.541138511244558375e-04 3.040042362546718844e-04
3.047662634408602003e+02 2.535481967125704735e-04 3.036432610004776659e-04
3.048912634408602003e+02 2.529833432327562633e-04 3.032823430073345997e-04
3.050162634408602003e+02 2.524192914549011580e-04 3.029214831884766384e-04
3.051412634408602003e+02 2.518560421390779892e-04 3.025606824571773078e-04
3.052662634408602003e+02 2.512935960355452275e-04 3.021999417267209756e-04
3.053912634408602003e+02 2.507319538847968023e-04 3.018392619103806799e-04
3.055162634408602003e+02 2.501711164175771714e-04 3.014786439213900477e-04
3.056412634408602003e+02 2.496110843549053369e-04 3.011180886729221537e-04
3.057662634408602003e+02 2.490518584081148515e-04 3.007575970780647454e-04
3.058912634408602003e+02 2.484934392788680762e-04 3.003971700497961748e-04
3.060162634408602003e+02 2.479358276591861585e-04 3.000368085009610573e-04
3.061412634408602003e+02 2.473790242314881718e-04 2.996765133442493467e-04
3.062662634408602003e+02 2.468230296686014158e-04 2.993162854921647856e-04
3.063912634408602003e+02 2.462678446338048923e-04 2.989561258570166101e-04
3.065162634408602003e+02 2.457134697808419370e-04 2.985960353508837722e-04
3.066412634408602003e+02 2.451599057539538291e-04 2.982360148855946105e-04
3.067662634408602003e+02 2.446071531879193649e-04 2.978760653727088523e-04
3.068912634408602003e+02 2.440552127080567282e-04 2.975161877234909968e-04
3.070162634408602003e+02 2.435040849302866448e-04 2.971563828488846194e-04
3.071412634408602003e+02 2.429537704611210800e-04 2.967966516595027223e-04
3.072662634408602003e+02 2.424042698977252547e-04 2.964369950655915760e-04
3.073912634408602003e+02 2.418555838279216300e-04 2.960774139770181433e-04
3.075162634408602003e+02 2.413077128302297785e-04 2.957179093032441118e-04
3.076412634408602003e+02 2.407606574738980706e-04 2.953584819533041565e-04
3.077662634408602003e+02 2.402144183189162778e-04 2.949991328357880497e-04
3.078912634408602003e+02 2.396689959160675334e-04 2.946398628588147491e-04
3.080162634408602003e+02 2.391243908069327505e-04 2.942806729300205255e-04
3.081412634408602003e+02 2.385806035239287318e-04 2.939215639565260032e-04
3.082662634408602003e+02 2.380376345903461167e-04 2.935625368449205474e-04
3.083912634408602003e+02 2.374954845203589764e-04 2.932035925012450254e-04
3.085162634408602003e+02 2.369541538190738197e-04 2.928447318309682795e-04
3.086412634408602003e+02 2.364136429825396222e-04 2.924859557389673402e-04
3.087662634408602003e+02 2.358739524977888360e-04 2.921272651295100248e-04
3.088912634408602003e+02 2.353350828428655249e-04 2.917686609062305971e-04
3.090162634408602003e+02 2.347970344868415189e-04 2.914101439721084627e-04
3.091412634408602003e+02 2.342598078898663688e-04 2.910517152294575440e-04
3.092662634408602003e+02 2.337234035031747188e-04 2.906933755798988498e-04
3.093912634408602003e+02 2.331878217691286449e-04 2.903351259243443748e-04
3.095162634408602003e+02 2.326530631212434311e-04 2.899769671629818667e-04
3.096412634408602003e+02 2.321191279842172231e-04 2.896189001952423001e-04
3.097662634408602003e+02 2.315860167739590002e-04 2.892609259197992258e-04
3.098912634408602003e+02 2.310537298976151927e-04 2.889030452345366790e-04
3.100162634408602003e+02 2.305222677535987113e-04 2.885452590365362763e-04
3.101412634408602003e+02 2.299916307316305264e-04 2.881875682220599237e-04
3.102662634408602003e+02 2.294618192127467423e-04 2.878299736865234698e-04
3.103912634408602003e+02 2.289328335693497176e-04 2.874724763244933452e-04
3.105162634408602003e+02 2.284046741652250598e-04 2.871150770296543070e-04
3.106412634408602003e+02 2.278773413555688118e-04 2.867577766947990853e-04
3.107662634408602003e+02 2.273508354870300069e-04 2.864005762118098427e-04
3.108912634408602003e+02 2.268251568977209143e-04 2.860434764716414781e-04
3.110162634408602003e+02 2.263003059172693252e-04 2.856864783642966898e-04
3.111412634408602003e+02 2.257762828668250031e-04 2.853295827788235360e-04
3.112662634408602003e+02 2.252530880591009112e-04 2.849727906032848606e-04
3.113912634408602003e+02 2.247307217984118369e-04 2.846161027247476132e-04
3.115162634408602003e+02 2.242091843806811951e-04 2.842595200292675627e-04
3.116412634408602003e+02 2.236884760934911454e-04 2.839030434018641972e-04
3.117662634408602003e+02 2.231685972160989909e-04 2.835466737265155204e-04
3.118912634408602003e+02 2.226495480194710865e-04 2.831904118861345784e-04
3.120162634408602003e+02 2.221313287663178313e-04 2.828342587625582924e-04
3.121412634408602003e+02 2.216139397111144044e-04 2.824782152365256662e-04
3.122662634408602003e+02 2.210973811001389555e-04 2.821222821876620654e-04
3.123912634408602003e+02 2.205816531714910637e-04 2.817664604944704354e-04
3.125162634408602003e+02 2.200667561551301454e-04 2.814107510343100507e-04
3.126412634408602003e+02 2.195526902729069230e-04 2.810551546833798728e-04
3.127662634408602003e+02 2.190394557385827510e-04 2.806996723167102018e-04
3.128912634408602003e+02 2.185270527578714664e-04 2.803443048081415883e-04
3.130162634408602003e+02 2.180154815284596355e-04 2.799890530303060770e-04
3.131412634408602003e+02 2.175047422400435261e-04 2.796339178546233036e-04
3.132662634408602003e+02 2.169948350743500318e-04 2.792789001512767507e-04
3.133912634408602003e+02 2.164857602051733999e-04 2.789240007892010626e-04
3.135162634408602003e+02 2.159775177984067543e-04 2.785692206360738596e-04
3.136412634408602003e+02 2.154701080120623971e-04 2.782145605582885244e-04
3.137662634408602003e+02 2.149635309963114638e-04 2.778600214209506788e-04
3.138912634408602003e+02 2.144577868935115155e-04 2.775056040878610530e-04
3.140162634408602003e+02 2.139528758382263805e-04 2.771513094215012282e-04
3.141412634408602003e+02 2.134487979572742382e-04 2.767971382830194341e-04
3.142662634408602003e+02 2.129455533697374584e-04 2.764430915322122796e-04
3.143912634408602003e+02 2.124431421870106044e-04 2.760891700275232351e-04
3.145162634408602003e+02 2.119415645128158829e-04 2.757353746260168825e-04
3.146412634408602003e+02 2.114408204432368895e-04 2.753817061833714348e-04
3.147662634408602003e+02 2.109409100667608116e-04 2.750281655538638274e-04
3.148912634408602003e+02 2.104418334642855842e-04 2.746747535903575760e-04
3.150162634408602003e+02 2.099435907091715245e-04 2.743214711442869464e-04
3.151412634408602003e+02 2.094461818672529335e-04 2.739683190656502874e-04
3.152662634408602003e+02 2.089496069968796747e-04 2.736152982029911650e-04
3.153912634408602003e+02 2.084538661489468815e-04 2.732624094033865450e-04
3.155162634408602003e+02 2.079589593669134429e-04 2.729096535124384991e-04
3.156412634408602003e+02 2.074648866868511986e-04 2.725570313742544173e-04
3.157662634408602003e+02 2.069716481374539929e-04 2.722045438314427265e-04
3.158912634408602003e+02 2.064792437400768410e-04 2.718521917250950543e-04
3.160162634408602003e+02 2.059876735087728733e-04 2.714999758947789655e-04
3.161412634408602003e+02 2.054969374503060476e-04 2.711478971785219157e-04
3.162662634408602003e+02 2.050070355642001011e-04 2.707959564127982951e-04
3.163912634408602003e+02 2.045179678427496632e-04 2.704441544325225438e-04
3.165162634408602003e+02 2.040297342710662798e-04 2.700924920710356535e-04
3.166412634408602003e+02 2.035423348270984172e-04 2.697409701600904223e-04
3.167662634408602003e+02 2.030557694816615484e-04 2.693895895298473349e-04
3.168912634408602003e+02 2.025700381984730646e-04 2.690383510088573777e-04
3.170162634408602003e+02 2.020851409341772929e-04 2.686872554240475651e-04
3.171412634408602003e+02 2.016010776383720055e-04 2.683363036007212102e-04
3.172662634408602003e+02 2.011178482536546332e-04 2.679854963625382465e-04
3.173912634408602003e+02 2.006354527156277955e-04 2.676348345315046032e-04
3.175162634408602003e+02 2.001538909529484143e-04 2.672843189279695483e-04
3.176412634408602003e+02 1.996731628873464441e-04 2.669339503706016198e-04
3.177662634408602003e+02 1.991932684336562864e-04 2.665837296763917154e-04
3.178912634408602003e+02 1.987142074998547909e-04 2.662336576606330889e-04
3.180162634408602003e+02 1.982359799870734261e-04 2.658837351369175558e-04
3.181412634408602003e+02 1.977585857896527329e-04 2.655339629171213985e-04
3.182662634408602003e+02 1.972820247951446288e-04 2.651843418113936026e-04
3.183912634408602003e+02 1.968062968843589200e-04 2.648348726281558570e-04
3.185162634408602003e+02 1.963314019313908132e-04 2.644855561740800569e-04
3.186412634408602003e+02 1.958573398036444699e-04 2.641363932540855388e-04
3.187662634408602003e+02 1.953841103618697604e-04 2.637873846713286721e-04
3.188912634408602003e+02 1.949117134601839217e-04 2.634385312271940232e-04
3.190162634408602003e+02 1.944401489461067929e-04 2.630898337212790681e-04
3.191412634408602003e+02 1.939694166605916616e-04 2.627412929513951679e-04
3.192662634408602003e+02 1.934995164380431531e-04 2.623929097135519568e-04
3.193912634408602003e+02 1.930304481063633084e-04 2.620446848019461743e-04
3.195162634408602003e+02 1.925622114869645143e-04 2.616966190089588468e-04
3.196412634408602003e+02 1.920948063948129791e-04 2.613487131251391866e-04
3.197662634408602003e+02 1.916282326384449687e-04 2.610009679392039962e-04
3.198912634408602003e+02 1.911624900200063531e-04 2.606533842380208627e-04
3.200162634408602003e+02 1.906975783352790610e-04 2.603059628066086459e-04
3.201412634408602003e+02 1.902334973737023838e-04 2.599587044281204021e-04
3.202662634408602003e+02 1.897702469184167238e-04 2.596116098838351983e-04
3.203912634408602003e+02 1.893078267462772819e-04 2.592646799531598471e-04
3.205162634408602003e+02 1.888462366278930349e-04 2.589179154136090114e-04
3.206412634408602003e+02 1.883854763276537859e-04 2.585713170408025481e-04
3.207662634408602003e+02 1.879255456037580831e-04 2.582248856084599789e-04
3.208912634408602003e+02 1.874664442082433059e-04 2.578786218883858533e-04
3.210162634408602003e+02 1.870081718870105750e-04 2.575325266504673635e-04
3.211412634408602003e+02 1.865507283798567356e-04 2.571866006626662127e-04
3.212662634408602003e+02 1.860941134205082665e-04 2.568408446910031115e-04
3.213912634408602003e+02 1.856383267366375970e-04 2.564952594995633067e-04
3.215162634408602003e+02 1.851833680499052285e-04 2.561498458504813487e-04
3.216412634408602003e+02 1.847292370759816076e-04 2.558046045039344234e-04
3.217662634408602003e+02 1.842759335245720365e-04 2.554595362181345461e-04
3.218912634408602003e+02 1.838234570994569503e-04 2.551146417493237910e-04
3.220162634408602003e+02 1.833718074985060665e-04 2.547699218517648586e-04
3.221412634408602003e+02 1.829209844137222134e-04 2.544253772777354920e-04
3.222662634408602003e+02 1.824709875312541783e-04 2.540810087775201829e-04
3.223912634408602003e+02 1.820218165314394789e-04 2.537368170994070814e-04
3.225162634408602003e+02 1.815734710888253158e-04 2.533928029896788891e-04
3.226412634408602003e+02 1.811259508721948640e-04 2.530489671925987096e-04
3.227662634408602003e+02 1.806792555446029439e-04 2.527053104504183977e-04
3.228912634408602003e+02 1.802333847633986802e-04 2.523618335033616451e-04
3.230162634408602003e+02 1.797883381802530141e-04 2.520185370896193731e-04
3.231412634408602003e+02 1.793441154411951055e-04 2.516754219453476177e-04
3.232662634408602003e+02 1.789007161866303574e-04 2.513324888046552792e-04
3.233912634408602003e+02 1.784581400513777128e-04 2.509897383996004348e-04
3.235162634408602003e+02 1.780163866646882484e-04 2.506471714601870323e-04
3.236412634408602003e+02 1.775754556502797614e-04 2.503047887143554037e-04
3.237662634408602003e+02 1.771353466263671803e-04 2.499625908879777106e-04
3.238912634408602003e+02 1.766960592056803468e-04 2.496205787048525241e-04
3.240162634408602003e+02 1.762575929955045916e-04 2.492787528866963133e-04
3.241412634408602003e+02 1.758199475977001414e-04 2.489371141531436082e-04
3.242662634408602003e+02 1.753831226087302275e-04 2.485956632217361574e-04
3.243912634408602003e+02 1.749471176196949393e-04 2.482544008079202178e-04
3.245162634408602003e+02 1.745119322163514182e-04 2.479133276250393989e-04
3.246412634408602003e+02 1.740775659791489580e-04 2.475724443843302716e-04
3.247662634408602003e+02 1.736440184832504184e-04 2.472317517949194953e-04
3.248912634408602003e+02 1.732112892985601975e-04 2.468912505638141681e-04
3.250162634408602003e+02 1.727793779897632081e-04 2.465509413958986290e-04
3.251412634408602003e+02 1.723482841163323596e-04 2.462108249939336442e-04
3.252662634408602003e+02 1.719180072325763437e-04 2.458709020585399816e-04
3.253912634408602003e+02 1.714885468876499615e-04 2.455311732882076267e-04
3.255162634408602003e+02 1.710599026255962992e-04 2.451916393792845611e-04
3.256412634408602003e+02 1.706320739853622588e-04 2.448523010259710158e-04
3.257662634408602003e+02 1.702050605008304884e-04 2.445131589203147554e-04
3.258912634408602003e+02 1.697788617008539681e-04 2.441742137522106984e-04
3.260162634408602003e+02 1.693534771092676105e-04 2.438354662093906717e-04
3.261412634408602003e+02 1.689289062449307350e-04 2.434969169774246029e-04
3.262662634408602003e+02 1.685051486217426528e-04 2.431585667397115217e-04
3.263912634408602003e+02 1.680822037486757895e-04 2.428204161774804269e-04
3.265162634408602003e+02 1.676600711298028169e-04 2.424824659697828060e-04
3.266412634408602003e+02 1.672387502643225387e-04 2.421447167934832835e-04
3.267662634408602003e+02 1.668182406465856403e-04 2.418071693232686468e-04
3.268912634408602003e+02 1.663985417661222814e-04 2.414698242316334811e-04
3.270162634408602003e+02 1.659796531076670599e-04 2.411326821888785422e-04
3.271412634408602003e+02 1.655615741511927311e-04 2.407957438631108660e-04
3.272662634408602003e+02 1.651443043719262257e-04 2.404590099202347957e-04
3.273912634408602003e+02 1.647278432403855681e-04 2.401224810239505731e-04
3.275162634408602003e+02 1.643121902224006108e-04 2.397861578357513837e-04
3.276412634408602003e+02 1.638973447791385138e-04 2.394500410149196434e-04
3.277662634408602003e+02 1.634833063671362974e-04 2.391141312185210898e-04
3.278912634408602003e+02 1.630700744383192465e-04 2.387784291014079263e-04
3.280162634408602003e+02 1.626576484400361206e-04 2.384429353162052692e-04
3.281412634408602003e+02 1.622460278150776928e-04 2.381076505133182227e-04
3.282662634408602003e+02 1.618352120017047500e-04 2.377725753409221207e-04
3.283912634408602003e+02 1.614252004336826790e-04 2.374377104449622831e-04
3.285162634408602003e+02 1.610159925402929583e-04 2.371030564691504919e-04
3.286412634408602003e+02 1.606075877463721631e-04 2.367686140549597599e-04
3.287662634408602003e+02 1.601999854723303962e-04 2.364343838416271772e-04
3.288912634408602003e+02 1.597931851341777699e-04 2.361003664661444779e-04
3.290162634408602003e+02 1.593871861435583958e-04 2.357665625632585017e-04
3.291412634408602003e+02 1.589819879077615788e-04 2.354329727654707325e-04
3.292662634408602003e+02 1.585775898297666763e-04 2.350995977030257518e-04
3.293912634408602003e+02 1.581739913082490614e-04 2.347664380039199395e-04
3.295162634408602003e+02 1.577711917376184219e-04 2.344334942938949146e-04
3.296412634408602003e+02 1.573691905080430741e-04 2.341007671964304875e-04
3.297662634408602003e+02 1.569679870054695593e-04 2.337682573327489160e-04
3.298912634408602003e+02 1.565675806116559560e-04 2.334359653218066378e-04
3.300162634408602003e+02 1.561679707041899049e-04 2.331038917802980654e-04
3.301412634408602003e+02 1.557691566565201592e-04 2.327720373226477800e-04
3.302662634408602003e+02 1.553711378379798135e-04 2.324404025610112359e-04
3.303912634408602003e+02 1.549739136138080420e-04 2.321089881052746794e-04
3.305162634408602003e+02 1.545774833451815406e-04 2.317777945630493483e-04
3.306412634408602003e+02 1.541818463892348826e-04 2.314468225396669183e-04
3.307662634408602003e+02 1.537870020990862144e-04 2.311160726381870109e-04
3.308912634408602003e+02 1.533929498238658512e-04 2.307855454593878966e-04
3.310162634408602003e+02 1.529996889087374733e-04 2.304552416017660880e-04
3.311412634408602003e+02 1.526072186949259358e-04 2.301251616615370180e-04
3.312662634408602003e+02 1.522155385197374619e-04 2.297953062326306482e-04
3.313912634408602003e+02 1.518246477165887808e-04 2.294656759066890297e-04
3.315162634408602003e+02 1.514345456150322270e-04 2.291362712730688508e-04
3.316412634408602003e+02 1.510452315407749579e-04 2.288070929188368025e-04
3.317662634408602003e+02 1.506567048157133768e-04 2.284781414287681415e-04
3.318912634408602003e+02 1.502689647579453309e-04 2.281494173853481266e-04
3.320162634408602003e+02 1.498820106818056453e-04 2.278209213687647824e-04
3.321412634408602003e+02 1.494958418978832809e-04 2.274926539569150513e-04
3.322662634408602003e+02 1.491104577130470841e-04 2.271646157253990207e-04
3.323912634408602003e+02 1.487258574304755482e-04 2.268368072475190011e-04
3.325162634408602003e+02 1.483420403496714770e-04 2.265092290942790655e-04
3.326412634408602003e+02 1.479590057664978994e-04 2.261818818343838569e-04
3.327662634408602003e+02 1.475767529731903478e-04 2.258547660342399702e-04
3.328912634408602003e+02 1.471952812583866193e-04 2.255278822579496643e-04
3.330162634408602003e+02 1.468145899071538808e-04 2.252012310673141143e-04
3.331412634408602003e+02 1.464346782010050949e-04 2.248748130218338457e-04
3.332662634408602003e+02 1.460555454179310309e-04 2.245486286787003313e-04
3.333912634408602003e+02 1.456771908324153077e-04 2.242226785928032285e-04
3.335162634408602003e+02 1.452996137154666224e-04 2.238969633167296747e-04
3.336412634408602003e+02 1.449228133346379128e-04 2.235714834007570769e-04
3.337662634408602003e+02 1.445467889540482320e-04 2.232462393928576390e-04
3.338912634408602003e+02 1.441715398344117229e-04 2.229212318386961111e-04
3.340162634408602003e+02 1.437970652330561316e-04 2.225964612816298447e-04
3.341412634408602003e+02 1.434233644039472288e-04 2.222719282627080872e-04
3.342662634408602003e+02 1.430504365977153182e-04 2.219476333206715486e-04
3.343912634408602003e+02 1.426782810616755389e-04 2.216235769919534316e-04
3.345162634408602003e+02 1.423068970398524763e-04 2.212997598106771543e-04
3.346412634408602003e+02 1.419362837730004637e-04 2.209761823086533691e-04
3.347662634408602003e+02 1.415664404986291427e-04 2.206528450153877959e-04
3.348912634408602003e+02 1.411973664510294028e-04 2.203297484580743373e-04
3.350162634408602003e+02 1.408290608612883970e-04 2.200068931615961360e-04
3.351412634408602003e+02 1.404615229573206862e-04 2.196842796485294505e-04
3.352662634408602003e+02 1.400947519638871038e-04 2.193619084391380174e-04
3.353912634408602003e+02 1.397287471026154373e-04 2.190397800513764395e-04
3.355162634408602003e+02 1.393635075920289697e-04 2.187178950008886137e-04
3.356412634408602003e+02 1.389990326475626337e-04 2.183962538010097369e-04
3.357662634408602003e+02 1.386353214815915272e-04 2.180748569627646253e-04
3.358912634408602003e+02 1.382723733034485849e-04 2.177537049948701810e-04
3.360162634408602003e+02 1.379101873194476179e-04 2.174327984037315161e-04
3.361412634408602003e+02 1.375487627329129397e-04 2.171121376934466419e-04
3.362662634408602003e+02 1.371880987441886901e-04 2.167917233658045169e-04
3.363912634408602003e+02 1.368281945506738821e-04 2.164715559202868634e-04
3.365162634408602003e+02 1.364690493468347348e-04 2.161516358540664596e-04
3.366412634408602003e+02 1.361106623242319680e-04 2.158319636620087661e-04
3.367662634408602003e+02 1.357530326715428658e-04 2.155125398366743107e-04
3.368912634408602003e+02 1.353961595745818496e-04 2.151933648683153008e-04
3.370162634408602003e+02 1.350400422163231646e-04 2.148744392448790925e-04
3.371412634408602003e+02 1.346846797769202058e-04 2.145557634520093291e-04
3.372662634408602003e+02 1.343300714337298586e-04 2.142373379730410081e-04
3.373912634408602003e+02 1.339762163613357547e-04 2.139191632890097511e-04
3.375162634408602003e+02 1.336231137315648334e-04 2.136012398786478190e-04
3.376412634408602003e+02 1.332707627135135521e-04 2.132835682183845734e-04
3.377662634408602003e+02 1.329191624735680255e-04 2.129661487823474248e-04
3.378912634408602003e+02 1.325683121754251130e-04 2.126489820423646516e-04
3.380162634408602003e+02 1.322182109801123685e-04 2.123320684679645871e-04
3.381412634408602003e+02 1.318688580460104288e-04 2.120154085263768935e-04
3.382662634408602003e+02 1.315202525288779233e-04 2.116990026825333747e-04
3.383912634408602003e+02 1.311723935818650535e-04 2.113828513990704974e-04
3.385162634408602003e+02 1.308252803555420537e-04 2.110669551363308547e-04
3.386412634408602003e+02 1.304789119979166460e-04 2.107513143523567691e-04
3.387662634408602003e+02 1.301332876544535565e-04 2.104359295029027612e-04
3.388912634408602003e+02 1.297884064680999126e-04 2.101208010414299385e-04
3.390162634408602003e+02 1.294442675793005030e-04 2.098059294191078120e-04
3.391412634408602003e+02 1.291008701260256417e-04 2.094913150848184968e-04
3.392662634408602003e+02 1.287582132437834468e-04 2.091769584851536500e-04
3.393912634408602003e+02 1.284162960656455360e-04 2.088628600644185356e-04
3.395162634408602003e+02 1.280751177222710143e-04 2.085490202646339227e-04
3.396412634408602003e+02 1.277346773419172894e-04 2.082354395255354886e-04
3.397662634408602003e+02 1.273949740504697514e-04 2.079221182845763941e-04
3.398912634408602003e+02 1.270560069714564639e-04 2.076090569769294244e-04
3.400162634408602003e+02 1.267177752260693056e-04 2.072962560354852009e-04
3.401412634408602003e+02 1.263802779331890430e-04 2.069837158908590107e-04
3.402662634408602003e+02 1.260435142093962806e-04 2.066714369713880156e-04
3.403912634408602003e+02 1.257074831690039327e-04 2.063594197031348298e-04
3.405162634408602003e+02 1.253721839240638097e-04 2.060476645098883054e-04
3.406412634408602003e+02 1.250376155843957026e-04 2.057361718131654304e-04
3.407662634408602003e+02 1.247037772576049732e-04 2.054249420322156112e-04
3.408912634408602003e+02 1.243706680491004984e-04 2.051139755840166064e-04
3.410162634408602003e+02 1.240382870621178988e-04 2.048032728832817643e-04
3.411412634408602003e+02 1.237066333977348534e-04 2.044928343424601042e-04
3.412662634408602003e+02 1.233757061548951142e-04 2.041826603717345541e-04
3.413912634408602003e+02 1.230455044304258540e-04 2.038727513790300559e-04
3.415162634408602003e+02 1.227160273190553113e-04 2.035631077700129953e-04
3.416412634408602003e+02 1.223872739134368871e-04 2.032537299480915278e-04
3.417662634408602003e+02 1.220592433041640522e-04 2.029446183144182616e-04
3.418912634408602003e+02 1.217319345797902294e-04 2.026357732678932939e-04
3.420162634408602003e+02 1.214053468268539598e-04 2.023271952051656738e-04
3.421412634408602003e+02 1.210794791298875906e-04 2.020188845206346499e-04
3.422662634408602003e+02 1.207543305714461689e-04 2.017108416064525430e-04
3.423912634408602003e+02 1.204299002321199504e-04 2.014030668525285410e-04
3.425162634408602003e+02 1.201061871905555824e-04 2.010955606465284276e-04
3.426412634408602003e+02 1.197831905234772454e-04 2.007883233738739321e-04
3.427662634408602003e+02 1.194609093056999078e-04 2.004813554177530292e-04
3.428912634408602003e+02 1.191393426101560783e-04 2.001746571591161712e-04
3.430162634408602003e+02 1.188184895079063094e-04 1.998682289766785922e-04
3.431412634408602003e+02 1.184983490681609759e-04 1.995620712469264337e-04
3.432662634408602003e+02 1.181789203583021356e-04 1.992561843441145763e-04
3.433912634408602003e+02 1.178602024438962683e-04 1.989505686402720064e-04
3.435162634408602003e+02 1.175421943887176678e-04 1.986452245052025480e-04
3.436412634408602003e+02 1.172248952547622650e-04 1.983401523064882782e-04
3.437662634408602003e+02 1.169083041022699629e-04 1.980353524094922372e-04
3.438912634408602003e+02 1.165924199897414281e-04 1.977308251773587271e-04
3.440162634408602003e+02 1.162772419739534051e-04 1.974265709710185427e-04
3.441412634408602003e+02 1.159627691099826362e-04 1.971225901491898119e-04
3.442662634408602003e+02 1.156490004512167720e-04 1.968188830683811398e-04
3.443912634408602003e+02 1.153359350493798495e-04 1.965154500828937231e-04
3.445162634408602003e+02 1.150235719545425245e-04 1.962122915448246839e-04
3.446412634408602003e+02 1.147119102151469269e-04 1.959094078040682623e-04
3.447662634408602003e+02 1.144009488780198204e-04 1.956067992083211290e-04
3.448912634408602003e+02 1.140906869883908167e-04 1.953044661030819789e-04
3.450162634408602003e+02 1.137811235899125015e-04 1.950024088316557860e-04
3.451412634408602003e+02 1.134722577246748267e-04 1.947006277351575449e-04
3.452662634408602003e+02 1.131640884332234747e-04 1.943991231525103453e-04
3.453912634408602003e+02 1.128566147545795903e-04 1.940978954204542904e-04
3.455162634408602003e+02 1.125498357262543229e-04 1.937969448735474992e-04
3.456412634408602003e+02 1.122437503842678815e-04 1.934962718441658085e-04
3.457662634408602003e+02 1.119383577631645504e-04 1.931958766625084382e-04
3.458912634408602003e+02 1.116336568960308635e-04 1.928957596566007555e-04
3.460162634408602003e+02 1.113296468145159060e-04 1.925959211522960100e-04
3.461412634408602003e+02 1.110263265488413973e-04 1.922963614732785048e-04
3.462662634408602003e+02 1.107236951278258688e-04 1.919970809410670388e-04
3.463912634408602003e+02 1.104217515788977964e-04 1.916980798750188373e-04
3.465162634408602003e+02 1.101204949281111043e-04 1.913993585923309880e-04
3.466412634408602003e+02 1.098199242001660498e-04 1.911009174080407938e-04
3.467662634408602003e+02 1.095200384184213119e-04 1.908027566350352865e-04
3.468912634408602003e+02 1.092208366049150656e-04 1.905048765840494380e-04
3.470162634408602003e+02 1.089223177803773010e-04 1.902072775636702259e-04
3.471412634408602003e+02 1.086244809642498407e-04 1.899099598803418647e-04
3.472662634408602003e+02 1.083273251747015454e-04 1.896129238383645864e-04
3.473912634408602003e+02 1.080308494286417174e-04 1.893161697399016604e-04
3.475162634408602003e+02 1.077350527417428284e-04 1.890196978849807761e-04
3.476412634408602003e+02 1.074399341284495724e-04 1.887235085714976748e-04
3.477662634408602003e+02 1.071454926019994928e-04 1.884276020952188602e-04
3.478912634408602003e+02 1.068517271744387302e-04 1.881319787497852847e-04
3.480162634408602003e+02 1.065586368566365916e-04 1.878366388267150059e-04
3.481412634408602003e+02 1.062662206583030736e-04 1.875415826154085261e-04
3.482662634408602003e+02 1.059744775880021712e-04 1.872468104031484127e-04
3.483912634408602003e+02 1.056834066531699975e-04 1.869523224751057768e-04
3.485162634408602003e+02 1.053930068601309110e-04 1.866581191143418716e-04
3.486412634408602003e+02 1.051032772141107701e-04 1.863642006018110750e-04
3.487662634408602003e+02 1.048142167192548361e-04 1.860705672163677732e-04
3.488912634408602003e+02 1.045258243786437651e-04 1.857772192347638949e-04
3.490162634408602003e+02 1.042380991943046533e-04 1.854841569316571510e-04
3.491412634408602003e+02 1.039510401672332900e-04 1.851913805796132843e-04
3.492662634408602003e+02 1.036646462974028182e-04 1.848988904491056628e-04
3.493912634408602003e+02 1.033789165837847678e-04 1.846066868085240620e-04
3.495162634408602003e+02 1.030938500243600735e-04 1.843147699241777819e-04
3.496412634408602003e+02 1.028094456161351760e-04 1.840231400602944812e-04
3.497662634408602003e+02 1.025257023551612388e-04 1.837317974790276317e-04
3.498912634408602003e+02 1.022426192365418054e-04 1.834407424404583609e-04
3.500162634408602003e+02 1.019601952544550261e-04 1.831499752026001147e-04
3.501412634408602003e+02 1.016784294021623306e-04 1.828594960214008792e-04
3.502662634408602003e+02 1.013973206720294220e-04 1.825693051507475725e-04
3.503912634408602003e+02 1.011168680555355728e-04 1.822794028424706250e-04
3.505162634408602003e+02 1.008370705432907154e-04 1.819897893463458770e-04
3.506412634408602003e+02 1.005579271250530462e-04 1.817004649100958523e-04
3.507662634408602003e+02 1.002794367897374289e-04 1.814114297793995977e-04
3.508912634408602003e+02 1.000015985254354379e-04 1.811226841978918697e-04
3.510162634408602003e+02 9.972441131942652625e-05 1.808342284071672273e-04
3.511412634408602003e+02 9.944787415819300071e-05 1.805460626467853989e-04
3.512662634408602003e+02 9.917198602743674586e-05 1.802581871542735590e-04
3.513912634408602003e+02 9.889674591209062166e-05 1.799706021651292830e-04
3.515162634408602003e+02 9.862215279633478071e-05 1.796833079128264284e-04
3.516412634408602003e+02 9.834820566360840473e-05 1.793963046288170598e-04
3.517662634408602003e+02 9.807490349662576433e-05 1.791095925425365443e-04
3.518912634408602003e+02 9.780224527739086928e-05 1.788231718814049884e-04
3.520162634408602003e+02 9.753022998720862222e-05 1.785370428708342851e-04
3.521412634408602003e+02 9.725885660670190841e-05 1.782512057342293334e-04
3.522662634408602003e+02 9.698812411582418606e-05 1.779656606929931346e-04
3.523912634408602003e+02 9.671803149387141251e-05 1.776804079665299631e-04
3.525162634408602003e+02 9.644857771949959474e-05 1.773954477722493241e-04
3.526412634408602003e+02 9.617976177073453371e-05 1.771107803255694499e-04
3.527662634408602003e+02 9.591158262498895469e-05 1.768264058399228835e-04
3.528912634408602003e+02 9.564403925907320021e-05 1.765423245267577258e-04
3.530162634408602003e+02 9.537713064920908077e-05 1.762585365955429749e-04
3.531412634408602003e+02 9.511085577104781837e-05 1.759750422537734865e-04
3.532662634408602003e+02 9.484521359967534556e-05 1.756918417069691066e-04
3.533912634408602003e+02 9.458020310963312209e-05 1.754089351586852693e-04
3.535162634408602003e+02 9.431582327492640198e-05 1.751263228105138104e-04
3.536412634408602003e+02 9.405207306903964274e-05 1.748440048620854878e-04
3.537662634408602003e+02 9.378895146495039672e-05 1.745619815110752398e-04
3.538912634408602003e+02 9.352645743513906889e-05 1.742802529532064683e-04
3.540162634408602003e+02 9.326458995160740253e-05 1.739988193822549682e-04
3.541412634408602003e+02 9.300334798588543166e-05 1.737176809900522893e-04
3.542662634408602003e+02 9.274273050904694447e-05 1.734368379664890693e-04
3.543912634408602003e+02 9.248273649172452661e-05 1.731562904995225156e-04
3.545162634408602003e+02 9.222336490411831619e-05 1.728760387751770012e-04
3.546412634408602003e+02 9.196461471601186013e-05 1.725960829775462062e-04
3.547662634408602003e+02 9.170648489678230575e-05 1.723164232888032817e-04
3.548912634408602003e+02 9.144897441541543050e-05 1.720370598892005795e-04
3.550162634408602003e+02 9.119208224051687697e-05 1.717579929570737715e-04
3.551412634408602003e+02 9.093580734032321179e-05 1.714792226688490601e-04
3.552662634408602003e+02 9.068014868271799891e-05 1.712007491990427167e-04
3.553912634408602003e+02 9.042510523524022929e-05 1.709225727202685094e-04
3.555162634408602003e+02 9.017067596509857814e-05 1.706446934032408464e-04
3.556412634408602003e+02 8.991685983918402231e-05 1.703671114167782459e-04
3.557662634408602003e+02 8.966365582408156328e-05 1.700898269278090823e-04
3.558912634408602003e+02 8.941106288608196358e-05 1.698128401013729413e-04
3.560162634408602003e+02 8.915907999119365951e-05 1.695361511006279655e-04
3.561412634408602003e+02 8.890770610515466024e-05 1.692597600868527789e-04
3.562662634408602003e+02 8.865694019344679151e-05 1.689836672194515010e-04
3.563912634408602003e+02 8.840678122130286496e-05 1.687078726559580299e-04
3.565162634408602003e+02 8.815722815372525856e-05 1.684323765520390236e-04
3.566412634408602003e+02 8.790827995549028062e-05 1.681571790614998902e-04
3.567662634408602003e+02 8.765993559116553051e-05 1.678822803362883386e-04
3.568912634408602003e+02 8.741219402511830124e-05 1.676076805264974416e-04
3.570162634408602003e+02 8.716505422152830531e-05 1.673333797803709482e-04
3.571412634408602003e+02 8.691851514440057669e-05 1.670593782443080815e-04
3.572662634408602003e+02 8.667257575757292471e-05 1.667856760628645143e-04
3.573912634408602003e+02 8.642723502473390474e-05 1.665122733787610697e-04
3.575162634408602003e+02 8.618249190942697878e-05 1.662391703328861881e-04
3.576412634408602003e+02 8.593834537506593824e-05 1.659663670642992064e-04
3.577662634408602003e+02 8.569479438494650493e-05 1.656938637102348577e-04
3.578912634408602003e+02 8.545183790225480136e-05 1.654216604061083400e-04
3.580162634408602003e+02 8.520947489008164869e-05 1.651497572855192733e-04
3.581412634408602003e+02 8.496770431143052201e-05 1.648781544802556029e-04
3.582662634408602003e+02 8.472652512923136044e-05 1.646068521202979907e-04
3.583912634408602003e+02 8.448593630635046038e-05 1.643358503338255877e-04
3.585162634408602003e+02 8.424593680559950160e-05 1.640651492472182036e-04
3.586412634408602003e+02 8.400652558975052269e-05 1.637947489850596395e-04
3.587662634408602003e+02 8.376770162154271093e-05 1.635246496701465253e-04
3.588912634408602003e+02 8.352946386369487059e-05 1.632548514234883458e-04
3.590162634408602003e+02 8.329181127891691549e-05 1.629853543643131877e-04
3.591412634408602003e+02 8.305474282991923379e-05 1.627161586100736481e-04
3.592662634408602003e+02 8.281825747942415342e-05 1.624472642764480815e-04
3.593912634408602003e+02 8.258235419017507649e-05 1.621786714773473218e-04
3.595162634408602003e+02 8.234703192494808026e-05 1.619103803249177180e-04
3.596412634408602003e+02 8.211228964656320638e-05 1.616423909295460946e-04
3.597662634408602003e+02 8.187812631789221295e-05 1.613747033998650369e-04
3.598912634408602003e+02 8.164454090187162560e-05 1.611073178427544091e-04
3.600162634408602003e+02 8.141153236151191252e-05 1.608402343633487267e-04
3.601412634408602003e+02 8.117909965990632078e-05 1.605734530650401921e-04
3.602662634408602003e+02 8.094724176024399511e-05 1.603069740494828151e-04
3.603912634408602003e+02 8.071595762581646957e-05 1.600407974165977520e-04
3.605162634408602003e+02 8.048524622003181642e-05 1.597749232645766942e-04
3.606412634408602003e+02 8.025510650642052790e-05 1.595093516898861234e-04
3.607662634408602003e+02 8.002553744864751020e-05 1.592440827872737357e-04
3.608912634408602003e+02 7.979653801052421298e-05 1.589791166497705284e-04
3.610162634408602003e+02 7.956810715601285780e-05 1.587144533686956520e-04
3.611412634408602003e+02 7.934024384924183372e-05 1.584500930336624550e-04
3.612662634408602003e+02 7.911294705451166046e-05 1.581860357325790521e-04
3.613912634408602003e+02 7.888621573630604726e-05 1.579222815516574056e-04
3.615162634408602003e+02 7.866004885930219276e-05 1.576588305754160620e-04
3.616412634408602003e+02 7.843444538837958066e-05 1.573956828866833241e-04
3.617662634408602003e+02 7.820940428862941220e-05 1.571328385666020207e-04
3.618912634408602003e+02 7.798492452536407945e-05 1.568702976946352535e-04
3.620162634408602003e+02 7.776100506412612348e-05 1.566080603485698664e-04
3.621412634408602003e+02 7.753764487069978112e-05 1.563461266045207550e-04
3.622662634408602003e+02 7.731484291111692100e-05 1.560844965369355018e-04
3.623912634408602003e+02 7.709259815166929499e-05 1.558231702185997698e-04
3.625162634408602003e+02 7.687090955891627672e-05 1.555621477206407994e-04
3.626412634408602003e+02 7.664977609969449743e-05 1.553014291125298749e-04
3.627662634408602003e+02 7.642919674112589614e-05 1.550410144620909436e-04
3.628912634408602003e+02 7.620917045062787054e-05 1.547809038355023510e-04
3.630162634408602003e+02 7.598969619592285858e-05 1.545210972973019088e-04
3.631412634408602003e+02 7.577077294504507411e-05 1.542615949103921000e-04
3.632662634408602003e+02 7.555239966635191810e-05 1.540023967360429780e-04
3.633912634408602003e+02 7.533457532853158158e-05 1.537435028338972906e-04
3.635162634408602003e+02 7.511729890061091971e-05 1.534849132619756020e-04
3.636412634408602003e+02 7.490056935196679519e-05 1.532266280766800064e-04
3.637662634408602003e+02 7.468438565233133668e-05 1.529686473327996038e-04
3.638912634408602003e+02 7.446874677180432580e-05 1.527109710835127486e-04
3.640162634408602003e+02 7.425365168085869944e-05 1.524535993803945860e-04
3.641412634408602003e+02 7.403909935035011788e-05 1.521965322734190841e-04
3.642662634408602003e+02 7.382508875152758992e-05 1.519397698109647261e-04
3.643912634408602003e+02 7.361161885603763355e-05 1.516833120398189015e-04
3.645162634408602003e+02 7.339868863593690688e-05 1.514271590051815652e-04
3.646412634408602003e+02 7.318629706369771050e-05 1.511713107506702520e-04
3.647662634408602003e+02 7.297444311221701341e-05 1.509157673183259311e-04
3.648912634408602003e+02 7.276312575482633284e-05 1.506605287486147680e-04
3.650162634408602003e+02 7.255234396529668096e-05 1.504055950804346299e-04
3.651412634408602003e+02 7.234209671785133127e-05 1.501509663511196662e-04
3.652662634408602003e+02 7.213238298716916617e-05 1.498966425964419892e-04
3.653912634408602003e+02 7.192320174839470577e-05 1.496426238506199139e-04
3.655162634408602003e+02 7.171455197714768956e-05 1.493889101463215360e-04
3.656412634408602003e+02 7.150643264952837540e-05 1.491355015146671713e-04
3.657662634408602003e+02 7.129884274212774464e-05 1.488823979852356167e-04
3.658912634408602003e+02 7.109178123203290954e-05 1.486295995860685147e-04
3.660162634408602003e+02 7.088524709683769777e-05 1.483771063436739579e-04
3.661412634408602003e+02 7.067923931464875111e-05 1.481249182830325607e-04
3.662662634408602003e+02 7.047375686409303348e-05 1.478730354275998443e-04
3.663912634408602003e+02 7.026879872432678924e-05 1.476214577993134201e-04
3.665162634408602003e+02 7.006436387504185858e-05 1.473701854185954286e-04
3.666412634408602003e+02 6.986045129647357871e-05 1.471192183043557380e-04
3.667662634408602003e+02 6.965705996941058231e-05 1.468685564740006451e-04
3.668912634408602003e+02 6.945418887519765711e-05 1.466181999434339862e-04
3.670162634408602003e+02 6.925183699574810582e-05 1.463681487270628565e-04
3.671412634408602003e+02 6.905000331354750013e-05 1.461184028378022996e-04
3.672662634408602003e+02 6.884868681166272030e-05 1.458689622870789119e-04
3.673912634408602003e+02 6.864788647375010021e-05 1.456198270848361553e-04
3.675162634408602003e+02 6.844760128405935758e-05 1.453709972395383421e-04
3.676412634408602003e+02 6.824783022744619783e-05 1.451224727581752695e-04
3.677662634408602003e+02 6.804857228937387262e-05 1.448742536462674780e-04
3.678912634408602003e+02 6.784982645592343910e-05 1.446263399078690436e-04
3.680162634408602003e+02 6.765159171380086148e-05 1.443787315455738929e-04
3.681412634408602003e+02 6.745386705034241842e-05 1.441314285605191641e-04
3.682662634408602003e+02 6.725665145352383749e-05 1.438844309523902760e-04
3.683912634408602003e+02 6.705994391196497078e-05 1.436377387194251020e-04
3.685162634408602003e+02 6.686374341493871241e-05 1.433913518584185507e-04
3.686412634408602003e+02 6.666804895237689397e-05 1.431452703647266859e-04
3.687662634408602003e+02 6.647285951487647796e-05 1.428994942322727715e-04
3.688912634408602003e+02 6.627817409370825852e-05 1.426540234535493849e-04
3.690162634408602003e+02 6.608399168082104919e-05 1.424088580196245435e-04
3.691412634408602003e+02 6.589031126885092570e-05 1.421639979201466371e-04
3.692662634408602003e+02 6.569713185112571188e-05 1.419194431433454316e-04
3.693912634408602003e+02 6.550445242167340931e-05 1.416751936760416635e-04
3.695162634408602003e+02 6.531227197522761836e-05 1.414312495036488832e-04
3.696412634408602003e+02 6.512058950723366392e-05 1.411876106101770333e-04
3.697662634408602003e+02 6.492940401385687596e-05 1.409442769782384653e-04
3.698912634408602003e+02 6.473871449198700771e-05 1.407012485890520059e-04
3.700162634408602003e+02 6.454851993924567597e-05 1.404585254224471305e-04
3.701412634408602003e+02 6.435881935399251396e-05 1.402161074568688160e-04
3.702662634408602003e+02 6.416961173533189335e-05 1.399739946693815784e-04
3.703912634408602003e+02 6.398089608311881965e-05 1.397321870356751927e-04
3.705162634408602003e+02 6.379267139796440742e-05 1.394906845300677826e-04
3.706412634408602003e+02 6.360493668124287336e-05 1.392494871255094255e-04
3.707662634408602003e+02 6.341769093509836677e-05 1.390085947935891996e-04
3.708912634408602003e+02 6.323093316244918444e-05 1.387680075045385456e-04
3.710162634408602003e+02 6.304466236699579368e-05 1.385277252272343557e-04
3.711412634408602003e+02 6.285887755322575195e-05 1.382877479292063199e-04
3.712662634408602003e+02 6.267357772641923624e-05 1.380480755766384164e-04
3.713912634408602003e+02 6.248876189265652409e-05 1.378087081343745766e-04
3.715162634408602003e+02 6.230442905882215422e-05 1.375696455659240248e-04
3.716412634408602003e+02 6.212057823261219066e-05 1.373308878334642328e-04
3.717662634408602003e+02 6.193720842253872222e-05 1.370924348978463947e-04
3.718912634408602003e+02 6.175431863793704530e-05 1.368542867185990595e-04
3.720162634408602003e+02 6.157190788897069192e-05 1.366164432539331453e-04
3.721412634408602003e+02 6.138997518663625436e-05 1.363789044607467910e-04
3.722662634408602003e+02 6.120851954277067646e-05 1.361416702946286633e-04
3.723912634408602003e+02 6.102753997005569208e-05 1.359047407098633504e-04
3.725162634408602003e+02 6.084703548202338160e-05 1.356681156594349673e-04
3.726412634408602003e+02 6.066700509306280592e-05 1.354317950950322512e-04
3.727662634408602003e+02 6.048744781842436356e-05 1.351957789670533863e-04
3.728912634408602003e+02 6.030836267422581479e-05 1.349600672246090399e-04
3.730162634408602003e+02 6.012974867745718763e-05 1.347246598155276472e-04
3.731412634408602003e+02 5.995160484598632085e-05 1.344895566863606434e-04
3.732662634408602003e+02 5.977393019856488802e-05 1.342547577823836825e-04
3.733912634408602003e+02 5.959672375483239558e-05 1.340202630476052849e-04
3.735162634408602003e+02 5.941998453532276254e-05 1.337860724247694384e-04
3.736412634408602003e+02 5.924371156146907740e-05 1.335521858553590413e-04
3.737662634408602003e+02 5.906790385560754879e-05 1.333186032796011876e-04
3.738912634408602003e+02 5.889256044098502703e-05 1.330853246364715580e-04
3.740162634408602003e+02 5.871768034176164016e-05 1.328523498636987297e-04
3.741412634408602003e+02 5.854326258301793611e-05 1.326196788977682692e-04
3.742662634408602003e+02 5.836930619075843344e-05 1.323873116739284243e-04
3.743912634408602003e+02 5.819581019191658836e-05 1.321552481261924553e-04
3.745162634408602003e+02 5.802277361436204532e-05 1.319234881873448148e-04
3.746412634408602003e+02 5.785019548690185676e-05 1.316920317889432891e-04
3.747662634408602003e+02 5.767807483928879078e-05 1.314608788613264522e-04
3.748912634408602003e+02 5.750641070222322851e-05 1.312300293336156982e-04
3.750162634408602003e+02 5.733520210736076707e-05 1.309994831337202021e-04
3.751412634408602003e+02 5.716444808731471327e-05 1.307692401883420966e-04
3.752662634408602003e+02 5.699414767566167396e-05 1.305393004229793723e-04
3.753912634408602003e+02 5.682429990694725492e-05 1.303096637619312174e-04
3.755162634408602003e+02 5.665490381668845287e-05 1.300803301283020566e-04
3.756412634408602003e+02 5.648595844138064179e-05 1.298512994440057791e-04
3.757662634408602003e+02 5.631746281850031054e-05 1.296225716297709702e-04
3.758912634408602003e+02 5.614941598651019926e-05 1.293941466051434319e-04
3.760162634408602003e+02 5.598181698486458485e-05 1.291660242884921732e-04
3.761412634408602003e+02 5.581466485401294017e-05 1.289382045970132319e-04
3.762662634408602003e+02 5.564795863540467064e-05 1.287106874467337943e-04
3.763912634408602003e+02 5.548169737149302413e-05 1.284834727525163429e-04
3.765162634408602003e+02 5.531588010573954299e-05 1.282565604280638599e-04
3.766412634408602003e+02 5.515050588261970188e-05 1.280299503859224568e-04
3.767662634408602003e+02 5.498557374762505588e-05 1.278036425374882046e-04
3.768912634408602003e+02 5.482108274726935938e-05 1.275776367930089232e-04
3.770162634408602003e+02 5.465703192909192722e-05 1.273519330615898457e-04
3.771412634408602003e+02 5.449342034166148349e-05 1.271265312511976034e-04
3.772662634408602003e+02 5.433024703458148099e-05 1.269014312686635323e-04
3.773912634408602003e+02 5.416751105849270325e-05 1.266766330196899886e-04
3.775162634408602003e+02 5.400521146507887533e-05 1.264521364088535475e-04
3.776412634408602003e+02 5.384334730706947592e-05 1.262279413396087972e-04
3.777662634408602003e+02 5.368191763824414195e-05 1.260040477142929474e-04
3.778912634408602003e+02 5.352092151343799470e-05 1.257804554341304638e-04
3.780162634408602003e+02 5.335859531140211599e-05 1.255571643992368632e-04
3.781412634408602003e+02 5.319632438329831579e-05 1.253341745086228873e-04
3.782662634408602003e+02 5.303449656697142124e-05 1.251114856602000597e-04
3.783912634408602003e+02 5.287311087512068281e-05 1.248890977507825827e-04
3.785162634408602003e+02 5.271216632162747695e-05 1.246670106760938701e-04
3.786412634408602003e+02 5.255166192156021209e-05 1.244452243307680919e-04
3.787662634408602003e+02 5.239159669117660545e-05 1.242237386083577637e-04
3.788912634408602003e+02 5.223196964792875167e-05 1.240025534013354275e-04
3.790162634408602003e+02 5.207277981046659908e-05 1.237816686010986930e-04
3.791412634408602003e+02 5.191402619864046367e-05 1.235610840979751437e-04
3.792662634408602003e+02 5.175570783350677534e-05 1.233407997812249117e-04
3.793912634408602003e+02 5.159782373732915538e-05 1.231208155390459906e-04
3.795162634408602003e+02 5.144037293358452858e-05 1.229011312585783552e-04
3.796412634408602003e+02 5.128335444696486482e-05 1.226817468259080817e-04
3.797662634408602003e+02 5.112676730338210535e-05 1.224626621260711150e-04
3.798912634408602003e+02 5.097061052996926055e-05 1.222438770430578771e-04
3.800162634408602003e+02 5.081488315508695585e-05 1.220253914598173591e-04
3.801412634408602003e+02 5.065958420832479368e-05 1.218072052582614724e-04
3.802662634408602003e+02 5.050471272050545321e-05 1.215893183192684365e-04
3.803912634408602003e+02 5.035026772368810546e-05 1.213717305226879152e-04
3.805162634408602003e+02 5.019624825117028369e-05 1.211544417473445543e-04
3.806412634408602003e+02 5.004265333749376507e-05 1.209374518710418570e-04
3.807662634408602003e+02 4.988948201844580404e-05 1.207207607705678494e-04
3.808912634408602003e+02 4.973673333106318450e-05 1.205043683216970319e-04
3.810162634408602003e+02 4.958440631363534364e-05 1.202882743991957594e-04
3.811412634408602003e+02 4.943250000570637096e-05 1.200724788768268764e-04
3.812662634408602003e+02 4.928101344808015824e-05 1.198569816273513974e-04
3.813912634408602003e+02 4.912994568282222910e-05 1.196417825225359882e-04
3.815162634408602003e+02 4.897929575326301197e-05 1.194268814331547545e-04
3.816412634408602003e+02 4.882906270400042860e-05 1.192122782289938904e-04
3.817662634408602003e+02 4.867924558090392593e-05 1.189979727788553922e-04
3.818912634408602003e+02 4.852984343111629216e-05 1.187839649505632649e-04
3.820162634408602003e+02 4.838085530305732268e-05 1.185702546109641055e-04
3.821412634408602003e+02 4.823228024642703203e-05 1.183568416259337162e-04
3.822662634408602003e+02 4.808411731220677200e-05 1.181437258603802081e-04
3.823912634408602003e+02 4.793636555266461870e-05 1.179309071782483922e-04
3.825162634408602003e+02 4.778902402135571146e-05 1.177183854425240081e-04
3.826412634408602003e+02 4.764209177312697582e-05 1.175061605152361900e-04
3.827662634408602003e+02 4.749556786411883794e-05 1.172942322574641077e-04
3.828912634408602003e+02 4.734945135176766407e-05 1.170826005293392977e-04
3.830162634408602003e+02 4.720374129480936552e-05 1.168712651900498238e-04
3.831412634408602003e+02 4.705843675328181099e-05 1.166602260978444918e-04
3.832662634408602003e+02 4.691353678852683236e-05 1.164494831100373494e-04
3.833912634408602003e+02 4.676904046319288775e-05 1.162390360830100434e-04
3.835162634408602003e+02 4.662494684123878172e-05 1.160288848722189765e-04
3.836412634408602003e+02 4.648125498793473587e-05 1.158190293321956048e-04
3.837662634408602003e+02 4.633796396986609550e-05 1.156094693165531464e-04
3.838912634408602003e+02 4.619507285493458997e-05 1.154002046779879504e-04
3.840162634408602003e+02 4.605258071236147013e-05 1.151912352682867339e-04
3.841412634408602003e+02 4.591048661269022557e-05 1.149825609383280860e-04
3.842662634408602003e+02 4.576878962778853621e-05 1.147741815380876182e-04
3.843912634408602003e+02 4.562748883085041360e-05 1.145660969166412032e-04
3.845162634408602003e+02 4.548658329639951450e-05 1.143583069221691629e-04
3.846412634408602003e+02 4.534607210028926964e-05 1.141508114019605641e-04
3.847662634408602003e+02 4.520595431970803366e-05 1.139436102024164445e-04
3.848912634408602003e+02 4.506622903317933587e-05 1.137367031690543929e-04
3.850162634408602003e+02 4.492689532056497019e-05 1.135300901465116803e-04
3.851412634408602003e+02 4.478795226306628264e-05 1.133237709785516297e-04
3.852662634408602003e+02 4.464939894322724780e-05 1.131177455080627345e-04
3.853912634408602003e+02 4.451123444493635257e-05 1.129120135770674276e-04
3.855162634408602003e+02 4.437345785342860198e-05 1.127065750267232196e-04
3.856412634408602003e+02 4.423606825528764690e-05 1.125014296973274558e-04
3.857662634408602003e+02 4.409906473844747813e-05 1.122965774283210159e-04
3.858912634408602003e+02 4.396244639219490651e-05 1.120920180582923528e-04
3.860162634408602003e+02 4.382621230717143317e-05 1.118877514249810840e-04
3.861412634408602003e+02 4.369036157537533661e-05 1.116837773652820979e-04
3.862662634408602003e+02 4.355489329016339387e-05 1.114800957152491860e-04
3.863912634408602003e+02 4.341980654625250685e-05 1.112767063100991222e-04
3.865162634408602003e+02 4.328510043972241280e-05 1.110736089842157150e-04
3.866412634408602003e+02 4.315077406801664655e-05 1.108708035711514878e-04
3.867662634408602003e+02 4.301682652994525779e-05 1.106682899036363259e-04
3.868912634408602003e+02 4.288325692568559715e-05 1.104660678135760529e-04
3.870162634408602003e+02 4.275006435678500632e-05 1.102641371320589906e-04
3.871412634408602003e+02 4.261724792616245118e-05 1.100624976893594417e-04
3.872662634408602003e+02 4.248480673810922648e-05 1.098611493149410782e-04
3.873912634408602003e+02 4.235273989829239146e-05 1.096600918374608847e-04
3.875162634408602003e+02 4.222104651375453943e-05 1.094593250847731842e-04
3.876412634408602003e+02 4.208972569291720623e-05 1.092588488839331206e-04
3.877662634408602003e+02 4.195877654558124293e-05 1.090586630612007380e-04
3.878912634408602003e+02 4.182819818292926204e-05 1.088587674420435017e-04
3.880162634408602003e+02 4.169798971752632875e-05 1.086591618511420715e-04
3.881412634408602003e+02 4.156815026332214279e-05 1.084598461123923346e-04
3.882662634408602003e+02 4.143867893565256319e-05 1.082608200489111112e-04
3.883912634408602003e+02 4.130957485124096346e-05 1.080620834830373604e-04
3.885162634408602003e+02 4.118083712820008833e-05 1.078636362363372901e-04
3.886412634408602003e+02 4.105246488603188430e-05 1.076654781296083679e-04
3.887662634408602003e+02 4.092445724563140960e-05 1.074676089828822625e-04
3.888912634408602003e+02 4.079681332928649534e-05 1.072700286154289092e-04
3.890162634408602003e+02 4.066953226067977160e-05 1.070727368457602912e-04
3.891412634408602003e+02 4.054261316488990752e-05 1.068757334916341933e-04
3.892662634408602003e+02 4.041605516839265485e-05 1.066790183700568317e-04
3.893912634408602003e+02 4.028985739906241998e-05 1.064825912972881930e-04
3.895162634408602003e+02 4.016401898617381579e-05 1.062864520888446912e-04
3.896412634408602003e+02 4.003853906040246119e-05 1.060906005595030566e-04
3.897662634408602003e+02 3.991341675382673618e-05 1.058950365233032772e-04
3.898912634408602003e+02 3.978865119992796483e-05 1.056997597935546024e-04
3.900162634408602003e+02 3.966424153359274631e-05 1.055047701828357187e-04
3.901412634408602003e+02 3.954018689111362571e-05 1.053100675030010117e-04
3.902662634408602003e+02 3.941648641019034093e-05 1.051156515651830456e-04
3.903912634408602003e+02 3.929313922993096103e-05 1.049215221797963990e-04
3.905162634408602003e+02 3.917014449085259100e-05 1.047276791565418931e-04
3.906412634408602003e+02 3.904750133488271344e-05 1.045341223044083534e-04
3.907662634408602003e+02 3.892520890536078779e-05 1.043408514316787356e-04
3.908912634408602003e+02 3.880326634703865009e-05 1.041478663459319417e-04
3.910162634408602003e+02 3.868167280608112286e-05 1.039551668540467908e-04
3.911412634408602003e+02 3.856042743006818352e-05 1.037627527622057730e-04
3.912662634408602003e+02 3.843952936799507279e-05 1.035706238758986276e-04
3.913912634408602003e+02 3.831897777027321625e-05 1.033787799999252025e-04
3.915162634408602003e+02 3.819877178873180325e-05 1.031872209384009700e-04
3.916412634408602003e+02 3.807891057661771911e-05 1.029959464947576773e-04
3.917662634408602003e+02 3.795939328859737475e-05 1.028049564717495946e-04
3.918912634408602003e+02 3.784021908075724196e-05 1.026142506714542601e-04
3.920162634408602003e+02 3.772138711060400929e-05 1.024238288952789987e-04
3.921412634408602003e+02 3.760289653706674369e-05 1.022336909439624131e-04
3.922662634408602003e+02 3.748474652049611799e-05 1.020438366175783953e-04
3.923912634408602003e+02 3.736693622266659286e-05 1.018542657155399481e-04
3.925162634408602003e+02 3.724946480677632194e-05 1.016649780366022212e-04
3.926412634408602003e+02 3.713233143744846648e-05 1.014759733788660889e-04
3.927662634408602003e+02 3.701553528073061249e-05 1.012872515397817823e-04
3.928912634408602003e+02 3.689907550409737293e-05 1.010988123161524806e-04
3.930162634408602003e+02 3.678295127644966257e-05 1.009106555041366964e-04
3.931412634408602003e+02 3.666716176811590420e-05 1.007227808992546453e-04
3.932662634408602003e+02 3.655170615085263848e-05 1.005351882963869179e-04
3.933912634408602003e+02 3.643658359784433424e-05 1.003478774897823266e-04
3.935162634408602003e+02 3.632179328370542808e-05 1.001608482730590713e-04
3.936412634408602003e+02 3.620733438447975520e-05 9.997410043920894026e-05
3.937662634408602003e+02 3.609320607764159971e-05 9.978763378060010250e-05
3.938912634408602003e+02 3.597940754209623675e-05 9.960144808898134929e-05
3.940162634408602003e+02 3.586593795817951232e-05 9.941554315548462863e-05
3.941412634408602003e+02 3.575279650765991686e-05 9.922991877062908395e-05
3.942662634408602003e+02 3.563998237373804313e-05 9.904457472432392714e-05
3.943912634408602003e+02 3.552749474104719606e-05 9.885951080587257217e-05
3.945162634408602003e+02 3.541533279565360284e-05 9.867472680397438331e-05
3.946412634408602003e+02 3.530349572505754455e-05 9.849022250672963535e-05
3.947662634408602003e+02 3.519198271819288859e-05 9.830599770164341676e-05
3.948912634408602003e+02 3.508079296542803734e-05 9.812205217562660546e-05
3.950162634408602003e+02 3.496992565856638221e-05 9.793838571500091035e-05
3.951412634408602003e+02 3.485937999084567343e-05 9.775499810550154116e-05
3.952662634408602003e+02 3.474915515693981574e-05 9.757188913228116581e-05
3.953912634408602003e+02 3.463925035295768934e-05 9.738905857991252601e-05
3.955162634408602003e+02 3.452966477644467457e-05 9.720650623239202872e-05
3.956412634408602003e+02 3.442039762638221816e-05 9.702423187314318845e-05
3.957662634408602003e+02 3.431144810318792818e-05 9.684223528501996123e-05
3.958912634408602003e+02 3.420281540871644135e-05 9.666051625030877743e-05
3.960162634408602003e+02 3.409449874625932820e-05 9.647907455073408481e-05
3.961412634408602003e+02 3.398649732054508625e-05 9.629790996745928359e-05
3.962662634408602003e+02 3.387881033773922139e-05 9.611702228109268958e-05
3.963912634408602003e+02 3.377143700544518973e-05 9.593641127168761552e-05
3.965162634408602003e+02 3.366437653270367255e-05 9.575607671874767008e-05
3.966412634408602003e+02 3.355762812999329460e-05 9.557601840122954969e-05
3.967662634408602003e+02 3.345119100923019042e-05 9.539623609754612854e-05
3.968912634408602003e+02 3.334506438376834989e-05 9.521672958556960274e-05
3.970162634408602003e+02 3.323924746839988933e-05 9.503749864263502753e-05
3.971412634408602003e+02 3.313373947935492272e-05 9.485854304554348861e-05
3.972662634408602003e+02 3.302853963430146686e-05 9.467986257056437889e-05
3.973912634408602003e+02 3.292364715234597666e-05 9.450145699343991156e-05
3.975162634408602003e+02 3.281906125403207122e-05 9.432332608938781701e-05
3.976412634408602003e+02 3.271478116134229566e-05 9.414546963310390423e-05
3.977662634408602003e+02 3.261080609769679976e-05 9.396788739876584201e-05
3.978912634408602003e+02 3.250713528795402233e-05 9.379057916003703495e-05
3.980162634408602003e+02 3.240376795840976289e-05 9.361354469006774831e-05
3.981412634408602003e+02 3.230070333679794061e-05 9.343678376150009533e-05
3.982662634408602003e+02 3.219794065229026226e-05 9.326029614647008369e-05
3.983912634408602003e+02 3.209547913549599859e-05 9.308408161661174901e-05
3.985162634408602003e+02 3.199331801846197080e-05 9.290813994305861855e-05
3.986412634408602003e+02 3.189145653467210330e-05 9.273247089644873914e-05
3.987662634408602003e+02 3.178989391904762018e-05 9.255707424692668302e-05
3.988912634408602003e+02 3.168862940794677424e-05 9.238194976414682751e-05
3.990162634408602003e+02 3.158766223916475204e-05 9.220709721727641790e-05
3.991412634408602003e+02 3.148699165193326739e-05 9.203251637499863032e-05
3.992662634408602003e+02 3.138661688692018860e-05 9.185820700551581078e-05
3.993912634408602003e+02 3.128653718622991122e-05 9.168416887655202305e-05
3.995162634408602003e+02 3.118675179340242289e-05 9.151040175535757521e-05
3.996412634408602003e+02 3.108725995341364215e-05 9.133690540870979216e-05
3.997662634408602003e+02 3.098806091267446302e-05 9.116367960291808423e-05
3.998912634408602003e+02 3.088915391903112765e-05 9.099072410382495009e-05
4.000162634408602003e+02 3.079053822176470458e-05 9.081803867681138419e-05
4.001412634408602003e+02 3.069221307159021459e-05 9.064562308679800166e-05
4.002662634408602003e+02 3.059417772065738963e-05 9.047347709824921243e-05
4.003912634408602003e+02 3.049643142254899911e-05 9.030160047517533548e-05
4.005162634408602003e+02 3.039897343228173079e-05 9.012999298113608180e-05
4.006412634408602003e+02 3.030180300630492364e-05 8.995865437924344110e-05
4.007662634408602003e+02 3.020491940250073383e-05 8.978758443216467691e-05
4.008912634408602003e+02 3.010832188018323013e-05 8.961678290212510484e-05
4.010162634408602003e+02 3.001200970009817705e-05 8.944624955091093864e-05
4.011412634408602003e+02 2.991598212442281800e-05 8.927598413987410130e-05
4.012662634408602003e+02 2.982023841676520107e-05 8.910598642993118157e-05
4.013912634408602003e+02 2.972477784216392488e-05 8.893625618157023724e-05
4.015162634408602003e+02 2.962959966708679694e-05 8.876679315485196077e-05
4.016412634408602003e+02 2.953470315943167385e-05 8.859759710941274204e-05
4.017662634408602003e+02 2.944008758852505864e-05 8.842866780446774488e-05
4.018912634408602003e+02 2.934575222512187377e-05 8.826000499881390211e-05
4.020162634408602003e+02 2.925169634140488173e-05 8.809160845083258541e-05
4.021412634408602003e+02 2.915791921098391599e-05 8.792347791849260043e-05
4.022662634408602003e+02 2.906442010889556584e-05 8.775561315935292441e-05
4.023912634408602003e+02 2.897119831160274275e-05 8.758801393056622980e-05
4.025162634408602003e+02 2.887825309699374861e-05 8.742067998888018536e-05
4.026412634408602003e+02 2.878558374438201149e-05 8.725361109064192844e-05
4.027662634408602003e+02 2.869318953450491669e-05 8.708680699180116854e-05
4.028912634408602003e+02 2.860106974952376951e-05 8.692026744791104111e-05
4.030162634408602003e+02 2.850922367302292446e-05 8.675399221413240369e-05
4.031412634408602003e+02 2.841765059000934146e-05 8.658798104523654645e-05
4.032662634408602003e+02 2.832634978691118312e-05 8.642223369560765871e-05
4.033912634408602003e+02 2.823532055157823150e-05 8.625674991924568854e-05
4.035162634408602003e+02 2.814456217328018385e-05 8.609152946976952761e-05
4.036412634408602003e+02 2.805407394270673736e-05 8.592657210041934222e-05
4.037662634408602003e+02 2.796385515196654896e-05 8.576187756405992076e-05
4.038912634408602003e+02 2.787390509458604612e-05 8.559744561318209676e-05
4.040162634408602003e+02 2.778422306550967414e-05 8.543327599990749224e-05
4.041412634408602003e+02 2.769480836109837493e-05 8.526936847598945283e-05
4.042662634408602003e+02 2.760566027912897372e-05 8.510572279281802160e-05
4.043912634408602003e+02 2.751677811879374541e-05 8.494233870141985768e-05
4.045162634408602003e+02 2.742816118069901185e-05 8.477921595246299324e-05
4.046412634408602003e+02 2.733980876686498940e-05 8.461635429625906965e-05
4.047662634408602003e+02 2.725172018072473520e-05 8.445375348276566848e-05
4.048912634408602003e+02 2.716389472712304266e-05 8.429141326158969970e-05
4.050162634408602003e+02 2.707633171231586886e-05 8.412933338198940738e-05
4.051412634408602003e+02 2.698903044396965014e-05 8.396751359287802892e-05
4.052662634408602003e+02 2.690199023116019418e-05 8.380595364282481148e-05
4.053912634408602003e+02 2.681521038437185330e-05 8.364465328005964693e-05
4.055162634408602003e+02 2.672869021549692138e-05 8.348361225247458975e-05
4.056412634408602003e+02 2.664242903783382797e-05 8.332283030762683857e-05
4.057662634408602003e+02 2.655642616608762282e-05 8.316230719274094526e-05
4.058912634408602003e+02 2.647068091636805477e-05 8.300204265471304327e-05
4.060162634408602003e+02 2.638519260618901274e-05 8.284203644011113230e-05
4.061412634408602003e+02 2.629996055446765158e-05 8.268228829517942859e-05
4.062662634408602003e+02 2.621498408152286402e-05 8.252279796584030297e-05
4.063912634408602003e+02 2.613026250907529084e-05 8.236356519769758770e-05
4.065162634408602003e+02 2.604579516024566068e-05 8.220458973603760641e-05
4.066412634408602003e+02 2.596158135955405484e-05 8.204587132583405302e-05
4.067662634408602003e+02 2.587762043291901275e-05 8.188740971174876429e-05
4.068912634408602003e+02 2.579391170765590915e-05 8.172920463813527049e-05
4.070162634408602003e+02 2.571045451247693704e-05 8.157125584904089614e-05
4.071412634408602003e+02 2.562724817748949843e-05 8.141356308820948398e-05
4.072662634408602003e+02 2.554429203419529283e-05 8.125612609908410553e-05
4.073912634408602003e+02 2.546158541548901628e-05 8.109894462480913462e-05
4.075162634408602003e+02 2.537912765565789375e-05 8.094201840823425892e-05
4.076412634408602003e+02 2.529691809038005625e-05 8.078534719191483231e-05
4.077662634408602003e+02 2.521495605672385639e-05 8.062893071811627946e-05
4.078912634408602003e+02 2.513324089314678423e-05 8.047276872881486834e-05
4.080162634408602003e+02 2.505177193949380366e-05 8.031686096570233159e-05
4.081412634408602003e+02 2.497054853699721689e-05 8.016120717018680166e-05
4.082662634408602003e+02 2.488957002827464854e-05 8.000580708339594148e-05
4.083912634408602003e+02 2.480883575732864579e-05 7.985066044617928900e-05
4.085162634408602003e+02 2.472834506954515714e-05 7.969576699911089994e-05
4.086412634408602003e+02 2.464809731169227881e-05 7.954112648249146201e-05
4.087662634408602003e+02 2.456809183191956353e-05 7.938673863635134422e-05
4.088912634408602003e+02 2.448832797975665515e-05 7.923260320045261618e-05
4.090162634408602003e+02 2.440880510611200790e-05 7.907871991429135205e-05
4.091412634408602003e+02 2.432952256327165655e-05 7.892508851710162857e-05
4.092662634408602003e+02 2.425047970489846417e-05 7.877170874785502353e-05
4.093912634408602003e+02 2.417167588603060091e-05 7.861858034526590135e-05
4.095162634408602003e+02 2.409311046308045641e-05 7.846570304779238879e-05
4.096412634408602003e+02 2.401478279383330145e-05 7.831307659363927524e-05
4.097662634408602003e+02 2.393669223744609539e-05 7.816070072075999135e-05
4.098912634408602003e+02 2.385883815444653742e-05 7.800857516685973971e-05
4.100162634408602003e+02 2.378121990673162667e-05 7.785669966939725661e-05
4.101412634408602003e+02 2.370383685756634754e-05 7.770507396558748198e-05
4.102662634408602003e+02 2.362668837158274823e-05 7.755369779240387678e-05
4.103912634408602003e+02 2.354977381477792471e-05 7.740257088658107935e-05
4.105162634408602003e+02 2.347309255451383441e-05 7.725169298461607092e-05
4.106412634408602003e+02 2.339664395951524640e-05 7.710106382277313582e-05
4.107662634408602003e+02 2.332042739986890114e-05 7.695068313708342781e-05
4.108912634408602003e+02 2.324444224702167409e-05 7.680055066334875123e-05
4.110162634408602003e+02 2.316868787377979985e-05 7.665066613714372943e-05
4.111412634408602003e+02 2.309316365430743898e-05 7.650102929381802732e-05
4.112662634408602003e+02 2.301786896412537015e-05 7.635163986849870959e-05
4.113912634408602003e+02 2.294280318010954344e-05 7.620249759609255813e-05
4.115162634408602003e+02 2.286796568048980301e-05 7.605360221128851152e-05
4.116412634408602003e+02 2.279335584484855896e-05 7.590495344855965724e-05
4.117662634408602003e+02 2.271897305411960143e-05 7.575655104216615901e-05
4.118912634408602003e+02 2.264481669058657603e-05 7.560839472615631389e-05
4.120162634408602003e+02 2.257088613788171320e-05 7.546048423437050963e-05
4.121412634408602003e+02 2.249718078098422909e-05 7.531281930044194295e-05
4.122662634408602003e+02 2.242370000621939037e-05 7.516539965780063106e-05
4.123912634408602003e+02 2.235044320125672873e-05 7.501822503967362854e-05
4.125162634408602003e+02 2.227740975510897700e-05 7.487129517908878138e-05
4.126412634408602003e+02 2.220459905813029034e-05 7.472460980887631261e-05
4.127662634408602003e+02 2.213201050201525359e-05 7.457816866167132951e-05
4.128912634408602003e+02 2.205964347979736669e-05 7.443197146991600561e-05
4.130162634408602003e+02 2.198749738584724228e-05 7.428601796586174907e-05
4.131412634408602003e+02 2.191557161587190429e-05 7.414030788157172341e-05
4.132662634408602003e+02 2.184386556691252470e-05 7.399484094892213508e-05
4.133912634408602003e+02 2.177237863734375267e-05 7.384961689960564863e-05
4.135162634408602003e+02 2.170111022687179689e-05 7.370463546513298595e-05
4.136412634408602003e+02 2.163005973653322277e-05 7.355989637683509465e-05
4.137662634408602003e+02 2.155922656869324480e-05 7.341539936586518092e-05
4.138912634408602003e+02 2.148861012704438830e-05 7.327114416320189446e-05
4.140162634408602003e+02 2.141820981660520865e-05 7.312713049964984335e-05
4.141412634408602003e+02 2.134802504371854302e-05 7.298335810584315848e-05
4.142662634408602003e+02 2.127805521605034489e-05 7.283982671224687583e-05
4.143912634408602003e+02 2.120829974258746139e-05 7.269653604915966058e-05
4.145162634408602003e+02 2.113875803363722000e-05 7.255348584671494547e-05
4.146412634408602003e+02 2.106942950082509405e-05 7.241067583488450872e-05
4.147662634408602003e+02 2.100031355709358472e-05 7.226810574347950400e-05
4.148912634408602003e+02 2.093140961670060486e-05 7.212577530215289986e-05
4.150162634408602003e+02 2.086271709521781540e-05 7.198368424040183791e-05
4.151412634408602003e+02 2.079423540952927353e-05 7.184183228756924554e-05
4.152662634408602003e+02 2.072596397782999609e-05 7.170021917284637029e-05
4.153912634408602003e+02 2.065790221962417067e-05 7.155884462527437896e-05
4.155162634408602003e+02 2.059004955572389182e-05 7.141770837374769164e-05
4.156412634408602003e+02 2.052240540824720608e-05 7.127681014701419846e-05
4.157662634408602003e+02 2.045496920061692957e-05 7.113614967367882396e-05
4.158912634408602003e+02 2.038774035755899793e-05 7.099572668220435377e-05
4.160162634408602003e+02 2.032071830510096878e-05 7.085554090091491760e-05
4.161412634408602003e+02 2.025390247057001593e-05 7.071559205799697861e-05
4.162662634408602003e+02 2.018729228259205527e-05 7.057587988150181349e-05
4.163912634408602003e+02 2.012088717108950520e-05 7.043640409934735563e-05
4.165162634408602003e+02 2.005468656728015499e-05 7.029716443932034994e-05
4.166412634408602003e+02 1.998868990367546394e-05 7.015816062907831799e-05
4.167662634408602003e+02 1.992289661407860982e-05 7.001939239615165864e-05
4.168912634408602003e+02 1.985730613358344872e-05 6.988085946794540988e-05
4.170162634408602003e+02 1.979191789857259395e-05 6.974256157174130882e-05
4.171412634408602003e+02 1.972673134671569493e-05 6.960449843470093584e-05
4.172662634408602003e+02 1.966174591696812250e-05 6.946666978386510476e-05
4.173912634408602003e+02 1.959696104956913944e-05 6.932907534615851135e-05
4.175162634408602003e+02 1.953237618604026051e-05 6.919171484839019412e-05
4.176412634408602003e+02 1.946799076918362284e-05 6.905458801725602796e-05
4.177662634408602003e+02 1.940380424308077293e-05 6.891769457934055377e-05
4.178912634408602003e+02 1.933981605309001038e-05 6.878103426111890288e-05
4.180162634408602003e+02 1.927602564584600500e-05 6.864460678895887061e-05
4.181412634408602003e+02 1.921243246925714396e-05 6.850841188912269166e-05
4.182662634408602003e+02 1.914903597250424422e-05 6.837244928776916783e-05
4.183912634408602003e+02 1.908583560603925158e-05 6.823671871095556539e-05
4.185162634408602003e+02 1.902283082158258090e-05 6.810121988463867216e-05
4.186412634408602003e+02 1.896002107212274010e-05 6.796595253467889041e-05
4.187662634408602003e+02 1.889740581191352812e-05 6.783091638683968116e-05
4.188912634408602003e+02 1.883498449647291688e-05 6.769611116679084394e-05
4.190162634408602003e+02 1.877275658258151640e-05 6.756153660011007529e-05
4.191412634408602003e+02 1.871072152828009814e-05 6.742719241228487968e-05
4.192662634408602003e+02 1.864887879286901220e-05 6.729307832871442622e-05
4.193912634408602003e+02 1.858722783690551069e-05 6.715919407471143243e-05
4.195162634408602003e+02 1.852576812220256531e-05 6.702553937550412939e-05
4.196412634408602003e+02 1.846449911182704111e-05 6.689211395623777961e-05
4.197662634408602003e+02 1.840342027009786354e-05 6.675891754197727911e-05
4.198912634408602003e+02 1.834253106258470044e-05 6.662594985770771308e-05
4.200162634408602003e+02 1.828183095610568185e-05 6.649321062833759492e-05
4.201412634408602003e+02 1.822131941872601085e-05 6.636069957869962521e-05
4.202662634408602003e+02 1.816099591975625597e-05 6.622841643355383587e-05
4.203912634408602003e+02 1.810085992975037929e-05 6.609636091758760372e-05
4.205162634408602003e+02 1.804091092050445910e-05 6.596453275541884888e-05
4.206412634408602003e+02 1.798114836505427077e-05 6.583293167159728161e-05
4.207662634408602003e+02 1.792157173767439571e-05 6.570155739060636740e-05
4.208912634408602003e+02 1.786218051387547694e-05 6.557040963686499397e-05
4.210162634408602003e+02 1.780297417040325011e-05 6.543948813472943635e-05
4.211412634408602003e+02 1.774395218523670711e-05 6.530879260849513227e-05
4.212662634408602003e+02 1.768511403758589383e-05 6.517832278239790191e-05
4.213912634408602003e+02 1.762645920789054807e-05 6.504807838061659061e-05
4.215162634408602003e+02 1.756798717781817172e-05 6.491805912727424796e-05
4.216412634408602003e+02 1.750969743026219782e-05 6.478826474644022845e-05
4.217662634408602003e+02 1.745158944934063861e-05 6.465869496213116723e-05
4.218912634408602003e+02 1.739366272039365632e-05 6.452934949831435469e-05
4.220162634408602003e+02 1.733591672998227565e-05 6.440022807890751963e-05
4.221412634408602003e+02 1.727835096588640169e-05 6.427133042778168887e-05
4.222662634408602003e+02 1.722096491710299715e-05 6.414265626876274572e-05
4.223912634408602003e+02 1.716375807384463897e-05 6.401420532563319187e-05
4.225162634408602003e+02 1.710672992753717376e-05 6.388597732213317738e-05
4.226412634408602003e+02 1.704987997081838289e-05 6.375797198196344153e-05
4.227662634408602003e+02 1.699320769753590553e-05 6.363018902878599049e-05
4.228912634408602003e+02 1.693671260274554120e-05 6.350262818622611665e-05
4.230162634408602003e+02 1.688039418270964723e-05 6.337528917787422817e-05
4.231412634408602003e+02 1.682425193489490590e-05 6.324817172728727202e-05
4.232662634408602003e+02 1.676828535797085070e-05 6.312127555799055005e-05
4.233912634408602003e+02 1.671249395180792146e-05 6.299460039347904708e-05
4.235162634408602003e+02 1.665687721747556704e-05 6.286814595722022274e-05
4.236412634408602003e+02 1.660143465724089006e-05 6.274191197265399796e-05
4.237662634408602003e+02 1.654616577456590929e-05 6.261589816319577712e-05
4.238912634408602003e+02 1.649107007410684816e-05 6.249010425223675978e-05
4.240162634408602003e+02 1.643614706171133276e-05 6.236452996314719333e-05
4.241412634408602003e+02 1.638139624441734490e-05 6.223917501927672528e-05
4.242662634408602003e+02 1.632681713045078267e-05 6.211403914395659883e-05
4.243912634408602003e+02 1.627240922922378331e-05 6.198912206050103519e-05
4.245162634408602003e+02 1.621817205133333070e-05 6.186442349220902255e-05
4.246412634408602003e+02 1.616410510855869050e-05 6.173994316236567129e-05
4.247662634408602003e+02 1.611020791386027858e-05 6.161568079424408428e-05
4.248912634408602003e+02 1.605647998137727910e-05 6.149163611110673917e-05
4.250162634408602003e+02 1.600292082642583530e-05 6.136780883620696569e-05
4.251412634408602003e+02 1.594952996549773487e-05 6.124419869279157478e-05
4.252662634408602003e+02 1.589630691625787564e-05 6.112080540410028942e-05
4.253912634408602003e+02 1.584325119754301196e-05 6.099762869336934282e-05
4.255162634408602003e+02 1.579036232935927123e-05 6.087466828383214924e-05
4.256412634408602003e+02 1.573763983288074440e-05 6.075192389872086936e-05
4.257662634408602003e+02 1.568508323044772755e-05 6.062939526126812464e-05
4.258912634408602003e+02 1.563269204556431632e-05 6.050708209470854229e-05
4.260162634408602003e+02 1.558046580289725055e-05 6.038498412228006314e-05
4.261412634408602003e+02 1.552840402827322747e-05 6.026310106722572376e-05
4.262662634408602003e+02 1.547650624867768202e-05 6.014143265279501849e-05
4.263912634408602003e+02 1.542477199225284542e-05 6.001997860224570196e-05
4.265162634408602003e+02 1.537320078829547171e-05 5.989873863884429049e-05
4.266412634408602003e+02 1.532179216725550967e-05 5.977771248586958577e-05
4.267662634408602003e+02 1.527054566073361247e-05 5.965689986661191590e-05
4.268912634408602003e+02 1.521946080147974859e-05 5.953630050437607634e-05
4.270162634408602003e+02 1.516853712339127395e-05 5.941591412248229884e-05
4.271412634408602003e+02 1.511777416151077536e-05 5.929574044426766773e-05
4.272662634408602003e+02 1.506717145202437477e-05 5.917577919308797662e-05
4.273912634408602003e+02 1.501672853225980141e-05 5.905603009231873124e-05
4.275162634408602003e+02 1.496644494068466218e-05 5.893649286535692489e-05
4.276412634408602003e+02 1.491632021690424270e-05 5.881716723562245460e-05
4.277662634408602003e+02 1.486635390165983532e-05 5.869805292655951034e-05
4.278912634408602003e+02 1.481654553682683836e-05 5.857914966163767949e-05
4.280162634408602003e+02 1.476689466541269271e-05 5.846045716435416950e-05
4.281412634408602003e+02 1.471740083155536737e-05 5.834197515823440417e-05
4.282662634408602003e+02 1.466806358052096405e-05 5.822370336683449022e-05
4.283912634408602003e+02 1.461888245870216365e-05 5.810564151374134604e-05
4.285162634408602003e+02 1.456985701361624428e-05 5.798778932257496498e-05
4.286412634408602003e+02 1.452098679390305340e-05 5.787014651698961471e-05
4.287662634408602003e+02 1.447227134932344594e-05 5.775271282067518573e-05
4.288912634408602003e+02 1.442371023075699558e-05 5.763548795735874312e-05
4.290162634408602003e+02 1.437530299020009573e-05 5.751847165080571915e-05
4.291412634408602003e+02 1.432704918076456529e-05 5.740166362482159384e-05
4.292662634408602003e+02 1.427894835667504488e-05 5.728506360325261317e-05
4.293912634408602003e+02 1.423100007326770767e-05 5.716867130998808631e-05
4.295162634408602003e+02 1.418320388698792662e-05 5.705248646896106998e-05
4.296412634408602003e+02 1.413555935538831788e-05 5.693650880415006250e-05
4.297662634408602003e+02 1.408806603712740751e-05 5.682073803957989153e-05
4.298912634408602003e+02 1.404072349196696675e-05 5.670517389932421448e-05
4.300162634408602003e+02 1.399353128077077363e-05 5.658981610750528135e-05
4.301412634408602003e+02 1.394648896550211764e-05 5.647466438829640127e-05
4.302662634408602003e+02 1.389959610922229707e-05 5.635971846592282344e-05
4.303912634408602003e+02 1.385285227608847943e-05 5.624497806466339053e-05
4.305162634408602003e+02 1.380625703135185150e-05 5.613044290885118242e-05
4.306412634408602003e+02 1.375980994135589647e-05 5.601611272287573883e-05
4.307662634408602003e+02 1.371351057353393081e-05 5.590198723118377079e-05
4.308912634408602003e+02 1.366735849640788957e-05 5.578806615828065148e-05
4.310162634408602003e+02 1.362135327958585306e-05 5.567434922873165621e-05
4.311412634408602003e+02 1.357549449376031892e-05 5.556083616716327032e-05
4.312662634408602003e+02 1.352978171070651312e-05 5.544752669826453757e-05
4.313912634408602003e+02 1.348421450327984718e-05 5.533442054678807667e-05
4.315162634408602003e+02 1.343879244541479838e-05 5.522151743755224283e-05
4.316412634408602003e+02 1.339351511212229413e-05 5.510881709544103294e-05
4.317662634408602003e+02 1.334838207948813648e-05 5.499631924540645048e-05
4.318912634408602003e+02 1.330339292467115728e-05 5.488402361246896627e-05
4.320162634408602003e+02 1.325854722590080078e-05 5.477192992171957172e-05
4.321412634408602003e+02 1.321384456247593774e-05 5.466003789832048356e-05
4.322662634408602003e+02 1.316928451476225321e-05 5.454834726750661426e-05
4.323912634408602003e+02 1.312486666419069644e-05 5.443685775458666302e-05
4.325162634408602003e+02 1.308059059325545141e-05 5.432556908494449137e-05
4.326412634408602003e+02 1.303645588551196831e-05 5.421448098404023445e-05
4.327662634408602003e+02 1.299246212557519323e-05 5.410359317741157497e-05
4.328912634408602003e+02 1.294860889911743708e-05 5.399290539067501713e-05
4.330162634408602003e+02 1.290489579286650695e-05 5.388241734952676755e-05
4.331412634408602003e+02 1.286132239460388846e-05 5.377212877974496465e-05
4.332662634408602003e+02 1.281788829316258238e-05 5.366203940718919076e-05
4.333912634408602003e+02 1.277459307842553256e-05 5.355214895780318940e-05
4.335162634408602003e+02 1.273143634132326101e-05 5.344245715761527187e-05
4.336412634408602003e+02 1.268841767383240425e-05 5.333296373273978090e-05
4.337662634408602003e+02 1.264553666897322637e-05 5.322366840937818166e-05
4.338912634408602003e+02 1.260279292080816049e-05 5.311457091382020690e-05
4.340162634408602003e+02 1.256018602443978433e-05 5.300567097244513094e-05
4.341412634408602003e+02 1.251771557600868228e-05 5.289696831172281997e-05
4.342662634408602003e+02 1.247538117269168024e-05 5.278846265821496531e-05
4.343912634408602003e+02 1.243318241269989059e-05 5.268015373857639125e-05
4.345162634408602003e+02 1.239111889527669123e-05 5.257204127955536678e-05
4.346412634408602003e+02 1.234919022069603996e-05 5.246412500799643800e-05
4.347662634408602003e+02 1.230739599026020276e-05 5.235640465083977768e-05
4.348912634408602003e+02 1.226573580629803936e-05 5.224887993512331973e-05
4.350162634408602003e+02 1.222420927216303136e-05 5.214155058798362657e-05
4.351412634408602003e+02 1.218281599223125444e-05 5.203441633665698013e-05
4.352662634408602003e+02 1.214155557189971143e-05 5.192747690848061509e-05
4.353912634408602003e+02 1.210042761758403338e-05 5.182073203089378958e-05
4.355162634408602003e+02 1.205943173671681606e-05 5.171418143143879481e-05
4.356412634408602003e+02 1.201856753774556675e-05 5.160782483776213414e-05
4.357662634408602003e+02 1.197783463013077803e-05 5.150166197761578348e-05
4.358912634408602003e+02 1.193723262434420328e-05 5.139569257885778759e-05
4.360162634408602003e+02 1.189676113186642735e-05 5.128991636945386606e-05
4.361412634408602003e+02 1.185641976518557403e-05 5.118433307747816547e-05
4.362662634408602003e+02 1.181620813779487671e-05 5.107894243111499414e-05
4.363912634408602003e+02 1.177612586419090303e-05 5.097374415865878140e-05
4.365162634408602003e+02 1.173617255987186759e-05 5.086873798851592761e-05
4.366412634408602003e+02 1.169634784133512641e-05 5.076392364920571211e-05
4.367662634408602003e+02 1.165665132607594706e-05 5.065930086936125545e-05
4.368912634408602003e+02 1.161708263258498447e-05 5.055486937773067139e-05
4.370162634408602003e+02 1.157764138034679867e-05 5.045062890317806301e-05
4.371412634408602003e+02 1.153832718983764229e-05 5.034657917468461364e-05
4.372662634408602003e+02 1.149913968252345482e-05 5.024271992134937296e-05
4.373912634408602003e+02 1.146007848085840907e-05 5.013905087239070709e-05
4.375162634408602003e+02 1.142114320828241417e-05 5.003557175714705755e-05
4.376412634408602003e+02 1.138233348921969588e-05 4.993228230507805931e-05
4.377662634408602003e+02 1.134364894907633346e-05 4.982918224576525235e-05
4.378912634408602003e+02 1.130508921423878751e-05 4.972627130891395188e-05
4.380162634408602003e+02 1.126665391207186201e-05 4.962354922435310600e-05
4.381412634408602003e+02 1.122834267091658337e-05 4.952101572203705085e-05
4.382662634408602003e+02 1.119015512008861814e-05 4.941867053204628977e-05
4.383912634408602003e+02 1.115209088987590471e-05 4.931651338458867246e-05
4.385162634408602003e+02 1.111414961153708802e-05 4.921454400999975405e-05
4.386412634408602003e+02 1.107633091729961204e-05 4.911276213874472639e-05
4.387662634408602003e+02 1.103863444035746491e-05 4.901116750141875684e-05
4.388912634408602003e+02 1.100105981486969841e-05 4.890975982874803181e-05
4.390162634408602003e+02 1.096360667595802234e-05 4.880853885159092907e-05
4.391412634408602003e+02 1.092627465970525613e-05 4.870750430093879021e-05
4.392662634408602003e+02 1.088906340315338917e-05 4.860665590791697101e-05
4.393912634408602003e+02 1.085197254430139715e-05 4.850599340378560035e-05
4.395162634408602003e+02 1.081500172210369875e-05 4.840551651994122006e-05
4.396412634408602003e+02 1.077815057646775008e-05 4.830522498791675108e-05
4.397662634408602003e+02 1.074141874825271483e-05 4.820511853938310614e-05
4.398912634408602003e+02 1.070480587926706719e-05 4.810519690614963029e-05
4.400162634408602003e+02 1.066831161226690789e-05 4.800545982016561197e-05
4.401412634408602003e+02 1.063193559095401781e-05 4.790590701352088609e-05
4.402662634408602003e+02 1.059567745997388769e-05 4.780653821844670819e-05
4.403912634408602003e+02 1.055953686491395805e-05 4.770735316731675055e-05
4.405162634408602003e+02 1.052351345230150837e-05 4.760835159264807117e-05
4.406412634408602003e+02 1.048760686960185800e-05 4.750953322710192695e-05
4.407662634408602003e+02 1.045181676521647724e-05 4.741089780348471558e-05
4.408912634408602003e+02 1.041614278848096806e-05 4.731244505474869382e-05
4.410162634408602003e+02 1.038058458966339714e-05 4.721417471399359025e-05
4.411412634408602003e+02 1.034514181996206980e-05 4.711608651446655107e-05
4.412662634408602003e+02 1.030981413150386143e-05 4.701818018956318364e-05
4.413912634408602003e+02 1.027460117734222184e-05 4.692045547282914890e-05
4.415162634408602003e+02 1.023950261145525926e-05 4.682291209796032400e-05
4.416412634408602003e+02 1.020451808874398531e-05 4.672554979880404235e-05
4.417662634408602003e+02 1.016964726503022620e-05 4.662836830935970350e-05
4.418912634408602003e+02 1.013488979705468306e-05 4.653136736377992509e-05
4.420162634408602003e+02 1.010024534247538351e-05 4.643454669637109853e-05
4.421412634408602003e+02 1.006571355986536082e-05 4.633790604159448669e-05
4.422662634408602003e+02 1.003129410871110386e-05 4.624144513406690840e-05
4.423912634408602003e+02 9.996986649410441163e-06 4.614516370856179545e-05
4.425162634408602003e+02 9.962790843270586010e-06 4.604906150000937561e-05
4.426412634408602003e+02 9.928706352506630391e-06 4.595313824349886813e-05
4.427662634408602003e+02 9.894732840239180095e-06 4.585739367427779255e-05
4.428912634408602003e+02 9.860869970492875785e-06 4.576182752775375084e-05
4.430162634408602003e+02 9.827117408194166998e-06 4.566643953949483403e-05
4.431412634408602003e+02 9.793474819169640104e-06 4.557122944523065214e-05
4.432662634408602003e+02 9.759941870144054878e-06 4.547619698085305929e-05
4.433912634408602003e+02 9.726518228738433600e-06 4.538134188241693293e-05
4.435162634408602003e+02 9.693203563468372067e-06 4.528666388614108868e-05
4.436412634408602003e+02 9.659997543741757688e-06 4.519216272840893080e-05
4.437662634408602003e+02 9.626899839857373575e-06 4.509783814576947544e-05
4.438912634408602003e+02 9.593910123002658984e-06 4.500368987493766235e-05
4.440162634408602003e+02 9.561028065251933936e-06 4.490971765279587274e-05
4.441412634408602003e+02 9.528253339564711930e-06 4.481592121639389541e-05
4.442662634408602003e+02 9.495585619783401092e-06 4.472230030295074282e-05
4.443912634408602003e+02 9.463024580631948922e-06 4.462885464985428510e-05
4.445162634408602003e+02 9.430569897713546838e-06 4.453558399466264604e-05
4.446412634408602003e+02 9.398221247508961520e-06 4.444248807510496873e-05
4.447662634408602003e+02 9.365978307374739196e-06 4.434956662908200517e-05
4.448912634408602003e+02 9.333840755541006752e-06 4.425681939466696326e-05
4.450162634408602003e+02 9.301808271110079203e-06 4.416424611010629961e-05
4.451412634408602003e+02 9.269880534054177789e-06 4.407184651382042433e-05
4.452662634408602003e+02 9.238057225213813838e-06 4.397962034440418885e-05
4.453912634408602003e+02 9.206338026295808399e-06 4.388756734062818023e-05
4.455162634408602003e+02 9.174722619871476207e-06 4.379568724143904641e-05
4.456412634408602003e+02 9.143210689374848605e-06 4.370397978596028904e-05
4.457662634408602003e+02 9.111801919100645750e-06 4.361244471349298176e-05
4.458912634408602003e+02 9.080495994202528333e-06 4.352108176351690181e-05
4.460162634408602003e+02 9.049292600691261217e-06 4.342989067569055718e-05
4.461412634408602003e+02 9.018191425432760174e-06 4.333887118985230467e-05
4.462662634408602003e+02 8.987192156146441867e-06 4.324802304602107494e-05
4.463912634408602003e+02 8.956294481403085939e-06 4.315734598439706371e-05
4.465162634408602003e+02 8.925498090623337459e-06 4.306683974536215865e-05
4.466412634408602003e+02 8.894802674075455508e-06 4.297650406948103037e-05
4.467662634408602003e+02 8.864207922873795293e-06 4.288633869750171516e-05
4.468912634408602003e+02 8.833713528976929434e-06 4.279634337035617746e-05
4.470162634408602003e+02 8.803319185185632021e-06 4.270651782916107551e-05
4.471412634408602003e+02 8.773024585141172692e-06 4.261686181521850004e-05
4.472662634408602003e+02 8.742829423323476875e-06 4.252737507001658407e-05
4.473912634408602003e+02 8.712733395049204719e-06 4.243805733523001118e-05
4.475162634408602003e+02 8.682736196470109544e-06 4.234890835272137071e-05
4.476412634408602003e+02 8.652837524570964304e-06 4.225992786454085289e-05
4.477662634408602003e+02 8.623037077167881076e-06 4.217111561292769889e-05
4.478912634408602003e+02 8.593334552906456051e-06 4.208247134031017380e-05
4.480162634408602003e+02 8.563729651259897600e-06 4.199399478930700987e-05
4.481412634408602003e+02 8.534222072527350837e-06 4.190568570272742017e-05
4.482662634408602003e+02 8.504811517831856272e-06 4.181754382357211495e-05
4.483912634408602003e+02 8.475497689118691318e-06 4.172956889503375569e-05
4.485162634408602003e+02 8.446280289153476330e-06 4.164176066049765304e-05
4.486412634408602003e+02 8.417159021520380583e-06 4.155411886354241734e-05
4.487662634408602003e+02 8.388133590620404495e-06 4.146664324794061593e-05
4.488912634408602003e+02 8.359203701669285758e-06 4.137933355765916615e-05
4.490162634408602003e+02 8.330369060696067853e-06 4.129218953686071097e-05
4.491412634408602003e+02 8.301629374540985857e-06 4.120521092990304295e-05
4.492662634408602003e+02 8.272984350853762213e-06 4.111839748134071701e-05
4.493912634408602003e+02 8.244433698091956704e-06 4.103174893592530795e-05
4.495162634408602003e+02 8.215977125518779425e-06 4.094526503860595931e-05
4.496412634408602003e+02 8.187614343201745682e-06 4.085894553453014907e-05
4.497662634408602003e+02 8.159345062010514376e-06 4.077279016904415047e-05
4.498912634408602003e+02 8.131168993615354862e-06 4.068679868769374352e-05
4.500162634408602003e+02 8.103085850485161514e-06 4.060097083622471638e-05
4.501412634408602003e+02 8.075095345885651232e-06 4.051530636058355662e-05
4.502662634408602003e+02 8.047197193877826926e-06 4.042980500691795262e-05
4.503912634408602003e+02 8.019391109315851464e-06 4.034446652157752542e-05
4.505162634408602003e+02 7.991676807845585694e-06 4.025929065111386935e-05
4.506412634408602003e+02 7.964054005902448838e-06 4.017427714228226647e-05
4.507662634408602003e+02 7.936522420709920934e-06 4.008942574204105635e-05
4.508912634408602003e+02 7.909081770277713252e-06 4.000473619755280159e-05
4.510162634408602003e+02 7.881731773399831972e-06 3.992020825618478925e-05
4.511412634408602003e+02 7.854472149653031501e-06 3.983584166550953911e-05
4.512662634408602003e+02 7.827302619394786680e-06 3.975163617330541350e-05
4.513912634408602003e+02 7.800222903761688500e-06 3.966759152755711874e-05
4.515162634408602003e+02 7.773232724667722933e-06 3.958370747645632859e-05
4.516412634408602003e+02 7.746331804802273629e-06 3.949998376840214499e-05
4.517662634408602003e+02 7.719519867628653158e-06 3.941642015200178250e-05
4.518912634408602003e+02 7.692796637382005759e-06 3.933301637607077158e-05
4.520162634408602003e+02 7.666161839067796231e-06 3.924977218963399535e-05
4.521412634408602003e+02 7.639615198460022698e-06 3.916668734192570313e-05
4.522662634408602003e+02 7.613156442099334496e-06 3.908376158239082509e-05
4.523912634408602003e+02 7.586785297291361827e-06 3.900099466068446393e-05
4.525162634408602003e+02 7.560501492104926825e-06 3.891838632667310796e-05
4.526412634408602003e+02 7.534304755370392689e-06 3.883593633043499013e-05
4.527662634408602003e+02 7.508194816677734143e-06 3.875364442226061662e-05
4.528912634408602003e+02 7.482171406374939930e-06 3.867151035265322767e-05
4.530162634408602003e+02 7.456234255566186607e-06 3.858953387232942091e-05
4.531412634408602003e+02 7.430383096110122464e-06 3.850771473221937505e-05
4.532662634408602003e+02 7.404617660618182766e-06 3.842605268346774430e-05
4.533912634408602003e+02 7.378937682452729674e-06 3.834454747743394300e-05
4.535162634408602003e+02 7.353342895725398837e-06 3.826319886569261997e-05
4.536412634408602003e+02 7.327833035295353656e-06 3.818200660003422765e-05
4.537662634408602003e+02 7.302407836767505664e-06 3.810097043246536778e-05
4.538912634408602003e+02 7.277067036490911101e-06 3.802009011520980099e-05
4.540162634408602003e+02 7.251810371556898116e-06 3.793936540070806061e-05
4.541412634408602003e+02 7.226637579797321884e-06 3.785879604161857746e-05
4.542662634408602003e+02 7.201548399783072978e-06 3.777838179081799842e-05
4.543912634408602003e+02 7.176542570822073293e-06 3.769812240140166070e-05
4.545162634408602003e+02 7.151619832957774251e-06 3.761801762668382225e-05
4.546412634408602003e+02 7.126779926967311968e-06 3.753806722019861048e-05
4.547662634408602003e+02 7.102022594359748813e-06 3.745827093570010350e-05
4.548912634408602003e+02 7.077347577374587709e-06 3.737862852716291294e-05
4.550162634408602003e+02 7.052754618979802784e-06 3.729913974878263793e-05
4.551412634408602003e+02 7.028243462870335041e-06 3.721980435497629201e-05
4.552662634408602003e+02 7.003813853466255143e-06 3.714062210038280459e-05
4.553912634408602003e+02 6.979465535911021063e-06 3.706159273986331230e-05
4.555162634408602003e+02 6.955198256070017805e-06 3.698271602850207381e-05
4.556412634408602003e+02 6.931011760528562636e-06 3.690399172160619876e-05
4.557662634408602003e+02 6.906905796590462594e-06 3.682541957470664390e-05
4.558912634408602003e+02 6.882880112276106964e-06 3.674699934355827403e-05
4.560162634408602003e+02 6.858934456320927377e-06 3.666873078414062100e-05
4.561412634408602003e+02 6.835068578173625815e-06 3.659061365265815470e-05
4.562662634408602003e+02 6.811282227994510192e-06 3.651264770554066936e-05
4.563912634408602003e+02 6.787575156653903625e-06 3.643483269944378496e-05
4.565162634408602003e+02 6.763947115730219128e-06 3.635716839124928604e-05
4.566412634408602003e+02 6.740397857508583186e-06 3.627965453806562319e-05
4.567662634408602003e+02 6.716927134978940092e-06 3.620229089722825180e-05
4.568912634408602003e+02 6.693534701834423105e-06 3.612507722629995736e-05
4.570162634408602003e+02 6.670220312469820471e-06 3.604801328307186511e-05
4.571412634408602003e+02 6.646983721979614546e-06 3.597109882556268789e-05
4.572662634408602003e+02 6.623824686156664654e-06 3.589433361202016269e-05
4.573912634408602003e+02 6.600742961490259764e-06 3.581771740092100321e-05
4.575162634408602003e+02 6.577738305164583659e-06 3.574124995097138779e-05
4.576412634408602003e+02 6.554810475057105584e-06 3.566493102110727107e-05
4.577662634408602003e+02 6.531959229736700668e-06 3.558876037049485836e-05
4.578912634408602003e+02 6.509184328462307387e-06 3.551273775853098510e-05
4.580162634408602003e+02 6.486485531181010721e-06 3.543686294484342856e-05
4.581412634408602003e+02 6.463862598526521735e-06 3.536113568929132121e-05
4.582662634408602003e+02 6.441315291817487745e-06 3.528555575196557083e-05
4.583912634408602003e+02 6.418843373055850768e-06 3.521012289318925357e-05
4.585162634408602003e+02 6.396446604925261035e-06 3.513483687351755291e-05
4.586412634408602003e+02 6.374124750789331246e-06 3.505969745373910138e-05
4.587662634408602003e+02 6.351877574690059404e-06 3.498470439487531651e-05
4.588912634408602003e+02 6.329704841346201661e-06 3.490985745818128174e-05
4.590162634408602003e+02 6.307606316151583332e-06 3.483515640514603097e-05
4.591412634408602003e+02 6.285581765173586945e-06 3.476060099749280613e-05
4.592662634408602003e+02 6.263630955151337049e-06 3.468619099717959247e-05
4.593912634408602003e+02 6.241753653494301760e-06 3.461192616639923375e-05
4.595162634408602003e+02 6.219949628280412349e-06 3.453780626757999467e-05
4.596412634408602003e+02 6.198218648254637688e-06 3.446383106338573031e-05
4.597662634408602003e+02 6.176560482827343543e-06 3.439000031671642142e-05
4.598912634408602003e+02 6.154974902072579029e-06 3.431631379070816088e-05
4.600162634408602003e+02 6.133461676726531621e-06 3.424277124873394650e-05
4.601412634408602003e+02 6.112020578185911018e-06 3.416937245440355232e-05
4.602662634408602003e+02 6.090651378506301659e-06 3.409611717156451791e-05
4.603912634408602003e+02 6.069353850400659242e-06 3.402300516430159950e-05
4.605162634408602003e+02 6.048127767237563295e-06 3.395003619693771863e-05
4.606412634408602003e+02 6.026972903039712847e-06 3.387721003403409097e-05
4.607662634408602003e+02 6.005889032482299274e-06 3.380452644039052439e-05
4.608912634408602003e+02 5.984875930891388470e-06 3.373198518104577817e-05
4.610162634408602003e+02 5.963933374242416514e-06 3.365958602127794920e-05
4.611412634408602003e+02 5.943061139158465111e-06 3.358732872660447202e-05
4.612662634408602003e+02 5.922259002908766581e-06 3.351521306278281673e-05
4.613912634408602003e+02 5.901526743407086023e-06 3.344323879581059068e-05
4.615162634408602003e+02 5.880864139210118731e-06 3.337140569192582982e-05
4.616412634408602003e+02 5.860270969516013815e-06 3.329971351760734429e-05
4.617662634408602003e+02 5.839747014162584419e-06 3.322816203957491496e-05
4.618912634408602003e+02 5.819292053625982118e-06 3.315675102478996423e-05
4.620162634408602003e+02 5.798905869018942708e-06 3.308548024045525793e-05
4.621412634408602003e+02 5.778588242089252232e-06 3.301434945401556258e-05
4.622662634408602003e+02 5.758338955218298555e-06 3.294335843315790289e-05
4.623912634408602003e+02 5.738157791419254475e-06 3.287250694581181929e-05
4.625162634408602003e+02 5.718044534335822422e-06 3.280179476014939498e-05
4.626412634408602003e+02 5.697998968240404869e-06 3.273122164458602850e-05
4.627662634408602003e+02 5.678020878032739756e-06 3.266078736778033878e-05
4.628912634408602003e+02 5.658110049238236076e-06 3.259049169863452433e-05
4.630162634408602003e+02 5.638266268006381451e-06 3.252033440629464785e-05
4.631412634408602003e+02 5.618489321109380103e-06 3.245031526015088692e-05
4.632662634408602003e+02 5.598778995940384248e-06 3.238043402983783894e-05
4.633912634408602003e+02 5.579135080512143928e-06 3.231069048523460926e-05
4.635162634408602003e+02 5.559557363455257886e-06 3.224108439646552262e-05
4.636412634408602003e+02 5.540045634016807303e-06 3.217161553389976406e-05
4.637662634408602003e+02 5.520599682058775232e-06 3.210228366815208364e-05
4.638912634408602003e+02 5.501219298056434699e-06 3.203308857008272867e-05
4.640162634408602003e+02 5.481904273096955330e-06 3.196403001079801292e-05
4.641412634408602003e+02 5.462654398877680487e-06 3.189510776165033695e-05
4.642662634408602003e+02 5.443469467704769473e-06 3.182632159423852690e-05
4.643912634408602003e+02 5.424349272491655089e-06 3.175767128040804461e-05
4.645162634408602003e+02 5.405293606757394456e-06 3.168915659225120441e-05
4.646412634408602003e+02 5.386302264625335789e-06 3.162077730210742385e-05
4.647662634408602003e+02 5.367375040821389598e-06 3.155253318256347444e-05
4.648912634408602003e+02 5.348511730672681912e-06 3.148442400645360361e-05
4.650162634408602003e+02 5.329712130106017756e-06 3.141644954686019877e-05
4.651412634408602003e+02 5.310976035646297201e-06 3.134860957711319782e-05
4.652662634408602003e+02 5.292303244415058470e-06 3.128090387079105812e-05
4.653912634408602003e+02 5.273693554128956661e-06 3.121333220172064804e-05
4.655162634408602003e+02 5.255146763098327185e-06 3.114589434397749778e-05
4.656412634408602003e+02 5.236662670225583177e-06 3.107859007188607707e-05
4.657662634408602003e+02 5.218241075003782314e-06 3.101141916001989016e-05
4.658912634408602003e+02 5.199881777515123338e-06 3.094438138320183487e-05
4.660162634408602003e+02 5.181584578429441718e-06 3.087747651650429073e-05
4.661412634408602003e+02 5.163349279002777323e-06 3.081070433524938322e-05
4.662662634408602003e+02 5.145175681075794701e-06 3.074406461500916001e-05
4.663912634408602003e+02 5.127063587072376161e-06 3.067755713160590260e-05
4.665162634408602003e+02 5.109012799998103043e-06 3.061118166111187564e-05
4.666412634408602003e+02 5.091023123438777640e-06 3.054493797985042468e-05
4.667662634408602003e+02 5.073094361559022214e-06 3.047882586439521721e-05
4.668912634408602003e+02 5.055226319100695884e-06 3.041284509157094742e-05
4.670162634408602003e+02 5.037418801381438581e-06 3.034699543845337005e-05
4.671412634408602003e+02 5.019671614293329343e-06 3.028127668236958503e-05
4.672662634408602003e+02 5.001984564301254090e-06 3.021568860089814923e-05
4.673912634408602003e+02 4.984357458441590174e-06 3.015023097186924595e-05
4.675162634408602003e+02 4.966790104320645303e-06 3.008490357336491861e-05
4.676412634408602003e+02 4.949282310113182852e-06 3.001970618371921313e-05
4.677662634408602003e+02 4.931833884561119132e-06 2.995463858151841167e-05
4.678912634408602003e+02 4.914444636971896232e-06 2.988970054560100890e-05
4.680162634408602003e+02 4.897114377217166586e-06 2.982489185505815589e-05
4.681412634408602003e+02 4.879842915731267458e-06 2.976021228923354827e-05
4.682662634408602003e+02 4.862630063509742876e-06 2.969566162772408014e-05
4.683912634408602003e+02 4.845475632108067149e-06 2.963123965037932231e-05
4.685162634408602003e+02 4.828379433640008403e-06 2.956694613730218976e-05
4.686412634408602003e+02 4.811341280776375814e-06 2.950278086884889419e-05
4.687662634408602003e+02 4.794360986743379760e-06 2.943874362562915411e-05
4.688912634408602003e+02 4.777438365321426486e-06 2.937483418850635745e-05
4.690162634408602003e+02 4.760573230843522296e-06 2.931105233859776485e-05
4.691412634408602003e+02 4.743765398193907291e-06 2.924739785727440127e-05
4.692662634408602003e+02 4.727014682806697573e-06 2.918387052616158787e-05
4.693912634408602003e+02 4.710320900664296214e-06 2.912047012713885397e-05
4.695162634408602003e+02 4.693683868296181145e-06 2.905719644234006915e-05
4.696412634408602003e+02 4.677103402777339002e-06 2.899404925415370417e-05
4.697662634408602003e+02 4.660579321726906476e-06 2.893102834522278012e-05
4.698912634408602003e+02 4.644111443306824384e-06 2.886813349844542071e-05
4.700162634408602003e+02 4.627699586220250325e-06 2.880536449697442534e-05
4.701412634408602003e+02 4.611343569710394013e-06 2.874272112421775023e-05
4.702662634408602003e+02 4.595043213558926548e-06 2.868020316383858295e-05
4.703912634408602003e+02 4.578798338084669207e-06 2.861781039975549830e-05
4.705162634408602003e+02 4.562608764142176360e-06 2.855554261614238034e-05
4.706412634408602003e+02 4.546474313120333632e-06 2.849339959742885949e-05
4.707662634408602003e+02 4.530394806941025514e-06 2.843138112830023121e-05
4.708912634408602003e+02 4.514370068057651371e-06 2.836948699369763895e-05
4.710162634408602003e+02 4.498399919453810836e-06 2.830771697881817920e-05
4.711412634408602003e+02 4.482484184641891816e-06 2.824607086911497600e-05
4.712662634408602003e+02 4.466622687661699137e-06 2.818454845029729616e-05
4.713912634408602003e+02 4.450815253079111156e-06 2.812314950833096262e-05
4.715162634408602003e+02 4.435061705984626251e-06 2.806187382943792750e-05
4.716412634408602003e+02 4.419361871992060929e-06 2.800072120009672617e-05
4.717662634408602003e+02 4.403715577237153071e-06 2.793969140704260256e-05
4.718912634408602003e+02 4.388122648376176185e-06 2.787878423726736012e-05
4.720162634408602003e+02 4.372582912584651070e-06 2.781799947801975821e-05
4.721412634408602003e+02 4.357096197555866048e-06 2.775733691680546127e-05
4.722662634408602003e+02 4.341662331499664014e-06 2.769679634138713371e-05
4.723912634408602003e+02 4.326281143140911847e-06 2.763637753978456866e-05
4.725162634408602003e+02 4.310952461718286612e-06 2.757608030027478620e-05
4.726412634408602003e+02 4.295676116982909296e-06 2.751590441139208082e-05
4.727662634408602003e+02 4.280451939196926025e-06 2.745584966192819419e-05
4.728912634408602003e+02 4.265279759132212109e-06 2.739591584093219661e-05
4.730162634408602003e+02 4.250159408069021868e-06 2.733610273771108667e-05
4.731412634408602003e+02 4.235090717794637614e-06 2.727641014182911365e-05
4.732662634408602003e+02 4.220073520602080468e-06 2.721683784310845853e-05
4.733912634408602003e+02 4.205107649288695815e-06 2.715738563162910522e-05
4.735162634408602003e+02 4.190192937154874285e-06 2.709805329772891854e-05
4.736412634408602003e+02 4.175329218002712592e-06 2.703884063200372886e-05
4.737662634408602003e+02 4.160516326134669294e-06 2.697974742530742022e-05
4.738912634408602003e+02 4.145754096352295936e-06 2.692077346875202859e-05
4.740162634408602003e+02 4.131042363954833521e-06 2.686191855370771139e-05
4.741412634408602003e+02 4.116380964737936872e-06 2.680318247180295073e-05
4.742662634408602003e+02 4.101769734992404933e-06 2.674456501492450942e-05
4.743912634408602003e+02 4.087208511502746745e-06 2.668606597521762066e-05
4.745162634408602003e+02 4.072697131545973571e-06 2.662768514508573057e-05
4.746412634408602003e+02 4.058235432890287692e-06 2.656942231719120292e-05
4.747662634408602003e+02 4.043823253793694121e-06 2.651127728445467875e-05
4.748912634408602003e+02 4.029460433002821533e-06 2.645324984005552704e-05
4.750162634408602003e+02 4.015146809751464519e-06 2.639533977743177686e-05
4.751412634408602003e+02 4.000882223759418070e-06 2.633754689028023607e-05
4.752662634408602003e+02 3.986666515231157899e-06 2.627987097255649800e-05
4.753912634408602003e+02 3.972499524854505522e-06 2.622231181847501264e-05
4.755162634408602003e+02 3.958381093799300100e-06 2.616486922250909681e-05
4.756412634408602003e+02 3.944311063716302390e-06 2.610754297939103241e-05
4.757662634408602003e+02 3.930289276735638736e-06 2.605033288411216804e-05
4.758912634408602003e+02 3.916315575465755837e-06 2.599323873192269883e-05
4.760162634408602003e+02 3.902389802992007893e-06 2.593626031833206277e-05
4.761412634408602003e+02 3.888511802875359796e-06 2.587939743910867312e-05
4.762662634408602003e+02 3.874681419151299543e-06 2.582264989028034866e-05
4.763912634408602003e+02 3.860898496328290707e-06 2.576601746813384617e-05
4.765162634408602003e+02 3.847162879386752605e-06 2.570949996921524322e-05
4.766412634408602003e+02 3.833474413777647451e-06 2.565309719032986030e-05
4.767662634408602003e+02 3.819832945421213195e-06 2.559680892854231842e-05
4.768912634408602003e+02 3.806238320705860681e-06 2.554063498117655262e-05
4.770162634408602003e+02 3.792690386486677795e-06 2.548457514581588316e-05
4.771412634408602003e+02 3.779188990084388030e-06 2.542862922030290031e-05
4.772662634408602003e+02 3.765733979283968980e-06 2.537279700273971166e-05
4.773912634408602003e+02 3.752325202333391106e-06 2.531707829148776938e-05
4.775162634408602003e+02 3.738962507942539465e-06 2.526147288516801247e-05
4.776412634408602003e+02 3.725645745281713189e-06 2.520598058266083289e-05
4.777662634408602003e+02 3.712374763980609046e-06 2.515060118310600106e-05
4.778912634408602003e+02 3.699149414126947977e-06 2.509533448590305543e-05
4.780162634408602003e+02 3.685969546265238003e-06 2.504018029071078077e-05
4.781412634408602003e+02 3.672835011395685789e-06 2.498513839744758420e-05
4.782662634408602003e+02 3.659745660972721537e-06 2.493020860629140375e-05
4.783912634408602003e+02 3.646701346904040564e-06 2.487539071767976256e-05
4.785162634408602003e+02 3.633701921549131586e-06 2.482068453230959606e-05
4.786412634408602003e+02 3.620747237718166257e-06 2.476608985113756711e-05
4.787662634408602003e+02 3.607837148670863299e-06 2.471160647537981863e-05
4.788912634408602003e+02 3.594971508115068447e-06 2.465723420651208880e-05
4.790162634408602003e+02 3.582150170205683382e-06 2.460297284626968399e-05
4.791412634408602003e+02 3.569372989543453621e-06 2.454882219664748211e-05
4.792662634408602003e+02 3.556639821173617504e-06 2.449478205989982419e-05
4.793912634408602003e+02 3.543950520584921937e-06 2.444085223854090065e-05
4.795162634408602003e+02 3.531304943708175243e-06 2.438703253534418888e-05
4.796412634408602003e+02 3.518702946915201069e-06 2.433332275334280554e-05
4.797662634408602003e+02 3.506144387017621627e-06 2.427972269582948970e-05
4.798912634408602003e+02 3.493629121265547759e-06 2.422623216635635886e-05
4.800162634408602003e+02 3.481157007346577739e-06 2.417285096873520369e-05
4.801412634408602003e+02 3.468727903384382733e-06 2.411957890703728141e-05
4.802662634408602003e+02 3.456341667937663253e-06 2.406641578559334284e-05
4.803912634408602003e+02 3.443998159998956956e-06 2.401336140899364260e-05
4.805162634408602003e+02 3.431697238993321934e-06 2.396041558208790524e-05
4.806412634408602003e+02 3.419438764777371094e-06 2.390757810998529130e-05
4.807662634408602003e+02 3.407222597637851262e-06 2.385484879805440075e-05
4.808912634408602003e+02 3.395048598290629286e-06 2.380222745192319168e-05
4.810162634408602003e+02 3.382916627879495174e-06 2.374971387747923436e-05
4.811412634408602003e+02 3.370826547974874608e-06 2.369730788086915225e-05
4.812662634408602003e+02 3.358778220572859088e-06 2.364500926849910309e-05
4.813912634408602003e+02 3.346771508093820190e-06 2.359281784703447395e-05
4.815162634408602003e+02 3.334806273381383805e-06 2.354073342339998631e-05
4.816412634408602003e+02 3.322882379701251497e-06 2.348875580477959439e-05
4.817662634408602003e+02 3.310999690739976111e-06 2.343688479861645802e-05
4.818912634408602003e+02 3.299158070603893248e-06 2.338512021261294945e-05
4.820162634408602003e+02 3.287357383817862568e-06 2.333346185473057544e-05
4.821412634408602003e+02 3.275597495324190368e-06 2.328190953318998735e-05
4.822662634408602003e+02 3.263878270481488625e-06 2.323046305647087620e-05
4.823912634408602003e+02 3.252199575063467555e-06 2.317912223331207425e-05
4.825162634408602003e+02 3.240561275257794657e-06 2.312788687271114844e-05
4.826412634408602003e+02 3.228963237665034650e-06 2.307675678392505093e-05
4.827662634408602003e+02 3.217405329297402220e-06 2.302573177646932286e-05
4.828912634408602003e+02 3.205887417577710427e-06 2.297481166011848400e-05
4.830162634408602003e+02 3.194409370338176812e-06 2.292399624490588030e-05
4.831412634408602003e+02 3.182971055819285407e-06 2.287328534112365676e-05
4.832662634408602003e+02 3.171572342668741077e-06 2.282267875932264561e-05
4.833912634408602003e+02 3.160213099940230730e-06 2.277217631031240025e-05
4.835162634408602003e+02 3.148893197092392480e-06 2.272177780516109692e-05
4.836412634408602003e+02 3.137612503987630646e-06 2.267148305519550087e-05
4.837662634408602003e+02 3.126370890890986236e-06 2.262129187200093586e-05
4.838912634408602003e+02 3.115168228469106956e-06 2.257120406742108424e-05
4.840162634408602003e+02 3.104004387789023665e-06 2.252121945355815299e-05
4.841412634408602003e+02 3.092879240317128435e-06 2.247133784277259924e-05
4.842662634408602003e+02 3.081792657918000987e-06 2.242155904768340817e-05
4.843912634408602003e+02 3.070744512853297380e-06 2.237188288116756101e-05
4.845162634408602003e+02 3.059734677780728070e-06 2.232230915636032983e-05
4.846412634408602003e+02 3.048763025752844954e-06 2.227283768665507086e-05
4.847662634408602003e+02 3.037829430216036794e-06 2.222346828570319739e-05
4.848912634408602003e+02 3.026933765009366238e-06 2.217420076741410525e-05
4.850162634408602003e+02 3.016075904363462748e-06 2.212503494595512870e-05
4.851412634408602003e+02 3.005255722899548088e-06 2.207597063575140160e-05
4.852662634408602003e+02 2.994473095628168319e-06 2.202700765148589123e-05
4.853912634408602003e+02 2.983727897948267988e-06 2.197814580809925601e-05
4.855162634408602003e+02 2.973020005646005977e-06 2.192938492078979129e-05
4.856412634408602003e+02 2.962349294893669609e-06 2.188072480501337854e-05
4.857662634408602003e+02 2.951715642248711145e-06 2.183216527648328882e-05
4.858912634408602003e+02 2.941118924652508578e-06 2.178370615117045044e-05
4.860162634408602003e+02 2.930559019429364859e-06 2.173534724530290347e-05
4.861412634408602003e+02 2.920035804285512638e-06 2.168708837536600985e-05
4.862662634408602003e+02 2.909549157307866158e-06 2.163892935810235167e-05
4.863912634408602003e+02 2.899098956963150508e-06 2.159087001051160248e-05
4.865162634408602003e+02 2.888685082096670032e-06 2.154291014985038497e-05
4.866412634408602003e+02 2.878307411931307989e-06 2.149504959363235905e-05
4.867662634408602003e+02 2.867965826066547803e-06 2.144728815962799147e-05
4.868912634408602003e+02 2.857660204477237665e-06 2.139962566586453549e-05
4.870162634408602003e+02 2.847390427512736303e-06 2.135206193062590214e-05
4.871412634408602003e+02 2.837156375895678428e-06 2.130459677245260936e-05
4.872662634408602003e+02 2.826957930721009121e-06 2.125723001014164315e-05
4.873912634408602003e+02 2.816794973454995341e-06 2.120996146274655914e-05
4.875162634408602003e+02 2.806667385934021023e-06 2.116279094957706930e-05
4.876412634408602003e+02 2.796575050363727762e-06 2.111571829019917405e-05
4.877662634408602003e+02 2.786517849317803135e-06 2.106874330443506401e-05
4.878912634408602003e+02 2.776495665737043031e-06 2.102186581236284893e-05
4.880162634408602003e+02 2.766508382928325474e-06 2.097508563431670680e-05
4.881412634408602003e+02 2.756555884563467975e-06 2.092840259088663650e-05
4.882662634408602003e+02 2.746638054678363136e-06 2.088181650291838663e-05
4.883912634408602003e+02 2.736754777671770775e-06 2.083532719151335054e-05
4.885162634408602003e+02 2.726905938304405681e-06 2.078893447802851203e-05
4.886412634408602003e+02 2.717091421697913121e-06 2.074263818407628618e-05
4.887662634408602003e+02 2.707311113333743979e-06 2.069643813152444818e-05
4.888912634408602003e+02 2.697564899052296720e-06 2.065033414249593002e-05
4.890162634408602003e+02 2.687852665051728993e-06 2.060432603936911529e-05
4.891412634408602003e+02 2.678174297887054701e-06 2.055841364477704633e-05
4.892662634408602003e+02 2.668529684469122050e-06 2.051259678160790537e-05
4.893912634408602003e+02 2.658918712063520459e-06 2.046687527300466891e-05
4.895162634408602003e+02 2.649341268289712769e-06 2.042124894236501965e-05
4.896412634408602003e+02 2.639797241119876508e-06 2.037571761334125163e-05
4.897662634408602003e+02 2.630286518877999253e-06 2.033028110984015161e-05
4.898912634408602003e+02 2.620808990238877442e-06 2.028493925602289748e-05
4.900162634408602003e+02 2.611364544227044030e-06 2.023969187630493284e-05
4.901412634408602003e+02 2.601953070215844795e-06 2.019453879535586539e-05
4.902662634408602003e+02 2.592574457926433341e-06 2.014947983809933142e-05
4.903912634408602003e+02 2.583228597426733475e-06 2.010451482971294834e-05
4.905162634408602003e+02 2.573915379130523570e-06 2.005964359562795553e-05
4.906412634408602003e+02 2.564634693796362100e-06 2.001486596152959389e-05
4.907662634408602003e+02 2.555386432526669035e-06 1.997018175335644164e-05
4.908912634408602003e+02 2.546170486766744128e-06 1.992559079730059064e-05
4.910162634408602003e+02 2.536986748303729727e-06 1.988109291980748365e-05
4.911412634408602003e+02 2.527835109265710373e-06 1.983668794757573482e-05
4.912662634408602003e+02 2.518715462120673919e-06 1.979237570755707206e-05
4.913912634408602003e+02 2.509627699675541252e-06 1.974815602695617443e-05
4.915162634408602003e+02 2.500571715075267590e-06 1.970402873323056034e-05
4.916412634408602003e+02 2.491547401801781154e-06 1.965999365409046214e-05
4.917662634408602003e+02 2.482554653673089963e-06 1.961605061749870760e-05
4.918912634408602003e+02 2.473593364842273876e-06 1.957219945167050981e-05
4.920162634408602003e+02 2.464663429796516425e-06 1.952843998507348410e-05
4.921412634408602003e+02 2.455764743356209080e-06 1.948477204642734656e-05
4.922662634408602003e+02 2.446897200673916599e-06 1.944119546470407999e-05
4.923912634408602003e+02 2.438060697233488916e-06 1.939771006912740202e-05
4.925162634408602003e+02 2.429255128849060788e-06 1.935431568917290058e-05
4.926412634408602003e+02 2.420480391664100163e-06 1.931101215456781372e-05
4.927662634408602003e+02 2.411736382150525140e-06 1.926779929529091439e-05
4.928912634408602003e+02 2.403022997107675251e-06 1.922467694157238848e-05
4.930162634408602003e+02 2.394340133661436055e-06 1.918164492389370264e-05
4.931412634408602003e+02 2.385687689263255727e-06 1.913870307298734348e-05
4.932662634408602003e+02 2.377065561689200197e-06 1.909585121983688863e-05
4.933912634408602003e+02 2.368473649039079858e-06 1.905308919567671541e-05
4.935162634408602003e+02 2.359911849735451336e-06 1.901041683199191273e-05
4.936412634408602003e+02 2.351380062522679404e-06 1.896783396051813202e-05
4.937662634408602003e+02 2.342878186466106465e-06 1.892534041324138051e-05
4.938912634408602003e+02 2.334406120950979783e-06 1.888293602239813311e-05
4.940162634408602003e+02 2.325963765681656967e-06 1.884062062047479365e-05
4.941412634408602003e+02 2.317551020680607323e-06 1.879839404020785412e-05
4.942662634408602003e+02 2.309167786287486039e-06 1.875625611458362025e-05
4.943912634408602003e+02 2.300813963158310031e-06 1.871420667683813019e-05
4.945162634408602003e+02 2.292489452264394062e-06 1.867224556045689700e-05
4.946412634408602003e+02 2.284194154891601123e-06 1.863037259917490869e-05
4.947662634408602003e+02 2.275927972639284486e-06 1.858858762697638420e-05
4.948912634408602003e+02 2.267690807419446601e-06 1.854689047809464811e-05
4.950162634408602003e+02 2.259482561455881900e-06 1.850528098701197476e-05
4.951412634408602003e+02 2.251303137283144261e-06 1.846375898845942901e-05
4.952662634408602003e+02 2.243152437745793999e-06 1.842232431741669342e-05
4.953912634408602003e+02 2.235030365997365331e-06 1.838097680911207846e-05
4.955162634408602003e+02 2.226936825499524424e-06 1.833971629902211929e-05
4.956412634408602003e+02 2.218871720021231683e-06 1.829854262287153511e-05
4.957662634408602003e+02 2.210834953637715143e-06 1.825745561663314446e-05
4.958912634408602003e+02 2.202826430729731013e-06 1.821645511652754675e-05
4.960162634408602003e+02 2.194846055982541304e-06 1.817554095902313915e-05
4.961412634408602003e+02 2.186893734385082892e-06 1.813471298083583883e-05
4.962662634408602003e+02 2.178969371229143777e-06 1.809397101892899821e-05
4.963912634408602003e+02 2.171072872108340716e-06 1.805331491051316781e-05
4.965162634408602003e+02 2.163204142917396700e-06 1.801274449304601154e-05
4.966412634408602003e+02 2.155363089851126638e-06 1.797225960423210001e-05
4.967662634408602003e+02 2.147549619403622083e-06 1.793186008202275134e-05
4.968912634408602003e+02 2.139763638367426646e-06 1.789154576461584136e-05
4.970162634408602003e+02 2.132005053832553864e-06 1.785131649045586125e-05
4.971412634408602003e+02 2.124273773185698187e-06 1.781117209823330426e-05
4.972662634408602003e+02 2.116569704109365497e-06 1.777111242688493340e-05
4.973912634408602003e+02 2.108892754580938411e-06 1.773113731559340872e-05
4.975162634408602003e+02 2.101242832871930465e-06 1.769124660378714167e-05
4.976412634408602003e+02 2.093619847546996358e-06 1.765144013114015609e-05
4.977662634408602003e+02 2.086023707463157339e-06 1.761171773757192908e-05
4.978912634408602003e+02 2.078454321768936811e-06 1.757207926324716731e-05
4.980162634408602003e+02 2.070911599903464595e-06 1.753252454857569861e-05
4.981412634408602003e+02 2.063395451595678597e-06 1.749305343421226871e-05
4.982662634408602003e+02 2.055905786863417216e-06 1.745366576105636503e-05
4.983912634408602003e+02 2.048442516012612968e-06 1.741436137025210149e-05
4.985162634408602003e+02 2.041005549636449688e-06 1.737514010318785601e-05
4.986412634408602003e+02 2.033594798614477803e-06 1.733600180149649068e-05
4.987662634408602003e+02 2.026210174111829134e-06 1.729694630705474532e-05
4.988912634408602003e+02 2.018851587578313533e-06 1.725797346198327476e-05
4.990162634408602003e+02 2.011518950747626912e-06 1.721908310864648958e-05
4.991412634408602003e+02 2.004212175636522840e-06 1.718027508965229861e-05
4.992662634408602003e+02 1.996931174543928665e-06 1.714154924785198697e-05
4.993912634408602003e+02 1.989675860050181068e-06 1.710290542634002969e-05
4.995162634408602003e+02 1.982446145016126514e-06 1.706434346845389188e-05
4.996412634408602003e+02 1.975241942582344099e-06 1.702586321777386941e-05
4.997662634408602003e+02 1.968063166168321387e-06 1.698746451812292632e-05
4.998912634408602003e+02 1.960909729471590435e-06 1.694914721356643054e-05
5.000162634408602003e+02 1.953781546466965041e-06 1.691091114841208613e-05
5.001412634408602003e+02 1.946678531405656443e-06 1.687275616720965545e-05
5.002662634408602003e+02 1.939600598814504635e-06 1.683468211475095238e-05
5.003912634408602003e+02 1.932547663495167331e-06 1.679668883606937814e-05
5.005162634408602003e+02 1.925519640523272937e-06 1.675877617643995520e-05
5.006412634408602003e+02 1.918516445247611631e-06 1.672094398137907652e-05
5.007662634408602003e+02 1.911537993289395055e-06 1.668319209664430230e-05
5.008912634408602003e+02 1.904584200541340676e-06 1.664552036823421763e-05
5.010162634408602003e+02 1.897654983166969384e-06 1.660792864238822250e-05
5.011412634408602003e+02 1.890750257599741724e-06 1.657041676558629792e-05
5.012662634408602003e+02 1.883869940542256399e-06 1.653298458454892470e-05
5.013912634408602003e+02 1.877013948965524782e-06 1.649563194623682589e-05
5.015162634408602003e+02 1.870182200108064591e-06 1.645835869785078386e-05
5.016412634408602003e+02 1.863374611475205322e-06 1.642116468683145052e-05
5.017662634408602003e+02 1.856591100838239948e-06 1.638404976085912037e-05
5.018912634408602003e+02 1.849831586233628069e-06 1.634701376785373722e-05
5.020162634408602003e+02 1.843095985962283559e-06 1.631005655597440296e-05
5.021412634408602003e+02 1.836384218588676289e-06 1.627317797361937075e-05
5.022662634408602003e+02 1.829696202940153228e-06 1.623637786942583837e-05
5.023912634408602003e+02 1.823031858106091197e-06 1.619965609226972457e-05
5.025162634408602003e+02 1.816391103437120357e-06 1.616301249126544888e-05
5.026412634408602003e+02 1.809773858544409944e-06 1.612644691576582993e-05
5.027662634408602003e+02 1.803180043298795823e-06 1.608995921536178394e-05
5.028912634408602003e+02 1.796609577830093128e-06 1.605354923988223999e-05
5.030162634408602003e+02 1.790062382526276116e-06 1.601721683939381815e-05
5.031412634408602003e+02 1.783538378032698688e-06 1.598096186420075836e-05
5.032662634408602003e+02 1.777037485251400244e-06 1.594478416484457141e-05
5.033912634408602003e+02 1.770559625340234087e-06 1.590868359210411011e-05
5.035162634408602003e+02 1.764104719712199324e-06 1.587265999699504076e-05
5.036412634408602003e+02 1.757672690034619460e-06 1.583671323076986343e-05
5.037662634408602003e+02 1.751263458228386629e-06 1.580084314491760370e-05
5.038912634408602003e+02 1.744876946467263638e-06 1.576504959116371775e-05
5.040162634408602003e+02 1.738513077177027410e-06 1.572933242146980437e-05
5.041412634408602003e+02 1.732171773034827564e-06 1.569369148803344914e-05
5.042662634408602003e+02 1.725852956968334089e-06 1.565812664328799399e-05
5.043912634408602003e+02 1.719556552155034730e-06 1.562263773990236107e-05
5.045162634408602003e+02 1.713282482021520940e-06 1.558722463078084601e-05
5.046412634408602003e+02 1.707030670242661812e-06 1.555188716906288760e-05
5.047662634408602003e+02 1.700801040740917768e-06 1.551662520812291526e-05
5.048912634408602003e+02 1.694593517685601949e-06 1.548143860157005092e-05
5.050162634408602003e+02 1.688408025492080613e-06 1.544632720324812933e-05
5.051412634408602003e+02 1.682244488821127486e-06 1.541129086723514583e-05
5.052662634408602003e+02 1.676102832578091341e-06 1.537632944784334438e-05
5.053912634408602003e+02 1.669982981912220063e-06 1.534144279961888220e-05
5.055162634408602003e+02 1.663884862215933264e-06 1.530663077734164678e-05
5.056412634408602003e+02 1.657808399124032208e-06 1.527189323602506951e-05
5.057662634408602003e+02 1.651753518513064116e-06 1.523723003091587838e-05
5.058912634408602003e+02 1.645720146500496306e-06 1.520264101749391504e-05
5.060162634408602003e+02 1.639708209444055300e-06 1.516812605147193991e-05
5.061412634408602003e+02 1.633717633941001972e-06 1.513368498879540016e-05
5.062662634408602003e+02 1.627748346827359055e-06 1.509931768564221455e-05
5.063912634408602003e+02 1.621800275177277771e-06 1.506502399842261247e-05
5.065162634408602003e+02 1.615873346302224470e-06 1.503080378377877988e-05
5.066412634408602003e+02 1.609967487750330107e-06 1.499665689858495762e-05
5.067662634408602003e+02 1.604082627305677040e-06 1.496258319994687044e-05
5.068912634408602003e+02 1.598218692987527596e-06 1.492858254520171347e-05
5.070162634408602003e+02 1.592375613049707431e-06 1.489465479191790832e-05
5.071412634408602003e+02 1.586553315979802540e-06 1.486079979789489464e-05
5.072662634408602003e+02 1.580751730498513187e-06 1.482701742116289637e-05
5.073912634408602003e+02 1.574970785558944723e-06 1.479330751998272016e-05
5.075162634408602003e+02 1.569210410345876387e-06 1.475966995284553853e-05
5.076412634408602003e+02 1.563470534275099561e-06 1.472610457847272211e-05
5.077662634408602003e+02 1.557751086992676191e-06 1.469261125581548733e-05
5.078912634408602003e+02 1.552051998374273445e-06 1.465918984405485743e-05
5.080162634408602003e+02 1.546373198524475286e-06 1.462584020260133383e-05
5.081412634408602003e+02 1.540714617776059742e-06 1.459256219109468771e-05
5.082662634408602003e+02 1.535076186689314288e-06 1.455935566940386861e-05
5.083912634408602003e+02 1.529457836051381307e-06 1.452622049762658761e-05
5.085162634408602003e+02 1.523859496875520743e-06 1.449315653608922083e-05
5.086412634408602003e+02 1.518281100400468052e-06 1.446016364534657391e-05
5.087662634408602003e+02 1.512722578089720367e-06 1.442724168618167876e-05
5.088912634408602003e+02 1.507183861630853996e-06 1.439439051960553264e-05
5.090162634408602003e+02 1.501664882934882376e-06 1.436161000685693894e-05
5.091412634408602003e+02 1.496165574135527411e-06 1.432890000940219207e-05
5.092662634408602003e+02 1.490685867588585678e-06 1.429626038893497584e-05
5.093912634408602003e+02 1.485225695871225181e-06 1.426369100737607204e-05
5.095162634408602003e+02 1.479784991781309417e-06 1.423119172687314195e-05
5.096412634408602003e+02 1.474363688336767183e-06 1.419876240980050608e-05
5.097662634408602003e+02 1.468961718774870059e-06 1.416640291875902560e-05
5.098912634408602003e+02 1.463579016551613436e-06 1.413411311657569235e-05
5.100162634408602003e+02 1.458215515341011150e-06 1.410189286630353234e-05
5.101412634408602003e+02 1.452871149034444540e-06 1.406974203122136851e-05
5.102662634408602003e+02 1.447545851740023145e-06 1.403766047483357853e-05
5.103912634408602003e+02 1.442239557781886754e-06 1.400564806086990671e-05
5.105162634408602003e+02 1.436952201699584102e-06 1.397370465328514388e-05
5.106412634408602003e+02 1.431683718247386567e-06 1.394183011625904941e-05
5.107662634408602003e+02 1.426434042393628751e-06 1.391002431419601922e-05
5.108912634408602003e+02 1.421203109320113228e-06 1.387828711172490446e-05
5.110162634408602003e+02 1.415990854421371088e-06 1.384661837369876763e-05
5.111412634408602003e+02 1.410797213304092725e-06 1.381501796519465889e-05
5.112662634408602003e+02 1.405622121786427979e-06 1.378348575151338574e-05
5.113912634408602003e+02 1.400465515897348745e-06 1.375202159817939268e-05
5.115162634408602003e+02 1.395327331876045885e-06 1.372062537094033775e-05
5.116412634408602003e+02 1.390207506171222587e-06 1.368929693576702301e-05
5.117662634408602003e+02 1.385105975440485565e-06 1.365803615885305918e-05
5.118912634408602003e+02 1.380022676549735617e-06 1.362684290661474869e-05
5.120162634408601434e+02 1.374957546572459293e-06 1.359571704569080281e-05
5.121412634408601434e+02 1.369910522789173454e-06 1.356465844294208924e-05
5.122662634408601434e+02 1.364881542686722021e-06 1.353366696545144064e-05
5.123912634408601434e+02 1.359870543957670986e-06 1.350274248052343106e-05
5.125162634408601434e+02 1.354877464499714213e-06 1.347188485568410483e-05
5.126412634408601434e+02 1.349902242414965746e-06 1.344109395868079537e-05
5.127662634408601434e+02 1.344944816009421519e-06 1.341036965748187441e-05
5.128912634408601434e+02 1.340005123792257587e-06 1.337971182027646571e-05
5.130162634408601434e+02 1.335083104475238474e-06 1.334912031547443492e-05
5.131412634408601434e+02 1.330178696972127218e-06 1.331859501170580848e-05
5.132662634408601434e+02 1.325291840397991012e-06 1.328813577782082613e-05
5.133912634408601434e+02 1.320422474068667362e-06 1.325774248288960385e-05
5.135162634408601434e+02 1.315570537500070156e-06 1.322741499620190847e-05
5.136412634408601434e+02 1.310735970407619613e-06 1.319715318726693412e-05
5.137662634408601434e+02 1.305918712705633896e-06 1.316695692581307181e-05
5.138912634408601434e+02 1.301118704506670337e-06 1.313682608178767394e-05
5.140162634408601434e+02 1.296335886120985030e-06 1.310676052535682055e-05
5.141412634408601434e+02 1.291570198055851388e-06 1.307676012690509227e-05
5.142662634408601434e+02 1.286821581015000261e-06 1.304682475703533153e-05
5.143912634408601434e+02 1.282089975898014937e-06 1.301695428656843071e-05
5.145162634408601434e+02 1.277375323799685283e-06 1.298714858654298326e-05
5.146412634408601434e+02 1.272677566009473690e-06 1.295740752821533104e-05
5.147662634408601434e+02 1.267996644010842314e-06 1.292773098305899178e-05
5.148912634408601434e+02 1.263332499480702298e-06 1.289811882276464046e-05
5.150162634408601434e+02 1.258685074288813646e-06 1.286857091923979586e-05
5.151412634408601434e+02 1.254054310497160748e-06 1.283908714460860713e-05
5.152662634408601434e+02 1.249440150359384868e-06 1.280966737121163018e-05
5.153912634408601434e+02 1.244842536320195034e-06 1.278031147160556339e-05
5.155162634408601434e+02 1.240261411014750973e-06 1.275101931856303758e-05
5.156412634408601434e+02 1.235696717268111057e-06 1.272179078507236862e-05
5.157662634408601434e+02 1.231148398094603596e-06 1.269262574433729321e-05
5.158912634408601434e+02 1.226616396697271392e-06 1.266352406977680791e-05
5.160162634408601434e+02 1.222100656467289616e-06 1.263448563502484728e-05
5.161412634408601434e+02 1.217601120983357008e-06 1.260551031393009415e-05
5.162662634408601434e+02 1.213117734011149957e-06 1.257659798055580511e-05
5.163912634408601434e+02 1.208650439502705654e-06 1.254774850917941751e-05
5.165162634408601434e+02 1.204199181595872581e-06 1.251896177429242071e-05
5.166412634408601434e+02 1.199763904613735157e-06 1.249023765060011211e-05
5.167662634408601434e+02 1.195344553064014258e-06 1.246157601302132274e-05
5.168912634408601434e+02 1.190941071638527862e-06 1.243297673668822243e-05
5.170162634408601434e+02 1.186553405212594322e-06 1.240443969694606908e-05
5.171412634408601434e+02 1.182181498844462516e-06 1.237596476935289527e-05
5.172662634408601434e+02 1.177825297774774835e-06 1.234755182967941001e-05
5.173912634408601434e+02 1.173484747425958587e-06 1.231920075390864127e-05
5.175162634408601434e+02 1.169159793401700199e-06 1.229091141823577506e-05
5.176412634408601434e+02 1.164850381486352723e-06 1.226268369906780814e-05
5.177662634408601434e+02 1.160556457644380179e-06 1.223451747302351754e-05
5.178912634408601434e+02 1.156277968019819898e-06 1.220641261693296418e-05
5.180162634408601434e+02 1.152014858935690454e-06 1.217836900783740987e-05
