1.408901209677419430e+01 nan nan
1.421401209677419430e+01 -1.716670496330621352e-03 -4.790887189968503026e-04
1.433901209677419430e+01 -4.409944080233452537e-03 -1.219388055729758117e-03
1.446401209677419430e+01 -7.346196417162395055e-03 -2.011001505305775629e-03
1.458901209677419430e+01 -1.023765129656932678e-02 -2.772102764206653500e-03
1.471401209677419430e+01 -1.292621214136799312e-02 -3.458649356420197447e-03
1.483901209677419430e+01 -1.531992615058383814e-02 -4.045985724545537489e-03
1.496401209677419430e+01 -1.736681538889130183e-02 -4.521190849257556224e-03
1.508901209677419430e+01 -1.904112320881199902e-02 -4.879024268121598742e-03
1.521401209677419430e+01 -2.033504611489337505e-02 -5.119473818741640710e-03
1.533901209677419430e+01 -2.125332890782816522e-02 -5.246145280899523061e-03
1.546401209677419430e+01 -2.180953025400082096e-02 -5.265146330736682027e-03
1.558901209677419430e+01 -2.202334313618207681e-02 -5.184284456900545984e-03
1.571401209677419430e+01 -2.191862168036239761e-02 -5.012476180573622112e-03
1.583901209677419430e+01 -2.152190245885607714e-02 -4.759304836345281016e-03
1.596401209677419430e+01 -2.086128394852546086e-02 -4.434686349239710251e-03
1.608901209677419430e+01 -1.996557235915847467e-02 -4.048615567927229750e-03
1.621401209677419075e+01 -1.886362968940085219e-02 -3.610973894606473496e-03
1.633901209677419075e+01 -1.758387778743653040e-02 -3.131384277151549617e-03
1.646401209677419075e+01 -1.615392424752210704e-02 -2.619103225550610103e-03
1.658901209677419075e+01 -1.460028434232061266e-02 -2.082942021343900992e-03
1.671401209677419075e+01 -1.294817916208598936e-02 -1.531211083968913840e-03
1.683901209677419075e+01 -1.122139449409338165e-02 -9.716827741215989340e-04
1.696401209677419075e+01 -9.442188228999948141e-03 -4.115688991194044861e-04
1.708901209677419075e+01 -7.631236550863442977e-03 1.424900646219331838e-04
1.721401209677419075e+01 -5.807611072515934947e-03 6.844264366785984691e-04
1.733901209677419075e+01 -3.988780567303051687e-03 1.208739435118198324e-03
1.746401209677419075e+01 -2.190632126501835565e-03 1.710483505505450705e-03
1.758901209677419075e+01 -4.529387978152511524e-04 2.185252176484386074e-03
1.771401209677419075e+01 1.052028971554383810e-03 2.629158508394555116e-03
1.783901209677419075e+01 2.142227820433000203e-03 3.409312530234854133e-03
1.796401209677419075e+01 3.183398531055113122e-03 4.530416116286638088e-03
1.808901209677419075e+01 3.744151241723324766e-03 6.039081046417635323e-03
1.821401209677419075e+01 4.035322594591321532e-03 7.462246098665283912e-03
1.833901209677419075e+01 4.283165341576237149e-03 8.793594913853376716e-03
1.846401209677419075e+01 4.486401237367303868e-03 1.002790242849587767e-02
1.858901209677419075e+01 4.644096311800415683e-03 1.116096160390720425e-02
1.871401209677419075e+01 4.755635378903031590e-03 1.218951105855584083e-02
1.883901209677419075e+01 4.820697169338206307e-03 1.311116415969442242e-02
1.896401209677419075e+01 4.839230216205688689e-03 1.392434001311833661e-02
1.908901209677419075e+01 4.811429593680058986e-03 1.462819669152878692e-02
1.921401209677419075e+01 4.737714582413571872e-03 1.522256695948745291e-02
1.933901209677419075e+01 4.618707314248544395e-03 1.570789668383992463e-02
1.946401209677419075e+01 4.455212430927484729e-03 1.608518606069457221e-02
1.958901209677419075e+01 4.248197776615190990e-03 1.635593374178611475e-02
1.971401209677419075e+01 3.998776131723057702e-03 1.652208390306574709e-02
1.983901209677419075e+01 3.708187985351762365e-03 1.658597626513817411e-02
1.996401209677419075e+01 3.377785335337620855e-03 1.655029904795324650e-02
2.008901209677419075e+01 3.009016498118445137e-03 1.641804481989573433e-02
2.021401209677419075e+01 2.603411905195756378e-03 1.619246918343093464e-02
2.033901209677419075e+01 2.162570858667376295e-03 1.587705222511979000e-02
2.046401209677419075e+01 1.688149214959403259e-03 1.547546264655121941e-02
2.058901209677419075e+01 1.181847963359458804e-03 1.499152448407168291e-02
2.071401209677419075e+01 6.454026641214496724e-04 1.442918631879959966e-02
2.083901209677419075e+01 8.057370966017425563e-05 1.379249287382769591e-02
2.096401209677419075e+01 -5.108626284043673357e-04 1.308555889259525873e-02
2.108901209677419075e+01 -1.127122403934731516e-03 1.231254519073817812e-02
2.121401209677419075e+01 -1.766421490282254255e-03 1.147763677325818431e-02
2.133901209677419075e+01 -2.426982400907307623e-03 1.058502290920105421e-02
2.146401209677419075e+01 -3.107040473391441647e-03 9.638879057289759245e-03
2.158901209677419075e+01 -3.804849452906360324e-03 8.643350537661203051e-03
2.171401209677419075e+01 -4.518686510333063192e-03 7.602537847279868151e-03
2.183901209677419075e+01 -5.246856729238791144e-03 6.520483519217192339e-03
2.196401209677419075e+01 -5.987697094831874282e-03 5.401160429070489544e-03
2.208901209677419075e+01 -6.739580016856170329e-03 4.248461455102265152e-03
2.221401209677419075e+01 -7.500916417181916450e-03 3.066190402039805848e-03
2.233901209677419075e+01 -8.270158411602170426e-03 1.858054102176436625e-03
2.246401209677419075e+01 -9.045801614083800318e-03 6.276556109944787191e-04
2.258901209677419075e+01 -9.826387090449133221e-03 -6.215115817511200885e-04
2.271401209677419075e+01 -1.061050298719661868e-02 -1.886068400821616425e-03
2.283901209677419075e+01 -1.139678585990772618e-02 -3.162754165817531840e-03
2.296401209677419075e+01 -1.218392172445080350e-02 -4.448429771081276358e-03
2.308901209677419075e+01 -1.297064685297234614e-02 -5.740080129588273107e-03
2.321401209677419075e+01 -1.375574833548018003e-02 -7.034815941784735085e-03
2.333901209677419075e+01 -1.453806442666579282e-02 -8.329874846915713907e-03
2.346401209677419075e+01 -1.531648469649090488e-02 -9.622622011028604191e-03
2.358901209677419075e+01 -1.608995000198205558e-02 -1.091055020270401132e-02
2.371401209677419075e+01 -1.685745229662862291e-02 -1.219127940441705471e-02
2.383901209677419075e+01 -1.761803429277781011e-02 -1.346243445825296217e-02
2.396401209677419075e+01 -1.837078899145245386e-02 -1.466067194085522371e-02
2.408901209677419075e+01 -1.911485909309763517e-02 -1.584709466391137286e-02
2.421401209677419075e+01 -1.984943630187598756e-02 -1.701992733698744209e-02
2.433901209677419075e+01 -2.057376053529235554e-02 -1.809574608424519698e-02
2.446401209677419075e+01 -2.128711905012484890e-02 -1.907767192227964939e-02
2.458901209677419075e+01 -2.198884549487733001e-02 -2.004593053430070784e-02
2.471401209677419075e+01 -2.267831889824672639e-02 -2.099940380317627878e-02
2.483901209677419075e+01 -2.335496260240683963e-02 -2.193704887663802325e-02
2.496401209677419075e+01 -2.416735776861420396e-02 -2.285789640288986291e-02
2.508901209677419075e+01 -2.524674546833661354e-02 -2.376104868027782702e-02
2.521401209677419075e+01 -2.629969620338483069e-02 -2.464567773458911301e-02
2.533901209677419075e+01 -2.732530739163683414e-02 -2.551102333652261259e-02
2.546401209677419075e+01 -2.832276996536420635e-02 -2.635639097084551200e-02
2.558901209677419075e+01 -2.929136502832196259e-02 -2.711840365990771107e-02
2.571401209677419075e+01 -3.023046049042547520e-02 -2.769257294390844309e-02
2.583901209677419075e+01 -3.113950769288481232e-02 -2.825075425320619157e-02
2.596401209677419075e+01 -3.201803803544273075e-02 -2.879271622496219069e-02
2.608901209677419075e+01 -3.286565961629984295e-02 -2.931825962362650737e-02
2.621401209677419075e+01 -3.368205389423400975e-02 -2.982721608623726747e-02
2.633901209677419075e+01 -3.446697238149807468e-02 -3.031944687675320466e-02
2.646401209677419075e+01 -3.522023337515357150e-02 -3.079484165218197844e-02
2.658901209677419075e+01 -3.594171873368361830e-02 -3.125331724298205383e-02
2.671401209677419075e+01 -3.663137070494849185e-02 -3.169481644994927294e-02
2.683901209677419075e+01 -3.728918881080255099e-02 -3.211930685954887676e-02
2.696401209677419075e+01 -3.791522679306452009e-02 -3.252677967942597947e-02
2.708901209677419075e+01 -3.850958962486522585e-02 -3.291724859561343669e-02
2.721401209677419075e+01 -3.907243059087897596e-02 -3.329074865275396394e-02
2.733901209677419075e+01 -3.960394843934541415e-02 -3.364733515847673911e-02
2.746401209677419075e+01 -4.010438460839067798e-02 -3.398708261289221794e-02
2.758901209677419075e+01 -4.057402052860670238e-02 -3.431008366401632620e-02
2.771401209677419075e+01 -4.101317500352959222e-02 -3.461644808979096044e-02
2.783901209677419075e+01 -4.142220166921178198e-02 -3.490630180723307968e-02
2.796401209677419075e+01 -4.180148653377762508e-02 -3.517978590912446829e-02
2.808901209677419075e+01 -4.215144559749993414e-02 -3.543705572854283226e-02
2.821401209677419075e+01 -4.247252255370159713e-02 -3.567827993143175835e-02
2.833901209677419075e+01 -4.276518657045776800e-02 -3.590363963731313390e-02
2.846401209677419075e+01 -4.302993015288945206e-02 -3.611332756816445361e-02
2.858901209677419075e+01 -4.326726708559631984e-02 -3.630754722540131818e-02
2.871401209677419075e+01 -4.347773045461329755e-02 -3.648651209484066182e-02
2.883901209677419075e+01 -4.366187074806102131e-02 -3.665044487945175178e-02
2.896401209677419075e+01 -4.382025403453251172e-02 -3.679957675965105784e-02
2.908901209677419075e+01 -4.395346021814052623e-02 -3.693414668084197411e-02
2.921401209677419075e+01 -4.406208136895694433e-02 -3.705440066785618825e-02
2.933901209677419075e+01 -4.414672012757600572e-02 -3.716059116591451106e-02
2.946401209677419075e+01 -4.420798818234066008e-02 -3.725297640768755053e-02
2.958901209677419075e+01 -4.424650481773476085e-02 -3.733181980600584760e-02
2.971401209677419075e+01 -4.426289553239211305e-02 -3.739738937174323652e-02
2.983901209677419075e+01 -4.425779072507900203e-02 -3.744995715637074174e-02
2.996401209677419075e+01 -4.423182444698149640e-02 -3.748979871866235658e-02
3.008901209677419075e+01 -4.418563321857867793e-02 -3.751719261501244851e-02
3.021401209677419075e+01 -4.411985490936948945e-02 -3.753241991281596607e-02
3.033901209677419075e+01 -4.403512767866164801e-02 -3.753576372634469249e-02
3.046401209677419075e+01 -4.393208897567770638e-02 -3.752750877455184736e-02
3.058901209677419075e+01 -4.381137459712963755e-02 -3.750794096022341817e-02
3.071401209677419075e+01 -4.367361780053675979e-02 -3.747734696989572095e-02
3.083901209677419075e+01 -4.351944847141538120e-02 -3.743601389395154189e-02
3.096401209677419075e+01 -4.334949234260794537e-02 -3.738422886631155573e-02
3.108901209677419075e+01 -4.316437026395657239e-02 -3.732227872313244321e-02
3.121401209677419075e+01 -4.296469752052712449e-02 -3.725044967993034611e-02
3.133901209677419075e+01 -4.275108319768974874e-02 -3.716902702654872881e-02
3.146401209677419075e+01 -4.252412959129192593e-02 -3.707829483939520387e-02
3.158901209677419075e+01 -4.228443166122480140e-02 -3.697853571037802017e-02
3.171401209677419075e+01 -4.203257652673226402e-02 -3.687003049197809523e-02
3.183901209677419075e+01 -4.176914300178045242e-02 -3.675305805790015506e-02
3.196401209677419075e+01 -4.149470116889501098e-02 -3.662789507875671702e-02
3.208901209677419075e+01 -4.120981198987234279e-02 -3.649481581224286314e-02
3.221401209677419075e+01 -4.091502695181181010e-02 -3.635409190727456608e-02
3.233901209677419075e+01 -4.061088774695249815e-02 -3.620599222156810348e-02
3.246401209677419075e+01 -4.029792598482145188e-02 -3.605078265215078126e-02
3.258901209677419075e+01 -3.997666293526684622e-02 -3.588872597830469746e-02
3.271401209677419075e+01 -3.966099769470361747e-02 -3.572008171645184305e-02
3.283901209677419075e+01 -3.934940242448461967e-02 -3.554510598650654357e-02
3.296401209677419075e+01 -3.903054689302138530e-02 -3.536405138922429220e-02
3.308901209677419075e+01 -3.870488445954466811e-02 -3.517716689409542546e-02
3.321401209677419075e+01 -3.837285877575943860e-02 -3.498469773733823424e-02
3.333901209677419075e+01 -3.803490366322691274e-02 -3.478688532955902940e-02
3.346401209677419075e+01 -3.769144301110040340e-02 -3.458396717265965065e-02
3.358901209677419075e+01 -3.734289069317420218e-02 -3.437617678558287093e-02
3.371401209677419075e+01 -3.702792591953343870e-02 -3.416374363849811191e-02
3.383901209677419075e+01 -3.673407899408166755e-02 -3.394689309504287517e-02
3.396401209677419075e+01 -3.643523243689854307e-02 -3.372584636224288529e-02
3.408901209677419075e+01 -3.613170570547605265e-02 -3.350082044775141293e-02
3.421401209677419075e+01 -3.582381123481959834e-02 -3.327202812405228444e-02
3.433901209677419075e+01 -3.551185440025084877e-02 -3.303967789928909105e-02
3.446401209677419075e+01 -3.519613349087867549e-02 -3.280397399438864103e-02
3.458901209677419075e+01 -3.487693969317497145e-02 -3.256511632616019419e-02
3.471401209677419075e+01 -3.455455708410960086e-02 -3.232330049606348121e-02
3.483901209677419075e+01 -3.422926263331609736e-02 -3.207871778434577548e-02
3.496401209677419075e+01 -3.390132621377663774e-02 -3.183155514926114954e-02
3.508901209677419075e+01 -3.357101062054351076e-02 -3.158199523109569973e-02
3.521401209677419075e+01 -3.323857159701183728e-02 -3.133021636072810118e-02
3.533901209677419075e+01 -3.290425786830341454e-02 -3.107639257247138409e-02
3.546401209677419075e+01 -3.256831118131047614e-02 -3.082069362094339363e-02
3.558901209677419075e+01 -3.223096635098581658e-02 -3.050227905273610735e-02
3.571401209677419075e+01 -3.189245131247507581e-02 -3.016408592869615490e-02
3.583901209677419075e+01 -3.155298717869470249e-02 -2.982611723721913244e-02
3.596401209677419075e+01 -3.121278830299370130e-02 -2.948856862642195570e-02
3.608901209677419075e+01 -3.087206234652866560e-02 -2.915162836563185700e-02
3.621401209677419075e+01 -3.053101035002073541e-02 -2.881547745771065663e-02
3.633901209677419075e+01 -3.018982680955645259e-02 -2.848028975467005106e-02
3.646401209677419075e+01 -2.984869975612101586e-02 -2.814623207627294649e-02
3.658901209677419075e+01 -2.950781083856300266e-02 -2.781346433128028400e-02
3.671401209677419075e+01 -2.916733540970050872e-02 -2.747441295025367450e-02
3.683901209677419075e+01 -2.882744261529451152e-02 -2.710172724001299466e-02
3.696401209677419075e+01 -2.848829548562348615e-02 -2.673206072198413413e-02
3.708901209677419075e+01 -2.815005102941115292e-02 -2.636555671152085445e-02
3.721401209677419075e+01 -2.781286032986656637e-02 -2.600235044483683103e-02
3.733901209677419075e+01 -2.747686864260349623e-02 -2.564256926985073945e-02
3.746401209677419075e+01 -2.714221549523104446e-02 -2.528633283753110514e-02
3.758901209677419075e+01 -2.680903478839584408e-02 -2.493375329336611212e-02
3.771401209677419075e+01 -2.647745489808932262e-02 -2.458493546879447073e-02
3.783901209677419075e+01 -2.614759877902700716e-02 -2.423997707228549639e-02
3.796401209677419075e+01 -2.581958406892105248e-02 -2.389896887986114882e-02
3.808901209677419075e+01 -2.549352319348308776e-02 -2.356199492486836869e-02
3.821401209677419075e+01 -2.516952347198808324e-02 -2.322913268672722326e-02
3.833901209677419075e+01 -2.484768722325664606e-02 -2.290045327856516516e-02
3.846401209677419075e+01 -2.452811187190685055e-02 -2.257602163346355759e-02
3.858901209677419075e+01 -2.423153152489029849e-02 -2.225589668922878933e-02
3.871401209677419075e+01 -2.397346279662369156e-02 -2.194013157146539050e-02
3.883901209677419075e+01 -2.371662206380839924e-02 -2.162877377488012925e-02
3.896401209677419075e+01 -2.346107630522241069e-02 -2.132186534260989072e-02
3.908901209677419075e+01 -2.320688963370035746e-02 -2.101944304352855106e-02
3.921401209677419075e+01 -2.295412335641605975e-02 -2.072153854733619835e-02
3.933901209677419075e+01 -2.270283603502228770e-02 -2.042817859742063202e-02
3.946401209677419075e+01 -2.245308354559101549e-02 -2.013938518129623073e-02
3.958901209677419075e+01 -2.220491913830484679e-02 -1.985517569863348708e-02
3.971401209677419075e+01 -2.195839349685052566e-02 -1.957556312671996160e-02
3.983901209677419075e+01 -2.171355479746897230e-02 -1.930055618333062842e-02
3.996401209677419075e+01 -2.147044876762084151e-02 -1.903015948692136222e-02
4.008901209677419075e+01 -2.122911874422602971e-02 -1.876437371410828378e-02
4.021401209677419075e+01 -2.098960573144211667e-02 -1.850319575435617828e-02
4.033901209677419075e+01 -2.075194845794665205e-02 -1.824661886186893997e-02
4.046401209677419075e+01 -2.051618343369009459e-02 -1.799463280459976527e-02
4.058901209677419075e+01 -2.028234500609182867e-02 -1.774722401039479508e-02
4.071401209677419075e+01 -2.005046541564982354e-02 -1.750437571021601704e-02
4.083901209677419075e+01 -1.982057485093981219e-02 -1.726606807841809046e-02
4.096401209677419075e+01 -1.959270150297974869e-02 -1.703227837009139295e-02
4.108901209677419075e+01 -1.936687161893901887e-02 -1.680298105542532214e-02
4.121401209677419075e+01 -1.914310955517197974e-02 -1.657814795111367187e-02
4.133901209677419075e+01 -1.892143782955844553e-02 -1.635774834876440459e-02
4.146401209677419075e+01 -1.870187717313497033e-02 -1.614174914036336714e-02
4.158901209677419075e+01 -1.848444658100212301e-02 -1.593011494073041587e-02
4.171401209677419075e+01 -1.826916336249526443e-02 -1.572280820705122470e-02
4.183901209677419075e+01 -1.805604319060670482e-02 -1.551978935541418504e-02
4.196401209677419075e+01 -1.784510015064916938e-02 -1.532101687444207411e-02
4.208901209677419075e+01 -1.763634678815266879e-02 -1.512644743596849688e-02
4.221401209677419075e+01 -1.742979415598504625e-02 -1.493603600283707235e-02
4.233901209677419075e+01 -1.722545186069233958e-02 -1.474973593378517238e-02
4.246401209677419075e+01 -1.702332810805210969e-02 -1.456749908550049148e-02
4.258901209677419075e+01 -1.682342974783547496e-02 -1.438927591180218062e-02
4.271401209677419075e+01 -1.662576231777581834e-02 -1.421501556005193463e-02
4.283901209677419075e+01 -1.643033008674046544e-02 -1.404466596475508096e-02
4.296401209677419075e+01 -1.623713609710530567e-02 -1.387817393843365082e-02
4.308901209677419075e+01 -1.604618220633127756e-02 -1.371548525976851868e-02
4.321401209677419075e+01 -1.585746912774281189e-02 -1.355654475907493509e-02
4.333901209677419075e+01 -1.567099647051021019e-02 -1.340129640111780741e-02
4.346401209677419075e+01 -1.548676277883689542e-02 -1.324968336532243197e-02
4.358901209677419075e+01 -1.530476557035468678e-02 -1.310164812341539642e-02
4.371401209677419075e+01 -1.512500137373010839e-02 -1.295713251451870510e-02
4.383901209677419075e+01 -1.494746576548530541e-02 -1.281607781777346043e-02
4.396401209677419075e+01 -1.477215340603819059e-02 -1.267842482247776535e-02
4.408901209677419075e+01 -1.459905807496664383e-02 -1.254411389583188173e-02
4.421401209677419075e+01 -1.442817270550167917e-02 -1.241308504830311923e-02
4.433901209677419075e+01 -1.425948941825635162e-02 -1.228527799666572287e-02
4.446401209677419075e+01 -1.409299955419558888e-02 -1.216063222473654989e-02
4.458901209677419075e+01 -1.392869370685459289e-02 -1.203908704189104312e-02
4.471401209677419075e+01 -1.376656175381171798e-02 -1.192058163934075522e-02
4.483901209677419075e+01 -1.360659288742463099e-02 -1.179477737685425895e-02
4.496401209677419075e+01 -1.344877564483598804e-02 -1.167064167643965672e-02
4.508901209677419075e+01 -1.329309793725761031e-02 -1.154948858687110565e-02
4.521401209677419075e+01 -1.313954707854130162e-02 -1.143126419386843867e-02
4.533901209677419075e+01 -1.298810981304390419e-02 -1.131591446888077779e-02
4.546401209677419075e+01 -1.283877234279695405e-02 -1.120338531406838908e-02
4.558901209677419075e+01 -1.269152035398814736e-02 -1.109362260557085825e-02
4.571401209677419075e+01 -1.254633904276492365e-02 -1.098657223508895525e-02
4.583901209677419075e+01 -1.240321314036907721e-02 -1.088218014983135563e-02
4.596401209677419075e+01 -1.226212693761143634e-02 -1.078039239084782434e-02
4.608901209677419075e+01 -1.212306430869717656e-02 -1.068115512978475880e-02
4.621401209677419075e+01 -1.198600873440993156e-02 -1.058441470411154890e-02
4.633901209677419075e+01 -1.185094332466602417e-02 -1.049011765083335095e-02
4.646401209677419075e+01 -1.171785084044787636e-02 -1.039821073874279585e-02
4.658901209677419075e+01 -1.158671371512615643e-02 -1.030864099922830859e-02
4.671401209677419075e+01 -1.145751407518176210e-02 -1.022135575569204161e-02
4.683901209677419075e+01 -1.133023376033662384e-02 -1.013630265159194514e-02
4.696401209677419075e+01 -1.120485434310359782e-02 -1.005342967715573688e-02
4.708901209677419075e+01 -1.108135714776634258e-02 -9.944663166249667965e-03
4.721401209677419075e+01 -1.095972326879800403e-02 -9.837274816164125885e-03
4.733901209677419075e+01 -1.083993358872952818e-02 -9.732200949737082260e-03
4.746401209677419075e+01 -1.072196879547796487e-02 -9.629404560790703199e-03
4.758901209677419075e+01 -1.060580939914388884e-02 -9.528848642868320562e-03
4.771401209677419075e+01 -1.049143574828870218e-02 -9.430496211525869754e-03
4.783901209677419075e+01 -1.037882804570175108e-02 -9.334310325770377864e-03
4.796401209677419075e+01 -1.026796636366692633e-02 -9.240254108664849517e-03
4.808901209677419075e+01 -1.015883065873866668e-02 -9.148290767117678302e-03
4.821401209677419075e+01 -1.005140078603751486e-02 -9.058383610876871370e-03
4.833901209677419075e+01 -9.945656513074848867e-03 -8.970496070747093625e-03
4.846401209677419075e+01 -9.841577533116339926e-03 -8.884591716046597726e-03
4.858901209677419075e+01 -9.739143478093849685e-03 -8.800634271323390725e-03
4.871401209677419075e+01 -9.638333931075788313e-03 -8.718587632349457384e-03
4.883901209677419075e+01 -9.539128438304724997e-03 -8.638415881408866015e-03
4.896401209677419075e+01 -9.441506520811706812e-03 -8.560083301896753705e-03
4.908901209677419075e+01 -9.345447685617586792e-03 -8.483554392251417900e-03
4.921401209677419075e+01 -9.250931436528999144e-03 -8.408793879229220156e-03
4.933901209677419075e+01 -9.157937284539492337e-03 -8.335766730545731210e-03
4.946401209677419075e+01 -9.093208507595871778e-03 -8.264438166894596052e-03
4.958901209677419075e+01 -9.049048005377459403e-03 -8.194773673365823852e-03
4.971401209677419075e+01 -9.005818823729716885e-03 -8.126739010273744540e-03
4.983901209677419075e+01 -8.963482332385579177e-03 -8.060300223415112209e-03
4.996401209677419075e+01 -8.922000708083388174e-03 -7.995423653771184525e-03
5.008901209677419075e+01 -8.881336934038518496e-03 -7.932075946669184252e-03
5.021401209677419075e+01 -8.841454798801887810e-03 -7.870224060417777001e-03
5.033901209677419075e+01 -8.802318894586795214e-03 -7.809835274433797950e-03
5.046401209677419075e+01 -8.763894615011808345e-03 -7.750877196871356657e-03
5.058901209677419075e+01 -8.726148152356704921e-03 -7.693317771771201498e-03
5.071401209677419075e+01 -8.689046494290995903e-03 -7.637125285741001857e-03
5.083901209677419075e+01 -8.652557420156522378e-03 -7.582268374184685487e-03
5.096401209677419075e+01 -8.616649496773161332e-03 -7.528716027089944404e-03
5.108901209677419075e+01 -8.581292073820998706e-03 -7.476437594390101214e-03
5.121401209677419075e+01 -8.546455278817449708e-03 -7.425402790913545811e-03
5.133901209677419075e+01 -8.512110011686748606e-03 -7.375581700931782211e-03
5.146401209677419075e+01 -8.478227938976583625e-03 -7.326944782320404803e-03
5.158901209677419075e+01 -8.444781487699384512e-03 -7.279462870343808741e-03
5.171401209677419075e+01 -8.411743838863608089e-03 -7.233107181078688407e-03
5.183901209677419075e+01 -8.379088920669582052e-03 -7.187849314484053877e-03
5.196401209677419075e+01 -8.346791401411736422e-03 -7.143661257132311905e-03
5.208901209677419075e+01 -8.314826682101882777e-03 -7.100515384612996785e-03
5.221401209677419075e+01 -8.283170888831462714e-03 -7.058384463618108326e-03
5.233901209677419075e+01 -8.251800864859529586e-03 -7.017241653721163590e-03
5.246401209677419075e+01 -8.220694162512698355e-03 -6.977060508862428095e-03
5.258901209677419075e+01 -8.189829034814796044e-03 -6.937814978546476968e-03
5.271401209677419075e+01 -8.159184426952315397e-03 -6.899479408767205876e-03
5.283901209677419075e+01 -8.128739967523536392e-03 -6.862028542665781286e-03
5.296401209677419075e+01 -8.098475959635335550e-03 -6.825437520935619465e-03
5.308901209677419075e+01 -8.068373371813580136e-03 -6.789681881979770135e-03
5.321401209677419075e+01 -8.038413828779837622e-03 -6.754737561832629272e-03
5.333901209677419075e+01 -8.008579602086757232e-03 -6.720580893854925277e-03
5.346401209677419075e+01 -7.978853600628174961e-03 -6.687188608209711053e-03
5.358901209677419075e+01 -7.949219361029791556e-03 -6.654537831127797960e-03
5.371401209677419075e+01 -7.919661037948735882e-03 -6.622606083973829258e-03
5.383901209677419075e+01 -7.890163394277576250e-03 -6.591371282117518965e-03
5.396401209677419075e+01 -7.860711791260027378e-03 -6.560811733620467920e-03
5.408901209677419075e+01 -7.831292178547857169e-03 -6.530906137745487276e-03
5.421401209677419075e+01 -7.801891084190736882e-03 -6.501633583296586964e-03
5.433901209677419075e+01 -7.772495604575451258e-03 -6.460491308211705787e-03
5.446401209677419075e+01 -7.743093394322452666e-03 -6.413357906743788299e-03
5.458901209677419075e+01 -7.713672656157109092e-03 -6.366982663553850952e-03
5.471401209677419075e+01 -7.684222130739977105e-03 -6.321350938969136704e-03
5.483901209677419075e+01 -7.654731086497196246e-03 -6.276448284489399496e-03
5.496401209677419075e+01 -7.625189309434547529e-03 -6.232260442946297579e-03
5.508901209677419075e+01 -7.595587092944154975e-03 -6.188773348561251754e-03
5.521401209677419075e+01 -7.565915227631421838e-03 -6.145973126905210186e-03
5.533901209677419075e+01 -7.536164991139017791e-03 -6.103846094764239436e-03
5.546401209677419075e+01 -7.506328138007382043e-03 -6.062378759914690413e-03
5.558901209677419075e+01 -7.476396889545209798e-03 -6.021557820811056574e-03
5.571401209677419075e+01 -7.446363923736774686e-03 -5.981370166190272224e-03
5.583901209677419075e+01 -7.416222365192868225e-03 -5.941802874595805001e-03
5.596401209677419075e+01 -7.385965775144669350e-03 -5.902843213824616499e-03
5.608901209677419075e+01 -7.355588141471787120e-03 -5.864478640300246209e-03
5.621401209677419075e+01 -7.325083868799471196e-03 -5.826696798375100537e-03
5.633901209677419075e+01 -7.294447768654370098e-03 -5.789485519565163059e-03
5.646401209677419075e+01 -7.263675049667233687e-03 -5.752832821719722906e-03
5.658901209677419075e+01 -7.232761307869600351e-03 -5.716726908129088520e-03
5.671401209677419075e+01 -7.201702517030313458e-03 -5.681156166573305202e-03
5.683901209677419075e+01 -7.170495019095480226e-03 -5.646109168314248673e-03
5.696401209677419075e+01 -7.139135514689943021e-03 -5.611574667033831197e-03
5.708901209677419075e+01 -7.107621053713912389e-03 -5.577541597721153918e-03
5.721401209677419075e+01 -7.075949026013573888e-03 -5.543999075510506677e-03
5.733901209677419075e+01 -7.044117152150738970e-03 -5.510936394473284032e-03
5.746401209677419075e+01 -7.012123474257681184e-03 -5.478343026365612052e-03
5.758901209677419075e+01 -6.979966346999011764e-03 -5.446208619334490068e-03
5.771401209677419075e+01 -6.947644428612545844e-03 -5.414522996584137000e-03
5.783901209677419075e+01 -6.915156672064931911e-03 -5.383276155005035923e-03
5.796401209677419075e+01 -6.882502316306821424e-03 -5.352458263767801913e-03
5.808901209677419075e+01 -6.849680877629832874e-03 -5.322059662883639117e-03
5.821401209677419075e+01 -6.816692141129948070e-03 -5.292070861733476524e-03
5.833901209677419075e+01 -6.783536152280541208e-03 -5.262482537567859768e-03
5.846401209677419075e+01 -6.750213208614342514e-03 -5.233285533979222665e-03
5.858901209677419075e+01 -6.716723851525668518e-03 -5.204470859348388559e-03
5.871401209677419075e+01 -6.683068858163471182e-03 -5.176029685267017136e-03
5.883901209677419075e+01 -6.649249233464992435e-03 -5.147953344937956921e-03
5.896401209677419075e+01 -6.615266202288046411e-03 -5.120233331554678753e-03
5.908901209677419075e+01 -6.581121201659476116e-03 -5.092861296661625563e-03
5.921401209677419075e+01 -6.546815873158026884e-03 -5.065829048497211447e-03
5.933901209677419075e+01 -6.512352055387906832e-03 -5.039128550320413728e-03
5.946401209677419075e+01 -6.477731776596185390e-03 -5.012751918722948598e-03
5.958901209677419075e+01 -6.442957247394102624e-03 -4.986691421927977493e-03
5.971401209677419075e+01 -6.408030853607688329e-03 -4.960939478077112767e-03
5.983901209677419075e+01 -6.372955149240553535e-03 -4.935488653506550985e-03
5.996401209677419075e+01 -6.337732849561159704e-03 -4.910331661013881202e-03
6.008901209677419075e+01 -6.302366824310649471e-03 -4.885461358116835462e-03
6.021401209677419075e+01 -6.266860091036260093e-03 -4.860870745304884423e-03
6.033901209677419075e+01 -6.231215808531068504e-03 -4.836552964284913242e-03
6.046401209677419075e+01 -6.195437270413472683e-03 -4.812501296222237122e-03
6.058901209677419075e+01 -6.159527898809055539e-03 -4.788709159977745829e-03
6.071401209677419075e+01 -6.123491238172752357e-03 -4.765170110342319479e-03
6.083901209677419075e+01 -6.087330949207818420e-03 -4.741877836269408134e-03
6.096401209677419075e+01 -6.051050802926300626e-03 -4.718826159106892341e-03
6.108901209677419075e+01 -6.014654674814777328e-03 -4.696009030828882970e-03
6.121401209677419075e+01 -5.978146539127329739e-03 -4.673420532268453449e-03
6.133901209677419075e+01 -5.941530463289968443e-03 -4.651054871352168323e-03
6.146401209677419075e+01 -5.904810602429865461e-03 -4.628906381337132350e-03
6.158901209677419075e+01 -5.873754805827431820e-03 -4.606969519051301760e-03
6.171401209677419075e+01 -5.842849002126003152e-03 -4.585238863137971847e-03
6.183901209677419075e+01 -5.811813873205329099e-03 -4.563709112304927505e-03
6.196401209677419075e+01 -5.780651880845493265e-03 -4.542375083579065949e-03
6.208901209677419075e+01 -5.749365593791582081e-03 -4.521231710567036322e-03
6.221401209677419075e+01 -5.717957683005654712e-03 -4.500274041722749675e-03
6.233901209677419075e+01 -5.686430917011584853e-03 -4.479497238622076778e-03
6.246401209677419075e+01 -5.654788157323632422e-03 -4.458896574245334830e-03
6.258901209677419075e+01 -5.623032353972316766e-03 -4.438467431268438255e-03
6.271401209677419075e+01 -5.591166541113719649e-03 -4.418205300362731784e-03
6.283901209677419075e+01 -5.559193832733254348e-03 -4.398105778504395741e-03
6.296401209677419075e+01 -5.527117418428513854e-03 -4.378164567293694152e-03
6.308901209677419075e+01 -5.494940559290400692e-03 -4.358377471284564410e-03
6.321401209677419075e+01 -5.462666583862726966e-03 -4.338740396325074973e-03
6.333901209677419075e+01 -5.430298884194400925e-03 -4.319249347908856070e-03
6.346401209677419075e+01 -5.397840911972039656e-03 -4.299900429538332583e-03
6.358901209677419075e+01 -5.365296174741562667e-03 -4.280689841099720970e-03
6.371401209677419075e+01 -5.332668232212609861e-03 -4.261613877250248171e-03
6.383901209677419075e+01 -5.299960692646836849e-03 -4.242668925818233495e-03
6.396401209677419075e+01 -5.267177209329300044e-03 -4.223851466215688272e-03
6.408901209677419786e+01 -5.234321477119777827e-03 -4.205158067864453279e-03
6.421401209677419786e+01 -5.201397229090972719e-03 -4.186585388635483650e-03
6.433901209677419786e+01 -5.168408233238993427e-03 -4.168130173302157272e-03
6.446401209677419786e+01 -5.135358289283704220e-03 -4.149789252007268434e-03
6.458901209677419786e+01 -5.102251225536313939e-03 -4.131559538744312976e-03
6.471401209677419786e+01 -5.069090895856298920e-03 -4.113438029853135232e-03
6.483901209677419786e+01 -5.035881176676036512e-03 -4.095421802530202146e-03
6.496401209677419786e+01 -5.002625964109500695e-03 -4.077508013353448209e-03
6.508901209677419786e+01 -4.969329171129160082e-03 -4.059693896822287942e-03
6.521401209677419786e+01 -4.935994724823428680e-03 -4.041976763912422110e-03
6.533901209677419786e+01 -4.902626563722378011e-03 -4.024354000646081231e-03
6.546401209677419786e+01 -4.869228635201971502e-03 -4.006823066677389807e-03
6.558901209677419786e+01 -4.835804892952855726e-03 -3.989381493893330057e-03
6.571401209677419786e+01 -4.802359294525459545e-03 -3.972026885030154227e-03
6.583901209677419786e+01 -4.768895798943182870e-03 -3.954756912305375585e-03
6.596401209677419786e+01 -4.735418364383205819e-03 -3.937569316065656425e-03
6.608901209677419786e+01 -4.705467663159054216e-03 -3.920461903450221837e-03
6.621401209677419786e+01 -4.686527955448786288e-03 -3.903432547070290626e-03
6.633901209677419786e+01 -4.667513301423070401e-03 -3.886479183704287434e-03
6.646401209677419786e+01 -4.648424202359004512e-03 -3.869599813009076336e-03
6.658901209677419786e+01 -4.629261219807776113e-03 -3.852792496246956570e-03
6.671401209677419786e+01 -4.610024973519706581e-03 -3.836055355028840201e-03
6.683901209677419786e+01 -4.590716139406999727e-03 -3.819386570073251760e-03
6.696401209677419786e+01 -4.571335447543786908e-03 -3.802784379981434797e-03
6.708901209677419786e+01 -4.551883680203781812e-03 -3.786247080028303826e-03
6.721401209677419786e+01 -4.532361669934395661e-03 -3.769773020969509683e-03
6.733901209677419786e+01 -4.512770297668050080e-03 -3.753360607864334245e-03
6.746401209677419786e+01 -4.493110490869306820e-03 -3.737008298914626988e-03
6.758901209677419786e+01 -4.473383221718351191e-03 -3.720714604319490248e-03
6.771401209677419786e+01 -4.453589505329823978e-03 -3.704478085146002426e-03
6.783901209677419786e+01 -4.433730398007201291e-03 -3.688297352215608779e-03
6.796401209677419786e+01 -4.413806995531881910e-03 -3.672171065006277820e-03
6.808901209677419786e+01 -4.393820431487375014e-03 -3.656097930570525664e-03
6.821401209677419786e+01 -4.373771875617146754e-03 -3.640076702468853388e-03
6.833901209677419786e+01 -4.353662532216619196e-03 -3.624106179718936116e-03
6.846401209677419786e+01 -4.333493638558970351e-03 -3.608185205760235104e-03
6.858901209677419786e+01 -4.313266463353790728e-03 -3.592312667434108264e-03
6.871401209677419786e+01 -4.292982305238554792e-03 -3.576487493979162852e-03
6.883901209677419786e+01 -4.272642491302584659e-03 -3.560708656041981258e-03
6.896401209677419786e+01 -4.252248375643173824e-03 -3.544975164702957125e-03
6.908901209677419786e+01 -4.231801337953380870e-03 -3.529286070517293795e-03
6.921401209677419786e+01 -4.211302782140680448e-03 -3.513640462570823391e-03
6.933901209677419786e+01 -4.190754134977188808e-03 -3.498037467550945724e-03
6.946401209677419786e+01 -4.170156844780024963e-03 -3.482476248832153641e-03
6.958901209677419786e+01 -4.149512380121645264e-03 -3.466956005576326497e-03
6.971401209677419786e+01 -4.128822228570585944e-03 -3.451475971847597045e-03
6.983901209677419786e+01 -4.108087895460750538e-03 -3.436035415741646882e-03
6.996401209677419786e+01 -4.087310902690282147e-03 -3.418834795193615318e-03
7.008901209677419786e+01 -4.066492787548611938e-03 -3.385960537105404348e-03
7.021401209677419786e+01 -4.045635101572223405e-03 -3.353276942710203389e-03
7.033901209677419786e+01 -4.024739409427570240e-03 -3.320786529633663366e-03
7.046401209677419786e+01 -4.003807287821786222e-03 -3.288491747889684368e-03
7.058901209677419786e+01 -3.982840324440507090e-03 -3.256394979927020733e-03
7.071401209677419786e+01 -3.961840116912153029e-03 -3.224498540697754920e-03
7.083901209677419786e+01 -3.940808271798436693e-03 -3.192804677763982999e-03
7.096401209677419786e+01 -3.919746403610736840e-03 -3.161315571428699109e-03
7.108901209677419786e+01 -3.898656133852158867e-03 -3.130033334901576036e-03
7.121401209677419786e+01 -3.877539090084577977e-03 -3.098960014486056014e-03
7.133901209677419786e+01 -3.856396905020108550e-03 -3.068097589801082638e-03
7.146401209677419786e+01 -3.835231215637377889e-03 -3.037447974018548085e-03
7.158901209677419786e+01 -3.814043662321431240e-03 -3.007013014138373852e-03
7.171401209677419786e+01 -3.792835888027328364e-03 -2.976794491279618170e-03
7.183901209677419786e+01 -3.771609537466824938e-03 -2.946794120994372049e-03
7.196401209677419786e+01 -3.750366256318036010e-03 -2.917013553614019629e-03
7.208901209677419786e+01 -3.729107690457422741e-03 -2.887454374605935049e-03
7.221401209677419786e+01 -3.707835485213787155e-03 -2.858118104958912858e-03
7.233901209677419786e+01 -3.686551284644317816e-03 -2.829006201585414822e-03
7.246401209677419786e+01 -3.665256730831489059e-03 -2.800120057747390763e-03
7.258901209677419786e+01 -3.643953463201258288e-03 -2.771461003494452360e-03
7.271401209677419786e+01 -3.622643117861867445e-03 -2.743030306128816775e-03
7.283901209677419786e+01 -3.601327326962873963e-03 -2.714829170678792914e-03
7.296401209677419786e+01 -3.580007718073875602e-03 -2.686858740398210491e-03
7.308901209677419786e+01 -3.558685913583164214e-03 -2.659120097271339914e-03
7.321401209677419786e+01 -3.537363530115304484e-03 -2.631614262543962267e-03
7.333901209677419786e+01 -3.516042177967796788e-03 -2.604342197263188798e-03
7.346401209677419786e+01 -3.494723460565857514e-03 -2.577304802830488167e-03
7.358901209677419786e+01 -3.473408973935877136e-03 -2.550502921569703426e-03
7.371401209677419786e+01 -3.452100306196405084e-03 -2.523937337313332183e-03
7.383901209677419786e+01 -3.430799037066722523e-03 -2.497608775989573499e-03
7.396401209677419786e+01 -3.409506737392544676e-03 -2.471517906229429504e-03
7.408901209677419786e+01 -3.388224968688680928e-03 -2.445665339986493898e-03
7.421401209677419786e+01 -3.366955282698003062e-03 -2.420051633155319726e-03
7.433901209677419786e+01 -3.345699220967025649e-03 -2.394677286217048763e-03
7.446401209677419786e+01 -3.324458314436804039e-03 -2.369542744875710247e-03
7.458901209677419786e+01 -3.303234083049913245e-03 -2.344648400721342785e-03
7.471401209677419786e+01 -3.282028035372367564e-03 -2.319994591883977730e-03
7.483901209677419786e+01 -3.260841668230687364e-03 -2.295581603710725605e-03
7.496401209677419786e+01 -3.239676466363554039e-03 -2.271409669439984191e-03
7.508901209677419786e+01 -3.218533902087683616e-03 -2.247478970886337708e-03
7.521401209677419786e+01 -3.197415434978004029e-03 -2.223789639129294515e-03
7.533901209677419786e+01 -3.176322511561398363e-03 -2.200341755213482218e-03
7.546401209677419786e+01 -3.155256565024046160e-03 -2.177135350845646553e-03
7.558901209677419786e+01 -3.134219014931845411e-03 -2.154170409104424339e-03
7.571401209677419786e+01 -3.113211266963787291e-03 -2.131446865148431576e-03
7.583901209677419786e+01 -3.092234712658028205e-03 -2.108964606933723829e-03
7.596401209677419786e+01 -3.071290729170234133e-03 -2.086723475930098246e-03
7.608901209677419786e+01 -3.050380679043970464e-03 -2.064723267843489220e-03
7.621401209677419786e+01 -3.029505909993037566e-03 -2.042963733341254112e-03
7.633901209677419786e+01 -3.008667754695165761e-03 -2.021444578775650515e-03
7.646401209677419786e+01 -2.987867530597321242e-03 -2.000165466917843294e-03
7.658901209677419786e+01 -2.967106539731613306e-03 -1.979126017684118815e-03
7.671401209677419786e+01 -2.946386068542339396e-03 -1.958325808869809150e-03
7.683901209677419786e+01 -2.925707387723314439e-03 -1.937764376878595846e-03
7.696401209677419786e+01 -2.905071752065804553e-03 -1.917441217463719538e-03
7.708901209677419786e+01 -2.884480400316052472e-03 -1.897355786452096463e-03
7.721401209677419786e+01 -2.863934555042969756e-03 -1.877507500484840251e-03
7.733901209677419786e+01 -2.843435422515255048e-03 -1.857895737747645125e-03
7.746401209677419786e+01 -2.822984192587853387e-03 -1.838519838705180874e-03
7.758901209677419786e+01 -2.802582038597546243e-03 -1.819379106830686967e-03
7.771401209677419786e+01 -2.782230117267372582e-03 -1.800472809340597155e-03
7.783901209677419786e+01 -2.761929568619752619e-03 -1.781800177919276584e-03
7.796401209677419786e+01 -2.741681515898027142e-03 -1.763360409448238176e-03
7.808901209677419786e+01 -2.721487065496299221e-03 -1.745152666735712028e-03
7.821401209677419786e+01 -2.701347306897120774e-03 -1.727176079232562106e-03
7.833901209677419786e+01 -2.681263312617193119e-03 -1.709429743760317380e-03
7.846401209677419786e+01 -2.661236138160423190e-03 -1.691912725222811118e-03
7.858901209677419786e+01 -2.641266821978743070e-03 -1.674624057329870876e-03
7.871401209677419786e+01 -2.621356385439668497e-03 -1.657562743300211540e-03
7.883901209677419786e+01 -2.601505832801283280e-03 -1.640727756577448288e-03
7.896401209677419786e+01 -2.581716151193712023e-03 -1.624118041531401064e-03
7.908901209677419786e+01 -2.561988310607549515e-03 -1.607732514163069931e-03
7.921401209677419786e+01 -2.542323263888363830e-03 -1.591570062797446981e-03
7.933901209677419786e+01 -2.522721946737765779e-03 -1.575629548783869524e-03
7.946401209677419786e+01 -2.503185277720388572e-03 -1.559909807178081484e-03
7.958901209677419786e+01 -2.483714158276853576e-03 -1.544409647433141663e-03
7.971401209677419786e+01 -2.464309472742395608e-03 -1.529127854076653935e-03
7.983901209677419786e+01 -2.444972088371147323e-03 -1.514063187387250202e-03
7.996401209677419786e+01 -2.425702855365715390e-03 -1.499214384064154193e-03
8.008901209677419786e+01 -2.406502606912056235e-03 -1.484580157894885418e-03
8.021401209677419786e+01 -2.387372159219504787e-03 -1.470159200415355281e-03
8.033901209677419786e+01 -2.368312311565391997e-03 -1.455950181561941822e-03
8.046401209677419786e+01 -2.349323846344904699e-03 -1.441951750325873825e-03
8.058901209677419786e+01 -2.330407529125128746e-03 -1.428162535394529673e-03
8.071401209677419786e+01 -2.311564108703864379e-03 -1.414581145791488732e-03
8.083901209677419786e+01 -2.292794317172446635e-03 -1.401206171506886710e-03
8.096401209677419786e+01 -2.274098869983065627e-03 -1.388036184128649871e-03
8.108901209677419786e+01 -2.255478466019839034e-03 -1.375069737458633036e-03
8.121401209677419786e+01 -2.236933787673956418e-03 -1.362305368131187279e-03
8.133901209677419786e+01 -2.218465500922489446e-03 -1.349741596220738150e-03
8.146401209677419786e+01 -2.200074255410846766e-03 -1.337376925844020086e-03
8.158901209677419786e+01 -2.181760684538725653e-03 -1.325209845755894508e-03
8.171401209677419786e+01 -2.163525405549478024e-03 -1.313238829942413180e-03
8.183901209677419786e+01 -2.145369019622568162e-03 -1.301462338199373863e-03
8.196401209677419786e+01 -2.127292111969370219e-03 -1.289878816713554369e-03
8.208901209677419786e+01 -2.109295251931703110e-03 -1.278486698630791358e-03
8.221401209677419786e+01 -2.091378993083569445e-03 -1.267284404620593573e-03
8.233901209677419786e+01 -2.073543873335342586e-03 -1.256270343434031950e-03
8.246401209677419786e+01 -2.055790415040786509e-03 -1.245442912451490049e-03
8.258901209677419786e+01 -2.038119125106621805e-03 -1.234800498231233053e-03
8.271401209677419786e+01 -2.020530495104415781e-03 -1.224341477039993980e-03
8.283901209677419786e+01 -2.008262715578637819e-03 -1.214064215389234602e-03
8.296401209677419786e+01 -1.996391514398603278e-03 -1.203967070553627191e-03
8.308901209677419786e+01 -1.984561815859070977e-03 -1.194048391090362857e-03
8.321401209677419786e+01 -1.972773777869221874e-03 -1.184306517346085013e-03
8.333901209677419786e+01 -1.961027555526970948e-03 -1.174739781963057839e-03
8.346401209677419786e+01 -1.949323301078127258e-03 -1.165346510369769497e-03
8.358901209677419786e+01 -1.937661163877854240e-03 -1.156125021273922545e-03
8.371401209677419786e+01 -1.926041290354412253e-03 -1.147073627140881300e-03
8.383901209677419786e+01 -1.914463823975126990e-03 -1.138190634670959746e-03
8.396401209677419786e+01 -1.902928905214495503e-03 -1.129474345263623133e-03
8.408901209677419786e+01 -1.891436671524395147e-03 -1.120923055482317540e-03
8.421401209677419786e+01 -1.879987257306376140e-03 -1.112535057503563109e-03
8.433901209677419786e+01 -1.868580793885922390e-03 -1.104308639566941317e-03
8.446401209677419786e+01 -1.857217409488669301e-03 -1.096242086413352045e-03
8.458901209677419786e+01 -1.845897229218528696e-03 -1.088333679717339410e-03
8.471401209677419786e+01 -1.834620375037658395e-03 -1.080581698513675233e-03
8.483901209677419786e+01 -1.823386965748245670e-03 -1.072984419614434262e-03
8.496401209677419786e+01 -1.812197116976009591e-03 -1.065540118023567285e-03
8.508901209677419786e+01 -1.801050941155457824e-03 -1.056567366280825341e-03
8.521401209677419786e+01 -1.789948547516764105e-03 -1.046057165288985600e-03
8.533901209677419786e+01 -1.778890042074295855e-03 -1.035706333891420758e-03
8.546401209677419786e+01 -1.767875527616679645e-03 -1.025513704963857070e-03
8.558901209677419786e+01 -1.756905103698433966e-03 -1.015478103163965865e-03
8.571401209677419786e+01 -1.745978866633052890e-03 -1.005598345291089032e-03
8.583901209677419786e+01 -1.735096909487562292e-03 -9.958732406393784164e-04
8.596401209677419786e+01 -1.724259322078459944e-03 -9.863015913487934751e-04
8.608901209677419786e+01 -1.713466190969034717e-03 -9.768821927492571909e-04
8.621401209677419786e+01 -1.702717599467992683e-03 -9.676138337018248955e-04
8.633901209677419786e+01 -1.692013627629386421e-03 -9.584952969352586796e-04
8.646401209677419786e+01 -1.681354352253790294e-03 -9.495253593772910554e-04
8.658901209677419786e+01 -1.670739846890663361e-03 -9.407027924822992590e-04
8.671401209677419786e+01 -1.660170181841920519e-03 -9.320263625533557967e-04
8.683901209677419786e+01 -1.649645424166609753e-03 -9.234948310609618740e-04
8.696401209677419786e+01 -1.639165637686724759e-03 -9.151069549566878941e-04
8.708901209677419786e+01 -1.628730882994043876e-03 -9.068614869819492490e-04
8.721401209677419786e+01 -1.618341217458055823e-03 -8.987571759726890311e-04
8.733901209677419786e+01 -1.607996695234840175e-03 -8.907927671599864209e-04
8.746401209677419786e+01 -1.597697367276953778e-03 -8.829670024651929986e-04
8.758901209677419786e+01 -1.587443281344223540e-03 -8.752786207912410625e-04
8.771401209677419786e+01 -1.577234482015477286e-03 -8.677263583091039375e-04
8.783901209677419786e+01 -1.567071010701125058e-03 -8.603089487405010411e-04
8.796401209677419786e+01 -1.556952905656599963e-03 -8.530251236347943366e-04
8.808901209677419786e+01 -1.546880201996621513e-03 -8.458736126434833859e-04
8.821401209677419786e+01 -1.536852931710232847e-03 -8.388531437878433668e-04
8.833901209677419786e+01 -1.526871123676616215e-03 -8.319624437239958072e-04
8.846401209677419786e+01 -1.516934803681619032e-03 -8.252002380030605110e-04
8.858901209677419786e+01 -1.507043994435020885e-03 -8.185652513267582808e-04
8.871401209677419786e+01 -1.497198715588444334e-03 -8.120562077986706508e-04
8.883901209677419786e+01 -1.487398983753944861e-03 -8.056718311709927006e-04
8.896401209677419786e+01 -1.477644812523223579e-03 -7.994108450879779679e-04
8.908901209677419786e+01 -1.467936212487451660e-03 -7.932719733236084664e-04
8.921401209677419786e+01 -1.458273191257655928e-03 -7.872539400162144102e-04
8.933901209677419786e+01 -1.448655753485691674e-03 -7.813554698979068968e-04
8.946401209677419786e+01 -1.439083900885722864e-03 -7.755752885208955704e-04
8.958901209677419786e+01 -1.429557632256236435e-03 -7.699121224782071388e-04
8.971401209677419786e+01 -1.420076943502530812e-03 -7.643646996218573164e-04
8.983901209677419786e+01 -1.410641827659688419e-03 -7.589317492750905555e-04
8.996401209677419786e+01 -1.401252274915976235e-03 -7.536120024423108603e-04
9.008901209677419786e+01 -1.391908272636702571e-03 -7.484041920134353564e-04
9.021401209677419786e+01 -1.382609805388447478e-03 -7.433070529653417651e-04
9.033901209677419786e+01 -1.373356854963714031e-03 -7.383193225581966002e-04
9.046401209677419786e+01 -1.364149400405918321e-03 -7.334397405286135910e-04
9.058901209677419786e+01 -1.354987418034754153e-03 -7.286670492789224223e-04
9.071401209677419786e+01 -1.345870881471884078e-03 -7.239999940616146171e-04
9.083901209677419786e+01 -1.336799761666925337e-03 -7.194373231608395224e-04
9.096401209677419786e+01 -1.327774026923763664e-03 -7.149777880693077231e-04
9.108901209677419786e+01 -1.318793642927119491e-03 -7.106201436619560526e-04
9.121401209677419786e+01 -1.309858572769402336e-03 -7.063631483653736972e-04
9.133901209677419786e+01 -1.300968776977783114e-03 -7.022055643237756599e-04
9.146401209677419786e+01 -1.292124213541532077e-03 -6.981461575606567622e-04
9.158901209677419786e+01 -1.283324837939541505e-03 -6.941836981376837490e-04
9.171401209677419786e+01 -1.274570603168077377e-03 -6.903169603090897983e-04
9.183901209677419786e+01 -1.265861459768689986e-03 -6.865447226728305184e-04
9.196401209677419786e+01 -1.257197355856324921e-03 -6.828657683177612485e-04
9.208901209677419786e+01 -1.248578237147567396e-03 -6.792788849680430306e-04
9.221401209677419786e+01 -1.240004046989053770e-03 -6.757828651230741871e-04
9.233901209677419786e+01 -1.231474726386001459e-03 -6.723765061944293915e-04
9.246401209677419786e+01 -1.222990214030858112e-03 -6.690586106394479050e-04
9.258901209677419786e+01 -1.214550446332069615e-03 -6.658279860909786406e-04
9.271401209677419786e+01 -1.206155357442927241e-03 -6.626834454843327565e-04
9.283901209677419786e+01 -1.197804879290512809e-03 -6.596238071798906592e-04
9.296401209677419786e+01 -1.189498941604695678e-03 -6.566478950838686808e-04
9.308901209677419786e+01 -1.181237471947217763e-03 -6.537545387640984274e-04
9.321401209677419786e+01 -1.173020395740800251e-03 -6.509425735642185296e-04
9.333901209677419786e+01 -1.164847636298310804e-03 -6.482108407134224651e-04
9.346401209677419786e+01 -1.156719114851940304e-03 -6.455581874337012246e-04
9.358901209677419786e+01 -1.148634750582418207e-03 -6.429834670434658251e-04
9.371401209677419786e+01 -1.140594460648218121e-03 -6.404855390589967584e-04
9.383901209677419786e+01 -1.132598160214778361e-03 -6.380632692914371511e-04
9.396401209677419786e+01 -1.124645762483700382e-03 -6.357155299422449475e-04
9.408901209677419786e+01 -1.116737178721943086e-03 -6.334411996943361493e-04
9.421401209677419786e+01 -1.108872318290970733e-03 -6.312391638016069543e-04
9.433901209677419786e+01 -1.101051088675888273e-03 -6.291083141743334349e-04
9.446401209677419786e+01 -1.093273395514513576e-03 -6.270475494622454937e-04
9.458901209677419786e+01 -1.085539142626407811e-03 -6.250557751352395349e-04
9.471401209677419786e+01 -1.077848232041847066e-03 -6.231319035601364008e-04
9.483901209677419786e+01 -1.070200564030726305e-03 -6.212748540760569494e-04
9.496401209677419786e+01 -1.062596037131391131e-03 -6.194835530657867356e-04
9.508901209677419786e+01 -1.055034548179382145e-03 -6.177569340254627801e-04
9.521401209677419786e+01 -1.047515992336106464e-03 -6.160939376308440180e-04
9.533901209677419786e+01 -1.040040263117401019e-03 -6.144935118018419280e-04
9.546401209677419786e+01 -1.032607252422007181e-03 -6.129546117633047006e-04
9.558901209677419786e+01 -1.025216850559931966e-03 -6.114762001046954122e-04
9.571401209677419786e+01 -1.017868946280704517e-03 -6.100572468357492182e-04
9.583901209677419786e+01 -1.010563426801508111e-03 -6.086967294410610893e-04
9.596401209677419786e+01 -1.003300177835198329e-03 -6.073936329310720451e-04
9.608901209677419786e+01 -9.960790836181826653e-04 -6.061469498916599108e-04
9.621401209677419786e+01 -9.889000269381802242e-04 -6.049556805306436757e-04
9.633901209677419786e+01 -9.817628891618278893e-04 -6.038188327223611160e-04
9.646401209677419786e+01 -9.746675502621615986e-04 -6.027354220496944229e-04
9.658901209677419786e+01 -9.676138888459373706e-04 -6.017044718441198715e-04
9.671401209677419786e+01 -9.606017821808057484e-04 -6.007250132236963136e-04
9.683901209677419786e+01 -9.536311062223319602e-04 -5.993797475839871556e-04
9.696401209677419786e+01 -9.467017356408519331e-04 -5.915449291856546884e-04
9.708901209677419786e+01 -9.398135438481751078e-04 -5.837818672677558881e-04
9.721401209677419786e+01 -9.329664030241035903e-04 -5.760901647711332832e-04
9.733901209677419786e+01 -9.261601841428023342e-04 -5.684694233692367442e-04
9.746401209677419786e+01 -9.193947569989747081e-04 -5.609192435385527151e-04
9.758901209677419786e+01 -9.126699902338742407e-04 -5.534392246279694078e-04
9.771401209677419786e+01 -9.059857513611324848e-04 -5.460289649272015607e-04
9.783901209677419786e+01 -8.993419067924024587e-04 -5.386880617340579188e-04
9.796401209677419786e+01 -8.927383218628144124e-04 -5.314161114208396184e-04
9.808901209677419786e+01 -8.861748608562496641e-04 -5.242127094996242281e-04
9.821401209677419786e+01 -8.796513870304160281e-04 -5.170774506866300611e-04
9.833901209677419786e+01 -8.731677626417363265e-04 -5.100099289655160182e-04
9.846401209677419786e+01 -8.667238489700327449e-04 -5.030097376497525948e-04
9.858901209677419786e+01 -8.603195063430223210e-04 -4.960764694439703760e-04
9.871401209677419786e+01 -8.539545941606050241e-04 -4.892097165043530257e-04
9.883901209677419786e+01 -8.476289709189549449e-04 -4.824090704980999204e-04
9.896401209677419786e+01 -8.413424942344019082e-04 -4.756741226618229051e-04
9.908901209677419786e+01 -8.350950208671134838e-04 -4.690044638591195966e-04
9.921401209677419786e+01 -8.288864067445687227e-04 -4.623996846371142559e-04
9.933901209677419786e+01 -8.227165069848175463e-04 -4.558593752821003993e-04
9.946401209677419786e+01 -8.195405215806555142e-04 -4.493831258742272505e-04
9.958901209677419786e+01 -8.197493639783584541e-04 -4.429705263412941126e-04
9.971401209677419786e+01 -8.199600439294364804e-04 -4.366211665115801786e-04
9.983901209677419786e+01 -8.201719426881837714e-04 -4.303346361658553902e-04
9.996401209677419786e+01 -8.203844523367488520e-04 -4.241105250883616296e-04
1.000890120967741979e+02 -8.205969757181325258e-04 -4.179484231170221224e-04
1.002140120967741979e+02 -8.208089263660871574e-04 -4.118479201926873636e-04
1.003390120967741979e+02 -8.210197284351745733e-04 -4.058086064075553160e-04
1.004640120967741979e+02 -8.212288166291625315e-04 -3.998300720526773541e-04
1.005890120967741979e+02 -8.214356361293715346e-04 -3.939119076646230310e-04
1.007140120967741979e+02 -8.216396425220044448e-04 -3.880537040713054006e-04
1.008390120967741979e+02 -8.218403017239495414e-04 -3.822550524369449959e-04
1.009640120967741979e+02 -8.220370899093336304e-04 -3.765155443061751197e-04
1.010890120967741979e+02 -8.222294934331083422e-04 -3.708347716473484566e-04
1.012140120967741979e+02 -8.224170087565758512e-04 -3.652123268950172529e-04
1.013390120967741979e+02 -8.225991423700942592e-04 -3.596478029915785518e-04
1.014640120967741979e+02 -8.227754107164647265e-04 -3.541407934281358763e-04
1.015890120967741979e+02 -8.229453401126405818e-04 -3.486908922845429891e-04
1.017140120967741979e+02 -8.231084666726899875e-04 -3.432976942686822067e-04
1.018390120967741979e+02 -8.232643362272106620e-04 -3.379607947549141656e-04
1.019640120967741979e+02 -8.234125042459100379e-04 -3.326797898218370603e-04
1.020890120967741979e+02 -8.235525357559969313e-04 -3.274542762891639912e-04
1.022140120967741979e+02 -8.236840052635365514e-04 -3.222838517539447500e-04
1.023390120967741979e+02 -8.238064966712448827e-04 -3.171681146259801450e-04
1.024640120967741979e+02 -8.239196031984434478e-04 -3.121066641625212411e-04
1.025890120967741979e+02 -8.240229272991771072e-04 -3.070991005022133988e-04
1.027140120967741979e+02 -8.241160805799034898e-04 -3.021450246983252278e-04
1.028390120967741979e+02 -8.241986837179421247e-04 -2.972440387512663581e-04
1.029640120967741979e+02 -8.242703663787709573e-04 -2.923957456403894744e-04
1.030890120967741979e+02 -8.243307671328055928e-04 -2.875997493550673458e-04
1.032140120967741979e+02 -8.243795333723418200e-04 -2.828556549251116351e-04
1.033390120967741979e+02 -8.244163212291248048e-04 -2.781630684504913143e-04
1.034640120967741979e+02 -8.244407954893224859e-04 -2.735215971303591419e-04
1.035890120967741979e+02 -8.244526295109431968e-04 -2.689308492914335822e-04
1.037140120967741979e+02 -8.244515051394728103e-04 -2.643904344156913343e-04
1.038390120967741979e+02 -8.244371126237435773e-04 -2.598999631674275010e-04
1.039640120967741979e+02 -8.244091505313817531e-04 -2.554590474196407322e-04
1.040890120967741979e+02 -8.243673256653572066e-04 -2.510673002798370743e-04
1.042140120967741979e+02 -8.243113529786562756e-04 -2.467243361151139091e-04
1.043390120967741979e+02 -8.242409554903018520e-04 -2.424297705767037973e-04
1.044640120967741979e+02 -8.241558642001159006e-04 -2.381832206238497756e-04
1.045890120967741979e+02 -8.240558180052234231e-04 -2.339843045471061357e-04
1.047140120967741979e+02 -8.239405636142517345e-04 -2.298326419910096065e-04
1.048390120967741979e+02 -8.238098554630162882e-04 -2.257278539761731445e-04
1.049640120967741979e+02 -8.236634556307247503e-04 -2.216695629208014114e-04
1.050890120967741979e+02 -8.235011337541474352e-04 -2.176573926616193178e-04
1.052140120967741979e+02 -8.233226669439250300e-04 -2.136909684742200320e-04
1.053390120967741979e+02 -8.231278396997998136e-04 -2.097699170928637579e-04
1.054640120967741979e+02 -8.229164438263146010e-04 -2.058938667297288293e-04
1.055890120967741979e+02 -8.226882783481173633e-04 -2.020624470935893145e-04
1.057140120967741979e+02 -8.224431494267375438e-04 -1.982752894079796316e-04
1.058390120967741979e+02 -8.221808702753996426e-04 -1.945320264288060569e-04
1.059640120967741979e+02 -8.219012610760470560e-04 -1.908322924614378987e-04
1.060890120967741979e+02 -8.216041488948769810e-04 -1.871757233772951940e-04
1.062140120967741979e+02 -8.212893675997556516e-04 -1.835619566298920819e-04
1.063390120967741979e+02 -8.209567577755258862e-04 -1.799906312704001462e-04
1.064640120967741979e+02 -8.206061666418255386e-04 -1.764613879627140007e-04
1.065890120967741979e+02 -8.202374479699218188e-04 -1.729738689980146998e-04
1.067140120967741979e+02 -8.198504619998237116e-04 -1.695277183088627401e-04
1.068390120967741979e+02 -8.194450753576330284e-04 -1.661225814827975065e-04
1.069640120967741979e+02 -8.190211609737920936e-04 -1.627581057754830609e-04
1.070890120967741979e+02 -8.185785980007198332e-04 -1.594339401233833061e-04
1.072140120967741979e+02 -8.181172717311821930e-04 -1.561497351559925988e-04
1.073390120967741979e+02 -8.176370735171113084e-04 -1.529051432075860084e-04
1.074640120967741979e+02 -8.171379006879419876e-04 -1.496998183285640281e-04
1.075890120967741979e+02 -8.166196564704390802e-04 -1.465334162963440100e-04
1.077140120967741979e+02 -8.160822499078098161e-04 -1.434055946258161289e-04
1.078390120967741979e+02 -8.155255957797501827e-04 -1.403160125793919853e-04
1.079640120967741979e+02 -8.149496145222771739e-04 -1.372643311766196352e-04
1.080890120967741979e+02 -8.143542321487856443e-04 -1.342502132034042420e-04
1.082140120967741979e+02 -8.137393801705201284e-04 -1.312733232208189535e-04
1.083390120967741979e+02 -8.131049955180513896e-04 -1.283333275735092311e-04
1.084640120967741979e+02 -8.124510204625412253e-04 -1.254298943977182220e-04
1.085890120967741979e+02 -8.117774025385626670e-04 -1.225626936289285691e-04
1.087140120967741979e+02 -8.110840944654508717e-04 -1.197313970091083642e-04
1.088390120967741979e+02 -8.103710540707639767e-04 -1.169356780936071347e-04
1.089640120967741979e+02 -8.096382442136999379e-04 -1.141752122576680768e-04
1.090890120967741979e+02 -8.088856327079493652e-04 -1.114496767025850634e-04
1.092140120967741979e+02 -8.081131922464139441e-04 -1.087587504615052808e-04
1.093390120967741979e+02 -8.073209003256414480e-04 -1.061021144048923605e-04
1.094640120967741979e+02 -8.065087391704086348e-04 -1.034794512456211539e-04
1.095890120967741979e+02 -8.056766956591616393e-04 -1.008904455437568005e-04
1.097140120967741979e+02 -8.048247612503706735e-04 -9.833478371100360228e-05
1.098390120967741979e+02 -8.039529319078608056e-04 -9.581215401480746891e-05
1.099640120967741979e+02 -8.030612080285107462e-04 -9.332224658216324239e-05
1.100890120967741979e+02 -8.021495943686450612e-04 -9.086475340308503869e-05
1.102140120967741979e+02 -8.012180999725707206e-04 -8.843936833378199778e-05
1.103390120967741979e+02 -8.002667380998540209e-04 -8.604578709952900709e-05
1.104640120967741979e+02 -7.992955261545536252e-04 -8.368370729722440218e-05
1.105890120967741979e+02 -7.983044856141821187e-04 -8.135282839766944758e-05
1.107140120967741979e+02 -7.972936419592725494e-04 -7.905285174755760386e-05
1.108390120967741979e+02 -7.962630246034836006e-04 -7.678348057117524782e-05
1.109640120967741979e+02 -7.952126668244102531e-04 -7.454441997182710013e-05
1.110890120967741979e+02 -7.941426056946703773e-04 -7.233537693299603715e-05
1.112140120967741979e+02 -7.930528820131843137e-04 -7.015606031921718818e-05
1.113390120967741979e+02 -7.919435402379429532e-04 -6.800618087671623244e-05
1.114640120967741979e+02 -7.908146284183768327e-04 -6.588545123376557302e-05
1.115890120967741979e+02 -7.896661981281311547e-04 -6.379358590079260802e-05
1.117140120967741979e+02 -7.884983043996790725e-04 -6.173030127025634834e-05
1.118390120967741979e+02 -7.873110056576389194e-04 -5.969531561625974765e-05
1.119640120967741979e+02 -7.861043636544371100e-04 -5.768834909394346394e-05
1.120890120967741979e+02 -7.848784434048056320e-04 -5.570912373862244162e-05
1.122140120967741979e+02 -7.836333131222280668e-04 -5.375736346471479427e-05
1.123390120967741979e+02 -7.823690441546909610e-04 -5.183279406442725695e-05
1.124640120967741979e+02 -7.810857109225236971e-04 -4.993514320625519248e-05
1.125890120967741979e+02 -7.797833908550300206e-04 -4.806414043320888417e-05
1.127140120967741979e+02 -7.784621643287185488e-04 -4.621951716088247005e-05
1.128390120967741979e+02 -7.771221146059377948e-04 -4.440100667529116963e-05
1.129640120967741979e+02 -7.757633277739781584e-04 -4.260834413050490423e-05
1.130890120967741979e+02 -7.743858926848738765e-04 -4.084126654610008983e-05
1.132140120967741979e+02 -7.729899008949510548e-04 -3.909951280438863996e-05
1.133390120967741979e+02 -7.715754466063802800e-04 -3.738282364748442629e-05
1.134640120967741979e+02 -7.701426266078473422e-04 -3.569094167417321412e-05
1.135890120967741979e+02 -7.686915402168901590e-04 -3.402361133659732113e-05
1.137140120967741979e+02 -7.672222892219020913e-04 -3.238057893675970244e-05
1.138390120967741979e+02 -7.657349778251753333e-04 -3.076159262286653681e-05
1.139640120967741979e+02 -7.642297125864497579e-04 -2.916640238548765343e-05
1.140890120967741979e+02 -7.627066023670776981e-04 -2.759476005355920384e-05
1.142140120967741979e+02 -7.611657582745101928e-04 -2.604641929021389495e-05
1.143390120967741979e+02 -7.596072936073914716e-04 -2.452113558846129041e-05
1.144640120967741979e+02 -7.580313238012330529e-04 -2.301866626670353346e-05
1.145890120967741979e+02 -7.564379663753235082e-04 -2.153877046412196506e-05
1.147140120967741979e+02 -7.548273408785673589e-04 -2.008120913587543640e-05
1.148390120967741979e+02 -7.531995688374043410e-04 -1.864574504819161747e-05
1.149640120967741979e+02 -7.515547737038725433e-04 -1.723214277330053723e-05
1.150890120967741979e+02 -7.498930808036911692e-04 -1.584016868423243588e-05
1.152140120967741979e+02 -7.482146172857583998e-04 -1.446959094948712739e-05
1.153390120967741979e+02 -7.465195120714020584e-04 -1.312017952755853112e-05
1.154640120967741979e+02 -7.448078958045102138e-04 -1.179170616134571980e-05
1.155890120967741979e+02 -7.430799008024343861e-04 -1.048394437243974153e-05
1.157140120967741979e+02 -7.413356610071478647e-04 -9.196669455276602233e-06
1.158390120967741979e+02 -7.395753119370497780e-04 -7.929658471181634663e-06
1.159640120967741979e+02 -7.377989906391226125e-04 -6.682690242300895277e-06
1.160890120967741979e+02 -7.360068356419001727e-04 -5.455545345414287375e-06
1.162140120967741979e+02 -7.341989869093434526e-04 -4.248006105649306915e-06
1.163390120967741979e+02 -7.323755857939911757e-04 -3.059856590074900155e-06
1.164640120967741979e+02 -7.305367749919661636e-04 -1.890882601205257326e-06
1.165890120967741979e+02 -7.286826984979625143e-04 -7.408716704018793470e-07
1.167140120967741979e+02 -7.268135015609922646e-04 3.903869488253298822e-07
1.168390120967741979e+02 -7.249293306399370038e-04 1.503102287614196922e-06
1.169640120967741979e+02 -7.230303333609175865e-04 2.597481668626031998e-06
1.170890120967741979e+02 -7.211166584738810514e-04 3.673730713020967878e-06
1.172140120967741979e+02 -7.191884558105469125e-04 4.732053347515315618e-06
1.173390120967741979e+02 -7.172458762430889735e-04 5.772651811515064235e-06
1.174640120967741979e+02 -7.152890716420040986e-04 6.795726664348307737e-06
1.175890120967741979e+02 -7.133181948360333780e-04 7.801476792558221246e-06
1.177140120967741979e+02 -7.113333995717775488e-04 8.790099417274048853e-06
1.178390120967741979e+02 -7.093348404744044241e-04 9.761790101663158883e-06
1.179640120967741979e+02 -7.073226730077929701e-04 1.071674275845211031e-05
1.180890120967741979e+02 -7.052970534363789314e-04 1.165514965750677096e-05
1.182140120967741979e+02 -7.032581387869472206e-04 1.257720143349035082e-05
1.183390120967741979e+02 -7.012060868111720828e-04 1.348308709356985010e-05
1.184640120967741979e+02 -6.991410559480454789e-04 1.437299402520330919e-05
1.185890120967741979e+02 -6.970632052878154373e-04 1.524710800397051469e-05
1.187140120967741979e+02 -6.949726945355090470e-04 1.610561320146055165e-05
1.188390120967741979e+02 -6.928696839755787941e-04 1.694869219322467547e-05
1.189640120967741979e+02 -6.907543344367003593e-04 1.777652596677340411e-05
1.190890120967741979e+02 -6.886268072570280591e-04 1.858929392962543848e-05
1.192140120967741979e+02 -6.864872642502343808e-04 1.938717391740135365e-05
1.193390120967741979e+02 -6.843358676719442759e-04 2.017034220197075133e-05
1.194640120967741979e+02 -6.821727801865475147e-04 2.093897349963273814e-05
1.195890120967741979e+02 -6.799981648343500712e-04 2.169324097935203683e-05
1.197140120967741979e+02 -6.778121849995387676e-04 2.243331627102391031e-05
1.198390120967741979e+02 -6.756150043785692999e-04 2.315936947377837440e-05
1.199640120967741979e+02 -6.734067869488844036e-04 2.387156916432552219e-05
1.200890120967741979e+02 -6.711876969379019847e-04 2.457008240533507527e-05
1.202140120967741979e+02 -6.689578987931499039e-04 2.525507475384233534e-05
1.203390120967741979e+02 -6.667175571520243251e-04 2.592671026969033457e-05
1.204640120967741979e+02 -6.644668368127804774e-04 2.658515152399562500e-05
1.205890120967741979e+02 -6.622059027053979734e-04 2.723055960765121536e-05
1.207140120967741979e+02 -6.599349198631714606e-04 2.786309413984402271e-05
1.208390120967741979e+02 -6.576540533945831636e-04 2.848291327660089275e-05
1.209640120967741979e+02 -6.553634684562615817e-04 2.909017371935573840e-05
1.210890120967741979e+02 -6.530633302251688836e-04 2.968503072354351238e-05
1.212140120967741979e+02 -6.507538038723125829e-04 3.026763810720238239e-05
1.213390120967741979e+02 -6.484350545366387086e-04 3.083814825960066010e-05
1.214640120967741979e+02 -6.461072472988376976e-04 3.139671214987888514e-05
1.215890120967741979e+02 -6.437705471564528475e-04 3.194347933570146369e-05
1.217140120967741979e+02 -6.414251189984856993e-04 3.247859797193180034e-05
1.218390120967741979e+02 -6.390711275813331467e-04 3.300221481930399442e-05
1.219640120967741979e+02 -6.367087375042588789e-04 3.351447525312181415e-05
1.220890120967741979e+02 -6.360772818615011278e-04 3.401552327194842118e-05
1.222140120967741979e+02 -6.354532626110518442e-04 3.450550150632123510e-05
1.223390120967741979e+02 -6.348170529545249649e-04 3.498455122745785330e-05
1.224640120967741979e+02 -6.341687160496947478e-04 3.545281235597802369e-05
1.225890120967741979e+02 -6.335083160826623970e-04 3.591042347061771647e-05
1.227140120967741979e+02 -6.328359182424592774e-04 3.635752181695821192e-05
1.228390120967741979e+02 -6.321515886961755334e-04 3.679424331614776831e-05
1.229640120967741979e+02 -6.314553945642867924e-04 3.722072257362232073e-05
1.230890120967741979e+02 -6.307474038962612413e-04 3.763709288782964946e-05
1.232140120967741979e+02 -6.300276856463590423e-04 3.804348625895078345e-05
1.233390120967741979e+02 -6.292963096498801730e-04 3.844003339761312344e-05
1.234640120967741979e+02 -6.285533465995202544e-04 3.882686373360195211e-05
1.235890120967741979e+02 -6.277988680221079087e-04 3.920410542456604904e-05
1.237140120967741979e+02 -6.270329462555963634e-04 3.957188536471353417e-05
1.238390120967741979e+02 -6.262556544262472833e-04 3.993032919350704055e-05
1.239640120967741979e+02 -6.254670664261914722e-04 4.027956130433723003e-05
1.240890120967741979e+02 -6.246672568911484100e-04 4.061970485320284807e-05
1.242140120967741979e+02 -6.238563011785957331e-04 4.095088176736231834e-05
1.243390120967741979e+02 -6.230342753459285239e-04 4.127321275398794601e-05
1.244640120967741979e+02 -6.222012561291222123e-04 4.158681730879803059e-05
1.245890120967741979e+02 -6.213573209215501924e-04 4.189181372468037281e-05
1.247140120967741979e+02 -6.205025477531235555e-04 4.218831910029470055e-05
1.248390120967741979e+02 -6.196370152695527969e-04 4.247644934866980939e-05
1.249640120967741979e+02 -6.187608027120575140e-04 4.275631920577578664e-05
1.250890120967741979e+02 -6.178739898971737912e-04 4.302804223907922719e-05
1.252140120967741979e+02 -6.169766571969499463e-04 4.329173085608488305e-05
1.253390120967741979e+02 -6.160688855192514562e-04 4.354749631285821079e-05
1.254640120967741979e+02 -6.151507562884359201e-04 4.379544872252321937e-05
1.255890120967741979e+02 -6.142223514262267576e-04 4.403569706374442093e-05
1.257140120967741979e+02 -6.132837533328231545e-04 4.426834918918732111e-05
1.258390120967741979e+02 -6.123350448683679030e-04 4.449351183395266492e-05
1.259640120967741979e+02 -6.113763093344337825e-04 4.471129062399732662e-05
1.260890120967741979e+02 -6.104076304559950122e-04 4.492179008451937345e-05
1.262140120967741979e+02 -6.094290923634911863e-04 4.512511364833331732e-05
1.263390120967741979e+02 -6.084407795752243839e-04 4.532136366420685708e-05
1.264640120967741979e+02 -6.074427769798779273e-04 4.551064140518463737e-05
1.265890120967741979e+02 -6.064351698194150441e-04 4.569304707687776027e-05
1.267140120967741979e+02 -6.054180436720845403e-04 4.586867982573169427e-05
1.268390120967741979e+02 -6.043914844357905483e-04 4.603763774726228050e-05
1.269640120967741979e+02 -6.033555783115542156e-04 4.620001789427210143e-05
1.270890120967741979e+02 -6.023104117873091107e-04 4.635591628502921415e-05
1.272140120967741979e+02 -6.012560716218794251e-04 4.650542791142619185e-05
1.273390120967741979e+02 -6.001926448292200112e-04 4.664864674710414558e-05
1.274640120967741979e+02 -5.991202186628508163e-04 4.678566575554609692e-05
1.275890120967741979e+02 -5.980388806005154222e-04 4.691657689814829400e-05
1.277140120967741979e+02 -5.969487183290939384e-04 4.704147114225151359e-05
1.278390120967741979e+02 -5.958498197296638885e-04 4.716043846914695902e-05
1.279640120967741979e+02 -5.947422728629405677e-04 4.727356788204604743e-05
1.280890120967742121e+02 -5.936261659547133890e-04 4.738094741402624962e-05
1.282140120967742121e+02 -5.925015873816597478e-04 4.748266413593274873e-05
1.283390120967742121e+02 -5.913686256573141451e-04 4.757880416426082720e-05
1.284640120967742121e+02 -5.902273694183212630e-04 4.766945266899080634e-05
1.285890120967742121e+02 -5.890779074107075795e-04 4.775469388140244704e-05
1.287140120967742121e+02 -5.879203284766168058e-04 4.783461110184617209e-05
1.288390120967742121e+02 -5.867547215410711271e-04 4.790928670748475767e-05
1.289640120967742121e+02 -5.855811755990096741e-04 4.797880215999614245e-05
1.290890120967742121e+02 -5.843997797025022017e-04 4.804323801324832544e-05
1.292140120967742121e+02 -5.832106229482140851e-04 4.810267392092944553e-05
1.293390120967742121e+02 -5.820137944649733403e-04 4.815718864415138617e-05
1.294640120967742121e+02 -5.808093834016557488e-04 4.820686005901145537e-05
1.295890120967742121e+02 -5.795974789152328298e-04 4.825176516411755511e-05
1.297140120967742121e+02 -5.783781701588927788e-04 4.829198008808246464e-05
1.298390120967742121e+02 -5.771515462705494428e-04 4.832758009697564326e-05
1.299640120967742121e+02 -5.759176963614085409e-04 4.835863960174059624e-05
1.300890120967742121e+02 -5.746767095047819506e-04 4.838523216557231494e-05
1.302140120967742121e+02 -5.734286747250454336e-04 4.840743051126314634e-05
1.303390120967742121e+02 -5.721736809868533183e-04 4.842530652850231965e-05
1.304640120967742121e+02 -5.709118171844211609e-04 4.843893128114661289e-05
1.305890120967742121e+02 -5.696431721311838664e-04 4.844837501444363304e-05
1.307140120967742121e+02 -5.683678345493772648e-04 4.845370716222579556e-05
1.308390120967742121e+02 -5.670858930600477295e-04 4.845499635405841514e-05
1.309640120967742121e+02 -5.657974361730826142e-04 4.845231042235342042e-05
1.310890120967742121e+02 -5.645025522774786697e-04 4.844571640944058153e-05
1.312140120967742121e+02 -5.632013296317629021e-04 4.843528057460498511e-05
1.313390120967742121e+02 -5.618938563546197525e-04 4.842106840107817994e-05
1.314640120967742121e+02 -5.605802204156216028e-04 4.840314460299729126e-05
1.315890120967742121e+02 -5.592605096262118995e-04 4.838157313231954718e-05
1.317140120967742121e+02 -5.579348116308409334e-04 4.835641718569731311e-05
1.318390120967742121e+02 -5.566032138981606009e-04 4.832773921131725941e-05
1.319640120967742121e+02 -5.552658037125462673e-04 4.829560091569627607e-05
1.320890120967742121e+02 -5.539226681656749017e-04 4.826006327043807842e-05
1.322140120967742121e+02 -5.525738941482942479e-04 4.822118651894920254e-05
1.323390120967742121e+02 -5.512195683421561429e-04 4.817903018311680305e-05
1.324640120967742121e+02 -5.498597772121016245e-04 4.813365306994538654e-05
1.325890120967742121e+02 -5.484946069982739748e-04 4.808511327815248105e-05
1.327140120967742121e+02 -5.471241437085960909e-04 4.803346820472257034e-05
1.328390120967742121e+02 -5.457484731112377746e-04 4.797877455142584598e-05
1.329640120967742121e+02 -5.443676807273435539e-04 4.792108833129049447e-05
1.330890120967742121e+02 -5.429818518239043794e-04 4.786046487503848749e-05
1.332140120967742121e+02 -5.415910714067780725e-04 4.779695883747706210e-05
1.333390120967742121e+02 -5.401954242137530339e-04 4.773062420385557427e-05
1.334640120967742121e+02 -5.387949947079389472e-04 4.766151429617431547e-05
1.335890120967742121e+02 -5.373898670711527116e-04 4.758968177945947504e-05
1.337140120967742121e+02 -5.359801251974773053e-04 4.751517866799329792e-05
1.338390120967742121e+02 -5.345658526870669799e-04 4.743805633150311043e-05
1.339640120967742121e+02 -5.331471328399181933e-04 4.735836550131449288e-05
1.340890120967742121e+02 -5.317240486498900180e-04 4.727615627645856330e-05
1.342140120967742121e+02 -5.302966827988596409e-04 4.719147812974165289e-05
1.343390120967742121e+02 -5.288651176509963662e-04 4.710437991377206066e-05
1.344640120967742121e+02 -5.274294352471067425e-04 4.701490986694861703e-05
1.345890120967742121e+02 -5.259897172992251523e-04 4.692311561940852203e-05
1.347140120967742121e+02 -5.245460451852173049e-04 4.682904419893269644e-05
1.348390120967742121e+02 -5.230984999436512004e-04 4.673274203681041428e-05
1.349640120967742121e+02 -5.216471622686329667e-04 4.663425497366766872e-05
1.350890120967742121e+02 -5.201921125048749326e-04 4.653362826525024554e-05
1.352140120967742121e+02 -5.187334306428740714e-04 4.643090658816917469e-05
1.353390120967742121e+02 -5.172711963142184906e-04 4.632613404560374212e-05
1.354640120967742121e+02 -5.158054887869246031e-04 4.621935417296812667e-05
1.355890120967742121e+02 -5.143363869610433981e-04 4.611060994353249367e-05
1.357140120967742121e+02 -5.128639693642711569e-04 4.599994377400923816e-05
1.358390120967742121e+02 -5.113883141476883217e-04 4.588739753009592794e-05
1.359640120967742121e+02 -5.099094990817123856e-04 4.577301253197766338e-05
1.360890120967742121e+02 -5.084276015520170638e-04 4.565682955979350963e-05
1.362140120967742121e+02 -5.069426985556548622e-04 4.553888885905915408e-05
1.363390120967742121e+02 -5.054548666972926178e-04 4.541923014605174556e-05
1.364640120967742121e+02 -5.039641821855450534e-04 4.529789261315408949e-05
1.365890120967742121e+02 -5.024707208293571195e-04 4.517491493416021824e-05
1.367140120967742121e+02 -5.009745580345935281e-04 4.505033526954213368e-05
1.368390120967742121e+02 -4.994757688006637398e-04 4.492419127167588517e-05
1.369640120967742121e+02 -4.979744277172804164e-04 4.479652009002727474e-05
1.370890120967742121e+02 -4.964706089613007056e-04 4.466735837630256956e-05
1.372140120967742121e+02 -4.949643862937005588e-04 4.453674228955629353e-05
1.373390120967742121e+02 -4.934558330565873199e-04 4.440470750126208834e-05
1.374640120967742121e+02 -4.919450221704226500e-04 4.427128920034322174e-05
1.375890120967742121e+02 -4.904320261312160702e-04 4.413652209816667355e-05
1.377140120967742121e+02 -4.889169170078735450e-04 4.400044043349753971e-05
1.378390120967742121e+02 -4.873997664396755199e-04 4.386307797741457461e-05
1.379640120967742121e+02 -4.858806456337860747e-04 4.372446803818831476e-05
1.380890120967742121e+02 -4.843596253628927790e-04 4.358464346611959529e-05
1.382140120967742121e+02 -4.828367759629149047e-04 4.344363665834301280e-05
1.383390120967742121e+02 -4.813121673308306311e-04 4.330147956358948669e-05
1.384640120967742121e+02 -4.797858689225382393e-04 4.315820368691306215e-05
1.385890120967742121e+02 -4.782579497509087223e-04 4.301384009437822785e-05
1.387140120967742121e+02 -4.767284783837800652e-04 4.286841941771188190e-05
1.388390120967742121e+02 -4.751975229421686914e-04 4.272197185891757430e-05
1.389640120967742121e+02 -4.736651510984871420e-04 4.257452719485155837e-05
1.390890120967742121e+02 -4.721314300748747305e-04 4.242611478176162024e-05
1.392140120967742121e+02 -4.705964266415986691e-04 4.227676355979157293e-05
1.393390120967742121e+02 -4.690602071155461068e-04 4.212650205744640746e-05
1.394640120967742121e+02 -4.675228373587613775e-04 4.197535839602241749e-05
1.395890120967742121e+02 -4.659843827771430061e-04 4.182336029399948526e-05
1.397140120967742121e+02 -4.644449083191146393e-04 4.167053507139905255e-05
1.398390120967742121e+02 -4.629044784744225025e-04 4.151690965410533723e-05
1.399640120967742121e+02 -4.613631572730316822e-04 4.136251057814997143e-05
1.400890120967742121e+02 -4.598210082840533080e-04 4.120736399396156589e-05
1.402140120967742121e+02 -4.582780946147590128e-04 4.105149567057908897e-05
1.403390120967742121e+02 -4.567344789096704195e-04 4.089493099983135087e-05
1.404640120967742121e+02 -4.551902233497192099e-04 4.073769500047969943e-05
1.405890120967742121e+02 -4.536453896514503446e-04 4.057981232232663141e-05
1.407140120967742121e+02 -4.521000390663626510e-04 4.042130725028821167e-05
1.408390120967742121e+02 -4.505542323802323354e-04 4.026220370843362073e-05
1.409640120967742121e+02 -4.490080299125355371e-04 4.010252526398958099e-05
1.410890120967742121e+02 -4.474614915159626054e-04 3.994229513130973604e-05
1.412140120967742121e+02 -4.459146765759844735e-04 3.978153617580949141e-05
1.413390120967742121e+02 -4.443676440104208205e-04 3.962027091786909499e-05
1.414640120967742121e+02 -4.428204522691739538e-04 3.945852153670064051e-05
1.415890120967742121e+02 -4.412731593339453990e-04 3.929630987418241637e-05
1.417140120967742121e+02 -4.397258227180226913e-04 3.913365743866003708e-05
1.418390120967742121e+02 -4.381784994661905796e-04 3.897058540871211463e-05
1.419640120967742121e+02 -4.366312461545957175e-04 3.880711463688735425e-05
1.420890120967742121e+02 -4.350841188907362015e-04 3.864326565340422492e-05
1.422140120967742121e+02 -4.335371733135121486e-04 3.847905866982025196e-05
1.423390120967742121e+02 -4.319904645932955731e-04 3.831451358266725870e-05
1.424640120967742121e+02 -4.304440474320724171e-04 3.814964997705679961e-05
1.425890120967742121e+02 -4.288979760636439957e-04 3.798448713025050574e-05
1.427140120967742121e+02 -4.273523042538467640e-04 3.781904401520078411e-05
1.428390120967742121e+02 -4.258070853009027863e-04 3.765333930405655833e-05
1.429640120967742121e+02 -4.242623720357156141e-04 3.748739137164233784e-05
1.430890120967742121e+02 -4.227182168222816329e-04 3.732121829890116291e-05
1.432140120967742121e+02 -4.211746715581494928e-04 3.715483787630888599e-05
1.433390120967742121e+02 -4.196317876749228529e-04 3.698826760725568315e-05
1.434640120967742121e+02 -4.180896161387561870e-04 3.682152471139921353e-05
1.435890120967742121e+02 -4.165482074509925655e-04 3.665462612798434474e-05
1.437140120967742121e+02 -4.150076116487733569e-04 3.648758851913426216e-05
1.438390120967742121e+02 -4.134678783057016502e-04 3.632042827311059705e-05
1.439640120967742121e+02 -4.119290565326072149e-04 3.615316150754226875e-05
1.440890120967742121e+02 -4.103911949782660306e-04 3.598580407262788584e-05
1.442140120967742121e+02 -4.088543418302175055e-04 3.581837155430421180e-05
1.443390120967742121e+02 -4.073185448156216998e-04 3.565087927738837264e-05
1.444640120967742121e+02 -4.057838512021585639e-04 3.548334230868768757e-05
1.445890120967742121e+02 -4.042503077989084725e-04 3.531577546008402761e-05
1.447140120967742121e+02 -4.027179609573700199e-04 3.514819329158570924e-05
1.448390120967742121e+02 -4.011868565724330911e-04 3.498061011435319091e-05
1.449640120967742121e+02 -3.996570400834342242e-04 3.481303999369332098e-05
1.450890120967742121e+02 -3.981285564752290495e-04 3.464549675202908269e-05
1.452140120967742121e+02 -3.966014502793089084e-04 3.447799397183785652e-05
1.453390120967742121e+02 -3.950757655749374234e-04 3.431054499856286223e-05
1.454640120967742121e+02 -3.935515459903661051e-04 3.414316294349641154e-05
1.455890120967742121e+02 -3.920288347040198191e-04 3.397586068663661826e-05
1.457140120967742121e+02 -3.905076744457525628e-04 3.380865087951513980e-05
1.458390120967742121e+02 -3.889881074981463944e-04 3.364154594799868110e-05
1.459640120967742121e+02 -3.874701756978110655e-04 3.347455809506311560e-05
1.460890120967742121e+02 -3.859539204367370513e-04 3.330769930353977612e-05
1.462140120967742121e+02 -3.844393826636663077e-04 3.314098133883754094e-05
1.463390120967742121e+02 -3.829266028854925183e-04 3.297441575163576836e-05
1.464640120967742121e+02 -3.814156211687055225e-04 3.280801388055242337e-05
1.465890120967742121e+02 -3.799064771408615479e-04 3.264178685478470629e-05
1.467140120967742121e+02 -3.783992099920389690e-04 3.247574559672603895e-05
1.468390120967742121e+02 -3.768938584763908300e-04 3.230990082455486846e-05
1.469640120967742121e+02 -3.753904609136716726e-04 3.214426305479961847e-05
1.470890120967742121e+02 -3.738890551908106053e-04 3.197884260487600687e-05
1.472140120967742121e+02 -3.723896787635006347e-04 3.181364959560299791e-05
1.473390120967742121e+02 -3.708923686578274089e-04 3.164869395368973839e-05
1.474640120967742121e+02 -3.693971614718900994e-04 3.148398541420007791e-05
1.475890120967742121e+02 -3.679040933775016469e-04 3.131953352299101414e-05
1.477140120967742121e+02 -3.664132001218503012e-04 3.115534763912820035e-05
1.478390120967742121e+02 -3.649245170292091372e-04 3.099143693727593360e-05
1.479640120967742121e+02 -3.634380790026886673e-04 3.082781041006341240e-05
1.480890120967742121e+02 -3.619539205259769319e-04 3.066447687042706747e-05
1.482140120967742121e+02 -3.604720756651135253e-04 3.050144495392906365e-05
1.483390120967742121e+02 -3.589925780702860102e-04 3.033872312105288457e-05
1.484640120967742121e+02 -3.575154609776457935e-04 3.017631965947460408e-05
1.485890120967742121e+02 -3.560407572111259000e-04 3.001424268631143683e-05
1.487140120967742121e+02 -3.545684991843182682e-04 2.985250015034697176e-05
1.488390120967742121e+02 -3.530987189023199841e-04 2.969109983423430142e-05
1.489640120967742121e+02 -3.516314479636165405e-04 2.953004935667571213e-05
1.490890120967742121e+02 -3.501667175619991397e-04 2.936935617458037514e-05
1.492140120967742121e+02 -3.487045584884874180e-04 2.920902758519854770e-05
1.493390120967742121e+02 -3.472450011332336843e-04 2.904907072823619424e-05
1.494640120967742121e+02 -3.457880754875033774e-04 2.888949258794494193e-05
1.495890120967742121e+02 -3.443338111456250585e-04 2.873029999519194455e-05
1.497140120967742121e+02 -3.428822373069736877e-04 2.857149962950677154e-05
1.498390120967742121e+02 -3.414333827779600264e-04 2.841309802110878130e-05
1.499640120967742121e+02 -3.399872759740427000e-04 2.825510155291133675e-05
1.500890120967742121e+02 -3.385439449217338094e-04 2.809751646250601041e-05
1.502140120967742121e+02 -3.371034172606489398e-04 2.794034884412540716e-05
1.503390120967742121e+02 -3.356657202455382515e-04 2.778360465058523791e-05
1.504640120967742121e+02 -3.342308807483446208e-04 2.762728969520665757e-05
1.505890120967742121e+02 -3.327989252602745200e-04 2.747140965371682055e-05
1.507140120967742121e+02 -3.313698798938589777e-04 2.731597006613029687e-05
1.508390120967742121e+02 -3.299437703850705375e-04 2.716097633860943428e-05
1.509640120967742121e+02 -3.285206220953945720e-04 2.700643374530613318e-05
1.510890120967742121e+02 -3.271004600139409838e-04 2.685234743018265912e-05
1.512140120967742121e+02 -3.256833087595696749e-04 2.669872240881357667e-05
1.513390120967742121e+02 -3.242691925830194864e-04 2.654556357016727650e-05
1.514640120967742121e+02 -3.228581353690149116e-04 2.639287567837023327e-05
1.515890120967742121e+02 -3.214501606384359642e-04 2.624066337445015871e-05
1.517140120967742121e+02 -3.200452915504540022e-04 2.608893117806128243e-05
1.518390120967742121e+02 -3.186435509046893445e-04 2.593768348919008648e-05
1.519640120967742121e+02 -3.172449611433732241e-04 2.578692458984381815e-05
1.520890120967742121e+02 -3.158495443535231316e-04 2.563665864571903984e-05
1.522140120967742121e+02 -3.144573222691029253e-04 2.548688970785290280e-05
1.523390120967742121e+02 -3.130683162732233820e-04 2.533762171425558635e-05
1.524640120967742121e+02 -3.116825474003242081e-04 2.518885849152520683e-05
1.525890120967742121e+02 -3.103000363383477569e-04 2.504060375644518959e-05
1.527140120967742121e+02 -3.089208034309602873e-04 2.489286111756312488e-05
1.528390120967742121e+02 -3.075448686797388541e-04 2.474563407675295747e-05
1.529640120967742121e+02 -3.061722517463790144e-04 2.459892603075889732e-05
1.530890120967742121e+02 -3.048029719549052454e-04 2.445274027272339586e-05
1.532140120967742121e+02 -3.034370482938826617e-04 2.430707999369705340e-05
1.533390120967742121e+02 -3.020744994186256986e-04 2.416194828413171117e-05
1.534640120967742121e+02 -3.007153436534335737e-04 2.401734813535717878e-05
1.535890120967742121e+02 -2.993595989937951210e-04 2.387328244104145795e-05
1.537140120967742121e+02 -2.980072831086104292e-04 2.372975399863402237e-05
1.538390120967742121e+02 -2.966584133424286351e-04 2.358676551079306815e-05
1.539640120967742121e+02 -2.953130067176750373e-04 2.344431958679624723e-05
1.540890120967742121e+02 -2.939710799368582613e-04 2.330241874393641842e-05
1.542140120967742121e+02 -2.926326493848249656e-04 2.316106540890025111e-05
1.543390120967742121e+02 -2.912977311309709102e-04 2.302026191913188397e-05
1.544640120967742121e+02 -2.899663409314840617e-04 2.288001052418068309e-05
1.545890120967742121e+02 -2.886384942315762614e-04 2.274031338703362483e-05
1.547140120967742121e+02 -2.873142061676977623e-04 2.260117258543274373e-05
1.548390120967742121e+02 -2.859934915697869484e-04 2.246259011317682904e-05
1.549640120967742121e+02 -2.846763649634915941e-04 2.232456788140852182e-05
1.550890120967742121e+02 -2.833628405724010740e-04 2.218710771988597220e-05
1.552140120967742121e+02 -2.820529323202730968e-04 2.205021137824086970e-05
1.553390120967742121e+02 -2.807466538332656445e-04 2.191388052722067128e-05
1.554640120967742121e+02 -2.794440184421532439e-04 2.177811675991695830e-05
1.555890120967742121e+02 -2.781450391845693136e-04 2.164292159297922800e-05
1.557140120967742121e+02 -2.768497288072137622e-04 2.150829646781498330e-05
1.558390120967742121e+02 -2.755580997680731636e-04 2.137424275177510124e-05
1.559640120967742121e+02 -2.742701642386516652e-04 2.124076173932554039e-05
1.560890120967742121e+02 -2.729859341061775021e-04 2.110785465320543143e-05
1.562140120967742121e+02 -2.717054209758185644e-04 2.097552264557086638e-05
1.563390120967742121e+02 -2.704286361728929227e-04 2.084376679912621952e-05
1.564640120967742121e+02 -2.691555907450768597e-04 2.071258812824105863e-05
1.565890120967742121e+02 -2.678862954646031450e-04 2.058198758005408633e-05
1.567140120967742121e+02 -2.666207608304747585e-04 2.045196603556397968e-05
1.568390120967742121e+02 -2.653589970706487990e-04 2.032252431070743611e-05
1.569640120967742121e+02 -2.641010141442304217e-04 2.019366315742381247e-05
1.570890120967742121e+02 -2.628468217436686727e-04 2.006538326470734668e-05
1.572140120967742121e+02 -2.615964292969426199e-04 1.993768525964627398e-05
1.573390120967742121e+02 -2.603498459697259630e-04 1.981056970845021360e-05
1.574640120967742121e+02 -2.591070806675806453e-04 1.968403711746439914e-05
1.575890120967742121e+02 -2.578681420381190781e-04 1.955808793417174234e-05
1.577140120967742121e+02 -2.566330384731706476e-04 1.943272254818286885e-05
1.578390120967742121e+02 -2.554017781109436144e-04 1.930794129221438034e-05
1.579640120967742121e+02 -2.541743688381827297e-04 1.918374444305448559e-05
1.580890120967742121e+02 -2.529508182923122695e-04 1.906013222251732542e-05
1.582140120967742121e+02 -2.517311338635909402e-04 1.893710479838554755e-05
1.583390120967742121e+02 -2.505153226972447219e-04 1.881466228534079600e-05
1.584640120967742121e+02 -2.493033916956012824e-04 1.869280474588375156e-05
1.585890120967742121e+02 -2.480953475202198923e-04 1.857153219124155132e-05
1.587140120967742121e+02 -2.468911965940030718e-04 1.845084458226514223e-05
1.588390120967742121e+02 -2.456909451033289452e-04 1.833074183031432885e-05
1.589640120967742121e+02 -2.444945990001445640e-04 1.821122379813303621e-05
1.590890120967742121e+02 -2.433021640040700995e-04 1.809229030071267017e-05
1.592140120967742121e+02 -2.421136456045008400e-04 1.797394110614514059e-05
1.593390120967742121e+02 -2.409290490626968815e-04 1.785617593646487305e-05
1.594640120967742121e+02 -2.397483794138507832e-04 1.773899446848082901e-05
1.595890120967742121e+02 -2.385716414691791830e-04 1.762239633459739929e-05
1.597140120967742121e+02 -2.373988398179824560e-04 1.750638112362517049e-05
1.598390120967742121e+02 -2.362299788297044282e-04 1.739094838158145579e-05
1.599640120967742121e+02 -2.350650626559892700e-04 1.727609761248079018e-05
1.600890120967742121e+02 -2.339040952327264920e-04 1.716182827911503421e-05
1.602140120967742121e+02 -2.327470802820830371e-04 1.704813980382376744e-05
1.603390120967742121e+02 -2.315940213145434247e-04 1.693503156925480204e-05
1.604640120967742121e+02 -2.304449216309310280e-04 1.682250291911464377e-05
1.605890120967742121e+02 -2.292997843244128184e-04 1.671055315890995421e-05
1.607140120967742121e+02 -2.281586122825193970e-04 1.659918155667872310e-05
1.608390120967742121e+02 -2.270214081891365650e-04 1.648838734371258416e-05
1.609640120967742121e+02 -2.258881745264990906e-04 1.637816971526912915e-05
1.610890120967742121e+02 -2.247589135771721426e-04 1.626852783127579903e-05
1.612140120967742121e+02 -2.236336274260286854e-04 1.615946081702383772e-05
1.613390120967742121e+02 -2.225123179622065452e-04 1.605096776385370438e-05
1.614640120967742121e+02 -2.213949868810819561e-04 1.594304772983094810e-05
1.615890120967742121e+02 -2.202816356862052948e-04 1.583569974041404259e-05
1.617140120967742121e+02 -2.191722656912431305e-04 1.572892278911266963e-05
1.618390120967742121e+02 -2.180668780219163446e-04 1.562271583813761025e-05
1.619640120967742121e+02 -2.169654736179234787e-04 1.551707781904195540e-05
1.620890120967742121e+02 -2.158680532348435360e-04 1.541200763335415469e-05
1.622140120967742121e+02 -2.147746174460569437e-04 1.530750415320211022e-05
1.623390120967742121e+02 -2.136851666446288667e-04 1.520356622192928300e-05
1.624640120967742121e+02 -2.125997010452058294e-04 1.510019265470252203e-05
1.625890120967742121e+02 -2.115182206858951799e-04 1.499738223911143674e-05
1.627140120967742121e+02 -2.104407254301220848e-04 1.489513373576040688e-05
1.628390120967742121e+02 -2.093672149685043313e-04 1.479344587885174614e-05
1.629640120967742121e+02 -2.082976888206958775e-04 1.469231737676170820e-05
1.630890120967742121e+02 -2.072321463372291020e-04 1.459174691260808020e-05
1.632140120967742121e+02 -2.061705867013494359e-04 1.449173314481063387e-05
1.633390120967742121e+02 -2.051130089308380699e-04 1.439227470764346899e-05
1.634640120967742121e+02 -2.040594118798196987e-04 1.429337021178011974e-05
1.635890120967742121e+02 -2.030097942405794265e-04 1.419501824483077176e-05
1.637140120967742121e+02 -2.019641545453456299e-04 1.409721737187277419e-05
1.638390120967742121e+02 -2.009224911680783485e-04 1.399996613597304549e-05
1.639640120967742121e+02 -1.998848023262474042e-04 1.390326305870398261e-05
1.640890120967742121e+02 -1.988510860826000570e-04 1.380710664065148254e-05
1.642140120967742121e+02 -1.978213403469085494e-04 1.371149536191664671e-05
1.643390120967742121e+02 -1.967955628777258903e-04 1.361642768260991287e-05
1.644640120967742121e+02 -1.957737512841197381e-04 1.352190204333852601e-05
1.645890120967742121e+02 -1.947559030273947106e-04 1.342791686568717526e-05
1.647140120967742121e+02 -1.937420154228206568e-04 1.333447055269158704e-05
1.648390120967742121e+02 -1.927320856413306807e-04 1.324156148930600076e-05
1.649640120967742121e+02 -1.917261107112197332e-04 1.314918804286337546e-05
1.650890120967742121e+02 -1.907240875198374589e-04 1.305734856352957388e-05
1.652140120967742121e+02 -1.897260128152660256e-04 1.296604138475060610e-05
1.653390120967742121e+02 -1.887318832079801461e-04 1.287526482369403188e-05
1.654640120967742121e+02 -1.877416951725147988e-04 1.278501718168355130e-05
1.655890120967742121e+02 -1.867554450491093650e-04 1.269529674462760342e-05
1.657140120967742121e+02 -1.857731290453452358e-04 1.260610178344155288e-05
1.658390120967742121e+02 -1.847947432377769668e-04 1.251743055446422348e-05
1.659640120967742121e+02 -1.838202835735458691e-04 1.242928129986777231e-05
1.660890120967742121e+02 -1.828497458719937903e-04 1.234165224806217172e-05
1.662140120967742121e+02 -1.818831258262612550e-04 1.225454161409323685e-05
1.663390120967742121e+02 -1.809204190048688829e-04 1.216794760003536604e-05
1.664640120967742121e+02 -1.799616208533038469e-04 1.208186839537810631e-05
1.665890120967742121e+02 -1.790067266955855428e-04 1.199630217740711493e-05
1.667140120967742121e+02 -1.780557317358189798e-04 1.191124711157963724e-05
1.668390120967742121e+02 -1.771086310597529687e-04 1.182670135189405695e-05
1.669640120967742121e+02 -1.761654196363103921e-04 1.174266304125444902e-05
1.670890120967742121e+02 -1.752260923191164145e-04 1.165913031182914726e-05
1.672140120967742121e+02 -1.742906438480207559e-04 1.157610128540439249e-05
1.673390120967742121e+02 -1.733590688506060347e-04 1.149357407373220220e-05
1.674640120967742121e+02 -1.724313618436785719e-04 1.141154677887345613e-05
1.675890120967742121e+02 -1.715075172347646179e-04 1.133001749353542200e-05
1.677140120967742121e+02 -1.705875293235840267e-04 1.124898430140434972e-05
1.678390120967742121e+02 -1.696713923035183202e-04 1.116844527747272432e-05
1.679640120967742121e+02 -1.687591002630698073e-04 1.108839848836197193e-05
1.680890120967742121e+02 -1.678506471873091564e-04 1.100884199263968714e-05
1.682140120967742121e+02 -1.669460269593096326e-04 1.092977384113235422e-05
1.683390120967742121e+02 -1.660452333615817675e-04 1.085119207723288782e-05
1.684640120967742121e+02 -1.651482600774859943e-04 1.077309473720377251e-05
1.685890120967742121e+02 -1.642551006926387756e-04 1.069547985047515741e-05
1.687140120967742121e+02 -1.633657486963162938e-04 1.061834543993838865e-05
1.688390120967742121e+02 -1.624801974828379196e-04 1.078232197701276275e-05
1.689640120967742121e+02 -1.615984403529446400e-04 1.124529885063740288e-05
1.690890120967742121e+02 -1.607204705151681610e-04 1.170339049348701914e-05
1.692140120967742121e+02 -1.598462810871885192e-04 1.215662562342475154e-05
1.693390120967742121e+02 -1.589758650971783837e-04 1.260503290834728516e-05
1.694640120967742121e+02 -1.581092154851490388e-04 1.304864096493303203e-05
1.695890120967742121e+02 -1.572463251042717828e-04 1.348747835750789132e-05
1.697140120967742121e+02 -1.563871867221966428e-04 1.392157359685328424e-05
1.698390120967742121e+02 -1.555317930223654253e-04 1.435095513905869209e-05
1.699640120967742121e+02 -1.546801366053060360e-04 1.477565138439356082e-05
1.700890120967742121e+02 -1.538322099899236840e-04 1.519569067619063546e-05
1.702140120967742121e+02 -1.529880056147796979e-04 1.561110129975119717e-05
1.703390120967742121e+02 -1.521475158393578470e-04 1.602191148126929751e-05
1.704640120967742121e+02 -1.513107329453279245e-04 1.642814938676797311e-05
1.705890120967742121e+02 -1.504776491377962395e-04 1.682984312103413398e-05
1.707140120967742121e+02 -1.496482565465385983e-04 1.722702072664395552e-05
1.708390120967742121e+02 -1.488225472272392230e-04 1.761971018288979618e-05
1.709640120967742121e+02 -1.480005131627070358e-04 1.800793940482535080e-05
1.710890120967742121e+02 -1.471821462640869030e-04 1.839173624228651439e-05
1.712140120967742121e+02 -1.463674383720630723e-04 1.877112847890499871e-05
1.713390120967742121e+02 -1.455563812580503856e-04 1.914614383119118192e-05
1.714640120967742121e+02 -1.447489666253734303e-04 1.951680994759809996e-05
1.715890120967742121e+02 -1.439451861104469371e-04 1.988315440759518883e-05
1.717140120967742121e+02 -1.431450312839322716e-04 2.024520472079113461e-05
1.718390120967742121e+02 -1.423484936518929227e-04 2.060298832604572214e-05
1.719640120967742121e+02 -1.415555646569411545e-04 2.095653259060493640e-05
1.720890120967742121e+02 -1.407662356793740069e-04 2.130586480923543042e-05
1.722140120967742121e+02 -1.399804980382927879e-04 2.165101220343380645e-05
1.723390120967742121e+02 -1.391983429927268494e-04 2.199200192055675716e-05
1.724640120967742121e+02 -1.384197617427375220e-04 2.232886103304699952e-05
1.725890120967742121e+02 -1.376447454305130776e-04 2.266161653765400447e-05
1.727140120967742121e+02 -1.368732851414640992e-04 2.299029535462097405e-05
1.728390120967742121e+02 -1.361053719052975996e-04 2.331492432696382662e-05
1.729640120967742121e+02 -1.353409966970868311e-04 2.363553021971448811e-05
1.730890120967742121e+02 -1.345801504383359445e-04 2.395213971918794089e-05
1.732140120967742121e+02 -1.338228239980314763e-04 2.426477943225659772e-05
1.733390120967742121e+02 -1.330690081936804713e-04 2.457347588568278219e-05
1.734640120967742121e+02 -1.323186937923500977e-04 2.487825552539794436e-05
1.735890120967742121e+02 -1.315718715116897782e-04 2.517914471583659129e-05
1.737140120967742121e+02 -1.308285320209466270e-04 2.547616973929779026e-05
1.738390120967742121e+02 -1.300886659419742727e-04 2.576935679526501141e-05
1.739640120967742121e+02 -1.293522638502277492e-04 2.605873199981473620e-05
1.740890120967742121e+02 -1.286193162757557306e-04 2.634432138496081317e-05
1.742140120967742121e+02 -1.278898137041813545e-04 2.662615089806563795e-05
1.743390120967742121e+02 -1.271637465776688698e-04 2.690424640126414037e-05
1.744640120967742121e+02 -1.264411052958917749e-04 2.717863367085025133e-05
1.745890120967742121e+02 -1.257218802169850181e-04 2.744933839673916571e-05
1.747140120967742121e+02 -1.250060616584878202e-04 2.771638618190811422e-05
1.748390120967742121e+02 -1.242936398982859812e-04 2.797980254184859400e-05
1.749640120967742121e+02 -1.235846051755354585e-04 2.823961290403999861e-05
1.750890120967742121e+02 -1.228789476915824203e-04 2.849584260745218267e-05
1.752140120967742121e+02 -1.221766576108761985e-04 2.874851690202207688e-05
1.753390120967742121e+02 -1.214777250618728896e-04 2.899766094816060296e-05
1.754640120967742121e+02 -1.207821401379243463e-04 2.924329981630591801e-05
1.755890120967742121e+02 -1.200898928981697985e-04 2.948545848641680075e-05
1.757140120967742121e+02 -1.194009733684101265e-04 2.972416184754801352e-05
1.758390120967742121e+02 -1.187153715419775947e-04 2.995943469739387351e-05
1.759640120967742121e+02 -1.180330773805969384e-04 3.019130174186212068e-05
1.760890120967742121e+02 -1.173540808152384547e-04 3.041978759465276277e-05
1.762140120967742121e+02 -1.166783717469598583e-04 3.064491677685414565e-05
1.763390120967742121e+02 -1.160059400477471756e-04 3.086671371653922351e-05
1.764640120967742121e+02 -1.153367755613390899e-04 3.108520274838176149e-05
1.765890120967742121e+02 -1.146708681040469922e-04 3.130040811329772900e-05
1.767140120967742121e+02 -1.140082074655698397e-04 3.151235395805440079e-05
1.768390120967742121e+02 -1.133487834097960593e-04 3.172106433493929585e-05
1.769640120967742121e+02 -1.126925856756002869e-04 3.192656320141695287e-05
1.770890120967742121e+02 -1.120396039776314469e-04 3.212887441978262926e-05
1.772140120967742121e+02 -1.113898280070940960e-04 3.232802175685822315e-05
1.773390120967742121e+02 -1.107432474325176648e-04 3.252402888367920318e-05
1.774640120967742121e+02 -1.100998519005267425e-04 3.271691937518477747e-05
1.775890120967742121e+02 -1.094596310365941234e-04 3.290671670993909094e-05
1.777140120967742121e+02 -1.088225744457894213e-04 3.309344426985145381e-05
1.778390120967742121e+02 -1.081886717135248783e-04 3.327712533989821657e-05
1.779640120967742121e+02 -1.075579124062856840e-04 3.345778310787089630e-05
1.780890120967742121e+02 -1.069302860723587620e-04 3.363544066412563785e-05
1.782140120967742121e+02 -1.063057822425511492e-04 3.381012100133380671e-05
1.783390120967742121e+02 -1.056843904308999040e-04 3.398184701427172831e-05
1.784640120967742121e+02 -1.050661001353802530e-04 3.415064149957672897e-05
1.785890120967742121e+02 -1.044509008385988976e-04 3.431652715554262830e-05
1.787140120967742121e+02 -1.038387820084833501e-04 3.447952658193297179e-05
1.788390120967742121e+02 -1.032297330989668372e-04 3.463966227975956219e-05
1.789640120967742121e+02 -1.026237435506608986e-04 3.479695665112050683e-05
1.790890120967742121e+02 -1.020208027915237844e-04 3.495143199901356543e-05
1.792140120967742121e+02 -1.014209002375207337e-04 3.510311052717418384e-05
1.793390120967742121e+02 -1.008240252932783722e-04 3.525201433991257912e-05
1.794640120967742121e+02 -1.002301673527278611e-04 3.539816544197311852e-05
1.795890120967742121e+02 -9.963931579974918387e-05 3.554158573838231433e-05
1.797140120967742121e+02 -9.905146000879963130e-05 3.568229703431780481e-05
1.798390120967742121e+02 -9.846658934553897968e-05 3.582032103500164841e-05
1.799640120967742121e+02 -9.788469316745012868e-05 3.595567934555781890e-05
1.800890120967742121e+02 -9.730576082445087599e-05 3.608839347091821861e-05
1.802140120967742121e+02 -9.672978165949452467e-05 3.621848481573308271e-05
1.803390120967742121e+02 -9.615674500917311969e-05 3.634597468425334319e-05
1.804640120967742121e+02 -9.558664020430528878e-05 3.647088428026990686e-05
1.805890120967742121e+02 -9.501945657052182008e-05 3.659323470702543509e-05
1.807140120967742121e+02 -9.445518342884385351e-05 3.671304696715054535e-05
1.808390120967742121e+02 -9.389381009625403856e-05 3.683034196259440870e-05
1.809640120967742121e+02 -9.333532588626000767e-05 3.694514049458875424e-05
1.810890120967742121e+02 -9.277972010945458351e-05 3.705746326358360987e-05
1.812140120967742121e+02 -9.222698207406799023e-05 3.716733086920795924e-05
1.813390120967742121e+02 -9.167710108650927695e-05 3.727476381026072259e-05
1.814640120967742121e+02 -9.113006645190980116e-05 3.737978248465610617e-05
1.815890120967742121e+02 -9.058586747465368824e-05 3.748240718942656344e-05
1.817140120967742121e+02 -9.004449345890411672e-05 3.758265812070328625e-05
1.818390120967742121e+02 -8.950593370912439937e-05 3.768055537371274214e-05
1.819640120967742121e+02 -8.897017753059020101e-05 3.777611894278723855e-05
1.820890120967742121e+02 -8.843721422989908642e-05 3.786936872135854634e-05
1.822140120967742121e+02 -8.790703311547208576e-05 3.796032450198659052e-05
1.823390120967742121e+02 -8.737962349804665428e-05 3.804900597637994163e-05
1.824640120967742121e+02 -8.685497469116913044e-05 3.813543273542243972e-05
1.825890120967742121e+02 -8.633307601167698904e-05 3.821962426920339612e-05
1.827140120967742121e+02 -8.581391678017609350e-05 3.830159996707192555e-05
1.828390120967742121e+02 -8.529748632151285231e-05 3.838137911767262314e-05
1.829640120967742121e+02 -8.478377396524008718e-05 3.845898090899844637e-05
1.830890120967742121e+02 -8.427276904607578607e-05 3.853442442846488131e-05
1.832140120967742121e+02 -8.376446090435868495e-05 3.860772866295589923e-05
1.833390120967742121e+02 -8.325883888649723591e-05 3.867891249890582738e-05
1.834640120967742121e+02 -8.275589234540918341e-05 3.874799472237843481e-05
1.835890120967742121e+02 -8.225561064096218399e-05 3.881499401914151190e-05
1.837140120967742121e+02 -8.175798314040343497e-05 3.887992897476121631e-05
1.838390120967742121e+02 -8.126299921878565749e-05 3.894281807469150605e-05
1.839640120967742121e+02 -8.077064825938803797e-05 3.900367970437760629e-05
1.840890120967742121e+02 -8.028091965413109809e-05 3.906253214935063311e-05
1.842140120967742121e+02 -7.979380280398439549e-05 3.911939359535531927e-05
1.843390120967742121e+02 -7.930928711937383136e-05 3.917428212844486834e-05
1.844640120967742121e+02 -7.882736202057768246e-05 3.922721573510804357e-05
1.845890120967742121e+02 -7.834801693811992249e-05 3.927821230240536394e-05
1.847140120967742121e+02 -7.787124131315984377e-05 3.932728961807886617e-05
1.848390120967742121e+02 -7.739702459787479408e-05 3.937446537069949512e-05
1.849640120967742121e+02 -7.692535625583547332e-05 3.941975714980648486e-05
1.850890120967742121e+02 -7.645622576238106740e-05 3.946318244604727488e-05
1.852140120967742121e+02 -7.598962260498572216e-05 3.950475865132714359e-05
1.853390120967742121e+02 -7.552553628361924386e-05 3.954450305896660059e-05
1.854640120967742121e+02 -7.506395631110759643e-05 3.958243286385342566e-05
1.855890120967742121e+02 -7.460487221348238046e-05 3.961856516260573959e-05
1.857140120967742121e+02 -7.414827353032826579e-05 3.965291695375005047e-05
1.858390120967742121e+02 -7.369414981512718507e-05 3.968550513787247959e-05
1.859640120967742121e+02 -7.324249063559390785e-05 3.971634651781401945e-05
1.860890120967742121e+02 -7.279328557400992065e-05 3.974545779883753479e-05
1.862140120967742121e+02 -7.234652422755080182e-05 3.977285558881133159e-05
1.863390120967742121e+02 -7.190219620860829734e-05 3.979855639841004613e-05
1.864640120967742121e+02 -7.146029114511105490e-05 3.982257664128632845e-05
1.865890120967742121e+02 -7.102079868083642695e-05 3.984493263428263445e-05
1.867140120967742121e+02 -7.058370847571914300e-05 3.986564059762481019e-05
1.868390120967742121e+02 -7.014901020615747480e-05 3.988471665512397033e-05
1.869640120967742121e+02 -6.971669356531202890e-05 3.990217683438512575e-05
1.870890120967742121e+02 -6.928674826340085289e-05 3.991803706701713248e-05
1.872140120967742121e+02 -6.885916402799092321e-05 3.993231318884865128e-05
1.873390120967742121e+02 -6.843393060428432030e-05 3.994502094013948571e-05
1.874640120967742121e+02 -6.801103775539937574e-05 3.995617596581511541e-05
1.875890120967742121e+02 -6.759047526265001698e-05 3.996579381567269448e-05
1.877140120967742121e+02 -6.717223292581765812e-05 3.997388994462365531e-05
1.878390120967742121e+02 -6.675630056341966192e-05 3.998047971292416927e-05
1.879640120967742121e+02 -6.634266801297553854e-05 3.998557838639774700e-05
1.880890120967742121e+02 -6.593132513126726251e-05 3.998920113668311409e-05
1.882140120967742121e+02 -6.552226179459353164e-05 3.999136304147417217e-05
1.883390120967742121e+02 -6.511546789902418865e-05 3.999207908476121355e-05
1.884640120967742121e+02 -6.471093336064722952e-05 3.999136415707403320e-05
1.885890120967742121e+02 -6.430864811581235596e-05 3.998923305574153422e-05
1.887140120967742121e+02 -6.390860212137164115e-05 3.998570048513591050e-05
1.888390120967742121e+02 -6.351078535491496433e-05 3.998078105692659393e-05
1.889640120967742121e+02 -6.311518781500102706e-05 3.997448929035072901e-05
1.890890120967742121e+02 -6.272179952138697381e-05 3.996683961245713865e-05
1.892140120967742121e+02 -6.233061051525165617e-05 3.995784635838109486e-05
1.893390120967742121e+02 -6.194161085941462825e-05 3.994752377160900643e-05
1.894640120967742121e+02 -6.155479063855427452e-05 3.993588600424364859e-05
1.895890120967742121e+02 -6.117013995941945968e-05 3.992294711727773442e-05
1.897140120967742121e+02 -6.078764895103787839e-05 3.990872108086623924e-05
1.898390120967742121e+02 -6.040730776492212150e-05 3.989322177460356340e-05
1.899640120967742121e+02 -6.002910657526944703e-05 3.987646298780203667e-05
1.900890120967742121e+02 -5.965303557916113786e-05 3.985845841977057180e-05
1.902140120967742121e+02 -5.927908499675593697e-05 3.983922168009850862e-05
1.903390120967742121e+02 -5.890724507147919323e-05 3.981876628894283950e-05
1.904640120967742121e+02 -5.853750607021168884e-05 3.979710567731299545e-05
1.905890120967742121e+02 -5.816985828347185977e-05 3.977425318735756330e-05
1.907140120967742121e+02 -5.780429202559565137e-05 3.975022207266492148e-05
1.908390120967742121e+02 -5.744079763491324333e-05 3.972502549854457689e-05
1.909640120967742121e+02 -5.707936547392208833e-05 3.969867654233063311e-05
1.910890120967742121e+02 -5.671998592945544452e-05 3.967118819368077945e-05
1.912140120967742121e+02 -5.636264941284989827e-05 3.964257335486521730e-05
1.913390120967742121e+02 -5.600734636010796743e-05 3.961284484107653869e-05
1.914640120967742121e+02 -5.565406723205633383e-05 3.958201538073076171e-05
1.915890120967742121e+02 -5.530280251450370990e-05 3.955009761577082592e-05
1.917140120967742121e+02 -5.495354271839339948e-05 3.951710410196878650e-05
1.918390120967742121e+02 -5.460627837995254502e-05 3.948304730924307896e-05
1.919640120967742121e+02 -5.426100006083946388e-05 3.944793962195992736e-05
1.920890120967742121e+02 -5.391769834828714924e-05 3.941179333924336509e-05
1.922140120967742121e+02 -5.357636385524269855e-05 3.937462067529827974e-05
1.923390120967742121e+02 -5.323698722050627431e-05 3.933643375970955798e-05
1.924640120967742121e+02 -5.289955910886433901e-05 3.929724463776848467e-05
1.925890120967742121e+02 -5.256407021122029468e-05 3.925706527078633477e-05
1.927140120967742121e+02 -5.223051124472418062e-05 3.921590753641097390e-05
1.928390120967742121e+02 -5.189887295289764119e-05 3.917378322894671835e-05
1.929640120967742121e+02 -5.156914610575483475e-05 3.913070405967704785e-05
1.930890120967742121e+02 -5.124132149992383713e-05 3.908668165718487208e-05
1.932140120967742121e+02 -5.091538995876238705e-05 3.904172756767285146e-05
1.933390120967742121e+02 -5.059134233247088706e-05 3.899585325529694518e-05
1.934640120967742121e+02 -5.026916949820528252e-05 3.894907010247743487e-05
1.935890120967742121e+02 -4.994886236018285946e-05 3.890138941024065165e-05
1.937140120967742121e+02 -4.963041184978947212e-05 3.885282239853615261e-05
1.938390120967742121e+02 -4.931380892568152573e-05 3.880338020656589823e-05
1.939640120967742121e+02 -4.899904457388563504e-05 3.875307389312177800e-05
1.940890120967742121e+02 -4.868610980789650066e-05 3.870191443690485379e-05
1.942140120967742121e+02 -4.837499566877138371e-05 3.864991273686539951e-05
1.943390120967742121e+02 -4.806569322522141600e-05 3.859707961253207846e-05
1.944640120967742121e+02 -4.775819357370259845e-05 3.854342580434280116e-05
1.945890120967742121e+02 -4.745248783850141241e-05 3.848896197398193935e-05
1.947140120967742121e+02 -4.714856717181908929e-05 3.843369870471382654e-05
1.948390120967742121e+02 -4.684642275385445036e-05 3.837764650171768846e-05
1.949640120967742121e+02 -4.654604579288290444e-05 3.832081579242037106e-05
1.950890120967742121e+02 -4.624742752533246402e-05 3.826321692684280418e-05
1.952140120967742121e+02 -4.595055921585955135e-05 3.820486017792477424e-05
1.953390120967742121e+02 -4.565543215742050152e-05 3.814575574187119137e-05
1.954640120967742121e+02 -4.536203767134066683e-05 3.808591373849126846e-05
1.955890120967742121e+02 -4.507036710738318911e-05 3.802534421152901309e-05
1.957140120967742121e+02 -4.478041184381296080e-05 3.796405712901179181e-05
1.958390120967742121e+02 -4.449216328745923094e-05 3.790206238358651404e-05
1.959640120967742121e+02 -4.420561287377699128e-05 3.783936979286066794e-05
1.960890120967742121e+02 -4.392075206690494721e-05 3.777598909973958177e-05
1.962140120967742121e+02 -4.363757235972050042e-05 3.771192997277668222e-05
1.963390120967742121e+02 -4.335606527389502960e-05 3.764720200650622926e-05
1.964640120967742121e+02 -4.307622235994472599e-05 3.758181472178708952e-05
1.965890120967742121e+02 -4.279803519728003303e-05 3.751577756615100242e-05
1.967140120967742121e+02 -4.252149539425341895e-05 3.744909991413602649e-05
1.968390120967742121e+02 -4.224659458820455418e-05 3.738179106763558473e-05
1.969640120967742121e+02 -4.197332444550282561e-05 3.731386025624292241e-05
1.970890120967742121e+02 -4.170167666158981697e-05 3.724531663758577318e-05
1.972140120967742121e+02 -4.143164296101737112e-05 3.717616929767877899e-05
1.973390120967742121e+02 -4.116321509748470365e-05 3.710642725126291313e-05
1.974640120967742121e+02 -4.089638485387439158e-05 3.703609944214921975e-05
1.975890120967742121e+02 -4.063114404228433029e-05 3.696519474356417290e-05
1.977140120967742121e+02 -4.036748450406044245e-05 3.689372195849063103e-05
1.978390120967742121e+02 -4.010539810982481992e-05 3.682168982001506627e-05
1.979640120967742121e+02 -3.984487675950343187e-05 3.674910699166937950e-05
1.980890120967742121e+02 -3.958591238235196265e-05 3.667598206777639494e-05
1.982140120967742121e+02 -3.932849693697987434e-05 3.660232357378905276e-05
1.983390120967742121e+02 -3.907262241137107430e-05 3.652813996664365574e-05
1.984640120967742121e+02 -3.881828082290538921e-05 3.645343963509292261e-05
1.985890120967742121e+02 -3.856546421837625787e-05 3.637823090005636831e-05
1.987140120967742121e+02 -3.831416467400716361e-05 3.630252201496400285e-05
1.988390120967742121e+02 -3.806437429546692160e-05 3.622632116609426358e-05
1.989640120967742121e+02 -3.781608521788260111e-05 3.614963647292321640e-05
1.990890120967742121e+02 -3.756928960585053024e-05 3.607247598846502229e-05
1.992140120967742121e+02 -3.732397965344702270e-05 3.599484769961498574e-05
1.993390120967742121e+02 -3.708014758423570294e-05 3.591675952749044139e-05
1.994640120967742121e+02 -3.683778565127392331e-05 3.583821932777872196e-05
1.995890120967742121e+02 -3.659688613711827991e-05 3.575923489107334227e-05
1.997140120967742121e+02 -3.635744135382744510e-05 3.567981394321701366e-05
1.998390120967742121e+02 -3.611944364296378019e-05 3.559996414564767394e-05
1.999640120967742121e+02 -3.588288537559385051e-05 3.551969309573312631e-05
2.000890120967742121e+02 -3.564775895228694134e-05 3.543900832711694061e-05
2.002140120967742121e+02 -3.541405680311156821e-05 3.535791731005772043e-05
2.003390120967742121e+02 -3.518177138763231907e-05 3.527642745176750298e-05
2.004640120967742121e+02 -3.495089519490299679e-05 3.519454609675393326e-05
2.005890120967742121e+02 -3.472142074345940918e-05 3.511228052715858263e-05
2.007140120967742121e+02 -3.449334058131109517e-05 3.502963796309637178e-05
2.008390120967742121e+02 -3.426664728593116044e-05 3.494662556299107714e-05
2.009640120967742121e+02 -3.404133346424397167e-05 3.486325042392014105e-05
2.010890120967742121e+02 -3.381739175261310842e-05 3.477951958194445216e-05
2.012140120967742121e+02 -3.359481481682676700e-05 3.469544001245018083e-05
2.013390120967742121e+02 -3.337359535208167364e-05 3.461101863048610155e-05
2.014640120967742121e+02 -3.315372608296720093e-05 3.452626229109342752e-05
2.015890120967742121e+02 -3.293519976344585218e-05 3.444117778964997037e-05
2.017140120967742121e+02 -3.271800917683463346e-05 3.435577186219726422e-05
2.018390120967742121e+02 -3.250214713578397944e-05 3.427005118577982614e-05
2.019640120967742121e+02 -3.228760648225543236e-05 3.418402237877687455e-05
2.020890120967742121e+02 -3.207438008749866374e-05 3.409769200123608733e-05
2.022140120967742121e+02 -3.186246085202696461e-05 3.401106655520559803e-05
2.023390120967742121e+02 -3.165184170559098072e-05 3.392415248506675115e-05
2.024640120967742121e+02 -3.144251560715267816e-05 3.383695617786484472e-05
2.025890120967742121e+02 -3.123447554485667295e-05 3.374948396363771811e-05
2.027140120967742121e+02 -3.102771453600087630e-05 3.366174211575149560e-05
2.028390120967742121e+02 -3.082222562700662481e-05 3.357373685122244531e-05
2.029640120967742121e+02 -3.061800189338719121e-05 3.348547433104978859e-05
2.030890120967742121e+02 -3.041503643971446203e-05 3.339696066054506038e-05
2.032140120967742121e+02 -3.021332239958615410e-05 3.330820188965360898e-05
2.033390120967742121e+02 -3.001285293559075411e-05 3.321920401328602311e-05
2.034640120967742121e+02 -2.981362123927130291e-05 3.312997297164170529e-05
2.035890120967742121e+02 -2.961562053108942030e-05 3.304051465053340741e-05
2.037140120967742121e+02 -2.941884406038676840e-05 3.295083488171226101e-05
2.038390120967742121e+02 -2.922328510534622712e-05 3.286093944319032741e-05
2.039640120967742121e+02 -2.902893697295238847e-05 3.277083405956402877e-05
2.040890120967742121e+02 -2.883579299895068217e-05 3.268052440233293744e-05
2.042140120967742121e+02 -2.864384654780501382e-05 3.259001609022622241e-05
2.043390120967742121e+02 -2.845309101265576228e-05 3.249931468951604475e-05
2.044640120967742121e+02 -2.826351981527572711e-05 3.240842571434136138e-05
2.045890120967742121e+02 -2.807512640602539850e-05 3.231735462702599608e-05
2.047140120967742121e+02 -2.788790426380776297e-05 3.222610683839248892e-05
2.048390120967742121e+02 -2.770184689602182159e-05 3.213468770808280327e-05
2.049640120967742121e+02 -2.751694783851491220e-05 3.204310254487240561e-05
2.050890120967742121e+02 -2.733320065553533312e-05 3.195135660698489424e-05
2.052140120967742121e+02 -2.715059893968279855e-05 3.185945510240498809e-05
2.053390120967742121e+02 -2.696913631185851443e-05 3.176740318919522220e-05
2.054640120967742121e+02 -2.678880642121513574e-05 3.167520597580377302e-05
2.055890120967742121e+02 -2.660960294510455874e-05 3.158286852137831465e-05
2.057140120967742121e+02 -2.643151958902645530e-05 3.149039583607515872e-05
2.058390120967742121e+02 -2.625455008657470650e-05 3.139779288136771671e-05
2.059640120967742121e+02 -2.607868819938355509e-05 3.130506457035906186e-05
2.060890120967742121e+02 -2.590392771707342921e-05 3.121221576808332385e-05
2.062140120967742121e+02 -2.573026245719561085e-05 3.111925129181596712e-05
2.063390120967742121e+02 -2.555768626517566420e-05 3.102617591138019995e-05
2.064640120967742121e+02 -2.538619301425740611e-05 3.093299434944712229e-05
2.065890120967742121e+02 -2.521577660544504021e-05 3.083971128184349685e-05
2.067140120967742121e+02 -2.504643096744499619e-05 3.074633133785220867e-05
2.068390120967742121e+02 -2.487815005660734229e-05 3.065285910051460165e-05
2.069640120967742121e+02 -2.471092785686621851e-05 3.055929910692896617e-05
2.070890120967742121e+02 -2.454475837967928732e-05 3.046565584855441726e-05
2.072140120967742121e+02 -2.437963566396768580e-05 3.037193377150489295e-05
2.073390120967742121e+02 -2.421555377605405670e-05 3.027813727684760804e-05
2.074640120967742121e+02 -2.405250680960040673e-05 3.018427072090289020e-05
2.075890120967742121e+02 -2.389048888554595130e-05 3.009033841553410916e-05
2.077140120967742121e+02 -2.372949415204348195e-05 2.999634462844655742e-05
2.078390120967742121e+02 -2.356951678439551370e-05 2.990229358347834163e-05
2.079640120967742121e+02 -2.341055098499007989e-05 2.980818946089348317e-05
2.080890120967742121e+02 -2.325259098323565637e-05 2.971403639767283323e-05
2.082140120967742121e+02 -2.309563103549528264e-05 2.961983848780455096e-05
2.083390120967742121e+02 -2.293966542502120482e-05 2.952559978257253510e-05
2.084640120967742121e+02 -2.278468846188753309e-05 2.943132429084405264e-05
2.085890120967742121e+02 -2.263069448292339054e-05 2.933701597935936656e-05
2.087140120967742121e+02 -2.247767785164552653e-05 2.924267877301274060e-05
2.088390120967742121e+02 -2.232563295818964271e-05 2.914831655514154524e-05
2.089640120967742121e+02 -2.217455421924201034e-05 2.905393316780879059e-05
2.090890120967742121e+02 -2.202443607797057937e-05 2.895953241208283361e-05
2.092140120967742121e+02 -2.187527300395491532e-05 2.886511804832305183e-05
2.093390120967742121e+02 -2.172705949311644778e-05 2.877069379645701963e-05
2.094640120967742121e+02 -2.157979006764788884e-05 2.867626333626118449e-05
2.095890120967742121e+02 -2.143345927594219756e-05 2.858183030763949677e-05
2.097140120967742121e+02 -2.128806169252152740e-05 2.848739831089722833e-05
2.098390120967742121e+02 -2.114359191796494724e-05 2.839297090702123884e-05
2.099640120967742121e+02 -2.100004457883655200e-05 2.829855161795136848e-05
2.100890120967742121e+02 -2.085741432761266864e-05 2.820414392685634372e-05
2.102140120967742121e+02 -2.071569584260915019e-05 2.810975127840316764e-05
2.103390120967742121e+02 -2.057488382790756195e-05 2.801537707903257844e-05
2.104640120967742121e+02 -2.043497301328159806e-05 2.792102469722664750e-05
2.105890120967742121e+02 -2.029595815412318970e-05 2.782669746377668571e-05
2.107140120967742121e+02 -2.015783403136755283e-05 2.773239867205522916e-05
2.108390120967742121e+02 -2.002059545141857480e-05 2.763813157827876163e-05
2.109640120967742121e+02 -1.988423724607389593e-05 2.754389940177541767e-05
2.110890120967742121e+02 -1.974875427244866642e-05 2.744970532524968382e-05
2.112140120967742121e+02 -1.961414141290055002e-05 2.735555249504448069e-05
2.113390120967742121e+02 -1.948039357495318614e-05 2.726144402140412949e-05
2.114640120967742121e+02 -1.934750569121935384e-05 2.716738297873583447e-05
2.115890120967742121e+02 -1.921547271932501323e-05 2.707337240586867846e-05
2.117140120967742121e+02 -1.908428964183161565e-05 2.697941530631219498e-05
2.118390120967742121e+02 -1.895395146615895933e-05 2.688551464851613625e-05
2.119640120967742121e+02 -1.882445322450781454e-05 2.679167336612313637e-05
2.120890120967742121e+02 -1.869578997378167477e-05 2.669789435822745956e-05
2.122140120967742121e+02 -1.856795679550878899e-05 2.660418048962819184e-05
2.123390120967742121e+02 -1.844094879576401439e-05 2.651053459107987470e-05
2.124640120967742121e+02 -1.831476110508977470e-05 2.641695945954780086e-05
2.125890120967742121e+02 -1.818938887841745888e-05 2.632345785845613048e-05
2.127140120967742121e+02 -1.806482729498825064e-05 2.623003251793888405e-05
2.128390120967742121e+02 -1.794107155827400542e-05 2.613668613508596472e-05
2.129640120967742121e+02 -1.781811689589738536e-05 2.604342137419346677e-05
2.130890120967742121e+02 -1.769595855955236689e-05 2.595024086700750245e-05
2.132140120967742121e+02 -1.757459182492437916e-05 2.585714721296820175e-05
2.133390120967742121e+02 -1.745401199160992732e-05 2.576414297945641237e-05
2.134640120967742121e+02 -1.733421438303649374e-05 2.567123070203239027e-05
2.135890120967742121e+02 -1.721519434638196482e-05 2.557841288468074801e-05
2.137140120967742121e+02 -1.709694725249395959e-05 2.548569200004711238e-05
2.138390120967742121e+02 -1.697946849580919893e-05 2.539307048967925776e-05
2.139640120967742121e+02 -1.686275349427221755e-05 2.530055076426495633e-05
2.140890120967742121e+02 -1.674679768925438421e-05 2.520813520386676882e-05
2.142140120967742121e+02 -1.663159654547282713e-05 2.511582615815891563e-05
2.143390120967742121e+02 -1.651714555090845138e-05 2.502362594666176598e-05
2.144640120967742121e+02 -1.640344021672507092e-05 2.493153685897392499e-05
2.145890120967742121e+02 -1.629047607718740230e-05 2.483956115500354141e-05
2.147140120967742121e+02 -1.617824868957895663e-05 2.474770106520226488e-05
2.148390120967742121e+02 -1.606675363412076848e-05 2.465595879079122759e-05
2.149640120967742121e+02 -1.595598651388904397e-05 2.456433650399010229e-05
2.150890120967742121e+02 -1.584594295473273426e-05 2.447283634824738683e-05
2.152140120967742121e+02 -1.573661860519197310e-05 2.438146043846204218e-05
2.153390120967742121e+02 -1.562800913641522680e-05 2.429021086121182883e-05
2.154640120967742121e+02 -1.552011024207707106e-05 2.419908967497539203e-05
2.155890120967742121e+02 -1.541291763829586616e-05 2.410809891035522456e-05
2.157140120967742121e+02 -1.530642706355094085e-05 2.401724057029951825e-05
2.158390120967742121e+02 -1.520063427860012521e-05 2.392651663032167763e-05
2.159640120967742121e+02 -1.509553506639700230e-05 2.383592903872045363e-05
2.160890120967742121e+02 -1.499112523200833435e-05 2.374547971679603185e-05
2.162140120967742121e+02 -1.488740060253098233e-05 2.365517055906954283e-05
2.163390120967742121e+02 -1.478435702700925419e-05 2.356500343349688029e-05
2.164640120967742121e+02 -1.468199037635208197e-05 2.347498018168248888e-05
2.165890120967742121e+02 -1.458029654324987370e-05 2.338510261909551336e-05
2.167140120967742121e+02 -1.447927144209171924e-05 2.329537253527885318e-05
2.168390120967742121e+02 -1.437891100888249631e-05 2.320579169406226239e-05
2.169640120967742121e+02 -1.427921120115950042e-05 2.311636183377168875e-05
2.170890120967742121e+02 -1.418016799790994044e-05 2.302708466743742699e-05
2.172140120967742121e+02 -1.408177739948746013e-05 2.293796188300317333e-05
2.173390120967742121e+02 -1.398403542752929495e-05 2.284899514353052295e-05
2.174640120967742121e+02 -1.388693812487332209e-05 2.276018608740588658e-05
2.175890120967742121e+02 -1.379048155547475142e-05 2.267153632854396474e-05
2.177140120967742121e+02 -1.369466180432326364e-05 2.258304745659145242e-05
2.178390120967742121e+02 -1.359947497736009758e-05 2.249472103712717939e-05
2.179640120967742121e+02 -1.350491720139460227e-05 2.240655861186596054e-05
2.180890120967742121e+02 -1.341098462402177989e-05 2.231856169885551412e-05
2.182140120967742121e+02 -1.331767341353906320e-05 2.223073179267525694e-05
2.183390120967742121e+02 -1.322497975886311817e-05 2.214307036463631601e-05
2.184640120967742121e+02 -1.313289986944747345e-05 2.205557886297394388e-05
2.185890120967742121e+02 -1.304142997519918592e-05 2.196825871304596155e-05
2.187140120967742121e+02 -1.295056632639615325e-05 2.188111131752503496e-05
2.188390120967742121e+02 -1.286030519360447408e-05 2.179413805659191703e-05
2.189640120967742121e+02 -1.277064286759542513e-05 2.170734028812782926e-05
2.190890120967742121e+02 -1.268157565926291115e-05 2.162071934790440707e-05
2.192140120967742121e+02 -1.259309989954090796e-05 2.153427654977394011e-05
2.193390120967742121e+02 -1.250521193932068195e-05 2.144801318585693578e-05
2.194640120967742121e+02 -1.241790814936839915e-05 2.136193052673123461e-05
2.195890120967742121e+02 -1.233118492024262594e-05 2.127602982161622299e-05
2.197140120967742121e+02 -1.224503866221205844e-05 2.119031229855920749e-05
2.198390120967742121e+02 -1.215946580517301130e-05 2.110477916462003421e-05
2.199640120967742121e+02 -1.207446279856730298e-05 2.101943160605240462e-05
2.200890120967742121e+02 -1.199002611130021551e-05 2.093427078848721415e-05
2.202140120967742121e+02 -1.190615223165806633e-05 2.084929785711314980e-05
2.203390120967742121e+02 -1.182283766722667964e-05 2.076451393685602392e-05
2.204640120967742121e+02 -1.174007894480926153e-05 2.067992013255696626e-05
2.205890120967742121e+02 -1.165787261034442919e-05 2.059551752915205931e-05
2.207140120967742121e+02 -1.157621522882488556e-05 2.051130719184668817e-05
2.208390120967742121e+02 -1.149510338421564342e-05 2.042729016629118470e-05
2.209640120967742121e+02 -1.141453367937231887e-05 2.034346747875733904e-05
2.210890120967742121e+02 -1.133450273596019225e-05 2.025984013630841601e-05
2.212140120967742121e+02 -1.125500719437242543e-05 2.017640912697481626e-05
2.213390120967742121e+02 -1.117604371364931585e-05 2.009317541992222580e-05
2.214640120967742121e+02 -1.109760897139706945e-05 2.001013996562359083e-05
2.215890120967742121e+02 -1.101969966370665997e-05 1.992730369602852092e-05
2.217140120967742121e+02 -1.094231250507341677e-05 1.984466752472918892e-05
2.218390120967742121e+02 -1.086544422831609587e-05 1.976223234712944950e-05
2.219640120967742121e+02 -1.078909158449618484e-05 1.967999904060992593e-05
2.220890120967742121e+02 -1.071325134283781075e-05 1.959796846469273422e-05
2.222140120967742121e+02 -1.063792029064714328e-05 1.951614146120588211e-05
2.223390120967742121e+02 -1.056309523323231625e-05 1.943451885444554019e-05
2.224640120967742121e+02 -1.048877299382347614e-05 1.935310145133832329e-05
2.225890120967742121e+02 -1.041495041349274599e-05 1.927189004160139663e-05
2.227140120967742121e+02 -1.034162435107453651e-05 1.919088539790350019e-05
2.228390120967742121e+02 -1.026879168308592837e-05 1.911008827602206313e-05
2.229640120967742121e+02 -1.019644930364728662e-05 1.902949941500201570e-05
2.230890120967742121e+02 -1.012459412440278014e-05 1.894911953731261234e-05
2.232140120967742121e+02 -1.005322307444132809e-05 1.886894934900207953e-05
2.233390120967742121e+02 -9.982333100217637831e-06 1.878898953985328011e-05
2.234640120967742121e+02 -9.911921165473208862e-06 1.870924078353698223e-05
2.235890120967742121e+02 -9.841984251157709598e-06 1.862970373776501646e-05
2.237140120967742121e+02 -9.772519355350547170e-06 1.855037904444065459e-05
2.238390120967742121e+02 -9.703523493182201787e-06 1.847126732981154316e-05
2.239640120967742121e+02 -9.634993696756365773e-06 1.839236920461740905e-05
2.240890120967742121e+02 -9.566927015071718382e-06 1.831368526423915764e-05
2.242140120967742121e+02 -9.499320513943925918e-06 1.823521608884820803e-05
2.243390120967742121e+02 -9.432171275928250034e-06 1.815696224355076995e-05
2.244640120967742121e+02 -9.365476400241742668e-06 1.807892427853583051e-05
2.245890120967742121e+02 -9.299233002685981399e-06 1.800110272921876697e-05
2.247140120967742121e+02 -9.233438215569953863e-06 1.792349811638555240e-05
2.248390120967742121e+02 -9.168089187632930332e-06 1.784611094633592121e-05
2.249640120967742121e+02 -9.103183083967681863e-06 1.776894171102483716e-05
2.250890120967742121e+02 -9.038717085943944100e-06 1.769199088820378867e-05
2.252140120967742121e+02 -8.974688391131684556e-06 1.761525894156096595e-05
2.253390120967742121e+02 -8.911094213225172889e-06 1.753874632086012023e-05
2.254640120967742121e+02 -8.847931781966622572e-06 1.746245346207840650e-05
2.255890120967742121e+02 -8.785198343070362812e-06 1.738638078754471076e-05
2.257140120967742121e+02 -8.722891158147217142e-06 1.731052870607481615e-05
2.258390120967742121e+02 -8.661007504628844746e-06 1.723489761310691468e-05
2.259640120967742121e+02 -8.599544675692481576e-06 1.715948789083696310e-05
2.260890120967742121e+02 -8.538499980185769572e-06 1.708429990835088778e-05
2.262140120967742121e+02 -8.477870742551916217e-06 1.700933402175809744e-05
2.263390120967742121e+02 -8.417654302754784635e-06 1.693459057432271568e-05
2.264640120967742121e+02 -8.357848016204456339e-06 1.686006989659468469e-05
2.265890120967742121e+02 -8.298449253682927806e-06 1.678577230653922921e-05
2.267140120967742121e+02 -8.239455401269822296e-06 1.671169810966594433e-05
2.268390120967742121e+02 -8.180863860268545524e-06 1.663784759915720905e-05
2.269640120967742121e+02 -8.122672047132612426e-06 1.656422105599424175e-05
2.270890120967742121e+02 -8.064877393391872286e-06 1.649081874908525289e-05
2.272140120967742121e+02 -8.007477345579472469e-06 1.641764093538860357e-05
2.273390120967742121e+02 -7.950469365158605319e-06 1.634468786003877969e-05
2.274640120967742121e+02 -7.893850928449468510e-06 1.627195975647007569e-05
2.275890120967742121e+02 -7.837619526556809847e-06 1.619945684653795404e-05
2.277140120967742121e+02 -7.781772665297326377e-06 1.612717934064222754e-05
2.278390120967742121e+02 -7.726307865127236295e-06 1.605512743784764972e-05
2.279640120967742121e+02 -7.671222661070491210e-06 1.598330132600390892e-05
2.280890120967742121e+02 -7.616514602646715662e-06 1.591170118186460591e-05
2.282140120967742121e+02 -7.562181253799609123e-06 1.584032717120663472e-05
2.283390120967742121e+02 -7.508220192825618197e-06 1.576917944894669710e-05
2.284640120967742121e+02 -7.454629012302603743e-06 1.569825815925823711e-05
2.285890120967742121e+02 -7.401405319018915417e-06 1.562756343568807082e-05
2.287140120967742121e+02 -7.348546733902606821e-06 1.555709540127013261e-05
2.288390120967742121e+02 -7.296050891950942884e-06 1.548685416864058019e-05
2.289640120967742121e+02 -7.243915442159960597e-06 1.541683984015115475e-05
2.290890120967742121e+02 -7.192138047454443958e-06 1.534705250798081987e-05
2.292140120967742121e+02 -7.140716384617992080e-06 1.527749225424873537e-05
2.293390120967742121e+02 -7.089648144223423578e-06 1.520815915112367537e-05
2.294640120967742121e+02 -7.038931030563250411e-06 1.513905326093540124e-05
2.295890120967742121e+02 -6.988562761580489687e-06 1.507017463628306660e-05
2.297140120967742121e+02 -6.938541068799686388e-06 1.500152332014407624e-05
2.298390120967742121e+02 -6.888863697258187650e-06 1.493309934598133412e-05
2.299640120967742121e+02 -6.839528405437492443e-06 1.486490273785038111e-05
2.300890120967742121e+02 -6.790532965195020522e-06 1.479693351050546898e-05
2.302140120967742121e+02 -6.741875161696067733e-06 1.472919166950403850e-05
2.303390120967742121e+02 -6.693552793345779098e-06 1.466167721131264259e-05
2.304640120967742121e+02 -6.645563671721724151e-06 1.459439012340886645e-05
2.305890120967742121e+02 -6.597905621506411276e-06 1.452733038438535162e-05
2.307140120967742121e+02 -6.550576480420012967e-06 1.446049796405196685e-05
2.308390120967742121e+02 -6.503574099153626407e-06 1.439389282353599172e-05
2.309640120967742121e+02 -6.456896341302458660e-06 1.432751491538387749e-05
2.310890120967742121e+02 -6.410541083299259202e-06 1.426136418366053973e-05
2.312140120967742121e+02 -6.364506214348292004e-06 1.419544056404831374e-05
2.313390120967742121e+02 -6.318789636359130595e-06 1.412974398394513757e-05
2.314640120967742121e+02 -6.273389263880948631e-06 1.406427436256264685e-05
2.315890120967742121e+02 -6.228303024037017991e-06 1.399903161102224365e-05
2.317140120967742121e+02 -6.183528856459310209e-06 1.393401563245124481e-05
2.318390120967742121e+02 -6.139064713223439264e-06 1.386922632207881525e-05
2.319640120967742121e+02 -6.094908558783886427e-06 1.380466356732930420e-05
2.320890120967742121e+02 -6.051058369909287792e-06 1.374032724791726196e-05
2.322140120967742121e+02 -6.007512135618104666e-06 1.367621723593968011e-05
2.323390120967742121e+02 -5.964267857114477759e-06 1.361233339596874163e-05
2.324640120967742121e+02 -5.921323547724354977e-06 1.354867558514327333e-05
2.325890120967742121e+02 -5.878677232831731013e-06 1.348524365325964771e-05
2.327140120967742121e+02 -5.836326949815289283e-06 1.342203744286216992e-05
2.328390120967742121e+02 -5.794270747985211576e-06 1.335905678933196024e-05
2.329640120967742121e+02 -5.752506688520098659e-06 1.329630152097681923e-05
2.330890120967742121e+02 -5.711032844404411818e-06 1.323377145911788766e-05
2.332140120967742121e+02 -5.669847300365841541e-06 1.317146641817829023e-05
2.333390120967742121e+02 -5.628948152813112437e-06 1.310938620576912290e-05
2.334640120967742121e+02 -5.588333509774000744e-06 1.304753062277515577e-05
2.335890120967742121e+02 -5.548001490833463665e-06 1.298589946344113889e-05
2.337140120967742121e+02 -5.507950227072160014e-06 1.292449251545529603e-05
2.338390120967742121e+02 -5.468177861005179245e-06 1.286330956003392462e-05
2.339640120967742121e+02 -5.428682546520828920e-06 1.280235037200446259e-05
2.340890120967742121e+02 -5.389462448819980375e-06 1.274161471988800461e-05
2.342140120967742121e+02 -5.350515744355391516e-06 1.268110236598119663e-05
2.343390120967742121e+02 -5.311840620771276097e-06 1.262081306643765610e-05
2.344640120967742121e+02 -5.273435276843349036e-06 1.256074657134834688e-05
2.345890120967742121e+02 -5.235297922418811590e-06 1.250090262482135961e-05
2.347140120967742121e+02 -5.197426778356738023e-06 1.244128096506187839e-05
2.348390120967742121e+02 -5.159820076468729088e-06 1.238188132444972325e-05
2.349640120967742121e+02 -5.122476059459664616e-06 1.232270342961821741e-05
2.350890120967742121e+02 -5.085392980868785595e-06 1.226374700153136381e-05
2.352140120967742121e+02 -5.048569105011070177e-06 1.220501175555984093e-05
2.353390120967742121e+02 -5.012002706918679980e-06 1.214649740155802179e-05
2.354640120967742121e+02 -4.975692072282792643e-06 1.208820364393869581e-05
2.355890120967742121e+02 -4.939635497395595320e-06 1.203013018174828026e-05
2.357140120967742121e+02 -4.903831289092596645e-06 1.197227670874068152e-05
2.358390120967742121e+02 -4.868277764695024265e-06 1.191464291345097342e-05
2.359640120967742121e+02 -4.832973251952608608e-06 1.185722847926853848e-05
2.360890120967742121e+02 -4.797916088986571635e-06 1.180003308450871851e-05
2.362140120967742121e+02 -4.763104624232751121e-06 1.174305640248557295e-05
2.363390120967742121e+02 -4.728537216385092546e-06 1.168629810158188625e-05
2.364640120967742121e+02 -4.694212234339340883e-06 1.162975784532034224e-05
2.365890120967742121e+02 -4.660128057136850977e-06 1.157343529243350271e-05
2.367140120967742121e+02 -4.626283073908851928e-06 1.151733009693240005e-05
2.368390120967742121e+02 -4.592675683820779239e-06 1.146144190817600418e-05
2.369640120967742121e+02 -4.559304296016815334e-06 1.140577037093901227e-05
2.370890120967742121e+02 -4.526167329564895096e-06 1.135031512547939111e-05
2.372140120967742121e+02 -4.493263213401617387e-06 1.129507580760542493e-05
2.373390120967742121e+02 -4.460590386277708830e-06 1.124005204874203123e-05
2.374640120967742121e+02 -4.428147296703521474e-06 1.118524347599658203e-05
2.375890120967742121e+02 -4.395932402894753230e-06 1.113064971222422711e-05
2.377140120967742121e+02 -4.363944172718597751e-06 1.107627037609248695e-05
2.378390120967742121e+02 -4.332181083639931581e-06 1.102210508214514789e-05
2.379640120967742121e+02 -4.300641622667746945e-06 1.096815344086651974e-05
2.380890120967742121e+02 -4.269324286301997891e-06 1.091441505874346734e-05
2.382140120967742121e+02 -4.238227580480455746e-06 1.086088953832857045e-05
2.383390120967742121e+02 -4.207350020525916098e-06 1.080757647830195548e-05
2.384640120967742121e+02 -4.176690131093660727e-06 1.075447547353205991e-05
2.385890120967742121e+02 -4.146246446119045748e-06 1.070158611513721837e-05
2.387140120967742121e+02 -4.116017508765412475e-06 1.064890799054534119e-05
2.388390120967742121e+02 -4.086001871372189709e-06 1.059644068355411982e-05
2.389640120967742121e+02 -4.056198095403273011e-06 1.054418377438957374e-05
2.390890120967742121e+02 -4.026604751395526793e-06 1.049213683976553758e-05
2.392140120967742121e+02 -3.997220418907633691e-06 1.044029945294126784e-05
2.393390120967742121e+02 -3.968043686469138758e-06 1.038867118377893777e-05
2.394640120967742121e+02 -3.939073151529657136e-06 1.033725159880143386e-05
2.395890120967742121e+02 -3.910307420408394273e-06 1.028604026124814476e-05
2.397140120967742121e+02 -3.881745108243898243e-06 1.023503673113156686e-05
2.398390120967742121e+02 -3.853384838943897603e-06 1.018424056529271375e-05
2.399640120967742121e+02 -3.825225245135600887e-06 1.013365131745613610e-05
2.400890120967742121e+02 -3.797264968116034222e-06 1.008326853828453498e-05
2.402140120967742121e+02 -3.769502657802610597e-06 1.003309177543285844e-05
2.403390120967742121e+02 -3.741936972684104872e-06 9.983120573601811994e-06
2.404640120967742121e+02 -3.714566579771629624e-06 9.933354474590813392e-06
2.405890120967742121e+02 -3.687390154549974802e-06 9.883793017350993198e-06
2.407140120967742121e+02 -3.660406380929118476e-06 9.834435738036840071e-06
2.408390120967742121e+02 -3.633613951196029393e-06 9.785282170057922285e-06
2.409640120967742121e+02 -3.607011565966559318e-06 9.736331844130372094e-06
2.410890120967742121e+02 -3.580597934137683926e-06 9.687584288327097840e-06
2.412140120967742121e+02 -3.554371772839955457e-06 9.639039028128151924e-06
2.413390120967742121e+02 -3.528331807390080305e-06 9.590695586470470270e-06
2.414640120967742121e+02 -3.502476771243784175e-06 9.542553483797366161e-06
2.415890120967742121e+02 -3.476805405949002926e-06 9.494612238106711158e-06
2.417140120967742121e+02 -3.451316461099052235e-06 9.446871364999761476e-06
2.418390120967742121e+02 -3.426008694286195795e-06 9.399330377729193218e-06
2.419640120967742121e+02 -3.400880871055474391e-06 9.351988787245655305e-06
2.420890120967742121e+02 -3.375931764858555740e-06 9.304846102245830128e-06
2.422140120967742121e+02 -3.351160157007940497e-06 9.257901829218264807e-06
2.423390120967742121e+02 -3.326564836631468962e-06 9.211155472489441308e-06
2.424640120967742121e+02 -3.302144600626777817e-06 9.164606534269944827e-06
2.425890120967742121e+02 -3.277898253616239662e-06 9.118254514699070237e-06
2.427140120967742121e+02 -3.253824607902040205e-06 9.072098911889787677e-06
2.428390120967742121e+02 -3.229922483421330825e-06 9.026139221973191455e-06
2.429640120967742121e+02 -3.206190707701801276e-06 8.980374939142455974e-06
2.430890120967742121e+02 -3.182628115817385791e-06 8.934805555695737956e-06
2.432140120967742121e+02 -3.159233550344110642e-06 8.889430562080022247e-06
2.433390120967742121e+02 -3.136005861316253835e-06 8.844249446933359968e-06
2.434640120967742121e+02 -3.112943906182718674e-06 8.799261697126720412e-06
2.435890120967742121e+02 -3.090046549763517868e-06 8.754466797806547673e-06
2.437140120967742121e+02 -3.067312664206569350e-06 8.709864232435562221e-06
2.438390120967742121e+02 -3.044741128944703841e-06 8.665453482833874191e-06
2.439640120967742121e+02 -3.022330830652790166e-06 8.621234029219595221e-06
2.440890120967742121e+02 -3.000080663205135423e-06 8.577205350249191105e-06
2.442140120967742121e+02 -2.977989527633175688e-06 8.533366923056733295e-06
2.443390120967742121e+02 -2.956056332083174768e-06 8.489718223293699293e-06
2.444640120967742121e+02 -2.934279991774285054e-06 8.446258725168020860e-06
2.445890120967742121e+02 -2.912659428956850213e-06 8.402987901481966725e-06
2.447140120967742121e+02 -2.891193572870715066e-06 8.359905223671307693e-06
2.448390120967742121e+02 -2.869881359703949256e-06 8.317010161842374334e-06
2.449640120967742121e+02 -2.848721732551720830e-06 8.274302184809653388e-06
2.450890120967742121e+02 -2.827713641375251563e-06 8.231780760133136838e-06
2.452140120967742121e+02 -2.806856042961142438e-06 8.189445354154586778e-06
2.453390120967742121e+02 -2.786147900880875728e-06 8.147295432033884981e-06
2.454640120967742121e+02 -2.765588185450364941e-06 8.105330457785140226e-06
2.455890120967742121e+02 -2.745175873689913451e-06 8.063549894312217937e-06
2.457140120967742121e+02 -2.724909949284279861e-06 8.021953203443458371e-06
2.458390120967742121e+02 -2.704789402542902608e-06 7.980539845967155439e-06
2.459640120967742121e+02 -2.684813230360397731e-06 7.939309281665673504e-06
2.460890120967742121e+02 -2.664980436177263321e-06 7.898260969349213493e-06
2.462140120967742121e+02 -2.645290029940690695e-06 7.857394366890232937e-06
2.463390120967742121e+02 -2.625741028065664829e-06 7.816708931256271883e-06
2.464640120967742121e+02 -2.606332453396264694e-06 7.776204118543163357e-06
2.465890120967742121e+02 -2.587063335167072862e-06 7.735879384007700044e-06
2.467140120967742121e+02 -2.567932708964861235e-06 7.695734182100057012e-06
2.468390120967742121e+02 -2.548939616690454661e-06 7.655767966495738403e-06
2.469640120967742121e+02 -2.530083106520827059e-06 7.615980190126820250e-06
2.470890120967742121e+02 -2.511362232871254284e-06 7.576370305214034387e-06
2.472140120967742121e+02 -2.492776056357832931e-06 7.536937763297082064e-06
2.473390120967742121e+02 -2.474323643760118973e-06 7.497682015265529475e-06
2.474640120967742121e+02 -2.456004067983917606e-06 7.458602511389043445e-06
2.475890120967742121e+02 -2.437816408024320851e-06 7.419698701347581379e-06
2.477140120967742121e+02 -2.419759748928957335e-06 7.380970034260664723e-06
2.478390120967742121e+02 -2.401833181761343712e-06 7.342415958716973441e-06
2.479640120967742121e+02 -2.384035803564503335e-06 7.304035922803432290e-06
2.480890120967742121e+02 -2.366366717324780578e-06 7.265829374133448345e-06
2.482140120967742121e+02 -2.348825031935763166e-06 7.227795759875852433e-06
2.483390120967742121e+02 -2.331409862162456491e-06 7.189934526782730085e-06
2.484640120967742121e+02 -2.314120328605693405e-06 7.152245121216800188e-06
2.485890120967742121e+02 -2.296955557666585520e-06 7.114726989179520381e-06
2.487140120967742121e+02 -2.279914681511273929e-06 7.077379576337769443e-06
2.488390120967742121e+02 -2.262996838035896772e-06 7.040202328050694847e-06
2.489640120967742121e+02 -2.246201170831582635e-06 7.003194689396419712e-06
2.490890120967742121e+02 -2.229526829149792078e-06 6.966356105198245763e-06
2.492140120967742121e+02 -2.212972967867795960e-06 6.929686020050337915e-06
2.493390120967742121e+02 -2.196538747454244402e-06 6.893183878343635854e-06
2.494640120967742121e+02 -2.180223333935046597e-06 6.856849124291200654e-06
2.495890120967742121e+02 -2.164025898859399713e-06 6.820681201952832944e-06
2.497140120967742121e+02 -2.147945619265899951e-06 6.784679555260516077e-06
2.498390120967742121e+02 -2.131981677648969544e-06 6.748843628042348205e-06
2.499640120967742121e+02 -2.116133261925407431e-06 6.713172864046897017e-06
2.500890120967742121e+02 -2.100399565401073328e-06 6.677666706967282576e-06
2.502140120967742121e+02 -2.084779786737817024e-06 6.642324600464560515e-06
2.503390120967742121e+02 -2.069273129920577504e-06 6.607145988191174680e-06
2.504640120967742121e+02 -2.053878804224600231e-06 6.572130313814062500e-06
2.505890120967742121e+02 -2.038596024182891175e-06 6.537277021037579084e-06
2.507140120967742121e+02 -2.023424009553847031e-06 6.502585553625636969e-06
2.508390120967742121e+02 -2.008361985289000620e-06 6.468055355424476905e-06
2.509640120967742121e+02 -1.993409181500981873e-06 6.433685870384473874e-06
2.510890120967742121e+02 -1.978564833431703271e-06 6.399476542581568716e-06
2.512140120967742121e+02 -1.963828181420591029e-06 6.365426816239309619e-06
2.513390120967742121e+02 -1.949198470873080129e-06 6.331536135749699298e-06
2.514640120967742121e+02 -1.934674952229316875e-06 6.297803945694176842e-06
2.515890120967742121e+02 -1.920256880932884318e-06 6.264229690864454732e-06
2.517140120967742121e+02 -1.905943517399845322e-06 6.230812816283002632e-06
2.518390120967742121e+02 -1.891734126987912047e-06 6.197552767222993325e-06
2.519640120967742121e+02 -1.877627979965710297e-06 6.164448989228514612e-06
2.520890120967742121e+02 -1.863624351482311534e-06 6.131500928134291625e-06
2.522140120967742121e+02 -1.849722521536911218e-06 6.098708030084762861e-06
2.523390120967742121e+02 -1.835921774948591636e-06 6.066069741553882112e-06
2.524640120967742121e+02 -1.822221401326357263e-06 6.033585509363646470e-06
2.525890120967742121e+02 -1.808620695039296967e-06 6.001254780702944500e-06
2.527140120967742121e+02 -1.795118955186866285e-06 5.969077003146226539e-06
2.528390120967742121e+02 -1.781715485569391193e-06 5.937051624671551587e-06
2.529640120967742121e+02 -1.768409594658731118e-06 5.905178093678697708e-06
2.530890120967742121e+02 -1.755200595569054397e-06 5.873455859006987850e-06
2.532140120967742121e+02 -1.742087806027811943e-06 5.841884369952974187e-06
2.533390120967742121e+02 -1.729070548346911224e-06 5.810463076287395730e-06
2.534640120967742121e+02 -1.716148149393950399e-06 5.779191428272778816e-06
2.535890120967742121e+02 -1.703319940563683250e-06 5.748068876680138061e-06
2.537140120967742121e+02 -1.690585257749670480e-06 5.717094872805390162e-06
2.538390120967742121e+02 -1.677943441315987961e-06 5.686268868486283546e-06
2.539640120967742121e+02 -1.665393836069169403e-06 5.655590316118315815e-06
2.540890120967742121e+02 -1.652935791230328807e-06 5.625058668670758758e-06
2.542140120967742121e+02 -1.640568660407329927e-06 5.594673379702694382e-06
2.543390120967742121e+02 -1.628291801567219159e-06 5.564433903378353830e-06
2.544640120967742121e+02 -1.616104577008790566e-06 5.534339694482591826e-06
2.545890120967742121e+02 -1.604006353335232010e-06 5.504390208436101085e-06
2.547140120967742121e+02 -1.591996501427028565e-06 5.474584901310398011e-06
2.548390120967742121e+02 -1.580074396414933699e-06 5.444923229842488234e-06
2.549640120967742121e+02 -1.568239417653179950e-06 5.415404651449422867e-06
2.550890120967742121e+02 -1.556490948692731742e-06 5.386028624242820040e-06
2.552140120967742121e+02 -1.544828377254766479e-06 5.356794607042851108e-06
2.553390120967742121e+02 -1.533251095204321019e-06 5.327702059392225164e-06
2.554640120967742121e+02 -1.521758498524000833e-06 5.298750441569991441e-06
2.555890120967742121e+02 -1.510349987287905361e-06 5.269939214605223980e-06
2.557140120967742121e+02 -1.499024965635722576e-06 5.241267840290022732e-06
2.558390120967742121e+02 -1.487782841746872235e-06 5.212735781193170276e-06
2.559640120967742121e+02 -1.476623027814896271e-06 5.184342500672865262e-06
2.560890120967741836e+02 -1.465544940021968811e-06 5.156087462889374543e-06
2.562140120967741836e+02 -1.454547998513490909e-06 5.127970132818073250e-06
2.563390120967741836e+02 -1.443631627372911856e-06 5.099989976261525170e-06
2.564640120967741836e+02 -1.432795254596676274e-06 5.072146459861830797e-06
2.565890120967741836e+02 -1.422038312069249984e-06 5.044439051112750068e-06
2.567140120967741836e+02 -1.411360235538372247e-06 5.016867218371619265e-06
2.568390120967741836e+02 -1.400760464590421927e-06 4.989430430870890996e-06
2.569640120967741836e+02 -1.390238442625888262e-06 4.962128158729827483e-06
2.570890120967741836e+02 -1.379793616835031374e-06 4.934959872965880450e-06
2.572140120967741836e+02 -1.369425438173673435e-06 4.907925045505637331e-06
2.573390120967741836e+02 -1.359133361339097607e-06 4.881023149196179980e-06
2.574640120967741836e+02 -1.348916844746111114e-06 4.854253657815686136e-06
2.575890120967741836e+02 -1.338775350503275790e-06 4.827616046084110507e-06
2.577140120967741836e+02 -1.328708344389199006e-06 4.801109789673869249e-06
2.578390120967741836e+02 -1.318715295829021504e-06 4.774734365220003506e-06
2.579640120967741836e+02 -1.308795677871054969e-06 4.748489250330395482e-06
2.580890120967741836e+02 -1.298948967163483109e-06 4.722373923595815095e-06
2.582140120967741836e+02 -1.289174643931254813e-06 4.696387864599869225e-06
2.583390120967741836e+02 -1.279472191953128498e-06 4.670530553928382608e-06
2.584640120967741836e+02 -1.269841098538767489e-06 4.644801473179319129e-06
2.585890120967741836e+02 -1.260280854506050974e-06 4.619200104971970436e-06
2.587140120967741836e+02 -1.250790954158500787e-06 4.593725932956028513e-06
2.588390120967741836e+02 -1.241370895262782094e-06 4.568378441821002141e-06
2.589640120967741836e+02 -1.232020179026409909e-06 4.543157117304847320e-06
2.590890120967741836e+02 -1.222738310075559163e-06 4.518061446202841630e-06
2.592140120967741836e+02 -1.213524796432977048e-06 4.493090916376168068e-06
2.593390120967741836e+02 -1.204379149496058201e-06 4.468245016760482781e-06
2.594640120967741836e+02 -1.195300884015053728e-06 4.443523237374066066e-06
2.595890120967741836e+02 -1.186289518071365559e-06 4.418925069326089411e-06
2.597140120967741836e+02 -1.177344573056008305e-06 4.394450004824742780e-06
2.598390120967741836e+02 -1.168465573648196690e-06 4.370097537184846890e-06
2.599640120967741836e+02 -1.159652047794024671e-06 4.345867160835924598e-06
2.600890120967741836e+02 -1.150903526685295971e-06 4.321758371329594643e-06
2.602140120967741836e+02 -1.142219544738505164e-06 4.297770665347052646e-06
2.603390120967741836e+02 -1.133599639573873822e-06 4.273903540706536008e-06
2.604640120967741836e+02 -1.125043351994563906e-06 4.250156496370370381e-06
2.605890120967741836e+02 -1.116550225966025193e-06 4.226529032452071189e-06
2.607140120967741836e+02 -1.108119808595404119e-06 4.203020650223286759e-06
2.608390120967741836e+02 -1.099751650111121816e-06 4.179630852120652510e-06
2.609640120967741836e+02 -1.091445303842589576e-06 4.156359141752287697e-06
2.610890120967741836e+02 -1.083200326199972597e-06 4.133205023904464947e-06
2.612140120967741836e+02 -1.075016276654147919e-06 4.110168004548030770e-06
2.613390120967741836e+02 -1.066892717716760394e-06 4.087247590844476245e-06
2.614640120967741836e+02 -1.058829214920356798e-06 4.064443291152399033e-06
2.615890120967741836e+02 -1.050825336798696128e-06 4.041754615033267434e-06
2.617140120967741836e+02 -1.042880654867156248e-06 4.019181073257420773e-06
2.618390120967741836e+02 -1.034994743603233286e-06 3.996722177809909690e-06
2.619640120967741836e+02 -1.027167180427188408e-06 3.974377441896039969e-06
2.620890120967741836e+02 -1.019397545682812765e-06 3.952146379946964653e-06
2.622140120967741836e+02 -1.011685422618271416e-06 3.930028507625105899e-06
2.623390120967741836e+02 -1.004030397367097603e-06 3.908023341829515002e-06
2.624640120967741836e+02 -9.964320589292984121e-07 3.886130400700871588e-06
2.625890120967741836e+02 -9.888899991525461927e-07 3.864349203626790271e-06
2.627140120967741836e+02 -9.814038127135088944e-07 3.842679271246658057e-06
2.628390120967741836e+02 -9.739730970992858571e-07 3.821120125456448886e-06
2.629640120967741836e+02 -9.665974525889681155e-07 3.799671289413495810e-06
2.630890120967741836e+02 -9.592764822352662545e-07 3.778332287541117909e-06
2.632140120967741836e+02 -9.520097918463001536e-07 3.757102645533191311e-06
2.633390120967741836e+02 -9.447969899674834935e-07 3.735981890358357247e-06
2.634640120967741836e+02 -9.376376878634918010e-07 3.714969550264556640e-06
2.635890120967741836e+02 -9.305314995003699366e-07 3.694065154783122129e-06
2.637140120967741836e+02 -9.234780415277478969e-07 3.673268234732739207e-06
2.638390120967741836e+02 -9.164769332611339082e-07 3.652578322223667423e-06
2.639640120967741836e+02 -9.095277966643457988e-07 3.631994950661427927e-06
2.640890120967741836e+02 -9.026302563320463441e-07 3.611517654750656634e-06
2.642140120967741836e+02 -8.957839394723607740e-07 3.591145970498751540e-06
2.643390120967741836e+02 -8.889884758896179475e-07 3.570879435219531060e-06
2.644640120967741836e+02 -8.822434979672148759e-07 3.550717587536567528e-06
2.645890120967741836e+02 -8.755486406505381035e-07 3.530659967386665112e-06
2.647140120967741836e+02 -8.689035414300244252e-07 3.510706116023186959e-06
2.648390120967741836e+02 -8.623078403243348943e-07 3.490855576019048188e-06
2.649640120967741836e+02 -8.557611798635866410e-07 3.471107891270055740e-06
2.650890120967741836e+02 -8.492632050727227567e-07 3.451462606997742126e-06
2.652140120967741836e+02 -8.428135634549945161e-07 3.431919269752280491e-06
2.653390120967741836e+02 -8.364119049754911398e-07 3.412477427415417044e-06
2.654640120967741836e+02 -8.300578820448260449e-07 3.393136629203050271e-06
2.655890120967741836e+02 -8.237511495029090704e-07 3.373896425667931700e-06
2.657140120967741836e+02 -8.174913646027831830e-07 3.354756368702216318e-06
2.658390120967741836e+02 -8.112781869946087780e-07 3.335716011539954966e-06
2.659640120967741836e+02 -8.051112787097272833e-07 3.316774908759311869e-06
2.660890120967741836e+02 -7.989903041448061858e-07 3.297932616285056185e-06
2.662140120967741836e+02 -7.929149300461039115e-07 3.279188691390658411e-06
2.663390120967741836e+02 -7.868848254938337032e-07 3.260542692700315217e-06
2.664640120967741836e+02 -7.808996618865965318e-07 3.241994180191185187e-06
2.665890120967741836e+02 -7.749591129259377791e-07 3.223542715195169706e-06
2.667140120967741836e+02 -7.690628546009958254e-07 3.205187860400854361e-06
2.668390120967741836e+02 -7.632105651732255974e-07 3.186929179855264417e-06
2.669640120967741836e+02 -7.574019251612314914e-07 3.168766238965655442e-06
2.670890120967741836e+02 -7.516366173257123150e-07 3.150698604501009170e-06
2.672140120967741836e+02 -7.459143266544531340e-07 3.132725844593677167e-06
2.673390120967741836e+02 -7.402347403474476679e-07 3.114847528740895327e-06
2.674640120967741836e+02 -7.345975478021167182e-07 3.097063227806004868e-06
2.675890120967741836e+02 -7.290024405985774182e-07 3.079372514020004945e-06
2.677140120967741836e+02 -7.234491124850459969e-07 3.061774960982681322e-06
2.678390120967741836e+02 -7.179372593633240807e-07 3.044270143663699466e-06
2.679640120967741836e+02 -7.124665792743442883e-07 3.026857638403918720e-06
2.680890120967741836e+02 -7.070367723838428800e-07 3.009537022916246112e-06
2.682140120967741836e+02 -7.016475409681155225e-07 2.992307876286660841e-06
2.683390120967741836e+02 -6.962985893998307572e-07 2.975169778975107473e-06
2.684640120967741836e+02 -6.909896241339716888e-07 2.958122312816345940e-06
2.685890120967741836e+02 -6.857203536938511534e-07 2.941165061020618154e-06
2.687140120967741836e+02 -6.804904886571987793e-07 2.924297608174398054e-06
2.688390120967741836e+02 -6.752997416423546672e-07 2.907519540241045940e-06
2.689640120967741836e+02 -6.701478272945506328e-07 2.890830444561211660e-06
2.690890120967741836e+02 -6.650344622722562478e-07 2.874229909853512660e-06
2.692140120967741836e+02 -6.599593652336279005e-07 2.857717526214813929e-06
2.693390120967741836e+02 -6.549222568230523016e-07 2.841292885120620599e-06
2.694640120967741836e+02 -6.499228596577417635e-07 2.824955579425427766e-06
2.695890120967741836e+02 -6.449608983144389601e-07 2.808705203362877622e-06
2.697140120967741836e+02 -6.400360993162136944e-07 2.792541352545951299e-06
2.698390120967741836e+02 -6.351481911193075243e-07 2.776463623967090849e-06
2.699640120967741836e+02 -6.302969041000892430e-07 2.760471615998293262e-06
2.700890120967741836e+02 -6.254819705420995105e-07 2.744564928390947411e-06
2.702140120967741836e+02 -6.207031246231392125e-07 2.728743162275958990e-06
2.703390120967741836e+02 -6.159601024024798982e-07 2.713005920163506994e-06
2.704640120967741836e+02 -6.112526418081308637e-07 2.697352805942864144e-06
2.705890120967741836e+02 -6.065804826242024785e-07 2.681783424882182170e-06
2.707140120967741836e+02 -6.019433664783285942e-07 2.666297383628174168e-06
2.708390120967741836e+02 -5.973410368291876307e-07 2.650894290205831270e-06
2.709640120967741836e+02 -5.927732389541008499e-07 2.635573754017861484e-06
2.710890120967741836e+02 -5.882397199366941558e-07 2.620335385844407210e-06
2.712140120967741836e+02 -5.837402286546495745e-07 2.605178797842445538e-06
2.713390120967741836e+02 -5.792745157675469436e-07 2.590103603545151708e-06
2.714640120967741836e+02 -5.748423337047499644e-07 2.575109417861439162e-06
2.715890120967741836e+02 -5.704434366533949568e-07 2.560195857075163343e-06
2.717140120967741836e+02 -5.660775805464611422e-07 2.545362538844437286e-06
2.718390120967741836e+02 -5.617445230508838056e-07 2.530609082200873525e-06
2.719640120967741836e+02 -5.574440235557770446e-07 2.515935107548783647e-06
2.720890120967741836e+02 -5.531758431607243852e-07 2.501340236664238935e-06
2.722140120967741836e+02 -5.489397446641199031e-07 2.486824092694215707e-06
2.723390120967741836e+02 -5.447354925516156470e-07 2.472386300155649184e-06
2.724640120967741836e+02 -5.405628529846325896e-07 2.458026484934306933e-06
2.725890120967741836e+02 -5.364215937889263183e-07 2.443744274283899910e-06
2.727140120967741836e+02 -5.323114844432525695e-07 2.429539296824840707e-06
2.728390120967741836e+02 -5.282322960680957611e-07 2.415411182543161043e-06
2.729640120967741836e+02 -5.241838014144574529e-07 2.401359562789290768e-06
2.730890120967741836e+02 -5.201657748527322627e-07 2.387384070276908439e-06
2.732140120967741836e+02 -5.161779923616558863e-07 2.373484339081499246e-06
2.733390120967741836e+02 -5.122202315173054219e-07 2.359660004639181447e-06
2.734640120967741836e+02 -5.082922714821870445e-07 2.345910703745275732e-06
2.735890120967741836e+02 -5.043938929943997017e-07 2.332236074552927945e-06
2.737140120967741836e+02 -5.005248783568408436e-07 2.318635756571632280e-06
2.738390120967741836e+02 -4.966850114265062787e-07 2.305109390665765074e-06
2.739640120967741836e+02 -4.928740776038591698e-07 2.291656619053074117e-06
2.740890120967741836e+02 -4.890918638222456157e-07 2.278277085303077339e-06
2.742140120967741836e+02 -4.853381585373965250e-07 2.264970434335494105e-06
2.743390120967741836e+02 -4.816127517170037113e-07 2.251736312418535901e-06
2.744640120967741836e+02 -4.779154348303350569e-07 2.238574367167368125e-06
2.745890120967741836e+02 -4.742460008379432220e-07 2.225484247542249576e-06
2.747140120967741836e+02 -4.706042441814376154e-07 2.212465603846794768e-06
2.748390120967741836e+02 -4.669899607733013648e-07 2.199518087726315863e-06
2.749640120967741836e+02 -4.634029479867983368e-07 2.186641352165851624e-06
2.750890120967741836e+02 -4.598430046459413550e-07 2.173835051488342059e-06
2.752140120967741836e+02 -4.563099310155058932e-07 2.161098841352774691e-06
2.753390120967741836e+02 -4.528035287911324432e-07 2.148432378752284661e-06
2.754640120967741836e+02 -4.493236010894859496e-07 2.135835322012061290e-06
2.755890120967741836e+02 -4.458699524384663863e-07 2.123307330787470624e-06
2.757140120967741836e+02 -4.424423887674989525e-07 2.110848066062039080e-06
2.758390120967741836e+02 -4.390407173978841974e-07 2.098457190145272327e-06
2.759640120967741836e+02 -4.356647470332004482e-07 2.086134366670690179e-06
2.760890120967741836e+02 -4.323142877497773369e-07 2.073879260593636584e-06
2.762140120967741836e+02 -4.289891509872394182e-07 2.061691538189170093e-06
2.763390120967741836e+02 -4.256891495390882750e-07 2.049570867049832348e-06
2.764640120967741836e+02 -4.224140975433641920e-07 2.037516916083472906e-06
2.765890120967741836e+02 -4.191638104733724684e-07 2.025529355511006715e-06
2.767140120967741836e+02 -4.159381051284482706e-07 2.013607856864119502e-06
2.768390120967741836e+02 -4.127367996247999940e-07 2.001752092982986718e-06
2.769640120967741836e+02 -4.095597133864159943e-07 1.989961738013959862e-06
2.770890120967741836e+02 -4.064066671360068401e-07 1.978236467407183356e-06
2.772140120967741836e+02 -4.032774828860315817e-07 1.966575957914241064e-06
2.773390120967741836e+02 -4.001719839297764818e-07 1.954979887585694392e-06
2.774640120967741836e+02 -3.970899948324770523e-07 1.943447935768770308e-06
2.775890120967741836e+02 -3.940313414225178574e-07 1.931979783104771119e-06
2.777140120967741836e+02 -3.909958507826840407e-07 1.920575111526622310e-06
2.778390120967741836e+02 -3.879833512414607608e-07 1.909233604256452567e-06
2.779640120967741836e+02 -3.849936723643999673e-07 1.897954945802947651e-06
2.780890120967741836e+02 -3.820266449455461506e-07 1.886738821958828992e-06
2.782140120967741836e+02 -3.790821009989036499e-07 1.875584919798291409e-06
2.783390120967741836e+02 -3.761598737499760647e-07 1.864492927674422633e-06
2.784640120967741836e+02 -3.732597976273496584e-07 1.853462535216511004e-06
2.785890120967741836e+02 -3.703817082543454789e-07 1.842493433327396593e-06
2.787140120967741836e+02 -3.675254424407065233e-07 1.831585314180906385e-06
2.788390120967741836e+02 -3.646908381743568495e-07 1.820737871219037046e-06
2.789640120967741836e+02 -3.618777346132139962e-07 1.809950799149278510e-06
2.790890120967741836e+02 -3.590859720770384087e-07 1.799223793941906654e-06
2.792140120967741836e+02 -3.563153920393567677e-07 1.788556552827244202e-06
2.793390120967741836e+02 -3.535658371194331232e-07 1.777948774292786952e-06
2.794640120967741836e+02 -3.508371510742801560e-07 1.767400158080500266e-06
2.795890120967741836e+02 -3.481291787907401605e-07 1.756910405184012416e-06
2.797140120967741836e+02 -3.454417662776136211e-07 1.746479217845681742e-06
2.798390120967741836e+02 -3.427747606578302980e-07 1.736106299553844001e-06
2.799640120967741836e+02 -3.401280101606834702e-07 1.725791355039887988e-06
2.800890120967741836e+02 -3.375013641141148422e-07 1.715534090275401033e-06
2.802140120967741836e+02 -3.348946729370404782e-07 1.705334212469225777e-06
2.803390120967741836e+02 -3.323077881317357111e-07 1.695191430064554419e-06
2.804640120967741836e+02 -3.297405622762765383e-07 1.685105452736003285e-06
2.805890120967741836e+02 -3.271928490170134163e-07 1.675075991386621734e-06
2.807140120967741836e+02 -3.246645030611082122e-07 1.665102758144954231e-06
2.808390120967741836e+02 -3.221553801691250475e-07 1.655185466361992716e-06
2.809640120967741836e+02 -3.196653371476520592e-07 1.645323830608271924e-06
2.810890120967741836e+02 -3.171942318419876936e-07 1.635517566670753991e-06
2.812140120967741836e+02 -3.147419231288761809e-07 1.625766391549799679e-06
2.813390120967741836e+02 -3.123082709092764154e-07 1.616070023456211173e-06
2.814640120967741836e+02 -3.098931361011943095e-07 1.606428181808057611e-06
2.815890120967741836e+02 -3.074963806325606760e-07 1.596840587227636778e-06
2.817140120967741836e+02 -3.051178674341439447e-07 1.587306961538396566e-06
2.818390120967741836e+02 -3.027574604325254004e-07 1.577827027761850711e-06
2.819640120967741836e+02 -3.004150245431170905e-07 1.568400510114378286e-06
2.820890120967741836e+02 -2.980904256632177956e-07 1.559027134004158705e-06
2.822140120967741836e+02 -2.957835306651258580e-07 1.549706626028048928e-06
2.823390120967741836e+02 -2.934942073892962671e-07 1.540438713968334456e-06
2.824640120967741836e+02 -2.912223246375355434e-07 1.531223126789646974e-06
2.825890120967741836e+02 -2.889677521662508864e-07 1.522059594635741182e-06
2.827140120967741836e+02 -2.867303606797441614e-07 1.512947848826335149e-06
2.828390120967741836e+02 -2.845100218235424155e-07 1.503887621853867657e-06
2.829640120967741836e+02 -2.823066081777801144e-07 1.494878647380311670e-06
2.830890120967741836e+02 -2.801199932506298203e-07 1.485920660233954119e-06
2.832140120967741836e+02 -2.779500514717632557e-07 1.477013396406142239e-06
2.833390120967741836e+02 -2.757966581858664196e-07 1.468156593048057647e-06
2.834640120967741836e+02 -2.736596896462024018e-07 1.459349988467426673e-06
2.835890120967741836e+02 -2.715390230082007194e-07 1.450593322125335308e-06
2.837140120967741836e+02 -2.694345363231057879e-07 1.441886334632874105e-06
2.838390120967741836e+02 -2.673461085316651492e-07 1.433228767747870539e-06
2.839640120967741836e+02 -2.652736194578487749e-07 1.424620364371669644e-06
2.840890120967741836e+02 -2.632169498026246451e-07 1.416060868545746307e-06
2.842140120967741836e+02 -2.611759811377726016e-07 1.407550025448429366e-06
2.843390120967741836e+02 -2.591505958997305484e-07 1.399087581391603478e-06
2.844640120967741836e+02 -2.571406773834943314e-07 1.390673283817402725e-06
2.845890120967741836e+02 -2.551461097365551005e-07 1.382306881294807021e-06
2.847140120967741836e+02 -2.531667779528708702e-07 1.373988123516368547e-06
2.848390120967741836e+02 -2.512025678668869434e-07 1.365716761294879518e-06
2.849640120967741836e+02 -2.492533661475959339e-07 1.357492546559946574e-06
2.850890120967741836e+02 -2.473190602926304001e-07 1.349315232354705559e-06
2.852140120967741836e+02 -2.453995386224036002e-07 1.341184572832419205e-06
2.853390120967741836e+02 -2.434946902742887349e-07 1.333100323253134314e-06
2.854640120967741836e+02 -2.416044051968313829e-07 1.325062239980276051e-06
2.855890120967741836e+02 -2.397285741440058237e-07 1.317070080477283531e-06
2.857140120967741836e+02 -2.378670886695154846e-07 1.309123603304229306e-06
2.858390120967741836e+02 -2.360198411211180327e-07 1.301222568114409428e-06
2.859640120967741836e+02 -2.341867246350002545e-07 1.293366735650963357e-06
2.860890120967741836e+02 -2.323676331301921391e-07 1.285555867743439462e-06
2.862140120967741836e+02 -2.305624613030063449e-07 1.277789727304459612e-06
2.863390120967741836e+02 -2.287711046215292559e-07 1.270068078326226222e-06
2.864640120967741836e+02 -2.269934593201409171e-07 1.262390685877148952e-06
2.865890120967741836e+02 -2.252294223940781945e-07 1.254757316098435815e-06
2.867140120967741836e+02 -2.234788915940267343e-07 1.247167736200638980e-06
2.868390120967741836e+02 -2.217417654207566244e-07 1.239621714460255842e-06
2.869640120967741836e+02 -2.200179431197949005e-07 1.232119020216264654e-06
2.870890120967741836e+02 -2.183073246761269851e-07 1.224659423866756514e-06
2.872140120967741836e+02 -2.166098108089401330e-07 1.217242696865432249e-06
2.873390120967741836e+02 -2.149253029664056289e-07 1.209868611718174683e-06
2.874640120967741836e+02 -2.132537033204859729e-07 1.202536941979665377e-06
2.875890120967741836e+02 -2.115949147617857669e-07 1.195247462249870713e-06
2.877140120967741836e+02 -2.099488408944397383e-07 1.187999948170619031e-06
2.878390120967741836e+02 -2.083153860310243487e-07 1.180794176422164856e-06
2.879640120967741836e+02 -2.066944551875153273e-07 1.173629924719754597e-06
2.880890120967741836e+02 -2.050859540782774971e-07 1.166506971810113486e-06
2.882140120967741836e+02 -2.034897891110807278e-07 1.159425097468047486e-06
2.883390120967741836e+02 -2.019058673821599598e-07 1.152384082492995659e-06
2.884640120967741836e+02 -2.003340966713067276e-07 1.145383708705511590e-06
2.885890120967741836e+02 -1.987743854369867565e-07 1.138423758943870809e-06
2.887140120967741836e+02 -1.972266428115005982e-07 1.131504017060580168e-06
2.888390120967741836e+02 -1.956907785961743896e-07 1.124624267918938462e-06
2.889640120967741836e+02 -1.941667032565785638e-07 1.117784297389555976e-06
2.890890120967741836e+02 -1.926543279177851800e-07 1.110983892346907263e-06
2.892140120967741836e+02 -1.911535643596581557e-07 1.104222840665882037e-06
2.893390120967741836e+02 -1.896643250121689100e-07 1.097500931218303224e-06
2.894640120967741836e+02 -1.881865229507508373e-07 1.090817953869477847e-06
2.895890120967741836e+02 -1.867200718916851492e-07 1.084173699474751509e-06
2.897140120967741836e+02 -1.852648861875130255e-07 1.077567959876023062e-06
2.898390120967741836e+02 -1.838208808224838448e-07 1.071000527898308829e-06
2.899640120967741836e+02 -1.823879714080369522e-07 1.064471197346256008e-06
2.900890120967741836e+02 -1.809660741783061903e-07 1.057979763000739290e-06
2.902140120967741836e+02 -1.795551059856620445e-07 1.051526020615348428e-06
2.903390120967741836e+02 -1.781549842962857898e-07 1.045109766912943986e-06
2.904640120967741836e+02 -1.767656271857653960e-07 1.038730799582250366e-06
2.905890120967741836e+02 -1.753869533347303699e-07 1.032388917274345909e-06
2.907140120967741836e+02 -1.740188820245153968e-07 1.026083919599227968e-06
2.908390120967741836e+02 -1.726613331328469305e-07 1.019815607122378614e-06
2.909640120967741836e+02 -1.713142271295676629e-07 1.013583781361328855e-06
2.910890120967741836e+02 -1.699774850723890765e-07 1.007388244782158700e-06
2.912140120967741836e+02 -1.686510286026665508e-07 1.001228800796101823e-06
2.913390120967741836e+02 -1.673347799412117894e-07 9.951052537561112731e-07
2.914640120967741836e+02 -1.660286618841318506e-07 9.890174089533654589e-07
2.915890120967741836e+02 -1.647325977986926619e-07 9.829650726138857364e-07
2.917140120967741836e+02 -1.634465116192159392e-07 9.769480518950726795e-07
2.918390120967741836e+02 -1.621703278430047206e-07 9.709661548822961366e-07
2.919640120967741836e+02 -1.609039715262917424e-07 9.650191905854416658e-07
2.920890120967741836e+02 -1.596473682802202422e-07 9.591069689354980508e-07
2.922140120967741836e+02 -1.584004442668547239e-07 9.532293007811425935e-07
2.923390120967741836e+02 -1.571631261952116563e-07 9.473859978853013131e-07
2.924640120967741836e+02 -1.559353413173233898e-07 9.415768729217507561e-07
2.925890120967741836e+02 -1.547170174243314819e-07 9.358017394716780891e-07
2.927140120967741836e+02 -1.535080828425986307e-07 9.300604120203188022e-07
2.928390120967741836e+02 -1.523084664298545691e-07 9.243527059535038843e-07
2.929640120967741836e+02 -1.511180975713694079e-07 9.186784375542613158e-07
2.930890120967741836e+02 -1.499369061761457732e-07 9.130374239994612884e-07
2.932140120967741836e+02 -1.487648226731453535e-07 9.074294833563685693e-07
2.933390120967741836e+02 -1.476017780075399324e-07 9.018544345792690868e-07
2.934640120967741836e+02 -1.464477036369831727e-07 8.963120975060898449e-07
2.935890120967741836e+02 -1.453025315279146677e-07 8.908022928550308031e-07
2.937140120967741836e+02 -1.441661941518889002e-07 8.853248422211361927e-07
2.938390120967741836e+02 -1.430386244819238692e-07 8.798795680729644068e-07
2.939640120967741836e+02 -1.419197559888828030e-07 8.744662937492159621e-07
2.940890120967741836e+02 -1.408095226378749045e-07 8.690848434553434613e-07
2.942140120967741836e+02 -1.397078588846875691e-07 8.637350422601994604e-07
2.943390120967741836e+02 -1.386146996722350137e-07 8.584167160926863472e-07
2.944640120967741836e+02 -1.375299804270382992e-07 8.531296917384242198e-07
2.945890120967741836e+02 -1.364536370557298898e-07 8.478737968363515313e-07
2.947140120967741836e+02 -1.353856059415762389e-07 8.426488598754281206e-07
2.948390120967741836e+02 -1.343258239410313973e-07 8.374547101913015017e-07
2.949640120967741836e+02 -1.332742283803133855e-07 8.322911779629315438e-07
2.950890120967741836e+02 -1.322307570519995180e-07 8.271580942093094888e-07
2.952140120967741836e+02 -1.311953482116512687e-07 8.220552907861129129e-07
2.953390120967741836e+02 -1.301679405744621375e-07 8.169826003824052620e-07
2.954640120967741836e+02 -1.291484733119234377e-07 8.119398565173105068e-07
2.955890120967741836e+02 -1.281368860485198616e-07 8.069268935367154313e-07
2.957140120967741836e+02 -1.271331188584462221e-07 8.019435466099775339e-07
2.958390120967741836e+02 -1.261371122623439138e-07 7.969896517266208574e-07
2.959640120967741836e+02 -1.251488072240640564e-07 7.920650456930552185e-07
2.960890120967741836e+02 -1.241681451474534282e-07 7.871695661292816737e-07
2.962140120967741836e+02 -1.231950678731584780e-07 7.823030514656494412e-07
2.963390120967741836e+02 -1.222295176754560458e-07 7.774653409395508850e-07
2.964640120967741836e+02 -1.212714372591066885e-07 7.726562745921607549e-07
2.965890120967741836e+02 -1.203207697562249190e-07 7.678756932652150267e-07
2.967140120967741836e+02 -1.193774587231761547e-07 7.631234385977174260e-07
2.968390120967741836e+02 -1.184414481374957800e-07 7.583993530227073623e-07
2.969640120967741836e+02 -1.175126823948248730e-07 7.537032797640272279e-07
2.970890120967741836e+02 -1.165911063058717125e-07 7.490350628331027195e-07
2.972140120967741836e+02 -1.156766650933954938e-07 7.443945470256772090e-07
2.973390120967741836e+02 -1.147693043892056219e-07 7.397815779186246756e-07
2.974640120967741836e+02 -1.138689702311876067e-07 7.351960018667429454e-07
2.975890120967741836e+02 -1.129756090603491285e-07 7.306376659995088138e-07
2.977140120967741836e+02 -1.120891677178823421e-07 7.261064182179161776e-07
2.978390120967741836e+02 -1.112095934422521878e-07 7.216021071912624975e-07
2.979640120967741836e+02 -1.103368338663038537e-07 7.171245823539776131e-07
2.980890120967741836e+02 -1.094708370143874558e-07 7.126736939024279931e-07
2.982140120967741836e+02 -1.086115512995064488e-07 7.082492927917519029e-07
2.983390120967741836e+02 -1.077589255204862860e-07 7.038512307327014537e-07
2.984640120967741836e+02 -1.069129088591592129e-07 6.994793601884702523e-07
2.985890120967741836e+02 -1.060734508775724993e-07 6.951335343715524976e-07
2.987140120967741836e+02 -1.052405015152164844e-07 6.908136072405838647e-07
2.988390120967741836e+02 -1.044140110862685831e-07 6.865194334972353297e-07
2.989640120967741836e+02 -1.035939302768597517e-07 6.822508685830500305e-07
2.990890120967741836e+02 -1.027802101423615209e-07 6.780077686763258687e-07
2.992140120967741836e+02 -1.019728021046870840e-07 6.737899906890286029e-07
2.993390120967741836e+02 -1.011716579496157054e-07 6.695973922636502045e-07
2.994640120967741836e+02 -1.003767298241365572e-07 6.654298317701176102e-07
2.995890120967741836e+02 -9.958797023380675770e-08 6.612871683027058168e-07
2.997140120967741836e+02 -9.880533204013193494e-08 6.571692616769620925e-07
2.998390120967741836e+02 -9.802876845796610035e-08 6.530759724265945072e-07
2.999640120967741836e+02 -9.725823305292488958e-08 6.490071618004287555e-07
3.000890120967741836e+02 -9.649367973882208339e-08 6.449626917593503668e-07
3.002140120967741836e+02 -9.573506277512350605e-08 6.409424249732167415e-07
3.003390120967741836e+02 -9.498233676441508504e-08 6.369462248178411843e-07
3.004640120967741836e+02 -9.423545664989344979e-08 6.329739553719349030e-07
3.005890120967741836e+02 -9.349437771287325925e-08 6.290254814140879718e-07
3.007140120967741836e+02 -9.275905557030918059e-08 6.251006684197307065e-07
3.008390120967741836e+02 -9.202944617233893774e-08 6.211993825581236264e-07
3.009640120967741836e+02 -9.130550579984332713e-08 6.173214906893554646e-07
3.010890120967741836e+02 -9.058719106202084474e-08 6.134668603613278359e-07
3.012140120967741836e+02 -8.987445889398224483e-08 6.096353598067743162e-07
3.013390120967741836e+02 -8.916726655436234384e-08 6.058268579402612050e-07
3.014640120967741836e+02 -8.846557162294582669e-08 6.020412243552367799e-07
3.015890120967741836e+02 -8.776933199831246876e-08 5.982783293210348121e-07
3.017140120967741836e+02 -8.707850589549997342e-08 5.945380437799160916e-07
3.018390120967741836e+02 -8.639305184367943576e-08 5.908202393441425639e-07
3.019640120967741836e+02 -8.571292868385098936e-08 5.871247882929990561e-07
3.020890120967741836e+02 -8.503809556655443513e-08 5.834515635698727078e-07
3.022140120967741836e+02 -8.436851194959708866e-08 5.798004387793284832e-07
3.023390120967741836e+02 -8.370413759579535210e-08 5.761712881841766378e-07
3.024640120967741836e+02 -8.304493257073497380e-08 5.725639867025706772e-07
3.025890120967741836e+02 -8.239085724054699125e-08 5.689784099050903879e-07
3.027140120967741836e+02 -8.174187226969722657e-08 5.654144340118708186e-07
3.028390120967741836e+02 -8.109793861879380782e-08 5.618719358896897575e-07
3.029640120967741836e+02 -8.045901754241062532e-08 5.583507930490917383e-07
3.030890120967741836e+02 -7.982507058692346676e-08 5.548508836415398911e-07
3.032140120967741836e+02 -7.919605958836403283e-08 5.513720864565280904e-07
3.033390120967741836e+02 -7.857194667029000666e-08 5.479142809187328058e-07
3.034640120967741836e+02 -7.795269424166669061e-08 5.444773470851736367e-07
3.035890120967741836e+02 -7.733826499476686751e-08 5.410611656423839040e-07
3.037140120967741836e+02 -7.672862190308602752e-08 5.376656179035557259e-07
3.038390120967741836e+02 -7.612372821926913594e-08 5.342905858057405739e-07
3.039640120967741836e+02 -7.552354747305506952e-08 5.309359519070430525e-07
3.040890120967741836e+02 -7.492804346923625963e-08 5.276015993837905388e-07
3.042140120967741836e+02 -7.433718028562937345e-08 5.242874120277640200e-07
3.043390120967741836e+02 -7.375092227106391506e-08 5.209932742433984379e-07
3.044640120967741836e+02 -7.316923404338490852e-08 5.177190710450137376e-07
3.045890120967741836e+02 -7.259208048746691006e-08 5.144646880540362827e-07
3.047140120967741836e+02 -7.201942675324562257e-08 5.112300114962418682e-07
3.048390120967741836e+02 -7.145123825376281123e-08 5.080149281990096399e-07
3.049640120967741836e+02 -7.088748066322309083e-08 5.048193255885687081e-07
3.050890120967741836e+02 -7.032811991506709784e-08 5.016430916872703838e-07
3.052140120967741836e+02 -6.977312220005826800e-08 4.984861151108523677e-07
3.053390120967741836e+02 -6.922245396438118115e-08 4.953482850657415865e-07
3.054640120967741836e+02 -6.867608190775572182e-08 4.922294913463221931e-07
3.055890120967741836e+02 -6.813397298156468641e-08 4.891296243322406258e-07
3.057140120967741836e+02 -6.759609438699293120e-08 4.860485749857316311e-07
3.058390120967741836e+02 -6.706241357318131700e-08 4.829862348489123112e-07
3.059640120967741836e+02 -6.653289823539514600e-08 4.799424960411157699e-07
3.060890120967741836e+02 -6.600751631320218062e-08 4.769172512562284646e-07
3.062140120967741836e+02 -6.548623598866679579e-08 4.739103937600398406e-07
3.063390120967741836e+02 -6.496902568455703514e-08 4.709218173875731179e-07
3.064640120967741836e+02 -6.445585406256187139e-08 4.679514165404624542e-07
3.065890120967741836e+02 -6.394669002152404414e-08 4.649990861843268246e-07
3.067140120967741836e+02 -6.344150269568536492e-08 4.620647218461260090e-07
3.068390120967741836e+02 -6.294026145294212055e-08 4.591482196115681410e-07
3.069640120967741836e+02 -6.244293589311582884e-08 4.562494761224937533e-07
3.070890120967741836e+02 -6.194949584623614403e-08 4.533683885742878799e-07
3.072140120967741836e+02 -6.145991137083352953e-08 4.505048547132840588e-07
3.073390120967741836e+02 -6.097415275224732281e-08 4.476587728341904640e-07
3.074640120967741836e+02 -6.049219050094499709e-08 4.448300417775240306e-07
3.075890120967741836e+02 -6.001399535085206379e-08 4.420185609270414570e-07
3.077140120967741836e+02 -5.953953825769585184e-08 4.392242302071936060e-07
3.078390120967741836e+02 -5.906879039736120493e-08 4.364469500805730242e-07
3.079640120967741836e+02 -5.860172316425607191e-08 4.336866215453984656e-07
3.080890120967741836e+02 -5.813830816969086143e-08 4.309431461329671757e-07
3.082140120967741836e+02 -5.767851724026945656e-08 4.282164259051441795e-07
3.083390120967741836e+02 -5.722232241628997023e-08 4.255063634518681406e-07
3.084640120967741836e+02 -5.676969595015874885e-08 4.228128618886325495e-07
3.085890120967741836e+02 -5.632061030481627407e-08 4.201358248540010582e-07
3.087140120967741836e+02 -5.587503815217197162e-08 4.174751565071289565e-07
3.088390120967741836e+02 -5.543295237155249989e-08 4.148307615252951293e-07
3.089640120967741836e+02 -5.499432604816151980e-08 4.122025451014192442e-07
3.090890120967741836e+02 -5.455913247154796802e-08 4.095904129416201264e-07
3.092140120967741836e+02 -5.412734513408816735e-08 4.069942712627738154e-07
3.093390120967741836e+02 -5.369893772947826025e-08 4.044140267900550517e-07
3.094640120967741836e+02 -5.327388415123583406e-08 4.018495867545265688e-07
3.095890120967741836e+02 -5.285215849121450970e-08 3.993008588907080548e-07
3.097140120967741836e+02 -5.243373503812897945e-08 3.967677514341722735e-07
3.098390120967741836e+02 -5.201858827608883256e-08 3.942501731191319204e-07
3.099640120967741836e+02 -5.160669288314547689e-08 3.917480331760495072e-07
3.100890120967741836e+02 -5.119802372984771610e-08 3.892612413292601641e-07
3.102140120967741836e+02 -5.079255587780970811e-08 3.867897077945752775e-07
3.103390120967741836e+02 -5.039026457828665935e-08 3.843333432769312328e-07
3.104640120967741836e+02 -4.999112527076292010e-08 3.818920589680207922e-07
3.105890120967741836e+02 -4.959511358155059493e-08 3.794657665439485606e-07
3.107140120967741836e+02 -4.920220532239581621e-08 3.770543781628813693e-07
3.108390120967741836e+02 -4.881237648909766342e-08 3.746578064627175587e-07
3.109640120967741836e+02 -4.842560326013673088e-08 3.722759645587666907e-07
3.110890120967741836e+02 -4.804186199531163625e-08 3.699087660414254486e-07
3.112140120967741836e+02 -4.766112923438785078e-08 3.675561249738757199e-07
3.113390120967741836e+02 -4.728338169575580727e-08 3.652179558897786012e-07
3.114640120967741836e+02 -4.690859627509696870e-08 3.628941737909992685e-07
3.115890120967741836e+02 -4.653675004406186127e-08 3.605846941453077586e-07
3.117140120967741836e+02 -4.616782024895709399e-08 3.582894328841111975e-07
3.118390120967741836e+02 -4.580178430944062343e-08 3.560083064002013282e-07
3.119640120967741836e+02 -4.543861981722804996e-08 3.537412315454820266e-07
3.120890120967741836e+02 -4.507830453480821794e-08 3.514881256287287942e-07
3.122140120967741836e+02 -4.472081639416678347e-08 3.492489064133516375e-07
3.123390120967741836e+02 -4.436613349552035664e-08 3.470234921151703365e-07
3.124640120967741836e+02 -4.401423410606022603e-08 3.448118014001774306e-07
3.125890120967741836e+02 -4.366509665870329607e-08 3.426137533823383149e-07
3.127140120967741836e+02 -4.331869975085385063e-08 3.404292676213892196e-07
3.128390120967741836e+02 -4.297502214317445528e-08 3.382582641206270889e-07
3.129640120967741836e+02 -4.263404275836401297e-08 3.361006633247358304e-07
3.130890120967741836e+02 -4.229574067994636800e-08 3.339563861176012868e-07
3.132140120967741836e+02 -4.196009515106791622e-08 3.318253538201455855e-07
3.133390120967741836e+02 -4.162708557330205779e-08 3.297074881881596861e-07
3.134640120967741836e+02 -4.129669150546436347e-08 3.276027114101535057e-07
3.135890120967741836e+02 -4.096889266243606574e-08 3.255109461052134547e-07
3.137140120967741836e+02 -4.064366891399457763e-08 3.234321153208615076e-07
3.138390120967741836e+02 -4.032100028365437439e-08 3.213661425309310042e-07
3.139640120967741836e+02 -4.000086694751606770e-08 3.193129516334411252e-07
3.140890120967741836e+02 -3.968324923312233542e-08 3.172724669485004865e-07
3.142140120967741836e+02 -3.936812761832406874e-08 3.152446132161878623e-07
3.143390120967741836e+02 -3.905548273015431469e-08 3.132293155944636139e-07
3.144640120967741836e+02 -3.874529534370939190e-08 3.112264996570935056e-07
3.145890120967741836e+02 -3.843754638103937673e-08 3.092360913915577515e-07
3.147140120967741836e+02 -3.813221691004678840e-08 3.072580171969871664e-07
3.148390120967741836e+02 -3.782928814339194442e-08 3.052922038821035525e-07
3.149640120967741836e+02 -3.752874143740764678e-08 3.033385786631726324e-07
3.150890120967741836e+02 -3.723055829102189494e-08 3.013970691619460765e-07
3.152140120967741836e+02 -3.693472034468705091e-08 2.994676034036363534e-07
3.153390120967741836e+02 -3.664120937931812317e-08 2.975501098148926386e-07
3.154640120967741836e+02 -3.635000731523908416e-08 2.956445172217674064e-07
3.155890120967741836e+02 -3.606109621113527578e-08 2.937507548477168490e-07
3.157140120967741836e+02 -3.577445826301490732e-08 2.918687523116002915e-07
3.158390120967741836e+02 -3.549007580317833546e-08 2.899984396256730409e-07
3.159640120967741836e+02 -3.520793129919326030e-08 2.881397471936116346e-07
3.160890120967741836e+02 -3.492800735287910636e-08 2.862926058085300368e-07
3.162140120967741836e+02 -3.465028669929851741e-08 2.844569466510142568e-07
3.163390120967741836e+02 -3.437475220575511790e-08 2.826327012871550625e-07
3.164640120967741836e+02 -3.410138687080000293e-08 2.808198016665962042e-07
3.165890120967741836e+02 -3.383017382324525586e-08 2.790181801205934392e-07
3.167140120967741836e+02 -3.356109632118370620e-08 2.772277693600694262e-07
3.168390120967741836e+02 -3.329413775101697914e-08 2.754485024736901134e-07
3.169640120967741836e+02 -3.302928162649069198e-08 2.736803129259376328e-07
3.170890120967741836e+02 -3.276651158773557307e-08 2.719231345552079174e-07
3.172140120967741836e+02 -3.250581140031686590e-08 2.701769015718933355e-07
3.173390120967741836e+02 -3.224716495429048291e-08 2.684415485564883552e-07
3.174640120967741836e+02 -3.199055626326528047e-08 2.667170104577097133e-07
3.175890120967741836e+02 -3.173596946347317550e-08 2.650032225906017613e-07
3.177140120967741836e+02 -3.148338881284559505e-08 2.633001206346720403e-07
3.178390120967741836e+02 -3.123279869009734394e-08 2.616076406320192321e-07
3.179640120967741836e+02 -3.098418359381583926e-08 2.599257189854864683e-07
3.180890120967741836e+02 -3.073752814155852390e-08 2.582542924568002939e-07
3.182140120967741836e+02 -3.049281706895659990e-08 2.565932981647313870e-07
3.183390120967741836e+02 -3.025003522882426735e-08 2.549426735832699979e-07
3.184640120967741836e+02 -3.000916759027589111e-08 2.533023565397879402e-07
3.185890120967741836e+02 -2.977019923784932499e-08 2.516722852132254105e-07
3.187140120967741836e+02 -2.953311537063487737e-08 2.500523981322809856e-07
3.188390120967741836e+02 -2.929790130141164195e-08 2.484426341736133711e-07
3.189640120967741836e+02 -2.906454245579014493e-08 2.468429325600359505e-07
3.190890120967741836e+02 -2.883302437136045816e-08 2.452532328587374342e-07
3.192140120967741836e+02 -2.860333269684734000e-08 2.436734749795057898e-07
3.193390120967741836e+02 -2.837545319127194406e-08 2.421035991729454499e-07
3.194640120967741836e+02 -2.814937172311838837e-08 2.405435460287232122e-07
3.195890120967741836e+02 -2.792507426950765012e-08 2.389932564738074173e-07
3.197140120967741836e+02 -2.770254691537755507e-08 2.374526717707227695e-07
3.198390120967741836e+02 -2.748177585266776306e-08 2.359217335158051047e-07
3.199640120967741836e+02 -2.726274737951173502e-08 2.344003836374698435e-07
3.200890120967741836e+02 -2.704544789943482436e-08 2.328885643944891526e-07
3.202140120967741836e+02 -2.682986392055707008e-08 2.313862183742689737e-07
3.203390120967741836e+02 -2.661598205480312015e-08 2.298932884911417231e-07
3.204640120967741836e+02 -2.640378901711778309e-08 2.284097179846588052e-07
3.205890120967741836e+02 -2.619327162468645984e-08 2.269354504179046203e-07
3.207140120967741836e+02 -2.598441679616242802e-08 2.254704296757972574e-07
3.208390120967741836e+02 -2.577721155089961540e-08 2.240145999634118190e-07
3.209640120967741836e+02 -2.557164300819033311e-08 2.225679058043131691e-07
3.210890120967741836e+02 -2.536769838650944097e-08 2.211302920388811376e-07
3.212140120967741836e+02 -2.516536500276405833e-08 2.197017038226560261e-07
3.213390120967741836e+02 -2.496463027154811217e-08 2.182820866246876619e-07
3.214640120967741836e+02 -2.476548170440314868e-08 2.168713862258958065e-07
3.215890120967741836e+02 -2.456790690908458764e-08 2.154695487174243973e-07
3.217140120967741836e+02 -2.437189358883270501e-08 2.140765204990192677e-07
3.218390120967741836e+02 -2.417742954164967374e-08 2.126922482774093346e-07
3.219640120967741836e+02 -2.398450265958215334e-08 2.113166790646825982e-07
3.220890120967741836e+02 -2.379310092800821720e-08 2.099497601766871290e-07
3.222140120967741836e+02 -2.360321242493039767e-08 2.085914392314274759e-07
3.223390120967741836e+02 -2.341482532027412448e-08 2.072416641474747583e-07
3.224640120967741836e+02 -2.322792787519035182e-08 2.059003831423776329e-07
3.225890120967741836e+02 -2.304250844136423730e-08 2.045675447310854354e-07
3.227140120967741836e+02 -2.285855546032910140e-08 2.032430977243795292e-07
3.228390120967741836e+02 -2.267605746278434766e-08 2.019269912273045465e-07
3.229640120967741836e+02 -2.249500306791960974e-08 2.006191746376153807e-07
3.230890120967741836e+02 -2.231538098274365319e-08 1.993195976442229597e-07
3.232140120967741836e+02 -2.213718000141754878e-08 1.980282102256591846e-07
3.233390120967741836e+02 -2.196038900459362944e-08 1.967449626485326557e-07
3.234640120967741836e+02 -2.178499695875929448e-08 1.954698054660021607e-07
3.235890120967741836e+02 -2.161099291558495969e-08 1.942026895162611472e-07
3.237140120967741836e+02 -2.143836601127757599e-08 1.929435659210141754e-07
3.238390120967741836e+02 -2.126710546593897216e-08 1.916923860839729315e-07
3.239640120967741836e+02 -2.109720058292823757e-08 1.904491016893557617e-07
3.240890120967741836e+02 -2.092864074822956429e-08 1.892136647003958887e-07
3.242140120967741836e+02 -2.076141542982477436e-08 1.879860273578475630e-07
3.243390120967741836e+02 -2.059551417706984064e-08 1.867661421785106636e-07
3.244640120967741836e+02 -2.043092662007667191e-08 1.855539619537600640e-07
3.245890120967741836e+02 -2.026764246909965254e-08 1.843494397480706829e-07
3.247140120967741836e+02 -2.010565151392588465e-08 1.831525288975649815e-07
3.248390120967741836e+02 -1.994494362327068784e-08 1.819631830085561462e-07
3.249640120967741836e+02 -1.978550874417776422e-08 1.807813559561049828e-07
3.250890120967741836e+02 -1.962733690142291362e-08 1.796070018825768107e-07
3.252140120967741836e+02 -1.947041819692303960e-08 1.784400751962098973e-07
3.253390120967741836e+02 -1.931474280914948973e-08 1.772805305696917817e-07
3.254640120967741836e+02 -1.916030099254506203e-08 1.761283229387358880e-07
3.255890120967741836e+02 -1.900708307694620940e-08 1.749834075006710835e-07
3.257140120967741836e+02 -1.885507946700900270e-08 1.738457397130340952e-07
3.258390120967741836e+02 -1.870428064163984525e-08 1.727152752921726729e-07
3.259640120967741836e+02 -1.855467715342972429e-08 1.715919702118487528e-07
3.260890120967741836e+02 -1.840625962809331301e-08 1.704757807018536905e-07
3.262140120967741836e+02 -1.825901876391228465e-08 1.693666632466299270e-07
3.263390120967741836e+02 -1.811294533118209742e-08 1.682645745838944014e-07
3.264640120967741836e+02 -1.796803017166354394e-08 1.671694717032740861e-07
3.265890120967741836e+02 -1.782426419803847634e-08 1.660813118449422647e-07
3.267140120967741836e+02 -1.768163839336885003e-08 1.650000524982707693e-07
3.268390120967741836e+02 -1.754014381056051867e-08 1.639256514004755491e-07
3.269640120967741836e+02 -1.739977157183102296e-08 1.628580665352765842e-07
3.270890120967741836e+02 -1.726051286818064163e-08 1.617972561315688386e-07
3.272140120967741836e+02 -1.712235895886818399e-08 1.607431786620867006e-07
3.273390120967741836e+02 -1.698530117089055764e-08 1.596957928420836702e-07
3.274640120967741836e+02 -1.684933089846562840e-08 1.586550576280182671e-07
3.275890120967741836e+02 -1.671443960251966608e-08 1.576209322162457087e-07
3.277140120967741836e+02 -1.658061881017846633e-08 1.565933760417085033e-07
3.278390120967741836e+02 -1.644786011426182082e-08 1.555723487766442481e-07
3.279640120967741836e+02 -1.631615517278226565e-08 1.545578103292962598e-07
3.280890120967741836e+02 -1.618549570844761496e-08 1.535497208426224321e-07
3.282140120967741836e+02 -1.605587350816664105e-08 1.525480406930214828e-07
3.283390120967741836e+02 -1.592728042255905594e-08 1.515527304890623254e-07
3.284640120967741836e+02 -1.579970836546906298e-08 1.505637510702111375e-07
3.285890120967741836e+02 -1.567314931348212456e-08 1.495810635055772222e-07
3.287140120967741836e+02 -1.554759530544577304e-08 1.486046290926558261e-07
3.288390120967741836e+02 -1.542303844199415069e-08 1.476344093560827894e-07
3.289640120967741836e+02 -1.529947088507542814e-08 1.466703660463891424e-07
3.290890120967741836e+02 -1.517688485748336208e-08 1.457124611387671904e-07
3.292140120967741836e+02 -1.505527264239244294e-08 1.447606568318415747e-07
3.293390120967741836e+02 -1.493462658289583506e-08 1.438149155464425309e-07
3.294640120967741836e+02 -1.481493908154745119e-08 1.428751999243901844e-07
3.295890120967741836e+02 -1.469620259990740021e-08 1.419414728272797205e-07
3.297140120967741836e+02 -1.457840965809029520e-08 1.410136973352803970e-07
3.298390120967741836e+02 -1.446155283431754361e-08 1.400918367459293431e-07
3.299640120967741836e+02 -1.434562476447294943e-08 1.391758545729386985e-07
3.300890120967741836e+02 -1.423061814166110131e-08 1.382657145450111708e-07
3.302140120967741836e+02 -1.411652571576969807e-08 1.373613806046513827e-07
3.303390120967741836e+02 -1.400334029303502080e-08 1.364628169069915674e-07
3.304640120967741836e+02 -1.389105473561029843e-08 1.355699878186199101e-07
3.305890120967741836e+02 -1.377966196113770298e-08 1.346828579164177039e-07
3.307140120967741836e+02 -1.366915494232361877e-08 1.338013919863940178e-07
3.308390120967741836e+02 -1.355952670651662978e-08 1.329255550225355852e-07
3.309640120967741836e+02 -1.345077033528908702e-08 1.320553122256598677e-07
3.310890120967741836e+02 -1.334287896402191681e-08 1.311906290022668496e-07
3.312140120967741836e+02 -1.323584578149200487e-08 1.303314709634069777e-07
3.313390120967741836e+02 -1.312966402946316050e-08 1.294778039235469850e-07
3.314640120967741836e+02 -1.302432700228020082e-08 1.286295938994463538e-07
3.315890120967741836e+02 -1.291982804646559439e-08 1.277868071090342030e-07
3.317140120967741836e+02 -1.281616056031956731e-08 1.269494099702961551e-07
3.318390120967741836e+02 -1.271331799352331299e-08 1.261173691001659925e-07
3.319640120967741836e+02 -1.261129384674459738e-08 1.252906513134197776e-07
3.320890120967741836e+02 -1.251008167124693929e-08 1.244692236215793682e-07
3.322140120967741836e+02 -1.240967506850159981e-08 1.236530532318176538e-07
3.323390120967741836e+02 -1.231006768980211122e-08 1.228421075458754387e-07
3.324640120967741836e+02 -1.221125323588216251e-08 1.220363541589748315e-07
3.325890120967741836e+02 -1.211322545653633048e-08 1.212357608587440156e-07
3.327140120967741836e+02 -1.201597815024322784e-08 1.204402956241494851e-07
3.328390120967741836e+02 -1.191950516379198150e-08 1.196499266244257923e-07
3.329640120967741836e+02 -1.182380039191143400e-08 1.188646222180170472e-07
3.330890120967741836e+02 -1.172885777690181652e-08 1.180843509515217135e-07
3.332140120967741836e+02 -1.163467130826953707e-08 1.173090815586451066e-07
3.333390120967741836e+02 -1.154123502236475292e-08 1.165387829591498401e-07
3.334640120967741836e+02 -1.144854300202129066e-08 1.157734242578202359e-07
3.335890120967741836e+02 -1.135658937619967139e-08 1.150129747434291551e-07
3.337140120967741836e+02 -1.126536831963264900e-08 1.142574038877057436e-07
3.338390120967741836e+02 -1.117487405247361533e-08 1.135066813443133405e-07
3.339640120967741836e+02 -1.108510083994721567e-08 1.127607769478314771e-07
3.340890120967741836e+02 -1.099604299200307440e-08 1.120196607127439243e-07
3.342140120967741836e+02 -1.090769486297205181e-08 1.112833028324261833e-07
3.343390120967741836e+02 -1.082005085122474258e-08 1.105516736781458417e-07
3.344640120967741836e+02 -1.073310539883294054e-08 1.098247437980653636e-07
3.345890120967741836e+02 -1.064685299123365446e-08 1.091024839162450267e-07
3.347140120967741836e+02 -1.056128815689529266e-08 1.083848649316585900e-07
3.348390120967741836e+02 -1.047640546698672961e-08 1.076718579172086710e-07
3.349640120967741836e+02 -1.039219953504887050e-08 1.069634341187504878e-07
3.350890120967741836e+02 -1.030866501666837651e-08 1.062595649541165927e-07
3.352140120967741836e+02 -1.022579660915413791e-08 1.055602220121502359e-07
3.353390120967741836e+02 -1.014358905121628661e-08 1.048653770517430696e-07
3.354640120967741836e+02 -1.006203712264721879e-08 1.041750020008752617e-07
3.355890120967741836e+02 -9.981135644005378660e-09 1.034890689556635889e-07
3.357140120967741836e+02 -9.900879476301492258e-09 1.028075501794114237e-07
3.358390120967741836e+02 -9.821263520686765072e-09 1.021304181016687256e-07
3.359640120967741836e+02 -9.742282718143814259e-09 1.014576453172894930e-07
3.360890120967741836e+02 -9.663932049179950073e-09 1.007892045854986627e-07
3.362140120967741836e+02 -9.586206533522411097e-09 1.001250688289662507e-07
3.363390120967741836e+02 -9.509101229816262993e-09 9.946521113287900369e-08
3.364640120967741836e+02 -9.432611235324595165e-09 9.880960474402236105e-08
3.365890120967741836e+02 -9.356731685630605037e-09 9.815822306986587104e-08
3.367140120967741836e+02 -9.281457754342354136e-09 9.751103967765458913e-08
3.368390120967741836e+02 -9.206784652799686419e-09 9.686802829349977487e-08
3.369640120967741836e+02 -9.132707629783057389e-09 9.622916280148116936e-08
3.370890120967741836e+02 -9.059221971224945669e-09 9.559441724275161520e-08
3.372140120967741836e+02 -8.986322999923362304e-09 9.496376581464196770e-08
3.373390120967741836e+02 -8.914006075257300632e-09 9.433718286977757330e-08
3.374640120967741836e+02 -8.842266592904609792e-09 9.371464291519421868e-08
3.375890120967741836e+02 -8.771099984562008974e-09 9.309612061146211339e-08
3.377140120967741836e+02 -8.700501717666954559e-09 9.248159077181061362e-08
3.378390120967741836e+02 -8.630467295121859755e-09 9.187102836126068845e-08
3.379640120967741836e+02 -8.560992255020481447e-09 9.126440849576179324e-08
3.380890120967741836e+02 -8.492072170376022625e-09 9.066170644133026511e-08
3.382140120967741836e+02 -8.423702648851618739e-09 9.006289761319569896e-08
3.383390120967741836e+02 -8.355879332492888699e-09 8.946795757494864710e-08
3.384640120967741836e+02 -8.288597897462189874e-09 8.887686203769756996e-08
3.385890120967741836e+02 -8.221854053775194149e-09 8.828958685922331194e-08
3.387140120967741836e+02 -8.155643545039493890e-09 8.770610804314278873e-08
3.388390120967741836e+02 -8.089962148194847381e-09 8.712640173807818030e-08
3.389640120967741836e+02 -8.024805673255746978e-09 8.655044423682502548e-08
3.390890120967741836e+02 -7.960169963055903023e-09 8.597821197552917060e-08
3.392140120967741836e+02 -7.896050892994385420e-09 8.540968153286672251e-08
3.393390120967741836e+02 -7.832444370784016799e-09 8.484482962922965283e-08
3.394640120967741836e+02 -7.769346336201618565e-09 8.428363312591112435e-08
3.395890120967741836e+02 -7.706752760839942745e-09 8.372606902430046561e-08
3.397140120967741836e+02 -7.644659647861708171e-09 8.317211446508118951e-08
3.398390120967741836e+02 -7.583063031755547465e-09 8.262174672742898545e-08
3.399640120967741836e+02 -7.521958978093522346e-09 8.207494322821992884e-08
3.400890120967741836e+02 -7.461343583290758183e-09 8.153168152123867732e-08
3.402140120967741836e+02 -7.401212974366893373e-09 8.099193929639357565e-08
3.403390120967741836e+02 -7.341563308709118572e-09 8.045569437893289875e-08
3.404640120967741836e+02 -7.282390773837224308e-09 7.992292472866773866e-08
3.405890120967741836e+02 -7.223691587170494041e-09 7.939360843919902084e-08
3.407140120967741836e+02 -7.165461995796082015e-09 7.886772373714609535e-08
3.408390120967741836e+02 -7.107698276239407767e-09 7.834524898138183967e-08
3.409640120967741836e+02 -7.050396734236325772e-09 7.782616266227186424e-08
3.410890120967741836e+02 -6.993553704506757547e-09 7.731044340091545185e-08
3.412140120967741836e+02 -6.937165550530324692e-09 7.679806994839282331e-08
3.413390120967741836e+02 -6.881228664323553590e-09 7.628902118501520884e-08
3.414640120967741836e+02 -6.825739466218897410e-09 7.578327611958025321e-08
3.415890120967741836e+02 -6.770694404645216437e-09 7.528081388862885018e-08
3.417140120967741836e+02 -6.716089955910156778e-09 7.478161375570814445e-08
3.418390120967741836e+02 -6.661922623984159441e-09 7.428565511063866286e-08
3.419640120967741836e+02 -6.608188940285945109e-09 7.379291746878282201e-08
3.420890120967741836e+02 -6.554885463469795542e-09 7.330338047032029164e-08
3.422140120967741836e+02 -6.502008779214519952e-09 7.281702387952446957e-08
3.423390120967741836e+02 -6.449555500013764720e-09 7.233382758404684485e-08
3.424640120967741836e+02 -6.397522264968153658e-09 7.185377159419970636e-08
3.425890120967741836e+02 -6.345905739579040451e-09 7.137683604224644835e-08
3.427140120967741836e+02 -6.294702615543591204e-09 7.090300118169660077e-08
3.428390120967741836e+02 -6.243909610551633846e-09 7.043224738660030382e-08
3.429640120967741836e+02 -6.193523468084116402e-09 6.996455515085007479e-08
3.430890120967741836e+02 -6.143540957212821750e-09 6.949990508748542055e-08
3.432140120967741836e+02 -6.093958872401879844e-09 6.903827792800218804e-08
3.433390120967741836e+02 -6.044774033310764723e-09 6.857965452166183535e-08
3.434640120967741836e+02 -5.995983284598586063e-09 6.812401583480915992e-08
3.435890120967741836e+02 -5.947583495730120282e-09 6.767134295019206495e-08
3.437140120967741836e+02 -5.899571560783269367e-09 6.722161706628229187e-08
3.438390120967741836e+02 -5.851944398257835739e-09 6.677481949660405408e-08
3.439640120967741836e+02 -5.804698950885940731e-09 6.633093166906327956e-08
3.440890120967741836e+02 -5.757832185443877393e-09 6.588993512528262377e-08
3.442140120967741836e+02 -5.711341092565241290e-09 6.545181151993743555e-08
3.443390120967741836e+02 -5.665222686555656113e-09 6.501654262009758604e-08
3.444640120967741836e+02 -5.619474005208921202e-09 6.458411030457265930e-08
3.445890120967741836e+02 -5.574092109624391575e-09 6.415449656325894279e-08
3.447140120967741836e+02 -5.529074084025918019e-09 6.372768349649188400e-08
3.448390120967741836e+02 -5.484417035582207450e-09 6.330365331440043949e-08
3.449640120967741836e+02 -5.440118094228330568e-09 6.288238833626768422e-08
3.450890120967741836e+02 -5.396174412488815225e-09 6.246387098989070604e-08
3.452140120967741836e+02 -5.352583165302081473e-09 6.204808381094678685e-08
3.453390120967741836e+02 -5.309341549846031359e-09 6.163500944236421591e-08
3.454640120967741836e+02 -5.266446785365169009e-09 6.122463063369241500e-08
3.455890120967741836e+02 -5.223896112999046671e-09 6.081693024047883980e-08
3.457140120967741836e+02 -5.181686795611811746e-09 6.041189122364826353e-08
3.458390120967741836e+02 -5.139816117623300641e-09 6.000949664888645463e-08
3.459640120967741836e+02 -5.098281384841364299e-09 5.960972968602384117e-08
3.460890120967741836e+02 -5.057079924295336056e-09 5.921257360842669268e-08
3.462140120967741836e+02 -5.016209084070954523e-09 5.881801179239025414e-08
3.463390120967741836e+02 -4.975666233146526395e-09 5.842602771653264095e-08
3.464640120967741836e+02 -4.935448761230201008e-09 5.803660496119613224e-08
3.465890120967741836e+02 -4.895554078598650259e-09 5.764972720784864282e-08
3.467140120967741836e+02 -4.855979615936976904e-09 5.726537823849065452e-08
3.468390120967741836e+02 -4.816722824179703143e-09 5.688354193506311372e-08
3.469640120967741836e+02 -4.777781174353138950e-09 5.650420227886027868e-08
3.470890120967741836e+02 -4.739152157418941534e-09 5.612734334994605428e-08
3.472140120967741836e+02 -4.700833284118746841e-09 5.575294932657134587e-08
3.473390120967741836e+02 -4.662822084820113773e-09 5.538100448459715039e-08
3.474640120967741836e+02 -4.625116109363695956e-09 5.501149319691864016e-08
3.475890120967741836e+02 -4.587712926911390408e-09 5.464439993289527516e-08
3.477140120967741836e+02 -4.550610125795823750e-09 5.427970925778015425e-08
3.478390120967741836e+02 -4.513805313371006402e-09 5.391740583215523611e-08
3.479640120967741836e+02 -4.477296115863952926e-09 5.355747441137030568e-08
3.480890120967741836e+02 -4.441080178227625028e-09 5.319989984498186771e-08
3.482140120967741836e+02 -4.405155163994982985e-09 5.284466707619776453e-08
3.483390120967741836e+02 -4.369518755134008180e-09 5.249176114132413626e-08
3.484640120967741836e+02 -4.334168651904006112e-09 5.214116716921616632e-08
3.485890120967741836e+02 -4.299102572713002942e-09 5.179287038072911802e-08
3.487140120967741836e+02 -4.264318253976081713e-09 5.144685608817583645e-08
3.488390120967741836e+02 -4.229813449974979193e-09 5.110310969478617601e-08
3.489640120967741836e+02 -4.195585932718726624e-09 5.076161669416721542e-08
3.490890120967741836e+02 -4.161633491805259096e-09 5.042236266976979242e-08
3.492140120967741836e+02 -4.127953934284220197e-09 5.008533329435562078e-08
3.493390120967741836e+02 -4.094545084520727019e-09 4.975051432946935054e-08
3.494640120967741836e+02 -4.061404784060298186e-09 4.941789162491049590e-08
3.495890120967741836e+02 -4.028530891494640485e-09 4.908745111821157029e-08
3.497140120967741836e+02 -3.995921282328631613e-09 4.875917883411806771e-08
3.498390120967741836e+02 -3.963573848848307934e-09 4.843306088406937048e-08
3.499640120967741836e+02 -3.931486499989732370e-09 4.810908346568559285e-08
3.500890120967741836e+02 -3.899657161209027779e-09 4.778723286225515918e-08
3.502140120967741836e+02 -3.868083774353391374e-09 4.746749544222657755e-08
3.503390120967741836e+02 -3.836764297532964449e-09 4.714985765870150375e-08
3.504640120967741836e+02 -3.805696704993848572e-09 4.683430604893191476e-08
3.505890120967741836e+02 -3.774878986992068902e-09 4.652082723382022032e-08
3.507140120967741836e+02 -3.744309149668399428e-09 4.620940791742059878e-08
3.508390120967741836e+02 -3.713985214924274715e-09 4.590003488644489231e-08
3.509640120967741836e+02 -3.683905220298652067e-09 4.559269500976983228e-08
3.510890120967741836e+02 -3.654067218845709160e-09 4.528737523794894973e-08
3.512140120967741836e+02 -3.624469279013599211e-09 4.498406260272446603e-08
3.513390120967741836e+02 -3.595109484524141696e-09 4.468274421654380251e-08
3.514640120967741836e+02 -3.565985934253325769e-09 4.438340727207949144e-08
3.515890120967741836e+02 -3.537096742112843525e-09 4.408603904174915319e-08
3.517140120967741836e+02 -3.508440036932556319e-09 4.379062687724028429e-08
3.518390120967741836e+02 -3.480013962343726642e-09 4.349715820903712335e-08
3.519640120967741836e+02 -3.451816676663280665e-09 4.320562054595084556e-08
3.520890120967741836e+02 -3.423846352778969924e-09 4.291600147465008805e-08
3.522140120967741836e+02 -3.396101178035283268e-09 4.262828865919686187e-08
3.523390120967741836e+02 -3.368579354120377465e-09 4.234246984058431687e-08
3.524640120967741836e+02 -3.341279096953866849e-09 4.205853283627522118e-08
3.525890120967741836e+02 -3.314198636575359904e-09 4.177646553974582742e-08
3.527140120967741836e+02 -3.287336217033991359e-09 4.149625592003030127e-08
3.528390120967741836e+02 -3.260690096278788498e-09 4.121789202126908090e-08
3.529640120967741836e+02 -3.234258546049768285e-09 4.094136196225831495e-08
3.530890120967741836e+02 -3.208039851770011385e-09 4.066665393600294681e-08
3.532140120967741836e+02 -3.182032312438546410e-09 4.039375620927253185e-08
3.533390120967741836e+02 -3.156234240523960431e-09 4.012265712215813993e-08
3.534640120967741836e+02 -3.130643961858940483e-09 3.985334508763306295e-08
3.535890120967741836e+02 -3.105259815535632317e-09 3.958580859111603698e-08
3.537140120967741836e+02 -3.080080153801695236e-09 3.932003619003562915e-08
3.538390120967741836e+02 -3.055103341957268062e-09 3.905601651339858827e-08
3.539640120967741836e+02 -3.030327758252739948e-09 3.879373826135938012e-08
3.540890120967741836e+02 -3.005751793787195354e-09 3.853319020479391805e-08
3.542140120967741836e+02 -2.981373852407749056e-09 3.827436118487324074e-08
3.543390120967741836e+02 -2.957192350609672359e-09 3.801724011264127951e-08
3.544640120967741836e+02 -2.933205717437175681e-09 3.776181596859561671e-08
3.545890120967741836e+02 -2.909412394385062564e-09 3.750807780226834339e-08
3.547140120967741836e+02 -2.885810835301155453e-09 3.725601473181118519e-08
3.548390120967741836e+02 -2.862399506289356745e-09 3.700561594358240835e-08
3.549640120967741836e+02 -2.839176885613581683e-09 3.675687069173659770e-08
3.550890120967741836e+02 -2.816141463602420420e-09 3.650976829781502354e-08
3.552140120967741836e+02 -2.793291742554435345e-09 3.626429815034038276e-08
3.553390120967741836e+02 -2.770626236644310004e-09 3.602044970441350523e-08
3.554640120967741836e+02 -2.748143471829703180e-09 3.577821248131045730e-08
3.555890120967741836e+02 -2.725841985758738262e-09 3.553757606808454221e-08
3.557140120967741836e+02 -2.703720327678305303e-09 3.529853011716877027e-08
3.558390120967741836e+02 -2.681777058343065779e-09 3.506106434598177025e-08
3.559640120967741836e+02 -2.660010749925078975e-09 3.482516853653466673e-08
3.560890120967741836e+02 -2.638419985924213768e-09 3.459083253504122005e-08
3.562140120967741836e+02 -2.617003361079252774e-09 3.435804625153030865e-08
3.563390120967741836e+02 -2.595759481279607771e-09 3.412679965945939756e-08
3.564640120967741836e+02 -2.574686963477787860e-09 3.389708279533161991e-08
3.565890120967741836e+02 -2.553784435602569904e-09 3.366888575831391730e-08
3.567140120967741836e+02 -2.533050536472731864e-09 3.344219870985881972e-08
3.568390120967741836e+02 -2.512483915711560367e-09 3.321701187332639754e-08
3.569640120967741836e+02 -2.492083233662010108e-09 3.299331553360969430e-08
3.570890120967741836e+02 -2.471847161302438127e-09 3.277110003676290566e-08
3.572140120967741836e+02 -2.451774380163085454e-09 3.255035578962959818e-08
3.573390120967741836e+02 -2.431863582243158042e-09 3.233107325947507713e-08
3.574640120967741836e+02 -2.412113469928591780e-09 3.211324297361955504e-08
3.575890120967741836e+02 -2.392522755910378330e-09 3.189685551907485402e-08
3.577140120967741836e+02 -2.373090163103599040e-09 3.168190154218121385e-08
3.578390120967741836e+02 -2.353814424567085024e-09 3.146837174824758759e-08
3.579640120967741836e+02 -2.334694283423629800e-09 3.125625690119439877e-08
3.580890120967741836e+02 -2.315728492780888906e-09 3.104554782319662954e-08
3.582140120967741836e+02 -2.296915815652906928e-09 3.083623539433032333e-08
3.583390120967741836e+02 -2.278255024882161934e-09 3.062831055222084786e-08
3.584640120967741836e+02 -2.259744903062301836e-09 3.042176429169349399e-08
3.585890120967741836e+02 -2.241384242461480883e-09 3.021658766442468350e-08
3.587140120967741836e+02 -2.223171844946209411e-09 3.001277177859686265e-08
3.588390120967741836e+02 -2.205106521905874440e-09 2.981030779855510317e-08
3.589640120967741836e+02 -2.187187094177848808e-09 2.960918694446419947e-08
3.590890120967741836e+02 -2.169412391973102406e-09 2.940940049196974628e-08
3.592140120967741836e+02 -2.151781254802471849e-09 2.921093977185982178e-08
3.593390120967741836e+02 -2.134292531403497176e-09 2.901379616972950299e-08
3.594640120967741836e+02 -2.116945079667754861e-09 2.881796112564632416e-08
3.595890120967741836e+02 -2.099737766568837264e-09 2.862342613381848140e-08
3.597140120967741836e+02 -2.082669468090875958e-09 2.843018274226508868e-08
3.598390120967741836e+02 -2.065739069157565077e-09 2.823822255248725445e-08
3.599640120967741836e+02 -2.048945463561798444e-09 2.804753721914229160e-08
3.600890120967741836e+02 -2.032287553895854282e-09 2.785811844971887034e-08
3.602140120967741836e+02 -2.015764251482059282e-09 2.766995800421524503e-08
3.603390120967741836e+02 -1.999374476304053207e-09 2.748304769481765620e-08
3.604640120967741836e+02 -1.983117156938594872e-09 2.729737938558181314e-08
3.605890120967741836e+02 -1.966991230487826816e-09 2.711294499211655682e-08
3.607140120967741836e+02 -1.950995642512134699e-09 2.692973648126780746e-08
3.608390120967741836e+02 -1.935129346963533208e-09 2.674774587080569170e-08
3.609640120967741836e+02 -1.919391306119500708e-09 2.656696522911304625e-08
3.610890120967741836e+02 -1.903780490517390024e-09 2.638738667487616815e-08
3.612140120967741836e+02 -1.888295878889364065e-09 2.620900237677602822e-08
3.613390120967741836e+02 -1.872936458097757866e-09 2.603180455318282639e-08
3.614640120967741836e+02 -1.857701223071013657e-09 2.585578547185198955e-08
3.615890120967741836e+02 -1.842589176740124437e-09 2.568093744962076173e-08
3.617140120967741836e+02 -1.827599329975491558e-09 2.550725285210818566e-08
3.618390120967741836e+02 -1.812730701524350995e-09 2.533472409341571969e-08
3.619640120967741836e+02 -1.797982317948683303e-09 2.516334363583038908e-08
3.620890120967741836e+02 -1.783353213563540276e-09 2.499310398952873809e-08
3.622140120967741836e+02 -1.768842430375923741e-09 2.482399771228325365e-08
3.623390120967741836e+02 -1.754449018024129856e-09 2.465601740917059889e-08
3.624640120967741836e+02 -1.740172033717514018e-09 2.448915573228066066e-08
3.625890120967741836e+02 -1.726010542176781043e-09 2.432340538042826714e-08
3.627140120967741836e+02 -1.711963615574742279e-09 2.415875909886586832e-08
3.628390120967741836e+02 -1.698030333477474533e-09 2.399520967899887998e-08
3.629640120967741836e+02 -1.684209782785999487e-09 2.383274995810121958e-08
3.630890120967741836e+02 -1.670501057678411874e-09 2.367137281903359834e-08
3.632140120967741836e+02 -1.656903259552408829e-09 2.351107118996369927e-08
3.633390120967741836e+02 -1.643415496968318442e-09 2.335183804408673900e-08
3.634640120967741836e+02 -1.630036885592578509e-09 2.319366639934870972e-08
3.635890120967741836e+02 -1.616766548141592889e-09 2.303654931817096439e-08
3.637140120967741836e+02 -1.603603614326089336e-09 2.288047990717673432e-08
3.638390120967741836e+02 -1.590547220795906233e-09 2.272545131691813641e-08
3.639640120967741836e+02 -1.577596511085157954e-09 2.257145674160609864e-08
3.640890120967741836e+02 -1.564750635557881867e-09 2.241848941884156612e-08
3.642140120967741836e+02 -1.552008751354110291e-09 2.226654262934728941e-08
3.643390120967741836e+02 -1.539370022336306826e-09 2.211560969670261386e-08
3.644640120967741836e+02 -1.526833619036281219e-09 2.196568398707883480e-08
3.645890120967741836e+02 -1.514398718602511595e-09 2.181675890897677608e-08
3.647140120967741836e+02 -1.502064504747825708e-09 2.166882791296512973e-08
3.648390120967741836e+02 -1.489830167697552221e-09 2.152188449142104218e-08
3.649640120967741836e+02 -1.477694904138064075e-09 2.137592217827216294e-08
3.650890120967741836e+02 -1.465657917165683128e-09 2.123093454873958004e-08
3.652140120967741836e+02 -1.453718416236034371e-09 2.108691521908304839e-08
3.653390120967741836e+02 -1.441875617113763892e-09 2.094385784634718761e-08
3.654640120967741836e+02 -1.430128741822685939e-09 2.080175612810971473e-08
3.655890120967741836e+02 -1.418477018596260033e-09 2.066060380223036508e-08
3.657140120967741836e+02 -1.406919681828506483e-09 2.052039464660199368e-08
3.658390120967741836e+02 -1.395455972025307367e-09 2.038112247890308273e-08
3.659640120967741836e+02 -1.384085135756036116e-09 2.024278115635114922e-08
3.660890120967741836e+02 -1.372806425605617428e-09 2.010536457545821706e-08
3.662140120967741836e+02 -1.361619100126960458e-09 1.996886667178768887e-08
3.663390120967741836e+02 -1.350522423793712125e-09 1.983328141971209452e-08
3.664640120967741836e+02 -1.339515666953438060e-09 1.969860283217295072e-08
3.665890120967741836e+02 -1.328598105781155951e-09 1.956482496044151058e-08
3.667140120967741836e+02 -1.317769022233199127e-09 1.943194189388170027e-08
3.668390120967741836e+02 -1.307027704001478432e-09 1.929994775971325751e-08
3.669640120967741836e+02 -1.296373444468103100e-09 1.916883672277721922e-08
3.670890120967741836e+02 -1.285805542660318019e-09 1.903860298530290812e-08
3.672140120967741836e+02 -1.275323303205829779e-09 1.890924078667532283e-08
3.673390120967741836e+02 -1.264926036288486948e-09 1.878074440320479132e-08
3.674640120967741836e+02 -1.254613057604264767e-09 1.865310814789770946e-08
3.675890120967741836e+02 -1.244383688317634674e-09 1.852632637022889434e-08
3.677140120967741836e+02 -1.234237255018277118e-09 1.840039345591441732e-08
3.678390120967741836e+02 -1.224173089678090293e-09 1.827530382668688548e-08
3.679640120967741836e+02 -1.214190529608578140e-09 1.815105194007173233e-08
3.680890120967741836e+02 -1.204288917418573552e-09 1.802763228916406098e-08
3.682140120967741836e+02 -1.194467600972246556e-09 1.790503940240801194e-08
3.683390120967741836e+02 -1.184725933347488650e-09 1.778326784337657426e-08
3.684640120967741836e+02 -1.175063272794620768e-09 1.766231221055330908e-08
3.685890120967741836e+02 -1.165478982695379604e-09 1.754216713711469859e-08
3.687140120967741836e+02 -1.155972431522276363e-09 1.742282729071434452e-08
3.688390120967741836e+02 -1.146542992798262816e-09 1.730428737326847027e-08
3.689640120967741836e+02 -1.137190045056680042e-09 1.718654212074215101e-08
3.690890120967741836e+02 -1.127912971801560581e-09 1.706958630293742304e-08
3.692140120967741836e+02 -1.118711161468238302e-09 1.695341472328219396e-08
3.693390120967741836e+02 -1.109584007384232065e-09 1.683802221862110160e-08
3.694640120967741836e+02 -1.100530907730473491e-09 1.672340365900656160e-08
3.695890120967741836e+02 -1.091551265502835411e-09 1.660955394749187962e-08
3.697140120967741836e+02 -1.082644488473931635e-09 1.649646801992570354e-08
3.698390120967741836e+02 -1.073809989155246136e-09 1.638414084474685625e-08
3.699640120967741836e+02 -1.065047184759563753e-09 1.627256742278117340e-08
3.700890120967741836e+02 -1.056355497163658759e-09 1.616174278703924130e-08
3.702140120967741836e+02 -1.047734352871309550e-09 1.605166200251567977e-08
3.703390120967741836e+02 -1.039183182976607804e-09 1.594232016598880904e-08
3.704640120967741836e+02 -1.030701423127517872e-09 1.583371240582240424e-08
3.705890120967741836e+02 -1.022288513489755036e-09 1.572583388176849890e-08
3.707140120967741836e+02 -1.013943898710952875e-09 1.561867978477058544e-08
3.708390120967741836e+02 -1.005667027885072785e-09 1.551224533676905568e-08
3.709640120967741836e+02 -9.974573545171284487e-10 1.540652579050708137e-08
3.710890120967741836e+02 -9.893143364881892690e-10 1.530151642933814584e-08
3.712140120967741836e+02 -9.812374360206203806e-10 1.519721256703418440e-08
3.713390120967741836e+02 -9.732261196436349196e-10 1.509360954759532621e-08
3.714640120967741836e+02 -9.652798581591134728e-10 1.499070274506080074e-08
3.715890120967741836e+02 -9.573981266076561721e-10 1.488848756332050608e-08
3.717140120967741836e+02 -9.495804042349441540e-10 1.478695943592821995e-08
3.718390120967741836e+02 -9.418261744583520684e-10 1.468611382591558166e-08
3.719640120967741836e+02 -9.341349248338012972e-10 1.458594622560769703e-08
3.720890120967741836e+02 -9.265061470229018589e-10 1.448645215643905763e-08
3.722140120967741836e+02 -9.189393367603506356e-10 1.438762716877113747e-08
3.723390120967741836e+02 -9.114339938215576952e-10 1.428946684171129841e-08
3.724640120967741836e+02 -9.039896219905561300e-10 1.419196678293198002e-08
3.725890120967741836e+02 -8.966057290281660456e-10 1.409512262849166630e-08
3.727140120967741836e+02 -8.892818266403766167e-10 1.399893004265668445e-08
3.728390120967741836e+02 -8.820174304470096934e-10 1.390338471772431731e-08
3.729640120967741836e+02 -8.748120599506136741e-10 1.380848237384640048e-08
3.730890120967741836e+02 -8.676652385056185615e-10 1.371421875885448770e-08
3.732140120967741836e+02 -8.605764932876990529e-10 1.362058964808625386e-08
3.733390120967741836e+02 -8.535453552634151515e-10 1.352759084421217081e-08
3.734640120967741836e+02 -8.465713591600826288e-10 1.343521817706393029e-08
3.735890120967741836e+02 -8.396540434358594861e-10 1.334346750346362119e-08
3.737140120967741836e+02 -8.327929502500912186e-10 1.325233470705419061e-08
3.738390120967741836e+02 -8.259876254338909999e-10 1.316181569813030363e-08
3.739640120967741836e+02 -8.192376184609254207e-10 1.307190641347094015e-08
3.740890120967741836e+02 -8.125424824184538610e-10 1.298260281617283711e-08
3.742140120967741836e+02 -8.059017739786003013e-10 1.289390089548439724e-08
3.743390120967741836e+02 -7.993150533698204508e-10 1.280579666664137791e-08
3.744640120967741836e+02 -7.927818843486224068e-10 1.271828617070303820e-08
3.745890120967741836e+02 -7.863018341715101360e-10 1.263136547438964596e-08
3.747140120967741836e+02 -7.798744735671202055e-10 1.254503066992052732e-08
3.748390120967741836e+02 -7.734993767086049111e-10 1.245927787485348621e-08
3.749640120967741836e+02 -7.671761211862333662e-10 1.237410323192518990e-08
3.750890120967741836e+02 -7.609042879801811896e-10 1.228950290889215012e-08
3.752140120967741836e+02 -7.546834614335625559e-10 1.220547309837308565e-08
3.753390120967741836e+02 -7.485132292256728671e-10 1.212201001769193002e-08
3.754640120967741836e+02 -7.423931823454156793e-10 1.203910990872225206e-08
3.755890120967741836e+02 -7.363229150649686839e-10 1.195676903773191638e-08
3.757140120967741836e+02 -7.303020249136530718e-10 1.187498369522920792e-08
3.758390120967741836e+02 -7.243301126519847746e-10 1.179375019581001525e-08
3.759640120967741836e+02 -7.184067822459567987e-10 1.171306487800531341e-08
3.760890120967741836e+02 -7.125316408415225646e-10 1.163292410413012071e-08
3.762140120967741836e+02 -7.067042987392567799e-10 1.155332426013320164e-08
3.763390120967741836e+02 -7.009243693692397543e-10 1.147426175544784189e-08
3.764640120967741836e+02 -6.951914692661406514e-10 1.139573302284302526e-08
3.765890120967741836e+02 -6.895052180444724846e-10 1.131773451827610456e-08
3.767140120967741836e+02 -6.838652383740663148e-10 1.124026272074626822e-08
3.768390120967741836e+02 -6.782711559557394226e-10 1.116331413214838242e-08
3.769640120967741836e+02 -6.727225994971311915e-10 1.108688527712843963e-08
3.770890120967741836e+02 -6.672192006887532306e-10 1.101097270293937773e-08
3.772140120967741836e+02 -6.617605941802290246e-10 1.093557297929815146e-08
3.773390120967741836e+02 -6.563464175566970566e-10 1.086068269824324395e-08
3.774640120967741836e+02 -6.509763113154235165e-10 1.078629847399339419e-08
3.775890120967741836e+02 -6.456499188426001953e-10 1.071241694280721456e-08
3.777140120967741836e+02 -6.403668863903009909e-10 1.063903476284329472e-08
3.778390120967741836e+02 -6.351268630536460363e-10 1.056614861402155792e-08
3.779640120967741836e+02 -6.299295007481430511e-10 1.049375519788518133e-08
3.780890120967741836e+02 -6.247744541871858581e-10 1.042185123746373736e-08
3.782140120967741836e+02 -6.196613808597551442e-10 1.035043347713661463e-08
3.783390120967741836e+02 -6.145899410082916897e-10 1.027949868249765473e-08
3.784640120967741836e+02 -6.095597976067255204e-10 1.020904364022078507e-08
3.785890120967741836e+02 -6.045706163386986204e-10 1.013906515792590476e-08
3.787140120967741836e+02 -5.996220655759602151e-10 1.006956006404605592e-08
3.788390120967741836e+02 -5.947138163569107402e-10 1.000052520769526508e-08
3.789640120967741836e+02 -5.898455423653387504e-10 9.931957458537340730e-09
3.790890120967741836e+02 -5.850169199093211966e-10 9.863853706655031525e-09
3.792140120967741836e+02 -5.802276279002756967e-10 9.796210862420483223e-09
3.793390120967741836e+02 -5.754773478321937532e-10 9.729025856366410243e-09
3.794640120967741836e+02 -5.707657637610406472e-10 9.662295639057632870e-09
3.795890120967741836e+02 -5.660925622842981242e-10 9.596017180963918084e-09
3.797140120967741836e+02 -5.614574325206869923e-10 9.530187472333488759e-09
3.798390120967741836e+02 -5.568600660900522608e-10 9.464803523066933209e-09
3.799640120967741836e+02 -5.523001570933856945e-10 9.399862362592398528e-09
3.800890120967741836e+02 -5.477774020930274527e-10 9.335361039741225635e-09
3.802140120967741836e+02 -5.432915000930229274e-10 9.271296622624560398e-09
3.803390120967741836e+02 -5.388421525196163773e-10 9.207666198510449485e-09
3.804640120967741836e+02 -5.344290632019184760e-10 9.144466873701935447e-09
3.805890120967741836e+02 -5.300519383527257511e-10 9.081695773415902884e-09
3.807140120967741836e+02 -5.257104865494723730e-10 9.019350041662420916e-09
3.808390120967741836e+02 -5.214044187153563741e-10 8.957426841125108052e-09
3.809640120967741836e+02 -5.171334481005992524e-10 8.895923353042059540e-09
3.810890120967741836e+02 -5.128972902638681148e-10 8.834836777087696200e-09
3.812140120967741836e+02 -5.086956630538245866e-10 8.774164331255020221e-09
3.813390120967741836e+02 -5.045282865908366753e-10 8.713903251738893365e-09
3.814640120967741836e+02 -5.003948832488363216e-10 8.654050792820014959e-09
3.815890120967741836e+02 -4.962951776373030954e-10 8.594604226749358140e-09
3.817140120967741836e+02 -4.922288965834069175e-10 8.535560843633608658e-09
3.818390120967741836e+02 -4.881957691142930560e-10 8.476917951321098318e-09
3.819640120967741836e+02 -4.841955264394897527e-10 8.418672875288754205e-09
3.820890120967741836e+02 -4.802279019334725996e-10 8.360822958529256364e-09
3.822140120967741836e+02 -4.762926311183667451e-10 8.303365561439262534e-09
3.823390120967741836e+02 -4.723894516467690407e-10 8.246298061708397203e-09
3.824640120967741836e+02 -4.685181032847235268e-10 8.189617854208488815e-09
3.825890120967741836e+02 -4.646783278948309733e-10 8.133322350883900508e-09
3.827140120967741836e+02 -4.608698694194766036e-10 8.077408980642365439e-09
3.828390120967741836e+02 -4.570924738642068141e-10 8.021875189246644316e-09
3.829640120967741836e+02 -4.533458892812365377e-10 7.966718439206500577e-09
3.830890120967741836e+02 -4.496298657530733937e-10 7.911936209671744282e-09
3.832140120967741836e+02 -4.459441553762853019e-10 7.857525996325846757e-09
3.833390120967741836e+02 -4.422885122453978102e-10 7.803485311279902662e-09
3.834640120967741836e+02 -4.386626924369039689e-10 7.749811682967685581e-09
3.835890120967741836e+02 -4.350664539934146195e-10 7.696502656041062619e-09
3.837140120967741836e+02 -4.314995569079367420e-10 7.643555791266249408e-09
3.838390120967741836e+02 -4.279617631082591799e-10 7.590968665420465467e-09
3.839640120967741836e+02 -4.244528364414781069e-10 7.538738871189448183e-09
3.840890120967741836e+02 -4.209725426586453821e-10 7.486864017065603715e-09
3.842140120967741836e+02 -4.175206493995234565e-10 7.435341727246551635e-09
3.843390120967741836e+02 -4.140969261774758845e-10 7.384169641534584437e-09
3.844640120967741836e+02 -4.107011443644776744e-10 7.333345415236528222e-09
3.845890120967741836e+02 -4.073330771762305868e-10 7.282866719064507496e-09
3.847140120967741836e+02 -4.039924996574100059e-10 7.232731239036919243e-09
3.848390120967741836e+02 -4.006791886670297890e-10 7.182936676380320204e-09
3.849640120967741836e+02 -3.973929228639075648e-10 7.133480747431999064e-09
3.850890120967741836e+02 -3.941334826922621754e-10 7.084361183542776112e-09
3.852140120967741836e+02 -3.909006503674215460e-10 7.035575730980752505e-09
3.853390120967741836e+02 -3.876942098616339525e-10 6.987122150835513654e-09
3.854640120967741836e+02 -3.845139468900032630e-10 6.938998218923067149e-09
3.855890120967741836e+02 -3.813596488965362615e-10 6.891201725691042066e-09
3.857140120967741836e+02 -3.782311050402878901e-10 6.843730476124838712e-09
3.858390120967741836e+02 -3.751281061816294302e-10 6.796582289654296180e-09
3.859640120967741836e+02 -3.720504448686247346e-10 6.749755000060645288e-09
3.860890120967741836e+02 -3.689979153235041697e-10 6.703246455384439236e-09
3.862140120967741836e+02 -3.659703134292555016e-10 6.657054517833793635e-09
3.863390120967741836e+02 -3.629674367163244852e-10 6.611177063693385059e-09
3.864640120967741836e+02 -3.599890843494059280e-10 6.565611983233773027e-09
3.865890120967741836e+02 -3.570350571143532464e-10 6.520357180621503665e-09
3.867140120967741836e+02 -3.541051574051927638e-10 6.475410573829768411e-09
3.868390120967741836e+02 -3.511991892112270866e-10 6.430770094549420889e-09
3.869640120967741836e+02 -3.483169581042548013e-10 6.386433688100763884e-09
3.870890120967741836e+02 -3.454582712258907781e-10 6.342399313345740815e-09
3.872140120967741836e+02 -3.426229372749751896e-10 6.298664942600887379e-09
3.873390120967741836e+02 -3.398107664950953364e-10 6.255228561550483381e-09
3.874640120967741836e+02 -3.370215706622058546e-10 6.212088169160503615e-09
3.875890120967741836e+02 -3.342551630723352617e-10 6.169241777593182512e-09
3.877140120967741836e+02 -3.315113585294035500e-10 6.126687412121769874e-09
3.878390120967741836e+02 -3.287899733331341834e-10 6.084423111046127012e-09
3.879640120967741836e+02 -3.260908252670532572e-10 6.042446925608721599e-09
3.880890120967741836e+02 -3.234137335865932969e-10 6.000756919911275157e-09
3.882140120967741836e+02 -3.207585190072928029e-10 5.959351170831635541e-09
3.883390120967741836e+02 -3.181250036930785652e-10 5.918227767941494805e-09
3.884640120967741836e+02 -3.155130112446513236e-10 5.877384813424547121e-09
3.885890120967741836e+02 -3.129223666879648482e-10 5.836820421994927119e-09
3.887140120967741836e+02 -3.103528964627849969e-10 5.796532720816475405e-09
3.888390120967741836e+02 -3.078044284113521718e-10 5.756519849422301862e-09
3.889640120967741836e+02 -3.052767917671266478e-10 5.716779959635027243e-09
3.890890120967741836e+02 -3.027698171436306297e-10 5.677311215487246445e-09
3.892140120967741836e+02 -3.002833365233672896e-10 5.638111793142769335e-09
3.893390120967741836e+02 -2.978171832468384960e-10 5.599179880818316521e-09
3.894640120967741836e+02 -2.953711920016499669e-10 5.560513678705459153e-09
3.895890120967741836e+02 -2.929451988116926256e-10 5.522111398893369344e-09
3.897140120967741836e+02 -2.905390410264207381e-10 5.483971265291837784e-09
3.898390120967741836e+02 -2.881525573102146282e-10 5.446091513554947301e-09
3.899640120967741836e+02 -2.857855876318188739e-10 5.408470391005001199e-09
3.900890120967741836e+02 -2.834379732538740782e-10 5.371106156557121604e-09
3.902140120967741836e+02 -2.811095567225316681e-10 5.333997080644307735e-09
3.903390120967741836e+02 -2.788001818571425199e-10 5.297141445142803527e-09
3.904640120967741836e+02 -2.765096937400365217e-10 5.260537543298126178e-09
3.905890120967741836e+02 -2.742379387063839250e-10 5.224183679651410685e-09
3.907140120967741836e+02 -2.719847643341278318e-10 5.188078169966419417e-09
3.908390120967741836e+02 -2.697500194340063294e-10 5.152219341156710525e-09
3.909640120967741836e+02 -2.675335540396540844e-10 5.116605531213486280e-09
3.910890120967741836e+02 -2.653352193977733700e-10 5.081235089133944347e-09
3.912140120967741836e+02 -2.631548679583929795e-10 5.046106374849821785e-09
3.913390120967741836e+02 -2.609923533652045343e-10 5.011217759156609893e-09
3.914640120967741836e+02 -2.588475304459660510e-10 4.976567623643141291e-09
3.915890120967741836e+02 -2.567202552029926734e-10 4.942154360621702252e-09
3.917140120967741836e+02 -2.546103848037212814e-10 4.907976373058346049e-09
3.918390120967741836e+02 -2.525177775713424123e-10 4.874032074503920979e-09
3.919640120967741836e+02 -2.504422929755160376e-10 4.840319889025471447e-09
3.920890120967741836e+02 -2.483837916231601305e-10 4.806838251137857428e-09
3.922140120967741836e+02 -2.463421352493050996e-10 4.773585605736085300e-09
3.923390120967741836e+02 -2.443171867080293362e-10 4.740560408027984444e-09
3.924640120967741836e+02 -2.423088099634665724e-10 4.707761123467136130e-09
3.925890120967741836e+02 -2.403168700808775517e-10 4.675186227686474076e-09
3.927140120967741836e+02 -2.383412332178000758e-10 4.642834206432140601e-09
3.928390120967741836e+02 -2.363817666152704981e-10 4.610703555497873008e-09
3.929640120967741836e+02 -2.344383385891067915e-10 4.578792780659653834e-09
3.930890120967741836e+02 -2.325108185212686724e-10 4.547100397610912829e-09
3.932140120967741836e+02 -2.305990768512878547e-10 4.515624931898135079e-09
3.933390120967741836e+02 -2.287029850677573433e-10 4.484364918856728041e-09
3.934640120967741836e+02 -2.268224156998977595e-10 4.453318903547475875e-09
3.935890120967741836e+02 -2.249572423091899174e-10 4.422485440693256815e-09
3.937140120967741836e+02 -2.231073394810668291e-10 4.391863094616325512e-09
3.938390120967741836e+02 -2.212725828166801038e-10 4.361450439175750052e-09
3.939640120967741836e+02 -2.194528489247314099e-10 4.331246057705435448e-09
3.940890120967741836e+02 -2.176480154133616851e-10 4.301248542952567347e-09
3.942140120967741836e+02 -2.158579608821129565e-10 4.271456497016229429e-09
3.943390120967741836e+02 -2.140825649139540875e-10 4.241868531286608947e-09
3.944640120967741836e+02 -2.123217080673623842e-10 4.212483266384510799e-09
3.945890120967741836e+02 -2.105752718684767017e-10 4.183299332101329026e-09
3.947140120967741836e+02 -2.088431388033121236e-10 4.154315367339206918e-09
3.948390120967741836e+02 -2.071251923100306054e-10 4.125530020051782754e-09
3.949640120967741836e+02 -2.054213167712795758e-10 4.096941947185283791e-09
3.950890120967741836e+02 -2.037313975065921378e-10 4.068549814619812157e-09
3.952140120967741836e+02 -2.020553207648413196e-10 4.040352297111235410e-09
3.953390120967741836e+02 -2.003929737167606307e-10 4.012348078233294653e-09
3.954640120967741836e+02 -1.987442444475254660e-10 3.984535850320189926e-09
3.955890120967741836e+02 -1.971090219493856933e-10 3.956914314409381491e-09
3.957140120967741836e+02 -1.954871961143651112e-10 3.929482180184889087e-09
3.958390120967741836e+02 -1.938786577270182949e-10 3.902238165920940246e-09
3.959640120967741836e+02 -1.922832984572391906e-10 3.875180998425865947e-09
3.960890120967741836e+02 -1.907010108531334296e-10 3.848309412986472714e-09
3.962140120967741836e+02 -1.891316883339479504e-10 3.821622153312686037e-09
3.963390120967741836e+02 -1.875752251830503292e-10 3.795117971482671075e-09
3.964640120967741836e+02 -1.860315165409714668e-10 3.768795627888093152e-09
3.965890120967741836e+02 -1.845004583984996906e-10 3.742653891179905992e-09
3.967140120967741836e+02 -1.829819475898341806e-10 3.716691538214461319e-09
3.968390120967741836e+02 -1.814758817857863720e-10 3.690907353999842201e-09
3.969640120967741836e+02 -1.799821594870414833e-10 3.665300131642680307e-09
3.970890120967741836e+02 -1.785006800174743543e-10 3.639868672295205999e-09
3.972140120967741836e+02 -1.770313435175125881e-10 3.614611785102767039e-09
3.973390120967741836e+02 -1.755740509375582940e-10 3.589528287151487077e-09
3.974640120967741836e+02 -1.741287040314633386e-10 3.564617003416404322e-09
3.975890120967741836e+02 -1.726952053500499622e-10 3.539876766709968798e-09
3.977140120967741836e+02 -1.712734582346894020e-10 3.515306417630697999e-09
3.978390120967741836e+02 -1.698633668109323166e-10 3.490904804512311488e-09
3.979640120967741836e+02 -1.684648359821837242e-10 3.466670783373131844e-09
3.980890120967741836e+02 -1.670777714234345495e-10 3.442603217865869010e-09
3.982140120967741836e+02 -1.657020795750434751e-10 3.418700979227567592e-09
3.983390120967741836e+02 -1.643376676365625034e-10 3.394962946230046334e-09
3.984640120967741836e+02 -1.629844435606181203e-10 3.371388005130620486e-09
3.985890120967741836e+02 -1.616423160468406947e-10 3.347975049623002020e-09
3.987140120967741836e+02 -1.603111945358375368e-10 3.324722980788698217e-09
3.988390120967741836e+02 -1.589909892032194394e-10 3.301630707048593892e-09
3.989640120967741836e+02 -1.576816109536747818e-10 3.278697144114935625e-09
3.990890120967741836e+02 -1.563829714150863107e-10 3.255921214943507076e-09
3.992140120967741836e+02 -1.550949829326996726e-10 3.233301849686205893e-09
3.993390120967741836e+02 -1.538175585633390430e-10 3.210837985643928744e-09
3.994640120967741836e+02 -1.525506120696637524e-10 3.188528567219656112e-09
3.995890120967741836e+02 -1.512940579144758886e-10 3.166372545871946139e-09
3.997140120967741836e+02 -1.500478112550737802e-10 3.144368880068651384e-09
3.998390120967741836e+02 -1.488117879376455220e-10 3.122516535241029325e-09
3.999640120967741836e+02 -1.475859044917120529e-10 3.100814483737991002e-09
4.000890120967741836e+02 -1.463700781246154450e-10 3.079261704780762830e-09
4.002140120967741836e+02 -1.451642267160457851e-10 3.057857184417865231e-09
4.003390120967741836e+02 -1.439682688126170672e-10 3.036599915480228982e-09
4.004640120967741836e+02 -1.427821236224865381e-10 3.015488897536735087e-09
4.005890120967741836e+02 -1.416057110100120926e-10 2.994523136849987084e-09
4.007140120967741836e+02 -1.404389514904578003e-10 2.973701646332415878e-09
4.008390120967741836e+02 -1.392817662247411284e-10 2.953023445502538843e-09
4.009640120967741836e+02 -1.381340770142180845e-10 2.932487560441637479e-09
4.010890120967741836e+02 -1.369958062955146046e-10 2.912093023750690668e-09
4.012140120967741836e+02 -1.358668771353994030e-10 2.891838874507468815e-09
4.013390120967741836e+02 -1.347472132256933482e-10 2.871724158224050264e-09
4.014640120967741836e+02 -1.336367388782241518e-10 2.851747926804515559e-09
4.015890120967741836e+02 -1.325353790198213834e-10 2.831909238502985403e-09
4.017140120967741836e+02 -1.314430591873474670e-10 2.812207157881826110e-09
4.018390120967741836e+02 -1.303597055227726223e-10 2.792640755770214894e-09
4.019640120967741836e+02 -1.292852447682893544e-10 2.773209109222965709e-09
4.020890120967741836e+02 -1.282196042614618931e-10 2.753911301479536247e-09
4.022140120967741836e+02 -1.271627119304187998e-10 2.734746421923395999e-09
4.023390120967741836e+02 -1.261144962890839613e-10 2.715713566041580432e-09
4.024640120967741836e+02 -1.250748864324417820e-10 2.696811835384604990e-09
4.025890120967741836e+02 -1.240438120318445107e-10 2.678040337526485798e-09
4.027140120967741836e+02 -1.230212033303570490e-10 2.659398186025135913e-09
4.028390120967741836e+02 -1.220069911381352093e-10 2.640884500383021714e-09
4.029640120967741836e+02 -1.210011068278450721e-10 2.622498406007967366e-09
4.030890120967741836e+02 -1.200034823301188962e-10 2.604239034174302974e-09
4.032140120967741836e+02 -1.190140501290437522e-10 2.586105521984232762e-09
4.033390120967741836e+02 -1.180327432576899916e-10 2.568097012329493190e-09
4.034640120967741836e+02 -1.170594952936760591e-10 2.550212653853140514e-09
4.035890120967741836e+02 -1.160942403547645701e-10 2.532451600911711410e-09
4.037140120967741836e+02 -1.151369130944978217e-10 2.514813013537606109e-09
4.038390120967741836e+02 -1.141874486978682127e-10 2.497296057401609259e-09
4.039640120967741836e+02 -1.132457828770197224e-10 2.479899903775786320e-09
4.040890120967741836e+02 -1.123118518669874001e-10 2.462623729496536304e-09
4.042140120967741836e+02 -1.113855924214716098e-10 2.445466716927938579e-09
4.043390120967741836e+02 -1.104669418086419110e-10 2.428428053925255169e-09
4.044640120967741836e+02 -1.095558378069789379e-10 2.411506933798739130e-09
4.045890120967741836e+02 -1.086522187011473243e-10 2.394702555277691894e-09
4.047140120967741836e+02 -1.077560232779038860e-10 2.378014122474642212e-09
4.048390120967741836e+02 -1.068671908220352341e-10 2.361440844849871274e-09
4.049640120967741836e+02 -1.059856611123308396e-10 2.344981937176148760e-09
4.050890120967741836e+02 -1.051113744175890179e-10 2.328636619503604130e-09
4.052140120967741836e+02 -1.042442714926512698e-10 2.312404117124942855e-09
4.053390120967741836e+02 -1.033842935744716872e-10 2.296283660540810295e-09
4.054640120967741836e+02 -1.025313823782186707e-10 2.280274485425439305e-09
4.055890120967741836e+02 -1.016854800934037240e-10 2.264375832592432663e-09
4.057140120967741836e+02 -1.008465293800450942e-10 2.248586947960847431e-09
4.058390120967741836e+02 -1.000144733648624948e-10 2.232907082521489404e-09
4.059640120967741836e+02 -9.918925563749836430e-11 2.217335492303357710e-09
4.060890120967741836e+02 -9.837082024677369715e-11 2.201871438340389250e-09
4.062140120967741836e+02 -9.755911169697320202e-11 2.186514186638352448e-09
4.063390120967741836e+02 -9.675407494415743305e-11 2.171263008142037547e-09
4.064640120967741836e+02 -9.595565539250765980e-11 2.156117178702543682e-09
4.065890120967741836e+02 -9.516379889070029579e-11 2.141075979044857539e-09
4.067140120967741836e+02 -9.437845172830694387e-11 2.126138694735668168e-09
4.068390120967741836e+02 -9.359956063222692134e-11 2.111304616151281062e-09
4.069640120967741836e+02 -9.282707276314825815e-11 2.096573038445835810e-09
4.070890120967741836e+02 -9.206093571203395002e-11 2.081943261519690838e-09
4.072140120967741836e+02 -9.130109749663985115e-11 2.067414589988049281e-09
4.073390120967741836e+02 -9.054750655806018702e-11 2.052986333149698579e-09
4.074640120967741836e+02 -8.980011175729808948e-11 2.038657804956050356e-09
4.075890120967741836e+02 -8.905886237186672445e-11 2.024428323980362264e-09
4.077140120967741836e+02 -8.832370809241744535e-11 2.010297213387080604e-09
4.078390120967741836e+02 -8.759459901939250327e-11 1.996263800901485691e-09
4.079640120967741836e+02 -8.687148565970727726e-11 1.982327418779466678e-09
4.080890120967741836e+02 -8.615431892345950431e-11 1.968487403777539151e-09
4.082140120967741836e+02 -8.544305012066178665e-11 1.954743097122994247e-09
4.083390120967741836e+02 -8.473763095800352862e-11 1.941093844484295105e-09
4.084640120967741836e+02 -8.403801353563864542e-11 1.927538995941672247e-09
4.085890120967741836e+02 -8.334415034399651037e-11 1.914077905957840558e-09
4.087140120967741836e+02 -8.265599426062132371e-11 1.900709933348983857e-09
4.088390120967741836e+02 -8.197349854703683952e-11 1.887434441255871819e-09
4.089640120967741836e+02 -8.129661684563362050e-11 1.874250797115229185e-09
4.090890120967741836e+02 -8.062530317658408075e-11 1.861158372631196791e-09
4.092140120967741836e+02 -7.995951193478221485e-11 1.848156543747048196e-09
4.093390120967741836e+02 -7.929919788680558308e-11 1.835244690617105656e-09
4.094640120967741836e+02 -7.864431616790418024e-11 1.822422197578752265e-09
4.095890120967741836e+02 -7.799482227901346050e-11 1.809688453124702997e-09
4.097140120967741836e+02 -7.735067208378907594e-11 1.797042849875426712e-09
4.098390120967741836e+02 -7.671182180566787791e-11 1.784484784551775992e-09
4.099640120967741836e+02 -7.607822802495250610e-11 1.772013657947720370e-09
4.100890120967741836e+02 -7.544984767591727739e-11 1.759628874903336817e-09
4.102140120967741836e+02 -7.482663804393938135e-11 1.747329844277965661e-09
4.103390120967741836e+02 -7.420855676265370206e-11 1.735115978923468048e-09
4.104640120967741836e+02 -7.359556181112763438e-11 1.722986695657750990e-09
4.105890120967741836e+02 -7.298761151106133612e-11 1.710941415238403879e-09
4.107140120967741836e+02 -7.238466452401057249e-11 1.698979562336550481e-09
4.108390120967741836e+02 -7.178667984862934833e-11 1.687100565510809081e-09
4.109640120967741836e+02 -7.119361681793729111e-11 1.675303857181481557e-09
4.110890120967741836e+02 -7.060543509660896712e-11 1.663588873604901264e-09
4.112140120967741836e+02 -7.002209467828263641e-11 1.651955054847902316e-09
4.113390120967741836e+02 -6.944355588289321574e-11 1.640401844762510542e-09
4.114640120967741836e+02 -6.886977935402650260e-11 1.628928690960760185e-09
4.115890120967741836e+02 -6.830072605629261824e-11 1.617535044789723587e-09
4.117140120967741836e+02 -6.773635727272274109e-11 1.606220361306627537e-09
4.118390120967741836e+02 -6.717663460218681686e-11 1.594984099254188804e-09
4.119640120967741836e+02 -6.662151995683007416e-11 1.583825721036126704e-09
4.120890120967741836e+02 -6.607097555953205487e-11 1.572744692692758370e-09
4.122140120967741836e+02 -6.552496394138655675e-11 1.561740483876823161e-09
4.123390120967741836e+02 -6.498344793919921816e-11 1.550812567829435076e-09
4.124640120967741836e+02 -6.444639069300812178e-11 1.539960421356219415e-09
4.125890120967741836e+02 -6.391375564362262205e-11 1.529183524803545611e-09
4.127140120967741836e+02 -6.338550653018376985e-11 1.518481362034967055e-09
4.128390120967741836e+02 -6.286160738774169433e-11 1.507853420407828635e-09
4.129640120967741836e+02 -6.234202254485482755e-11 1.497299190749954720e-09
4.130890120967741836e+02 -6.182671662120858070e-11 1.486818167336555724e-09
4.132140120967741836e+02 -6.131565452525082247e-11 1.476409847867256886e-09
4.133390120967741836e+02 -6.080880145184889001e-11 1.466073733443304482e-09
4.134640120967741836e+02 -6.030612287996517259e-11 1.455809328544857651e-09
4.135890120967741836e+02 -5.980758457034952326e-11 1.445616141008496729e-09
4.137140120967741836e+02 -5.931315256325244055e-11 1.435493682004865389e-09
4.138390120967741836e+02 -5.882279317615637046e-11 1.425441466016405832e-09
4.139640120967741836e+02 -5.833647300152372024e-11 1.415459010815309046e-09
4.140890120967741836e+02 -5.785415890456473735e-11 1.405545837441564330e-09
4.142140120967741836e+02 -5.737581802102340538e-11 1.395701470181186450e-09
4.143390120967741836e+02 -5.690141775497946372e-11 1.385925436544536686e-09
4.144640120967741836e+02 -5.643092577666978173e-11 1.376217267244828747e-09
4.145890120967741836e+02 -5.596431002032772431e-11 1.366576496176774694e-09
4.147140120967741836e+02 -5.550153868203760686e-11 1.357002660395328255e-09
4.148390120967741836e+02 -5.504258021760870546e-11 1.347495300094615918e-09
4.149640120967741836e+02 -5.458740334046621771e-11 1.338053958586969140e-09
4.150890120967741836e+02 -5.413597701955748117e-11 1.328678182282141850e-09
4.152140120967741836e+02 -5.368827047727687448e-11 1.319367520666592472e-09
4.153390120967741836e+02 -5.324425318740759171e-11 1.310121526282954949e-09
4.154640120967741836e+02 -5.280389487307804733e-11 1.300939754709654954e-09
4.155890120967741836e+02 -5.236716550473674429e-11 1.291821764540596808e-09
4.157140120967741836e+02 -5.193403529814337537e-11 1.282767117365042524e-09
4.158390120967741836e+02 -5.150447471237436795e-11 1.273775377747594032e-09
4.159640120967741836e+02 -5.107845444784643938e-11 1.264846113208335265e-09
4.160890120967741836e+02 -5.065594544435595266e-11 1.255978894203047440e-09
4.162140120967741836e+02 -5.023691887913245068e-11 1.247173294103609849e-09
4.163390120967741836e+02 -4.982134616490961283e-11 1.238428889178524091e-09
4.164640120967741836e+02 -4.940919894801172775e-11 1.229745258573515656e-09
4.165890120967741836e+02 -4.900044910645413769e-11 1.221121984292323277e-09
4.167140120967741836e+02 -4.859506874806043326e-11 1.212558651177577610e-09
4.168390120967741836e+02 -4.819303020859505441e-11 1.204054846891833992e-09
4.169640120967741836e+02 -4.779430604990921681e-11 1.195610161898684590e-09
4.170890120967741836e+02 -4.739886905810351104e-11 1.187224189444037448e-09
4.172140120967741836e+02 -4.700669224170537814e-11 1.178896525537513813e-09
4.173390120967741836e+02 -4.661774882985960035e-11 1.170626768933932112e-09
4.174640120967741836e+02 -4.623201227053509627e-11 1.162414521114950331e-09
4.175890120967741836e+02 -4.584945622874617886e-11 1.154259386270829167e-09
4.177140120967741836e+02 -4.547005458478657650e-11 1.146160971282276029e-09
4.178390120967741836e+02 -4.509378143247939027e-11 1.138118885702454278e-09
4.179640120967741836e+02 -4.472061107744109383e-11 1.130132741739076834e-09
4.180890120967741836e+02 -4.435051803535805095e-11 1.122202154236655703e-09
4.182140120967741836e+02 -4.398347703027858140e-11 1.114326740658812933e-09
4.183390120967741836e+02 -4.361946299291866240e-11 1.106506121070750997e-09
4.184640120967741836e+02 -4.325845105897994737e-11 1.098739918121843745e-09
4.185890120967741836e+02 -4.290041656748291936e-11 1.091027757028294769e-09
4.187140120967741836e+02 -4.254533505911333771e-11 1.083369265555954383e-09
4.188390120967741836e+02 -4.219318227458081436e-11 1.075764074003230479e-09
4.189640120967741836e+02 -4.184393415299189832e-11 1.068211815184131123e-09
4.190890120967741836e+02 -4.149756683023647236e-11 1.060712124411373319e-09
4.192140120967741836e+02 -4.115405663738573044e-11 1.053264639479651211e-09
4.193390120967741836e+02 -4.081338009910449497e-11 1.045869000649006653e-09
4.194640120967741836e+02 -4.047551393207640706e-11 1.038524850628269052e-09
4.195890120967741836e+02 -4.014043504344044535e-11 1.031231834558656720e-09
4.197140120967741836e+02 -3.980812052924144868e-11 1.023989599997450809e-09
4.198390120967741836e+02 -3.947854767289328560e-11 1.016797796901804907e-09
4.199640120967741836e+02 -3.915169394365295815e-11 1.009656077612622250e-09
4.200890120967741836e+02 -3.882753699510860624e-11 1.002564096838573564e-09
4.202140120967741836e+02 -3.850605466367886622e-11 9.955215116402226371e-10
4.203390120967741836e+02 -3.818722496712521893e-11 9.885279814142124899e-10
4.204640120967741836e+02 -3.787102610307501990e-11 9.815831678776085000e-10
4.205890120967741836e+02 -3.755743644755759650e-11 9.746867350523114243e-10
4.207140120967741836e+02 -3.724643455355239727e-11 9.678383492495961526e-10
4.208390120967741836e+02 -3.693799914954741007e-11 9.610376790547224258e-10
4.209640120967741836e+02 -3.663210913811073738e-11 9.542843953116706656e-10
4.210890120967741836e+02 -3.632874359447350032e-11 9.475781711079857504e-10
4.212140120967741836e+02 -3.602788176512317266e-11 9.409186817596855189e-10
4.213390120967741836e+02 -3.572950306640941322e-11 9.343056047963038973e-10
4.214640120967741836e+02 -3.543358708316121374e-11 9.277386199460108500e-10
4.215890120967741836e+02 -3.514011356731402459e-11 9.212174091208559953e-10
4.217140120967741836e+02 -3.484906243654923014e-11 9.147416564020706391e-10
4.218390120967741836e+02 -3.456041377294460351e-11 9.083110480254948175e-10
4.219640120967741836e+02 -3.427414782163452609e-11 9.019252723671124929e-10
4.220890120967741836e+02 -3.399024498948221396e-11 8.955840199286368976e-10
4.222140120967741836e+02 -3.370868584376273653e-11 8.892869833232331895e-10
4.223390120967741836e+02 -3.342945111085543785e-11 8.830338572613160718e-10
4.224640120967741836e+02 -3.315252167494826157e-11 8.768243385364583569e-10
4.225890120967741836e+02 -3.287787857675242215e-11 8.706581260113562969e-10
4.227140120967741836e+02 -3.260550301222644644e-11 8.645349206039255046e-10
4.228390120967741836e+02 -3.233537633131162778e-11 8.584544252734834180e-10
4.229640120967741836e+02 -3.206748003667769706e-11 8.524163450069910124e-10
4.230890120967741836e+02 -3.180179578247768976e-11 8.464203868054255165e-10
4.232140120967741836e+02 -3.153830537311380535e-11 8.404662596702178560e-10
4.233390120967741836e+02 -3.127699076201337388e-11 8.345536745898012488e-10
4.234640120967741836e+02 -3.101783405041370828e-11 8.286823445262164630e-10
4.235890120967741836e+02 -3.076081748615770352e-11 8.228519844018340168e-10
4.237140120967741836e+02 -3.050592346249942012e-11 8.170623110861644738e-10
4.238390120967741836e+02 -3.025313451691807519e-11 8.113130433827279842e-10
4.239640120967741836e+02 -3.000243332994286432e-11 8.056039020160423206e-10
4.240890120967741836e+02 -2.975380272398717334e-11 7.999346096186740893e-10
4.242140120967741836e+02 -2.950722566219135257e-11 7.943048907184037820e-10
4.243390120967741836e+02 -2.926268524727570819e-11 7.887144717254343587e-10
4.244640120967741836e+02 -2.902016472040296728e-11 7.831630809197164619e-10
4.245890120967741836e+02 -2.877964746004887584e-11 7.776504484383626574e-10
4.247140120967741836e+02 -2.854111698088294904e-11 7.721763062631080999e-10
4.248390120967741836e+02 -2.830455693265830120e-11 7.667403882078891749e-10
4.249640120967741836e+02 -2.806995109910948574e-11 7.613424299064900736e-10
4.250890120967741836e+02 -2.783728339686032274e-11 7.559821688002844933e-10
4.252140120967741836e+02 -2.760653787434045393e-11 7.506593441260252105e-10
4.253390120967741836e+02 -2.737769871070982366e-11 7.453736969037525617e-10
4.254640120967741836e+02 -2.715075021479281150e-11 7.401249699247729240e-10
4.255890120967741836e+02 -2.692567682402093382e-11 7.349129077396922036e-10
4.257140120967741836e+02 -2.670246310338334225e-11 7.297372566465634747e-10
4.258390120967741836e+02 -2.648109374438660206e-11 7.245977646790891095e-10
4.259640120967741836e+02 -2.626155356402298466e-11 7.194941815949220661e-10
4.260890120967741836e+02 -2.604382750374626291e-11 7.144262588640153595e-10
4.262140120967741836e+02 -2.582790062845655372e-11 7.093937496570746208e-10
4.263390120967741836e+02 -2.561375812549361340e-11 7.043964088340852050e-10
4.264640120967741836e+02 -2.540138530363725127e-11 6.994339929328944104e-10
4.265890120967741836e+02 -2.519076759211680027e-11 6.945062601578939936e-10
4.267140120967741836e+02 -2.498189053962859441e-11 6.896129703687599662e-10
4.268390120967741836e+02 -2.477473981336060651e-11 6.847538850692897930e-10
4.269640120967741836e+02 -2.456930119802577778e-11 6.799287673962795006e-10
4.270890120967741836e+02 -2.436556059490325736e-11 6.751373821085007723e-10
4.272140120967741836e+02 -2.416350402088659205e-11 6.703794955757570382e-10
4.273390120967741836e+02 -2.396311760754038178e-11 6.656548757679787531e-10
4.274640120967741836e+02 -2.376438760016469306e-11 6.609632922444245540e-10
4.275890120967741836e+02 -2.356730035686619661e-11 6.563045161429361837e-10
4.277140120967741836e+02 -2.337184234763765421e-11 6.516783201692813022e-10
4.278390120967741836e+02 -2.317800015344492460e-11 6.470844785865378651e-10
4.279640120967741836e+02 -2.298576046532051894e-11 6.425227672045773487e-10
4.280890120967741836e+02 -2.279511008346543771e-11 6.379929633696148742e-10
4.282140120967741836e+02 -2.260603591635774474e-11 6.334948459538061703e-10
4.283390120967741836e+02 -2.241852497986894758e-11 6.290281953449370779e-10
4.284640120967741836e+02 -2.223256439638664330e-11 6.245927934361731270e-10
4.285890120967741836e+02 -2.204814139394509668e-11 6.201884236158846989e-10
4.287140120967741836e+02 -2.186524330536281399e-11 6.158148707575179923e-10
4.288390120967741836e+02 -2.168385756738644655e-11 6.114719212095576004e-10
4.289640120967741836e+02 -2.150397171984236196e-11 6.071593627855537114e-10
4.290890120967741836e+02 -2.132557340479508798e-11 6.028769847541920117e-10
4.292140120967741836e+02 -2.114865036571185686e-11 5.986245778294591289e-10
4.293390120967741836e+02 -2.097319044663471067e-11 5.944019341608539835e-10
4.294640120967741836e+02 -2.079918159135928864e-11 5.902088473236807206e-10
4.295890120967741836e+02 -2.062661184261955344e-11 5.860451123093834149e-10
4.297140120967741836e+02 -2.045546934127990712e-11 5.819105255159649411e-10
4.298390120967741836e+02 -2.028574232553385995e-11 5.778048847384693300e-10
4.299640120967741836e+02 -2.011741913010844736e-11 5.737279891595090000e-10
4.300890120967741836e+02 -1.995048818547588168e-11 5.696796393398733619e-10
4.302140120967741836e+02 -1.978493801707154974e-11 5.656596372092005994e-10
4.303390120967741836e+02 -1.962075724451774268e-11 5.616677860566918434e-10
4.304640120967741836e+02 -1.945793458085431978e-11 5.577038905219107518e-10
4.305890120967741836e+02 -1.929645883177566347e-11 5.537677565856263103e-10
4.307140120967741836e+02 -1.913631889487311756e-11 5.498591915607375235e-10
4.308390120967741836e+02 -1.897750375888429824e-11 5.459780040832298495e-10
4.309640120967741836e+02 -1.882000250294848288e-11 5.421240041032135246e-10
4.310890120967741836e+02 -1.866380429586740784e-11 5.382970028760254788e-10
4.312140120967741836e+02 -1.850889839537269663e-11 5.344968129533655778e-10
4.313390120967741836e+02 -1.835527414739928839e-11 5.307232481745154811e-10
4.314640120967741836e+02 -1.820292098536406528e-11 5.269761236576058891e-10
4.315890120967741836e+02 -1.805182842945110061e-11 5.232552557909522395e-10
4.317140120967741836e+02 -1.790198608590254854e-11 5.195604622244250430e-10
4.318390120967741836e+02 -1.775338364631483617e-11 5.158915618609023149e-10
4.319640120967741836e+02 -1.760601088694110472e-11 5.122483748477751546e-10
4.320890120967741836e+02 -1.745985766799932789e-11 5.086307225684898237e-10
4.322140120967741836e+02 -1.731491393298549664e-11 5.050384276341729558e-10
4.323390120967741836e+02 -1.717116970799295948e-11 5.014713138752948168e-10
4.324640120967741836e+02 -1.702861510103728791e-11 4.979292063334014275e-10
4.325890120967741836e+02 -1.688724030138605342e-11 4.944119312528848412e-10
4.327140120967741836e+02 -1.674703557889467568e-11 4.909193160728227990e-10
4.328390120967741836e+02 -1.660799128334759910e-11 4.874511894188745321e-10
4.329640120967741836e+02 -1.647009784380431931e-11 4.840073810952137857e-10
4.330890120967741836e+02 -1.633334576795128063e-11 4.805877220765331880e-10
4.332140120967741836e+02 -1.619772564145904372e-11 4.771920445000916326e-10
4.333390120967741836e+02 -1.606322812734408338e-11 4.738201816578280415e-10
4.334640120967741836e+02 -1.592984396533642834e-11 4.704719679885050107e-10
4.335890120967741836e+02 -1.579756397125234500e-11 4.671472390699248338e-10
4.337140120967741836e+02 -1.566637903637164485e-11 4.638458316111974314e-10
4.338390120967741836e+02 -1.553628012682058513e-11 4.605675834450422977e-10
4.339640120967741836e+02 -1.540725828295978106e-11 4.573123335201599829e-10
4.340890120967741836e+02 -1.527930461877655114e-11 4.540799218936458643e-10
4.342140120967741836e+02 -1.515241032128279113e-11 4.508701897234636300e-10
4.343390120967741836e+02 -1.502656664991770113e-11 4.476829792609506092e-10
4.344640120967741836e+02 -1.490176493595484896e-11 4.445181338433916546e-10
4.345890120967741836e+02 -1.477799658191463607e-11 4.413754978866417254e-10
4.347140120967741836e+02 -1.465525306098144860e-11 4.382549168777798513e-10
4.348390120967741836e+02 -1.453352591642516571e-11 4.351562373678336656e-10
4.349640120967741836e+02 -1.441280676102776675e-11 4.320793069645398686e-10
4.350890120967741836e+02 -1.429308727651466714e-11 4.290239743251624389e-10
4.352140120967741836e+02 -1.417435921299019513e-11 4.259900891493454824e-10
4.353390120967741836e+02 -1.405661438837813010e-11 4.229775021720258457e-10
4.354640120967741836e+02 -1.393984468786679844e-11 4.199860651563941194e-10
4.355890120967741836e+02 -1.382404206335821494e-11 4.170156308868890383e-10
4.357140120967741836e+02 -1.370919853292220008e-11 4.140660531622542826e-10
4.358390120967741836e+02 -1.359530618025490957e-11 4.111371867886310547e-10
4.359640120967741836e+02 -1.348235715414133334e-11 4.082288875727099540e-10
4.360890120967741836e+02 -1.337034366792266717e-11 4.053410123149085466e-10
4.362140120967741836e+02 -1.325925799896774751e-11 4.024734188026119035e-10
4.363390120967741836e+02 -1.314909248814905838e-11 3.996259658034571350e-10
4.364640120967741836e+02 -1.303983953932253177e-11 3.967985130586499782e-10
4.365890120967741836e+02 -1.293149161881201208e-11 3.939909212763410963e-10
4.367140120967741836e+02 -1.282404125489792772e-11 3.912030521250359828e-10
4.368390120967741836e+02 -1.271748103730971558e-11 3.884347682270623538e-10
4.369640120967741836e+02 -1.261180361672276925e-11 3.856859331520621496e-10
4.370890120967741836e+02 -1.250700170425952142e-11 3.829564114105415424e-10
4.372140120967741836e+02 -1.240306807099414855e-11 3.802460684474674726e-10
4.373390120967741836e+02 -1.229999554746173768e-11 3.775547706358890002e-10
4.374640120967741836e+02 -1.219777702317145026e-11 3.748823852706195585e-10
4.375890120967741836e+02 -1.209640544612325645e-11 3.722287805619518800e-10
4.377140120967741836e+02 -1.199587382232898457e-11 3.695938256294242087e-10
4.378390120967741836e+02 -1.189617521533730621e-11 3.669773904956119990e-10
4.379640120967741836e+02 -1.179730274576216571e-11 3.643793460799775182e-10
4.380890120967741836e+02 -1.169924959081547643e-11 3.617995641927586873e-10
4.382140120967741836e+02 -1.160200898384360883e-11 3.592379175288855298e-10
4.383390120967741836e+02 -1.150557421386725991e-11 3.566942796619536436e-10
4.384640120967741836e+02 -1.140993862512548605e-11 3.541685250382287966e-10
4.385890120967741836e+02 -1.131509561662343074e-11 3.516605289706994456e-10
4.387140120967741836e+02 -1.122103864168335613e-11 3.491701676331565535e-10
4.388390120967741836e+02 -1.112776120749974260e-11 3.466973180543253114e-10
4.389640120967741836e+02 -1.103525687469798314e-11 3.442418581120356863e-10
4.390890120967741836e+02 -1.094351925689631844e-11 3.418036665274206804e-10
4.392140120967741836e+02 -1.085254202027171089e-11 3.393826228591665980e-10
4.393390120967741836e+02 -1.076231888312925831e-11 3.369786074977941774e-10
4.394640120967741836e+02 -1.067284361547475641e-11 3.345915016599865103e-10
4.395890120967741836e+02 -1.058411003859111448e-11 3.322211873829416210e-10
4.397140120967741836e+02 -1.049611202461821066e-11 3.298675475187733843e-10
4.398390120967741836e+02 -1.040884349613582810e-11 3.275304657289540093e-10
4.399640120967741836e+02 -1.032229842575034576e-11 3.252098264787776158e-10
4.400890120967741836e+02 -1.023647083568479615e-11 3.229055150318768544e-10
4.402140120967741836e+02 -1.015135479737192633e-11 3.206174174447684257e-10
4.403390120967741836e+02 -1.006694443105092639e-11 3.183454205614425953e-10
4.404640120967741836e+02 -9.983233905367418174e-12 3.160894120079753012e-10
4.405890120967741836e+02 -9.900217436976410153e-12 3.138492801871904089e-10
4.407140120967741836e+02 -9.817889290148805063e-12 3.116249142733563465e-10
4.408390120967741836e+02 -9.736243776381112813e-12 3.094162042069058488e-10
4.409640120967741836e+02 -9.655275254008035921e-12 3.072230406892077623e-10
4.410890120967741836e+02 -9.574978127818533309e-12 3.050453151773625282e-10
4.412140120967741836e+02 -9.495346848675010265e-12 3.028829198790417127e-10
4.413390120967741836e+02 -9.416375913135304975e-12 3.007357477473510602e-10
4.414640120967741836e+02 -9.338059863078075875e-12 2.986036924757375944e-10
4.415890120967741836e+02 -9.260393285331242460e-12 2.964866484929313565e-10
4.417140120967741836e+02 -9.183370811303164509e-12 2.943845109579114949e-10
4.418390120967741836e+02 -9.106987116617100962e-12 2.922971757549171246e-10
4.419640120967741836e+02 -9.031236920748691549e-12 2.902245394884842441e-10
4.420890120967741836e+02 -8.956114986666084756e-12 2.881664994785254580e-10
4.422140120967741836e+02 -8.881616120473285661e-12 2.861229537554287771e-10
4.423390120967741836e+02 -8.807735171056444129e-12 2.840938010552004134e-10
4.424640120967741836e+02 -8.734467029732702101e-12 2.820789408146421107e-10
4.425890120967741836e+02 -8.661806629902231672e-12 2.800782731665487406e-10
4.427140120967741836e+02 -8.589748946703093981e-12 2.780916989349495323e-10
4.428390120967741836e+02 -8.518288996668645875e-12 2.761191196303769618e-10
4.429640120967741836e+02 -8.447421837388004892e-12 2.741604374451718812e-10
4.430890120967741836e+02 -8.377142567169304354e-12 2.722155552488099999e-10
4.432140120967741836e+02 -8.307446324705421927e-12 2.702843765832701387e-10
4.433390120967741836e+02 -8.238328288742690556e-12 2.683668056584343818e-10
4.434640120967741836e+02 -8.169783677752362357e-12 2.664627473475070467e-10
4.435890120967741836e+02 -8.101807749604413496e-12 2.645721071824773407e-10
4.437140120967741836e+02 -8.034395801244389606e-12 2.626947913496109679e-10
4.438390120967741836e+02 -7.967543168372643887e-12 2.608307066849627773e-10
4.439640120967741836e+02 -7.901245225126433176e-12 2.589797606699300472e-10
4.440890120967741836e+02 -7.835497383764262917e-12 2.571418614268306875e-10
4.442140120967741836e+02 -7.770295094353117574e-12 2.553169177145167528e-10
4.443390120967741836e+02 -7.705633844458212968e-12 2.535048389240062049e-10
4.444640120967741836e+02 -7.641509158835049212e-12 2.517055350741559311e-10
4.445890120967741836e+02 -7.577916599124213380e-12 2.499189168073621107e-10
4.447140120967741836e+02 -7.514851763548697642e-12 2.481448953852803831e-10
4.448390120967741836e+02 -7.452310286613424289e-12 2.463833826845866503e-10
4.449640120967741836e+02 -7.390287838807483328e-12 2.446342911927591791e-10
4.450890120967741836e+02 -7.328780126308795084e-12 2.428975340038953946e-10
4.452140120967741836e+02 -7.267782890690947367e-12 2.411730248145473869e-10
4.453390120967741836e+02 -7.207291908632667671e-12 2.394606779195945385e-10
4.454640120967741836e+02 -7.147302991629681595e-12 2.377604082081433973e-10
4.455890120967741836e+02 -7.087811985708661829e-12 2.360721311594475040e-10
4.457140120967741836e+02 -7.028814771143784702e-12 2.343957628388636170e-10
4.458390120967741836e+02 -6.970307262175565514e-12 2.327312198938297790e-10
4.459640120967741836e+02 -6.912285406731803018e-12 2.310784195498769881e-10
4.460890120967741836e+02 -6.854745186150997362e-12 2.294372796066574902e-10
4.462140120967741836e+02 -6.797682614908047632e-12 2.278077184340084332e-10
4.463390120967741836e+02 -6.741093740341971293e-12 2.261896549680433352e-10
4.464640120967741836e+02 -6.684974642386041364e-12 2.245830087072603031e-10
4.465890120967741836e+02 -6.629321433300187027e-12 2.229876997086862597e-10
4.467140120967741836e+02 -6.574130257405297398e-12 2.214036485840423665e-10
4.468390120967741836e+02 -6.519397290819964027e-12 2.198307764959402081e-10
4.469640120967741836e+02 -6.465118741199354354e-12 2.182690051540944685e-10
4.470890120967741836e+02 -6.411290847476012572e-12 2.167182568115706065e-10
4.472140120967741836e+02 -6.357909879602978033e-12 2.151784542610565984e-10
4.473390120967741836e+02 -6.304972138299037857e-12 2.136495208311523342e-10
4.474640120967741836e+02 -6.252473954795816459e-12 2.121313803826937052e-10
4.475890120967741836e+02 -6.200411690587161635e-12 2.106239573050954830e-10
4.477140120967741836e+02 -6.148781737180580018e-12 2.091271765127241586e-10
4.478390120967741836e+02 -6.097580515850488455e-12 2.076409634412878674e-10
4.479640120967741836e+02 -6.046804477393705396e-12 2.061652440442569723e-10
4.480890120967741836e+02 -5.996450101886923799e-12 2.046999447893099267e-10
4.482140120967741836e+02 -5.946513898445981380e-12 2.032449926547956303e-10
4.483390120967741836e+02 -5.896992404987294935e-12 2.018003151262277079e-10
4.484640120967741836e+02 -5.847882187991232565e-12 2.003658401927973229e-10
4.485890120967741836e+02 -5.799179842267259814e-12 1.989414963439158987e-10
4.487140120967741836e+02 -5.750881990721161024e-12 1.975272125657717981e-10
4.488390120967741836e+02 -5.702985284124195366e-12 1.961229183379177896e-10
4.489640120967741836e+02 -5.655486400883937107e-12 1.947285436298827093e-10
4.490890120967741836e+02 -5.608382046817178994e-12 1.933440188977979076e-10
4.492140120967741836e+02 -5.561668954924705674e-12 1.919692750810545611e-10
4.493390120967741836e+02 -5.515343885167712591e-12 1.906042435989796987e-10
4.494640120967741836e+02 -5.469403624246241938e-12 1.892488563475390340e-10
4.495890120967741836e+02 -5.423844985379435350e-12 1.879030456960536529e-10
4.497140120967741836e+02 -5.378664808087398132e-12 1.865667444839475906e-10
4.498390120967741836e+02 -5.333859957975035315e-12 1.852398860175163221e-10
4.499640120967741836e+02 -5.289427326517654362e-12 1.839224040667100370e-10
4.500890120967741836e+02 -5.245363830848139833e-12 1.826142328619478056e-10
4.502140120967741836e+02 -5.201666413546054640e-12 1.813153070909475122e-10
4.503390120967741836e+02 -5.158332042428468366e-12 1.800255618955819747e-10
4.504640120967741836e+02 -5.115357710342311507e-12 1.787449328687501075e-10
4.505890120967741836e+02 -5.072740434958616716e-12 1.774733560512744518e-10
4.507140120967741836e+02 -5.030477258568437835e-12 1.762107679288206257e-10
4.508390120967741836e+02 -4.988565247880269812e-12 1.749571054288313274e-10
4.509640120967741836e+02 -4.947001493819300689e-12 1.737123059174881267e-10
4.510890120967741836e+02 -4.905783111328292102e-12 1.724763071966891282e-10
4.512140120967741836e+02 -4.864907239169952588e-12 1.712490475010524316e-10
4.513390120967741836e+02 -4.824371039731066220e-12 1.700304654949324400e-10
4.514640120967741836e+02 -4.784171698828235222e-12 1.688205002694619131e-10
4.515890120967741836e+02 -4.744306425515058026e-12 1.676190913396160972e-10
4.517140120967741836e+02 -4.704772451891054591e-12 1.664261786412887445e-10
4.518390120967741836e+02 -4.665567032912061097e-12 1.652417025283957146e-10
4.519640120967741836e+02 -4.626687446202266073e-12 1.640656037699940077e-10
4.520890120967741836e+02 -4.588130991867638362e-12 1.628978235474249156e-10
4.522140120967741836e+02 -4.549894992311005393e-12 1.617383034514690630e-10
4.523390120967741836e+02 -4.511976792048678395e-12 1.605869854795271954e-10
4.524640120967741836e+02 -4.474373757528407228e-12 1.594438120328208959e-10
4.525890120967741836e+02 -4.437083276948979073e-12 1.583087259136049870e-10
4.527140120967741836e+02 -4.400102760081309936e-12 1.571816703224063243e-10
4.528390120967741836e+02 -4.363429638090831837e-12 1.560625888552779441e-10
4.529640120967741836e+02 -4.327061363361501258e-12 1.549514255010746410e-10
4.530890120967741836e+02 -4.290995409321234944e-12 1.538481246387412370e-10
4.532140120967741836e+02 -4.255229270268643037e-12 1.527526310346254857e-10
4.533390120967741836e+02 -4.219760461201318814e-12 1.516648898398085532e-10
4.534640120967741836e+02 -4.184586517645536424e-12 1.505848465874482432e-10
4.535890120967741836e+02 -4.149704995487208769e-12 1.495124471901469347e-10
4.537140120967741836e+02 -4.115113470804355159e-12 1.484476379373333221e-10
4.538390120967741836e+02 -4.080809539700962408e-12 1.473903654926655854e-10
4.539640120967741836e+02 -4.046790818142054394e-12 1.463405768914467867e-10
4.540890120967741836e+02 -4.013054941790261683e-12 1.452982195380626268e-10
4.542140120967741836e+02 -3.979599565843716750e-12 1.442632412034368819e-10
4.543390120967741836e+02 -3.946422364875156042e-12 1.432355900224992755e-10
4.544640120967741836e+02 -3.913521032672468793e-12 1.422152144916757596e-10
4.545890120967741836e+02 -3.880893282080553668e-12 1.412020634663929117e-10
4.547140120967741836e+02 -3.848536844844342657e-12 1.401960861586027257e-10
4.548390120967741836e+02 -3.816449471453235386e-12 1.391972321343185440e-10
4.549640120967741836e+02 -3.784628930986814585e-12 1.382054513111725489e-10
4.550890120967741836e+02 -3.753073010961703770e-12 1.372206939559907268e-10
4.552140120967741836e+02 -3.721779517179793341e-12 1.362429106823785095e-10
4.553390120967741836e+02 -3.690746273577719554e-12 1.352720524483286710e-10
4.554640120967741836e+02 -3.659971122077459872e-12 1.343080705538427438e-10
4.555890120967741836e+02 -3.629451922438259962e-12 1.333509166385713313e-10
4.557140120967741836e+02 -3.599186552109788940e-12 1.324005426794650179e-10
4.558390120967741836e+02 -3.569172906086372617e-12 1.314569009884469933e-10
4.559640120967741836e+02 -3.539408896762544665e-12 1.305199442101006949e-10
4.560890120967741836e+02 -3.509892453789775537e-12 1.295896253193685394e-10
4.562140120967741836e+02 -3.480621523934270109e-12 1.286658976192719547e-10
4.563390120967741836e+02 -3.451594070936033951e-12 1.277487147386459133e-10
4.564640120967741836e+02 -3.422808075369111711e-12 1.268380306298845803e-10
4.565890120967741836e+02 -3.394261534502842920e-12 1.259337995667082367e-10
4.567140120967741836e+02 -3.365952462164379563e-12 1.250359761419411872e-10
4.568390120967741836e+02 -3.337878888602325678e-12 1.241445152653086941e-10
4.569640120967741836e+02 -3.310038860351385888e-12 1.232593721612439668e-10
4.570890120967741836e+02 -3.282430440098234111e-12 1.223805023667139686e-10
4.572140120967741836e+02 -3.255051706548486513e-12 1.215078617290606569e-10
4.573390120967741836e+02 -3.227900754294652308e-12 1.206414064038524585e-10
4.574640120967741836e+02 -3.200975693685276042e-12 1.197810928527552107e-10
4.575890120967741836e+02 -3.174274650695157480e-12 1.189268778414145266e-10
4.577140120967741836e+02 -3.147795766796527920e-12 1.180787184373561270e-10
4.578390120967741836e+02 -3.121537198831389326e-12 1.172365720078951666e-10
4.579640120967741836e+02 -3.095497118884898335e-12 1.164003962180640180e-10
4.580890120967741836e+02 -3.069673714159690954e-12 1.155701490285552151e-10
4.582140120967741836e+02 -3.044065186851338153e-12 1.147457886936730829e-10
4.583390120967741836e+02 -3.018669754024821307e-12 1.139272737593044434e-10
4.584640120967741836e+02 -2.993485647491925692e-12 1.131145630609009027e-10
4.585890120967741836e+02 -2.968511113689738233e-12 1.123076157214768798e-10
4.587140120967741836e+02 -2.943744413560143287e-12 1.115063911496172905e-10
4.588390120967741836e+02 -2.919183822430202145e-12 1.107108490375029250e-10
4.589640120967741836e+02 -2.894827629893623867e-12 1.099209493589490866e-10
4.590890120967741836e+02 -2.870674139693201833e-12 1.091366523674537165e-10
4.592140120967741836e+02 -2.846721669604121503e-12 1.083579185942634588e-10
4.593390120967741836e+02 -2.822968551318316281e-12 1.075847088464503750e-10
4.594640120967741836e+02 -2.799413130329783857e-12 1.068169842050037285e-10
4.595890120967741836e+02 -2.776053765820738199e-12 1.060547060229316703e-10
4.597140120967741836e+02 -2.752888830548808454e-12 1.052978359233788597e-10
4.598390120967741836e+02 -2.729916710735098147e-12 1.045463357977572951e-10
4.599640120967741836e+02 -2.707135805953226657e-12 1.038001678038859712e-10
4.600890120967741836e+02 -2.684544529019177676e-12 1.030592943641479862e-10
4.602140120967741836e+02 -2.662141305882146108e-12 1.023236781636570821e-10
4.603390120967741836e+02 -2.639924575516281204e-12 1.015932821484396186e-10
4.604640120967741836e+02 -2.617892789813225789e-12 1.008680695236248180e-10
4.605890120967741836e+02 -2.596044413475631700e-12 1.001480037516511276e-10
4.607140120967741836e+02 -2.574377923911543603e-12 9.943304855048466630e-11
4.608390120967741836e+02 -2.552891811129571222e-12 9.872316789184652522e-11
4.609640120967741836e+02 -2.531584577635000622e-12 9.801832599945602953e-11
4.610890120967741836e+02 -2.510454738326764578e-12 9.731848734728370744e-11
4.612140120967741836e+02 -2.489500820395173495e-12 9.662361665781857930e-11
4.613390120967741836e+02 -2.468721363220566791e-12 9.593367890034353784e-11
4.614640120967741836e+02 -2.448114918272800765e-12 9.524863928922568207e-11
4.615890120967741836e+02 -2.427680049011479223e-12 9.456846328221890394e-11
4.617140120967741836e+02 -2.407415330787083987e-12 9.389311657877424270e-11
4.618390120967741836e+02 -2.387319350742919664e-12 9.322256511836568422e-11
4.619640120967741836e+02 -2.367390707717779366e-12 9.255677507882547297e-11
4.620890120967741836e+02 -2.347628012149497794e-12 9.189571287469267176e-11
4.622140120967741836e+02 -2.328029885979286264e-12 9.123934515556954096e-11
4.623390120967741836e+02 -2.308594962556786270e-12 9.058763880449262594e-11
4.624640120967741836e+02 -2.289321886545973646e-12 8.994056093631488237e-11
4.625890120967741836e+02 -2.270209313831838621e-12 8.929807889609532348e-11
4.627140120967741836e+02 -2.251255911427754110e-12 8.866016025750402205e-11
4.628390120967741836e+02 -2.232460357383686941e-12 8.802677282123538406e-11
4.629640120967741836e+02 -2.213821340695154668e-12 8.739788461343443765e-11
4.630890120967741836e+02 -2.195337561212863770e-12 8.677346388413068286e-11
4.632140120967741836e+02 -2.177007729553160883e-12 8.615347910568568051e-11
4.633390120967741836e+02 -2.158830567009221954e-12 8.553789897125116161e-11
4.634640120967741836e+02 -2.140804805462893293e-12 8.492669239323494341e-11
4.635890120967741836e+02 -2.122929187297340001e-12 8.431982850178054558e-11
4.637140120967741836e+02 -2.105202465310398399e-12 8.371727664325510404e-11
4.638390120967741836e+02 -2.087623402628586003e-12 8.311900637875020949e-11
4.639640120967741836e+02 -2.070190772621872430e-12 8.252498748258902739e-11
4.640890120967741836e+02 -2.052903358819163595e-12 8.193518994084701462e-11
4.642140120967741836e+02 -2.035759954824404273e-12 8.134958394988296309e-11
4.643390120967741836e+02 -2.018759364233444022e-12 8.076813991487685457e-11
4.644640120967741836e+02 -2.001900400551582057e-12 8.019082844838095049e-11
4.645890120967741836e+02 -1.985181887111724841e-12 7.961762036887942487e-11
4.647140120967741836e+02 -1.968602656993284820e-12 7.904848669935922893e-11
4.648390120967741836e+02 -1.952161552941744377e-12 7.848339866588787029e-11
4.649640120967741836e+02 -1.935857427288813522e-12 7.792232769620388432e-11
4.650890120967741836e+02 -1.919689141873315792e-12 7.736524541831680508e-11
4.652140120967741836e+02 -1.903655567962716772e-12 7.681212365911390886e-11
4.653390120967741836e+02 -1.887755586175240263e-12 7.626293444298001157e-11
4.654640120967741836e+02 -1.871988086402685635e-12 7.571764999042450410e-11
4.655890120967741836e+02 -1.856351967733878478e-12 7.517624271671967077e-11
4.657140120967741836e+02 -1.840846138378691961e-12 7.463868523054575464e-11
4.658390120967741836e+02 -1.825469515592755222e-12 7.410495033264755152e-11
4.659640120967741836e+02 -1.810221025602777095e-12 7.357501101450051664e-11
4.660890120967741836e+02 -1.795099603532423780e-12 7.304884045698326898e-11
4.662140120967741836e+02 -1.780104193328872632e-12 7.252641202906234831e-11
4.663390120967741836e+02 -1.765233747689963324e-12 7.200769928648387386e-11
4.664640120967741836e+02 -1.750487227991891232e-12 7.149267597047648644e-11
4.665890120967741836e+02 -1.735863604217556548e-12 7.098131600645987388e-11
4.667140120967741836e+02 -1.721361854885499451e-12 7.047359350276488998e-11
4.668390120967741836e+02 -1.706980966979364986e-12 6.996948274936265615e-11
4.669640120967741836e+02 -1.692719935878011148e-12 6.946895821659964712e-11
4.670890120967741836e+02 -1.678577765286158594e-12 6.897199455394437019e-11
4.672140120967741836e+02 -1.664553467165608636e-12 6.847856658874103663e-11
4.673390120967741836e+02 -1.650646061667087071e-12 6.798864932497324983e-11
4.674640120967741836e+02 -1.636854577062521597e-12 6.750221794203392309e-11
4.675890120967741836e+02 -1.623178049678008679e-12 6.701924779350565350e-11
4.677140120967741836e+02 -1.609615523827262872e-12 6.653971440594971661e-11
4.678390120967741836e+02 -1.596166051745628363e-12 6.606359347770087718e-11
4.679640120967741836e+02 -1.582828693524623863e-12 6.559086087767337986e-11
4.680890120967741836e+02 -1.569602517047080220e-12 6.512149264417314361e-11
4.682140120967741836e+02 -1.556486597922702722e-12 6.465546498372032188e-11
4.683390120967741836e+02 -1.543480019424271160e-12 6.419275426987677401e-11
4.684640120967741836e+02 -1.530581872424314062e-12 6.373333704208436767e-11
4.685890120967741836e+02 -1.517791255332312637e-12 6.327719000451099726e-11
4.687140120967741836e+02 -1.505107274032410404e-12 6.282429002490250890e-11
4.688390120967741836e+02 -1.492529041821692506e-12 6.237461413344442240e-11
4.689640120967741836e+02 -1.480055679348862068e-12 6.192813952163208005e-11
4.690890120967741836e+02 -1.467686314553530469e-12 6.148484354114584903e-11
4.692140120967741836e+02 -1.455420082605955131e-12 6.104470370273670232e-11
4.693390120967741836e+02 -1.443256125847280775e-12 6.060769767511810689e-11
4.694640120967741836e+02 -1.431193593730265541e-12 6.017380328386685575e-11
4.695890120967741836e+02 -1.419231642760546526e-12 5.974299851032901817e-11
4.697140120967741836e+02 -1.407369436438283764e-12 5.931526149053598417e-11
4.698390120967741836e+02 -1.395606145200388445e-12 5.889057051412752698e-11
4.699640120967741836e+02 -1.383940946363178057e-12 5.846890402328029403e-11
4.700890120967741836e+02 -1.372373024065509734e-12 5.805024061164616583e-11
4.702140120967741836e+02 -1.360901569212376074e-12 5.763455902329651501e-11
4.703390120967741836e+02 -1.349525779419012888e-12 5.722183815167477598e-11
4.704640120967741836e+02 -1.338244858955367437e-12 5.681205703855462384e-11
4.705890120967741836e+02 -1.327058018691125247e-12 5.640519487300677410e-11
4.707140120967741836e+02 -1.315964476041138610e-12 5.600123099037316242e-11
4.708390120967741836e+02 -1.304963454911316727e-12 5.560014487124622308e-11
4.709640120967741836e+02 -1.294054185644947631e-12 5.520191614045736992e-11
4.710890120967741836e+02 -1.283235904969515882e-12 5.480652456607097022e-11
4.712140120967741836e+02 -1.272507855943856913e-12 5.441395005838702336e-11
4.713390120967741836e+02 -1.261869287905846743e-12 5.402417266894807233e-11
4.714640120967741836e+02 -1.251319456420473172e-12 5.363717258955516257e-11
4.715890120967741836e+02 -1.240857623228343784e-12 5.325293015129054094e-11
4.717140120967741836e+02 -1.230483056194619663e-12 5.287142582354516927e-11
4.718390120967741836e+02 -1.220195029258359465e-12 5.249264021305511058e-11
4.719640120967741836e+02 -1.209992822382325349e-12 5.211655406294317578e-11
4.720890120967741836e+02 -1.199875721503116668e-12 5.174314825176871279e-11
4.722140120967741836e+02 -1.189843018481798432e-12 5.137240379258160280e-11
4.723390120967741836e+02 -1.179894011054895909e-12 5.100430183198477380e-11
4.724640120967741836e+02 -1.170028002785801193e-12 5.063882364920314415e-11
4.725890120967741836e+02 -1.160244303016570750e-12 5.027595065515729666e-11
4.727140120967741836e+02 -1.150542226820162606e-12 4.991566439154525640e-11
4.728390120967741836e+02 -1.140921094952985138e-12 4.955794652992988427e-11
4.729640120967741836e+02 -1.131380233807917007e-12 4.920277887083331460e-11
4.730890120967741836e+02 -1.121918975367676677e-12 4.885014334283598098e-11
4.732140120967741836e+02 -1.112536657158581477e-12 4.850002200168342272e-11
4.733390120967741836e+02 -1.103232622204680481e-12 4.815239702939946973e-11
4.734640120967741836e+02 -1.094006218982307433e-12 4.780725073340350505e-11
4.735890120967741836e+02 -1.084856801374925694e-12 4.746456554563621254e-11
4.737140120967741836e+02 -1.075783728628426763e-12 4.712432402168982229e-11
4.738390120967741836e+02 -1.066786365306756157e-12 4.678650883994560680e-11
4.739640120967741836e+02 -1.057864081247915924e-12 4.645110280071559065e-11
4.740890120967741836e+02 -1.049016251520318953e-12 4.611808882539174996e-11
4.742140120967741836e+02 -1.040242256379542530e-12 4.578744995560102806e-11
4.743390120967741836e+02 -1.031541481225363419e-12 4.545916935236477132e-11
4.744640120967741836e+02 -1.022913316559220859e-12 4.513323029526567428e-11
4.745890120967741836e+02 -1.014357157941995222e-12 4.480961618161927422e-11
4.747140120967741836e+02 -1.005872405952139057e-12 4.448831052565245102e-11
4.748390120967741836e+02 -9.974584661441500389e-13 4.416929695768581074e-11
4.749640120967741836e+02 -9.891147490074185338e-13 4.385255922332305514e-11
4.750890120967741836e+02 -9.808406699253451645e-13 4.353808118264637406e-11
4.752140120967741836e+02 -9.726356491348667179e-13 4.322584680941557942e-11
4.753390120967741836e+02 -9.644991116862791190e-13 4.291584019027447074e-11
4.754640120967741836e+02 -9.564304874034002826e-13 4.260804552396181464e-11
4.755890120967741836e+02 -9.484292108440542661e-13 4.230244712052879325e-11
4.757140120967741836e+02 -9.404947212609138801e-13 4.199902940055990341e-11
4.758390120967741836e+02 -9.326264625626011873e-13 4.169777689440126184e-11
4.759640120967741836e+02 -9.248238832751733188e-13 4.139867424139386041e-11
4.760890120967741836e+02 -9.170864365038960668e-13 4.110170618911067290e-11
4.762140120967741836e+02 -9.094135798953356477e-13 4.080685759260087052e-11
4.763390120967741836e+02 -9.018047755997589397e-13 4.051411341363818605e-11
4.764640120967741836e+02 -8.942594902338765301e-13 4.022345871997531400e-11
4.765890120967741836e+02 -8.867771948438259782e-13 3.993487868460220741e-11
4.767140120967741836e+02 -8.793573648685288856e-13 3.964835858501064326e-11
4.768390120967741836e+02 -8.719994801033146393e-13 3.936388380246398349e-11
4.769640120967741836e+02 -8.647030246638518234e-13 3.908143982127060030e-11
4.770890120967741836e+02 -8.574674869503724549e-13 3.880101222806392521e-11
4.772140120967741836e+02 -8.502923596122194394e-13 3.852258671108635627e-11
4.773390120967741836e+02 -8.431771395126277809e-13 3.824614905947939492e-11
4.774640120967741836e+02 -8.361213276938566777e-13 3.797168516257688475e-11
4.775890120967741836e+02 -8.291244293425772841e-13 3.769918100920460927e-11
4.777140120967741836e+02 -8.221859537555553177e-13 3.742862268698473640e-11
4.778390120967741836e+02 -8.153054143056081141e-13 3.715999638164384310e-11
4.779640120967741836e+02 -8.084823284078730859e-13 3.689328837632687896e-11
4.780890120967741836e+02 -8.017162174862976182e-13 3.662848505091558870e-11
4.782140120967741836e+02 -7.950066069404595540e-13 3.636557288135190433e-11
4.783390120967741836e+02 -7.883530261126376911e-13 3.610453843896502720e-11
4.784640120967741836e+02 -7.817550082551568282e-13 3.584536838980424230e-11
4.785890120967741836e+02 -7.752120904979959498e-13 3.558804949397646929e-11
4.787140120967741836e+02 -7.687238138166946886e-13 3.533256860498699312e-11
4.788390120967741836e+02 -7.622897230004669873e-13 3.507891266908641143e-11
4.789640120967741836e+02 -7.559093666206330306e-13 3.482706872462102630e-11
4.790890120967741836e+02 -7.495822969992863467e-13 3.457702390138872260e-11
4.792140120967741836e+02 -7.433080701782227343e-13 3.432876541999789659e-11
4.793390120967741836e+02 -7.370862458881264721e-13 3.408228059123200021e-11
4.794640120967741836e+02 -7.309163875180072477e-13 3.383755681541866079e-11
4.795890120967741836e+02 -7.247980620849127450e-13 3.359458158180170879e-11
4.797140120967741836e+02 -7.187308402038414643e-13 3.335334246791918971e-11
4.798390120967741836e+02 -7.127142960579545269e-13 3.311382713898469109e-11
4.799640120967741836e+02 -7.067480073690086127e-13 3.287602334727381365e-11
4.800890120967741836e+02 -7.008315553680374967e-13 3.263991893151359568e-11
4.802140120967741836e+02 -6.949645247662708750e-13 3.240550181627739806e-11
4.803390120967741836e+02 -6.891465037263181463e-13 3.217276001138378957e-11
4.804640120967741836e+02 -6.833770838335408141e-13 3.194168161129878611e-11
4.805890120967741836e+02 -6.776558600677100398e-13 3.171225479454319516e-11
4.807140120967741836e+02 -6.719824307748750295e-13 3.148446782310350164e-11
4.808390120967741836e+02 -6.663563976394667917e-13 3.125830904184751001e-11
4.809640120967741836e+02 -6.607773656566295928e-13 3.103376687794288159e-11
4.810890120967741836e+02 -6.552449431048025243e-13 3.081082984028064134e-11
4.812140120967741836e+02 -6.497587415184818146e-13 3.058948651890298212e-11
4.813390120967741836e+02 -6.443183756612548621e-13 3.036972558443369919e-11
4.814640120967741836e+02 -6.389234634990327842e-13 3.015153578751374922e-11
4.815890120967741836e+02 -6.335736261735104598e-13 2.993490595824073860e-11
4.817140120967741836e+02 -6.282684879758389220e-13 2.971982500561125495e-11
4.818390120967741836e+02 -6.230076763205398861e-13 2.950628191696814255e-11
4.819640120967741836e+02 -6.177908217195896113e-13 2.929426575745113159e-11
4.820890120967741836e+02 -6.126175577567621657e-13 2.908376566945174875e-11
4.822140120967741836e+02 -6.074875210621623203e-13 2.887477087207101955e-11
4.823390120967741836e+02 -6.024003512869730132e-13 2.866727066058185587e-11
4.824640120967741836e+02 -5.973556910784070848e-13 2.846125440589531768e-11
4.825890120967741836e+02 -5.923531860548885275e-13 2.825671155402937887e-11
4.827140120967741836e+02 -5.873924847813941829e-13 2.805363162558275643e-11
4.828390120967741836e+02 -5.824732387450430279e-13 2.785200421521148278e-11
4.829640120967741836e+02 -5.775951023308661042e-13 2.765181899110990811e-11
4.830890120967741836e+02 -5.727577327977799099e-13 2.745306569449425213e-11
4.832140120967741836e+02 -5.679607902547558837e-13 2.725573413909060187e-11
4.833390120967741836e+02 -5.632039376372047616e-13 2.705981421062651548e-11
4.834640120967741836e+02 -5.584868406835177474e-13 2.686529586632532085e-11
4.835890120967741836e+02 -5.538091679118409324e-13 2.667216913440479571e-11
4.837140120967741836e+02 -5.491705905970219781e-13 2.648042411357885266e-11
4.838390120967741836e+02 -5.445707827477502651e-13 2.629005097256324062e-11
4.839640120967741836e+02 -5.400094210838839449e-13 2.610103994958366319e-11
4.840890120967741836e+02 -5.354861850139822728e-13 2.591338135188822026e-11
4.842140120967741836e+02 -5.310007566129855649e-13 2.572706555526336196e-11
4.843390120967741836e+02 -5.265528206001180048e-13 2.554208300355214969e-11
4.844640120967741836e+02 -5.221420643169539281e-13 2.535842420817691149e-11
4.845890120967741836e+02 -5.177681777056694950e-13 2.517607974766468915e-11
4.847140120967741836e+02 -5.134308532874702601e-13 2.499504026717655631e-11
4.848390120967741836e+02 -5.091297861412158442e-13 2.481529647803907558e-11
4.849640120967741836e+02 -5.048646738821832433e-13 2.463683915728021466e-11
4.850890120967741836e+02 -5.006352166410443036e-13 2.445965914716817375e-11
4.852140120967741836e+02 -4.964411170429979909e-13 2.428374735475274946e-11
4.853390120967741836e+02 -4.922820801870773441e-13 2.410909475141075384e-11
4.854640120967741836e+02 -4.881578136256264702e-13 2.393569237239411200e-11
4.855890120967741836e+02 -4.840680273439639376e-13 2.376353131638153025e-11
4.857140120967741836e+02 -4.800124337401769301e-13 2.359260274503255528e-11
4.858390120967741836e+02 -4.759907476051219954e-13 2.342289788254539440e-11
4.859640120967741836e+02 -4.720026861025696808e-13 2.325440801521791206e-11
4.860890120967741836e+02 -4.680479687495185031e-13 2.308712449101077832e-11
4.862140120967741836e+02 -4.641263173966690635e-13 2.292103871911472739e-11
4.863390120967741836e+02 -4.602374562090743623e-13 2.275614216952002624e-11
4.864640120967741836e+02 -4.563811116469191590e-13 2.259242637258980453e-11
4.865890120967741836e+02 -4.525570124464892139e-13 2.242988291863518751e-11
4.867140120967741836e+02 -4.487648896012834592e-13 2.226850345749434506e-11
4.868390120967741836e+02 -4.450044763432840427e-13 2.210827969811440687e-11
4.869640120967741836e+02 -4.412755081243791459e-13 2.194920340813555211e-11
4.870890120967741836e+02 -4.375777225979549335e-13 2.179126641347876010e-11
4.872140120967741836e+02 -4.339108596006079153e-13 2.163446059793609736e-11
4.873390120967741836e+02 -4.302746611340406762e-13 2.147877790276421333e-11
4.874640120967741836e+02 -4.266688713470910950e-13 2.132421032627986516e-11
4.875890120967741836e+02 -4.230932365179141854e-13 2.117074992345907439e-11
4.877140120967741836e+02 -4.195475050363097939e-13 2.101838880553901078e-11
4.878390120967741836e+02 -4.160314273861948934e-13 2.086711913962192138e-11
4.879640120967741836e+02 -4.125447561282361727e-13 2.071693314828263982e-11
4.880890120967741836e+02 -4.090872458825945057e-13 2.056782310917842523e-11
4.882140120967741836e+02 -4.056586533118441062e-13 2.041978135466187081e-11
4.883390120967741836e+02 -4.022587371040164357e-13 2.027280027139578663e-11
4.884640120967741836e+02 -3.988872579557887574e-13 2.012687229997150100e-11
4.885890120967741836e+02 -3.955439785558081466e-13 1.998198993452978236e-11
4.887140120967741836e+02 -3.922286635681679722e-13 1.983814572238366427e-11
4.888390120967741836e+02 -3.889410796159924716e-13 1.969533226364483447e-11
4.889640120967741836e+02 -3.856809952651857107e-13 1.955354221085196902e-11
4.890890120967741836e+02 -3.824481810083011080e-13 1.941276826860226859e-11
4.892140120967741836e+02 -3.792424092485466673e-13 1.927300319318470727e-11
4.893390120967741836e+02 -3.760634542839205179e-13 1.913423979221660944e-11
4.894640120967741836e+02 -3.729110922914909996e-13 1.899647092428264040e-11
4.895890120967741836e+02 -3.697851013117792360e-13 1.885968949857579380e-11
4.897140120967741836e+02 -3.666852612332992280e-13 1.872388847454152629e-11
4.898390120967741836e+02 -3.636113537772115931e-13 1.858906086152394712e-11
4.899640120967741836e+02 -3.605631624821069064e-13 1.845519971841492238e-11
4.900890120967741836e+02 -3.575404726889124810e-13 1.832229815330495302e-11
4.902140120967741836e+02 -3.545430715259380897e-13 1.819034932313701270e-11
4.903390120967741836e+02 -3.515707478940175618e-13 1.805934643336296093e-11
4.904640120967741836e+02 -3.486232924518010835e-13 1.792928273760160718e-11
4.905890120967741836e+02 -3.457004976011556420e-13 1.780015153729989653e-11
4.907140120967741836e+02 -3.428021574726884559e-13 1.767194618139604025e-11
4.908390120967741836e+02 -3.399280679113888989e-13 1.754466006598544478e-11
4.909640120967741836e+02 -3.370780264624001754e-13 1.741828663398819478e-11
4.910890120967741836e+02 -3.342518323568853061e-13 1.729281937481961875e-11
4.912140120967741836e+02 -3.314492864980348305e-13 1.716825182406301956e-11
4.913390120967741836e+02 -3.286701914471767464e-13 1.704457756314415627e-11
4.914640120967741836e+02 -3.259143514100056992e-13 1.692179021900865011e-11
4.915890120967741836e+02 -3.231815722229218297e-13 1.679988346380126141e-11
4.917140120967741836e+02 -3.204716613394966977e-13 1.667885101454774169e-11
4.918390120967741836e+02 -3.177844278170259425e-13 1.655868663283835951e-11
4.919640120967741836e+02 -3.151196823032180567e-13 1.643938412451413411e-11
4.920890120967741836e+02 -3.124772370229806504e-13 1.632093733935529523e-11
4.922140120967741836e+02 -3.098569057653189987e-13 1.620334017077134245e-11
4.923390120967741836e+02 -3.072585038703412688e-13 1.608658655549391234e-11
4.924640120967741836e+02 -3.046818482163813815e-13 1.597067047327135500e-11
4.925890120967741836e+02 -3.021267572072076509e-13 1.585558594656595684e-11
4.927140120967741836e+02 -2.995930507593583479e-13 1.574132704025250432e-11
4.928390120967741836e+02 -2.970805502895717762e-13 1.562788786131961038e-11
4.929640120967741836e+02 -2.945890787023223709e-13 1.551526255857309589e-11
4.930890120967741836e+02 -2.921184603774583269e-13 1.540344532234087998e-11
4.932140120967741836e+02 -2.896685211579517627e-13 1.529243038418055886e-11
4.933390120967741836e+02 -2.872390883377293607e-13 1.518221201658870019e-11
4.934640120967741836e+02 -2.848299906496246818e-13 1.507278453271245766e-11
4.935890120967741836e+02 -2.824410582534205990e-13 1.496414228606267493e-11
4.937140120967741836e+02 -2.800721227239917964e-13 1.485627967022947129e-11
4.938390120967741836e+02 -2.777230170395441536e-13 1.474919111859987896e-11
4.939640120967741836e+02 -2.753935755699615155e-13 1.464287110407684408e-11
4.940890120967741836e+02 -2.730836340652285966e-13 1.453731413880082224e-11
4.942140120967741836e+02 -2.707930296439705112e-13 1.443251477387324328e-11
4.943390120967741836e+02 -2.685216007820767172e-13 1.432846759908141074e-11
4.944640120967741836e+02 -2.662691873014209868e-13 1.422516724262590707e-11
4.945890120967741836e+02 -2.640356303586737182e-13 1.412260837084959180e-11
4.947140120967741836e+02 -2.618207724342161301e-13 1.402078568796872909e-11
4.948390120967741836e+02 -2.596244573211267533e-13 1.391969393580561774e-11
4.949640120967741836e+02 -2.574465301142791464e-13 1.381932789352339092e-11
4.950890120967741836e+02 -2.552868371995194306e-13 1.371968237736283871e-11
4.952140120967741836e+02 -2.531452262429366203e-13 1.362075224038046643e-11
4.953390120967741836e+02 -2.510215461802205487e-13 1.352253237218899905e-11
4.954640120967741836e+02 -2.489156472061071362e-13 1.342501769869935256e-11
4.955890120967741836e+02 -2.468273807639199371e-13 1.332820318186468134e-11
4.957140120967741836e+02 -2.447565995351800976e-13 1.323208381942582785e-11
4.958390120967741836e+02 -2.427031574293204166e-13 1.313665464465887906e-11
4.959640120967741836e+02 -2.406669095734762996e-13 1.304191072612455661e-11
4.960890120967741836e+02 -2.386477123023622877e-13 1.294784716741890745e-11
4.962140120967741836e+02 -2.366454231482312340e-13 1.285445910692623371e-11
4.963390120967741836e+02 -2.346599008309253159e-13 1.276174171757341362e-11
4.964640120967741836e+02 -2.326910052479920754e-13 1.266969020658634527e-11
4.965890120967741836e+02 -2.307385974648999180e-13 1.257829981524748093e-11
4.967140120967741836e+02 -2.288025397053258597e-13 1.248756581865559244e-11
4.968390120967741836e+02 -2.268826953415257439e-13 1.239748352548716355e-11
4.969640120967741836e+02 -2.249789288847820572e-13 1.230804827775904726e-11
4.970890120967741836e+02 -2.230911059759401229e-13 1.221925545059324438e-11
4.972140120967741836e+02 -2.212190933760056617e-13 1.213110045198308286e-11
4.973390120967741836e+02 -2.193627589568365359e-13 1.204357872256128408e-11
4.974640120967741836e+02 -2.175219716919043422e-13 1.195668573536918595e-11
4.975890120967741836e+02 -2.156966016471332256e-13 1.187041699562802261e-11
4.977140120967741836e+02 -2.138865199718137155e-13 1.178476804051180031e-11
4.978390120967741836e+02 -2.120915988895997914e-13 1.169973443892131400e-11
4.979640120967741836e+02 -2.103117116895643357e-13 1.161531179126029312e-11
4.980890120967741836e+02 -2.085467327173450602e-13 1.153149572921274952e-11
4.982140120967741836e+02 -2.067965373663557372e-13 1.144828191552221227e-11
4.983390120967741836e+02 -2.050610020690718233e-13 1.136566604377203531e-11
4.984640120967741836e+02 -2.033400042883871443e-13 1.128364383816768255e-11
4.985890120967741836e+02 -2.016334225090491123e-13 1.120221105332046695e-11
4.987140120967741836e+02 -1.999411362291509933e-13 1.112136347403250783e-11
4.988390120967741836e+02 -1.982630259517087155e-13 1.104109691508356224e-11
4.989640120967741836e+02 -1.965989731763006352e-13 1.096140722101910672e-11
4.990890120967741836e+02 -1.949488603907780095e-13 1.088229026594016401e-11
4.992140120967741836e+02 -1.933125710630427435e-13 1.080374195329421375e-11
4.993390120967741836e+02 -1.916899896329003878e-13 1.072575821566785770e-11
4.994640120967741836e+02 -1.900810015039668303e-13 1.064833501458106989e-11
4.995890120967741836e+02 -1.884854930356558414e-13 1.057146834028239510e-11
4.997140120967741836e+02 -1.869033515352262965e-13 1.049515421154606827e-11
4.998390120967741836e+02 -1.853344652498968232e-13 1.041938867547028422e-11
4.999640120967741836e+02 -1.837787233590244157e-13 1.034416780727714757e-11
5.000890120967741836e+02 -1.822360159663543623e-13 1.026948771011356777e-11
5.002140120967741836e+02 -1.807062340923216952e-13 1.019534451485400399e-11
5.003390120967741836e+02 -1.791892696664294564e-13 1.012173437990451382e-11
5.004640120967741836e+02 -1.776850155196835589e-13 1.004865349100785204e-11
5.005890120967741836e+02 -1.761933653770917425e-13 9.976098061050332013e-12
5.007140120967741836e+02 -1.747142138502235423e-13 9.904064329869813185e-12
5.008390120967741836e+02 -1.732474564298385160e-13 9.832548564065231424e-12
5.009640120967741836e+02 -1.717929894785627119e-13 9.761547056807147198e-12
5.010890120967741836e+02 -1.703507102236384185e-13 9.691056127649910949e-12
5.012140120967741836e+02 -1.689205167497282387e-13 9.621072122345171027e-12
5.013390120967741836e+02 -1.675023079917798236e-13 9.551591412656346126e-12
5.014640120967741836e+02 -1.660959837279484402e-13 9.482610396174784390e-12
5.015890120967741836e+02 -1.647014445725848431e-13 9.414125496136964577e-12
5.017140120967741836e+02 -1.633185919692687366e-13 9.346133161243241725e-12
5.018390120967741836e+02 -1.619473281839123132e-13 9.278629865477473306e-12
5.019640120967741836e+02 -1.605875562979152127e-13 9.211612107928230282e-12
5.020890120967741836e+02 -1.592391802013770113e-13 9.145076412611292540e-12
5.022140120967741836e+02 -1.579021045863654237e-13 9.079019328293057147e-12
5.023390120967741836e+02 -1.565762349402457456e-13 9.013437428315513712e-12
5.024640120967741836e+02 -1.552614775390542204e-13 8.948327310422290891e-12
5.025890120967741836e+02 -1.539577394409383006e-13 8.883685596586103604e-12
5.027140120967741836e+02 -1.526649284796448728e-13 8.819508932837053279e-12
5.028390120967741836e+02 -1.513829532580644471e-13 8.755793989092477446e-12
5.029640120967741836e+02 -1.501117231418283834e-13 8.692537458987967405e-12
5.030890120967741836e+02 -1.488511482529584726e-13 8.629736059709288998e-12
5.032140120967741836e+02 -1.476011394635745530e-13 8.567386531825784881e-12
5.033390120967741836e+02 -1.463616083896435766e-13 8.505485639124814001e-12
5.034640120967741836e+02 -1.451324673847913296e-13 8.444030168447480314e-12
5.035890120967741836e+02 -1.439136295341600710e-13 8.383016929525229068e-12
5.037140120967741836e+02 -1.427050086483186276e-13 8.322442754817880964e-12
5.038390120967741836e+02 -1.415065192572213856e-13 8.262304499352797224e-12
5.039640120967741836e+02 -1.403180766042230196e-13 8.202599040564870227e-12
5.040890120967741836e+02 -1.391395966401327536e-13 8.143323278138008560e-12
5.042140120967741836e+02 -1.379709960173276407e-13 8.084474133847496106e-12
5.043390120967741836e+02 -1.368121920839103735e-13 8.026048551403667830e-12
5.044640120967741836e+02 -1.356631028779161160e-13 7.968043496296367515e-12
5.045890120967741836e+02 -1.345236471215664668e-13 7.910455955640796513e-12
5.047140120967741836e+02 -1.333937442155763312e-13 7.853282938024407785e-12
5.048390120967741836e+02 -1.322733142334980291e-13 7.796521473354651355e-12
5.049640120967741836e+02 -1.311622779161222752e-13 7.740168612708052618e-12
5.050890120967741836e+02 -1.300605566659207111e-13 7.684221428180197003e-12
5.052140120967741836e+02 -1.289680725415355667e-13 7.628677012736926313e-12
5.053390120967741836e+02 -1.278847482523141790e-13 7.573532480066323486e-12
5.054640120967741836e+02 -1.268105071528936206e-13 7.518784964431936497e-12
5.055890120967741836e+02 -1.257452732378207682e-13 7.464431620527118642e-12
5.057140120967741836e+02 -1.246889711362266974e-13 7.410469623330076443e-12
5.058390120967741836e+02 -1.236415261065403799e-13 7.356896167960234259e-12
5.059640120967741836e+02 -1.226028640312473656e-13 7.303708469535445464e-12
5.060890120967741836e+02 -1.215729114116909748e-13 7.250903763030391079e-12
5.062140120967741836e+02 -1.205515953629213015e-13 7.198479303135641611e-12
5.063390120967741836e+02 -1.195388436085780177e-13 7.146432364118050121e-12
5.064640120967741836e+02 -1.185345844758245992e-13 7.094760239682043576e-12
5.065890120967741836e+02 -1.175387468903199873e-13 7.043460242831684823e-12
5.067140120967741836e+02 -1.165512603712333411e-13 6.992529705733977759e-12
5.068390120967741836e+02 -1.155720550262990031e-13 6.941965979582958493e-12
5.069640120967741836e+02 -1.146010615469168021e-13 6.891766434464898829e-12
5.070890120967741836e+02 -1.136382112032848319e-13 6.841928459224233538e-12
5.072140120967741836e+02 -1.126834358395809120e-13 6.792449461330620962e-12
5.073390120967741836e+02 -1.117366678691798696e-13 6.743326866746960048e-12
5.074640120967741836e+02 -1.107978402699115507e-13 6.694558119798106929e-12
5.075890120967741836e+02 -1.098668865793572537e-13 6.646140683040742610e-12
5.077140120967741836e+02 -1.089437408901894033e-13 6.598072037134142963e-12
5.078390120967741836e+02 -1.080283378455417834e-13 6.550349680711672504e-12
5.079640120967741836e+02 -1.071206126344263937e-13 6.502971130253388073e-12
5.080890120967741836e+02 -1.062205009871842972e-13 6.455933919959411542e-12
5.082140120967741836e+02 -1.053279391709751153e-13 6.409235601624343764e-12
5.083390120967741836e+02 -1.044428639853032781e-13 6.362873744512322330e-12
5.084640120967741836e+02 -1.035652127575850171e-13 6.316845935233144818e-12
5.085890120967741836e+02 -1.026949233387449816e-13 6.271149777619323413e-12
5.087140120967741836e+02 -1.018319340988567785e-13 6.225782892603746187e-12
5.088390120967741836e+02 -1.009761839228160267e-13 6.180742918098435369e-12
5.089640120967741836e+02 -1.001276122060500890e-13 6.136027508874054426e-12
5.090890120967741836e+02 -9.928615885026280537e-14 6.091634336440369159e-12
5.092140120967741836e+02 -9.845176425921812585e-14 6.047561088927332412e-12
5.093390120967741836e+02 -9.762436933455168847e-14 6.003805470967225372e-12
5.094640120967741836e+02 -9.680391547162431376e-14 5.960365203577607477e-12
5.095890120967741836e+02 -9.599034455540637232e-14 5.917238024044908516e-12
5.097140120967741836e+02 -9.518359895639717772e-14 5.874421685809041777e-12
5.098390120967741836e+02 -9.438362152657746113e-14 5.831913958348731292e-12
5.099640120967741836e+02 -9.359035559539905488e-14 5.789712627067735725e-12
5.100890120967741836e+02 -9.280374496580101870e-14 5.747815493181699921e-12
5.102140120967741836e+02 -9.202373391026572644e-14 5.706220373605967729e-12
5.103390120967741836e+02 -9.125026716690423539e-14 5.664925100844209885e-12
5.104640120967741836e+02 -9.048328993557510318e-14 5.623927522877610890e-12
5.105890120967741836e+02 -8.972274787403450679e-14 5.583225503055093100e-12
5.107140120967741836e+02 -8.896858709412200540e-14 5.542816919984145843e-12
5.108390120967741836e+02 -8.822075415797111766e-14 5.502699667422591585e-12
5.109640120967741836e+02 -8.747919607425816817e-14 5.462871654170869891e-12
5.110890120967741836e+02 -8.674386029447904074e-14 5.423330803965289925e-12
5.112140120967741836e+02 -8.601469470925743553e-14 5.384075055372032587e-12
5.113390120967741836e+02 -8.529164764468389815e-14 5.345102361681701951e-12
5.114640120967741836e+02 -8.457466785868464873e-14 5.306410690804853318e-12
5.115890120967741836e+02 -8.386370453742373246e-14 5.267998025168095622e-12
5.117140120967741836e+02 -8.315870729172888650e-14 5.229862361611092895e-12
5.118390120967741836e+02 -8.245962615355321480e-14 5.192001711284056888e-12
5.119640120967741836e+02 -8.176641157246341920e-14 5.154414099546162177e-12
5.120890120967741268e+02 -8.107901441215765375e-14 5.117097565864664056e-12
5.122140120967741268e+02 -8.039738594701176548e-14 5.080050163714569771e-12
5.123390120967741268e+02 -7.972147785865727892e-14 5.043269960479181361e-12
5.124640120967741268e+02 -7.905124223258204926e-14 5.006755037351273417e-12
5.125890120967741268e+02 -7.838663155476474195e-14 4.970503489235030185e-12
5.127140120967741268e+02 -7.772759870833474513e-14 4.934513424648523063e-12
5.128390120967741268e+02 -7.707409697026012765e-14 4.898782965627022563e-12
5.129640120967741268e+02 -7.642608000806292325e-14 4.863310247627016275e-12
5.130890120967741268e+02 -7.578350187656412636e-14 4.828093419430696976e-12
5.132140120967741268e+02 -7.514631701465054885e-14 4.793130643051372426e-12
5.133390120967741268e+02 -7.451448024207395064e-14 4.758420093639365489e-12
5.134640120967741268e+02 -7.388794675627403808e-14 4.723959959388735797e-12
5.135890120967741268e+02 -7.326667212922847295e-14 4.689748441444457796e-12
5.137140120967741268e+02 -7.265061230432857937e-14 4.655783753810417915e-12
5.138390120967741268e+02 -7.203972359328355069e-14 4.622064123258062800e-12
5.139640120967741268e+02 -7.143396267304536869e-14 4.588587789235541929e-12
5.140890120967741268e+02 -7.083328658276436851e-14 4.555353003777655589e-12
