1.692419354838709822e+01 0.000000000000000000e+00 0.000000000000000000e+00
1.704919354838709822e+01 2.573347978886368067e-06 4.452974743032267826e-04
1.717419354838709822e+01 3.869362954950695041e-05 6.303731025885827470e-04
1.729919354838709822e+01 8.841770290636656604e-05 7.725640171571591551e-04
1.742419354838709822e+01 1.382336652744694139e-04 8.924002975871221611e-04
1.754919354838709822e+01 1.912962960313791580e-04 9.977940748996749851e-04
1.767419354838709822e+01 2.489074321792327025e-04 1.092781856156571120e-03
1.779919354838709822e+01 3.103529471433855982e-04 1.179749071765778768e-03
1.792419354838709822e+01 3.750475371433982714e-04 1.260242463610573719e-03
1.804919354838709822e+01 4.424949242298898138e-04 1.335331913489022203e-03
1.817419354838709822e+01 5.122642466076488118e-04 1.405793846981784855e-03
1.829919354838709822e+01 5.839750326957562909e-04 1.472213153360200618e-03
1.842419354838709822e+01 6.572871080438030681e-04 1.535043877462615412e-03
1.854919354838709822e+01 7.318935158311299337e-04 1.594647365847009189e-03
1.867419354838709822e+01 8.075153693933305628e-04 1.651317305834545859e-03
1.879919354838709822e+01 8.838979927809350679e-04 1.705296757792495663e-03
1.892419354838709822e+01 9.608079483348242345e-04 1.756790091836371234e-03
1.904919354838709467e+01 1.038030692123882411e-03 1.805971567957377275e-03
1.917419354838709467e+01 1.115368684451664661e-03 1.852991639112077944e-03
1.929919354838709467e+01 1.192639837107835202e-03 1.897981669884232043e-03
1.942419354838709467e+01 1.269676214454161641e-03 1.941057527966464757e-03
1.954919354838709467e+01 1.346322929074401020e-03 1.982322357977182089e-03
1.967419354838709467e+01 1.422437188863812964e-03 2.021868751802945435e-03
1.979919354838709467e+01 1.497887463688908063e-03 2.059780466636497442e-03
1.992419354838709467e+01 1.572552747734573758e-03 2.096133799291657190e-03
2.004919354838709467e+01 1.646321899415214901e-03 2.130998696034675042e-03
2.017419354838709467e+01 1.719093044938865660e-03 2.164439656591020042e-03
2.029919354838709467e+01 1.790773034735323619e-03 2.196516476324115921e-03
2.042419354838709467e+01 1.861276944298893669e-03 2.227284859977024002e-03
2.054919354838709467e+01 1.930527612768751997e-03 2.256796932599398897e-03
2.067419354838709467e+01 1.998455213926518970e-03 2.285101667517296532e-03
2.079919354838709467e+01 2.064996855335519358e-03 2.312245246879275368e-03
2.092419354838709467e+01 2.130096202160436120e-03 2.353262045653995837e-03
2.104919354838709467e+01 2.193703122842940220e-03 2.408086336054938471e-03
2.117419354838709467e+01 2.255773354311697149e-03 2.460867898875604854e-03
2.129919354838709467e+01 2.316268184803605811e-03 2.511621755305206739e-03
2.142419354838709467e+01 2.375154152692013094e-03 2.560366515051131203e-03
2.154919354838709467e+01 2.432402759972566823e-03 2.607124000868341149e-03
2.167419354838709467e+01 2.473153543413426740e-03 2.651918906021902972e-03
2.179919354838709467e+01 2.492418441852686534e-03 2.694778481362550184e-03
2.192419354838709467e+01 2.510850623728818828e-03 2.735732249108645004e-03
2.204919354838709467e+01 2.528479666890706863e-03 2.774811740779170068e-03
2.217419354838709467e+01 2.545334129089270314e-03 2.812050257022418506e-03
2.229919354838709467e+01 2.561441613219582122e-03 2.847482647342394670e-03
2.242419354838709467e+01 2.576828825276320997e-03 2.881145107946853166e-03
2.254919354838709467e+01 2.591521626004726197e-03 2.913074996132796347e-03
2.267419354838709467e+01 2.605545077085847597e-03 2.943310659792221489e-03
2.279919354838709467e+01 2.618923482567569235e-03 2.971891280766319424e-03
2.292419354838709467e+01 2.631680426152548102e-03 2.998856730903872846e-03
2.304919354838709467e+01 2.643838804865969363e-03 3.024247439791506471e-03
2.317419354838709467e+01 2.655420859553280465e-03 3.048104273222142224e-03
2.329919354838709467e+01 2.666448202596012097e-03 3.070468421555336454e-03
2.342419354838709467e+01 2.676941843181262180e-03 3.091381297200512714e-03
2.354919354838709467e+01 2.686922210415559984e-03 3.117883640788500065e-03
2.367419354838709467e+01 2.696409174535783701e-03 3.146592479796787075e-03
2.379919354838709467e+01 2.705422066436884935e-03 3.173739431181177208e-03
2.392419354838709467e+01 2.713979695707820390e-03 3.199349836751901911e-03
2.404919354838709467e+01 2.722100367343404693e-03 3.223450302124033790e-03
2.417419354838709467e+01 2.729801897278786010e-03 3.246068584136757584e-03
2.429919354838709467e+01 2.737101626874440842e-03 3.267233483400609068e-03
2.442419354838709467e+01 2.744016436464997120e-03 3.286974741796701554e-03
2.454919354838709467e+01 2.750562758071311686e-03 3.305322944756690275e-03
2.467419354838709467e+01 2.756756587362278136e-03 3.322309428159361984e-03
2.479919354838709467e+01 2.762613494944628819e-03 3.337966189682995809e-03
2.492419354838709467e+01 2.768148637047892959e-03 3.352325804459749866e-03
2.504919354838709467e+01 2.773376765665086160e-03 3.365421344880362067e-03
2.517419354838709467e+01 2.778312238202243750e-03 3.377286304405098961e-03
2.529919354838709467e+01 2.782969026684271700e-03 3.387954525237105424e-03
2.542419354838709467e+01 2.787360726558821365e-03 3.397460129722201447e-03
2.554919354838709467e+01 2.791500565134709573e-03 3.405837455340132887e-03
2.567419354838709467e+01 2.795401409689502684e-03 3.413120993158065726e-03
2.579919354838709467e+01 2.799075775274035335e-03 3.419345329618991240e-03
2.592419354838709467e+01 2.802535832240842743e-03 3.424545091543612727e-03
2.604919354838709467e+01 2.805793413519959163e-03 3.428754894223612262e-03
2.617419354838709467e+01 2.808860021661895197e-03 3.432009292493803671e-03
2.629919354838709467e+01 2.811746835667925867e-03 3.434342734666838166e-03
2.642419354838709467e+01 2.814464717622310128e-03 3.435789519223333456e-03
2.654919354838709467e+01 2.817024219143278180e-03 3.436383754149755550e-03
2.667419354838709467e+01 2.819435587664139049e-03 3.436159318820318064e-03
2.679919354838709467e+01 2.821708772557771690e-03 3.435149828324429201e-03
2.692419354838709467e+01 2.823853431113691487e-03 3.433388600138847797e-03
2.704919354838709467e+01 2.825878934379293540e-03 3.430908623053782486e-03
2.717419354838709467e+01 2.827794372871058042e-03 3.427742528257924064e-03
2.729919354838709467e+01 2.829608562165402286e-03 3.423922562495282373e-03
2.742419354838709467e+01 2.831330048375218286e-03 3.419480563207186966e-03
2.754919354838709467e+01 2.832967113518545729e-03 3.414447935574432737e-03
2.767419354838709467e+01 2.834527780783949961e-03 3.408855631381710067e-03
2.779919354838709467e+01 2.836019819699266750e-03 3.402734129620770855e-03
2.792419354838709467e+01 2.837450751206080021e-03 3.396113418762326981e-03
2.804919354838709467e+01 2.838827852646327605e-03 3.389022980617523596e-03
2.817419354838709467e+01 2.840158162661970444e-03 3.381491775721425386e-03
2.829919354838709467e+01 2.841448486013046972e-03 3.373548230168007134e-03
2.842419354838709467e+01 2.842705398316988825e-03 3.365220223830424611e-03
2.854919354838709467e+01 2.843935250709545264e-03 3.356535079902198473e-03
2.867419354838709467e+01 2.845144174433201795e-03 3.347519555696408782e-03
2.879919354838709467e+01 2.846338085352126748e-03 3.338199834644473788e-03
2.892419354838709467e+01 2.847522688397688146e-03 3.328601519433436844e-03
2.904919354838709467e+01 2.848703481945469383e-03 3.318749626229664223e-03
2.917419354838709467e+01 2.849885762124975460e-03 3.308668579931332409e-03
2.929919354838709467e+01 2.851074627065166168e-03 3.298382210398746045e-03
2.942419354838709467e+01 2.852274981075010856e-03 3.287913749613720436e-03
2.954919354838709467e+01 2.853491538762074550e-03 3.277285829716330805e-03
2.967419354838709467e+01 2.854728829089400385e-03 3.266520481875570450e-03
2.979919354838709467e+01 2.855991199371993305e-03 3.255639135946884668e-03
2.992419354838709467e+01 2.857282819213731624e-03 3.244662620873123467e-03
3.004919354838709467e+01 2.858607684385819272e-03 3.233611165788829230e-03
3.017419354838709467e+01 2.859969620647801348e-03 3.222504401785808350e-03
3.029919354838709467e+01 2.861372287510953460e-03 3.211361364303063660e-03
3.042419354838709467e+01 2.862819181946391501e-03 3.200200496102081557e-03
3.054919354838709467e+01 2.864313642037258703e-03 3.189039650794008376e-03
3.067419354838709467e+01 2.865858850575535993e-03 3.177896096882213122e-03
3.079919354838709467e+01 2.867457838606098531e-03 3.166786522288994599e-03
3.092419354838709467e+01 2.869113488916091165e-03 3.155727039334546569e-03
3.104919354838709467e+01 2.870828539471234359e-03 3.144733190135968418e-03
3.117419354838709467e+01 2.872605586800403704e-03 3.133819952401656599e-03
3.129919354838709467e+01 2.874447089327812534e-03 3.123001745586624373e-03
3.142419354838709467e+01 2.876355370654031483e-03 3.112292437389500496e-03
3.154919354838709467e+01 2.878332622785650680e-03 3.101705350559483525e-03
3.167419354838709467e+01 2.880380909315249059e-03 3.091253269992325775e-03
3.179919354838709467e+01 2.882502168550872806e-03 3.080948450090502649e-03
3.192419354838709467e+01 2.884698216596373859e-03 3.070802622365005966e-03
3.204919354838709467e+01 2.880580082124939000e-03 3.060827003259083013e-03
3.217419354838709467e+01 2.876060174710937719e-03 3.055963008936431972e-03
3.229919354838709467e+01 2.871761469127081818e-03 3.052716358075634705e-03
3.242419354838709467e+01 2.867687413356560192e-03 3.049575508830905911e-03
3.254919354838709467e+01 2.863841140532688134e-03 3.046545203181553075e-03
3.267419354838709467e+01 2.860225478561989176e-03 3.043629944080017240e-03
3.279919354838709467e+01 2.856842959586323658e-03 3.040834000708792471e-03
3.292419354838709467e+01 2.853695829282705283e-03 3.038161413694702353e-03
3.304919354838709467e+01 2.850786055999619557e-03 3.035616000280543913e-03
3.317419354838709467e+01 2.848115339729099908e-03 3.033201359449203167e-03
3.329919354838709467e+01 2.845685120913906199e-03 3.030920877000005918e-03
3.342419354838709467e+01 2.843496589089479932e-03 3.028777730575222572e-03
3.354919354838709467e+01 2.841550691360533037e-03 3.026774894633636574e-03
3.367419354838709467e+01 2.839848140712351778e-03 3.024915145370783969e-03
3.379919354838709467e+01 2.838389424157020460e-03 3.023201065584158864e-03
3.392419354838709467e+01 2.837174810715066726e-03 3.021635049481695597e-03
3.404919354838709467e+01 2.836204359233055351e-03 3.020219307432321122e-03
3.417419354838709467e+01 2.835477926037911593e-03 3.018955870657610927e-03
3.429919354838709467e+01 2.834995172428852322e-03 3.017846595863986001e-03
3.442419354838709467e+01 2.834755572007938412e-03 3.016893169813435541e-03
3.454919354838709467e+01 2.834758417850383790e-03 3.016097113833209054e-03
3.467419354838709467e+01 2.835002829515838492e-03 3.015459788262802535e-03
3.479919354838709467e+01 2.835487759902057328e-03 3.014982396838823773e-03
3.492419354838709467e+01 2.836212001942350208e-03 3.014665991015377539e-03
3.504919354838709467e+01 2.837174195148322881e-03 3.014511474221767424e-03
3.517419354838709467e+01 2.838372831999566494e-03 3.014519606055727965e-03
3.529919354838709467e+01 2.839806264181927043e-03 3.014691006411616796e-03
3.542419354838709467e+01 2.841472708676152752e-03 3.015026159545060400e-03
3.554919354838709467e+01 2.843370253698615079e-03 3.015525418071877701e-03
3.567419354838709467e+01 2.845496864496080934e-03 3.016189006903205721e-03
3.579919354838709467e+01 2.847850388996389214e-03 3.017017027114968566e-03
3.592419354838709467e+01 2.850428563316888264e-03 3.018009459752750076e-03
3.604919354838709467e+01 2.853229017132782267e-03 3.019166169572323841e-03
3.617419354838709467e+01 2.856249278907254871e-03 3.020486908715187477e-03
3.629919354838709467e+01 2.859486780985464726e-03 3.021971320320125491e-03
3.642419354838709467e+01 2.862938864554513251e-03 3.023618942070393101e-03
3.654919354838709467e+01 2.866602784471400378e-03 3.026021184355265261e-03
3.667419354838709467e+01 2.870475713961108486e-03 3.031470189942502350e-03
3.679919354838709467e+01 2.873895152482278548e-03 3.036997227874159259e-03
3.692419354838709467e+01 2.874789894093125481e-03 3.042601239760554105e-03
3.704919354838709467e+01 2.875981424842488990e-03 3.048281134266447260e-03
3.717419354838709467e+01 2.877467335912119173e-03 3.054035788519406970e-03
3.729919354838709467e+01 2.879245056899494126e-03 3.059864049487722761e-03
3.742419354838709467e+01 2.881311862547303662e-03 3.065764735328928292e-03
3.754919354838709467e+01 2.883664879346423560e-03 3.071736636708338655e-03
3.767419354838709467e+01 2.886301092015575685e-03 3.077778518089142098e-03
3.779919354838709467e+01 2.889217349854265263e-03 3.083889118993662828e-03
3.792419354838709467e+01 2.892410372970524463e-03 3.090067155236794934e-03
3.804919354838709467e+01 2.895876758385329715e-03 3.096311320131207596e-03
3.817419354838709467e+01 2.899612986008438722e-03 3.102620285666065399e-03
3.829919354838709467e+01 2.903615424490234211e-03 3.108992703657847360e-03
3.842419354838709467e+01 2.907880336950504664e-03 3.115427206875842018e-03
3.854919354838709467e+01 2.912403886579641339e-03 3.121922410140655010e-03
3.867419354838709467e+01 2.917182142118200389e-03 3.128476911397595674e-03
3.879919354838709467e+01 2.922211083212604855e-03 3.135089292764417935e-03
3.892419354838709467e+01 2.927486605646745840e-03 3.141758121554914275e-03
3.904919354838709467e+01 2.933004526453955423e-03 3.148481951277167564e-03
3.917419354838709467e+01 2.938760588905711853e-03 3.155259322608180723e-03
3.929919354838709467e+01 2.944750467381952470e-03 3.162088764345059432e-03
3.942419354838709467e+01 2.950969772120750918e-03 3.168968794332431733e-03
3.954919354838709467e+01 2.957414053850971215e-03 3.175897920367186118e-03
3.967419354838709467e+01 2.964078808306846134e-03 3.182874641080613541e-03
3.979919354838709467e+01 2.970959480627688269e-03 3.189897446798553582e-03
3.992419354838709467e+01 2.978051469641425798e-03 3.196964820379459300e-03
4.004919354838709467e+01 2.985350132036899539e-03 3.204075238031308878e-03
4.017419354838709467e+01 2.992850786421297031e-03 3.211227170107242620e-03
4.029919354838709467e+01 3.000548717269112611e-03 3.218419081880571041e-03
4.042419354838709467e+01 3.008439178759608149e-03 3.225649434299582979e-03
4.054919354838709467e+01 3.016517398508034107e-03 3.232916684721925168e-03
4.067419354838709467e+01 3.024778581188504543e-03 3.240219287629960126e-03
4.079919354838709467e+01 3.033217912052428751e-03 3.247555695326247594e-03
4.092419354838709467e+01 3.041830560344030432e-03 3.254924358610261029e-03
4.104919354838709467e+01 3.050611682611374924e-03 3.262323727436779782e-03
4.117419354838709467e+01 3.059556425918701084e-03 3.269752251555275210e-03
4.129919354838709467e+01 3.067998856507791507e-03 3.277208381131950857e-03
4.142419354838709467e+01 3.076460718699284592e-03 3.284690567354116211e-03
4.154919354838709467e+01 3.085043756589861928e-03 3.292197263016707117e-03
4.167419354838709467e+01 3.093744167453210420e-03 3.299726923092417396e-03
4.179919354838709467e+01 3.102558148891410971e-03 3.307278005284551309e-03
4.192419354838709467e+01 3.111481900773160631e-03 3.314848970564286939e-03
4.204919354838709467e+01 3.120511627111695763e-03 3.322438283690695542e-03
4.217419354838709467e+01 3.129643537882599667e-03 3.330044413716344055e-03
4.229919354838709467e+01 3.138873850783730716e-03 3.337665834476284156e-03
4.242419354838709467e+01 3.148198792936641316e-03 3.345301025062316549e-03
4.254919354838709467e+01 3.157614602531792249e-03 3.352948470282677076e-03
4.267419354838709467e+01 3.167117530418705595e-03 3.360606661106225676e-03
4.279919354838709467e+01 3.176703841640874521e-03 3.368274095093470952e-03
4.292419354838709467e+01 3.186369816917927061e-03 3.375949276812491816e-03
4.304919354838709467e+01 3.196111754074814054e-03 3.383630718241686063e-03
4.317419354838709467e+01 3.205925969419023015e-03 3.391316939158717930e-03
4.329919354838709467e+01 3.215808799069418394e-03 3.399006467516620892e-03
4.342419354838709467e+01 3.225756600232492378e-03 3.406697839806363537e-03
4.354919354838709467e+01 3.235765752433489902e-03 3.414389601407394250e-03
4.367419354838709467e+01 3.245832658696556211e-03 3.422080306924848471e-03
4.379919354838709467e+01 3.255953746681809497e-03 3.429768520515475479e-03
4.392419354838709467e+01 3.266125469773455744e-03 3.437452816200981063e-03
4.404919354838709467e+01 3.276344308126160482e-03 3.445131778170097952e-03
4.417419354838709467e+01 3.286606769665876247e-03 3.452804001068527934e-03
4.429919354838709467e+01 3.296909391048547487e-03 3.460468090278394533e-03
4.442419354838709467e+01 3.307248738576381523e-03 3.468122662186601691e-03
4.454919354838709467e+01 3.317621409074374399e-03 3.475766344441692975e-03
4.467419354838709467e+01 3.328024030726064661e-03 3.483397776201252634e-03
4.479919354838709467e+01 3.338453263868701535e-03 3.491015608367953327e-03
4.492419354838709467e+01 3.348905801753217313e-03 3.498618503816534279e-03
4.504919354838709467e+01 3.359378371264085984e-03 3.506205137609992497e-03
4.517419354838709467e+01 3.369867733603857263e-03 3.513774197206820209e-03
4.529919354838709467e+01 3.380370684941430559e-03 3.521324382658190446e-03
4.542419354838709467e+01 3.390884057025790165e-03 3.528854406796492430e-03
4.554919354838709467e+01 3.401404717765925054e-03 3.536362995414469960e-03
4.567419354838709467e+01 3.411929571776971867e-03 3.543848887435608989e-03
4.579919354838709467e+01 3.422455560893559925e-03 3.551310835075683313e-03
4.592419354838709467e+01 3.432979664652988094e-03 3.558747603996637986e-03
4.604919354838709467e+01 3.443498900745471832e-03 3.566157973451198043e-03
4.617419354838709467e+01 3.454010325436575671e-03 3.573540736419891263e-03
4.629919354838709467e+01 3.464511033957916753e-03 3.580894699740462886e-03
4.642419354838709467e+01 3.474998160871473670e-03 3.588218684229200865e-03
4.654919354838709467e+01 3.485468880403939668e-03 3.595511524794926285e-03
4.667419354838709467e+01 3.495920406756120990e-03 3.602772070545407369e-03
4.679919354838709467e+01 3.506349994383632044e-03 3.609999184887012838e-03
4.692419354838709467e+01 3.516754938254156200e-03 3.617191745617373902e-03
4.704919354838709467e+01 3.527132574077056822e-03 3.624348645010598644e-03
4.717419354838709467e+01 3.537480278511185867e-03 3.631468789896455211e-03
4.729919354838709467e+01 3.547795469347733710e-03 3.638551101732909708e-03
4.742419354838709467e+01 3.558075605669137626e-03 3.645594516672316307e-03
4.754919354838709467e+01 3.568318187988293345e-03 3.653854871738685360e-03
4.767419354838709467e+01 3.578520758362836469e-03 3.663349634873878068e-03
4.779919354838709467e+01 3.588680900490197074e-03 3.672793747574969962e-03
4.792419354838709467e+01 3.598796239782354155e-03 3.682185359616633926e-03
4.804919354838709467e+01 3.608864443418888235e-03 3.691522657332758570e-03
4.817419354838709467e+01 3.618883220382767846e-03 3.700803863467796301e-03
4.829919354838709467e+01 3.628850321476167606e-03 3.710027237017502269e-03
4.842419354838709467e+01 3.638763539317771585e-03 3.719191073059395069e-03
4.854919354838709467e+01 3.648620708324271187e-03 3.728293702573426665e-03
4.867419354838709467e+01 3.657378968750123280e-03 3.737333492253205880e-03
4.879919354838709467e+01 3.665562816928261830e-03 3.746308844308271577e-03
4.892419354838709467e+01 3.673694334128283119e-03 3.755218196257674446e-03
4.904919354838709467e+01 3.681772047341358520e-03 3.764060020715414255e-03
4.917419354838709467e+01 3.689794513047002164e-03 3.772832825167897388e-03
4.929919354838709467e+01 3.697760317085393555e-03 3.781535151743994471e-03
4.942419354838709467e+01 3.705668074521981971e-03 3.790165576977856405e-03
4.954919354838709467e+01 3.713516429504701375e-03 3.798722711564958467e-03
4.967419354838709467e+01 3.721304055114036530e-03 3.807366466044155486e-03
4.979919354838709467e+01 3.729029653206259939e-03 3.817415979139487155e-03
4.992419354838709467e+01 3.736691954250154039e-03 3.827372382512824692e-03
5.004919354838709467e+01 3.744289717157461058e-03 3.837233827723880112e-03
5.017419354838709467e+01 3.751821729107374537e-03 3.846998518381651317e-03
5.029919354838709467e+01 3.759286805365236010e-03 3.856664709740895928e-03
5.042419354838709467e+01 3.766683789095904775e-03 3.866230708286683658e-03
5.054919354838709467e+01 3.774011551171784287e-03 3.875694871307573241e-03
5.067419354838709467e+01 3.781268989975973983e-03 3.885055606458619540e-03
5.079919354838709467e+01 3.788455031200685733e-03 3.894311371310872801e-03
5.092419354838709467e+01 3.795568627641157829e-03 3.903460672895833327e-03
5.104919354838709467e+01 3.802608758985294608e-03 3.912502067235907807e-03
5.117419354838709467e+01 3.809574431599311445e-03 3.921434158868593312e-03
5.129919354838709467e+01 3.816464678309510437e-03 3.930255600361604734e-03
5.142419354838709467e+01 3.823278558180443973e-03 3.938965091819778344e-03
5.154919354838709467e+01 3.830015156289699914e-03 3.947561380386247279e-03
5.167419354838709467e+01 3.836673583499414231e-03 3.956043259733768580e-03
5.179919354838709467e+01 3.843252976224800777e-03 3.964409569552726498e-03
5.192419354838709467e+01 3.849752496199820937e-03 3.972659195030769225e-03
5.204919354838709467e+01 3.856171330240202189e-03 3.980791066328329998e-03
5.217419354838709467e+01 3.862508690003980342e-03 3.988804158047781767e-03
5.229919354838709467e+01 3.868763811749691226e-03 3.996697488700117276e-03
5.242419354838709467e+01 3.874935956092484621e-03 4.004470120162495830e-03
5.254919354838709467e+01 3.881024407758184268e-03 4.012121157138798938e-03
5.267419354838709467e+01 3.887028475335573257e-03 4.019649746609705622e-03
5.279919354838709467e+01 3.892947491026973322e-03 4.027055077284217958e-03
5.292419354838709467e+01 3.898780810397281960e-03 4.034336379045301568e-03
5.304919354838709467e+01 3.904527812121656467e-03 4.041492922396004890e-03
5.317419354838709467e+01 3.910187897731947672e-03 4.048524017899947543e-03
5.329919354838709467e+01 3.915760491361967507e-03 4.055429015622698599e-03
5.342419354838709467e+01 3.920807953572118081e-03 4.062207304570082667e-03
5.354919354838709467e+01 3.924951543215063517e-03 4.068858312125432121e-03
5.367419354838709467e+01 3.929021816541612526e-03 4.075381503486061319e-03
5.379919354838709467e+01 3.933018440188993693e-03 4.081776381099447640e-03
5.392419354838709467e+01 3.936941093324763073e-03 4.088042484097458365e-03
5.404919354838709467e+01 3.940789467544245604e-03 4.094179387732421564e-03
5.417419354838709467e+01 3.944563266766362361e-03 4.100186702811970535e-03
5.429919354838709467e+01 3.948262207128804685e-03 4.106064075133669666e-03
5.442419354838709467e+01 3.951886016882482332e-03 4.111811184922386370e-03
5.454919354838709467e+01 3.955434436284664505e-03 4.117427746266351558e-03
5.467419354838709467e+01 3.958907217491928338e-03 4.122913506554931433e-03
5.479919354838709467e+01 3.962304124451864439e-03 4.128268245917943169e-03
5.492419354838709467e+01 3.965624932794180497e-03 4.133491776666040063e-03
5.504919354838709467e+01 3.968869429721592380e-03 4.138583942733129774e-03
5.517419354838709467e+01 3.972037413899411583e-03 4.143544619119809980e-03
5.529919354838709467e+01 3.975128695344946200e-03 4.148373711339144176e-03
5.542419354838709467e+01 3.978143095316854193e-03 4.153071154866717039e-03
5.554919354838709467e+01 3.981080446202811367e-03 4.157636914588521380e-03
5.567419354838709467e+01 3.983940591407982533e-03 4.162070984255778795e-03
5.579919354838709467e+01 3.986723385242315655e-03 4.166373385940455934e-03
5.592419354838709467e+01 3.989428692807974776e-03 4.170544169493259692e-03
5.604919354838709467e+01 3.992056389885937674e-03 4.174583412005391549e-03
5.617419354838709467e+01 3.994606362822790413e-03 4.178491217274093138e-03
5.629919354838709467e+01 3.997078508417043971e-03 4.182267715269687158e-03
5.642419354838709467e+01 3.999472733805316434e-03 4.185913061606694879e-03
5.654919354838709467e+01 4.001788956348104054e-03 4.189427437020120520e-03
5.667419354838709467e+01 4.004027103515806450e-03 4.192811046842104261e-03
5.679919354838709467e+01 4.006187112774292104e-03 4.196064120485831599e-03
5.692419354838709467e+01 4.008268931470770902e-03 4.199186910930141799e-03
5.704919354838709467e+01 4.010272516719037839e-03 4.202179694210830645e-03
5.717419354838709467e+01 4.012197835285126121e-03 4.205042768913142340e-03
5.729919354838709467e+01 4.014044863473150218e-03 4.207776455671973122e-03
5.742419354838709467e+01 4.015813587010572117e-03 4.210381096672086154e-03
5.754919354838709467e+01 4.017504000933942894e-03 4.212857055156575894e-03
5.767419354838709467e+01 4.019116109474759647e-03 4.215204714936233651e-03
5.779919354838709467e+01 4.020649925945364057e-03 4.217424479906998688e-03
5.792419354838709467e+01 4.022105472624837481e-03 4.219516773568421537e-03
5.804919354838709467e+01 4.023482780645325392e-03 4.221482038548112978e-03
5.817419354838709467e+01 4.024781889878182271e-03 4.223320736133292369e-03
5.829919354838709467e+01 4.026002848820904936e-03 4.225033345801574441e-03
5.842419354838709467e+01 4.027145714483845555e-03 4.226620364761353443e-03
5.854919354838709467e+01 4.028210552277071248e-03 4.228082307495508417e-03
5.867419354838709467e+01 4.029197435898064159e-03 4.229419705309155585e-03
5.879919354838709467e+01 4.030106447219346938e-03 4.230633105882270970e-03
5.892419354838709467e+01 4.030937676176221847e-03 4.231723072829627480e-03
5.904919354838709467e+01 4.031691220655353805e-03 4.232690185261897726e-03
5.917419354838709467e+01 4.032367186383513900e-03 4.233535037354344520e-03
5.929919354838709467e+01 4.032965686816449534e-03 4.234258237921458001e-03
5.942419354838709467e+01 4.033486843028446719e-03 4.234860409992221610e-03
5.954919354838709467e+01 4.033930783602280093e-03 4.235342190395836696e-03
5.967419354838709467e+01 4.034297644519413591e-03 4.235704229349108139e-03
5.979919354838709467e+01 4.034587569050822158e-03 4.235947190049284793e-03
5.992419354838709467e+01 4.034800707648274025e-03 4.236071748273550000e-03
6.004919354838709467e+01 4.034937217835799471e-03 4.236078591981697061e-03
6.017419354838709467e+01 4.034997264102185670e-03 4.235968420926512941e-03
6.029919354838709467e+01 4.034981017793422969e-03 4.235741946265543685e-03
6.042419354838709467e+01 4.034888657005960416e-03 4.235399890182117190e-03
6.054919354838709467e+01 4.034720366480485168e-03 4.234942985508404270e-03
6.067419354838709467e+01 4.034476337496160740e-03 4.234371975356076949e-03
6.079919354838709467e+01 4.034156767765518375e-03 4.233687612748798616e-03
6.092419354838709467e+01 4.033761861329747400e-03 4.232890660264409556e-03
6.104919354838709467e+01 4.033291828454754931e-03 4.231981889678033612e-03
6.117419354838709467e+01 4.032746885527584667e-03 4.230962081612966823e-03
6.129919354838709467e+01 4.032127254953893868e-03 4.229832025195221119e-03
6.142419354838709467e+01 4.031433165055259456e-03 4.228592517714664309e-03
6.154919354838709467e+01 4.030664849968015884e-03 4.227244364288972912e-03
6.167419354838709467e+01 4.029822549541896975e-03 4.225788377536059993e-03
6.179919354838709467e+01 4.028906509239998761e-03 4.224225377247544690e-03
6.192419354838709467e+01 4.027916980038746646e-03 4.222556190070246573e-03
6.204919354838709467e+01 4.026854218329133268e-03 4.220781649192983931e-03
6.217419354838709467e+01 4.025718485818161052e-03 4.218902594034477059e-03
6.229919354838709467e+01 4.024510049431014209e-03 4.216919869941868938e-03
6.242419354838709467e+01 4.023229181214242958e-03 4.214834327888808754e-03
6.254919354838709467e+01 4.021876158239337182e-03 4.212646824183886515e-03
6.267419354838709467e+01 4.020451262506720760e-03 4.210358220177189831e-03
6.279919354838709467e+01 4.018954780851153631e-03 4.207969381979475600e-03
6.292419354838709467e+01 4.017387004847163337e-03 4.205481180180327752e-03
6.304919354838709467e+01 4.015748230715629301e-03 4.202894489573750884e-03
6.317419354838709467e+01 4.014038759230822463e-03 4.200210188887617581e-03
6.329919354838709467e+01 4.012258895628044268e-03 4.197429160518866345e-03
6.342419354838709467e+01 4.010408949512450465e-03 4.194552290272596587e-03
6.354919354838709467e+01 4.008489234768187158e-03 4.191580467106275840e-03
6.367419354838709467e+01 4.006500069468399428e-03 4.188514582878031384e-03
6.379919354838709467e+01 4.004441775785736943e-03 4.185355532100781817e-03
6.392419354838709467e+01 4.002314679904301134e-03 4.182104211699570057e-03
6.404919354838709467e+01 4.000119111931223735e-03 4.178761520774948793e-03
6.417419354838709467e+01 3.997855405810025152e-03 4.175328360369157978e-03
6.429919354838709467e+01 3.995523899234102068e-03 4.171805633237967055e-03
6.442419354838709467e+01 3.993124933561131851e-03 4.168194243627271200e-03
6.454919354838709467e+01 3.990658853728351260e-03 4.164495097052970524e-03
6.467419354838709467e+01 3.988126008168265367e-03 4.160709100086199159e-03
6.479919354838709467e+01 3.985526748725437204e-03 4.156837160141917120e-03
6.492419354838709467e+01 3.982861430573809980e-03 4.152880185273482606e-03
6.504919354838709467e+01 3.980130412134908792e-03 4.148839083969181954e-03
6.517419354838709467e+01 3.977334054996770063e-03 4.144714764954664579e-03
6.529919354838709467e+01 3.974472723833476391e-03 4.140508136999919431e-03
6.542419354838709467e+01 3.971546786325746113e-03 4.136220108728111064e-03
6.554919354838709467e+01 3.968556613081940937e-03 4.131851588430459493e-03
6.567419354838709467e+01 3.965502577560082315e-03 4.127403483885390065e-03
6.579919354838709467e+01 3.962385055990548695e-03 4.122876702179812704e-03
6.592419354838709467e+01 3.959204427299504829e-03 4.118272149536716421e-03
6.604919354838709467e+01 3.955961073032919148e-03 4.113590731144107365e-03
6.617419354838709467e+01 3.952655377281909070e-03 4.108833350990248254e-03
6.629919354838709467e+01 3.949287726607939725e-03 4.104000911701395811e-03
6.642419354838709467e+01 3.945858509969811176e-03 4.099094314383115202e-03
6.654919354838709467e+01 3.942368118650394111e-03 4.094114458466935683e-03
6.667419354838709467e+01 3.938816946184846117e-03 4.089062241558415710e-03
6.679919354838709467e+01 3.935205388289468066e-03 4.083938559290754833e-03
6.692419354838709467e+01 3.931533842790698417e-03 4.078744305180763939e-03
6.704919354838710888e+01 3.927802709555933310e-03 4.073480370489735228e-03
6.717419354838710888e+01 3.924012390423906906e-03 4.068147644086649722e-03
6.729919354838710888e+01 3.920163289136945235e-03 4.063432753357637192e-03
6.742419354838710888e+01 3.916255811272844473e-03 4.058978692451442952e-03
6.754919354838710888e+01 3.912290364178706847e-03 4.054453182642044247e-03
6.767419354838710888e+01 3.908267356904264814e-03 4.049856871438353018e-03
6.779919354838710888e+01 3.904187200137050097e-03 4.045190407558847505e-03
6.792419354838710888e+01 3.900050306137390569e-03 4.040454440820690461e-03
6.804919354838710888e+01 3.895857088674953197e-03 4.035649622029331349e-03
6.817419354838710888e+01 3.891607962965241453e-03 4.030776602870597865e-03
6.829919354838710888e+01 3.887303345607463160e-03 4.025836035804458007e-03
6.842419354838710888e+01 3.882943654522858466e-03 4.020828573960277472e-03
6.854919354838710888e+01 3.878529308893493167e-03 4.015754871034057233e-03
6.867419354838710888e+01 3.874060729102440231e-03 4.010615581187775350e-03
6.879919354838710888e+01 3.869538336673816921e-03 4.005411358949133825e-03
6.892419354838710888e+01 3.864962554214402667e-03 4.000142859114513838e-03
6.904919354838710888e+01 3.860333805355256089e-03 3.994810736652491291e-03
6.917419354838710888e+01 3.855652514694626106e-03 3.989415646610105365e-03
6.929919354838710888e+01 3.850919107740922477e-03 3.983958244019212940e-03
6.942419354838710888e+01 3.846134010857142627e-03 3.978439183805611637e-03
6.954919354838710888e+01 3.841297651205302817e-03 3.972859120699960903e-03
6.967419354838710888e+01 3.836410456692153879e-03 3.967218709149491519e-03
6.979919354838710888e+01 3.831472855914969371e-03 3.961518603231883526e-03
6.992419354838710888e+01 3.826485278108535462e-03 3.955759456569643735e-03
7.004919354838710888e+01 3.821448153092868536e-03 3.949941922248346483e-03
7.017419354838710888e+01 3.816361911220894198e-03 3.944066652733457107e-03
7.029919354838710888e+01 3.811226983327810694e-03 3.938134299791387280e-03
7.042419354838710888e+01 3.806043800680182585e-03 3.932145514409764522e-03
7.054919354838710888e+01 3.800812794926653783e-03 3.926100946721113906e-03
7.067419354838710888e+01 3.795534398048162287e-03 3.920001245926588336e-03
7.079919354838710888e+01 3.790209042310117328e-03 3.914266792975649133e-03
7.092419354838710888e+01 3.784837160214044819e-03 3.908515553434131415e-03
7.104919354838710888e+01 3.779419184450942375e-03 3.902708915101292010e-03
7.117419354838710888e+01 3.773955547854318179e-03 3.896847450333137692e-03
7.129919354838710888e+01 3.768446683354515717e-03 3.890931731451985603e-03
7.142419354838710888e+01 3.762893023933715046e-03 3.884962330676932068e-03
7.154919354838710888e+01 3.757295002580888967e-03 3.878939820054855270e-03
7.167419354838710888e+01 3.751653052248272308e-03 3.872864771393244154e-03
7.179919354838710888e+01 3.745967605807773090e-03 3.866737756193445400e-03
7.192419354838710888e+01 3.740239096008584133e-03 3.860559345585617367e-03
7.204919354838710888e+01 3.734467955434655866e-03 3.854330110264235238e-03
7.217419354838710888e+01 3.728654616463797193e-03 3.848050620425176940e-03
7.229919354838710888e+01 3.722799511226297133e-03 3.841721445703382819e-03
7.242419354838710888e+01 3.716903071565165820e-03 3.835343155112128609e-03
7.254919354838710888e+01 3.710965728996112271e-03 3.828916316982853077e-03
7.267419354838710888e+01 3.704987914668894308e-03 3.822441498906243348e-03
7.279919354838710888e+01 3.698970059328485476e-03 3.815919267674412665e-03
7.292419354838710888e+01 3.692912593277504832e-03 3.809350189224221337e-03
7.304919354838710888e+01 3.686815946339035317e-03 3.802734828580880012e-03
7.317419354838710888e+01 3.680680547819532335e-03 3.796073749803901328e-03
7.329919354838710888e+01 3.674506826473352555e-03 3.789367515932466970e-03
7.342419354838710888e+01 3.668295210466581899e-03 3.782616688933166955e-03
7.354919354838710888e+01 3.662046127342552266e-03 3.775821829647877260e-03
7.367419354838710888e+01 3.655760003987140565e-03 3.768983497742809698e-03
7.379919354838710888e+01 3.649437266595281174e-03 3.762102251658844612e-03
7.392419354838710888e+01 3.643078340637300166e-03 3.755178648562064805e-03
7.404919354838710888e+01 3.636683650826499394e-03 3.748213244296247533e-03
7.417419354838710888e+01 3.630253621086725405e-03 3.741206593335323974e-03
7.429919354838710888e+01 3.623529384087758893e-03 3.734159248737427272e-03
7.442419354838710888e+01 3.616318362528050424e-03 3.727071762099633603e-03
7.454919354838710888e+01 3.609078266928745539e-03 3.719944683513262251e-03
7.467419354838710888e+01 3.601809597081726596e-03 3.712778561520753418e-03
7.479919354838710888e+01 3.594512849841734973e-03 3.705573943073001402e-03
7.492419354838710888e+01 3.587188519113188468e-03 3.698331373487411151e-03
7.504919354838710888e+01 3.579837095837682184e-03 3.691051396407362111e-03
7.517419354838710888e+01 3.572459067982088326e-03 3.683734553761967845e-03
7.529919354838710888e+01 3.565054920527357257e-03 3.676381385726987944e-03
7.542419354838710888e+01 3.557625135457894057e-03 3.668992430686727861e-03
7.554919354838710888e+01 3.550170191751569546e-03 3.661568225196166430e-03
7.567419354838710888e+01 3.542690565370319820e-03 3.654109303944690600e-03
7.579919354838710888e+01 3.535186729251398909e-03 3.646616199720073472e-03
7.592419354838710888e+01 3.527659153299123659e-03 3.639089443373335307e-03
7.604919354838710888e+01 3.520108304377250492e-03 3.631529563784801490e-03
7.617419354838710888e+01 3.512534646301912911e-03 3.623937087830321827e-03
7.629919354838710888e+01 3.504938639835058177e-03 3.616312540348798257e-03
7.642419354838710888e+01 3.497320742678474651e-03 3.608656444110202623e-03
7.654919354838710888e+01 3.489681409468350839e-03 3.600969319784481319e-03
7.667419354838710888e+01 3.482021091770301936e-03 3.593251685911006809e-03
7.679919354838710888e+01 3.474340238074934140e-03 3.585504058869086030e-03
7.692419354838710888e+01 3.466511870603216933e-03 3.577726952848951907e-03
7.704919354838710888e+01 3.458352212624346556e-03 3.569920879823597955e-03
7.717419354838710888e+01 3.450176093260458061e-03 3.562086349521273801e-03
7.729919354838710888e+01 3.441984024531624057e-03 3.554223869398618653e-03
7.742419354838710888e+01 3.433776513837501123e-03 3.546333944614714177e-03
7.754919354838710888e+01 3.425554063958885856e-03 3.538417078005745824e-03
7.767419354838710888e+01 3.417317173059292602e-03 3.530473770060057071e-03
7.779919354838710888e+01 3.409066334688721275e-03 3.522504518894365930e-03
7.792419354838710888e+01 3.400802037787584772e-03 3.514509820230242096e-03
7.804919354838710888e+01 3.392524766691216217e-03 3.506490167371367327e-03
7.817419354838710888e+01 3.384235001134790807e-03 3.498446051181769000e-03
7.829919354838710888e+01 3.375933216260284218e-03 3.490377960063942644e-03
7.842419354838710888e+01 3.367619882622353757e-03 3.482286379938531393e-03
7.854919354838710888e+01 3.359295466196884038e-03 3.474171794223804201e-03
7.867419354838710888e+01 3.350960428387484390e-03 3.466034683816223046e-03
7.879919354838710888e+01 3.342615226035888093e-03 3.457875527071690124e-03
7.892419354838710888e+01 3.334260311430652015e-03 3.449694799786859681e-03
7.904919354838710888e+01 3.325896132316679809e-03 3.441492975181804654e-03
7.917419354838710888e+01 3.317523131906972931e-03 3.433270523882546704e-03
7.929919354838710888e+01 3.309141748892457848e-03 3.425027913904439732e-03
7.942419354838710888e+01 3.300752417454994730e-03 3.416765610636587729e-03
7.954919354838710888e+01 3.292355567279069486e-03 3.408484076825859296e-03
7.967419354838710888e+01 3.283951623564709647e-03 3.400183772562512859e-03
7.979919354838710888e+01 3.275541007040940183e-03 3.391865155265297131e-03
7.992419354838710888e+01 3.267124133979798766e-03 3.383528679668226877e-03
8.004919354838710888e+01 3.258701416211107812e-03 3.375174797806881205e-03
8.017419354838710888e+01 3.250273261136138892e-03 3.366803959005777377e-03
8.029919354838710888e+01 3.241840071744969513e-03 3.358416609866315353e-03
8.042419354838710888e+01 3.233402246630543049e-03 3.350013194254789980e-03
8.054919354838710888e+01 3.224960180005977811e-03 3.341594153291457467e-03
8.067419354838710888e+01 3.216514261721139297e-03 3.333159925339541571e-03
8.079919354838710888e+01 3.208064877279907193e-03 3.324710945995163099e-03
8.092419354838710888e+01 3.199612407857536488e-03 3.316247648077714355e-03
8.104919354838710888e+01 3.191157230319013015e-03 3.307770461620256584e-03
8.117419354838710888e+01 3.182699717237258072e-03 3.299279813861105259e-03
8.129919354838710888e+01 3.174240236911931527e-03 3.290776129235175977e-03
8.142419354838710888e+01 3.165779153388775715e-03 3.282259829366272318e-03
8.154919354838710888e+01 3.157316826478628012e-03 3.273731333059688112e-03
8.167419354838710888e+01 3.148853611778502058e-03 3.265191056295033058e-03
8.179919354838710888e+01 3.140389860690202210e-03 3.256639412219923535e-03
8.192419354838710888e+01 3.131925920442046613e-03 3.248076811143587542e-03
8.204919354838710888e+01 3.123462134109387250e-03 3.239503660531383843e-03
8.217419354838710888e+01 3.114998840635649965e-03 3.230920364999480699e-03
8.229919354838710888e+01 3.106536374853902712e-03 3.222327326309744507e-03
8.242419354838710888e+01 3.098075067508714378e-03 3.213724943365685316e-03
8.254919354838710888e+01 3.089615245277794152e-03 3.205113612207958259e-03
8.267419354838710888e+01 3.081157230794856049e-03 3.196493726010891934e-03
8.279919354838710888e+01 3.072701342671751382e-03 3.187865675079276997e-03
8.292419354838710888e+01 3.064247895521231366e-03 3.179229846845166903e-03
8.304919354838710888e+01 3.055797199980349408e-03 3.170586625865604979e-03
8.317419354838710888e+01 3.047349562733366827e-03 3.161936393820251323e-03
8.329919354838710888e+01 3.038905286535348565e-03 3.153279529509618595e-03
8.342419354838710888e+01 3.030464670236044690e-03 3.144616408853707652e-03
8.354919354838710888e+01 3.022028008803235438e-03 3.135947404890685256e-03
8.367419354838710888e+01 3.013595593347667429e-03 3.127272887776309448e-03
8.379919354838710888e+01 3.005167711146493684e-03 3.118593224783344948e-03
8.392419354838710888e+01 2.996744645668143053e-03 3.109908780301628636e-03
8.404919354838710888e+01 2.988326676596794133e-03 3.101219915838052208e-03
8.417419354838710888e+01 2.979914079857607680e-03 3.092526990017296831e-03
8.429919354838710888e+01 2.971507127640844043e-03 3.083830358582688360e-03
8.442419354838710888e+01 2.963106088427426045e-03 3.075130374397234707e-03
8.454919354838710888e+01 2.954711227014465008e-03 3.066427387445248669e-03
8.467419354838710888e+01 2.946322804539490935e-03 3.057721744834050997e-03
8.479919354838710888e+01 2.937941078507442204e-03 3.049013790795970964e-03
8.492419354838710888e+01 2.929566302814903128e-03 3.040303866690927202e-03
8.504919354838710888e+01 2.921198727776630911e-03 3.031592311008797763e-03
8.517419354838710888e+01 2.912838600150894752e-03 3.022879459372564311e-03
8.529919354838710888e+01 2.904486163165444657e-03 3.014165644541410768e-03
8.542419354838710888e+01 2.896141656544058782e-03 3.005451196414086080e-03
8.554919354838710888e+01 2.887805316531423267e-03 2.996736442032959993e-03
8.567419354838710888e+01 2.879477375920019584e-03 2.988021705587612636e-03
8.579919354838710888e+01 2.871158064076858359e-03 2.979307308419407250e-03
8.592419354838710888e+01 2.862847606968564346e-03 2.970593569025786664e-03
8.604919354838710888e+01 2.854546227187938941e-03 2.961880803065072409e-03
8.617419354838710888e+01 2.846254143981492846e-03 2.953169323361491943e-03
8.629919354838710888e+01 2.837971573274284277e-03 2.944459439910332953e-03
8.642419354838710888e+01 2.829698727697001464e-03 2.935751459883471481e-03
8.654919354838710888e+01 2.821435816613229036e-03 2.927045687634942991e-03
8.667419354838710888e+01 2.813183046144432809e-03 2.918342424706866015e-03
8.679919354838710888e+01 2.804940619197701050e-03 2.909641969835726621e-03
8.692419354838710888e+01 2.796708735491819104e-03 2.900944618958389235e-03
8.704919354838710888e+01 2.788487591583704416e-03 2.892250665219015145e-03
8.717419354838710888e+01 2.780277380895625206e-03 2.883560398975490522e-03
8.729919354838710888e+01 2.772078293740473653e-03 2.874874107806481543e-03
8.742419354838710888e+01 2.763890517350148148e-03 2.866192076518697240e-03
8.754919354838710888e+01 2.755714235900418810e-03 2.857514587154063018e-03
8.767419354838710888e+01 2.747549630538433270e-03 2.848841918997398540e-03
8.779919354838710888e+01 2.739396879408769175e-03 2.840174348583847982e-03
8.792419354838710888e+01 2.731256157680672821e-03 2.831512149707209741e-03
8.804919354838710888e+01 2.723127637573336673e-03 2.822855593427633838e-03
8.817419354838710888e+01 2.715011488383607674e-03 2.814204948079995858e-03
8.829919354838710888e+01 2.706907876511502418e-03 2.805560479282332050e-03
8.842419354838710888e+01 2.698816965486961796e-03 2.796922449944405815e-03
8.854919354838710888e+01 2.690738915996530606e-03 2.788291120276422969e-03
8.867419354838710888e+01 2.682673885908718348e-03 2.779666747797955584e-03
8.879919354838710888e+01 2.674622030300906946e-03 2.771049587346948676e-03
8.892419354838710888e+01 2.666583501485800083e-03 2.762439891089040443e-03
8.904919354838710888e+01 2.658558449036979143e-03 2.753837908526699050e-03
8.917419354838710888e+01 2.650547019814845570e-03 2.745243886509004735e-03
8.929919354838710888e+01 2.642549357993501276e-03 2.736658069240998237e-03
8.942419354838710888e+01 2.634565605085691792e-03 2.728080698293646345e-03
8.954919354838710888e+01 2.626595899969352312e-03 2.719512012613727221e-03
8.967419354838710888e+01 2.618640378913242566e-03 2.710952248533717891e-03
8.979919354838710888e+01 2.610699175602372232e-03 2.702401639782202152e-03
8.992419354838710888e+01 2.602772421164193956e-03 2.693860417493923291e-03
9.004919354838710888e+01 2.594860244193368699e-03 2.685328810220299553e-03
9.017419354838710888e+01 2.586962770778300502e-03 2.676807043940044109e-03
9.029919354838710888e+01 2.579080124525428251e-03 2.668295342069561260e-03
9.042419354838710888e+01 2.571212426585276455e-03 2.659793925474012669e-03
9.054919354838710888e+01 2.563359795677128215e-03 2.651303012477833690e-03
9.067419354838710888e+01 2.555522348114958042e-03 2.642822818875996058e-03
9.079919354838710888e+01 2.547700197831349357e-03 2.634353557944931878e-03
9.092419354838710888e+01 2.539893456402801935e-03 2.625895440453680091e-03
9.104919354838710888e+01 2.532102233075328186e-03 2.617448674675224626e-03
9.117419354838710888e+01 2.524326634787797327e-03 2.609013466397832551e-03
9.129919354838710888e+01 2.516566766197563323e-03 2.600590018936483738e-03
9.142419354838710888e+01 2.508822729704376746e-03 2.592178533144411535e-03
9.154919354838710888e+01 2.501094625474988356e-03 2.583779207424669478e-03
9.167419354838710888e+01 2.493382551467520237e-03 2.575392237742045801e-03
9.179919354838710888e+01 2.485686603455126986e-03 2.567017817634545136e-03
9.192419354838710888e+01 2.478006875050445777e-03 2.558656138225481273e-03
9.204919354838710888e+01 2.470343457729445337e-03 2.550307388235315345e-03
9.217419354838710888e+01 2.462696440855219413e-03 2.541971753993700015e-03
9.229919354838710888e+01 2.455065911700826144e-03 2.533649419451536669e-03
9.242419354838710888e+01 2.447451955474672265e-03 2.525340566193141900e-03
9.254919354838710888e+01 2.439854655341605182e-03 2.517045373448446519e-03
9.267419354838710888e+01 2.432274092448166638e-03 2.508764018105286066e-03
9.279919354838710888e+01 2.424710345944498802e-03 2.500496674721666181e-03
9.292419354838710888e+01 2.417163493007747858e-03 2.492243515538330231e-03
9.304919354838710888e+01 2.409633608865263763e-03 2.484004710490967001e-03
9.317419354838710888e+01 2.402120766816603914e-03 2.475780427222924480e-03
9.329919354838710888e+01 2.394625038256899870e-03 2.467570831097592749e-03
9.342419354838710888e+01 2.387146492699035363e-03 2.459376085211132084e-03
9.354919354838710888e+01 2.379685197795600952e-03 2.451196350405117786e-03
9.367419354838710888e+01 2.372241219361781537e-03 2.443031785279070091e-03
9.379919354838710888e+01 2.364814621397097211e-03 2.434882546203460257e-03
9.392419354838710888e+01 2.357405466106992763e-03 2.426748787332212286e-03
9.404919354838710888e+01 2.350013813925238160e-03 2.418630660615666943e-03
9.417419354838710888e+01 2.342639723535212305e-03 2.410528315813449934e-03
9.429919354838710888e+01 2.335283251891288707e-03 2.402441900507248582e-03
9.442419354838710888e+01 2.327944454240528198e-03 2.394371560113859546e-03
9.454919354838710888e+01 2.320623384143534647e-03 2.386317437898000625e-03
9.467419354838710888e+01 2.313320093495713561e-03 2.378279674985364980e-03
9.479919354838710888e+01 2.306034632548151653e-03 2.370258410375651083e-03
9.492419354838710888e+01 2.298767049928557987e-03 2.362253780955496808e-03
9.504919354838710888e+01 2.291517392661333429e-03 2.354265921511618665e-03
9.517419354838710888e+01 2.284285706188694809e-03 2.346294964743821359e-03
9.529919354838710888e+01 2.277072034390811156e-03 2.338341041278177782e-03
9.542419354838710888e+01 2.269876419605357937e-03 2.330404279679981327e-03
9.554919354838710888e+01 2.262698902648650322e-03 2.322484806467027801e-03
9.567419354838710888e+01 2.255539522834539533e-03 2.314582746122679190e-03
9.579919354838710888e+01 2.248398317994954564e-03 2.306698221109005058e-03
9.592419354838710888e+01 2.241275324498448549e-03 2.298831351880030200e-03
9.604919354838710888e+01 2.234170577270625131e-03 2.290982256894803608e-03
9.617419354838710888e+01 2.227084109813036103e-03 2.283205340499137089e-03
9.629919354838710888e+01 2.220015954222031782e-03 2.275644810253591929e-03
9.642419354838710888e+01 2.212966141208047664e-03 2.268101463814470135e-03
9.654919354838710888e+01 2.205934700114666868e-03 2.260575388268036123e-03
9.667419354838710888e+01 2.198921658936453527e-03 2.253066669091791704e-03
9.679919354838710888e+01 2.191927044338292351e-03 2.245575390167136969e-03
9.692419354838710888e+01 2.184950881673397658e-03 2.238101633792012081e-03
9.704919354838710888e+01 2.177993195001452949e-03 2.230645480693516525e-03
9.717419354838710888e+01 2.171054007106877105e-03 2.223207010040423835e-03
9.729919354838710888e+01 2.164133339516687276e-03 2.215786299455709332e-03
9.742419354838710888e+01 2.157231212517872997e-03 2.208383425029046207e-03
9.754919354838710888e+01 2.150347645175751735e-03 2.200998461329192312e-03
9.767419354838710888e+01 2.143482655350663867e-03 2.193631481416390833e-03
9.779919354838710888e+01 2.136636259715622623e-03 2.186282556854728457e-03
9.792419354838710888e+01 2.129808473773529918e-03 2.178951757724384691e-03
9.804919354838710888e+01 2.122999311873905587e-03 2.171639152633932784e-03
9.817419354838710888e+01 2.116208787230173041e-03 2.164344808732526597e-03
9.829919354838710888e+01 2.109436911935603978e-03 2.157068791722023277e-03
9.842419354838710888e+01 2.102683696980845590e-03 2.149811165869155386e-03
9.854919354838710888e+01 2.095949152269259430e-03 2.142571994017557300e-03
9.867419354838710888e+01 2.089233286634088662e-03 2.135351337599783374e-03
9.879919354838710888e+01 2.082536107853653375e-03 2.128149256649293150e-03
9.892419354838710888e+01 2.075857622668444979e-03 2.120965809812359795e-03
9.904919354838710888e+01 2.069197836795615923e-03 2.113801054359945152e-03
9.917419354838710888e+01 2.062556754945405781e-03 2.106655046199516681e-03
9.929919354838710888e+01 2.055934380836706502e-03 2.099527839886836632e-03
9.942419354838710888e+01 2.049330717211860463e-03 2.092419488637672301e-03
9.954919354838710888e+01 2.042745765852210967e-03 2.085330044339452939e-03
9.967419354838710888e+01 2.036179527593141424e-03 2.078259557562928822e-03
9.979919354838710888e+01 2.029632002339106737e-03 2.071512268087489887e-03
9.992419354838710888e+01 2.023103189077649858e-03 2.064970777896652648e-03
1.000491935483871089e+02 2.016593085895277554e-03 2.058446520394901016e-03
1.001741935483871089e+02 2.010101689990579244e-03 2.051939489199126974e-03
1.002991935483871089e+02 2.003628997689574105e-03 2.045449677366741222e-03
1.004241935483871089e+02 1.997175004459130019e-03 2.038977077406505661e-03
1.005491935483871089e+02 1.990739704921558675e-03 2.032521681289848128e-03
1.006741935483871089e+02 1.984323092868367153e-03 2.026083480462316337e-03
1.007991935483871089e+02 1.977925161273453528e-03 2.019662465854430745e-03
1.009241935483871089e+02 1.971545902307558860e-03 2.013258627892035215e-03
1.010491935483871089e+02 1.965185307351094597e-03 2.006871956506846300e-03
1.011741935483871089e+02 1.958843367007782714e-03 2.000502441147327792e-03
1.012991935483871089e+02 1.952520071117534294e-03 1.994150070788757757e-03
1.014241935483871089e+02 1.946215408769884098e-03 1.987814833943158960e-03
1.015491935483871089e+02 1.939929368316589643e-03 1.981496718669721081e-03
1.016741935483871089e+02 1.933566663071173116e-03 1.975195712583729338e-03
1.017991935483871089e+02 1.927073968263297082e-03 1.968911802866784178e-03
1.019241935483871089e+02 1.920600688420045750e-03 1.962644976276887391e-03
1.020491935483871089e+02 1.914146836694190527e-03 1.956395219156398853e-03
1.021741935483871089e+02 1.907712425232975561e-03 1.950162517441975411e-03
1.022991935483871089e+02 1.901297465189406670e-03 1.943946856674444272e-03
1.024241935483871089e+02 1.894901966733422965e-03 1.937748222005821483e-03
1.025491935483871089e+02 1.888525939063082342e-03 1.931566598210111016e-03
1.026741935483871089e+02 1.882169390416078099e-03 1.925401969690205065e-03
1.027991935483871089e+02 1.875832328080108023e-03 1.919254320487250899e-03
1.029241935483871089e+02 1.869514758404463434e-03 1.913123634289406018e-03
1.030491935483871089e+02 1.863216686810359240e-03 1.907009894438790919e-03
1.031741935483871089e+02 1.856938117802316764e-03 1.900913083940754039e-03
1.032991935483871089e+02 1.850679054978492718e-03 1.894833185471278807e-03
1.034241935483871089e+02 1.844439501041562641e-03 1.888770181384493048e-03
1.035491935483871089e+02 1.838219457808981574e-03 1.882724053720973749e-03
1.036741935483871089e+02 1.832018926223978952e-03 1.876694784215229145e-03
1.037991935483871089e+02 1.825837906366012051e-03 1.870682354302151450e-03
1.039241935483871089e+02 1.819676397460297853e-03 1.864686745126100309e-03
1.040491935483871089e+02 1.813534397889341159e-03 1.858707937546020010e-03
1.041741935483871089e+02 1.807411905202088069e-03 1.852745912143936814e-03
1.042991935483871089e+02 1.801308916124902881e-03 1.846800649231679489e-03
1.044241935483871089e+02 1.795225426570964218e-03 1.840872128856807293e-03
1.045491935483871089e+02 1.789161431650937049e-03 1.834960330810018764e-03
1.046741935483871089e+02 1.783116925682042475e-03 1.829065234632138316e-03
1.047991935483871089e+02 1.777091902199220454e-03 1.823186819619315854e-03
1.049241935483871089e+02 1.771086353963275198e-03 1.817325064830452482e-03
1.050491935483871089e+02 1.765100272972006459e-03 1.811479949092719734e-03
1.051741935483871089e+02 1.759133650469261317e-03 1.805651451007792658e-03
1.052991935483871089e+02 1.753186476954316647e-03 1.799839548958525682e-03
1.054241935483871089e+02 1.747258742191679657e-03 1.794044221113763431e-03
1.055491935483871089e+02 1.741350435220637540e-03 1.788265445434599615e-03
1.056741935483871089e+02 1.735461544364161161e-03 1.782503199680464607e-03
1.057991935483871089e+02 1.729592057238598908e-03 1.776757461413731995e-03
1.059241935483871089e+02 1.723741960762696169e-03 1.771028208005911118e-03
1.060491935483871089e+02 1.717911241166675306e-03 1.765315416642884629e-03
1.061741935483871089e+02 1.712099884001777074e-03 1.759619064329519169e-03
1.062991935483871089e+02 1.706307874148340958e-03 1.753939127896161042e-03
1.064241935483871089e+02 1.700535195825664692e-03 1.748275584001984231e-03
1.065491935483871089e+02 1.694781832600456267e-03 1.742628409141043283e-03
1.066741935483871089e+02 1.689047767395673210e-03 1.736997579647049216e-03
1.067991935483871089e+02 1.683332982498982186e-03 1.731383071697524187e-03
1.069241935483871089e+02 1.677637459571829645e-03 1.725784861318935834e-03
1.070491935483871089e+02 1.671961179657974715e-03 1.720202924391593322e-03
1.071741935483871089e+02 1.666304123191601197e-03 1.714637236652901244e-03
1.072991935483871089e+02 1.660666270006185908e-03 1.709087773702849377e-03
1.074241935483871089e+02 1.655047599342624343e-03 1.703554511008244319e-03
1.075491935483871089e+02 1.649448089857758143e-03 1.698037423905999826e-03
1.076741935483871089e+02 1.643867719632410331e-03 1.692536487608442466e-03
1.077991935483871089e+02 1.638306466179568870e-03 1.687051677206229420e-03
1.079241935483871089e+02 1.632764306452524905e-03 1.681582967672958949e-03
1.080491935483871089e+02 1.627241216853134165e-03 1.676130333869183453e-03
1.081741935483871089e+02 1.621737173239312917e-03 1.670693750545397538e-03
1.082991935483871089e+02 1.616252150933327131e-03 1.665273192346182485e-03
1.084241935483871089e+02 1.610786124729513295e-03 1.659868633814283066e-03
1.085491935483871089e+02 1.605339068901921610e-03 1.654480049392996694e-03
1.086741935483871089e+02 1.599910957212313497e-03 1.649107413431079435e-03
1.087991935483871089e+02 1.594501762917352461e-03 1.643750700184686518e-03
1.089241935483871089e+02 1.589111458776690721e-03 1.638409883821349833e-03
1.090491935483871089e+02 1.583740017059955592e-03 1.633084938423645573e-03
1.091741935483871089e+02 1.578387409554773664e-03 1.627775837991467375e-03
1.092991935483871089e+02 1.573053607573437346e-03 1.622482556445482534e-03
1.094241935483871089e+02 1.567587733320864162e-03 1.617205067630377024e-03
1.095491935483871089e+02 1.562094332633573012e-03 1.611943345317485990e-03
1.096741935483871089e+02 1.556620161641138504e-03 1.606697363207547835e-03
1.097991935483871089e+02 1.551165203783312239e-03 1.601467094934151333e-03
1.099241935483871089e+02 1.545729441922538954e-03 1.596252514065403787e-03
1.100491935483871089e+02 1.540312858350860068e-03 1.591053594107761943e-03
1.101741935483871089e+02 1.534915434796724426e-03 1.585870308507801628e-03
1.102991935483871089e+02 1.529537152431794051e-03 1.580702630654920665e-03
1.104241935483871089e+02 1.524177991877652535e-03 1.575550533884259932e-03
1.105491935483871089e+02 1.518837933212530784e-03 1.570413991478403822e-03
1.106741935483871089e+02 1.513516955977946016e-03 1.565292976670106364e-03
1.107991935483871089e+02 1.508215039185290028e-03 1.560187462645017988e-03
1.109241935483871089e+02 1.502932161322366933e-03 1.555097422542828494e-03
1.110491935483871089e+02 1.497668300359948461e-03 1.550022829460662556e-03
1.111741935483871089e+02 1.492423433758193309e-03 1.544963656454199702e-03
1.112991935483871089e+02 1.487197538473079709e-03 1.539919876540214163e-03
1.114241935483871089e+02 1.481990590962756031e-03 1.534891462698674113e-03
1.115491935483871089e+02 1.476798245842998606e-03 1.529878387874329801e-03
1.116741935483871089e+02 1.471574949122577422e-03 1.524880624978747949e-03
1.117991935483871089e+02 1.466372675837000587e-03 1.519898146892381934e-03
1.119241935483871089e+02 1.461191389757052943e-03 1.514930926466201118e-03
1.120491935483871089e+02 1.456031054091321475e-03 1.509978936523131325e-03
1.121741935483871089e+02 1.450891631494159208e-03 1.505042149860330580e-03
1.122991935483871089e+02 1.445773084073629375e-03 1.500120539250185273e-03
1.124241935483871089e+02 1.440675373399253993e-03 1.495214077442793632e-03
1.125491935483871089e+02 1.435598460509901215e-03 1.490322737166312455e-03
1.126741935483871089e+02 1.430542305921356748e-03 1.485446491129437975e-03
1.127991935483871089e+02 1.425506869634127075e-03 1.480585312022544928e-03
1.129241935483871089e+02 1.420492111140999377e-03 1.475739172519019904e-03
1.130491935483871089e+02 1.415497989434561345e-03 1.470908045276447893e-03
1.131741935483871089e+02 1.410524463014774764e-03 1.466091902938664038e-03
1.132991935483871089e+02 1.405571489896377362e-03 1.461290718135909968e-03
1.134241935483871089e+02 1.400639027616267743e-03 1.456504463487303183e-03
1.135491935483871089e+02 1.395727033240879919e-03 1.451733111601006404e-03
1.136741935483871089e+02 1.390835463373415364e-03 1.446976635075879680e-03
1.137991935483871089e+02 1.385964274161170275e-03 1.442235006502701200e-03
1.139241935483871089e+02 1.381113421302529974e-03 1.437508198464809575e-03
1.140491935483871089e+02 1.376282860054308527e-03 1.432796183539498122e-03
1.141741935483871089e+02 1.371472545238643830e-03 1.428098934299013847e-03
1.142991935483871089e+02 1.366682431250102392e-03 1.423416423311391846e-03
1.144241935483871089e+02 1.361912472062614971e-03 1.418748623141203842e-03
1.145491935483871089e+02 1.357162621236367986e-03 1.414095506351031829e-03
1.146741935483871089e+02 1.352432831924693397e-03 1.409457045501685997e-03
1.147991935483871089e+02 1.347723056880813317e-03 1.404833213153526376e-03
1.149241935483871089e+02 1.343033248464620393e-03 1.400223981867019466e-03
1.150491935483871089e+02 1.338363358649405279e-03 1.395629324203317848e-03
1.151741935483871089e+02 1.333713339028418880e-03 1.391049212725673553e-03
1.152991935483871089e+02 1.329083140821561877e-03 1.386483619999235315e-03
1.154241935483871089e+02 1.324472714881805811e-03 1.381932518592337254e-03
1.155491935483871089e+02 1.319882011701762692e-03 1.377395881077110151e-03
1.156741935483871089e+02 1.315310981420115405e-03 1.372873680029754011e-03
1.157991935483871089e+02 1.310759573827940342e-03 1.368365888031436873e-03
1.159241935483871089e+02 1.306227738375113521e-03 1.363872477668738896e-03
1.160491935483871089e+02 1.301715424176531953e-03 1.359393421534260812e-03
1.161741935483871089e+02 1.297222580018338916e-03 1.354928692227115507e-03
1.162991935483871089e+02 1.292749154364157896e-03 1.350478262353141173e-03
1.164241935483871089e+02 1.288295095361140273e-03 1.346042104525615362e-03
1.165491935483871089e+02 1.283860350846130309e-03 1.341620191365828748e-03
1.166741935483871089e+02 1.279444868351607006e-03 1.337212495503209810e-03
1.167991935483871089e+02 1.275048595111679967e-03 1.332818989575719048e-03
1.169241935483871089e+02 1.270671478068066164e-03 1.328439646230440089e-03
1.170491935483871089e+02 1.266313463875876543e-03 1.324074438123502926e-03
1.171741935483871089e+02 1.261974498909537506e-03 1.319723337921272855e-03
1.172991935483871089e+02 1.257654529268473860e-03 1.315386318299389653e-03
1.174241935483871089e+02 1.253353500782880244e-03 1.311063351943898836e-03
1.175491935483871089e+02 1.249071359019430323e-03 1.306754411551610748e-03
1.176741935483871089e+02 1.244808049286828333e-03 1.302459469829559758e-03
1.177991935483871089e+02 1.240563516641454526e-03 1.298178499495918027e-03
1.179241935483871089e+02 1.236337705892854699e-03 1.293911473280103062e-03
1.180491935483871089e+02 1.232130561609254011e-03 1.289658363922391521e-03
1.181741935483871089e+02 1.227942028122979302e-03 1.285419144175024234e-03
1.182991935483871089e+02 1.223772049535811358e-03 1.281193786801561102e-03
1.184241935483871089e+02 1.219620569724406576e-03 1.276982264577154313e-03
1.185491935483871089e+02 1.215487532345492245e-03 1.272784550289143357e-03
1.186741935483871089e+02 1.211372880841197564e-03 1.268600616736450474e-03
1.187991935483871089e+02 1.207234724835380690e-03 1.264430436730080900e-03
1.189241935483871089e+02 1.203106193370844955e-03 1.260273983093221535e-03
1.190491935483871089e+02 1.198994457474069361e-03 1.256131228661180009e-03
1.191741935483871089e+02 1.194899473384186585e-03 1.252002146281071997e-03
1.192991935483871089e+02 1.190821197158939025e-03 1.247886708812873113e-03
1.194241935483871089e+02 1.186759584678492158e-03 1.243784889128075801e-03
1.195491935483871089e+02 1.182714591649176557e-03 1.239696660110780908e-03
1.196741935483871089e+02 1.178686173607273275e-03 1.235621994657005746e-03
1.197991935483871089e+02 1.174674285922673459e-03 1.231560865675033426e-03
1.199241935483871089e+02 1.170678883802551409e-03 1.227513246085308119e-03
1.200491935483871089e+02 1.166699922295017259e-03 1.223479108820195015e-03
1.201741935483871089e+02 1.162638514426173227e-03 1.219458426824071616e-03
1.202991935483871089e+02 1.158578251590597049e-03 1.215451173053296724e-03
1.204241935483871089e+02 1.154534876393695057e-03 1.211457320476163387e-03
1.205491935483871089e+02 1.150508348083958098e-03 1.207476842072489941e-03
1.206741935483871089e+02 1.146498625676294764e-03 1.203509710833998393e-03
1.207991935483871089e+02 1.142505667956003699e-03 1.199555899763710956e-03
1.209241935483871089e+02 1.138529433482715755e-03 1.195615381876275092e-03
1.210491935483871089e+02 1.134569880594436982e-03 1.191688130197538723e-03
1.211741935483871089e+02 1.130626967411323168e-03 1.187774117764398441e-03
1.212991935483871089e+02 1.126700651839692259e-03 1.183873317625049743e-03
1.214241935483871089e+02 1.122790891575711075e-03 1.179985702838335856e-03
1.215491935483871089e+02 1.118897644109387128e-03 1.176111246473970006e-03
1.216741935483871089e+02 1.115020866728291121e-03 1.172249921612196271e-03
1.217991935483871089e+02 1.111160516521256464e-03 1.168401701343449364e-03
1.219241935483871089e+02 1.107316550382191978e-03 1.164566558768715667e-03
1.220491935483871089e+02 1.103488925013793769e-03 1.160744466998677588e-03
1.221741935483871089e+02 1.099677596931140661e-03 1.156935399154068516e-03
1.222991935483871089e+02 1.095882522465471774e-03 1.153139328365293797e-03
1.224241935483871089e+02 1.092103657767637534e-03 1.149356227772050385e-03
1.225491935483871089e+02 1.088340958811851236e-03 1.145586070523278059e-03
1.226741935483871089e+02 1.084594381399197303e-03 1.141828829777353062e-03
1.227991935483871089e+02 1.080863881161064737e-03 1.138084478701015386e-03
1.229241935483871089e+02 1.077149413562839692e-03 1.134352990469826745e-03
1.230491935483871089e+02 1.073450933907252628e-03 1.130634338267866778e-03
1.231741935483871089e+02 1.069768397337876164e-03 1.126928495287128715e-03
1.232991935483871089e+02 1.066101758842508650e-03 1.123235434727940484e-03
1.234241935483871089e+02 1.062450973256655112e-03 1.119555129798008005e-03
1.235491935483871089e+02 1.058815995266798289e-03 1.115887553712689934e-03
1.236741935483871089e+02 1.055196779413842059e-03 1.112232679694571784e-03
1.237991935483871089e+02 1.051593280096290968e-03 1.108590480973560902e-03
1.239241935483871089e+02 1.048005451573688239e-03 1.104960930785902446e-03
1.240491935483871089e+02 1.044433247969799201e-03 1.101344002374795000e-03
1.241741935483871089e+02 1.040876623275788010e-03 1.097739668989489593e-03
1.242991935483871089e+02 1.037335531353562402e-03 1.094147903885540158e-03
1.244241935483871089e+02 1.033809925938876037e-03 1.090568680324215459e-03
1.245491935483871089e+02 1.030299760644442326e-03 1.087001971572312386e-03
1.246741935483871089e+02 1.026804988963126320e-03 1.083447750902254408e-03
1.247991935483871089e+02 1.023325564271034471e-03 1.079905991591245239e-03
1.249241935483871089e+02 1.019861439830577069e-03 1.076376666921563530e-03
1.250491935483871089e+02 1.016412568793552147e-03 1.072859750180126795e-03
1.251741935483871089e+02 1.012978904204066104e-03 1.069355214658060773e-03
1.252991935483871089e+02 1.009560399001670303e-03 1.065863033650682294e-03
1.254241935483871089e+02 1.006157006024264132e-03 1.062383180457306727e-03
1.255491935483871089e+02 1.002768678010983964e-03 1.058915628380681807e-03
1.256741935483871089e+02 9.993953676052335072e-04 1.055460350727218137e-03
1.257991935483871089e+02 9.960370273575398087e-04 1.052017320806110986e-03
1.259241935483871089e+02 9.926936097283730470e-04 1.048586511929786545e-03
1.260491935483871089e+02 9.893650670910422197e-04 1.045167897413268104e-03
1.261741935483871089e+02 9.860513517344982395e-04 1.041761450573923213e-03
1.262991935483871089e+02 9.827524158661485234e-04 1.038367144731196755e-03
1.264241935483871089e+02 9.794682116146364529e-04 1.034984953206784415e-03
1.265491935483871089e+02 9.761986910324730584e-04 1.031614849323911906e-03
1.266741935483871089e+02 9.729438060989427893e-04 1.028256806407148267e-03
1.267991935483871089e+02 9.697035087226756750e-04 1.024910797782572830e-03
1.269241935483871089e+02 9.664777507443294245e-04 1.021576796777034059e-03
1.270491935483871089e+02 9.632664839392605753e-04 1.018254776718529458e-03
1.271741935483871089e+02 9.600696600201748254e-04 1.014944710935260577e-03
1.272991935483871089e+02 9.568872306396781612e-04 1.011646572755784800e-03
1.274241935483871089e+02 9.537191473928697269e-04 1.008360335509034212e-03
1.275491935483871089e+02 9.505653618198959881e-04 1.005085972523530420e-03
1.276741935483871089e+02 9.474258254084876561e-04 1.001823457127668394e-03
1.277991935483871089e+02 9.443004895965039858e-04 9.985727626492780194e-04
1.279241935483871089e+02 9.411893057742749770e-04 9.953338624153450220e-04
1.280491935483871089e+02 9.380922252872402143e-04 9.921067297520124850e-04
1.281741935483871089e+02 9.350091994382797936e-04 9.888913379843403736e-04
1.282991935483871089e+02 9.319401794901428261e-04 9.856876604357506406e-04
1.284241935483871089e+02 9.288851166678366951e-04 9.824956704283628953e-04
1.285491935483871089e+02 9.258439621610175044e-04 9.793153412824824426e-04
1.286741935483871089e+02 9.228166671263310882e-04 9.761466463163198009e-04
1.287991935483871089e+02 9.198031826897000267e-04 9.729895588462285751e-04
1.289241935483871089e+02 9.168034599486596685e-04 9.698440521860169890e-04
1.290491935483871089e+02 9.138174499746282327e-04 9.667100996469513543e-04
1.291741935483871089e+02 9.108451038151994632e-04 9.635876745378622139e-04
1.292991935483871089e+02 9.078863724962498837e-04 9.604767501646444168e-04
1.294241935483871089e+02 9.049412070243023588e-04 9.573772998301066303e-04
1.295491935483871089e+02 9.020095583886588277e-04 9.542892968339433679e-04
1.296741935483871089e+02 8.990913775635432301e-04 9.512127144723027177e-04
1.297991935483871089e+02 8.961866155102629714e-04 9.481475260381665724e-04
1.299241935483871089e+02 8.932952231793449098e-04 9.450937048205259846e-04
1.300491935483871089e+02 8.904171515126644036e-04 9.420512241047596623e-04
1.301741935483871089e+02 8.875523514454562897e-04 9.390200571723104428e-04
1.302991935483871089e+02 8.847007739084546650e-04 9.360001773002605023e-04
1.304241935483871089e+02 8.818623698298920467e-04 9.329915577619412193e-04
1.305491935483871089e+02 8.790370901375475386e-04 9.299941718258801981e-04
1.306741935483871089e+02 8.762248857606803974e-04 9.270079927561960262e-04
1.307991935483871089e+02 8.734257076321038944e-04 9.240329938125284521e-04
1.309241935483871089e+02 8.706395066901021851e-04 9.210691482497100884e-04
1.310491935483871089e+02 8.678662338803390473e-04 9.181164293176166842e-04
1.311741935483871089e+02 8.651058401578161665e-04 9.151748102613556672e-04
1.312991935483871089e+02 8.623582764887518419e-04 9.122442643207984191e-04
1.314241935483871089e+02 8.596234938524858213e-04 9.093247647305367993e-04
1.315491935483871089e+02 8.569014432433357800e-04 9.064162847203451230e-04
1.316741935483871089e+02 8.541920756723514517e-04 9.035187975141043080e-04
1.317991935483871089e+02 8.514953421692781190e-04 9.006322763306625137e-04
1.319241935483871089e+02 8.488111937842653153e-04 8.977566943830094133e-04
1.320491935483871089e+02 8.461395815896168363e-04 8.948920248786491590e-04
1.321741935483871089e+02 8.434804566816730227e-04 8.920382410194232234e-04
1.322991935483871089e+02 8.408337701824227526e-04 8.891953160014098943e-04
1.324241935483871089e+02 8.381994732413286953e-04 8.863632230146896527e-04
1.325491935483871089e+02 8.355775170369618551e-04 8.835419352438709031e-04
1.326741935483871089e+02 8.329678527787085385e-04 8.807314258671664498e-04
1.327991935483871089e+02 8.303704317084673481e-04 8.779316680571205627e-04
1.329241935483871089e+02 8.277852051022783044e-04 8.751426349800390126e-04
1.330491935483871089e+02 8.252121242718942883e-04 8.723642997961230782e-04
1.331741935483871089e+02 8.226511405665079589e-04 8.695966356597876513e-04
1.332991935483871089e+02 8.201022053742838391e-04 8.668396157189638780e-04
1.334241935483871089e+02 8.175652701238656818e-04 8.640932131154711480e-04
1.335491935483871089e+02 8.150402862860898351e-04 8.613574009849913997e-04
1.336741935483871089e+02 8.125272053753815858e-04 8.586321524571714683e-04
1.337991935483871089e+02 8.100259789513666094e-04 8.559174406550667819e-04
1.339241935483871089e+02 8.075365586203332334e-04 8.532132386957677053e-04
1.340491935483871089e+02 8.050588960367168184e-04 8.505195196900510769e-04
1.341741935483871089e+02 8.025929429046143888e-04 8.478362567425418638e-04
1.342991935483871089e+02 8.001386509791921439e-04 8.451634229514734444e-04
1.344241935483871089e+02 7.976959720681005587e-04 8.425009914088978352e-04
1.345491935483871089e+02 7.952648580329898815e-04 8.398489352009288773e-04
1.346741935483871089e+02 7.928452607908025029e-04 8.372072274071049426e-04
1.347991935483871089e+02 7.904371323152138609e-04 8.345758411011180598e-04
1.349241935483871089e+02 7.880404246380050401e-04 8.319547493504629576e-04
1.350491935483871089e+02 7.856550898503799696e-04 8.293439252165345351e-04
1.351741935483871089e+02 7.832810801043398660e-04 8.267433417545631347e-04
1.352991935483871089e+02 7.809183476139707229e-04 8.241529720139840380e-04
1.354241935483871089e+02 7.785668446567408849e-04 8.216071885409154335e-04
1.355491935483871089e+02 7.762265235748273514e-04 8.193256320159188547e-04
1.356741935483871089e+02 7.738973367763732347e-04 8.170534404143023430e-04
1.357991935483871089e+02 7.715792367366749614e-04 8.147905688197803640e-04
1.359241935483871089e+02 7.692721759995306942e-04 8.125369724836158667e-04
1.360491935483871089e+02 7.669761071783760343e-04 8.102926068244328253e-04
1.361741935483871089e+02 7.646909829575437552e-04 8.080574274286917704e-04
1.362991935483871089e+02 7.624167560934285619e-04 8.058313900507761999e-04
1.364241935483871089e+02 7.601533794156458855e-04 8.036144506132266579e-04
1.365491935483871089e+02 7.579008058282603929e-04 8.014065652068620574e-04
1.366741935483871089e+02 7.556589883108483967e-04 7.992076900909010021e-04
1.367991935483871089e+02 7.534278799196795270e-04 7.970177816931891439e-04
1.369241935483871089e+02 7.512074337888308573e-04 7.948367966101548389e-04
1.370491935483871089e+02 7.489976031312784799e-04 7.926646916071753909e-04
1.371741935483871089e+02 7.467983412399534096e-04 7.905014236185010489e-04
1.372991935483871089e+02 7.446096014888768525e-04 7.883469497473226612e-04
1.374241935483871089e+02 7.424313373341597314e-04 7.862012272659773485e-04
1.375491935483871089e+02 7.402635023150887315e-04 7.840642136159096899e-04
1.376741935483871089e+02 7.381060500551152011e-04 7.819358664078461703e-04
1.377991935483871089e+02 7.359589342628920826e-04 7.798161434218183830e-04
1.379241935483871089e+02 7.338221087332796183e-04 7.777050026068365761e-04
1.380491935483871089e+02 7.316955273483112662e-04 7.756024020815911312e-04
1.381741935483871089e+02 7.295791440781675304e-04 7.735083001339253164e-04
1.382991935483871089e+02 7.274729129821591155e-04 7.714226552211433073e-04
1.384241935483871089e+02 7.253767882096600998e-04 7.693454259696364634e-04
1.385491935483871089e+02 7.232907240010124847e-04 7.672765711753576660e-04
1.386741935483871089e+02 7.212146746884650055e-04 7.652160498034607126e-04
1.387991935483871089e+02 7.191485946970839699e-04 7.631638209883216759e-04
1.389241935483871089e+02 7.170924385456491339e-04 7.611198440336340966e-04
1.390491935483871089e+02 7.150461608474871283e-04 7.590840784119811573e-04
1.391741935483871089e+02 7.130097163114066912e-04 7.570564837653128397e-04
1.392991935483871089e+02 7.109830597424662835e-04 7.550370199044883915e-04
1.394241935483871089e+02 7.089661460428835172e-04 7.530256468093064672e-04
1.395491935483871089e+02 7.069589302128209858e-04 7.510223246283135494e-04
1.396741935483871089e+02 7.049613673512350855e-04 7.490270136789263554e-04
1.397991935483871089e+02 7.029734126566280182e-04 7.470396744470951924e-04
1.399241935483871089e+02 7.009950214278795914e-04 7.450602675873555653e-04
1.400491935483871089e+02 6.990261490649575873e-04 7.430887539225517055e-04
1.401741935483871089e+02 6.970667510697927142e-04 7.411250944438177056e-04
1.402991935483871089e+02 6.951167830469297780e-04 7.391692503103319475e-04
1.404241935483871089e+02 6.931762007042853229e-04 7.372211828493903949e-04
1.405491935483871089e+02 6.912449598539327023e-04 7.352808535558780440e-04
1.406741935483871089e+02 6.893230164127172547e-04 7.333482240923530583e-04
1.407991935483871089e+02 6.874103264030598064e-04 7.314232562889589478e-04
1.409241935483871089e+02 6.855068459535771600e-04 7.295059121429713729e-04
1.410491935483871089e+02 6.836125312997987525e-04 7.275961538187391631e-04
1.411741935483871089e+02 6.817273387848314875e-04 7.256939436475673324e-04
1.412991935483871089e+02 6.798512248599920425e-04 7.237992441273230796e-04
1.414241935483871089e+02 6.779841460854570644e-04 7.219120179225413901e-04
1.415491935483871089e+02 6.761260591309346162e-04 7.200322278637791762e-04
1.416741935483871089e+02 6.742769207762495378e-04 7.181598369476532243e-04
1.417991935483871089e+02 6.724366879119465876e-04 7.162948083366615188e-04
1.419241935483871089e+02 6.706053175399423732e-04 7.144371053587265756e-04
1.420491935483871089e+02 6.687827667740438168e-04 7.125866915071141271e-04
1.421741935483871089e+02 6.669689928405954241e-04 7.107435304401689023e-04
1.422991935483871089e+02 6.651639530789892930e-04 7.089075859809211696e-04
1.424241935483871089e+02 6.633676049422642437e-04 7.070788221170178902e-04
1.425491935483871089e+02 6.615799059976601709e-04 7.052572030003218884e-04
1.426741935483871089e+02 6.598008139270615914e-04 7.034426929464664613e-04
1.427991935483871089e+02 6.580302865276585738e-04 7.016352564351238273e-04
1.429241935483871089e+02 6.562682817123690346e-04 6.998348581089938909e-04
1.430491935483871089e+02 6.545147575103847431e-04 6.980414627741688598e-04
1.431741935483871089e+02 6.527696720676235418e-04 6.962550353993265983e-04
1.432991935483871089e+02 6.510329836472841325e-04 6.944755411155830675e-04
1.434241935483871089e+02 6.493046506302317276e-04 6.927029452164673888e-04
1.435491935483871089e+02 6.475846315155572809e-04 6.909372131570787681e-04
1.436741935483871089e+02 6.458728849209552239e-04 6.891783105543135279e-04
1.437991935483871089e+02 6.441693695832143929e-04 6.874262031859504742e-04
1.439241935483871089e+02 6.424740443586509503e-04 6.856808569908024679e-04
1.440491935483871089e+02 6.407868682234918673e-04 6.839422380682609517e-04
1.441741935483871089e+02 6.391078002743411307e-04 6.822103126778079505e-04
1.442991935483871089e+02 6.374367997285833917e-04 6.804850472386228316e-04
1.444241935483871089e+02 6.357738259247595327e-04 6.787664083295895682e-04
1.445491935483871089e+02 6.341188383229449466e-04 6.770543626885100431e-04
1.446741935483871089e+02 6.324717965051916734e-04 6.753488772121323458e-04
1.447991935483871089e+02 6.308326601757983671e-04 6.736499189553043360e-04
1.449241935483871089e+02 6.292013891617877783e-04 6.719574551310452011e-04
1.450491935483871089e+02 6.275779434131544942e-04 6.702714531100345801e-04
1.451741935483871089e+02 6.259622830032898376e-04 6.685918804200800033e-04
1.452991935483871089e+02 6.243543681292882622e-04 6.669187047459428780e-04
1.454241935483871089e+02 6.227541591122221984e-04 6.652518939287976885e-04
1.455491935483871089e+02 6.211616163975458094e-04 6.635914159658112170e-04
1.456741935483871089e+02 6.195767005553612719e-04 6.619372390100008389e-04
1.457991935483871089e+02 6.179993722807250629e-04 6.602893313695222012e-04
1.459241935483871089e+02 6.164295923939179262e-04 6.586476615074565027e-04
1.460491935483871089e+02 6.148673218407896485e-04 6.570121980412699106e-04
1.461741935483871089e+02 6.133125216929477107e-04 6.553829097425349203e-04
1.462991935483871089e+02 6.117651531481157253e-04 6.537597655364785687e-04
1.464241935483871089e+02 6.102251775303267492e-04 6.521427345014364297e-04
1.465491935483871089e+02 6.086925562902084294e-04 6.505317858685045855e-04
1.466741935483871089e+02 6.071672510052344290e-04 6.489268890213277735e-04
1.467991935483871089e+02 6.056492233799122115e-04 6.473280134952434086e-04
1.469241935483871089e+02 6.041384352460524645e-04 6.457351289772079658e-04
1.470491935483871089e+02 6.026348485630003606e-04 6.441482053052173659e-04
1.471741935483871089e+02 6.011384254178255091e-04 6.425672124677452501e-04
1.472991935483871089e+02 5.996491280255006329e-04 6.409921206037182606e-04
1.474241935483871089e+02 5.981669187291750039e-04 6.394229000014003961e-04
1.475491935483871089e+02 5.966917600002789607e-04 6.378595210986794583e-04
1.476741935483871089e+02 5.952236144387758766e-04 6.363019544820926795e-04
1.477991935483871089e+02 5.937624447732972512e-04 6.347501708864875837e-04
1.479241935483871089e+02 5.923082138613308201e-04 6.332041411948144708e-04
1.480491935483871089e+02 5.908608846893856782e-04 6.316638364372250108e-04
1.481741935483871089e+02 5.894204203731082895e-04 6.301292277911253693e-04
1.482991935483871089e+02 5.879867841574844744e-04 6.286002865802483479e-04
1.484241935483871089e+02 5.865599394169411073e-04 6.270769842743916574e-04
1.485491935483871089e+02 5.851398496555065788e-04 6.255592924890920068e-04
1.486741935483871089e+02 5.837264785069189990e-04 6.240471829847967725e-04
1.487991935483871089e+02 5.823197897347502303e-04 6.225406276667145959e-04
1.489241935483871089e+02 5.809197472325075854e-04 6.210395985842691617e-04
1.490491935483871089e+02 5.795263150237832308e-04 6.195440679303441597e-04
1.491741935483871089e+02 5.781394572622979879e-04 6.180540080413071376e-04
1.492991935483871089e+02 5.767591382320469418e-04 6.165693913960729666e-04
1.494241935483871089e+02 5.753853223473609155e-04 6.150901906157970125e-04
1.495491935483871089e+02 5.740179741529626315e-04 6.136163784634595612e-04
1.496741935483871089e+02 5.726570583240921542e-04 6.121479278432152967e-04
1.497991935483871089e+02 5.713025396665521007e-04 6.106848118001203000e-04
1.499241935483871089e+02 5.699543831167697659e-04 6.092270035194160410e-04
1.500491935483871089e+02 5.686125537418658610e-04 6.077744763260932047e-04
1.501741935483871089e+02 5.672770167396528869e-04 6.063272036845546121e-04
1.502991935483871089e+02 5.659477374387611188e-04 6.048851591979011654e-04
1.504241935483871089e+02 5.646246812986323175e-04 6.034483166076090805e-04
1.505491935483871089e+02 5.633078139095382695e-04 6.020166497929249020e-04
1.506741935483871089e+02 5.619971009926413939e-04 6.005901327703192828e-04
1.507991935483871089e+02 5.606925084000106800e-04 5.991687396931956585e-04
1.509241935483871089e+02 5.593940021145994614e-04 5.977524448511709878e-04
1.510491935483871089e+02 5.581015482502953975e-04 5.963412226696425053e-04
1.511741935483871089e+02 5.568151130519286051e-04 5.949350477093677016e-04
1.512991935483871089e+02 5.555346628952418427e-04 5.935338946657228373e-04
1.514241935483871089e+02 5.542601642869197844e-04 5.921377383685716466e-04
1.515491935483871089e+02 5.529915838645057527e-04 5.907465537814277903e-04
1.516741935483871089e+02 5.517288883964797811e-04 5.893603160009152492e-04
1.517991935483871089e+02 5.504720447821855392e-04 5.879790002567044640e-04
1.519241935483871089e+02 5.492210200517888075e-04 5.866025819103811876e-04
1.520491935483871089e+02 5.479757813662810553e-04 5.852310364555360399e-04
1.521741935483871089e+02 5.467362960174293506e-04 5.838643395167182528e-04
1.522991935483871089e+02 5.455025314277101153e-04 5.825024668492379118e-04
1.524241935483871089e+02 5.442744551502878749e-04 5.811453943386919426e-04
1.525491935483871089e+02 5.430520348689670115e-04 5.797930980001446714e-04
1.526741935483871089e+02 5.418352383981106654e-04 5.784455539780118151e-04
1.527991935483871089e+02 5.406240336826165574e-04 5.771027385451373915e-04
1.529241935483871089e+02 5.394183887977706216e-04 5.757646281025160552e-04
1.530491935483871089e+02 5.382182719492733516e-04 5.744311991788857629e-04
1.531741935483871089e+02 5.370236514731132737e-04 5.731024284298614959e-04
1.532991935483871089e+02 5.358344958354914868e-04 5.718124336897297379e-04
1.534241935483871089e+02 5.346507736327122664e-04 5.706453834345619289e-04
1.535491935483871089e+02 5.334724535911582362e-04 5.694827647820540446e-04
1.536741935483871089e+02 5.322995045671162452e-04 5.683245489189025623e-04
1.537991935483871089e+02 5.311318955467355177e-04 5.671707071915057467e-04
1.539241935483871089e+02 5.299695956459135951e-04 5.660212111055497016e-04
1.540491935483871089e+02 5.288125741101673159e-04 5.648760323255096368e-04
1.541741935483871089e+02 5.276608003145624509e-04 5.637351426742170544e-04
1.542991935483871089e+02 5.265142437635228836e-04 5.625985141323969034e-04
1.544241935483871089e+02 5.253728740907956992e-04 5.614661188382052753e-04
1.545491935483871089e+02 5.242366610592935411e-04 5.603379290867834721e-04
1.546741935483871089e+02 5.231055745609471596e-04 5.592139173297516839e-04
1.547991935483871089e+02 5.219795846165936311e-04 5.580940561747731394e-04
1.549241935483871089e+02 5.208586613758478794e-04 5.569783183850684919e-04
1.550491935483871089e+02 5.197427751169339744e-04 5.558666768789448419e-04
1.551741935483871089e+02 5.186318962465630506e-04 5.547591047293389628e-04
1.552991935483871089e+02 5.175259952997912768e-04 5.536555751632969919e-04
1.554241935483871089e+02 5.164250429398596111e-04 5.525560615615332689e-04
1.555491935483871089e+02 5.153290099580413617e-04 5.514605374579233631e-04
1.556741935483871089e+02 5.142378672734506089e-04 5.503689765390319026e-04
1.557991935483871089e+02 5.131515859329411570e-04 5.492813526436392127e-04
1.559241935483871089e+02 5.120701371109056318e-04 5.481976397622167780e-04
1.560491935483871089e+02 5.109934921091085136e-04 5.471178120364681915e-04
1.561741935483871089e+02 5.099216223565150499e-04 5.460418437588219652e-04
1.562991935483871089e+02 5.088544994090947980e-04 5.449697093719364826e-04
1.564241935483871089e+02 5.077920949496981346e-04 5.439013834682333588e-04
1.565491935483871089e+02 5.067343807878098164e-04 5.428368407893513275e-04
1.566741935483871089e+02 5.056813288594081421e-04 5.417760562256819859e-04
1.567991935483871089e+02 5.044741548751532651e-04 5.407190048158577256e-04
1.569241935483871089e+02 5.032197568734389850e-04 5.396656617462449769e-04
1.570491935483871089e+02 5.019705849954200728e-04 5.386160023504667259e-04
1.571741935483871089e+02 5.007266193706898846e-04 5.375700021088548842e-04
1.572991935483871089e+02 4.994878401683354669e-04 5.365276366479726977e-04
1.574241935483871089e+02 4.982542275969358220e-04 5.354888817400992084e-04
1.575491935483871089e+02 4.970257619046238159e-04 5.344537133027100302e-04
1.576741935483871089e+02 4.958024233791244505e-04 5.334221073980005166e-04
1.577991935483871089e+02 4.945841923475413843e-04 5.323940402323256620e-04
1.579241935483871089e+02 4.933710491765946980e-04 5.313694881557151379e-04
1.580491935483871089e+02 4.921629742724968615e-04 5.303484276613465876e-04
1.581741935483871089e+02 4.909599480808813938e-04 5.293308353850570847e-04
1.582991935483871089e+02 4.897619510870333641e-04 5.283166881047878048e-04
1.584241935483871089e+02 4.885689638157047522e-04 5.273059627400863763e-04
1.585491935483871089e+02 4.873809668310754716e-04 5.262986363515836452e-04
1.586741935483871089e+02 4.861979407369360572e-04 5.252946861404727153e-04
1.587991935483871089e+02 4.850198661766602897e-04 5.242940894480053364e-04
1.589241935483871089e+02 4.838467238329793559e-04 5.232968237549345163e-04
1.590491935483871089e+02 4.826784944282730113e-04 5.223028666810242441e-04
1.591741935483871089e+02 4.815151587244690203e-04 5.213121959845046791e-04
1.592991935483871089e+02 4.803566975230861452e-04 5.203247895615534680e-04
1.594241935483871089e+02 4.792030916650527584e-04 5.193406254457918082e-04
1.595491935483871089e+02 4.780543220309882478e-04 5.183596818077200116e-04
1.596741935483871089e+02 4.769103695411284235e-04 5.173819369542134597e-04
1.597991935483871089e+02 4.757712151551775240e-04 5.164073693279986081e-04
1.599241935483871089e+02 4.746368398725228882e-04 5.154359575070996098e-04
1.600491935483871089e+02 4.735072247322404853e-04 5.144676802043589899e-04
1.601741935483871089e+02 4.723823508128811095e-04 5.135025162668505495e-04
1.602991935483871089e+02 4.712621992327716805e-04 5.125404446753838855e-04
1.604241935483871089e+02 4.701467511498738086e-04 5.115814445439682530e-04
1.605491935483871089e+02 4.690359877617887282e-04 5.106254951192693795e-04
1.606741935483871089e+02 4.679298903058450639e-04 5.096725757801104069e-04
1.607991935483871089e+02 4.668284400591716891e-04 5.087226660368952044e-04
1.609241935483871089e+02 4.657316183384474918e-04 5.077757455311125625e-04
1.610491935483871089e+02 4.646394065002784602e-04 5.068317940347859610e-04
1.611741935483871089e+02 4.635517859409800292e-04 5.058907914499360210e-04
1.612991935483871089e+02 4.624687380965915545e-04 5.049527178080828564e-04
1.614241935483871089e+02 4.613902444431003088e-04 5.040175532696599542e-04
1.615491935483871089e+02 4.603162864962605824e-04 5.030852781235209707e-04
1.616741935483871089e+02 4.592468458116320644e-04 5.021558727863867887e-04
1.617991935483871089e+02 4.581819039847437737e-04 5.012293178023184866e-04
1.619241935483871089e+02 4.571214426510368132e-04 5.003055938421892236e-04
1.620491935483871089e+02 4.560654434857654908e-04 4.993846817031361756e-04
1.621741935483871089e+02 4.550138882042360062e-04 4.984665623080335043e-04
1.622991935483871089e+02 4.539667585617100111e-04 4.975512167049605562e-04
1.624241935483871089e+02 4.529240363534745408e-04 4.966386260666581353e-04
1.625491935483871089e+02 4.518857034147502898e-04 4.957287716900139404e-04
1.626741935483871089e+02 4.508517416209020562e-04 4.948216349955077793e-04
1.627991935483871089e+02 4.498221328873897354e-04 4.939171975266849713e-04
1.629241935483871089e+02 4.487968591696683027e-04 4.930154409496234624e-04
1.630491935483871089e+02 4.477759024634037858e-04 4.921163470523946511e-04
1.631741935483871089e+02 4.467592448044718019e-04 4.912198977445478504e-04
1.632991935483871089e+02 4.457468682688143342e-04 4.903260750565483460e-04
1.634241935483871089e+02 4.447387549726853034e-04 4.894348611392615326e-04
1.635491935483871089e+02 4.437348870725563513e-04 4.885462382634197034e-04
1.636741935483871089e+02 4.427352467651548412e-04 4.876601888190778352e-04
1.637991935483871089e+02 4.417398162875235982e-04 4.867766953151019525e-04
1.639241935483871089e+02 4.407485779171071570e-04 4.858957403786156432e-04
1.640491935483871089e+02 4.397615139715697246e-04 4.850173067544730275e-04
1.641741935483871089e+02 4.387786068091217959e-04 4.841413773047297756e-04
1.642991935483871089e+02 4.377998388283151315e-04 4.832679350081113068e-04
1.644241935483871089e+02 4.368251924681293310e-04 4.823969629594926974e-04
1.645491935483871089e+02 4.358546502081147309e-04 4.815284443693421059e-04
1.646741935483871089e+02 4.348881945683069150e-04 4.806623625632088122e-04
1.647991935483871089e+02 4.339258081092273655e-04 4.797987009811941275e-04
1.649241935483871089e+02 4.329674734320403465e-04 4.789374431774076667e-04
1.650491935483871089e+02 4.320131731785412489e-04 4.780785728194672057e-04
1.651741935483871089e+02 4.310628900311585967e-04 4.772220736879320235e-04
1.652991935483871089e+02 4.301166067128866632e-04 4.763679296758034643e-04
1.654241935483871089e+02 4.291743059875804825e-04 4.755161247879806136e-04
1.655491935483871089e+02 4.282359706597782035e-04 4.746666431407551689e-04
1.656741935483871089e+02 4.273015835747169728e-04 4.738194689612611524e-04
1.657991935483871089e+02 4.263711276185338920e-04 4.729745865869609996e-04
1.659241935483871089e+02 4.254445857182124579e-04 4.721319804651159802e-04
1.660491935483871089e+02 4.245219408414932245e-04 4.712916351522676247e-04
1.661741935483871089e+02 4.236031759970931366e-04 4.704535353137200720e-04
1.662991935483871089e+02 4.226882742347053677e-04 4.696176657229956912e-04
1.664241935483871089e+02 4.217772186448810875e-04 4.687840112613293557e-04
1.665491935483871089e+02 4.208699923592690707e-04 4.679525569171441232e-04
1.666741935483871089e+02 4.199665785504885199e-04 4.671232877855217109e-04
1.667991935483871089e+02 4.190669604322523395e-04 4.662961890677087503e-04
1.669241935483871089e+02 4.181711212593298391e-04 4.654712460705606996e-04
1.670491935483871089e+02 4.172790443277241091e-04 4.646484442060456045e-04
1.671741935483871089e+02 4.163907129744585413e-04 4.638277689907249822e-04
1.672991935483871089e+02 4.155061105778542216e-04 4.630092060452253811e-04
1.674241935483871089e+02 4.146252205574466098e-04 4.621927410937472919e-04
1.675491935483871089e+02 4.137480263739359908e-04 4.613783599635186005e-04
1.676741935483871089e+02 4.128745115294584172e-04 4.605660485842960725e-04
1.677991935483871089e+02 4.120046595674043224e-04 4.597557929878572959e-04
1.679241935483871089e+02 4.111384540724595570e-04 4.589475793074731624e-04
1.680491935483871089e+02 4.102758786707974559e-04 4.581413937774179708e-04
1.681741935483871089e+02 4.094169170299660808e-04 4.573372227324291146e-04
1.682991935483871089e+02 4.085615528590028750e-04 4.565350526072243956e-04
1.684241935483871089e+02 4.077097699083195208e-04 4.557348699359779201e-04
1.685491935483871089e+02 4.068615519699812842e-04 4.549366613518100364e-04
1.686741935483871089e+02 4.060168828775547931e-04 4.541404135863005278e-04
1.687991935483871089e+02 4.051757465060956231e-04 4.533461134689608773e-04
1.689241935483871089e+02 4.043381267723703421e-04 4.525537479267371607e-04
1.690491935483871089e+02 4.035040076347763335e-04 4.517633039835076275e-04
1.691741935483871089e+02 4.026733730933189739e-04 4.509747687595718792e-04
1.692991935483871089e+02 4.018462071897370750e-04 4.501881294711743619e-04
1.694241935483871089e+02 4.010224940075334042e-04 4.494033734299628623e-04
1.695491935483871089e+02 4.002022176719029103e-04 4.486204880425253899e-04
1.696741935483871089e+02 3.993853623498751335e-04 4.478394608098730675e-04
1.697991935483871089e+02 3.985719122503054773e-04 4.470602793269394461e-04
1.699241935483871089e+02 3.977618516238380750e-04 4.462829312821095821e-04
1.700491935483871089e+02 3.969551647630577946e-04 4.455074044566917596e-04
1.701741935483871089e+02 3.961518360024275718e-04 4.447336867244431518e-04
1.702991935483871089e+02 3.953518497183119377e-04 4.439617660510716845e-04
1.704241935483871089e+02 3.945551903291130312e-04 4.431916304937392006e-04
1.705491935483871089e+02 3.937618422951761113e-04 4.424232682005924339e-04
1.706741935483871089e+02 3.929717901188124881e-04 4.416566674102415080e-04
1.707991935483871089e+02 3.921850183444665437e-04 4.408918164512933501e-04
1.709241935483871089e+02 3.914015115586180456e-04 4.401287037418593544e-04
1.710491935483871089e+02 3.906212543898179802e-04 4.393673177890658650e-04
1.711741935483871089e+02 3.898442315087327333e-04 4.386076471885813014e-04
1.712991935483871089e+02 3.890704276282535949e-04 4.378496806241149314e-04
1.714241935483871089e+02 3.882998275033946274e-04 4.370934068669496343e-04
1.715491935483871089e+02 3.875324159313179272e-04 4.363388147754505408e-04
1.716741935483871089e+02 3.867681777514878527e-04 4.355858932945916155e-04
1.717991935483871089e+02 3.860070978456093334e-04 4.348346314554847884e-04
1.719241935483871089e+02 3.852491611375912775e-04 4.340850183748811678e-04
1.720491935483871089e+02 3.844943525936893075e-04 4.333370432547159457e-04
1.721741935483871089e+02 3.837426572225192045e-04 4.325906953816224050e-04
1.722991935483871089e+02 3.829940600749166661e-04 4.318459641264589359e-04
1.724241935483871089e+02 3.822485462441900343e-04 4.311028389438532372e-04
1.725491935483871089e+02 3.815061008659947450e-04 4.303613093717059148e-04
1.726741935483871089e+02 3.807667091183653115e-04 4.296213650307400492e-04
1.727991935483871089e+02 3.800303562218092712e-04 4.288829956240246353e-04
1.729241935483871089e+02 3.792970274392652805e-04 4.281461909365095672e-04
1.730491935483871089e+02 3.785667080761190534e-04 4.274109408345698404e-04
1.731741935483871089e+02 3.778393834802650517e-04 4.266772352655249243e-04
1.732991935483871089e+02 3.771150390421170026e-04 4.259450642571874636e-04
1.734241935483871089e+02 3.763936601945618737e-04 4.252144179173950110e-04
1.735491935483871089e+02 3.756752324131124206e-04 4.244852864335650166e-04
1.736741935483871089e+02 3.749597412157981160e-04 4.237576600722169659e-04
1.737991935483871089e+02 3.742471721631759917e-04 4.230315291785275854e-04
1.739241935483871089e+02 3.735375108585025933e-04 4.223068841758698946e-04
1.740491935483871089e+02 3.728307429475767164e-04 4.215837155653591418e-04
1.741741935483871089e+02 3.721268541188753657e-04 4.208620139254109376e-04
1.742991935483871089e+02 3.714258301034443588e-04 4.201417699112732591e-04
1.744241935483871089e+02 3.707276566750641010e-04 4.194229742545837157e-04
1.745491935483871089e+02 3.700323196501933152e-04 4.187056177629248097e-04
1.746741935483871089e+02 3.693398048878870758e-04 4.179896913193668906e-04
1.747991935483871089e+02 3.686500982899914235e-04 4.172751858820413049e-04
1.749241935483871089e+02 3.679631858010616705e-04 4.165620924836727795e-04
1.750491935483871089e+02 3.672790534083165384e-04 4.158504022311496984e-04
1.751741935483871089e+02 3.665976871417769910e-04 4.151401063050819107e-04
1.752991935483871089e+02 3.659190730742109933e-04 4.144311959593566415e-04
1.754241935483871089e+02 3.652431973211066243e-04 4.137236625207126712e-04
1.755491935483871089e+02 3.645700460407362065e-04 4.130174973882818810e-04
1.756741935483871089e+02 3.638996054342029276e-04 4.123126920331691785e-04
1.757991935483871089e+02 3.632318617453267817e-04 4.116092379980171366e-04
1.759241935483871089e+02 3.625668012607819921e-04 4.109071268965679754e-04
1.760491935483871089e+02 3.619044103100416089e-04 4.102063504132405611e-04
1.761741935483871089e+02 3.612446752653712201e-04 4.095069003026915208e-04
1.762991935483871089e+02 3.605875825418837044e-04 4.088087683893923494e-04
1.764241935483871089e+02 3.599331185974994404e-04 4.081119465672031015e-04
1.765491935483871089e+02 3.592812699330006796e-04 4.074164267989401197e-04
1.766741935483871089e+02 3.586320230919901302e-04 4.067222011159718443e-04
1.767991935483871089e+02 3.579853646609441366e-04 4.060292616177721219e-04
1.769241935483871089e+02 3.573412812691241546e-04 4.053376004715135753e-04
1.770491935483871089e+02 3.566997595887210046e-04 4.046472099116461742e-04
1.771741935483871089e+02 3.560607863347389161e-04 4.039580822394779201e-04
1.772991935483871089e+02 3.554243482650737526e-04 4.032702098227648009e-04
1.774241935483871089e+02 3.547904321804174399e-04 4.025835850952897950e-04
1.775491935483871089e+02 3.541590249244110544e-04 4.018982005564479478e-04
1.776741935483871089e+02 3.535301133835055585e-04 4.012140487708425597e-04
1.777991935483871089e+02 3.529036844870199669e-04 4.005311223678664138e-04
1.779241935483871089e+02 3.522797252071206394e-04 3.998494140413089691e-04
1.780491935483871089e+02 3.516582225589235744e-04 3.991689165489279378e-04
1.781741935483871089e+02 3.510391636002737205e-04 3.984896227120600029e-04
1.782991935483871089e+02 3.504225354319616534e-04 3.978115254152107187e-04
1.784241935483871089e+02 3.498083251976675232e-04 3.971346176056488020e-04
1.785491935483871089e+02 3.491965200837915937e-04 3.964588922930208071e-04
1.786741935483871089e+02 3.485871073197109810e-04 3.957843425489316475e-04
1.787991935483871089e+02 3.479800741775845516e-04 3.951109615065587829e-04
1.789241935483871089e+02 3.473754079724166734e-04 3.944387423602544796e-04
1.790491935483871089e+02 3.467730960620556981e-04 3.937676783651453604e-04
1.791741935483871089e+02 3.461731258471842571e-04 3.930977628367578669e-04
1.792991935483871089e+02 3.455754847712776286e-04 3.924289891505963420e-04
1.794241935483871089e+02 3.449801603206395701e-04 3.917613507417793350e-04
1.795491935483871089e+02 3.443871400243935367e-04 3.910948411046411563e-04
1.796741935483871089e+02 3.437964114544049977e-04 3.904294537923419994e-04
1.797991935483871089e+02 3.432079622254027591e-04 3.897651824164941612e-04
1.799241935483871089e+02 3.426217799948361739e-04 3.891020206467635982e-04
1.800491935483871089e+02 3.420378524629070181e-04 3.884399622104980454e-04
1.801741935483871089e+02 3.414561673726364938e-04 3.877790008923384917e-04
1.802991935483871089e+02 3.408767125097126281e-04 3.871191305338487630e-04
1.804241935483871089e+02 3.402994757026257984e-04 3.864603450331380026e-04
1.805491935483871089e+02 3.397244448224862067e-04 3.858026383444733941e-04
1.806741935483871089e+02 3.391516077832046707e-04 3.851460044779148398e-04
1.807991935483871089e+02 3.385809525413492919e-04 3.844904374989405855e-04
1.809241935483871089e+02 3.380124670961119539e-04 3.838359315280805975e-04
1.810491935483871089e+02 3.374461394893900714e-04 3.831824807405356283e-04
1.811741935483871089e+02 3.368819578057398608e-04 3.825300793658165566e-04
1.812991935483871089e+02 3.363199101722804969e-04 3.818787216873798245e-04
1.814241935483871089e+02 3.357599847587653449e-04 3.812284020422515443e-04
1.815491935483871089e+02 3.352021697775835868e-04 3.805791148206839154e-04
1.816741935483871089e+02 3.346464534836096801e-04 3.799308544657715786e-04
1.817991935483871089e+02 3.340928241743189330e-04 3.792836154731019614e-04
1.819241935483871089e+02 3.335412701897231039e-04 3.786373923903965156e-04
1.820491935483871089e+02 3.329917799123028005e-04 3.779921798171485391e-04
1.821741935483871089e+02 3.324443417670662438e-04 3.773479724042801348e-04
1.822991935483871089e+02 3.318989442214740791e-04 3.767047648537690820e-04
1.824241935483871089e+02 3.313555757854193718e-04 3.760625519183093189e-04
1.825491935483871089e+02 3.308142250112373656e-04 3.754213284009579803e-04
1.826741935483871089e+02 3.302748804936583198e-04 3.747810891547778277e-04
1.827991935483871089e+02 3.297375308697292839e-04 3.741418290825091158e-04
1.829241935483871089e+02 3.292021648189430633e-04 3.735035431361973858e-04
1.830491935483871089e+02 3.286687710630482677e-04 3.728662263168653853e-04
1.831741935483871089e+02 3.281373383661121941e-04 3.722298736741657451e-04
1.832991935483871089e+02 3.276078555344303506e-04 3.715944803060358768e-04
1.834241935483871089e+02 3.270803114166024044e-04 3.709600413583683757e-04
1.835491935483871089e+02 3.265546949034145463e-04 3.703265520246574625e-04
1.836741935483871089e+02 3.260309949278055548e-04 3.696940075456703074e-04
1.837991935483871089e+02 3.255092004649233375e-04 3.690624032091125535e-04
1.839241935483871089e+02 3.249893005320181371e-04 3.684317343492858176e-04
1.840491935483871089e+02 3.244712841884147755e-04 3.678019963467726752e-04
1.841741935483871089e+02 3.239551405355160698e-04 3.671731846280831021e-04
1.842991935483871089e+02 3.234408587168070598e-04 3.665452946653404895e-04
1.844241935483871089e+02 3.229284279176688512e-04 3.659183219759490650e-04
1.845491935483871089e+02 3.224178373655367459e-04 3.652922621222630482e-04
1.846741935483871089e+02 3.219090763297613022e-04 3.646671107112766231e-04
1.847991935483871089e+02 3.214021341215459382e-04 3.640428633942821438e-04
1.849241935483871089e+02 3.208970000940163754e-04 3.634195158665571787e-04
1.850491935483871089e+02 3.203936636420963349e-04 3.627970638670445090e-04
1.851741935483871089e+02 3.198921142025080793e-04 3.621755031780314214e-04
1.852991935483871089e+02 3.193923412537234070e-04 3.615548296248390298e-04
1.854241935483871089e+02 3.188943343159549243e-04 3.609350390754929492e-04
1.855491935483871089e+02 3.183980829510613402e-04 3.603161274404197731e-04
1.856741935483871089e+02 3.179035767625773361e-04 3.596980906721316791e-04
1.857991935483871089e+02 3.174108053956309502e-04 3.590809247649123901e-04
1.859241935483871089e+02 3.169197585368703387e-04 3.584646257545183131e-04
1.860491935483871089e+02 3.164304259145611924e-04 3.578491897178529544e-04
1.861741935483871089e+02 3.159427972983654500e-04 3.572346127726709316e-04
1.862991935483871089e+02 3.154568624994514539e-04 3.566208910772747766e-04
1.864241935483871089e+02 3.149726113702976549e-04 3.560080208302025774e-04
1.865491935483871089e+02 3.144900338048441297e-04 3.553959982699369234e-04
1.866741935483871089e+02 3.140091197382952016e-04 3.547848196745930350e-04
1.867991935483871089e+02 3.135298591470894085e-04 3.541744813616255956e-04
1.869241935483871089e+02 3.130522420489631453e-04 3.535649796875303241e-04
1.870491935483871089e+02 3.125762585027969239e-04 3.529563110475435975e-04
1.871741935483871089e+02 3.121018986085929308e-04 3.523484718753605040e-04
1.872991935483871089e+02 3.116291525074510655e-04 3.517414586428223755e-04
1.874241935483871089e+02 3.111580103815619479e-04 3.511352678596406417e-04
1.875491935483871089e+02 3.106884624540339336e-04 3.505298960730966686e-04
1.876741935483871089e+02 3.102204989889645629e-04 3.499253398677576975e-04
1.877991935483871089e+02 3.097541102913792493e-04 3.493215958651937599e-04
1.879241935483871089e+02 3.092892867070846951e-04 3.487186607236814192e-04
1.880491935483871089e+02 3.088260186227356784e-04 3.481165311379232877e-04
1.881741935483871089e+02 3.083642964657505939e-04 3.475152038387678143e-04
1.882991935483871089e+02 3.079041107041987496e-04 3.469146755929293979e-04
1.884241935483871089e+02 3.074454518468494276e-04 3.463149432026996644e-04
1.885491935483871089e+02 3.069883104430369005e-04 3.457160035056753861e-04
1.886741935483871089e+02 3.065326770826570161e-04 3.451178533744801670e-04
1.887991935483871089e+02 3.060785423960843648e-04 3.445204897164853689e-04
1.889241935483871089e+02 3.056258970541572630e-04 3.439239094735451331e-04
1.890491935483871089e+02 3.051747317680802291e-04 3.433281096217108549e-04
1.891741935483871089e+02 3.047250372893960655e-04 3.427330871709662594e-04
1.892991935483871089e+02 3.042768044099298597e-04 3.421388391649599829e-04
1.894241935483871089e+02 3.038300239617239859e-04 3.415453626807268242e-04
1.895491935483871089e+02 3.033846868169615607e-04 3.409526548284368607e-04
1.896741935483871089e+02 3.029407838879788028e-04 3.403607127511129593e-04
1.897991935483871089e+02 3.024983061271492948e-04 3.397695336243750672e-04
1.899241935483871089e+02 3.020572445268097689e-04 3.391791146561761545e-04
1.900491935483871089e+02 3.016175901192668296e-04 3.385894530865369645e-04
1.901741935483871089e+02 3.011793339767180233e-04 3.380005461872979478e-04
1.902991935483871089e+02 3.007424672111237403e-04 3.374123912618408393e-04
1.904241935483871089e+02 3.003069809742456493e-04 3.368249856448474232e-04
1.905491935483871089e+02 2.998728664575589314e-04 3.362383267020365601e-04
1.906741935483871089e+02 2.994401148921246696e-04 3.356524118299092905e-04
1.907991935483871089e+02 2.990087175486158696e-04 3.350672384555038056e-04
1.909241935483871089e+02 2.985786657372395598e-04 3.344828040361300884e-04
1.910491935483871089e+02 2.981499508076039767e-04 3.338991060591298176e-04
1.911741935483871089e+02 2.977225641487420377e-04 3.333161420416214170e-04
1.912991935483871089e+02 2.972964971890204849e-04 3.327339095302570861e-04
1.914241935483871089e+02 2.968717413960485414e-04 3.321524061009762524e-04
1.915491935483871089e+02 2.964482882766434333e-04 3.315716293587547413e-04
1.916741935483871089e+02 2.960261293767812215e-04 3.309915769373658720e-04
1.917991935483871089e+02 2.956052562814470729e-04 3.304122464991382470e-04
1.919241935483871089e+02 2.951856606147011805e-04 3.298336357347109930e-04
1.920491935483871089e+02 2.947673340395056698e-04 3.292557423628033686e-04
1.921741935483871089e+02 2.943502682577043791e-04 3.286785641299649094e-04
1.922991935483871089e+02 2.939344550099362856e-04 3.281020988103454687e-04
1.924241935483871089e+02 2.935198860755924627e-04 3.275263442054560429e-04
1.925491935483871089e+02 2.931065532727408361e-04 3.269512981439378361e-04
1.926741935483871089e+02 2.926944484580065427e-04 3.263769584813318130e-04
1.927991935483871089e+02 2.922835635266080880e-04 3.258033230998389818e-04
1.929241935483871089e+02 2.918738904121995410e-04 3.252303899080939047e-04
1.930491935483871089e+02 2.914654210867997897e-04 3.246581568409397252e-04
1.931741935483871089e+02 2.910581475608161771e-04 3.240866218591919755e-04
1.932991935483871089e+02 2.906520618828711908e-04 3.235157829494261805e-04
1.934241935483871089e+02 2.902471561397539459e-04 3.229456381237360814e-04
1.935491935483871089e+02 2.898434224563878748e-04 3.223761854195214029e-04
1.936741935483871089e+02 2.894408529957624775e-04 3.218074228992610919e-04
1.937991935483871089e+02 2.890394399587632094e-04 3.212393486502902436e-04
1.939241935483871089e+02 2.886391755842293788e-04 3.206719607845922595e-04
1.940491935483871089e+02 2.882400521488214396e-04 3.201052574385610276e-04
1.941741935483871089e+02 2.878420619668994526e-04 3.195392367727988275e-04
1.942991935483871089e+02 2.874451973905405413e-04 3.189738969718936348e-04
1.944241935483871089e+02 2.870494508094065646e-04 3.184092362442041244e-04
1.945491935483871089e+02 2.866548146506791737e-04 3.178452528216537255e-04
1.946741935483871089e+02 2.862612813790028909e-04 3.172819449595074394e-04
1.947991935483871089e+02 2.858688434963878029e-04 3.167193109361681174e-04
1.949241935483871089e+02 2.854774935421246673e-04 3.161573490529635236e-04
1.950491935483871089e+02 2.850872240927527124e-04 3.155960576339387103e-04
1.951741935483871089e+02 2.846980277619520295e-04 3.150354350256539225e-04
1.952991935483871089e+02 2.843098972004552108e-04 3.144754795969686252e-04
1.954241935483871089e+02 2.839228250959787737e-04 3.139161897388428228e-04
1.955491935483871089e+02 2.835368041731827740e-04 3.133575638641351814e-04
1.956741935483871089e+02 2.831518271935448759e-04 3.127996004073935058e-04
1.957991935483871089e+02 2.827678869552646169e-04 3.122422978246660349e-04
1.959241935483871089e+02 2.823849762932708349e-04 3.116856545932879079e-04
1.960491935483871089e+02 2.820030880790661389e-04 3.111296692116903985e-04
1.961741935483871089e+02 2.816222152206386011e-04 3.105743401992002296e-04
1.962991935483871089e+02 2.812423506624621363e-04 3.100196660958504341e-04
1.964241935483871089e+02 2.808634873853581575e-04 3.094656454621737057e-04
1.965491935483871089e+02 2.804856184063636831e-04 3.089122768790169464e-04
1.966741935483871089e+02 2.801087367787883655e-04 3.083595589473469233e-04
1.967991935483871089e+02 2.797328355920107156e-04 3.078074902880553287e-04
1.969241935483871089e+02 2.793579079714366320e-04 3.072560695417784777e-04
1.970491935483871089e+02 2.789839470784493650e-04 3.067052953686934778e-04
1.971741935483871089e+02 2.786109461102543672e-04 3.061551664483430765e-04
1.972991935483871089e+02 2.782388982998826006e-04 3.056056814794410464e-04
1.974241935483871089e+02 2.778677969160171183e-04 3.050568391796906905e-04
1.975491935483871089e+02 2.774976352630150194e-04 3.045086382856012860e-04
1.976741935483871089e+02 2.771284066806891451e-04 3.039610775522999216e-04
1.977991935483871089e+02 2.767601045443763836e-04 3.034141557533537965e-04
1.979241935483871089e+02 2.763927222647110174e-04 3.028678716805875324e-04
1.980491935483871089e+02 2.760262532876593634e-04 3.023222241439010275e-04
1.981741935483871089e+02 2.756606910943230990e-04 3.017772119711014593e-04
1.982991935483871089e+02 2.752960292009645239e-04 3.012328340077091043e-04
1.984241935483871089e+02 2.749322611588284255e-04 3.006890891167937857e-04
1.985491935483871089e+02 2.745693805541131309e-04 3.001459761787942998e-04
1.986741935483871089e+02 2.742073810078431129e-04 2.996034940913441303e-04
1.987991935483871089e+02 2.738462561758567390e-04 2.990616417691047526e-04
1.989241935483871089e+02 2.734859997485739264e-04 2.985204181435841919e-04
1.990491935483871089e+02 2.731266054511087365e-04 2.979798221629702194e-04
1.991741935483871089e+02 2.727343198473114591e-04 2.974398527919637643e-04
1.992991935483871089e+02 2.723053256612347709e-04 2.969005090116048451e-04
1.994241935483871089e+02 2.718772998830330237e-04 2.963617898191126497e-04
1.995491935483871089e+02 2.714502384585675194e-04 2.958236942277091362e-04
1.996741935483871089e+02 2.710241373534859788e-04 2.952862212664625276e-04
1.997991935483871089e+02 2.705989925530604529e-04 2.947493699801173638e-04
1.999241935483871089e+02 2.701748000621486713e-04 2.942131394289321418e-04
2.000491935483871089e+02 2.697515559050748342e-04 2.936775286885245462e-04
2.001741935483871089e+02 2.693292561255657526e-04 2.931425368496979765e-04
2.002991935483871089e+02 2.689078967866332130e-04 2.926081630182914397e-04
2.004241935483871089e+02 2.684874739704977572e-04 2.920744063150156186e-04
2.005491935483871089e+02 2.680679837784836236e-04 2.915412658752959880e-04
2.006741935483871089e+02 2.676494223309873596e-04 2.910087408491204841e-04
2.007991935483871089e+02 2.672317857672890074e-04 2.904768304008755191e-04
2.009241935483871089e+02 2.668150702455744389e-04 2.899455337091988547e-04
2.010491935483871089e+02 2.663992719427345072e-04 2.894148499668200620e-04
2.011741935483871089e+02 2.659843870543833694e-04 2.888847783804111185e-04
2.012991935483871089e+02 2.655704117947294126e-04 2.883553181704373298e-04
2.014241935483871089e+02 2.651573423964422764e-04 2.878264685710002295e-04
2.015491935483871089e+02 2.647451751106310062e-04 2.872982288296919702e-04
2.016741935483871089e+02 2.643339062067496734e-04 2.867705982074474926e-04
2.017991935483871089e+02 2.639235319724836967e-04 2.862435759783931171e-04
2.019241935483871089e+02 2.635140487136896693e-04 2.857171614297076027e-04
2.020491935483871089e+02 2.631054527542931181e-04 2.851913538614666730e-04
2.021741935483871089e+02 2.626977404362054540e-04 2.846661525865061353e-04
2.022991935483871089e+02 2.622909081192800621e-04 2.841415569302738870e-04
2.024241935483871089e+02 2.618849521811637110e-04 2.836175662306897826e-04
2.025491935483871089e+02 2.614798690172576850e-04 2.830941798380052295e-04
2.026741935483871089e+02 2.610756550406267648e-04 2.825713971146587180e-04
2.027991935483871089e+02 2.606723066819158522e-04 2.820492174351386157e-04
2.029241935483871089e+02 2.602698203892836720e-04 2.815276401858440099e-04
2.030491935483871089e+02 2.598681926282710403e-04 2.810066647649466886e-04
2.031741935483871089e+02 2.594674198817628098e-04 2.804862905822581094e-04
2.032991935483871089e+02 2.590674986499318707e-04 2.799665170590867722e-04
2.034241935483871089e+02 2.586684254500957103e-04 2.794473436281094160e-04
2.035491935483871089e+02 2.582701968166633416e-04 2.789287697332316993e-04
2.036741935483871089e+02 2.578728093010941038e-04 2.784107948294635166e-04
2.037991935483871089e+02 2.574762594717276590e-04 2.778934183827780520e-04
2.039241935483871089e+02 2.570805439138369015e-04 2.773766398699860120e-04
2.040491935483871089e+02 2.566856592294191946e-04 2.768604587786038405e-04
2.041741935483871089e+02 2.562916020371781020e-04 2.763533138075217584e-04
2.042991935483871089e+02 2.558983689724698279e-04 2.759459487121799300e-04
2.044241935483871089e+02 2.555059566871812986e-04 2.755389704047459562e-04
2.045491935483871089e+02 2.551143618496588762e-04 2.751323773071511066e-04
2.046741935483871089e+02 2.547235811446824463e-04 2.747261678614650558e-04
2.047991935483871089e+02 2.543336112733064194e-04 2.743203405297425768e-04
2.049241935483871089e+02 2.539444489528572919e-04 2.739148937938721867e-04
2.050491935483871089e+02 2.535560909168240330e-04 2.735098261554144922e-04
2.051741935483871089e+02 2.531685339147813230e-04 2.731051361354581530e-04
2.052991935483871089e+02 2.527817747123265618e-04 2.727008222744617513e-04
2.054241935483871089e+02 2.523958100909960592e-04 2.722968831321047681e-04
2.055491935483871089e+02 2.520106368482091450e-04 2.718933172871393182e-04
2.056741935483871089e+02 2.516262517971781798e-04 2.714901233372399888e-04
2.057991935483871089e+02 2.512426517668161813e-04 2.710872998988515087e-04
2.059241935483871089e+02 2.508598336017367697e-04 2.706848456070499705e-04
2.060491935483871089e+02 2.504777941620694743e-04 2.702827591153772729e-04
2.061741935483871089e+02 2.500965303234954033e-04 2.698810390957187143e-04
2.062991935483871089e+02 2.497160389771291744e-04 2.694796842381379232e-04
2.064241935483871089e+02 2.493363170294161870e-04 2.690786932507463741e-04
2.065491935483871089e+02 2.489573614021019384e-04 2.686780648595435764e-04
2.066741935483871089e+02 2.485791690321994445e-04 2.682777978082913611e-04
2.067991935483871089e+02 2.481663890972885911e-04 2.678778908583528224e-04
2.069241935483871089e+02 2.477358604426809310e-04 2.674783427885691527e-04
2.070491935483871089e+02 2.473062261499760586e-04 2.670791523951015654e-04
2.071741935483871089e+02 2.468774837954788859e-04 2.666803184913066121e-04
2.072991935483871089e+02 2.464496309644403482e-04 2.662818399075812499e-04
2.074241935483871089e+02 2.460226652510114336e-04 2.658837154912364778e-04
2.075491935483871089e+02 2.455965842582013333e-04 2.654859441063481501e-04
2.076741935483871089e+02 2.451713855977656056e-04 2.650885246336340826e-04
2.077991935483871089e+02 2.447470668902422260e-04 2.646914559703006375e-04
2.079241935483871089e+02 2.443236257647989854e-04 2.642947370299231365e-04
2.080491935483871089e+02 2.439010598592751512e-04 2.638983667422913071e-04
2.081741935483871089e+02 2.434793668200846471e-04 2.635023440532969596e-04
2.082991935483871089e+02 2.430585443021218912e-04 2.631066679247842047e-04
2.084241935483871089e+02 2.426385899688259526e-04 2.627113373344202164e-04
2.085491935483871089e+02 2.422195014920145340e-04 2.623163512755687056e-04
2.086741935483871089e+02 2.418012765518931593e-04 2.619217087571501664e-04
2.087991935483871089e+02 2.413839128370222147e-04 2.615274088035158921e-04
2.089241935483871089e+02 2.409674080441823716e-04 2.611334504543155939e-04
2.090491935483871089e+02 2.405517598784326187e-04 2.607398327643721753e-04
2.091741935483871089e+02 2.401369660530022754e-04 2.603465548035459906e-04
2.092991935483871089e+02 2.397230242892287315e-04 2.599536156566165036e-04
2.094241935483871089e+02 2.393099323165958281e-04 2.595610144231384146e-04
2.095491935483871089e+02 2.388976878725441490e-04 2.591687502173386603e-04
2.096741935483871089e+02 2.384862887025625006e-04 2.587768221679679877e-04
2.097991935483871089e+02 2.380757325600836387e-04 2.583852294181925870e-04
2.099241935483871089e+02 2.376660172063985079e-04 2.579939711254563444e-04
2.100491935483871089e+02 2.372571404107237604e-04 2.576030464613709037e-04
2.101741935483871089e+02 2.368490999500031573e-04 2.572124546115732565e-04
2.102991935483871089e+02 2.364418936089968527e-04 2.568221947756262123e-04
2.104241935483871089e+02 2.360355191801808610e-04 2.564322661668777233e-04
2.105491935483871089e+02 2.356299744636825737e-04 2.560426680123540364e-04
2.106741935483871089e+02 2.352252572672851240e-04 2.556533995526273661e-04
2.107991935483871089e+02 2.348213654063469654e-04 2.552644600417046557e-04
2.109241935483871089e+02 2.344182967037723817e-04 2.548758487468998578e-04
2.110491935483871089e+02 2.340160489899892067e-04 2.544875649487309899e-04
2.111741935483871089e+02 2.336146201028557994e-04 2.540996079407834159e-04
2.112991935483871089e+02 2.332140078876516933e-04 2.537119770296087989e-04
2.114241935483871089e+02 2.328142101970625253e-04 2.533246715345999298e-04
2.115491935483871089e+02 2.324152248910739741e-04 2.529376907878743926e-04
2.116741935483871089e+02 2.320170498369832524e-04 2.525510341341644094e-04
2.117991935483871089e+02 2.316196829093575282e-04 2.521647009307048421e-04
2.119241935483871089e+02 2.312231219899315486e-04 2.517786905471069373e-04
2.120491935483871089e+02 2.308273649676722856e-04 2.513930023652624288e-04
2.121741935483871089e+02 2.304324097386269848e-04 2.510076357792133785e-04
2.122991935483871089e+02 2.300382542059613300e-04 2.506225901950571468e-04
2.124241935483871089e+02 2.296448962799110599e-04 2.502378650308230640e-04
2.125491935483871089e+02 2.292523338776989458e-04 2.498534597163699737e-04
2.126741935483871089e+02 2.288605649235563944e-04 2.494693736932697891e-04
2.127991935483871089e+02 2.284695873486202312e-04 2.490856064147053614e-04
2.129241935483871089e+02 2.280793990909572313e-04 2.487021573453515968e-04
2.130491935483871089e+02 2.276899980954989039e-04 2.483190259612822696e-04
2.131741935483871089e+02 2.273013823139962005e-04 2.479362117498506513e-04
2.132991935483871089e+02 2.269135497049776641e-04 2.475537142095869452e-04
2.134241935483871089e+02 2.265264982337524111e-04 2.471715328500965342e-04
2.135491935483871089e+02 2.261402258723362968e-04 2.467896671919427238e-04
2.136741935483871089e+02 2.257547305994446517e-04 2.464081167665601690e-04
2.137991935483871089e+02 2.253700104003938086e-04 2.460268811161300828e-04
2.139241935483871089e+02 2.249860632671610316e-04 2.456459597934970230e-04
2.140491935483871089e+02 2.246028871982748767e-04 2.452653523620506606e-04
2.141741935483871089e+02 2.242204801988288796e-04 2.448850583956299902e-04
2.142991935483871089e+02 2.238388402803808872e-04 2.445050774784212526e-04
2.144241935483871089e+02 2.234579654610015220e-04 2.441254092048590553e-04
2.145491935483871089e+02 2.230778537651856568e-04 2.437460531795202022e-04
2.146741935483871089e+02 2.226985032238458278e-04 2.433670090170308043e-04
2.147991935483871089e+02 2.223199118742569681e-04 2.429882763419602995e-04
2.149241935483871089e+02 2.219420777600190290e-04 2.426098547887288611e-04
2.150491935483871089e+02 2.215649989310579295e-04 2.422317440015041550e-04
2.151741935483871089e+02 2.211886734435754114e-04 2.418539436341118117e-04
2.152991935483871089e+02 2.208130993600038552e-04 2.414764533499267078e-04
2.154241935483871089e+02 2.204382747490055215e-04 2.410992728217933043e-04
2.155491935483871089e+02 2.200641976853787943e-04 2.407224017319060320e-04
2.156741935483871089e+02 2.196908662501078648e-04 2.403458397717431281e-04
2.157991935483871089e+02 2.193182785302917701e-04 2.399695866419479702e-04
2.159241935483871089e+02 2.189464326190798562e-04 2.395936420522513661e-04
2.160491935483871089e+02 2.185753266157109450e-04 2.392180057213677145e-04
2.161741935483871089e+02 2.182049586254220983e-04 2.388426773769107081e-04
2.162991935483871089e+02 2.178353267594665074e-04 2.384676567552905513e-04
2.164241935483871089e+02 2.174664291350461099e-04 2.380929436016370360e-04
2.165491935483871089e+02 2.170982638752905289e-04 2.377185376696937236e-04
2.166741935483871089e+02 2.167308291092528722e-04 2.373444387217395028e-04
2.167991935483871089e+02 2.163641229718353011e-04 2.369706465284914453e-04
2.169241935483871089e+02 2.159981436038113114e-04 2.365971608690171208e-04
2.170491935483871089e+02 2.156328891517596236e-04 2.362239815306475354e-04
2.171741935483871089e+02 2.152683577680436651e-04 2.358511083088898539e-04
2.172991935483871089e+02 2.149045476107875002e-04 2.354785410073349978e-04
2.174241935483871089e+02 2.145414568438628201e-04 2.351062794375766835e-04
2.175491935483871089e+02 2.141790836368111510e-04 2.347343234191201044e-04
2.176741935483871089e+02 2.138174261649012904e-04 2.343626727792975538e-04
2.177991935483871089e+02 2.134564826090102610e-04 2.339913273531855095e-04
2.179241935483871089e+02 2.130962511556472175e-04 2.336202869835156219e-04
2.180491935483871089e+02 2.127367299969290526e-04 2.332495515205953226e-04
2.181741935483871089e+02 2.123779173305219848e-04 2.328791208222200310e-04
2.182991935483871089e+02 2.120198113596508561e-04 2.325089947535908912e-04
2.184241935483871089e+02 2.116624102930628648e-04 2.321391731872307455e-04
2.185491935483871089e+02 2.113057123449505609e-04 2.317696560029090000e-04
2.186741935483871089e+02 2.109497157350389337e-04 2.314004430875507134e-04
2.187991935483871089e+02 2.105944186884317810e-04 2.310315343351625466e-04
2.189241935483871089e+02 2.102398194356794986e-04 2.306965294190793647e-04
2.190491935483871089e+02 2.098859162127214280e-04 2.303734546210594377e-04
2.191741935483871089e+02 2.095327072608167652e-04 2.300505117846393882e-04
2.192991935483871089e+02 2.091801908266302133e-04 2.297277001461744538e-04
2.194241935483871089e+02 2.088283651620823349e-04 2.294050189595411209e-04
2.195491935483871089e+02 2.084772285244202968e-04 2.290824674960419594e-04
2.196741935483871089e+02 2.081267791761398883e-04 2.287600450442332616e-04
2.197991935483871089e+02 2.077770153849566276e-04 2.284377509098454344e-04
2.199241935483871089e+02 2.074279354238603239e-04 2.281155844155833439e-04
2.200491935483871089e+02 2.070795375709835642e-04 2.277935449011049833e-04
2.201741935483871089e+02 2.067318201096368679e-04 2.274716317227730010e-04
2.202991935483871089e+02 2.063847813283070339e-04 2.271498442536180277e-04
2.204241935483871089e+02 2.060384195205657964e-04 2.268281818831791898e-04
2.205491935483871089e+02 2.056927329851151445e-04 2.265066440173576882e-04
2.206741935483871089e+02 2.053477200257268508e-04 2.261852300783532643e-04
2.207991935483871089e+02 2.050033789512189987e-04 2.258639395044495816e-04
2.209241935483871089e+02 2.046597080754600749e-04 2.255427717499878257e-04
2.210491935483871089e+02 2.043167057173191775e-04 2.252217262851515715e-04
2.211741935483871089e+02 2.039743702006415133e-04 2.249008025959181296e-04
2.212991935483871089e+02 2.036326998542840134e-04 2.245800001838679164e-04
2.214241935483871089e+02 2.032916930119962613e-04 2.242593185661369390e-04
2.215491935483871089e+02 2.029513480125019699e-04 2.239387572752352996e-04
2.216741935483871089e+02 2.026116631993928930e-04 2.236183158589264970e-04
2.217991935483871089e+02 2.022726369211397485e-04 2.232979938801526434e-04
2.219241935483871089e+02 2.019342675311208138e-04 2.229777909168580109e-04
2.220491935483871089e+02 2.015965533875032061e-04 2.226577065619248733e-04
2.221741935483871089e+02 2.012594928533125967e-04 2.223377404229891110e-04
2.222991935483871089e+02 2.009230842963530609e-04 2.220178921223898494e-04
2.224241935483871089e+02 2.005873260891966156e-04 2.216981612969839792e-04
2.225491935483871089e+02 2.002522166092251513e-04 2.213785475980789899e-04
2.226741935483871089e+02 1.999177542385069406e-04 2.210590506912942736e-04
2.227991935483871089e+02 1.995839373638428802e-04 2.207396702564373085e-04
2.229241935483871089e+02 1.992507643767679000e-04 2.204204059874052411e-04
2.230491935483871089e+02 1.989182336734460666e-04 2.201012575920345072e-04
2.231741935483871089e+02 1.985863436547615477e-04 2.197822247920314966e-04
2.232991935483871089e+02 1.982550927261873971e-04 2.194633073228099507e-04
2.234241935483871089e+02 1.979244792978356168e-04 2.191445049334288643e-04
2.235491935483871089e+02 1.975945017844540680e-04 2.188258173864038889e-04
2.236741935483871089e+02 1.972651586053279706e-04 2.185072444576728276e-04
2.237991935483871089e+02 1.969364481843614086e-04 2.181887859364352550e-04
2.239241935483871089e+02 1.966083689499625398e-04 2.178704416250279148e-04
2.240491935483871089e+02 1.962809193350824647e-04 2.175522113388583399e-04
2.241741935483871089e+02 1.959540977772149012e-04 2.172340949062530639e-04
2.242991935483871089e+02 1.956279027183078492e-04 2.169160921683702342e-04
2.244241935483871089e+02 1.953023326048159032e-04 2.165982029790508329e-04
2.245491935483871089e+02 1.949773858876359053e-04 2.162804272047727332e-04
2.246741935483871089e+02 1.946530610220999246e-04 2.159627647244586333e-04
2.247991935483871089e+02 1.943293564679987031e-04 2.156452154294430964e-04
2.249241935483871089e+02 1.940062706894994193e-04 2.153277792233164261e-04
2.250491935483871089e+02 1.936838021551594302e-04 2.150104560218147546e-04
2.251741935483871089e+02 1.933619493379317193e-04 2.146932457527481067e-04
2.252991935483871089e+02 1.930407107151020402e-04 2.143761483558370641e-04
2.254241935483871089e+02 1.927200847683039058e-04 2.140591637826631637e-04
2.255491935483871089e+02 1.924000699835154708e-04 2.137422919965191958e-04
2.256741935483871089e+02 1.920806648509670498e-04 2.134255329723313860e-04
2.257991935483871089e+02 1.917618678652439532e-04 2.131088866965143288e-04
2.259241935483871089e+02 1.914436775251600971e-04 2.127923531669152323e-04
2.260491935483871089e+02 1.911260923338023194e-04 2.124759323926768753e-04
2.261741935483871089e+02 1.908091107985090485e-04 2.121596243941244436e-04
2.262991935483871089e+02 1.904927314308120815e-04 2.118434292026980924e-04
2.264241935483871089e+02 1.901769527465019076e-04 2.115273468608037607e-04
2.265491935483871089e+02 1.898617732655211577e-04 2.112113774217539461e-04
2.266741935483871089e+02 1.895471915120033922e-04 2.108955209496187085e-04
2.267991935483871089e+02 1.892332060142695228e-04 2.105797775191761494e-04
2.269241935483871089e+02 1.889198153047529755e-04 2.102641472157552838e-04
2.270491935483871089e+02 1.886070179200372856e-04 2.099486301351765716e-04
2.271741935483871089e+02 1.882948124008371508e-04 2.096332263836328449e-04
2.272991935483871089e+02 1.879831972919369573e-04 2.093179360775815118e-04
2.274241935483871089e+02 1.876721711422557777e-04 2.090027593436670082e-04
2.275491935483871089e+02 1.873617325047385982e-04 2.086876963185917242e-04
2.276741935483871089e+02 1.870518799364213436e-04 2.083727471490495417e-04
2.277991935483871089e+02 1.867426119983780499e-04 2.080579119915926408e-04
2.279241935483871089e+02 1.864339272557080705e-04 2.077431910125669082e-04
2.280491935483871089e+02 1.861258242775213039e-04 2.074285843879736203e-04
2.281741935483871089e+02 1.858183016369505537e-04 2.071140923034276468e-04
2.282991935483871089e+02 1.855113579110915991e-04 2.067997149540114091e-04
2.284241935483871089e+02 1.852049916810373205e-04 2.064854525441853520e-04
2.285491935483871089e+02 1.848992015318251427e-04 2.061713052877216451e-04
2.286741935483871089e+02 1.845939860524345682e-04 2.058572734075725331e-04
2.287991935483871089e+02 1.842893438358020038e-04 2.055433571358086721e-04
2.289241935483871089e+02 1.839852734787479020e-04 2.052295567134871550e-04
2.290491935483871089e+02 1.836817735820427621e-04 2.049158723906000391e-04
2.291741935483871089e+02 1.833788427503088743e-04 2.046023044259355408e-04
2.292991935483871089e+02 1.830764795920619529e-04 2.042888530870246120e-04
2.294241935483871089e+02 1.827746827196954427e-04 2.039755186500240899e-04
2.295491935483871089e+02 1.824734507494369068e-04 2.036623013996306114e-04
2.296741935483871089e+02 1.821727823013637203e-04 2.033492016289961267e-04
2.297991935483871089e+02 1.818726759993856423e-04 2.030362196396140310e-04
2.299241935483871089e+02 1.815731304712096057e-04 2.027233557412622166e-04
2.300491935483871089e+02 1.812741443483672837e-04 2.024106102518779832e-04
2.301741935483871089e+02 1.809757162661545908e-04 2.020979834974966451e-04
2.302991935483871089e+02 1.806778448636578124e-04 2.017854758121369850e-04
2.304241935483871089e+02 1.803805287837324898e-04 2.014730875377376113e-04
2.305491935483871089e+02 1.800837666729693763e-04 2.011608190240533629e-04
2.306741935483871089e+02 1.797875571817200517e-04 2.008486706285527161e-04
2.307991935483871089e+02 1.794918989640376973e-04 2.005366427163633584e-04
2.309241935483871089e+02 1.791967906777097849e-04 2.002247356601591052e-04
2.310491935483871089e+02 1.789022309842264722e-04 1.999129498400913248e-04
2.311741935483871089e+02 1.786082185487513295e-04 1.996012856436734436e-04
2.312991935483871089e+02 1.783015734343174855e-04 1.992897434657341083e-04
2.314241935483871089e+02 1.779134979844112510e-04 1.989783237082953760e-04
2.315491935483871089e+02 1.775260089711456113e-04 1.986670267805177453e-04
2.316741935483871089e+02 1.771391063566495473e-04 1.983558530985980511e-04
2.317991935483871089e+02 1.767527901009458956e-04 1.980448030856790697e-04
2.319241935483871089e+02 1.763670601619380133e-04 1.977338771717922726e-04
2.320491935483871089e+02 1.759819164954012395e-04 1.974230757937366131e-04
2.321741935483871089e+02 1.755973590549689365e-04 1.971123993950362689e-04
2.322991935483871089e+02 1.752133877921225149e-04 1.968018484258279670e-04
2.324241935483871089e+02 1.748300026561815947e-04 1.964914233428006747e-04
2.325491935483871089e+02 1.744472035942924314e-04 1.961811246090852006e-04
2.326741935483871089e+02 1.740649905514198654e-04 1.958709526942042944e-04
2.327991935483871089e+02 1.736833634703340685e-04 1.955609080739843656e-04
2.329241935483871089e+02 1.733023222916033870e-04 1.952509912304539210e-04
2.330491935483871089e+02 1.729218669535833924e-04 1.949412026517959137e-04
2.331741935483871089e+02 1.725419973924077462e-04 1.946315428322350951e-04
2.332991935483871089e+02 1.721627135419809902e-04 1.943220122719961098e-04
2.334241935483871089e+02 1.717840153339661598e-04 1.940126114771834748e-04
2.335491935483871089e+02 1.714059026977786306e-04 1.937033409597392955e-04
2.336741935483871089e+02 1.710283755605761713e-04 1.933942012373611647e-04
2.337991935483871089e+02 1.706514338472529531e-04 1.930851928333902998e-04
2.339241935483871089e+02 1.702750774804282744e-04 1.927763162767822422e-04
2.340491935483871089e+02 1.698993063804406516e-04 1.924675721019931788e-04
2.341741935483871089e+02 1.695241204653393625e-04 1.921589608489329150e-04
2.342991935483871089e+02 1.691495196508771548e-04 1.918504830628645042e-04
2.344241935483871089e+02 1.687755038505042563e-04 1.915421392943522877e-04
2.345491935483871089e+02 1.684020729753582372e-04 1.912339300991617143e-04
2.346741935483871089e+02 1.680292269342595107e-04 1.909258560382126385e-04
2.347991935483871089e+02 1.676569656337039067e-04 1.906179176774909034e-04
2.349241935483871089e+02 1.672852889778556236e-04 1.903101155879602228e-04
2.350491935483871089e+02 1.669141968685426756e-04 1.900024503455360241e-04
2.351741935483871089e+02 1.665436892052478933e-04 1.896949225309509806e-04
2.352991935483871089e+02 1.661737658851048037e-04 1.893875327297382877e-04
2.354241935483871089e+02 1.658044268028915859e-04 1.890802815321203964e-04
2.355491935483871089e+02 1.654356718510245389e-04 1.887731695329687351e-04
2.356741935483871089e+02 1.650675009195549372e-04 1.884661973317037738e-04
2.357991935483871089e+02 1.646999138961605200e-04 1.881593655322491619e-04
2.359241935483871089e+02 1.643329106661424010e-04 1.878526747429577586e-04
2.360491935483871089e+02 1.639664911124202439e-04 1.875461255765161687e-04
2.361741935483871089e+02 1.636006551155258656e-04 1.872397186499178009e-04
2.362991935483871089e+02 1.632354025536014198e-04 1.869334545843491068e-04
2.364241935483871089e+02 1.628707333023922963e-04 1.866273340051777100e-04
2.365491935483871089e+02 1.625066472352434878e-04 1.863213575418160397e-04
2.366741935483871089e+02 1.621431442230967992e-04 1.860155258277144193e-04
2.367991935483871089e+02 1.617802241344851275e-04 1.857098395002557904e-04
2.369241935483871089e+02 1.614178868355310801e-04 1.854042992007078180e-04
2.370491935483871089e+02 1.610561321899407403e-04 1.850989055741581368e-04
2.371741935483871089e+02 1.606949600590013634e-04 1.847936592694230339e-04
2.372991935483871089e+02 1.603343703015785039e-04 1.844885609390256294e-04
2.374241935483871089e+02 1.599743627741123013e-04 1.841836112390812493e-04
2.375491935483871089e+02 1.596149373306155568e-04 1.838788108292760122e-04
2.376741935483871089e+02 1.592560938226694766e-04 1.835741603727771660e-04
2.377991935483871089e+02 1.588978320994213420e-04 1.832696605361840278e-04
2.379241935483871089e+02 1.585401520075828549e-04 1.829653119894425212e-04
2.380491935483871089e+02 1.581830533914271029e-04 1.826611154058092629e-04
2.381741935483871089e+02 1.578265360927862820e-04 1.823570714617825253e-04
2.382991935483871089e+02 1.574705999510505044e-04 1.820531808370140915e-04
2.384241935483871089e+02 1.571152448031657377e-04 1.817554486194486072e-04
2.385491935483871089e+02 1.567604704836289542e-04 1.814975802892766733e-04
2.386741935483871089e+02 1.564062768244928463e-04 1.812398201608158394e-04
2.387991935483871089e+02 1.560526636553569635e-04 1.809821682282603114e-04
2.389241935483871089e+02 1.556996308033724828e-04 1.807246244925433975e-04
2.390491935483871089e+02 1.553471780932388750e-04 1.804671889612481704e-04
2.391741935483871089e+02 1.549953053471998115e-04 1.802098616485937790e-04
2.392991935483871089e+02 1.546440123850484772e-04 1.799526425753453240e-04
2.394241935483871089e+02 1.542932990241198995e-04 1.796955317687688909e-04
2.395491935483871089e+02 1.539431650792959358e-04 1.794385292625587998e-04
2.396741935483871089e+02 1.535936103630028611e-04 1.791816350968062992e-04
2.397991935483871089e+02 1.532446346852078443e-04 1.789248493179044271e-04
2.399241935483871089e+02 1.528962378534248843e-04 1.786681719785329951e-04
2.400491935483871089e+02 1.525484196727079525e-04 1.784116031375657259e-04
2.401741935483871089e+02 1.522011799456569284e-04 1.781551428600425529e-04
2.402991935483871089e+02 1.518545184724145916e-04 1.778987912170863252e-04
2.404241935483871089e+02 1.515084350506654555e-04 1.776425482858745922e-04
2.405491935483871089e+02 1.511629294756410805e-04 1.773864141495412388e-04
2.406741935483871089e+02 1.508180015401143275e-04 1.771303888971805516e-04
2.407991935483871089e+02 1.504736510344054025e-04 1.768744726237351118e-04
2.409241935483871089e+02 1.501298777463808262e-04 1.766186654299792074e-04
2.410491935483871089e+02 1.497866814614512931e-04 1.763629674224395508e-04
2.411741935483871089e+02 1.494440619625781494e-04 1.761073787133616143e-04
2.412991935483871089e+02 1.491020190302685684e-04 1.758518994206266614e-04
2.414241935483871089e+02 1.487605524425821371e-04 1.755965296677223651e-04
2.415491935483871089e+02 1.484196619751297175e-04 1.753412695836903325e-04
2.416741935483871089e+02 1.480793474010724440e-04 1.750861193030471205e-04
2.417991935483871089e+02 1.477396084911292043e-04 1.748310789657582694e-04
2.419241935483871089e+02 1.474004450135715707e-04 1.745761487171618392e-04
2.420491935483871089e+02 1.470618567342310643e-04 1.743213287079460757e-04
2.421741935483871089e+02 1.467238434164991280e-04 1.740666190940460851e-04
2.422991935483871089e+02 1.463864048213261505e-04 1.738120200366482257e-04
2.424241935483871089e+02 1.460495407072293810e-04 1.735575317021025585e-04
2.425491935483871089e+02 1.457132508302891349e-04 1.733031542618825146e-04
2.426741935483871089e+02 1.453775349441558675e-04 1.730488878925241802e-04
2.427991935483871089e+02 1.450423928000507711e-04 1.727947327755926859e-04
2.429241935483871089e+02 1.447078241467658014e-04 1.725406890976016511e-04
2.430491935483871089e+02 1.443738287306718096e-04 1.722867570499960800e-04
2.431741935483871089e+02 1.440404062957145032e-04 1.720329368290734865e-04
2.432991935483871089e+02 1.437075565834235809e-04 1.717792286359559216e-04
2.434241935483871089e+02 1.433752793329128136e-04 1.715256326765163286e-04
2.435491935483871089e+02 1.430435742808804241e-04 1.712721491613552062e-04
2.436741935483871089e+02 1.427124411616179230e-04 1.710187783057120017e-04
2.437991935483871089e+02 1.423818797070076155e-04 1.707655203294648402e-04
2.439241935483871089e+02 1.420518896465298379e-04 1.705123754570384486e-04
2.440491935483871089e+02 1.417224707072657771e-04 1.702593439173829052e-04
2.441741935483871089e+02 1.413936226138974431e-04 1.700064259439070153e-04
2.442991935483871089e+02 1.410653450887169934e-04 1.697536217744371394e-04
2.444241935483871089e+02 1.407376378516239678e-04 1.695009316511771036e-04
2.445491935483871089e+02 1.404105006201349115e-04 1.692483558206293252e-04
2.446741935483871089e+02 1.400839331093841603e-04 1.689958945335925348e-04
2.447991935483871089e+02 1.397579350321262264e-04 1.687435480450729264e-04
2.449241935483871089e+02 1.394325060987445803e-04 1.684913166142641813e-04
2.450491935483871089e+02 1.391076460172500787e-04 1.682392005044781055e-04
2.451741935483871089e+02 1.387833544932896108e-04 1.679871999831279879e-04
2.452991935483871089e+02 1.384596312301490531e-04 1.677353153216347621e-04
2.454241935483871089e+02 1.381364759287547872e-04 1.674835467954308556e-04
2.455491935483871089e+02 1.378138882876834030e-04 1.672318946838829675e-04
2.456741935483871089e+02 1.374918680031600188e-04 1.669803592702579160e-04
2.457991935483871089e+02 1.371704147690687436e-04 1.667289408416648233e-04
2.459241935483871089e+02 1.368495282769543575e-04 1.664776396890316700e-04
2.460491935483871089e+02 1.365292082160247781e-04 1.662264561070262564e-04
2.461741935483871089e+02 1.362094542731616322e-04 1.659753903940482339e-04
2.462991935483871089e+02 1.358902661329187641e-04 1.657244428521558940e-04
2.464241935483871089e+02 1.355716434775324007e-04 1.654736137870416385e-04
2.465491935483871089e+02 1.352535859869239971e-04 1.652229035079676590e-04
2.466741935483871089e+02 1.349360933387028119e-04 1.649723123277434126e-04
2.467991935483871089e+02 1.346191652081769928e-04 1.647218405626504054e-04
2.469241935483871089e+02 1.343028012683516797e-04 1.644714885324420844e-04
2.470491935483871089e+02 1.339870011899409034e-04 1.642212565602581308e-04
2.471741935483871089e+02 1.336717646413691579e-04 1.639711449726097693e-04
2.472991935483871089e+02 1.333570912887762521e-04 1.637211540993194052e-04
2.474241935483871089e+02 1.330429807960262819e-04 1.634712842734922452e-04
2.475491935483871089e+02 1.327294328247089037e-04 1.632215358314589165e-04
2.476741935483871089e+02 1.324164470341487128e-04 1.629719091127341309e-04
2.477991935483871089e+02 1.321040230814095806e-04 1.627224044599971968e-04
2.479241935483871089e+02 1.317921606212982591e-04 1.624730222190177509e-04
2.480491935483871089e+02 1.314808593063743832e-04 1.622237627386397126e-04
2.481741935483871089e+02 1.311701187869515541e-04 1.619746263707183727e-04
2.482991935483871089e+02 1.308599387111078840e-04 1.617256134701079793e-04
2.484241935483871089e+02 1.305503187246896820e-04 1.614767243945774955e-04
2.485491935483871089e+02 1.302412584713157908e-04 1.612279595048140147e-04
2.486741935483871089e+02 1.299327575923881308e-04 1.609793191643584399e-04
2.487991935483871089e+02 1.296248157270927029e-04 1.607308037395698680e-04
2.489241935483871089e+02 1.293174325124104576e-04 1.604824135995806496e-04
2.490491935483871089e+02 1.290106075831214962e-04 1.602341491162700157e-04
2.491741935483871089e+02 1.287043405718094080e-04 1.599860106642016276e-04
2.492991935483871089e+02 1.283986311088722472e-04 1.597379986206124639e-04
2.494241935483871089e+02 1.280934788225241599e-04 1.594901133653454646e-04
2.495491935483871089e+02 1.277888833388057105e-04 1.592423552808378212e-04
2.496741935483871089e+02 1.274848442815888696e-04 1.589947247520545972e-04
2.497991935483871089e+02 1.271813612725819194e-04 1.587472221664783462e-04
2.499241935483871089e+02 1.268784339313399983e-04 1.584998479140316459e-04
2.500491935483871089e+02 1.265760618752672143e-04 1.582526023870897561e-04
2.501741935483871089e+02 1.262742447196276232e-04 1.580054859803991954e-04
2.502991935483871089e+02 1.259729820775500801e-04 1.577584990910654622e-04
2.504241935483871089e+02 1.256722735600332539e-04 1.575116421184976322e-04
2.505491935483871089e+02 1.253721187759569027e-04 1.572649154643916344e-04
2.506741935483871089e+02 1.250725173320839888e-04 1.570183195326746320e-04
2.507991935483871089e+02 1.247734688330714384e-04 1.567718547294678607e-04
2.509241935483871089e+02 1.244749728814760785e-04 1.565255214630738355e-04
2.510491935483871089e+02 1.241770290777592981e-04 1.562793201439088321e-04
2.511741935483871089e+02 1.238796370202985958e-04 1.560332511844890360e-04
2.512991935483871089e+02 1.235827963053904254e-04 1.557873149993799916e-04
2.514241935483871089e+02 1.232865065272599264e-04 1.555415120051789298e-04
2.515491935483871089e+02 1.229907672780684597e-04 1.552958426204468698e-04
2.516741935483871089e+02 1.226955781479181068e-04 1.550503072657114921e-04
2.517991935483871089e+02 1.224009387248628370e-04 1.548049063634075891e-04
2.519241935483871089e+02 1.221068485949118143e-04 1.545596403378507455e-04
2.520491935483871089e+02 1.218133073420405376e-04 1.543145096151946484e-04
2.521741935483871089e+02 1.215203145481964786e-04 1.540695146234114627e-04
2.522991935483871089e+02 1.212278697933048686e-04 1.538246557922345046e-04
2.524241935483871089e+02 1.209359726552803536e-04 1.535799335531514917e-04
2.525491935483871089e+02 1.206446227100300170e-04 1.533353483393451835e-04
2.526741935483871089e+02 1.203538195314645054e-04 1.530909005856840026e-04
2.527991935483871089e+02 1.200635626915045890e-04 1.528465907286631089e-04
2.529241935483871089e+02 1.197738517600864733e-04 1.526024192063948036e-04
2.530491935483871089e+02 1.194846863051734684e-04 1.523583864585478147e-04
2.531741935483871089e+02 1.191960658927614233e-04 1.521144929263493564e-04
2.532991935483871089e+02 1.189079900868853803e-04 1.518707390525209989e-04
2.534241935483871089e+02 1.186204584496305660e-04 1.516271252812668503e-04
2.535491935483871089e+02 1.183334705411365521e-04 1.513836520582243069e-04
2.536741935483871089e+02 1.180470259196082328e-04 1.511403198304519916e-04
2.537991935483871089e+02 1.177611241413227636e-04 1.508971290463795008e-04
2.539241935483871089e+02 1.174757647606349556e-04 1.506540801557780496e-04
2.540491935483871089e+02 1.171909473299898518e-04 1.504111736097462151e-04
2.541741935483871089e+02 1.169066713999259121e-04 1.501684098606550480e-04
2.542991935483871089e+02 1.166229365190867907e-04 1.499257893621366616e-04
2.544241935483871089e+02 1.163397422342278542e-04 1.496833125690348468e-04
2.545491935483871089e+02 1.160570880902223625e-04 1.494409799373992980e-04
2.546741935483871089e+02 1.157749736300737466e-04 1.491987919244183660e-04
2.547991935483871089e+02 1.154933983949191461e-04 1.489567489884278397e-04
2.549241935483871089e+02 1.152123619240409290e-04 1.487148515888567365e-04
2.550491935483871089e+02 1.149318637548737927e-04 1.484731001862059699e-04
2.551741935483871089e+02 1.146519034230112158e-04 1.482314952420124630e-04
2.552991935483871089e+02 1.143724804622168686e-04 1.479900372188306626e-04
2.554241935483871089e+02 1.140935944044293705e-04 1.477487265801844820e-04
2.555491935483871089e+02 1.138152447797734299e-04 1.475075637905611480e-04
2.556741935483871089e+02 1.135374311165673254e-04 1.472665493153629270e-04
2.557991935483871089e+02 1.132601529413285977e-04 1.470256836208926239e-04
2.559241935483871089e+02 1.129834097787872090e-04 1.467849671743134661e-04
2.560491935483871089e+02 1.127072011518883896e-04 1.465444004436329496e-04
2.561741935483871089e+02 1.124315265818060270e-04 1.463039838976520435e-04
2.562991935483871089e+02 1.121563855879478979e-04 1.460637180059705300e-04
2.564241935483871089e+02 1.118817776879639752e-04 1.458236032389256386e-04
2.565491935483871089e+02 1.116077023977572979e-04 1.455836400675956780e-04
2.566741935483871089e+02 1.113341592314891340e-04 1.453438289637443896e-04
2.567991935483871089e+02 1.110611477015901208e-04 1.451041703998114335e-04
2.569241935483871089e+02 1.107886673187678274e-04 1.448646648488798082e-04
2.570491935483871089e+02 1.105167175920136665e-04 1.446253127846434331e-04
2.571741935483871089e+02 1.102452980286144408e-04 1.443861146813938128e-04
2.572991935483871089e+02 1.099744081341573037e-04 1.441470710139787558e-04
2.574241935483871089e+02 1.097040474125414954e-04 1.439081822577934031e-04
2.575491935483871089e+02 1.094342153659852548e-04 1.436694488887323064e-04
2.576741935483871089e+02 1.091649114950333957e-04 1.434308713831849286e-04
2.577991935483871089e+02 1.088961352985686224e-04 1.431924502179852011e-04
2.579241935483871089e+02 1.086278862738166264e-04 1.429541858704152645e-04
2.580491935483871089e+02 1.083601639163578898e-04 1.427160788181566255e-04
2.581741935483871089e+02 1.080929677201349499e-04 1.424781295392765225e-04
2.582991935483871089e+02 1.078262971774592027e-04 1.422403385122013092e-04
2.584241935483871089e+02 1.075601517790234250e-04 1.420027062156909478e-04
2.585491935483871089e+02 1.072945310139060437e-04 1.417652331288014151e-04
2.586741935483871089e+02 1.070294343695833602e-04 1.415279197308863827e-04
2.587991935483871089e+02 1.067648613319366926e-04 1.412907665015509487e-04
2.589241935483871089e+02 1.065008113852597345e-04 1.410537739206390608e-04
2.590491935483870520e+02 1.062372840122702240e-04 1.408169424681987949e-04
2.591741935483870520e+02 1.059742786941151070e-04 1.405802726244785063e-04
2.592991935483870520e+02 1.057117949103824093e-04 1.403437648698715079e-04
2.594241935483870520e+02 1.054498321391085145e-04 1.401074196849248798e-04
2.595491935483870520e+02 1.051883898567853464e-04 1.398712375502947185e-04
2.596741935483870520e+02 1.049274675383725125e-04 1.396352189467359184e-04
2.597991935483870520e+02 1.046670646573021556e-04 1.393993643550681821e-04
2.599241935483870520e+02 1.044071806854910290e-04 1.391636742561632269e-04
2.600491935483870520e+02 1.041478150933474492e-04 1.389281491309141559e-04
2.601741935483870520e+02 1.038889673497795627e-04 1.386927894602171351e-04
2.602991935483870520e+02 1.036306369222058223e-04 1.384575957249509833e-04
2.604241935483870520e+02 1.033728232765614787e-04 1.382225684059481153e-04
2.605491935483870520e+02 1.031155258773096527e-04 1.379877079839810167e-04
2.606741935483870520e+02 1.028587441874491014e-04 1.377530149397319676e-04
2.607991935483870520e+02 1.026024776685212104e-04 1.375184897537837724e-04
2.609241935483870520e+02 1.023467257806224493e-04 1.372841329065743862e-04
2.610491935483870520e+02 1.020914879824091421e-04 1.370499448784108737e-04
2.611741935483870520e+02 1.018367637311092032e-04 1.368159261494151721e-04
2.612991935483870520e+02 1.015825524825301340e-04 1.365820771995244164e-04
2.614241935483870520e+02 1.013288536910658124e-04 1.363483985084563532e-04
2.615491935483870520e+02 1.010756668097087985e-04 1.361148905557038385e-04
2.616741935483870520e+02 1.008229912900553626e-04 1.358815538204914155e-04
2.617991935483870520e+02 1.005708265823172353e-04 1.356483887817806267e-04
2.619241935483870520e+02 1.003191721353292783e-04 1.354153959182366213e-04
2.620491935483870520e+02 1.000680273965568839e-04 1.351825757082076088e-04
2.621741935483870520e+02 9.981739181210748119e-05 1.349499286297060755e-04
2.622991935483870520e+02 9.956726482673628224e-05 1.347174551603937684e-04
2.624241935483870520e+02 9.931764588385789678e-05 1.344851557775572463e-04
2.625491935483870520e+02 9.906853442555343362e-05 1.342530309580857351e-04
2.626741935483870520e+02 9.881992989257861858e-05 1.340210811784583067e-04
2.627991935483870520e+02 9.857183172437505674e-05 1.337893069147302189e-04
2.629241935483870520e+02 9.832423935907580242e-05 1.335577086424953196e-04
2.630491935483870520e+02 9.807715223351678405e-05 1.333262868368862916e-04
2.631741935483870520e+02 9.783056978324474590e-05 1.330950419725448911e-04
2.632991935483870520e+02 9.758449144252439027e-05 1.328639745236031362e-04
2.634241935483870520e+02 9.733891664435029018e-05 1.326330849636764503e-04
2.635491935483870520e+02 9.709384482045194445e-05 1.324023737658299425e-04
2.636741935483870520e+02 9.684927540130567681e-05 1.321718414025778389e-04
2.637991935483870520e+02 9.660520781614204914e-05 1.319414883458468093e-04
2.639241935483870520e+02 9.636164149295347800e-05 1.317113150669767805e-04
2.640491935483870520e+02 9.611857585850563229e-05 1.314813220366810916e-04
2.641741935483870520e+02 9.587601033834316599e-05 1.312515097250549782e-04
2.642991935483870520e+02 9.563394435680076344e-05 1.310218786015393869e-04
2.644241935483870520e+02 9.539237733701120311e-05 1.307924291349113260e-04
2.645491935483870520e+02 9.515130870091233716e-05 1.305631617932687138e-04
2.646741935483870520e+02 9.491073786925918027e-05 1.303340770440101039e-04
2.647991935483870520e+02 9.467066426162893766e-05 1.301051753538109144e-04
2.649241935483870520e+02 9.443108729643249761e-05 1.298764571886246741e-04
2.650491935483870520e+02 9.419200639092202088e-05 1.296479230136508766e-04
2.651741935483870520e+02 9.395342096119869274e-05 1.294195732933288271e-04
2.652991935483870520e+02 9.371533042222353793e-05 1.291914084913110524e-04
2.654241935483870520e+02 9.347773418782354636e-05 1.289634290704637885e-04
2.655491935483870520e+02 9.324063167070259647e-05 1.287356354928344824e-04
2.656741935483870520e+02 9.300402228244900396e-05 1.285080282196408407e-04
2.657991935483870520e+02 9.276790543354355848e-05 1.282806077112602866e-04
2.659241935483870520e+02 9.253228053336974221e-05 1.280533744272145636e-04
2.660491935483870520e+02 9.229714699022042480e-05 1.278263288261472657e-04
2.661741935483870520e+02 9.206250421130828530e-05 1.275994713658164378e-04
2.662991935483870520e+02 9.182835160277368612e-05 1.273728025030743550e-04
2.664241935483870520e+02 9.159468856969219474e-05 1.271463226938560574e-04
2.665491935483870520e+02 9.136151451608539860e-05 1.269200323931639275e-04
2.666741935483870520e+02 9.112882884492671913e-05 1.266939320550509931e-04
2.667991935483870520e+02 9.089663095815271457e-05 1.264680221326111424e-04
2.669241935483870520e+02 9.066492025667024926e-05 1.262423030779596901e-04
2.670491935483870520e+02 9.043369614036394751e-05 1.260167753422253539e-04
2.671741935483870520e+02 9.020295800810741510e-05 1.257914393755229870e-04
2.672991935483870520e+02 8.997270525776895846e-05 1.255662956269640947e-04
2.674241935483870520e+02 8.974293728622220983e-05 1.253413445446173967e-04
2.675491935483870520e+02 8.951365348935367606e-05 1.251165865755118358e-04
2.676741935483870520e+02 8.928485326207047704e-05 1.248920221656140263e-04
2.677991935483870520e+02 8.905653599831093027e-05 1.246676517598244052e-04
2.679241935483870520e+02 8.882870109105035132e-05 1.244434758019487990e-04
2.680491935483870520e+02 8.860134793231186877e-05 1.242194947347027335e-04
2.681741935483870520e+02 8.837447591317364767e-05 1.239957089996907523e-04
2.682991935483870520e+02 8.814808442377680426e-05 1.237721190373911571e-04
2.684241935483870520e+02 8.792217285333517730e-05 1.235487252871444606e-04
2.685491935483870520e+02 8.769674059014328344e-05 1.233255281871464750e-04
2.686741935483870520e+02 8.747178702158324253e-05 1.231025281744291212e-04
2.687991935483870520e+02 8.724731153413582295e-05 1.228797256848491266e-04
2.689241935483870520e+02 8.702331351338591682e-05 1.226571211530778601e-04
2.690491935483870520e+02 8.679979234403319231e-05 1.224347150125957759e-04
2.691741935483870520e+02 8.657674740989952037e-05 1.222125076956655254e-04
2.692991935483870520e+02 8.635417809393637449e-05 1.219904996333330544e-04
2.694241935483870520e+02 8.613208377823508989e-05 1.217686912554102294e-04
2.695491935483870520e+02 8.591046384403296218e-05 1.215470829904608918e-04
2.696741935483870520e+02 8.568931767172347955e-05 1.213256752657997870e-04
2.697991935483870520e+02 8.546864464086355979e-05 1.211044685074673166e-04
2.699241935483870520e+02 8.524844413018115323e-05 1.208834631402347013e-04
2.700491935483870520e+02 8.502871551758540720e-05 1.206626595875757784e-04
2.701741935483870520e+02 8.480945818017231739e-05 1.204420582716706747e-04
2.702991935483870520e+02 8.459067149423547501e-05 1.202216596133796363e-04
2.704241935483870520e+02 8.437235483527281597e-05 1.200014640322504146e-04
2.705491935483870520e+02 8.415450757799414249e-05 1.197814719464936284e-04
2.706741935483870520e+02 8.393712909633135530e-05 1.195616837729795648e-04
2.707991935483870520e+02 8.372021876344414569e-05 1.193420999272258739e-04
2.709241935483870520e+02 8.350377595173026830e-05 1.191227208233886918e-04
2.710491935483870520e+02 8.328780003283250716e-05 1.189035468742435589e-04
2.711741935483870520e+02 8.307229037764622443e-05 1.186845784911914230e-04
2.712991935483870520e+02 8.285724635632909108e-05 1.184658160842355466e-04
2.714241935483870520e+02 8.264266733830709073e-05 1.182472600619804357e-04
2.715491935483870520e+02 8.242855269228450781e-05 1.180289108316139371e-04
2.716741935483870520e+02 8.221490178625094777e-05 1.178107687989052326e-04
2.717991935483870520e+02 8.200171398748851994e-05 1.175928343681944578e-04
2.719241935483870520e+02 8.178898866258194772e-05 1.173751079423748263e-04
2.720491935483870520e+02 8.157672517742411153e-05 1.171575899228948387e-04
2.721741935483870520e+02 8.136492289722582023e-05 1.169402807097442423e-04
2.722991935483870520e+02 8.115358118652330561e-05 1.167231807014434465e-04
2.724241935483870520e+02 8.094269940918491740e-05 1.165062902950386980e-04
2.725491935483870520e+02 8.073227692842098945e-05 1.162896098860891791e-04
2.726741935483870520e+02 8.052231310678977579e-05 1.160731398686618167e-04
2.727991935483870520e+02 8.031280730620695091e-05 1.158568806353200070e-04
2.729241935483870520e+02 8.010375888795262999e-05 1.156408325771180178e-04
2.730491935483870520e+02 7.989516721267842978e-05 1.154249960835916107e-04
2.731741935483870520e+02 7.968703164041723993e-05 1.152093715427468057e-04
2.732991935483870520e+02 7.947935153058867115e-05 1.149939593410600168e-04
2.734241935483870520e+02 7.927212624200884010e-05 1.147787598634542673e-04
2.735491935483870520e+02 7.906535513289711858e-05 1.145637734933140978e-04
2.736741935483870520e+02 7.885903756088331635e-05 1.143490006124572275e-04
2.737991935483870520e+02 7.865317288301696460e-05 1.141344416011385389e-04
2.739241935483870520e+02 7.844776045577304870e-05 1.139200968380367555e-04
2.740491935483870520e+02 7.824279963506142719e-05 1.137059667002532224e-04
2.741741935483870520e+02 7.803828977623375712e-05 1.134920515632927967e-04
2.742991935483870520e+02 7.783423023409021609e-05 1.132783518010713561e-04
2.744241935483870520e+02 7.763062036288909747e-05 1.130648677859004571e-04
2.745491935483870520e+02 7.742745951635215008e-05 1.128515998884816298e-04
2.746741935483870520e+02 7.722474704767391587e-05 1.126385484778963755e-04
2.747991935483870520e+02 7.702248230952877725e-05 1.124257139216059775e-04
2.749241935483870520e+02 7.682066465407742166e-05 1.122130965854399543e-04
2.750491935483870520e+02 7.661929343297613855e-05 1.120006968335873993e-04
2.751741935483870520e+02 7.641836799738253860e-05 1.117885150285952595e-04
2.752991935483870520e+02 7.621788769796447127e-05 1.115765515313655443e-04
2.754241935483870520e+02 7.601785188490681460e-05 1.113648067011355517e-04
2.755491935483870520e+02 7.581825990791818371e-05 1.111532808954853092e-04
2.756741935483870520e+02 7.561911111624014655e-05 1.109419744703233702e-04
2.757991935483870520e+02 7.542040485865237384e-05 1.107308877798810680e-04
2.759241935483870520e+02 7.522214048348194963e-05 1.105200211767115809e-04
2.760491935483870520e+02 7.502431733860984945e-05 1.103093750116792253e-04
2.761741935483870520e+02 7.482693477147749973e-05 1.100989496339602961e-04
2.762991935483870520e+02 7.462999212909593926e-05 1.098887453910258011e-04
2.764241935483870520e+02 7.443348875805105055e-05 1.096787626286487651e-04
2.765491935483870520e+02 7.423742400451231467e-05 1.094690016908847827e-04
2.766741935483870520e+02 7.404179721423968243e-05 1.092594629200817759e-04
2.767991935483870520e+02 7.384660773258976791e-05 1.090501466568635140e-04
2.769241935483870520e+02 7.365185490452482017e-05 1.088410532401302104e-04
2.770491935483870520e+02 7.345753807461798167e-05 1.086321830070478291e-04
2.771741935483870520e+02 7.326365658706220584e-05 1.084235362930528014e-04
2.772991935483870520e+02 7.307020978567631503e-05 1.082151134318356541e-04
2.774241935483870520e+02 7.287719701391180390e-05 1.080069147553404949e-04
2.775491935483870520e+02 7.268461761486135039e-05 1.077989405937632909e-04
2.776741935483870520e+02 7.249247093126389796e-05 1.075911912755454720e-04
2.777991935483870520e+02 7.230075630551372216e-05 1.073836671273662330e-04
2.779241935483870520e+02 7.210947307966620408e-05 1.071763684741420457e-04
2.780491935483870520e+02 7.191862059544457944e-05 1.069692956390226065e-04
2.781741935483870520e+02 7.172819819424824635e-05 1.067624489433788428e-04
2.782991935483870520e+02 7.153820521715802366e-05 1.065558287068080358e-04
2.784241935483870520e+02 7.134864100494460774e-05 1.063494352471259325e-04
2.785491935483870520e+02 7.115950489807482018e-05 1.061432688803608238e-04
2.786741935483870520e+02 7.097079623671777423e-05 1.059373299207529747e-04
2.787991935483870520e+02 7.078251436075326379e-05 1.057316186807477133e-04
2.789241935483870520e+02 7.059465860977702175e-05 1.055261354709928278e-04
2.790491935483870520e+02 7.040722832310878385e-05 1.053208806003346100e-04
2.791741935483870520e+02 7.022022283979864469e-05 1.051158543758143446e-04
2.792991935483870520e+02 7.003364149863310225e-05 1.049110571026659649e-04
2.794241935483870520e+02 6.984748363814327068e-05 1.047064890843082599e-04
2.795491935483870520e+02 6.966174859660997606e-05 1.045021506223488050e-04
2.796741935483870520e+02 6.947643571207177949e-05 1.042980420165677796e-04
2.797991935483870520e+02 6.929154432233133323e-05 1.040941635649330650e-04
2.799241935483870520e+02 6.910707376496095079e-05 1.038905155635796312e-04
2.800491935483870520e+02 6.892302337731121280e-05 1.036870983068172207e-04
2.801741935483870520e+02 6.873939249651543930e-05 1.034839120871215126e-04
2.802991935483870520e+02 6.855618045949806523e-05 1.032809571951354914e-04
2.804241935483870520e+02 6.837338660298040028e-05 1.030782339196629956e-04
2.805491935483870520e+02 6.819101026348667327e-05 1.028757425476645713e-04
2.806741935483870520e+02 6.800905077735187908e-05 1.026734833642625944e-04
2.807991935483870520e+02 6.782750748072656271e-05 1.024714566527306459e-04
2.809241935483870520e+02 6.764637970958507275e-05 1.022696626944925088e-04
2.810491935483870520e+02 6.746566679973092816e-05 1.020681017691229132e-04
2.811741935483870520e+02 6.728536808680303895e-05 1.018667741543424142e-04
2.812991935483870520e+02 6.710548290628320066e-05 1.016656801260122140e-04
2.814241935483870520e+02 6.692601059350110880e-05 1.014648199581368867e-04
2.815491935483870520e+02 6.674695048364200252e-05 1.012641939228642692e-04
2.816741935483870520e+02 6.656830191175227532e-05 1.010638022904732374e-04
2.817991935483870520e+02 6.639006421274557370e-05 1.008636453293814035e-04
2.819241935483870520e+02 6.621223672140996643e-05 1.006637233061380285e-04
2.820491935483870520e+02 6.603481877241306744e-05 1.004640364854216369e-04
2.821741935483870520e+02 6.585780970030936769e-05 1.002645851300417644e-04
2.822991935483870520e+02 6.568120883954614412e-05 1.000653695009345000e-04
2.824241935483870520e+02 6.550501552446835209e-05 9.986638985716129264e-05
2.825491935483870520e+02 6.532922908932716345e-05 9.966764645590862643e-05
2.826741935483870520e+02 6.515384886828408655e-05 9.946913955248491679e-05
2.827991935483870520e+02 6.497887419541823037e-05 9.927086940031438491e-05
2.829241935483870520e+02 6.480430440473207790e-05 9.907283625094589390e-05
2.830491935483870520e+02 6.463013883015698846e-05 9.887504035404296062e-05
2.831741935483870520e+02 6.445637680556032636e-05 9.867748195738702181e-05
2.832991935483870520e+02 6.428301766475086831e-05 9.848016130687132195e-05
2.834241935483870520e+02 6.411006074148449551e-05 9.828307864650815025e-05
2.835491935483870520e+02 6.393750536947102414e-05 9.808623421841843233e-05
2.836741935483870520e+02 6.376535088237920621e-05 9.788962826283267892e-05
2.837991935483870520e+02 6.359359661384350582e-05 9.769326101809503804e-05
2.839241935483870520e+02 6.342224189746985903e-05 9.749713272065867360e-05
2.840491935483870520e+02 6.325128606684060693e-05 9.730124360508348857e-05
2.841741935483870520e+02 6.308072845552197667e-05 9.710559390403802232e-05
2.842991935483870520e+02 6.291056839706825560e-05 9.691018384830003341e-05
2.844241935483870520e+02 6.274080522502898771e-05 9.671501366674741939e-05
2.845491935483870520e+02 6.257143827295412355e-05 9.652008358636808300e-05
2.846741935483870520e+02 6.240246687439942772e-05 9.632539383225363031e-05
2.847991935483870520e+02 6.223389036293324155e-05 9.613094462759872014e-05
2.849241935483870520e+02 6.206570807214099612e-05 9.593673619370372038e-05
2.850491935483870520e+02 6.189791933563194783e-05 9.574276874997046606e-05
2.851741935483870520e+02 6.173052348704455880e-05 9.554904251390449550e-05
2.852991935483870520e+02 6.156351986005140285e-05 9.535555770111290902e-05
2.854241935483870520e+02 6.139690778836615862e-05 9.516231452530691680e-05
2.855491935483870520e+02 6.123068660574778374e-05 9.496931319829925036e-05
2.856741935483870520e+02 6.106485564600725043e-05 9.477655393000326812e-05
2.857991935483870520e+02 6.089941424301264128e-05 9.458470702892378488e-05
2.859241935483870520e+02 6.073436173069423819e-05 9.442572577381141584e-05
2.860491935483870520e+02 6.056969744305104115e-05 9.426694299737607620e-05
2.861741935483870520e+02 6.040542071415505083e-05 9.410835856529270623e-05
2.862991935483870520e+02 6.024153087815791612e-05 9.394997234347859244e-05
2.864241935483870520e+02 6.007802726929576558e-05 9.379178419810498219e-05
2.865491935483870520e+02 5.991490922189424899e-05 9.363379399558324648e-05
2.866741935483870520e+02 5.975217607037488669e-05 9.347600160256500199e-05
2.867991935483870520e+02 5.958982714925941320e-05 9.331840688594110814e-05
2.869241935483870520e+02 5.942786179317601137e-05 9.316100971283447073e-05
2.870491935483870520e+02 5.926627933686429969e-05 9.300380995059478355e-05
2.871741935483870520e+02 5.910507911518002826e-05 9.284680746680514202e-05
2.872991935483870520e+02 5.894426046310165853e-05 9.269000212926633577e-05
2.874241935483870520e+02 5.878382271573410383e-05 9.253339380600220196e-05
2.875491935483870520e+02 5.862376520831526162e-05 9.237698236525310647e-05
2.876741935483870520e+02 5.846408727622067565e-05 9.222076767547080747e-05
2.877991935483870520e+02 5.830478825496817084e-05 9.206474960532207402e-05
2.879241935483870520e+02 5.814586748022424335e-05 9.190892802367709856e-05
2.880491935483870520e+02 5.798732428780783494e-05 9.175330279961044569e-05
2.881741935483870520e+02 5.782915801369665522e-05 9.159787380239922249e-05
2.882991935483870520e+02 5.767136799403170820e-05 9.144264090151585508e-05
2.884241935483870520e+02 5.751395356512178496e-05 9.128760396663188330e-05
2.885491935483870520e+02 5.735691406344988077e-05 9.113276286760478768e-05
2.886741935483870520e+02 5.720024882567675936e-05 9.097811747448198740e-05
2.887991935483870520e+02 5.704395718864706521e-05 9.082366765750215490e-05
2.889241935483870520e+02 5.688803848939385675e-05 9.066941328707831590e-05
2.890491935483870520e+02 5.673249206514306524e-05 9.051535423380588602e-05
2.891741935483870520e+02 5.657731725331954591e-05 9.036149036845948594e-05
2.892991935483870520e+02 5.642251339155071686e-05 9.020782156198200454e-05
2.894241935483870520e+02 5.626807981767245436e-05 9.005434768549153775e-05
2.895491935483870520e+02 5.611401586973368042e-05 8.990106861027087181e-05
2.896741935483870520e+02 5.596032088600046242e-05 8.974798420776891985e-05
2.897991935483870520e+02 5.580699420496209820e-05 8.959509434959446060e-05
2.899241935483870520e+02 5.565403516533461257e-05 8.944239890751845589e-05
2.900491935483870520e+02 5.550144310606661206e-05 8.928989775346511952e-05
2.901741935483870520e+02 5.534921736634356072e-05 8.913759075951310990e-05
2.902991935483870520e+02 5.519735728559190685e-05 8.898547779789031231e-05
2.904241935483870520e+02 5.504586220348512744e-05 8.883355874097561427e-05
2.905491935483870520e+02 5.489473145994689269e-05 8.868183346128844305e-05
2.906741935483870520e+02 5.474396439515696812e-05 8.853030183149232990e-05
2.907991935483870520e+02 5.459356034955525325e-05 8.837896372439261973e-05
2.909241935483870520e+02 5.444351866384611159e-05 8.822781901292640156e-05
2.910491935483870520e+02 5.429383867900379170e-05 8.807686757016910863e-05
2.911741935483870520e+02 5.414451973627589659e-05 8.792610926932696960e-05
2.912991935483870520e+02 5.399556117718889287e-05 8.777554398373366108e-05
2.914241935483870520e+02 5.384696234355242040e-05 8.762517158684945387e-05
2.915491935483870520e+02 5.369872257746288377e-05 8.747499195225907161e-05
2.916741935483870520e+02 5.355084122130946279e-05 8.732500495366591741e-05
2.917991935483870520e+02 5.340331761777693145e-05 8.717521046489252112e-05
2.919241935483870520e+02 5.325615110985131609e-05 8.702560835988136598e-05
2.920491935483870520e+02 5.310934104082404923e-05 8.687619851268385692e-05
2.921741935483870520e+02 5.296288675429541197e-05 8.672698079746318008e-05
2.922991935483870520e+02 5.281678759418035474e-05 8.657795508849151105e-05
2.924241935483870520e+02 5.267104290471151952e-05 8.642912126014586777e-05
2.925491935483870520e+02 5.252565203044436273e-05 8.628047918690579302e-05
2.926741935483870520e+02 5.238061431626141071e-05 8.613202874335820628e-05
2.927991935483870520e+02 5.223592910737570203e-05 8.598376980417989383e-05
2.929241935483870520e+02 5.209159574933624922e-05 8.583570224414952985e-05
2.930491935483870520e+02 5.194761358803107448e-05 8.568782593813711900e-05
2.931741935483870520e+02 5.180398196969237997e-05 8.554014076110379313e-05
2.932991935483870520e+02 5.166070024090023416e-05 8.539264658810416942e-05
2.934241935483870520e+02 5.151776774858641389e-05 8.524534329427546772e-05
2.935491935483870520e+02 5.137518384003953408e-05 8.509823075483924522e-05
2.936741935483870520e+02 5.123294786290783268e-05 8.495130884510116614e-05
2.937991935483870520e+02 5.109105916520446982e-05 8.480457744044494366e-05
2.939241935483870520e+02 5.094951709531099038e-05 8.465803641633525380e-05
2.940491935483870520e+02 5.080832100198109843e-05 8.451168564830960383e-05
2.941741935483870520e+02 5.066747023434551580e-05 8.436552501197914545e-05
2.942991935483870520e+02 5.052696414191495684e-05 8.421955438302618116e-05
2.944241935483870520e+02 5.038680207458506155e-05 8.407377363720270052e-05
2.945491935483870520e+02 5.024698338263984472e-05 8.392818265032544708e-05
2.946741935483870520e+02 5.010750741675532797e-05 8.378278129827894057e-05
2.947991935483870520e+02 4.996837352800437802e-05 8.363756945700773844e-05
2.949241935483870520e+02 4.982958106785941043e-05 8.349254700251811632e-05
2.950491935483870520e+02 4.969112938819740402e-05 8.334771381087206429e-05
2.951741935483870520e+02 4.955301784130307894e-05 8.320306975818839818e-05
2.952991935483870520e+02 4.941524577987251520e-05 8.305861472064620190e-05
2.954241935483870520e+02 4.927781255701779440e-05 8.291434857446861864e-05
2.955491935483870520e+02 4.914071752626982545e-05 8.277027119593202589e-05
2.956741935483870520e+02 4.900396004158283044e-05 8.262638246136175290e-05
2.957991935483870520e+02 4.886753945733787508e-05 8.248268224712478937e-05
2.959241935483870520e+02 4.873145512834608741e-05 8.233917042964039709e-05
2.960491935483870520e+02 4.859570640985323183e-05 8.219584688536325063e-05
2.961741935483870520e+02 4.846029265754254149e-05 8.205271149079064723e-05
2.962991935483870520e+02 4.832521322753899421e-05 8.190976412245596098e-05
2.964241935483870520e+02 4.819046747641274119e-05 8.176700465693261368e-05
2.965491935483870520e+02 4.805605476118227158e-05 8.162443297082487266e-05
2.966741935483870520e+02 4.792197443931889154e-05 8.148204894077323119e-05
2.967991935483870520e+02 4.778822586874932637e-05 8.133985244344646664e-05
2.969241935483870520e+02 4.765480840786003020e-05 8.119784335554276538e-05
2.970491935483870520e+02 4.752172141550045214e-05 8.105602155378670054e-05
2.971741935483870520e+02 4.738896425098609237e-05 8.091438691492725335e-05
2.972991935483870520e+02 4.725653627410287286e-05 8.077293931574240746e-05
2.974241935483870520e+02 4.712443684510962422e-05 8.063167863302444442e-05
2.975491935483870520e+02 4.699266532474236156e-05 8.049060474359058244e-05
2.976741935483870520e+02 4.686122107421733377e-05 8.034971752427485841e-05
2.977991935483870520e+02 4.673010345523410675e-05 8.020901685192457717e-05
2.979241935483870520e+02 4.659931182997967660e-05 8.006850260340773822e-05
2.980491935483870520e+02 4.646884556113097003e-05 7.992817465560163813e-05
2.981741935483870520e+02 4.633870401185903213e-05 7.978803288539372432e-05
2.982991935483870520e+02 4.620888654583183173e-05 7.964807716968411578e-05
2.984241935483870520e+02 4.607939252721737170e-05 7.950830738537875914e-05
2.985491935483870520e+02 4.595022132068755141e-05 7.936872340938959120e-05
2.986741935483870520e+02 4.582137229142114831e-05 7.922932511863747991e-05
2.987991935483870520e+02 4.569284480510665039e-05 7.909011239004243939e-05
2.989241935483870520e+02 4.556463822794628806e-05 7.895108510052525625e-05
2.990491935483870520e+02 4.543675192665829068e-05 7.881224312700898041e-05
2.991741935483870520e+02 4.530918526848098612e-05 7.867358634641316518e-05
2.992991935483870520e+02 4.518193762117535549e-05 7.853511463565726906e-05
2.994241935483870520e+02 4.505500835302807565e-05 7.839682787165260544e-05
2.995491935483870520e+02 4.492839683285530035e-05 7.825872593130569013e-05
2.996741935483870520e+02 4.480210243000484223e-05 7.812080869151517848e-05
2.997991935483870520e+02 4.467612451436008946e-05 7.798307602916876183e-05
2.999241935483870520e+02 4.455046245634264172e-05 7.784552782114815487e-05
3.000491935483870520e+02 4.442511562691512912e-05 7.770816394431729137e-05
3.001741935483870520e+02 4.430008339758484431e-05 7.757098427552904624e-05
3.002991935483870520e+02 4.417536514040595826e-05 7.743398869162119687e-05
3.004241935483870520e+02 4.405096022798329469e-05 7.729717706941373974e-05
3.005491935483870520e+02 4.392686803347480338e-05 7.716054928570841606e-05
3.006741935483870520e+02 4.380308793059433845e-05 7.702410521729163915e-05
3.007991935483870520e+02 4.367961929361514136e-05 7.688784474092443845e-05
3.009241935483870520e+02 4.355646149737210415e-05 7.675176773334714867e-05
3.010491935483870520e+02 4.343361391726518474e-05 7.661587407127800036e-05
3.011741935483870520e+02 4.331107592926204962e-05 7.648016363140595062e-05
3.012991935483870520e+02 4.318884690990058107e-05 7.634463629040037314e-05
3.014241935483870520e+02 4.306692623629233986e-05 7.620929192489925394e-05
3.015491935483870520e+02 4.294531328612472010e-05 7.607413041151079062e-05
3.016741935483870520e+02 4.282400743766426278e-05 7.593915162681489663e-05
3.017991935483870520e+02 4.270300806975914950e-05 7.580435544735986738e-05
3.019241935483870520e+02 4.258231456184170290e-05 7.566974174966261063e-05
3.020491935483870520e+02 4.246192629393178152e-05 7.553531041020351009e-05
3.021741935483870520e+02 4.234184264663860944e-05 7.540106130543003035e-05
3.022991935483870520e+02 4.222206300116431349e-05 7.526699431175111975e-05
3.024241935483870520e+02 4.210258673930609161e-05 7.513310930554019189e-05
3.025491935483870520e+02 4.198341324345867946e-05 7.499940616312989437e-05
3.026741935483870520e+02 4.186454189661767753e-05 7.486588476081576797e-05
3.027991935483870520e+02 4.174597208238134009e-05 7.473254497484970078e-05
3.029241935483870520e+02 4.162770318495381426e-05 7.459938668144280134e-05
3.030491935483870520e+02 4.150973458914743034e-05 7.446640975676210535e-05
3.031741935483870520e+02 4.139206568038507355e-05 7.433361407692793299e-05
3.032991935483870520e+02 4.127469584470315879e-05 7.420099951801989262e-05
3.034241935483870520e+02 4.115762446875364318e-05 7.406856595606723141e-05
3.035491935483870520e+02 4.104085093980696020e-05 7.393631326705100374e-05
3.036741935483870520e+02 4.092437464575440493e-05 7.380424132690435583e-05
3.037991935483870520e+02 4.080819497511011272e-05 7.367235001150962545e-05
3.039241935483870520e+02 4.069231131701436598e-05 7.354063919669941260e-05
3.040491935483870520e+02 4.057672306123507824e-05 7.340910875825367929e-05
3.041741935483870520e+02 4.046142959817095860e-05 7.327775857189862462e-05
3.042991935483870520e+02 4.034643031885359887e-05 7.314658851330503142e-05
3.044241935483870520e+02 4.023172461494957418e-05 7.301559845809033977e-05
3.045491935483870520e+02 4.011731187876339745e-05 7.288478828181410693e-05
3.046741935483870520e+02 4.000319150323913212e-05 7.275415785998105660e-05
3.047991935483870520e+02 3.988936288196336696e-05 7.262370706803504810e-05
3.049241935483870520e+02 3.977582540916722859e-05 7.249343578136193593e-05
3.050491935483870520e+02 3.966257847972839404e-05 7.236334387528692703e-05
3.051741935483870520e+02 3.954962148917394357e-05 7.223343122507319843e-05
3.052991935483870520e+02 3.943695383368190564e-05 7.210369770592566483e-05
3.054241935483870520e+02 3.932457491008418428e-05 7.197414319298168161e-05
3.055491935483870520e+02 3.921248411586832088e-05 7.184476756131657419e-05
3.056741935483870520e+02 3.910068084917965586e-05 7.171557068594125288e-05
3.057991935483870520e+02 3.898916450882389684e-05 7.158655244179975977e-05
3.059241935483870520e+02 3.887793449426868398e-05 7.145771270376921462e-05
3.060491935483870520e+02 3.876699020564636146e-05 7.132905134666274211e-05
3.061741935483870520e+02 3.865633104375575287e-05 7.120056824522167922e-05
3.062991935483870520e+02 3.854595641006403143e-05 7.107226327411905818e-05
3.064241935483870520e+02 3.843586570670948476e-05 7.094413630795849517e-05
3.065491935483870520e+02 3.832605833650280910e-05 7.081618722127007036e-05
3.066741935483870520e+02 3.821653370292975885e-05 7.068841588851748365e-05
3.067991935483870520e+02 3.810729121015303035e-05 7.056082218408831039e-05
3.069241935483870520e+02 3.799833026301387465e-05 7.043340598229676610e-05
3.070491935483870520e+02 3.788965026703480126e-05 7.030616715738420791e-05
3.071741935483870520e+02 3.778125062842085881e-05 7.017910558351539408e-05
3.072991935483870520e+02 3.767313075406216941e-05 7.005222113478379656e-05
3.074241935483870520e+02 3.756529005153561593e-05 6.992551368520237174e-05
3.075491935483870520e+02 3.745772792910664450e-05 6.979898310870898148e-05
3.076741935483870520e+02 3.735044379573157519e-05 6.967262927916202913e-05
3.077991935483870520e+02 3.724343706105895727e-05 6.954645207034334631e-05
3.079241935483870520e+02 3.713670713543207644e-05 6.942045135595389666e-05
3.080491935483870520e+02 3.703025342989047273e-05 6.929462700961715052e-05
3.081741935483870520e+02 3.692407535617152608e-05 6.916897890487312174e-05
3.082991935483870520e+02 3.681817232671301106e-05 6.904350691518350411e-05
3.084241935483870520e+02 3.671254375465412683e-05 6.891821091392488156e-05
3.085491935483870520e+02 3.660718905383790949e-05 6.879309077439207563e-05
3.086741935483870520e+02 3.650210763881284485e-05 6.866814636980024609e-05
3.087991935483870520e+02 3.639729892483423721e-05 6.854337757327563460e-05
3.089241935483870520e+02 3.629276232786671658e-05 6.841878425786246290e-05
3.090491935483870520e+02 3.618849726458520094e-05 6.829436629652004616e-05
3.091741935483870520e+02 3.608450315237717981e-05 6.817012356211916090e-05
3.092991935483870520e+02 3.598077940934432700e-05 6.804605592744905162e-05
3.094241935483870520e+02 3.587732545430374068e-05 6.792216326520851327e-05
3.095491935483870520e+02 3.577414070679035574e-05 6.779844544801005184e-05
3.096741935483870520e+02 3.567122458705785179e-05 6.767490234837675376e-05
3.097991935483870520e+02 3.556857651608092319e-05 6.755153383874430522e-05
3.099241935483870520e+02 3.546619591555662081e-05 6.742833979145810544e-05
3.100491935483870520e+02 3.536408220790572077e-05 6.730532007877595014e-05
3.101741935483870520e+02 3.526223481627498098e-05 6.718247457286298996e-05
3.102991935483870520e+02 3.516065316453795427e-05 6.705980314579509146e-05
3.104241935483870520e+02 3.505933667729712970e-05 6.693730566955458170e-05
3.105491935483870520e+02 3.495828477988535557e-05 6.681498201603351434e-05
3.106741935483870520e+02 3.485749689836704560e-05 6.669283205703381871e-05
3.107991935483870520e+02 3.475697245954021178e-05 6.657085566426048295e-05
3.109241935483870520e+02 3.465671089093746055e-05 6.644905270932690720e-05
3.110491935483870520e+02 3.455671162082795105e-05 6.632742306375343996e-05
3.111741935483870520e+02 3.445697407821862171e-05 6.620596659896324455e-05
3.112991935483870520e+02 3.435749769285551154e-05 6.608468318628949551e-05
3.114241935483870520e+02 3.425828189522563046e-05 6.596357269696628486e-05
3.115491935483870520e+02 3.415932611655783337e-05 6.584263500213389402e-05
3.116741935483870520e+02 3.406062978882478531e-05 6.572186997283575806e-05
3.117991935483870520e+02 3.396219234474411340e-05 6.560127748001937369e-05
3.119241935483870520e+02 3.386401321777955203e-05 6.548085739453338551e-05
3.120491935483870520e+02 3.376609184214287413e-05 6.536060958713330515e-05
3.121741935483870520e+02 3.366842765279457551e-05 6.524053392847378632e-05
3.122991935483870520e+02 3.357102008544589426e-05 6.512063028911145731e-05
3.124241935483870520e+02 3.347386857655972547e-05 6.500089853950531400e-05
3.125491935483870520e+02 3.337697256335184779e-05 6.488133855001440239e-05
3.126741935483870520e+02 3.328033148379266491e-05 6.476195019090157264e-05
3.127991935483870520e+02 3.318394477660797129e-05 6.464273333232702806e-05
3.129241935483870520e+02 3.308781188128065296e-05 6.452368784435253996e-05
3.130491935483870520e+02 3.299193223805178533e-05 6.440481359693845255e-05
3.131741935483870520e+02 3.289630528792164961e-05 6.428611045994448250e-05
3.132991935483870520e+02 3.280093047265142685e-05 6.416757830313276831e-05
3.134241935483870520e+02 3.270580723476388237e-05 6.404921699616013177e-05
3.135491935483870520e+02 3.261093501754506660e-05 6.393102640858345836e-05
3.136741935483870520e+02 3.251631326504525021e-05 6.381300640985812511e-05
3.137991935483870520e+02 3.242194142207989308e-05 6.369515686933695708e-05
3.139241935483870520e+02 3.232781893423127066e-05 6.357747765626942777e-05
3.140491935483870520e+02 3.223394524784932094e-05 6.345996863980611787e-05
3.141741935483870520e+02 3.214031981005268128e-05 6.334262968899000102e-05
3.142991935483870520e+02 3.204694206873021301e-05 6.322546067276296256e-05
3.144241935483870520e+02 3.195381147254153004e-05 6.310846145996407835e-05
3.145491935483870520e+02 3.186092747091866576e-05 6.299163191932592850e-05
3.146741935483870520e+02 3.176828951406682525e-05 6.287497191948092639e-05
3.147991935483870520e+02 3.167589705296536783e-05 6.275848132895580278e-05
3.149241935483870520e+02 3.158374953936922327e-05 6.264216001617134834e-05
3.150491935483870520e+02 3.149184642580948813e-05 6.252600784944527322e-05
3.151741935483870520e+02 3.140018716559480136e-05 6.241002469698978114e-05
3.152991935483870520e+02 3.130877121281225225e-05 6.229421042691314148e-05
3.154241935483870520e+02 3.121759802232815299e-05 6.217856490721714144e-05
3.155491935483870520e+02 3.112666704978949556e-05 6.206308800579917308e-05
3.156741935483870520e+02 3.103597775162431082e-05 6.194777959044927890e-05
3.157991935483870520e+02 3.094552958504320002e-05 6.183263952885313338e-05
3.159241935483870520e+02 3.085532200804003269e-05 6.171766768859021342e-05
3.160491935483870520e+02 3.076535447939267851e-05 6.160286393713469276e-05
3.161741935483870520e+02 3.067562645866438290e-05 6.148822814185281283e-05
3.162991935483870520e+02 3.058613740620417355e-05 6.137376017000534928e-05
3.164241935483870520e+02 3.049688678314818184e-05 6.125945988874674465e-05
3.165491935483870520e+02 3.040787405142035096e-05 6.114532716512243848e-05
3.166741935483870520e+02 3.031909867373308300e-05 6.103136186607544710e-05
3.167991935483870520e+02 3.023056011358858406e-05 6.091756385843846927e-05
3.169241935483870520e+02 3.014225783527916581e-05 6.080393300893699649e-05
3.170491935483870520e+02 3.005419130388851603e-05 6.069046918419149494e-05
3.171741935483870520e+02 2.996635998529237623e-05 6.057717225071276374e-05
3.172991935483870520e+02 2.987876334615909729e-05 6.046404207490678001e-05
3.174241935483870520e+02 2.979140085395089649e-05 6.035107852307011132e-05
3.175491935483870520e+02 2.970427197692414886e-05 6.023828146139257196e-05
3.176741935483870520e+02 2.961737618413059339e-05 6.012565075595553568e-05
3.177991935483870520e+02 2.953071294541788865e-05 6.001318627273375853e-05
3.179241935483870520e+02 2.944428173143015488e-05 5.990088787759279703e-05
3.180491935483870520e+02 2.935808201360920393e-05 5.978875543629299946e-05
3.181741935483870520e+02 2.927211326419469848e-05 5.967678881448417290e-05
3.182991935483870520e+02 2.918637495622534124e-05 5.956498787771006236e-05
3.184241935483870520e+02 2.910086656353931886e-05 5.945335249140428499e-05
3.185491935483870520e+02 2.901558756077493207e-05 5.934188252089394867e-05
3.186741935483870520e+02 2.893053742337151727e-05 5.923057783139942155e-05
3.187991935483870520e+02 2.884571562756981585e-05 5.911943828803048993e-05
3.189241935483870520e+02 2.876112165041288895e-05 5.900846375579008523e-05
3.190491935483870520e+02 2.867675496974665282e-05 5.889765409957298291e-05
3.191741935483870520e+02 2.859261506422033282e-05 5.878700918416507066e-05
3.192991935483870520e+02 2.850870141328744597e-05 5.867652887424668908e-05
3.194241935483870520e+02 2.842501349720598730e-05 5.856621303438788154e-05
3.195491935483870520e+02 2.834155079703938869e-05 5.845606152905012210e-05
3.196741935483870520e+02 2.825831279465695935e-05 5.834607422258870078e-05
3.197991935483870520e+02 2.817529897273426525e-05 5.823625097925001982e-05
3.199241935483870520e+02 2.809250881475407782e-05 5.812659166317113289e-05
3.200491935483870520e+02 2.800994180500648577e-05 5.801709613838469177e-05
3.201741935483870520e+02 2.792759742858982679e-05 5.790776426881223785e-05
3.202991935483870520e+02 2.784547517141105352e-05 5.779859591826872866e-05
3.204241935483870520e+02 2.776357452018601472e-05 5.768959095046089804e-05
3.205491935483870520e+02 2.768189496244047171e-05 5.758074922898752715e-05
3.206741935483870520e+02 2.760043598651002388e-05 5.747207061734109116e-05
3.207991935483870520e+02 2.751919708154104376e-05 5.736355497890492671e-05
3.209241935483870520e+02 2.743817773749095148e-05 5.725520217695577983e-05
3.210491935483870520e+02 2.735737744512854681e-05 5.714701207466146133e-05
3.211741935483870520e+02 2.727679569603481553e-05 5.703898453508318461e-05
3.212991935483870520e+02 2.719643198260292605e-05 5.693111942117720555e-05
3.214241935483870520e+02 2.711628579803903916e-05 5.682341659578897454e-05
3.215491935483870520e+02 2.703635663636258925e-05 5.671587592165835425e-05
3.216741935483870520e+02 2.695664399240651471e-05 5.660849726141890131e-05
3.217991935483870520e+02 2.687714736181801687e-05 5.650128047759544721e-05
3.219241935483870520e+02 2.679786624105850917e-05 5.639422543260676137e-05
3.220491935483870520e+02 2.671880012740442353e-05 5.628733198876741459e-05
3.221741935483870520e+02 2.663994851894733575e-05 5.618060000828166688e-05
3.222991935483870520e+02 2.656131091459421617e-05 5.607402935324922052e-05
3.224241935483870520e+02 2.648288681406814124e-05 5.596761988566404094e-05
3.225491935483870520e+02 2.640467571790820197e-05 5.586137146741150398e-05
3.226741935483870520e+02 2.632667712747013082e-05 5.575528396027467064e-05
3.227991935483870520e+02 2.624889054492659301e-05 5.564935722592821563e-05
3.229241935483870520e+02 2.617131547326721365e-05 5.554359112594086674e-05
3.230491935483870520e+02 2.609395141629927909e-05 5.543798552177697699e-05
3.231741935483870520e+02 2.601679787864761154e-05 5.533254027479444430e-05
3.232991935483870520e+02 2.593985436575522641e-05 5.522725524624828934e-05
3.234241935483870520e+02 2.586312038388336612e-05 5.512213029728516678e-05
3.235491935483870520e+02 2.578659544011168312e-05 5.501716528894932842e-05
3.236741935483870520e+02 2.571027904233880908e-05 5.491236008217951283e-05
3.237991935483870520e+02 2.563417069928217192e-05 5.480771453780922998e-05
3.239241935483870520e+02 2.555826992047860230e-05 5.470322851656789968e-05
3.240491935483870520e+02 2.548257621628435731e-05 5.459890187908305383e-05
3.241741935483870520e+02 2.540708909787523233e-05 5.449473448587509159e-05
3.242991935483870520e+02 2.533180807724706241e-05 5.439072619736211767e-05
3.244241935483870520e+02 2.525673266721552580e-05 5.428687687385916300e-05
3.245491935483870520e+02 2.518186238141666912e-05 5.418318637557563016e-05
3.246741935483870520e+02 2.510719673430692424e-05 5.407965456262198823e-05
3.247991935483870520e+02 2.503273524116314902e-05 5.397628129500252228e-05
3.249241935483870520e+02 2.495847741808306092e-05 5.387306643261903315e-05
3.250491935483870520e+02 2.488442278198504053e-05 5.377000983527203688e-05
3.251741935483870520e+02 2.481057085060857880e-05 5.366711136265873180e-05
3.252991935483870520e+02 2.473692114251425329e-05 5.356437087437562777e-05
3.254241935483870520e+02 2.466347317708373498e-05 5.346178822991649968e-05
3.255491935483870520e+02 2.459022647452013726e-05 5.335936328867376988e-05
3.256741935483870520e+02 2.451718055584784308e-05 5.325709590993871141e-05
3.257991935483870520e+02 2.444433494291284043e-05 5.315498595290171909e-05
3.259241935483870520e+02 2.437168915838269859e-05 5.305303327665147602e-05
3.260491935483870520e+02 2.429924272574649022e-05 5.295123774017808420e-05
3.261741935483870520e+02 2.422699516931515389e-05 5.284959920236968322e-05
3.262991935483870520e+02 2.415494601422118573e-05 5.274811752201533012e-05
3.264241935483870520e+02 2.408309478641905283e-05 5.264679255780349511e-05
3.265491935483870520e+02 2.401144101268498993e-05 5.254562416832332189e-05
3.266741935483870520e+02 2.393998422061699601e-05 5.244461221206645054e-05
3.267991935483870520e+02 2.386872393863507150e-05 5.234375654742405624e-05
3.269241935483870520e+02 2.379765969598095397e-05 5.224305703268864500e-05
3.270491935483870520e+02 2.372679102271835533e-05 5.214251352605520562e-05
3.271741935483870520e+02 2.365611744973286016e-05 5.204212588561917002e-05
3.272991935483870520e+02 2.358563850873178003e-05 5.194189396938083140e-05
3.274241935483870520e+02 2.351535373224441101e-05 5.184181763524120393e-05
3.275491935483870520e+02 2.344526265362166772e-05 5.174189674100412335e-05
3.276741935483870520e+02 2.337536480703632054e-05 5.164213114437705342e-05
3.277991935483870520e+02 2.330565972748285667e-05 5.154252070297093676e-05
3.279241935483870520e+02 2.323614695077726329e-05 5.144306527429953085e-05
3.280491935483870520e+02 2.316682601355725459e-05 5.134376471578333822e-05
3.281741935483870520e+02 2.309769645328188208e-05 5.124461888474480885e-05
3.282991935483870520e+02 2.302875780823172779e-05 5.114562763841126080e-05
3.284241935483870520e+02 2.296000961750871446e-05 5.104679083391591010e-05
3.285491935483870520e+02 2.289145142103580406e-05 5.094810832829664435e-05
3.286741935483870520e+02 2.282308275955729590e-05 5.084957997849831303e-05
3.287991935483870520e+02 2.275490317463828454e-05 5.075120564137034228e-05
3.289241935483870520e+02 2.268691220866490374e-05 5.065298517366994006e-05
3.290491935483870520e+02 2.261910940484398427e-05 5.055491843205928403e-05
3.291741935483870520e+02 2.255149430720286417e-05 5.045700527310895708e-05
3.292991935483870520e+02 2.248406646058948019e-05 5.035924555329609743e-05
3.294241935483870520e+02 2.241682541067205954e-05 5.026163912900690584e-05
3.295491935483870520e+02 2.234977070393886234e-05 5.016418585653445688e-05
3.296741935483870520e+02 2.228290188769826971e-05 5.006688559208051498e-05
3.297991935483870520e+02 2.221621851007833320e-05 4.996973819175617814e-05
3.299241935483870520e+02 2.214972012002682216e-05 4.987274351157983831e-05
3.300491935483870520e+02 2.208340626731094595e-05 4.977590140748292089e-05
3.301741935483870520e+02 2.201727650251702529e-05 4.967921173530413841e-05
3.302991935483870520e+02 2.195133037705054984e-05 4.958267435079282451e-05
3.304241935483870520e+02 2.188556744313567001e-05 4.948628910960877126e-05
3.305491935483870520e+02 2.181998725381524773e-05 4.939005586732338117e-05
3.306741935483870520e+02 2.175458936295048383e-05 4.929397447942012117e-05
3.307991935483870520e+02 2.168937332522063337e-05 4.919804480129224579e-05
3.309241935483870520e+02 2.162433869612295485e-05 4.910226668824731015e-05
3.310491935483870520e+02 2.155948503197220199e-05 4.900663999550351079e-05
3.311741935483870520e+02 2.149481188990063049e-05 4.891116457819293827e-05
3.312991935483870520e+02 2.143031882785759146e-05 4.881584029136093342e-05
3.314241935483870520e+02 2.136600540460919603e-05 4.872066698996723252e-05
3.315491935483870520e+02 2.130187117973826786e-05 4.862564452888375150e-05
3.316741935483870520e+02 2.123791571364376719e-05 4.853077276289903113e-05
3.317991935483870520e+02 2.117413856754073322e-05 4.843605154671520125e-05
3.319241935483870520e+02 2.111053930345996906e-05 4.834148073494866523e-05
3.320491935483870520e+02 2.104711748424746909e-05 4.824706018213510754e-05
3.321741935483870520e+02 2.098387267356455787e-05 4.815278974272324612e-05
3.322991935483870520e+02 2.092080443588709737e-05 4.805866927107840342e-05
3.324241935483870520e+02 2.085791233650553434e-05 4.796469862148464771e-05
3.325491935483870520e+02 2.079519594152442601e-05 4.787087764814118134e-05
3.326741935483870520e+02 2.073265481786198947e-05 4.777720620516684696e-05
3.327991935483870520e+02 2.067028853324999322e-05 4.768368414659819625e-05
3.329241935483870520e+02 2.060809665623317445e-05 4.759031132638951708e-05
3.330491935483870520e+02 2.054607875616906281e-05 4.749708759841433779e-05
3.331741935483870520e+02 2.048423440322756035e-05 4.740401281646671469e-05
3.332991935483870520e+02 2.042256316839044676e-05 4.731108683425850806e-05
3.334241935483870520e+02 2.036106462345125751e-05 4.721830950542528417e-05
3.335491935483870520e+02 2.029973834101459255e-05 4.712568068352014221e-05
3.336741935483870520e+02 2.023858389449601476e-05 4.703320022201793582e-05
3.337991935483870520e+02 2.017760085812153153e-05 4.694086797431656064e-05
3.339241935483870520e+02 2.011678880692708654e-05 4.684868379373396594e-05
3.340491935483870520e+02 2.005614731675836663e-05 4.675664753351225426e-05
3.341741935483870520e+02 1.999567596427018180e-05 4.666475904681632620e-05
3.342991935483870520e+02 1.993537432692621782e-05 4.657301818673313497e-05
3.344241935483870520e+02 1.987524198299854165e-05 4.648142480627418687e-05
3.345491935483870520e+02 1.981527851156707958e-05 4.638997875837548709e-05
3.346741935483870520e+02 1.975548349251937672e-05 4.629867989589816986e-05
3.347991935483870520e+02 1.969585650654991597e-05 4.620752807162684507e-05
3.349241935483870520e+02 1.963639713515988766e-05 4.611652313827375890e-05
3.350491935483870520e+02 1.957710496065663723e-05 4.602566494847575127e-05
3.351741935483870520e+02 1.951797956615312316e-05 4.593495335479636323e-05
3.352991935483870520e+02 1.945902053556764931e-05 4.584438820972634525e-05
3.354241935483870520e+02 1.940022745362315339e-05 4.575396936568520214e-05
3.355491935483870520e+02 1.934159990584693935e-05 4.566369667501783203e-05
3.356741935483870520e+02 1.928313747857012165e-05 4.557356998999979837e-05
3.357991935483870520e+02 1.922483975892701208e-05 4.548358916283383327e-05
3.359241935483870520e+02 1.916670633485485203e-05 4.539375404565169431e-05
3.360491935483870520e+02 1.910873679509309767e-05 4.530406449051786429e-05
3.361741935483870520e+02 1.905093072918306074e-05 4.521452034942392698e-05
3.362991935483870520e+02 1.899328772746738004e-05 4.512512147429284293e-05
3.364241935483870520e+02 1.893580738108935734e-05 4.503586771697995234e-05
3.365491935483870520e+02 1.887848928199265585e-05 4.494675892927084735e-05
3.366741935483870520e+02 1.882133302292057853e-05 4.485779496288427225e-05
3.367991935483870520e+02 1.876433819741566493e-05 4.476897566947158139e-05
3.369241935483870520e+02 1.870750439981914905e-05 4.468030090061645456e-05
3.370491935483870520e+02 1.865083122527025464e-05 4.459177050783597447e-05
3.371741935483870520e+02 1.859431826970588009e-05 4.450338434258294416e-05
3.372991935483870520e+02 1.853796512985982932e-05 4.441514225624237016e-05
3.374241935483870520e+02 1.848177140326242557e-05 4.432704410013649725e-05
3.375491935483870520e+02 1.842573668823988453e-05 4.423908972552193533e-05
3.376741935483870520e+02 1.836986058391365710e-05 4.415127898359154997e-05
3.377991935483870520e+02 1.831414269019999229e-05 4.406361172547411685e-05
3.379241935483870520e+02 1.825858260780923589e-05 4.397608780223607002e-05
3.380491935483870520e+02 1.820317993824536969e-05 4.388870706488193560e-05
3.381741935483870520e+02 1.814793428380536092e-05 4.380146936435250216e-05
3.382991935483870520e+02 1.809284524757847452e-05 4.371437455152869675e-05
3.384241935483870520e+02 1.803791243344588345e-05 4.362742247722932166e-05
3.385491935483870520e+02 1.798313544607981832e-05 4.354061299221194885e-05
3.386741935483870520e+02 1.792851389094319125e-05 4.345394594717727710e-05
3.387991935483870520e+02 1.787404737428885729e-05 4.336742119276332474e-05
3.389241935483870520e+02 1.781973550315893003e-05 4.328103857954973262e-05
3.390491935483870520e+02 1.776557788538436146e-05 4.319479795805858396e-05
3.391741935483870520e+02 1.771157412958406440e-05 4.310869917875318472e-05
3.392991935483870520e+02 1.765772384516452973e-05 4.302274209203835490e-05
3.394241935483870520e+02 1.760402664231903687e-05 4.293692654826489414e-05
3.395491935483870520e+02 1.755048213202696605e-05 4.285125239772423521e-05
3.396741935483870520e+02 1.749708992605335104e-05 4.276571949065229299e-05
3.397991935483870520e+02 1.744384963694797791e-05 4.268032767723088064e-05
3.399241935483870520e+02 1.739076087804494798e-05 4.259507680758504658e-05
3.400491935483870520e+02 1.733782326346194937e-05 4.250996673178656423e-05
3.401741935483870520e+02 1.728503640809945737e-05 4.242499729985342382e-05
3.402991935483870520e+02 1.723239992764030758e-05 4.234016836174910053e-05
3.404241935483870520e+02 1.717991343854877769e-05 4.225547976738426890e-05
3.405491935483870520e+02 1.712757655807011994e-05 4.217093136661796834e-05
3.406741935483870520e+02 1.707538890422976828e-05 4.208652300925746082e-05
3.407991935483870520e+02 1.702335009583260316e-05 4.200225454505697052e-05
3.409241935483870520e+02 1.697145975246242637e-05 4.191812582372227809e-05
3.410491935483870520e+02 1.691971749448109704e-05 4.183413669490679043e-05
3.411741935483870520e+02 1.686812294302791505e-05 4.175028700821445453e-05
3.412991935483870520e+02 1.681667572001897722e-05 4.166657661320061798e-05
3.414241935483870520e+02 1.676537544814634729e-05 4.158300535937207646e-05
3.415491935483870520e+02 1.671422175087733080e-05 4.149957309618575234e-05
3.416741935483870520e+02 1.666321425245390590e-05 4.141627967305261138e-05
3.417991935483870520e+02 1.661235257789195428e-05 4.133312493933521649e-05
3.419241935483870520e+02 1.656163635298048183e-05 4.125010874434915752e-05
3.420491935483870520e+02 1.651106520428087673e-05 4.116723093736603958e-05
3.421741935483870520e+02 1.646063875912629948e-05 4.108449136760953927e-05
3.422991935483870520e+02 1.641035664562079532e-05 4.100188988425844725e-05
3.424241935483870520e+02 1.636021849263867410e-05 4.091942633644846388e-05
3.425491935483870520e+02 1.631022392982377174e-05 4.083710057326919062e-05
3.426741935483870520e+02 1.626037258758852524e-05 4.075491244376829063e-05
3.427991935483870520e+02 1.621066409711349835e-05 4.067286179695042491e-05
3.429241935483870520e+02 1.616109809034637189e-05 4.059094848177626972e-05
3.430491935483870520e+02 1.611167420000137458e-05 4.050917234716568788e-05
3.431741935483870520e+02 1.606239205955843933e-05 4.042753324199749163e-05
3.432991935483870520e+02 1.601325130326238679e-05 4.035346037491994005e-05
3.434241935483870520e+02 1.596425156612228831e-05 4.028053903507541243e-05
3.435491935483870520e+02 1.591539248391055116e-05 4.020772877451668249e-05
3.436741935483870520e+02 1.586667369316227143e-05 4.013502946008371312e-05
3.437991935483870520e+02 1.581809483117438693e-05 4.006244095878421364e-05
3.439241935483870520e+02 1.576965553600486074e-05 3.998996313779098349e-05
3.440491935483870520e+02 1.572135544647198317e-05 3.991759586443929656e-05
3.441741935483870520e+02 1.567319420215354851e-05 3.984533900622915095e-05
3.442991935483870520e+02 1.562517144338597744e-05 3.977319243082495722e-05
3.444241935483870520e+02 1.557728681126368690e-05 3.970115600605044945e-05
3.445491935483870520e+02 1.552953994763810750e-05 3.962922959989348284e-05
3.446741935483870520e+02 1.548193049511703976e-05 3.955741308050192049e-05
3.447991935483870520e+02 1.543445809706378002e-05 3.948570631618412128e-05
3.449241935483870520e+02 1.538712239759623608e-05 3.941410917540737462e-05
3.450491935483870520e+02 1.533992304158626996e-05 3.934262152679887615e-05
3.451741935483870520e+02 1.529285967465873221e-05 3.927124323914444031e-05
3.452991935483870520e+02 1.524593194319075896e-05 3.919997418138591178e-05
3.454241935483870520e+02 1.519913949431090450e-05 3.912881422262330677e-05
3.455491935483870520e+02 1.515248197589823834e-05 3.905776323211342392e-05
3.456741935483870520e+02 1.510595903658168117e-05 3.898682107926766910e-05
3.457991935483870520e+02 1.505957032573900196e-05 3.891598763365339031e-05
3.459241935483870520e+02 1.501331549349611660e-05 3.884526276499309169e-05
3.460491935483870520e+02 1.496719419072618498e-05 3.877464634316055744e-05
3.461741935483870520e+02 1.492120606904874872e-05 3.870413823818506669e-05
3.462991935483870520e+02 1.487535078082897048e-05 3.863373832024847291e-05
3.464241935483870520e+02 1.482962797917665828e-05 3.856344645968430270e-05
3.465491935483870520e+02 1.478403731794556573e-05 3.849326252697638694e-05
3.466741935483870520e+02 1.473857845173245870e-05 3.842318639276032450e-05
3.467991935483870520e+02 1.469325103587620385e-05 3.835321792782227603e-05
3.469241935483870520e+02 1.464805472645705038e-05 3.828335700309669397e-05
3.470491935483870520e+02 1.460298918029562204e-05 3.821360348966852476e-05
3.471741935483870520e+02 1.455805405495217005e-05 3.814395725877022734e-05
3.472991935483870520e+02 1.451324900872567358e-05 3.807441818178134622e-05
3.474241935483870520e+02 1.446857370065286901e-05 3.800498613022967702e-05
3.475491935483870520e+02 1.442402779050756215e-05 3.793566097579047360e-05
3.476741935483870520e+02 1.437961093879957624e-05 3.786644259028268731e-05
3.477991935483870520e+02 1.433532280677399979e-05 3.779733084567217207e-05
3.479241935483870520e+02 1.429116305641026665e-05 3.772832561406957704e-05
3.480491935483870520e+02 1.424713135042119215e-05 3.765942676773027201e-05
3.481741935483870520e+02 1.420322735225225481e-05 3.759063417905194189e-05
3.482991935483870520e+02 1.415945072608052901e-05 3.752194772057684992e-05
3.484241935483870520e+02 1.411580113681392953e-05 3.745336726499021819e-05
3.485491935483870520e+02 1.407227825009027806e-05 3.738489268511700889e-05
3.486741935483870520e+02 1.402888173227632064e-05 3.731652385392520403e-05
3.487991935483870520e+02 1.398561125046700264e-05 3.724826064452573768e-05
3.489241935483870520e+02 1.394246647248437775e-05 3.718010293016564517e-05
3.490491935483870520e+02 1.389944706687686091e-05 3.711205058423576767e-05
3.491741935483870520e+02 1.385655270291826268e-05 3.704410348026482302e-05
3.492991935483870520e+02 1.381378305060679653e-05 3.697626149191859929e-05
3.494241935483870520e+02 1.377113778066436732e-05 3.690852449300401381e-05
3.495491935483870520e+02 1.372861656453542445e-05 3.684089235746471536e-05
3.496741935483870520e+02 1.368621907438624521e-05 3.677336495938085374e-05
3.497991935483870520e+02 1.364394498310391670e-05 3.670594217296992010e-05
3.499241935483870520e+02 1.360179396429539731e-05 3.663862387258510025e-05
3.500491935483870520e+02 1.355976569228668828e-05 3.657140993271678579e-05
3.501741935483870520e+02 1.351785984212178683e-05 3.650430022798782393e-05
3.502991935483870520e+02 1.347607608956189498e-05 3.643729463315843709e-05
3.504241935483870520e+02 1.343441411108440484e-05 3.637039302312169634e-05
3.505491935483870520e+02 1.339287358388194480e-05 3.630359527290308769e-05
3.506741935483870520e+02 1.335145418586154614e-05 3.623690125766360889e-05
3.507991935483870520e+02 1.331015559564359260e-05 3.617031085269602892e-05
3.509241935483870520e+02 1.326897749256098528e-05 3.610382393342457624e-05
3.510491935483870520e+02 1.322791955665815838e-05 3.603744037540565037e-05
3.511741935483870520e+02 1.318698146869011186e-05 3.597116005432685282e-05
3.512991935483870520e+02 1.314616291012153054e-05 3.590498284600611298e-05
3.514241935483870520e+02 1.310546356312575411e-05 3.583890862639194563e-05
3.515491935483870520e+02 1.306488311058393518e-05 3.577293727156303078e-05
3.516741935483870520e+02 1.302442123608402962e-05 3.570706865772691266e-05
3.517991935483870520e+02 1.298407762391980721e-05 3.564130266121827851e-05
3.519241935483870520e+02 1.294385195909000802e-05 3.557563915850282788e-05
3.520491935483870520e+02 1.290374392729725817e-05 3.551007802617300353e-05
3.521741935483870520e+02 1.286375321494722285e-05 3.544461914094799824e-05
3.522991935483870520e+02 1.282387950914761862e-05 3.537926237967468316e-05
3.524241935483870520e+02 1.278412249770717330e-05 3.531400761932628640e-05
3.525491935483870520e+02 1.274448186913481281e-05 3.524885473700147150e-05
3.526741935483870520e+02 1.270495731263854305e-05 3.518380360992510314e-05
3.527991935483870520e+02 1.266554851812459615e-05 3.511885411544815225e-05
3.529241935483870520e+02 1.262625517619643431e-05 3.505400613104356930e-05
3.530491935483870520e+02 1.258707697815371813e-05 3.498925953431034324e-05
3.531741935483870520e+02 1.254801361599144944e-05 3.492461420297163129e-05
3.532991935483870520e+02 1.250906478239888026e-05 3.486007001487336979e-05
3.534241935483870520e+02 1.247023017075864042e-05 3.479562684798395570e-05
3.535491935483870520e+02 1.243150947514571600e-05 3.473128458039487004e-05
3.536741935483870520e+02 1.239290239032643120e-05 3.466704309031959369e-05
3.537991935483870520e+02 1.235440861175757762e-05 3.460290225609297717e-05
3.539241935483870520e+02 1.231602783558529106e-05 3.453886195617134909e-05
3.540491935483870520e+02 1.227775975864421464e-05 3.447492206913203502e-05
3.541741935483870520e+02 1.223960407845644177e-05 3.441108247367241559e-05
3.542991935483870520e+02 1.220156049323048776e-05 3.434734304860949280e-05
3.544241935483870520e+02 1.216362870186041917e-05 3.428370367288165188e-05
3.545491935483870520e+02 1.212580840392473732e-05 3.422016422554352485e-05
3.546741935483870520e+02 1.208809929968550084e-05 3.415672458577056450e-05
3.547991935483870520e+02 1.205050109008728379e-05 3.409338463285676760e-05
3.549241935483870520e+02 1.201301347675614396e-05 3.403014424621303500e-05
3.550491935483870520e+02 1.197563616199873183e-05 3.396700330536825586e-05
3.551741935483870520e+02 1.193836884880117584e-05 3.390396168996821666e-05
3.552991935483870520e+02 1.190121124082818454e-05 3.384101927977624494e-05
3.554241935483870520e+02 1.186416304242202679e-05 3.377817595467134585e-05
3.555491935483870520e+02 1.182722395860145598e-05 3.371543159464830377e-05
3.556741935483870520e+02 1.179039369506083254e-05 3.365278607981936961e-05
3.557991935483870520e+02 1.175367195816900926e-05 3.359023929040909053e-05
3.559241935483870520e+02 1.171705845496842492e-05 3.352779110675897198e-05
3.560491935483870520e+02 1.168055289317404720e-05 3.346544140932568203e-05
3.561741935483870520e+02 1.164415498117232748e-05 3.340319007867696526e-05
3.562991935483870520e+02 1.160786442802032158e-05 3.334103699549753808e-05
3.564241935483870520e+02 1.157168094344452766e-05 3.327898204058417602e-05
3.565491935483870520e+02 1.153560423784000527e-05 3.321702509484581530e-05
3.566741935483870520e+02 1.149963402226930813e-05 3.315516603930581611e-05
3.567991935483870520e+02 1.146377000846144056e-05 3.309340475509840512e-05
3.569241935483870520e+02 1.142801190881093759e-05 3.303174112347156890e-05
3.570491935483870520e+02 1.139235943637674352e-05 3.297017502578209369e-05
3.571741935483870520e+02 1.135681230488128696e-05 3.290870634350020042e-05
3.572991935483870520e+02 1.132137022870944910e-05 3.284733495820732203e-05
3.574241935483870520e+02 1.128603292290746093e-05 3.278606075159308129e-05
3.575491935483870520e+02 1.125080010318203244e-05 3.272488360545979023e-05
3.576741935483870520e+02 1.121567148589918714e-05 3.266380340171880453e-05
3.577991935483870520e+02 1.118064678808334894e-05 3.260282002238966290e-05
3.579241935483870520e+02 1.114572572741629521e-05 3.254193334960342780e-05
3.580491935483870520e+02 1.111090802223608617e-05 3.248114326559874165e-05
3.581741935483870520e+02 1.107619339153611277e-05 3.242044965272259933e-05
3.582991935483870520e+02 1.104158155496401422e-05 3.235985239343071410e-05
3.584241935483870520e+02 1.100707223282069710e-05 3.229935137028602002e-05
3.585491935483870520e+02 1.097266514605931727e-05 3.223894646596100301e-05
3.586741935483870520e+02 1.093836001628417359e-05 3.217863756323213075e-05
3.587991935483870520e+02 1.090415656574980333e-05 3.211842454498567352e-05
3.589241935483870520e+02 1.087005451735983017e-05 3.205830729421361807e-05
3.590491935483870520e+02 1.083605359466603419e-05 3.199828569401254276e-05
3.591741935483870520e+02 1.080215352186729477e-05 3.193835962758790020e-05
3.592991935483870520e+02 1.076835402380849959e-05 3.187852897824907056e-05
3.594241935483870520e+02 1.073465482597961291e-05 3.181879362941096074e-05
3.595491935483870520e+02 1.070105565451458966e-05 3.175915346459371304e-05
3.596741935483870520e+02 1.066755623619030480e-05 3.169960836742227142e-05
3.597991935483870520e+02 1.063415629842563855e-05 3.164015822162594111e-05
3.599241935483870520e+02 1.060085556928029558e-05 3.158080291103837500e-05
3.600491935483870520e+02 1.056765377745388683e-05 3.152154231959654367e-05
3.601741935483870520e+02 1.053455065228486738e-05 3.146237633134237526e-05
3.602991935483870520e+02 1.050154592374942340e-05 3.140330483041857450e-05
3.604241935483870520e+02 1.046863932246057601e-05 3.134432770107369135e-05
3.605491935483870520e+02 1.043583057966699203e-05 3.128544482765760124e-05
3.606741935483870520e+02 1.040311942725206412e-05 3.122665609462144408e-05
3.607991935483870520e+02 1.037050559773284352e-05 3.116796138652089721e-05
3.609241935483870520e+02 1.033798882425893211e-05 3.110936058801187245e-05
3.610491935483870520e+02 1.030556884061155578e-05 3.105085358385239314e-05
3.611741935483870520e+02 1.027324538120240566e-05 3.099244025890168612e-05
3.612991935483870520e+02 1.024101818107272335e-05 3.093412049812008685e-05
3.614241935483870520e+02 1.020888697589216760e-05 3.087589418656849733e-05
3.615491935483870520e+02 1.017685150195778257e-05 3.081776120940810825e-05
3.616741935483870520e+02 1.014491149619300349e-05 3.075972145190147643e-05
3.617991935483870520e+02 1.011306669614655544e-05 3.070177479941041062e-05
3.619241935483870520e+02 1.008131683999146576e-05 3.064392113739515159e-05
3.620491935483870520e+02 1.004966166652400525e-05 3.058616035141760437e-05
3.621741935483870520e+02 1.001810091516258024e-05 3.052849232713751647e-05
3.622991935483870520e+02 9.986634325946804240e-06 3.047091695031400253e-05
3.624241935483870520e+02 9.955261639536340916e-06 3.041343410680455499e-05
3.625491935483870520e+02 9.923982597209943528e-06 3.035604368256535578e-05
3.626741935483870520e+02 9.892796940864377516e-06 3.029874556365058855e-05
3.627991935483870520e+02 9.861704413013331217e-06 3.024153963621216762e-05
3.629241935483870520e+02 9.830704756786468878e-06 3.018442578650072728e-05
3.630491935483870520e+02 9.799797715928268530e-06 3.012740390086283680e-05
3.631741935483870520e+02 9.768983034797080084e-06 3.007047386574289097e-05
3.632991935483870520e+02 9.738260458364020805e-06 3.001363556768329982e-05
3.634241935483870520e+02 9.707629732211913126e-06 2.995688889332079563e-05
3.635491935483870520e+02 9.677090602534302096e-06 2.990023372939095260e-05
3.636741935483870520e+02 9.646642816134322047e-06 2.984366996272453453e-05
3.637991935483870520e+02 9.616286120423736059e-06 2.978719748024836211e-05
3.639241935483870520e+02 9.586020263421843286e-06 2.973081616898494368e-05
3.640491935483870520e+02 9.555844993754387980e-06 2.967452591605224818e-05
3.641741935483870520e+02 9.525760060652619285e-06 2.961832660866474870e-05
3.642991935483870520e+02 9.495765213952117245e-06 2.956221813413015295e-05
3.644241935483870520e+02 9.465860204091842438e-06 2.950620037985207309e-05
3.645491935483870520e+02 9.436044782113061936e-06 2.945027323332964967e-05
3.646741935483870520e+02 9.406318699658234607e-06 2.939443658215411942e-05
3.647991935483870520e+02 9.376681708970070915e-06 2.933869031401311822e-05
3.649241935483870520e+02 9.347133562890372479e-06 2.928303431668800443e-05
3.650491935483870520e+02 9.317674014859069845e-06 2.922746847805216485e-05
3.651741935483870520e+02 9.288302818913145062e-06 2.917199268607486025e-05
3.652991935483870520e+02 9.259019729685530537e-06 2.911660682881743405e-05
3.654241935483870520e+02 9.229824502404158665e-06 2.906131079443456929e-05
3.655491935483870520e+02 9.200716892890794618e-06 2.900610447117417688e-05
3.656741935483870520e+02 9.171696657560096137e-06 2.895098774737641298e-05
3.657991935483870520e+02 9.142763553418497145e-06 2.889596051147539342e-05
3.659241935483870520e+02 9.113917338063154034e-06 2.884102265199543628e-05
3.660491935483870520e+02 9.085157769680947865e-06 2.878617405755411456e-05
3.661741935483870520e+02 9.056484607047361198e-06 2.873141461686227316e-05
3.662991935483870520e+02 9.027897609525498926e-06 2.867674421871975980e-05
3.664241935483870520e+02 8.999396537065007458e-06 2.862216275202042253e-05
3.665491935483870520e+02 8.970981150200978659e-06 2.856767010574858269e-05
3.666741935483870520e+02 8.942651210052994396e-06 2.851326616897883838e-05
3.667991935483870520e+02 8.914406478323983046e-06 2.845895083087837180e-05
3.669241935483870520e+02 8.886246717299231855e-06 2.840472398070423196e-05
3.670491935483870520e+02 8.858171689845323061e-06 2.835058550780522862e-05
3.671741935483870520e+02 8.830181159409041227e-06 2.829653530161863569e-05
3.672991935483870520e+02 8.802274890016399149e-06 2.824257325167331165e-05
3.674241935483870520e+02 8.774452646271502834e-06 2.818869924758873736e-05
3.675491935483870520e+02 8.746714193355572327e-06 2.813491317907264772e-05
3.676741935483870520e+02 8.719059297025871067e-06 2.808121493592420298e-05
3.677991935483870520e+02 8.691487723614608126e-06 2.802760440803144087e-05
3.679241935483870520e+02 8.663999240027981066e-06 2.797408148537075483e-05
3.680491935483870520e+02 8.636593613745020584e-06 2.792064605800947572e-05
3.681741935483870520e+02 8.609270612816636754e-06 2.786729801610342906e-05
3.682991935483870520e+02 8.582030005864521271e-06 2.781403724989673845e-05
3.684241935483870520e+02 8.554871562080080191e-06 2.776086364972265230e-05
3.685491935483870520e+02 8.527795051223442901e-06 2.770777710600282214e-05
3.686741935483870520e+02 8.500800243622352509e-06 2.765477750924809209e-05
3.687991935483870520e+02 8.473886910171161258e-06 2.760186475005585270e-05
3.689241935483870520e+02 8.447054822329785290e-06 2.754903871911338844e-05
3.690491935483870520e+02 8.420303752122588258e-06 2.749629930719507231e-05
3.691741935483870520e+02 8.393633472137441116e-06 2.744364640516203381e-05
3.692991935483870520e+02 8.367043755524565077e-06 2.739107990396480509e-05
3.694241935483870520e+02 8.340534375995579540e-06 2.733859969464049860e-05
3.695491935483870520e+02 8.314105107822404345e-06 2.728620566831323403e-05
3.696741935483870520e+02 8.287755725836190809e-06 2.723389771619474475e-05
3.697991935483870520e+02 8.261486005426354421e-06 2.718167572958357826e-05
3.699241935483870520e+02 8.235295722539433036e-06 2.712953959986484203e-05
3.700491935483870520e+02 8.209184653678122955e-06 2.707748921851060671e-05
3.701741935483870520e+02 8.183152575900201498e-06 2.702552447708032966e-05
3.702991935483870520e+02 8.157199266817446190e-06 2.697364526721801565e-05
3.704241935483870520e+02 8.131324504594674227e-06 2.692185148065501214e-05
3.705491935483870520e+02 8.105528067948593896e-06 2.687014300920907407e-05
3.706741935483870520e+02 8.079809736146855901e-06 2.681851974478368972e-05
3.707991935483870520e+02 8.054169289006970854e-06 2.676698157936777906e-05
3.709241935483870520e+02 8.028606506895228463e-06 2.671552840503626304e-05
3.710491935483870520e+02 8.003121170725733602e-06 2.666416011394977896e-05
3.711741935483870520e+02 7.977713061959283155e-06 2.661287659835396893e-05
3.712991935483870520e+02 7.952381962602393613e-06 2.656167775058014061e-05
3.714241935483870520e+02 7.927127655206225347e-06 2.651056346304492159e-05
3.715491935483870520e+02 7.901949922865515348e-06 2.645953362824948350e-05
3.716741935483870520e+02 7.876848549217609909e-06 2.640858813877998928e-05
3.717991935483870520e+02 7.851823318441341468e-06 2.635772688730843676e-05
3.719241935483870520e+02 7.826874015256051124e-06 2.630694976658954845e-05
3.720491935483870520e+02 7.802000424920534931e-06 2.625625666946394951e-05
3.721741935483870520e+02 7.777202333231963087e-06 2.620564748885683966e-05
3.722991935483870520e+02 7.752479526524914312e-06 2.615512211777698011e-05
3.724241935483870520e+02 7.727831791670271318e-06 2.610468044931751690e-05
3.725491935483870520e+02 7.703258916074223007e-06 2.605432237665566576e-05
3.726741935483870520e+02 7.678760687677232781e-06 2.600404779305288833e-05
3.727991935483870520e+02 7.654336894952949261e-06 2.595385659185401461e-05
3.729241935483870520e+02 7.629987326907245747e-06 2.590374866648753436e-05
3.730491935483870520e+02 7.605711773077114848e-06 2.585372391046654916e-05
3.731741935483870520e+02 7.581510023529691844e-06 2.580378221738595008e-05
3.732991935483870520e+02 7.557381868861187430e-06 2.575392348092512141e-05
3.734241935483870520e+02 7.533327100195850099e-06 2.570414759484723597e-05
3.735491935483870520e+02 7.509345509184969186e-06 2.565445445299670380e-05
3.736741935483870520e+02 7.485436888005785578e-06 2.560484394930297026e-05
3.737991935483870520e+02 7.461601029360521024e-06 2.555531597777721263e-05
3.739241935483870520e+02 7.437837726475319334e-06 2.550587043251410869e-05
3.740491935483870520e+02 7.414146773099188439e-06 2.545650720769047809e-05
3.741741935483870520e+02 7.390527963503033082e-06 2.540722619756595997e-05
3.742991935483870520e+02 7.366981092478554517e-06 2.535802729648352119e-05
3.744241935483870520e+02 7.343505955337291672e-06 2.530891039886688811e-05
3.745491935483870520e+02 7.320102347909541179e-06 2.525987539922333844e-05
3.746741935483870520e+02 7.296770066543341783e-06 2.521092219214278977e-05
3.747991935483870520e+02 7.273508908103470609e-06 2.516205067229547202e-05
3.749241935483870520e+02 7.250318669970399614e-06 2.511326073443562718e-05
3.750491935483870520e+02 7.227199150039246965e-06 2.506455227339842280e-05
3.751741935483870520e+02 7.204150146718812262e-06 2.501592518410048388e-05
3.752991935483870520e+02 7.181171458930481332e-06 2.496737936154132945e-05
3.754241935483870520e+02 7.158262886107267382e-06 2.491891470080111269e-05
3.755491935483870520e+02 7.135424228192751363e-06 2.487053109704278595e-05
3.756741935483870520e+02 7.112655285640051977e-06 2.482222844550909885e-05
3.757991935483870520e+02 7.089955859410848203e-06 2.477400664152504793e-05
3.759241935483870520e+02 7.067325750974304410e-06 2.472586558049796131e-05
3.760491935483870520e+02 7.044764762306091186e-06 2.467780515791424272e-05
3.761741935483870520e+02 7.022272695887367210e-06 2.462982526934337629e-05
3.762991935483870520e+02 6.999849354703708595e-06 2.458192581043514485e-05
3.764241935483870520e+02 6.977494542244173769e-06 2.453410667691939957e-05
3.765491935483870520e+02 6.955208062500201482e-06 2.448636776460868237e-05
3.766741935483870520e+02 6.932989719964659590e-06 2.443870896939538326e-05
3.767991935483870520e+02 6.910839319630810827e-06 2.439113018725189621e-05
3.769241935483870520e+02 6.888756666991271800e-06 2.434363131423282483e-05
3.770491935483870520e+02 6.866741568037041447e-06 2.429621224647223119e-05
3.771741935483870520e+02 6.844793829256444779e-06 2.424887288018514353e-05
3.772991935483870520e+02 6.822913257634165578e-06 2.420161311166684140e-05
3.774241935483870520e+02 6.801099660650213854e-06 2.415443283729276077e-05
3.775491935483870520e+02 6.779352846278886545e-06 2.410733195351962905e-05
3.776741935483870520e+02 6.757672622987822220e-06 2.406031035688249031e-05
3.777991935483870520e+02 6.736058799736924506e-06 2.401336794399859827e-05
3.779241935483870520e+02 6.714511185977406631e-06 2.396650461156425512e-05
3.780491935483870520e+02 6.693029591650762282e-06 2.391972025635503860e-05
3.781741935483870520e+02 6.671613827187738151e-06 2.387301477522803470e-05
3.782991935483870520e+02 6.650263703507384415e-06 2.382638806511910010e-05
3.784241935483870520e+02 6.628979032015981540e-06 2.377984002304427163e-05
3.785491935483870520e+02 6.607759624606093303e-06 2.373337054609917670e-05
3.786741935483870520e+02 6.586605293655545269e-06 2.368697953145926374e-05
3.787991935483870520e+02 6.565515852026393949e-06 2.364066687637936170e-05
3.789241935483870520e+02 6.544491113063979821e-06 2.359443247819374785e-05
3.790491935483870520e+02 6.523530890595872772e-06 2.354827623431697106e-05
3.791741935483870520e+02 6.502634998930914104e-06 2.350219804224239832e-05
3.792991935483870520e+02 6.481803252858206871e-06 2.345619779954204534e-05
3.794241935483870520e+02 6.461035467646085040e-06 2.341027540386867375e-05
3.795491935483870520e+02 6.440331459041182601e-06 2.336443075295331105e-05
3.796741935483870520e+02 6.419691043267362918e-06 2.331866374460650758e-05
3.797991935483870520e+02 6.399114037024790383e-06 2.327297427671784524e-05
3.799241935483870520e+02 6.378600257488898723e-06 2.322736224725603234e-05
3.800491935483870520e+02 6.358149522309394051e-06 2.318182755426869698e-05
3.801741935483870520e+02 6.337761649609294325e-06 2.313637009588232938e-05
3.802991935483870520e+02 6.317436457983898510e-06 2.309098977030313237e-05
3.804241935483870520e+02 6.297173766499837904e-06 2.304568647581496134e-05
3.805491935483870520e+02 6.276973394694054609e-06 2.300046011078100820e-05
3.806741935483870520e+02 6.256835162572818983e-06 2.295531057364376068e-05
3.807991935483870520e+02 6.236758890610765707e-06 2.291023776292372164e-05
3.809241935483870520e+02 6.216744399749865493e-06 2.286524157722009685e-05
3.810491935483870520e+02 6.196791511398483181e-06 2.282032191521110332e-05
3.811741935483870520e+02 6.176900047430377395e-06 2.277547867565327811e-05
3.812991935483870520e+02 6.157069830183685793e-06 2.273071175738159013e-05
3.814241935483870520e+02 6.137300682460003501e-06 2.268602105930945034e-05
3.815491935483870520e+02 6.117592427523342104e-06 2.264140648042943678e-05
3.816741935483870520e+02 6.097944889099191140e-06 2.259686791981131929e-05
3.817991935483870520e+02 6.078357891373526218e-06 2.255240527660384506e-05
3.819241935483870520e+02 6.058831258991807827e-06 2.250801845003467088e-05
3.820491935483870520e+02 6.039364817058049603e-06 2.246370733940816422e-05
3.821741935483870520e+02 6.019958391133789179e-06 2.241947184410840853e-05
3.822991935483870520e+02 6.000611807237162383e-06 2.237531186359701109e-05
3.824241935483870520e+02 5.981324891841898652e-06 2.233122729741377727e-05
3.825491935483870520e+02 5.962097471876341865e-06 2.228721804517656144e-05
3.826741935483870520e+02 5.942929374722516912e-06 2.224328400658133812e-05
3.827991935483870520e+02 5.923820428215104784e-06 2.219942508140212067e-05
3.829241935483870520e+02 5.904770460640521002e-06 2.215564116949100875e-05
3.830491935483870520e+02 5.885779300735921199e-06 2.211193217077763937e-05
3.831741935483870520e+02 5.866846777688227879e-06 2.206829798527061676e-05
3.832991935483870520e+02 5.847972721133190212e-06 2.202473851305497123e-05
3.834241935483870520e+02 5.829156961154378604e-06 2.198125365429429710e-05
3.835491935483870520e+02 5.810399328282263976e-06 2.193784330923088480e-05
3.836741935483870520e+02 5.791699653493225882e-06 2.189450737818289522e-05
3.837991935483870520e+02 5.773057768208580120e-06 2.185124576154802225e-05
3.839241935483870520e+02 5.754473504293662243e-06 2.180805835980098895e-05
3.840491935483870520e+02 5.735946694056803491e-06 2.176494507349353063e-05
3.841741935483870520e+02 5.717477170248431249e-06 2.172190580325628539e-05
3.842991935483870520e+02 5.699064766060083095e-06 2.167894044979670707e-05
3.844241935483870520e+02 5.680709315123432712e-06 2.163604891390066783e-05
3.845491935483870520e+02 5.662410651509374253e-06 2.159323109643039812e-05
3.846741935483870520e+02 5.644168609727021983e-06 2.155048689832638750e-05
3.847991935483870520e+02 5.625983024722801425e-06 2.150781622060720839e-05
3.849241935483870520e+02 5.607853731879465945e-06 2.146521896436757131e-05
3.850491935483870520e+02 5.589780567015144693e-06 2.142269503078101845e-05
3.851741935483870520e+02 5.571763366382416793e-06 2.138024432109803308e-05
3.852991935483870520e+02 5.553801966667328786e-06 2.133786673664578206e-05
3.854241935483870520e+02 5.535896204988474751e-06 2.129556217883011823e-05
3.855491935483870520e+02 5.518045918896041702e-06 2.125333054913362203e-05
3.856741935483870520e+02 5.500250946370838037e-06 2.121117174911616739e-05
3.857991935483870520e+02 5.482511125823398227e-06 2.116908568041519611e-05
3.859241935483870520e+02 5.464826296092983316e-06 2.112707224474511480e-05
3.860491935483870520e+02 5.447196296446682219e-06 2.108513134389846375e-05
3.861741935483870520e+02 5.429620966578454576e-06 2.104326287974381637e-05
3.862991935483870520e+02 5.412100146608175297e-06 2.100146675422823886e-05
3.864241935483870520e+02 5.394633677080725698e-06 2.095974286937550476e-05
3.865491935483870520e+02 5.377221398965018562e-06 2.091809112728597293e-05
3.866741935483870520e+02 5.359863153653101136e-06 2.087651143013839682e-05
3.867991935483870520e+02 5.342558782959197135e-06 2.083500368018810844e-05
3.869241935483870520e+02 5.325308129118761451e-06 2.079356777976762823e-05
3.870491935483870520e+02 5.308111034787576371e-06 2.075220363128660742e-05
3.871741935483870520e+02 5.290967343040786807e-06 2.071091113723206526e-05
3.872991935483870520e+02 5.273876897371999050e-06 2.066969020016779944e-05
3.874241935483870520e+02 5.256839541692338027e-06 2.062854072273495192e-05
3.875491935483870520e+02 5.239855120329504548e-06 2.058746260765204620e-05
3.876741935483870520e+02 5.222923478026879998e-06 2.054645575771446217e-05
3.877991935483870520e+02 5.206044459942562406e-06 2.050552007579397194e-05
3.879241935483870520e+02 5.189217911648473682e-06 2.046465546484052872e-05
3.880491935483870520e+02 5.172443679129422787e-06 2.042386182788084390e-05
3.881741935483870520e+02 5.155721608782171468e-06 2.038313906801783468e-05
3.882991935483870520e+02 5.139051547414544016e-06 2.034248708843261298e-05
3.884241935483870520e+02 5.122433342244459959e-06 2.030190579238268971e-05
3.885491935483870520e+02 5.105866840899066702e-06 2.026139508320264220e-05
3.886741935483870520e+02 5.089351891413791694e-06 2.022095486430407020e-05
3.887991935483870520e+02 5.072888342231420008e-06 2.018058503917574833e-05
3.889241935483870520e+02 5.056476042201205809e-06 2.014028551138324658e-05
3.890491935483870520e+02 5.040114840577927906e-06 2.010005618456898118e-05
3.891741935483870520e+02 5.023804587021006301e-06 2.005989696245282444e-05
3.892991935483870520e+02 5.007545131593572992e-06 2.001980774883137289e-05
3.894241935483870520e+02 4.991336324761549554e-06 1.997978844757765257e-05
3.895491935483870520e+02 4.975178017392773848e-06 1.993983896264263009e-05
3.896741935483870520e+02 4.959070060756061511e-06 1.989995919805353890e-05
3.897991935483870520e+02 4.943012306520304708e-06 1.986014905791469245e-05
3.899241935483870520e+02 4.927004606753583600e-06 1.982040844640733511e-05
3.900491935483870520e+02 4.911046813922230368e-06 1.978073726778987597e-05
3.901741935483870520e+02 4.895138780889961854e-06 1.974113542639735009e-05
3.902991935483870520e+02 4.879280360916961376e-06 1.970160282664168956e-05
3.904241935483870520e+02 4.863471407658960546e-06 1.966213937301242826e-05
3.905491935483870520e+02 4.847711775166380375e-06 1.962274497007492646e-05
3.906741935483870520e+02 4.832001317883387684e-06 1.958341952247215974e-05
3.907991935483870520e+02 4.816339890647038746e-06 1.954416293492438359e-05
3.909241935483870520e+02 4.800727348686364499e-06 1.950497511222760871e-05
3.910491935483870520e+02 4.785163547621465907e-06 1.946585595925588130e-05
3.911741935483870520e+02 4.769648343462647452e-06 1.942680538095957875e-05
3.912991935483870520e+02 4.754181592609500639e-06 1.938782328236627703e-05
3.914241935483870520e+02 4.738763151850028167e-06 1.934890956858023231e-05
3.915491935483870520e+02 4.723392878359757931e-06 1.931006414478256394e-05
3.916741935483870520e+02 4.708070629700835851e-06 1.927128691623196591e-05
3.917991935483870520e+02 4.692796263821161898e-06 1.923257778826300605e-05
3.919241935483870520e+02 4.677569639053484615e-06 1.919393666628785734e-05
3.920491935483870520e+02 4.662390614114537991e-06 1.915536345579592860e-05
3.921741935483870520e+02 4.647259048104146994e-06 1.911685806235235342e-05
3.922991935483870520e+02 4.632174800504333106e-06 1.907842039160053462e-05
3.924241935483870520e+02 4.617137731178470674e-06 1.904005034926012152e-05
3.925491935483870520e+02 4.602147700370361954e-06 1.900174784112742670e-05
3.926741935483870520e+02 4.587204568703402783e-06 1.896351277307651700e-05
3.927991935483870520e+02 4.572308197179679639e-06 1.892534505105760071e-05
3.929241935483870520e+02 4.557458447179097201e-06 1.888724458109871832e-05
3.930491935483870520e+02 4.542655180458519455e-06 1.884921126930379090e-05
3.931741935483870520e+02 4.527898259150875227e-06 1.881124502185421932e-05
3.932991935483870520e+02 4.513187545764308610e-06 1.877334574500895878e-05
3.934241935483870520e+02 4.498522903181306522e-06 1.873551334510269262e-05
3.935491935483870520e+02 4.483904194657802541e-06 1.869774772854816675e-05
3.936741935483870520e+02 4.469331283822352744e-06 1.866004880183475643e-05
3.937991935483870520e+02 4.454804034675229383e-06 1.862241647152817833e-05
3.939241935483870520e+02 4.440322311587592484e-06 1.858485064427227603e-05
3.940491935483870520e+02 4.425885979300603007e-06 1.854735122678733954e-05
3.941741935483870520e+02 4.411494902924559715e-06 1.850991812587016289e-05
3.942991935483870520e+02 4.397148947938062310e-06 1.847255124839550439e-05
3.944241935483870520e+02 4.382847980187116115e-06 1.843525050131436890e-05
3.945491935483870520e+02 4.368591865884310457e-06 1.839801579165567134e-05
3.946741935483870520e+02 4.354380471607944524e-06 1.836084702652430889e-05
3.947991935483870520e+02 4.340213664301162546e-06 1.832374411310275000e-05
3.949241935483870520e+02 4.326091311271124552e-06 1.828670695865099036e-05
3.950491935483870520e+02 4.312013280188127993e-06 1.824973547050486559e-05
3.951741935483870520e+02 4.297979439084776808e-06 1.821282955607869740e-05
3.952991935483870520e+02 4.283989656355125913e-06 1.817598912286312176e-05
3.954241935483870520e+02 4.270043800753817235e-06 1.813921407842554971e-05
3.955491935483870520e+02 4.256141741395258934e-06 1.810250433041140066e-05
3.956741935483870520e+02 4.242283347752752958e-06 1.806585978654256074e-05
3.957991935483870520e+02 4.228468489657674268e-06 1.802928035461830779e-05
3.959241935483870520e+02 4.214697037298613643e-06 1.799276594251494546e-05
3.960491935483870520e+02 4.200968861220530647e-06 1.795631645818581671e-05
3.961741935483870520e+02 4.187283832323935391e-06 1.791993180966205601e-05
3.962991935483870520e+02 4.173641821864016094e-06 1.788361190505083432e-05
3.964241935483870520e+02 4.160042701449836941e-06 1.784735665253770360e-05
3.965491935483870520e+02 4.146486343043479191e-06 1.781116596038485875e-05
3.966741935483870520e+02 4.132972618959204307e-06 1.777503973693130024e-05
3.967991935483870520e+02 4.119501401862638268e-06 1.773897789059414190e-05
3.969241935483870520e+02 4.106072564769913520e-06 1.770298032986703210e-05
3.970491935483870520e+02 4.092685981046865144e-06 1.766704696332128531e-05
3.971741935483870520e+02 4.079341524408187210e-06 1.763117769960519780e-05
3.972991935483870520e+02 4.066039068916589135e-06 1.759537244744449475e-05
3.974241935483870520e+02 4.052778488982007937e-06 1.755963111564211692e-05
3.975491935483870520e+02 4.039559659360734950e-06 1.752395361307830526e-05
3.976741935483870520e+02 4.026382455154629773e-06 1.748833984871092962e-05
3.977991935483870520e+02 4.013246751810285098e-06 1.745278973157464168e-05
3.979241935483870520e+02 4.000152425118188993e-06 1.741730317078165084e-05
3.980491935483870520e+02 3.987099351211929539e-06 1.738188007552192413e-05
3.981741935483870520e+02 3.974087406567354572e-06 1.734652035506232225e-05
3.982991935483870520e+02 3.961116468001773782e-06 1.731122391874719921e-05
3.984241935483870520e+02 3.948186412673129460e-06 1.727599067599843967e-05
3.985491935483870520e+02 3.935297118079174037e-06 1.724082053631533016e-05
3.986741935483870520e+02 3.922448462056682341e-06 1.720571340927443032e-05
3.987991935483870520e+02 3.909640322780607946e-06 1.717066920452977959e-05
3.989241935483870520e+02 3.896872578763302220e-06 1.713568783181335461e-05
3.990491935483870520e+02 3.884145108853684219e-06 1.710076920093387320e-05
3.991741935483870520e+02 3.871457792236434322e-06 1.706591322177789552e-05
3.992991935483870520e+02 3.858810508431203098e-06 1.703111980430994262e-05
3.994241935483870520e+02 3.846203137291779518e-06 1.699638885857119206e-05
3.995491935483870520e+02 3.833635559005317619e-06 1.696172029468078567e-05
3.996741935483870520e+02 3.821107654091509795e-06 1.692711402283582960e-05
3.997991935483870520e+02 3.808619303401792282e-06 1.689256995331047613e-05
3.999241935483870520e+02 3.796170388118553606e-06 1.685808799645662834e-05
4.000491935483870520e+02 3.783760789754321854e-06 1.682366806270380470e-05
4.001741935483870520e+02 3.771390390150978206e-06 1.678931006255917282e-05
4.002991935483870520e+02 3.759059071478961567e-06 1.675501390660759699e-05
4.004241935483870520e+02 3.746766716236459231e-06 1.672077950551137385e-05
4.005491935483870520e+02 3.734513207248637350e-06 1.668660677001115397e-05
4.006741935483870520e+02 3.722298427666821854e-06 1.665249561092431557e-05
4.007991935483870520e+02 3.710122260967735696e-06 1.661844593914643494e-05
4.009241935483870520e+02 3.697984590952691630e-06 1.658445766565134065e-05
4.010491935483870520e+02 3.685885301746804472e-06 1.655053070148954488e-05
4.011741935483870520e+02 3.673824277798219876e-06 1.651666495779026948e-05
4.012991935483870520e+02 3.661801403877304145e-06 1.648286034576004332e-05
4.014241935483870520e+02 3.649816565075892069e-06 1.644911677668333585e-05
4.015491935483870520e+02 3.637869646806480970e-06 1.641543416192237412e-05
4.016741935483870520e+02 3.625960534801451857e-06 1.638181241291724788e-05
4.017991935483870520e+02 3.614089115112307944e-06 1.634825144118630253e-05
4.019241935483870520e+02 3.602255274108870812e-06 1.631475115832501090e-05
4.020491935483870520e+02 3.590458898478524862e-06 1.628131147600715573e-05
4.021741935483870520e+02 3.578699875225435920e-06 1.624793230598478219e-05
4.022991935483870520e+02 3.566978091669765196e-06 1.621461356008710696e-05
4.024241935483870520e+02 3.555293435446918810e-06 1.618135515022204622e-05
4.025491935483870520e+02 3.543645794506752006e-06 1.614815698837520941e-05
4.026741935483870520e+02 3.532035057112822913e-06 1.611501898660971626e-05
4.027991935483870520e+02 3.520461111841609468e-06 1.608194105706754187e-05
4.029241935483870520e+02 3.508923847581742422e-06 1.604892311196810727e-05
4.030491935483870520e+02 3.497423153533248522e-06 1.601596506360942798e-05
4.031741935483870520e+02 3.485958919206772506e-06 1.598306682436687057e-05
4.032991935483870520e+02 3.474531034422830870e-06 1.595022830669425040e-05
4.034241935483870520e+02 3.463139389311039796e-06 1.591744942312384181e-05
4.035491935483870520e+02 3.451783874309350706e-06 1.588473008626529052e-05
4.036741935483870520e+02 3.440464380163306567e-06 1.585207020880716877e-05
4.037991935483870520e+02 3.429180797925263042e-06 1.581946970351588437e-05
4.039241935483870520e+02 3.417933018953659198e-06 1.578692848323561289e-05
4.040491935483870520e+02 3.406720934912239080e-06 1.575444646088944628e-05
4.041741935483870520e+02 3.395544437769306324e-06 1.572202354947841371e-05
4.042991935483870520e+02 3.384403419796981730e-06 1.568965966208168478e-05
4.044241935483870520e+02 3.373297773570430770e-06 1.565735471185682035e-05
4.045491935483870520e+02 3.362227391967139801e-06 1.562510861203962676e-05
4.046741935483870520e+02 3.351192168166154575e-06 1.559292127594415588e-05
4.047991935483870520e+02 3.340191995647327233e-06 1.556079261696284401e-05
4.049241935483870520e+02 3.329226768190585738e-06 1.552872254856666433e-05
4.050491935483870520e+02 3.318296379875185518e-06 1.549671098430479828e-05
4.051741935483870520e+02 3.307400725078956883e-06 1.546475783780440176e-05
4.052991935483870520e+02 3.296539698477581654e-06 1.543286302277175712e-05
4.054241935483870520e+02 3.285713195043835492e-06 1.540102645299132780e-05
4.055491935483870520e+02 3.274921110046864535e-06 1.536924804232548739e-05
4.056741935483870520e+02 3.264163339051442551e-06 1.533752770471594255e-05
4.057991935483870520e+02 3.253439777917228930e-06 1.530586535418230326e-05
4.059241935483870520e+02 3.242750322798048291e-06 1.527426090482281805e-05
4.060491935483870520e+02 3.232094870141140851e-06 1.524271427081428419e-05
4.061741935483870520e+02 3.221473316686450077e-06 1.521122536641211208e-05
4.062991935483870520e+02 3.210885559465879832e-06 1.517979410595018634e-05
4.064241935483870520e+02 3.200331495802562964e-06 1.514842040384084039e-05
4.065491935483870520e+02 3.189811023310148531e-06 1.511710417457544090e-05
4.066741935483870520e+02 3.179324039892059370e-06 1.508584533272365260e-05
4.067991935483870520e+02 3.168870443740781020e-06 1.505464379293354494e-05
4.069241935483870520e+02 3.158450133337131999e-06 1.502349946993250186e-05
4.070491935483870520e+02 3.148063007449538321e-06 1.499241227852610030e-05
4.071741935483870520e+02 3.137708965133324529e-06 1.496138213359874716e-05
4.072991935483870520e+02 3.127387905729979319e-06 1.493040895011354380e-05
4.074241935483870520e+02 3.117099728866453771e-06 1.489949264311246218e-05
4.075491935483870520e+02 3.106844334454435867e-06 1.486863312771608910e-05
4.076741935483870520e+02 3.096621622689630090e-06 1.483783031912376509e-05
4.077991935483870520e+02 3.086431494051060738e-06 1.480708413261407062e-05
4.079241935483870520e+02 3.076273849300341356e-06 1.477639448354363008e-05
4.080491935483870520e+02 3.066148589480978057e-06 1.474576128734848565e-05
4.081741935483870520e+02 3.056055615917652928e-06 1.471518445954353152e-05
4.082991935483870520e+02 3.045994830215513370e-06 1.468466391572231566e-05
4.084241935483870520e+02 3.035966134259474566e-06 1.465419957155740576e-05
4.085491935483870520e+02 3.025969430213501623e-06 1.462379134280019605e-05
4.086741935483870520e+02 3.016004620519918390e-06 1.459343914528116657e-05
4.087991935483870520e+02 3.006071607898698916e-06 1.456314289490967476e-05
4.089241935483870520e+02 2.996170295346759757e-06 1.453290250767391816e-05
4.090491935483870520e+02 2.986300586137275144e-06 1.450271789964161210e-05
4.091741935483870520e+02 2.976462383818958703e-06 1.447258898695870895e-05
4.092991935483870520e+02 2.966655592215385829e-06 1.444251568585070593e-05
4.094241935483870520e+02 2.956880115424287259e-06 1.441249791262235547e-05
4.095491935483870520e+02 2.947135857816850693e-06 1.438253558365674356e-05
4.096741935483870520e+02 2.937422724037041898e-06 1.435262861541684499e-05
4.097991935483870520e+02 2.927740619000894472e-06 1.432277692444422394e-05
4.099241935483870520e+02 2.918089447895835603e-06 1.429298042735987088e-05
4.100491935483870520e+02 2.908469116179991503e-06 1.426323904086374346e-05
4.101741935483870520e+02 2.898879529581490302e-06 1.423355268173497489e-05
4.102991935483870520e+02 2.889320594097794584e-06 1.420392126683224495e-05
4.104241935483870520e+02 2.879792215994994114e-06 1.417434471309286685e-05
4.105491935483870520e+02 2.870294301807141765e-06 1.414482293753361229e-05
4.106741935483870520e+02 2.860826758335563610e-06 1.411535585725097401e-05
4.107991935483870520e+02 2.851389492648170286e-06 1.408594338941991727e-05
4.109241935483870520e+02 2.841982412078792914e-06 1.405658545129508433e-05
4.110491935483870520e+02 2.832605424226487691e-06 1.402728196021073855e-05
4.111741935483870520e+02 2.823258436954873087e-06 1.399803283357966832e-05
4.112991935483870520e+02 2.813941358391451366e-06 1.396883798889482523e-05
4.114241935483870520e+02 2.804654096926923341e-06 1.393969734372817381e-05
4.115491935483870520e+02 2.795396561214533193e-06 1.391061081573068134e-05
4.116741935483870520e+02 2.786168660169377291e-06 1.388157832263342916e-05
4.117991935483870520e+02 2.776970302967753248e-06 1.385259978224627101e-05
4.119241935483870520e+02 2.767801399046480180e-06 1.382367511245918654e-05
4.120491935483870520e+02 2.758661858102227848e-06 1.379480423124082781e-05
4.121741935483870520e+02 2.749551590090864875e-06 1.376598705663968654e-05
4.122991935483870520e+02 2.740470505226774338e-06 1.373722350678403983e-05
4.124241935483870520e+02 2.731418513982208754e-06 1.370851349988088469e-05
4.125491935483870520e+02 2.722395527086618382e-06 1.367985695421761844e-05
4.126741935483870520e+02 2.713401455525988000e-06 1.365125378816070220e-05
4.127991935483870520e+02 2.704436210542187224e-06 1.362270392015591998e-05
4.129241935483870520e+02 2.695499703632298817e-06 1.359420726872925461e-05
4.130491935483870520e+02 2.686591846547978328e-06 1.356576375248576959e-05
4.131741935483870520e+02 2.677712551294785362e-06 1.353737329011040870e-05
4.132991935483870520e+02 2.668861730131533483e-06 1.350903580036758436e-05
4.134241935483870520e+02 2.660039295569640111e-06 1.348075120210131316e-05
4.135491935483870520e+02 2.651245160372475161e-06 1.345251941423566814e-05
4.136741935483870520e+02 2.642479237554693575e-06 1.342434035577364380e-05
4.137991935483870520e+02 2.633741440381622072e-06 1.339621394579875698e-05
4.139241935483870520e+02 2.625031682368578983e-06 1.336814010347376274e-05
4.140491935483870520e+02 2.616349877280246597e-06 1.334011874804097120e-05
4.141741935483870520e+02 2.607695939130013016e-06 1.331214979882298950e-05
4.142991935483870520e+02 2.599069782179340270e-06 1.328423317522169178e-05
4.144241935483870520e+02 2.590471320937122265e-06 1.325636879671898500e-05
4.145491935483870520e+02 2.581900470159027063e-06 1.322855658287644629e-05
4.146741935483870520e+02 2.573357144846881936e-06 1.320079645333552462e-05
4.147991935483870520e+02 2.564841260248011407e-06 1.317308832781743066e-05
4.149241935483870520e+02 2.556352731854621461e-06 1.314543212612313511e-05
4.150491935483870520e+02 2.547891475403151138e-06 1.311782776813373797e-05
4.151741935483870520e+02 2.539457406873636416e-06 1.309027517381007552e-05
4.152991935483870520e+02 2.531050442489092293e-06 1.306277426319252214e-05
4.154241935483870520e+02 2.522670498714859732e-06 1.303532495640190681e-05
4.155491935483870520e+02 2.514317492257994522e-06 1.300792717363862028e-05
4.156741935483870520e+02 2.505991340066631581e-06 1.298058083518302848e-05
4.157991935483870520e+02 2.497691959329349260e-06 1.295328586139554701e-05
4.159241935483870520e+02 2.489419267474557357e-06 1.292604217271646671e-05
4.160491935483870520e+02 2.481173182169859306e-06 1.289884968966602984e-05
4.161741935483870520e+02 2.472953621321436382e-06 1.287170833284442672e-05
4.162991935483870520e+02 2.464760503073425131e-06 1.284461802293212944e-05
4.164241935483870520e+02 2.456593745807288026e-06 1.281757868068920409e-05
4.165491935483870520e+02 2.448453268141206143e-06 1.279059022695595789e-05
4.166741935483870520e+02 2.440338988929449393e-06 1.276365258265285109e-05
4.167991935483870520e+02 2.432250827261764118e-06 1.273676566878033095e-05
4.169241935483870520e+02 2.424188702462763647e-06 1.270992940641852852e-05
4.170491935483870520e+02 2.416152534091297261e-06 1.268314371672833264e-05
4.171741935483870520e+02 2.408142241939855575e-06 1.265640852095028547e-05
4.172991935483870520e+02 2.400157746033941612e-06 1.262972374040509912e-05
4.174241935483870520e+02 2.392198966631476193e-06 1.260308929649367601e-05
4.175491935483870520e+02 2.384265824222176630e-06 1.257650511069700721e-05
4.176741935483870520e+02 2.376358239526950681e-06 1.254997110457629614e-05
4.177991935483870520e+02 2.368476133497297694e-06 1.252348719977274167e-05
4.179241935483870520e+02 2.360619427314689003e-06 1.249705331800810401e-05
4.180491935483870520e+02 2.352788042389977970e-06 1.247066938108381527e-05
4.181741935483870520e+02 2.344981900362791393e-06 1.244433531088171639e-05
4.182991935483870520e+02 2.337200923100920485e-06 1.241805102936420794e-05
4.184241935483870520e+02 2.329445032699736004e-06 1.239181645857325059e-05
4.185491935483870520e+02 2.321714151481570337e-06 1.236563152063162381e-05
4.186741935483870520e+02 2.314008201995139826e-06 1.233949613774204665e-05
4.187991935483870520e+02 2.306327107014934058e-06 1.231341023218756399e-05
4.189241935483870520e+02 2.298670789540622517e-06 1.228737372633148387e-05
4.190491935483870520e+02 2.291039172796467589e-06 1.226138654261735713e-05
4.191741935483870520e+02 2.283432180230721901e-06 1.223544860356934506e-05
4.192991935483870520e+02 2.275849735515046833e-06 1.220955983179131304e-05
4.194241935483870520e+02 2.268291762543917896e-06 1.218372014996784701e-05
4.195491935483870520e+02 2.260758185434031391e-06 1.215792948086397900e-05
4.196741935483870520e+02 2.253248928523726731e-06 1.213218774732458915e-05
4.197991935483870520e+02 2.245763916372389702e-06 1.210649487227540691e-05
4.199241935483870520e+02 2.238303073759875641e-06 1.208085077872233507e-05
4.200491935483870520e+02 2.230866325685924131e-06 1.205525538975132275e-05
4.201741935483870520e+02 2.223453597369569044e-06 1.202970862852920560e-05
4.202991935483870520e+02 2.216064814248568487e-06 1.200421041830290118e-05
4.204241935483870520e+02 2.208699901978818234e-06 1.197876068239999170e-05
4.205491935483870520e+02 2.201358786433772352e-06 1.195335934422801755e-05
4.206741935483870520e+02 2.194041393703870187e-06 1.192800632727521599e-05
4.207991935483870520e+02 2.186747650095955296e-06 1.190270155511041605e-05
4.209241935483870520e+02 2.179477482132705396e-06 1.187744495138240668e-05
4.210491935483870520e+02 2.172230816552056806e-06 1.185223643982091251e-05
4.211741935483870520e+02 2.165007580306627189e-06 1.182707594423588745e-05
4.212991935483870520e+02 2.157807700563155670e-06 1.180196338851748589e-05
4.214241935483870520e+02 2.150631104701917108e-06 1.177689869663681820e-05
4.215491935483870520e+02 2.143477720316170680e-06 1.175188179264519018e-05
4.216741935483870520e+02 2.136347475211582201e-06 1.172691260067441640e-05
4.217991935483870520e+02 2.129240297405655770e-06 1.170199104493679140e-05
4.219241935483870520e+02 2.122156115127178961e-06 1.167711704972508295e-05
4.220491935483870520e+02 2.115094856815648109e-06 1.165229053941283359e-05
4.221741935483870520e+02 2.108056451120716047e-06 1.162751143845366433e-05
4.222991935483870520e+02 2.101040826901624172e-06 1.160277967138190996e-05
4.224241935483870520e+02 2.094047913226642128e-06 1.157809516281269526e-05
4.225491935483870520e+02 2.087077639372516815e-06 1.155345783744112698e-05
4.226741935483870520e+02 2.080129934823902758e-06 1.152886762004335763e-05
4.227991935483870520e+02 2.073204729272818735e-06 1.150432443547593842e-05
4.229241935483870520e+02 2.066301952618085349e-06 1.147982820867566168e-05
4.230491935483870520e+02 2.059421534964769793e-06 1.145537886466036894e-05
4.231741935483870520e+02 2.052563406623641637e-06 1.143097632852818180e-05
4.232991935483870520e+02 2.045727498110610822e-06 1.140662052545782216e-05
4.234241935483870520e+02 2.038913740146187245e-06 1.138231138070860367e-05
4.235491935483870520e+02 2.032122063654928079e-06 1.135804881962038608e-05
4.236741935483870520e+02 2.025352399764885503e-06 1.133383276761388012e-05
4.237991935483870520e+02 2.018604679807071378e-06 1.130966315018984619e-05
4.239241935483870520e+02 2.011878835314898205e-06 1.128553989293021927e-05
4.240491935483870520e+02 2.005174798023649731e-06 1.126146292149725000e-05
4.241741935483870520e+02 1.998492499869928257e-06 1.123743216163361480e-05
4.242991935483870520e+02 1.991831872991112964e-06 1.121344753916304944e-05
4.244241935483870520e+02 1.985192849724829666e-06 1.118950897998957318e-05
4.245491935483870520e+02 1.978575362608397703e-06 1.116561641009791563e-05
4.246741935483870520e+02 1.971979344378303505e-06 1.114176975555342197e-05
4.247991935483870520e+02 1.965404727969661882e-06 1.111796894250208333e-05
4.249241935483870520e+02 1.958851446515672228e-06 1.109421389717052671e-05
4.250491935483870520e+02 1.952319433347097170e-06 1.107050454586588960e-05
4.251741935483870520e+02 1.945808621991717085e-06 1.104684081497628073e-05
4.252991935483870520e+02 1.939318946173809168e-06 1.102322263096996359e-05
4.254241935483870520e+02 1.932850339813612109e-06 1.099964992039615935e-05
4.255491935483870520e+02 1.926402737026792890e-06 1.097612260988476572e-05
4.256741935483870520e+02 1.919976072123925853e-06 1.095264062614618407e-05
4.257991935483870520e+02 1.913570279609959921e-06 1.092920389597151265e-05
4.259241935483870520e+02 1.907185294183697249e-06 1.090581234623244145e-05
4.260491935483870520e+02 1.900821050737266789e-06 1.088246590388145560e-05
4.261741935483870520e+02 1.894477484355598923e-06 1.085916449595155236e-05
4.262991935483870520e+02 1.888154530315907288e-06 1.083590804955639706e-05
4.264241935483870520e+02 1.881852124087162134e-06 1.081269649189056019e-05
4.265491935483870520e+02 1.875570201329578502e-06 1.078952975022881951e-05
4.266741935483870520e+02 1.869308697894092337e-06 1.076640775192692235e-05
4.267991935483870520e+02 1.863067549821839139e-06 1.074333042442137893e-05
4.269241935483870520e+02 1.856846693343650189e-06 1.072029769522892874e-05
4.270491935483870520e+02 1.850646064879522518e-06 1.069730949194745026e-05
4.271741935483870520e+02 1.844465601038116829e-06 1.067436574225515963e-05
4.272991935483870520e+02 1.838305238616240172e-06 1.065146637391109351e-05
4.274241935483870520e+02 1.832164914598331581e-06 1.062861131475486172e-05
4.275491935483870520e+02 1.826044566155958093e-06 1.060580049270678107e-05
4.276741935483870520e+02 1.819944130647299749e-06 1.058303383576782283e-05
4.277991935483870520e+02 1.813863545616644551e-06 1.056031127201960092e-05
4.279241935483870520e+02 1.807802748793884056e-06 1.053763272962428885e-05
4.280491935483870520e+02 1.801761678093999012e-06 1.051499813682510425e-05
4.281741935483870520e+02 1.795740271616568082e-06 1.049240742194538897e-05
4.282991935483870520e+02 1.789738467645249670e-06 1.046986051338938330e-05
4.284241935483870520e+02 1.783756204647292123e-06 1.044735733964220054e-05
4.285491935483870520e+02 1.777793421273028267e-06 1.042489782926909515e-05
4.286741935483870520e+02 1.771850056355370150e-06 1.040248191091649786e-05
4.287991935483870520e+02 1.765926048909321787e-06 1.038010951331116013e-05
4.289241935483870520e+02 1.760021338131470303e-06 1.035778056526055737e-05
4.290491935483870520e+02 1.754135863399496774e-06 1.033549499565282283e-05
4.291741935483870520e+02 1.748269564271680925e-06 1.031325273345661213e-05
4.292991935483870520e+02 1.742422380486398835e-06 1.029105370772156400e-05
4.294241935483870520e+02 1.736594251961644581e-06 1.026889784757748713e-05
4.295491935483870520e+02 1.730785118794521167e-06 1.024678508223501413e-05
4.296741935483870520e+02 1.724994921260764705e-06 1.022471534098563705e-05
4.297991935483870520e+02 1.719223599814250169e-06 1.020268855320094167e-05
4.299241935483870520e+02 1.713471095086496521e-06 1.018070464833369680e-05
4.300491935483870520e+02 1.707737347886189615e-06 1.015876355591698863e-05
4.301741935483870520e+02 1.702022299198689437e-06 1.013686520556433419e-05
4.302991935483870520e+02 1.696325890185548778e-06 1.011500952697027939e-05
4.304241935483870520e+02 1.690648062184027886e-06 1.009319644990957396e-05
4.305491935483870520e+02 1.684988756706610386e-06 1.007142590423799655e-05
4.306741935483870520e+02 1.679347915440527033e-06 1.004969781989141782e-05
4.307991935483870520e+02 1.673725480247267613e-06 1.002801212688652724e-05
4.309241935483870520e+02 1.668121393162108509e-06 1.000636875532077718e-05
4.310491935483870520e+02 1.662535596393633703e-06 9.984767635371715442e-06
4.311741935483870520e+02 1.656968032323251121e-06 9.963208697297979688e-06
4.312991935483870520e+02 1.651418643504728035e-06 9.941691871438496130e-06
4.314241935483870520e+02 1.645887372663703809e-06 9.920217088212581187e-06
4.315491935483870520e+02 1.640374162697227839e-06 9.898784278120463254e-06
4.316741935483870520e+02 1.634878956673280136e-06 9.877393371742647425e-06
4.317991935483870520e+02 1.629401697830300586e-06 9.856044299740305130e-06
4.319241935483870520e+02 1.623942329576722234e-06 9.834736992855043741e-06
4.320491935483870520e+02 1.618500795490496523e-06 9.813471381909006524e-06
4.321741935483870520e+02 1.613077039318631873e-06 9.792247397804877720e-06
4.322991935483870520e+02 1.607671004976722941e-06 9.771064971525748711e-06
4.324241935483870520e+02 1.602282636548482425e-06 9.749924034135394160e-06
4.325491935483870520e+02 1.596911878285284303e-06 9.728824516777973846e-06
4.326741935483870520e+02 1.591558674605689490e-06 9.707766350677915780e-06
4.327991935483870520e+02 1.586222970094992891e-06 9.686749467140493881e-06
4.329241935483870520e+02 1.580904709504760073e-06 9.665773797551177452e-06
4.330491935483870520e+02 1.575603837752359065e-06 9.644839273375951360e-06
4.331741935483870520e+02 1.570320299920513977e-06 9.623945826161280461e-06
4.332991935483870520e+02 1.565054041256834468e-06 9.603093387534016425e-06
4.334241935483870520e+02 1.559805007173368304e-06 9.582281889201457029e-06
4.335491935483870520e+02 1.554573143246143112e-06 9.561511262951264843e-06
4.336741935483870520e+02 1.549358395214704535e-06 9.540781440651551932e-06
4.337991935483870520e+02 1.544160708981673234e-06 9.520092354250835810e-06
4.339241935483870520e+02 1.538980030612284949e-06 9.499443935777910692e-06
4.340491935483870520e+02 1.533816306333941363e-06 9.478836117342143955e-06
4.341741935483870520e+02 1.528669482535761379e-06 9.458268831133132242e-06
4.342991935483870520e+02 1.523539505768127117e-06 9.437742009420623538e-06
4.344241935483870520e+02 1.518426322742241125e-06 9.417255584555133804e-06
4.345491935483870520e+02 1.513329880329672794e-06 9.396809488967193123e-06
4.346741935483870520e+02 1.508250125561920651e-06 9.376403655167725172e-06
4.347991935483870520e+02 1.503187005629959199e-06 9.356038015747976063e-06
4.349241935483870520e+02 1.498140467883798671e-06 9.335712503379433038e-06
4.350491935483870520e+02 1.493110459832043301e-06 9.315427050813948127e-06
4.351741935483870520e+02 1.488096929141444730e-06 9.295181590883490821e-06
4.352991935483870520e+02 1.483099823636467471e-06 9.274976056500574973e-06
4.354241935483870520e+02 1.478119091298846341e-06 9.254810380657581173e-06
4.355491935483870520e+02 1.473154680267144307e-06 9.234684496427283601e-06
4.356741935483870520e+02 1.468206538836320923e-06 9.214598336962834783e-06
4.357991935483870520e+02 1.463274615457293989e-06 9.194551835497359013e-06
4.359241935483870520e+02 1.458358858736499096e-06 9.174544925344247121e-06
4.360491935483870520e+02 1.453459217435463356e-06 9.154577539897068382e-06
4.361741935483870520e+02 1.448575640470364733e-06 9.134649612629560351e-06
4.362991935483870520e+02 1.443708076911605985e-06 9.114761077095566183e-06
4.364241935483870520e+02 1.438856475983379291e-06 9.094911866929053268e-06
4.365491935483870520e+02 1.434020787063235743e-06 9.075101915844318212e-06
4.366741935483870520e+02 1.429200959681660138e-06 9.055331157635402385e-06
4.367991935483870520e+02 1.424396943521637933e-06 9.035599526176605223e-06
4.369241935483870520e+02 1.419608688418231726e-06 9.015906955422477452e-06
4.370491935483870520e+02 1.414836144358156470e-06 8.996253379407251880e-06
4.371741935483870520e+02 1.410079261479347278e-06 8.976638732245559990e-06
4.372991935483870520e+02 1.405337990070545428e-06 8.957062948131849179e-06
4.374241935483870520e+02 1.400612280570865748e-06 8.937525961340625009e-06
4.375491935483870520e+02 1.395902083569382626e-06 8.918027706226386834e-06
4.376741935483870520e+02 1.391207349804706704e-06 8.898568117223600696e-06
4.377991935483870520e+02 1.386528030164560306e-06 8.879147128846829766e-06
4.379241935483870520e+02 1.381864075685367259e-06 8.859764675690320990e-06
4.380491935483870520e+02 1.377215437551825989e-06 8.840420692428367625e-06
4.381741935483870520e+02 1.372582067096501888e-06 8.821115113815339726e-06
4.382991935483870520e+02 1.367963915799405491e-06 8.801847874685174238e-06
4.384241935483870520e+02 1.363360935287577007e-06 8.782618909951988242e-06
4.385491935483870520e+02 1.358773077334680163e-06 8.763428154609643583e-06
4.386741935483870520e+02 1.354200293860578692e-06 8.744275543731650310e-06
4.387991935483870520e+02 1.349642536930935685e-06 8.725161012471656258e-06
4.389241935483870520e+02 1.345099758756796003e-06 8.706084496062998121e-06
4.390491935483870520e+02 1.340571911694176101e-06 8.687045929818572706e-06
4.391741935483870520e+02 1.336058948243662960e-06 8.668045249131417992e-06
4.392991935483870520e+02 1.331560821049995862e-06 8.649082389474006710e-06
4.394241935483870520e+02 1.327077482901669769e-06 8.630157286398827405e-06
4.395491935483870520e+02 1.322608886730524722e-06 8.611269875537767797e-06
4.396741935483870520e+02 1.318154985611339477e-06 8.592420092602529825e-06
4.397991935483870520e+02 1.313715732761434461e-06 8.573607873384680471e-06
4.399241935483870520e+02 1.309291081540260745e-06 8.554833153755026651e-06
4.400491935483870520e+02 1.304880985449006814e-06 8.536095869664382622e-06
4.401741935483870520e+02 1.300485398130193466e-06 8.517395957143056686e-06
4.402991935483870520e+02 1.296104273367273388e-06 8.498733352300729213e-06
4.404241935483870520e+02 1.291737565084236215e-06 8.480107991326998131e-06
4.405491935483870520e+02 1.287385227345207046e-06 8.461519810490760593e-06
4.406741935483870520e+02 1.283047214354053627e-06 8.442968746140545015e-06
4.407991935483870520e+02 1.278723480453988883e-06 8.424454734704326419e-06
4.409241935483870520e+02 1.274413980127174717e-06 8.405977712689548459e-06
4.410491935483870520e+02 1.270118667994331953e-06 8.387537616683314850e-06
4.411741935483870520e+02 1.265837498814343710e-06 8.369134383351804914e-06
4.412991935483870520e+02 1.261570427483867889e-06 8.350767949440954596e-06
4.414241935483870520e+02 1.257317409036944993e-06 8.332438251775958407e-06
4.415491935483870520e+02 1.253078398644604044e-06 8.314145227261240628e-06
4.416741935483870520e+02 1.248853351614482271e-06 8.295888812880861880e-06
4.417991935483870520e+02 1.244642223390429114e-06 8.277668945698017687e-06
4.419241935483870520e+02 1.240444969552125703e-06 8.259485562855251926e-06
4.420491935483870520e+02 1.236261545814696061e-06 8.241338601574361956e-06
4.421741935483870520e+02 1.232091908028320020e-06 8.223227999156468079e-06
4.422991935483870520e+02 1.227936012177856281e-06 8.205153692981855990e-06
4.424241935483870520e+02 1.223793814382450880e-06 8.187115620510007272e-06
4.425491935483870520e+02 1.219665270895163010e-06 8.169113719279728141e-06
4.426741935483870520e+02 1.215550338102579406e-06 8.151147926908883481e-06
4.427991935483870520e+02 1.211448972524433185e-06 8.133218181094342634e-06
4.429241935483870520e+02 1.207361130813231782e-06 8.115324419612367340e-06
4.430491935483870520e+02 1.203286769753868590e-06 8.097466580318106905e-06
4.431741935483870520e+02 1.199225846263255555e-06 8.079644601145830288e-06
4.432991935483870520e+02 1.195178317389942015e-06 8.061858420108834622e-06
4.434241935483870520e+02 1.191144140313737556e-06 8.044107975299457074e-06
4.435491935483870520e+02 1.187123272345343766e-06 8.026393204889000304e-06
4.436741935483870520e+02 1.183115670925973915e-06 8.008714047127661313e-06
4.437991935483870520e+02 1.179121293626986617e-06 7.991070440344802498e-06
4.439241935483870520e+02 1.175140098149511226e-06 7.973462322948365500e-06
4.440491935483870520e+02 1.171172042324076414e-06 7.955889633425369264e-06
4.441741935483870520e+02 1.167217084110242982e-06 7.938352310341747405e-06
4.442991935483870520e+02 1.163275181596233493e-06 7.920850292342121205e-06
4.444241935483870520e+02 1.159346292998565723e-06 7.903383518149982573e-06
4.445491935483870520e+02 1.155430376661685891e-06 7.885951926567572070e-06
4.446741935483870520e+02 1.151527391057599777e-06 7.868555456475894157e-06
4.447991935483870520e+02 1.147637294785513370e-06 7.851194046834701948e-06
4.449241935483870520e+02 1.143760046571462293e-06 7.833867636682383709e-06
4.450491935483870520e+02 1.139895605267954772e-06 7.816576165136030616e-06
4.451741935483870520e+02 1.136043929853605935e-06 7.799319571391365611e-06
4.452991935483870520e+02 1.132204979432776128e-06 7.782097794722663776e-06
4.454241935483870520e+02 1.128378713235214736e-06 7.764910774483009832e-06
4.455491935483870520e+02 1.124565090615693844e-06 7.747758450103703524e-06
4.456741935483870520e+02 1.120764071053657561e-06 7.730640761094735651e-06
4.457991935483870520e+02 1.116975614152859707e-06 7.713557647044747408e-06
4.459241935483870520e+02 1.113199679641005936e-06 7.696509047620474735e-06
4.460491935483870520e+02 1.109436227369403495e-06 7.679494902567486929e-06
4.461741935483870520e+02 1.105685217312600590e-06 7.662515151709502239e-06
4.462991935483870520e+02 1.101946609568036148e-06 7.645569734948702966e-06
4.464241935483870520e+02 1.098220364355685539e-06 7.628658592265611792e-06
4.465491935483870520e+02 1.094506442017707365e-06 7.611781663719017246e-06
4.466741935483870520e+02 1.090804803018095753e-06 7.594938889446193081e-06
4.467991935483870520e+02 1.087115407942324602e-06 7.578130209662399373e-06
4.469241935483870520e+02 1.083438217497003685e-06 7.561355564661219642e-06
4.470491935483870520e+02 1.079773192509527347e-06 7.544614894814625225e-06
4.471741935483870520e+02 1.076120293927725522e-06 7.527908140572393364e-06
4.472991935483870520e+02 1.072479482819520476e-06 7.511235242462781444e-06
4.474241935483870520e+02 1.068850720372578252e-06 7.494596141091998445e-06
4.475491935483870520e+02 1.065233967893964562e-06 7.477990777144190545e-06
4.476741935483870520e+02 1.061629186809802378e-06 7.461419091381823127e-06
4.477991935483870520e+02 1.058036338664924643e-06 7.444881024645123434e-06
4.479241935483870520e+02 1.054455385122536731e-06 7.428376517852553214e-06
4.480491935483870520e+02 1.050886287963870435e-06 7.411905512000232736e-06
4.481741935483870520e+02 1.047329009087848329e-06 7.395467948162308403e-06
4.482991935483870520e+02 1.043783510510741353e-06 7.379063767490979010e-06
4.484241935483870520e+02 1.040249754365827464e-06 7.362692911215939244e-06
4.485491935483870520e+02 1.036727702903060228e-06 7.346355320645046298e-06
4.486741935483870520e+02 1.033217318488724718e-06 7.330050937163770994e-06
4.487991935483870520e+02 1.029718563605108016e-06 7.313779702235232511e-06
4.489241935483870520e+02 1.026231400850159129e-06 7.297541557400492305e-06
4.490491935483870520e+02 1.022755792937154622e-06 7.281336444278132290e-06
4.491741935483870520e+02 1.019291702694370396e-06 7.265164304564456426e-06
4.492991935483870520e+02 1.015839093064740754e-06 7.249025080033326400e-06
4.494241935483870520e+02 1.012397927105534201e-06 7.232918712536186187e-06
4.495491935483870520e+02 1.008968167988018441e-06 7.216845144002155223e-06
4.496741935483870520e+02 1.005549778997130458e-06 7.200804316437606587e-06
4.497991935483870520e+02 1.002142723531149563e-06 7.184796171926641334e-06
4.499241935483870520e+02 9.987469651013647191e-07 7.168820652630715803e-06
4.500491935483870520e+02 9.953624673317518254e-07 7.152877700788546750e-06
4.501741935483870520e+02 9.919891939586456995e-07 7.136967258716476419e-06
4.502991935483870520e+02 9.886271088304103728e-07 7.121089268808040553e-06
4.504241935483870520e+02 9.852761759071193343e-07 7.105243673533969244e-06
4.505491935483870520e+02 9.819363592602300587e-07 7.089430415442518121e-06
4.506741935483870520e+02 9.786076230722572633e-07 7.073649437158972835e-06
4.507991935483870520e+02 9.752899316364565411e-07 7.057900681385880304e-06
4.509241935483870520e+02 9.719832493564950767e-07 7.042184090902919955e-06
4.510491935483870520e+02 9.686875407461384562e-07 7.026499608566853759e-06
4.511741935483870520e+02 9.654027704289277355e-07 7.010847177311722735e-06
4.512991935483870520e+02 9.621289031378567210e-07 6.995226740148302312e-06
4.514241935483870520e+02 9.588659037150608965e-07 6.979638240164647817e-06
4.515491935483870520e+02 9.556137371114934335e-07 6.964081620525697216e-06
4.516741935483870520e+02 9.523723683866122121e-07 6.948556824473177941e-06
4.517991935483870520e+02 9.491417627080643016e-07 6.933063795325987208e-06
4.519241935483870520e+02 9.459218853513681109e-07 6.917602476479685491e-06
4.520491935483870520e+02 9.427127016996026339e-07 6.902172811406726915e-06
4.521741935483870520e+02 9.395141772430908704e-07 6.886774743656330506e-06
4.522991935483870520e+02 9.363262775790904477e-07 6.871408216854468334e-06
4.524241935483870520e+02 9.331489684114818063e-07 6.856073174703841797e-06
4.525491935483870520e+02 9.299822155504526803e-07 6.840769560983752869e-06
4.526741935483870520e+02 9.268259849121954949e-07 6.825497319550306542e-06
4.527991935483870520e+02 9.236802425185918466e-07 6.810256394335964441e-06
4.529241935483870520e+02 9.205449544969075711e-07 6.795046729349859919e-06
4.530491935483870520e+02 9.174200870794848472e-07 6.779868268677736225e-06
4.531741935483870520e+02 9.143056066034332414e-07 6.764720956481662746e-06
4.532991935483870520e+02 9.112014795103272111e-07 6.749604737000224742e-06
4.534241935483870520e+02 9.081076723458973613e-07 6.734519554548362412e-06
4.535491935483870520e+02 9.050241517597294301e-07 6.719465353517407317e-06
4.536741935483870520e+02 9.019508845049589335e-07 6.704442078374987508e-06
4.537991935483870520e+02 8.988878374379673980e-07 6.689449673664999579e-06
4.539241935483870520e+02 8.958349775180840993e-07 6.674488084007702684e-06
4.540491935483870520e+02 8.927922718072801775e-07 6.659557254099337373e-06
4.541741935483870520e+02 8.897596874698728108e-07 6.644657128712411044e-06
4.542991935483870520e+02 8.867371917722231422e-07 6.629787652695649660e-06
4.544241935483870520e+02 8.837247520824368538e-07 6.614948770973640301e-06
4.545491935483870520e+02 8.807223358700692929e-07 6.600140428547213178e-06
4.546741935483870520e+02 8.777299107058244583e-07 6.585362570493060466e-06
4.547991935483870520e+02 8.747474442612621381e-07 6.570615141963874372e-06
4.549241935483870520e+02 8.717749043085007071e-07 6.555898088188231090e-06
4.550491935483870520e+02 8.688122587199211951e-07 6.541211354470591648e-06
4.551741935483870520e+02 8.658594754678763306e-07 6.526554886191340874e-06
4.552991935483870520e+02 8.629165226243936559e-07 6.511928628806453661e-06
4.554241935483870520e+02 8.599833683608856302e-07 6.497332527847742306e-06
4.555491935483870520e+02 8.570599809478584618e-07 6.482766528922853963e-06
4.556741935483870520e+02 8.541463287546176585e-07 6.468230577714826800e-06
4.557991935483870520e+02 8.512423802489822598e-07 6.453724619982577895e-06
4.559241935483870520e+02 8.483481039969920809e-07 6.439248601560475474e-06
4.560491935483870520e+02 8.454634686626214160e-07 6.424802468358323674e-06
4.561741935483870520e+02 8.425884430074899878e-07 6.410386166361618343e-06
4.562991935483870520e+02 8.397229958905754862e-07 6.395999641631185355e-06
4.564241935483870520e+02 8.368670962679300237e-07 6.381642840303252612e-06
4.565491935483870520e+02 8.340207131923901324e-07 6.367315708589439029e-06
4.566741935483870520e+02 8.311838158132959730e-07 6.353018192776613930e-06
4.567991935483870520e+02 8.283563733762062020e-07 6.338750239227080850e-06
4.569241935483870520e+02 8.255383552226132628e-07 6.324511794378163340e-06
4.570491935483870520e+02 8.227297307896636531e-07 6.310302804742448909e-06
4.571741935483870520e+02 8.199304696098720513e-07 6.296123216907788179e-06
4.572991935483870520e+02 8.171405413108459250e-07 6.281972977536890850e-06
4.574241935483870520e+02 8.143599156150008218e-07 6.267852033367728888e-06
4.575491935483870520e+02 8.115885623392818015e-07 6.253760331213218038e-06
4.576741935483870520e+02 8.088264513948870917e-07 6.239697817961100940e-06
4.577991935483870520e+02 8.060735527869866608e-07 6.225664440574254592e-06
4.579241935483870520e+02 8.033298366144476740e-07 6.211660146090258372e-06
4.580491935483870520e+02 8.005952730695576186e-07 6.197684881621671862e-06
4.581741935483870520e+02 7.978698324377461603e-07 6.183738594355651140e-06
4.582991935483870520e+02 7.951534850973145158e-07 6.169821231554196961e-06
4.584241935483870520e+02 7.924462015191561437e-07 6.155932740554079377e-06
4.585491935483870520e+02 7.897479522664871763e-07 6.142073068766473503e-06
4.586741935483870520e+02 7.870587079945735693e-07 6.128242163677418616e-06
4.587991935483870520e+02 7.843784394504547571e-07 6.114439972847357369e-06
4.589241935483870520e+02 7.817071174726782136e-07 6.100666443911195079e-06
4.590491935483870520e+02 7.790447129910235319e-07 6.086921524578461513e-06
4.591741935483870520e+02 7.763911970262376201e-07 6.073205162632968688e-06
4.592991935483870520e+02 7.737465406897604743e-07 6.059517305932933686e-06
4.594241935483870520e+02 7.711107151834614341e-07 6.045857902410889721e-06
4.595491935483870520e+02 7.684836917993685556e-07 6.032226900073656492e-06
4.596741935483870520e+02 7.658654419194025366e-07 6.018624247002258015e-06
4.597991935483870520e+02 7.632559370151112782e-07 6.005049891351877739e-06
4.599241935483870520e+02 7.606551486474013752e-07 5.991503781351927149e-06
4.600491935483870520e+02 7.580630484662777594e-07 5.977985865305826386e-06
4.601741935483870520e+02 7.554796082105769898e-07 5.964496091590955969e-06
4.602991935483870520e+02 7.529047997077036141e-07 5.951034408658858385e-06
4.604241935483870520e+02 7.503385948733700233e-07 5.937600765034889961e-06
4.605491935483870520e+02 7.477809657113294246e-07 5.924195109318343683e-06
4.606741935483870520e+02 7.452318843131209906e-07 5.910817390182345011e-06
4.607991935483870520e+02 7.426913228578048437e-07 5.897467556373822231e-06
4.609241935483870520e+02 7.401592536117045580e-07 5.884145556713448861e-06
4.610491935483870520e+02 7.376356489281475441e-07 5.870851340095565720e-06
4.611741935483870520e+02 7.351204812472035270e-07 5.857584855488292737e-06
4.612991935483870520e+02 7.326137230954329779e-07 5.844346051933149484e-06
4.614241935483870520e+02 7.301153470856249574e-07 5.831134878545323680e-06
4.615491935483870520e+02 7.276253259165435348e-07 5.817951284513560232e-06
4.616741935483870520e+02 7.251436323726714548e-07 5.804795219099989288e-06
4.617991935483870520e+02 7.226702393239532749e-07 5.791666631640053394e-06
4.619241935483870520e+02 7.202051197255446437e-07 5.778565471542743809e-06
4.620491935483870520e+02 7.177482466175569202e-07 5.765491688290236291e-06
4.621741935483870520e+02 7.152995931248042287e-07 5.752445231437984261e-06
4.622991935483870520e+02 7.128591324565523137e-07 5.739426050614655283e-06
4.624241935483870520e+02 7.104268379062645356e-07 5.726434095522058213e-06
4.625491935483870520e+02 7.080026828513550668e-07 5.713469315935128805e-06
4.626741935483870520e+02 7.055866407529353108e-07 5.700531661701800111e-06
4.627991935483870520e+02 7.031786851555670986e-07 5.687621082743176125e-06
4.629241935483870520e+02 7.007787896870126014e-07 5.674737529053098101e-06
4.630491935483870520e+02 6.983869280579849861e-07 5.661880950698401203e-06
4.631741935483870520e+02 6.960030740619037279e-07 5.649051297818855215e-06
4.632991935483870520e+02 6.936272015746472775e-07 5.636248520626915514e-06
4.634241935483870520e+02 6.912592845543054089e-07 5.623472569407859438e-06
4.635491935483870520e+02 6.888992970409366512e-07 5.610723394519628740e-06
4.636741935483870520e+02 6.865472131563193663e-07 5.598000946392820275e-06
4.637991935483870520e+02 6.842030071037123564e-07 5.585305175530640251e-06
4.639241935483870520e+02 6.818666531676094360e-07 5.572636032508798360e-06
4.640491935483870520e+02 6.795381257134965455e-07 5.559993467975633978e-06
4.641741935483870520e+02 6.772173991876106642e-07 5.547377432651739240e-06
4.642991935483870520e+02 6.749044481166962884e-07 5.534787877330182654e-06
4.644241935483870520e+02 6.725992471077681565e-07 5.522224752876466752e-06
4.645491935483870520e+02 6.703017708478689971e-07 5.509688010228173179e-06
4.646741935483870520e+02 6.680119941038306664e-07 5.497177600395328617e-06
4.647991935483870520e+02 6.657298917220363428e-07 5.484693474460017686e-06
4.649241935483870520e+02 6.634554386281793352e-07 5.472235583576477815e-06
4.650491935483870520e+02 6.611886098270302542e-07 5.459803878971047569e-06
4.651741935483870520e+02 6.589293804021975138e-07 5.447398311942016730e-06
4.652991935483870520e+02 6.566777255158916442e-07 5.435018833859813484e-06
4.654241935483870520e+02 6.544336204086906642e-07 5.422665396166583454e-06
4.655491935483870520e+02 6.521970403993030174e-07 5.410337950376424321e-06
4.656741935483870520e+02 6.499679608843366498e-07 5.398036448075331617e-06
4.657991935483870520e+02 6.477463573380639586e-07 5.385760840920862453e-06
4.659241935483870520e+02 6.455322053121885400e-07 5.373511080642485343e-06
4.660491935483870520e+02 6.433254804356143732e-07 5.361287119041227838e-06
4.661741935483870520e+02 6.411261584142110860e-07 5.349088907989624858e-06
4.662991935483870520e+02 6.389342150305882207e-07 5.336916399431938920e-06
4.664241935483870520e+02 6.367496261438599706e-07 5.324769545383792526e-06
4.665491935483870520e+02 6.345723676894190225e-07 5.312648297932301993e-06
4.666741935483870520e+02 6.324024156787061632e-07 5.300552609235931764e-06
4.667991935483870520e+02 6.302397461989799929e-07 5.288482431524459682e-06
4.669241935483870520e+02 6.280843354130933085e-07 5.276437717099059148e-06
4.670491935483870520e+02 6.259361595592628160e-07 5.264418418331912030e-06
4.671741935483870520e+02 6.237951949508442438e-07 5.252424487666568650e-06
4.672991935483870520e+02 6.216614179761059729e-07 5.240455877617610667e-06
4.674241935483870520e+02 6.195348050980022440e-07 5.228512540770571456e-06
4.675491935483870520e+02 6.174153328539518697e-07 5.216594429782174119e-06
4.676741935483870520e+02 6.153029778556116540e-07 5.204701497379991834e-06
4.677991935483870520e+02 6.131977167886540451e-07 5.192833696362394483e-06
4.679241935483870520e+02 6.110995264125448961e-07 5.180990979598782438e-06
4.680491935483870520e+02 6.090083835603186831e-07 5.169173300029198619e-06
4.681741935483870520e+02 6.069242651383607118e-07 5.157380610664447079e-06
4.682991935483870520e+02 6.048471481261842423e-07 5.145612864586000676e-06
4.684241935483870520e+02 6.027770095762100487e-07 5.133870014945911289e-06
4.685491935483870520e+02 6.007138266135484137e-07 5.122152014966903836e-06
4.686741935483870520e+02 5.986575764357763591e-07 5.110458817942020526e-06
4.687991935483870520e+02 5.966082363127241938e-07 5.098790377234923241e-06
4.689241935483870520e+02 5.945657835862542258e-07 5.087146646279584378e-06
4.690491935483870520e+02 5.925301956700445578e-07 5.075527578580233480e-06
4.691741935483870520e+02 5.905014500493730932e-07 5.063933127711554597e-06
4.692991935483870520e+02 5.884795242808993193e-07 5.052363247318309355e-06
4.694241935483870520e+02 5.864643959924522319e-07 5.040817891115475025e-06
4.695491935483870520e+02 5.844560428828126473e-07 5.029297012888125934e-06
4.696741935483870520e+02 5.824544427215009150e-07 5.017800566491388576e-06
4.697991935483870520e+02 5.804595733485625122e-07 5.006328505850396720e-06
4.699241935483870520e+02 5.784714126743535329e-07 4.994880784960171973e-06
4.700491935483870520e+02 5.764899386793312591e-07 4.983457357885709337e-06
4.701741935483870520e+02 5.745151294138408141e-07 4.972058178761762904e-06
4.702991935483870520e+02 5.725469629979032987e-07 4.960683201792782333e-06
4.704241935483870520e+02 5.705854176210069972e-07 4.949332381253095804e-06
4.705491935483870520e+02 5.686304715418938195e-07 4.938005671486544954e-06
4.706741935483870520e+02 5.666821030883545309e-07 4.926703026906617006e-06
4.707991935483870520e+02 5.647402906570164643e-07 4.915424401996323651e-06
4.709241935483870520e+02 5.628050127131364208e-07 4.904169751308156148e-06
4.710491935483870520e+02 5.608762477903934639e-07 4.892939029464026039e-06
4.711741935483870520e+02 5.589539744906792796e-07 4.881732191155196533e-06
4.712991935483870520e+02 5.570381714838955229e-07 4.870549191142310460e-06
4.714241935483870520e+02 5.551288175077447072e-07 4.859389984255122612e-06
4.715491935483870520e+02 5.532258913675265984e-07 4.848254525392644581e-06
4.716741935483870520e+02 5.513293719359328094e-07 4.837142769523075304e-06
4.717991935483870520e+02 5.494392381528410773e-07 4.826054671683599472e-06
4.719241935483870520e+02 5.475554690251146220e-07 4.814990186980456980e-06
4.720491935483870520e+02 5.456780436263969530e-07 4.803949270588822655e-06
4.721741935483870520e+02 5.438069410969098515e-07 4.792931877752780843e-06
4.722991935483870520e+02 5.419421406432517770e-07 4.781937963785242396e-06
4.724241935483870520e+02 5.400836215381950027e-07 4.770967484067888775e-06
4.725491935483870520e+02 5.382313631204869862e-07 4.760020394051204230e-06
4.726741935483870520e+02 5.363853447946488818e-07 4.749096649254191202e-06
4.727991935483870520e+02 5.345455460307759580e-07 4.738196205264532950e-06
4.729241935483870520e+02 5.327119463643392863e-07 4.727319017738508005e-06
4.730491935483870520e+02 5.308845253959846765e-07 4.716465042400767394e-06
4.731741935483870520e+02 5.290632627913379650e-07 4.705634235044423583e-06
4.732991935483870520e+02 5.272481382808057505e-07 4.694826551531047090e-06
4.734241935483870520e+02 5.254391316593788822e-07 4.684041947790336138e-06
4.735491935483870520e+02 5.236362227864365833e-07 4.673280379820403800e-06
4.736741935483870520e+02 5.218393915855481398e-07 4.662541803687464601e-06
4.737991935483870520e+02 5.200486180442820000e-07 4.651826175525853995e-06
4.739241935483870520e+02 5.182638822140077809e-07 4.641133451538011426e-06
4.740491935483870520e+02 5.164851642097035681e-07 4.630463587994323627e-06
4.741741935483870520e+02 5.147124442097620509e-07 4.619816541233231347e-06
4.742991935483870520e+02 5.129457024557963405e-07 4.609192267660941357e-06
4.744241935483870520e+02 5.111849192524497047e-07 4.598590723751520475e-06
4.745491935483870520e+02 5.094300749672023387e-07 4.588011866046893021e-06
4.746741935483870520e+02 5.076811500301798300e-07 4.577455651156519792e-06
4.747991935483870520e+02 5.059381249339633169e-07 4.566922035757670811e-06
4.749241935483870520e+02 5.042009802333967885e-07 4.556410976595123776e-06
4.750491935483870520e+02 5.024696965454010550e-07 4.545922430481131031e-06
4.751741935483870520e+02 5.007442545487810482e-07 4.535456354295515282e-06
4.752991935483870520e+02 4.990246349840392618e-07 4.525012704985414632e-06
4.754241935483870520e+02 4.973108186531873929e-07 4.514591439565401177e-06
4.755491935483870520e+02 4.956027864195563950e-07 4.504192515117208249e-06
4.756741935483870520e+02 4.939005192076130947e-07 4.493815888789838002e-06
4.757991935483870520e+02 4.922039980027707746e-07 4.483461517799548695e-06
4.759241935483870520e+02 4.905132038512042022e-07 4.473129359429504028e-06
4.760491935483870520e+02 4.888281178596652946e-07 4.462819371030086541e-06
4.761741935483870520e+02 4.871487211952944414e-07 4.452531510018563884e-06
4.762991935483870520e+02 4.854749950854405107e-07 4.442265733879073570e-06
4.764241935483870520e+02 4.838069208174747135e-07 4.432022000162726312e-06
4.765491935483870520e+02 4.821444797386064796e-07 4.421800266487324810e-06
4.766741935483870520e+02 4.804876532557029343e-07 4.411600490537445067e-06
4.767991935483870520e+02 4.788364228351033974e-07 4.401422630064311022e-06
4.769241935483870520e+02 4.771907700024408717e-07 4.391266642885741196e-06
4.770491935483870520e+02 4.755506763424583955e-07 4.381132486886183414e-06
4.771741935483870520e+02 4.739161234988291537e-07 4.371020120016408179e-06
4.772991935483870520e+02 4.722870931739766422e-07 4.360929500293769562e-06
4.774241935483870520e+02 4.706635671288927151e-07 4.350860585801884174e-06
4.775491935483870520e+02 4.690455271829611894e-07 4.340813334690650648e-06
4.776741935483870520e+02 4.674329552137776921e-07 4.330787705176291144e-06
4.777991935483870520e+02 4.658258331569714656e-07 4.320783655541111638e-06
4.779241935483870520e+02 4.642241430060278613e-07 4.310801144133577310e-06
4.780491935483870520e+02 4.626278668121101449e-07 4.300840129368167696e-06
4.781741935483870520e+02 4.610369866838846374e-07 4.290900569725369920e-06
4.782991935483870520e+02 4.594514847873431555e-07 4.280982423751586361e-06
4.784241935483870520e+02 4.578713433456277288e-07 4.271085650059044021e-06
4.785491935483870520e+02 4.562965446388554758e-07 4.261210207325847892e-06
4.786741935483870520e+02 4.547270710039429505e-07 4.251356054295775123e-06
4.787991935483870520e+02 4.531629048344336120e-07 4.241523149778232670e-06
4.789241935483870520e+02 4.516040285803230716e-07 4.231711452648347928e-06
4.790491935483870520e+02 4.500504247478860329e-07 4.221920921846724787e-06
4.791741935483870520e+02 4.485020758995041326e-07 4.212151516379400432e-06
4.792991935483870520e+02 4.469589646534918223e-07 4.202403195317944444e-06
4.794241935483870520e+02 4.454210736839275968e-07 4.192675917799203847e-06
4.795491935483870520e+02 4.438883857204803530e-07 4.182969643025342918e-06
4.796741935483870520e+02 4.423608835482402475e-07 4.173284330263745773e-06
4.797991935483870520e+02 4.408385500075477020e-07 4.163619938846962164e-06
4.799241935483870520e+02 4.393213679938225144e-07 4.153976428172663428e-06
4.800491935483870520e+02 4.378093204573972050e-07 4.144353757703511201e-06
4.801741935483870520e+02 4.363023904033461278e-07 4.134751886967245506e-06
4.802991935483870520e+02 4.348005608913183929e-07 4.125170775556389988e-06
4.804241935483870520e+02 4.333038150353693073e-07 4.115610383128374730e-06
4.805491935483870520e+02 4.318121360037926092e-07 4.106070669405456638e-06
4.806741935483870520e+02 4.303255070189550321e-07 4.096551594174550029e-06
4.807991935483870520e+02 4.288439113571292803e-07 4.087053117287256279e-06
4.809241935483870520e+02 4.273673323483278516e-07 4.077575198659764722e-06
4.810491935483870520e+02 4.258957533761379188e-07 4.068117798272783190e-06
4.811741935483870520e+02 4.244291578775557882e-07 4.058680876171505827e-06
4.812991935483870520e+02 4.229675293428236332e-07 4.049264392465485190e-06
4.814241935483870520e+02 4.215108513152645351e-07 4.039868307328713558e-06
4.815491935483870520e+02 4.200591073911196411e-07 4.030492580999323089e-06
4.816741935483870520e+02 4.186122812193846867e-07 4.021137173779713716e-06
4.817991935483870520e+02 4.171703565016467831e-07 4.011802046036498095e-06
4.819241935483870520e+02 4.157333169919239044e-07 4.002487158200218693e-06
4.820491935483870520e+02 4.143011464965022045e-07 3.993192470765588345e-06
4.821741935483870520e+02 4.128738288737747633e-07 3.983917944291180243e-06
4.822991935483870520e+02 4.114513480340820792e-07 3.974663539399473672e-06
4.824241935483870520e+02 4.100336879395493867e-07 3.965429216776778626e-06
4.825491935483870520e+02 4.086208326039296898e-07 3.956214937173133319e-06
4.826741935483870520e+02 4.072127660924426676e-07 3.947020661402359236e-06
4.827991935483870520e+02 4.058094725216167551e-07 3.937846350341782468e-06
4.829241935483870520e+02 4.044109360591303246e-07 3.928691964932352287e-06
4.830491935483870520e+02 4.030171409236529204e-07 3.919557466178574238e-06
4.831741935483870520e+02 4.016280713846895100e-07 3.910442815148247557e-06
4.832991935483870520e+02 4.002437117624225128e-07 3.901347972972696406e-06
4.834241935483870520e+02 3.988640464275552050e-07 3.892272900846463255e-06
4.835491935483870520e+02 3.974890598011560238e-07 3.883217560027292781e-06
4.836741935483870520e+02 3.961187363545017083e-07 3.874181911836214884e-06
4.837991935483870520e+02 3.947530606089241445e-07 3.865165917657258385e-06
4.839241935483870520e+02 3.933920171356538239e-07 3.856169538937614503e-06
4.840491935483870520e+02 3.920355905556662650e-07 3.847192737187329387e-06
4.841741935483870520e+02 3.906837655395288068e-07 3.838235473979414224e-06
4.842991935483870520e+02 3.893365268072450191e-07 3.829297710949788495e-06
4.844241935483870520e+02 3.879938591281044073e-07 3.820379409797044492e-06
4.845491935483870520e+02 3.866557473205283054e-07 3.811480532282545156e-06
4.846741935483870520e+02 3.853221762519180979e-07 3.802601040230365206e-06
4.847991935483870520e+02 3.839931308385041307e-07 3.793740895527037876e-06
4.849241935483870520e+02 3.826685960451929802e-07 3.784900060121740416e-06
4.850491935483870520e+02 3.813485568854185876e-07 3.776078496026048029e-06
4.851741935483870520e+02 3.800329984209910632e-07 3.767276165313882201e-06
4.852991935483870520e+02 3.787219057619467085e-07 3.758493030121591594e-06
4.854241935483870520e+02 3.774152640663989920e-07 3.749729052647709792e-06
4.855491935483870520e+02 3.761130585403885176e-07 3.740984195152985799e-06
4.856741935483870520e+02 3.748152744377364358e-07 3.732258419960293401e-06
4.857991935483870520e+02 3.735218970598930890e-07 3.723551689454545619e-06
4.859241935483870520e+02 3.722329117557941747e-07 3.714863966082733672e-06
4.860491935483870520e+02 3.709483039217112445e-07 3.706195212353642796e-06
4.861741935483870520e+02 3.696680590011040553e-07 3.697545390838049182e-06
4.862991935483870520e+02 3.683921624844766800e-07 3.688914464168474757e-06
4.864241935483870520e+02 3.671205999092289588e-07 3.680302395039121963e-06
4.865491935483870520e+02 3.658533568595130329e-07 3.671709146205962275e-06
4.866741935483870520e+02 3.645904189660869140e-07 3.663134680486491404e-06
4.867991935483870520e+02 3.633317719061694826e-07 3.654578960759769957e-06
4.869241935483870520e+02 3.620774014032974455e-07 3.646041949966312477e-06
4.870491935483870520e+02 3.608272932271807048e-07 3.637523611108030264e-06
4.871741935483870520e+02 3.595814331935589974e-07 3.629023907248193265e-06
4.872991935483870520e+02 3.583398071640592764e-07 3.620542801511297928e-06
4.874241935483870520e+02 3.571024010460515030e-07 3.612080257083108293e-06
4.875491935483870520e+02 3.558692007925087807e-07 3.603636237210477261e-06
4.876741935483870520e+02 3.546401924018641008e-07 3.595210705201287302e-06
4.877991935483870520e+02 3.534153619178690994e-07 3.586803624424528387e-06
4.879241935483870520e+02 3.521946954294540855e-07 3.578414958310044298e-06
4.880491935483870520e+02 3.509781790705851038e-07 3.570044670348576674e-06
4.881741935483870520e+02 3.497657990201269807e-07 3.561692724091674376e-06
4.882991935483870520e+02 3.485575415017013396e-07 3.553359083151602862e-06
4.884241935483870520e+02 3.473533927835481648e-07 3.545043711201322580e-06
4.885491935483870520e+02 3.461533391783866226e-07 3.536746571974366150e-06
4.886741935483870520e+02 3.449573670432771013e-07 3.528467629264873097e-06
4.887991935483870520e+02 3.437654627794817155e-07 3.520206846927354370e-06
4.889241935483870520e+02 3.425776128323284628e-07 3.511964188876773658e-06
4.890491935483870520e+02 3.413938036910727342e-07 3.503739619088460151e-06
4.891741935483870520e+02 3.402140218887608360e-07 3.495533101597967502e-06
4.892991935483870520e+02 3.390382540020940935e-07 3.487344600501072559e-06
4.894241935483870520e+02 3.378664866512905207e-07 3.479174079953683043e-06
4.895491935483870520e+02 3.366987064999523117e-07 3.471021504171770200e-06
4.896741935483870520e+02 3.355349002549284632e-07 3.462886837431317139e-06
4.897991935483870520e+02 3.343750546661804665e-07 3.454770044068230740e-06
4.899241935483870520e+02 3.332191565266482648e-07 3.446671088478335296e-06
4.900491935483870520e+02 3.320671926721145158e-07 3.438589935117170925e-06
4.901741935483870520e+02 3.309191499810732489e-07 3.430526548500056249e-06
4.902991935483870520e+02 3.297750153745950813e-07 3.422480893202022323e-06
4.904241935483870520e+02 3.286347758161947098e-07 3.414452933857614431e-06
4.905491935483870520e+02 3.274984183116986150e-07 3.406442635160951379e-06
4.906741935483870520e+02 3.263659299091116540e-07 3.398449961865650108e-06
4.907991935483870520e+02 3.252372976984872520e-07 3.390474878784674923e-06
4.909241935483870520e+02 3.241125088117951067e-07 3.382517350790347655e-06
4.910491935483870520e+02 3.229915504227900041e-07 3.374577342814249410e-06
4.911741935483870520e+02 3.218744097468819046e-07 3.366654819847152801e-06
4.912991935483870520e+02 3.207610740410046001e-07 3.358749746938969858e-06
4.914241935483870520e+02 3.196515306034872298e-07 3.350862089198653351e-06
4.915491935483870520e+02 3.185457667739243662e-07 3.342991811794209489e-06
4.916741935483870520e+02 3.174437699330466311e-07 3.335138879952496757e-06
4.917991935483870520e+02 3.163455275025928464e-07 3.327303258959261910e-06
4.919241935483870520e+02 3.152510269451803324e-07 3.319484914159092965e-06
4.920491935483870520e+02 3.141602557641785937e-07 3.311683810955210830e-06
4.921741935483870520e+02 3.130732015035810469e-07 3.303899914809581535e-06
4.922991935483870520e+02 3.119898517478779125e-07 3.296133191242729040e-06
4.924241935483870520e+02 3.109101941219296368e-07 3.288383605833659849e-06
4.925491935483870520e+02 3.098342162908396775e-07 3.280651124219912980e-06
4.926741935483870520e+02 3.087619059598298318e-07 3.272935712097349060e-06
4.927991935483870520e+02 3.076932508741138162e-07 3.265237335220219780e-06
4.929241935483870520e+02 3.066282388187720115e-07 3.257555959400945547e-06
4.930491935483870520e+02 3.055668576186267906e-07 3.249891550510176471e-06
4.931741935483870520e+02 3.045090951381172629e-07 3.242244074476719945e-06
4.932991935483870520e+02 3.034549392811762962e-07 3.234613497287336933e-06
4.934241935483870520e+02 3.024043779911060025e-07 3.226999784986868599e-06
4.935491935483870520e+02 3.013573992504543361e-07 3.219402903678027519e-06
4.936741935483870520e+02 3.003139910808923269e-07 3.211822819521339652e-06
4.937991935483870520e+02 2.992741415430906248e-07 3.204259498735187546e-06
4.939241935483870520e+02 2.982378387365980570e-07 3.196712907595607892e-06
4.940491935483870520e+02 2.972050707997194960e-07 3.189183012436306772e-06
4.941741935483870520e+02 2.961758259093938340e-07 3.181669779648551661e-06
4.942991935483870520e+02 2.951500922810732280e-07 3.174173175681115528e-06
4.944241935483870520e+02 2.941278581686012856e-07 3.166693167040270900e-06
4.945491935483870520e+02 2.931091118640938452e-07 3.159229720289554392e-06
4.946741935483870520e+02 2.920938416978180620e-07 3.151782802049916627e-06
4.947991935483870520e+02 2.910820360380723943e-07 3.144352378999493120e-06
4.949241935483870520e+02 2.900736832910681771e-07 3.136938417873564883e-06
4.950491935483870520e+02 2.890687719008085502e-07 3.129540885464584692e-06
4.951741935483870520e+02 2.880672903489719373e-07 3.122159748621980567e-06
4.952991935483870520e+02 2.870692271547924562e-07 3.114794974252179494e-06
4.954241935483870520e+02 2.860745708749419162e-07 3.107446529318487146e-06
4.955491935483870520e+02 2.850833101034127689e-07 3.100114380841047221e-06
4.956741935483870520e+02 2.840954334713992060e-07 3.092798495896774534e-06
4.957991935483870520e+02 2.831109296471822801e-07 3.085498841619268189e-06
4.959241935483870520e+02 2.821297873360119556e-07 3.078215385198741279e-06
4.960491935483870520e+02 2.811519952799909596e-07 3.070948093882021308e-06
4.961741935483870520e+02 2.801775422579592673e-07 3.063696934972340553e-06
4.962991935483870520e+02 2.792064170853775820e-07 3.056461875829442785e-06
4.964241935483870520e+02 2.782386086142131982e-07 3.049242883869377447e-06
4.965491935483870520e+02 2.772741057328245392e-07 3.042039926564457294e-06
4.966741935483870520e+02 2.763128973658462794e-07 3.034852971443281271e-06
4.967991935483870520e+02 2.753549724740763176e-07 3.027681986090555361e-06
4.969241935483870520e+02 2.744003200543596809e-07 3.020526938147079455e-06
4.970491935483870520e+02 2.734489291394773515e-07 3.013387795309668583e-06
4.971741935483870520e+02 2.725007887980317054e-07 3.006264525331078793e-06
4.972991935483870520e+02 2.715558881343341221e-07 2.999157096019958873e-06
4.974241935483870520e+02 2.706142162882921169e-07 2.992065475240741085e-06
4.975491935483870520e+02 2.696757624352971096e-07 2.984989630913653866e-06
4.976741935483870520e+02 2.687405157861131979e-07 2.977929531014561321e-06
4.977991935483870520e+02 2.678084655867647673e-07 2.970885143574908584e-06
4.979241935483870520e+02 2.668796011184262705e-07 2.963856436681748504e-06
4.980491935483870520e+02 2.659539116973105252e-07 2.956843378477552753e-06
4.981741935483870520e+02 2.650313866745579644e-07 2.949845937160220722e-06
4.982991935483870520e+02 2.641120154361276868e-07 2.942864080982973218e-06
4.984241935483870520e+02 2.631957874026865485e-07 2.935897778254303760e-06
4.985491935483870520e+02 2.622826920295000544e-07 2.928946997337907004e-06
4.986741935483870520e+02 2.613727188063230384e-07 2.922011706652589803e-06
4.987991935483870520e+02 2.604658572572901308e-07 2.915091874672275870e-06
4.989241935483870520e+02 2.595620969408085035e-07 2.908187469925811803e-06
4.990491935483870520e+02 2.586614274494487079e-07 2.901298460996999699e-06
4.991741935483870520e+02 2.577638384098371554e-07 2.894424816524543364e-06
4.992991935483870520e+02 2.568693194825483317e-07 2.887566505201845876e-06
4.994241935483870520e+02 2.559778603619970126e-07 2.880723495777127744e-06
4.995491935483870520e+02 2.550894507763326489e-07 2.873895757053204138e-06
4.996741935483870520e+02 2.542040804873316878e-07 2.867083257887493359e-06
4.997991935483870520e+02 2.533217392902916407e-07 2.860285967191935528e-06
4.999241935483870520e+02 2.524424170139249392e-07 2.853503853932896441e-06
5.000491935483870520e+02 2.515661035202531624e-07 2.846736887131188750e-06
5.001741935483870520e+02 2.506927887045021628e-07 2.839985035861854698e-06
5.002991935483870520e+02 2.498224624949967704e-07 2.833248269254218208e-06
5.004241935483870520e+02 2.489551148530559717e-07 2.826526556491824750e-06
5.005491935483870520e+02 2.480907357728887250e-07 2.819819866812237202e-06
5.006741935483870520e+02 2.472293152814894046e-07 2.813128169507152315e-06
5.007991935483870520e+02 2.463708434385346218e-07 2.806451433922194043e-06
5.009241935483870520e+02 2.455153103362797279e-07 2.799789629456862291e-06
5.010491935483870520e+02 2.446627060994551055e-07 2.793142725564568074e-06
5.011741935483870520e+02 2.438130208851640484e-07 2.786510691752434032e-06
5.012991935483870520e+02 2.429662448827792646e-07 2.779893497581305026e-06
5.014241935483870520e+02 2.421223683138417086e-07 2.773291112665657502e-06
5.015491935483870520e+02 2.412813814319582496e-07 2.766703506673517326e-06
5.016741935483870520e+02 2.404432745226998685e-07 2.760130649326455979e-06
5.017991935483870520e+02 2.396080379035007022e-07 2.753572510399405898e-06
5.019241935483870520e+02 2.387756619235563998e-07 2.747029059720688007e-06
5.020491935483870520e+02 2.379461369637244634e-07 2.740500267171960895e-06
5.021741935483870520e+02 2.371194534364229225e-07 2.733986102688019644e-06
5.022991935483870520e+02 2.362956017855307806e-07 2.727486536256899595e-06
5.024241935483870520e+02 2.354745724862883037e-07 2.721001537919688724e-06
5.025491935483870520e+02 2.346563560451966206e-07 2.714531077770460730e-06
5.026741935483870520e+02 2.338409429999199167e-07 2.708075125956314423e-06
5.027991935483870520e+02 2.330283239191855903e-07 2.701633652677172128e-06
5.029241935483870520e+02 2.322184894026860233e-07 2.695206628185830931e-06
5.030491935483870520e+02 2.314114300809803515e-07 2.688794022787769555e-06
5.031741935483870520e+02 2.306071366153956796e-07 2.682395806841172079e-06
5.032991935483870520e+02 2.298055996979309430e-07 2.676011950756886432e-06
5.034241935483870520e+02 2.290068100511581491e-07 2.669642424998216867e-06
5.035491935483870520e+02 2.282107584281257624e-07 2.663287200081019683e-06
5.036741935483870520e+02 2.274174356122622750e-07 2.656946246573527034e-06
5.037991935483870520e+02 2.266268324172785601e-07 2.650619535096281290e-06
5.039241935483870520e+02 2.258389396870728715e-07 2.644307036322170187e-06
5.040491935483870520e+02 2.250537482956345996e-07 2.638008720976229041e-06
5.041741935483870520e+02 2.242712491469480008e-07 2.631724559835653461e-06
5.042991935483870520e+02 2.234914331748977270e-07 2.625454523729698546e-06
5.044241935483870520e+02 2.227142913431728195e-07 2.619198583539612394e-06
5.045491935483870520e+02 2.219398146451729003e-07 2.612956710198627634e-06
5.046741935483870520e+02 2.211679941039130130e-07 2.606728874691752632e-06
5.047991935483870520e+02 2.203988207719297082e-07 2.600515048055884142e-06
5.049241935483870520e+02 2.196322857311872082e-07 2.594315201379604024e-06
5.050491935483870520e+02 2.188683800929830684e-07 2.588129305803125454e-06
5.051741935483870520e+02 2.181070949978559306e-07 2.581957332518330619e-06
5.052991935483870520e+02 2.173484216154916342e-07 2.575799252768570389e-06
5.054241935483870520e+02 2.165923511446308369e-07 2.569655037848676607e-06
5.055491935483870520e+02 2.158388748129764764e-07 2.563524659104868060e-06
5.056741935483870520e+02 2.150879838771009141e-07 2.557408087934678911e-06
5.057991935483870520e+02 2.143396696223550386e-07 2.551305295786909992e-06
5.059241935483870520e+02 2.135939233627759646e-07 2.545216254161533088e-06
5.060491935483870520e+02 2.128507364409956865e-07 2.539140934609682044e-06
5.061741935483870520e+02 2.121101002281503396e-07 2.533079308733483786e-06
5.062991935483870520e+02 2.113720061237885087e-07 2.527031348186072290e-06
5.064241935483870520e+02 2.106364455557817608e-07 2.520997024671527178e-06
5.065491935483870520e+02 2.099034099802337205e-07 2.514976309944738611e-06
5.066741935483870520e+02 2.091728908813901531e-07 2.508969175811399672e-06
5.067991935483870520e+02 2.084448797715494697e-07 2.502975594127905987e-06
5.069241935483870520e+02 2.077193681909726242e-07 2.496995536801298977e-06
5.070491935483870520e+02 2.069963477077948367e-07 2.491028975789207411e-06
5.071741935483870520e+02 2.062758099179360725e-07 2.485075883099766939e-06
5.072991935483870520e+02 2.055577464450125537e-07 2.479136230791550634e-06
5.074241935483870520e+02 2.048421489402485886e-07 2.473209990973516479e-06
5.075491935483870520e+02 2.041290090823876859e-07 2.467297135804911647e-06
5.076741935483870520e+02 2.034183185776058661e-07 2.461397637495268273e-06
5.077991935483870520e+02 2.027100691594233587e-07 2.455511468304238698e-06
5.079241935483870520e+02 2.020042525886172781e-07 2.449638600541597169e-06
5.080491935483870520e+02 2.013008606531352261e-07 2.443779006567183085e-06
5.081741935483870520e+02 2.005998851680073069e-07 2.437932658790776487e-06
5.082991935483870520e+02 1.999013179752611321e-07 2.432099529672070946e-06
5.084241935483870520e+02 1.992051509438343383e-07 2.426279591720596488e-06
5.085491935483870520e+02 1.985113759694894603e-07 2.420472817495646328e-06
5.086741935483870520e+02 1.978199849747275866e-07 2.414679179606224346e-06
5.087991935483870520e+02 1.971309699087031796e-07 2.408898650710948532e-06
5.089241935483870520e+02 1.964443227471388698e-07 2.403131203518045055e-06
5.090491935483870520e+02 1.957600354922405665e-07 2.397376810785187326e-06
5.091741935483870520e+02 1.950781001726128080e-07 2.391635445319501927e-06
5.092991935483870520e+02 1.943985088431742171e-07 2.385907079977512708e-06
5.094241935483870520e+02 1.937212535850730886e-07 2.380191687664969686e-06
5.095491935483870520e+02 1.930463265056041686e-07 2.374489241336925700e-06
5.096741935483870520e+02 1.923737197381244807e-07 2.368799713997555149e-06
5.097991935483870520e+02 1.917034254419702106e-07 2.363123078700134084e-06
5.099241935483870520e+02 1.910354358023732470e-07 2.357459308546976680e-06
5.100491935483870520e+02 1.903697430303785165e-07 2.351808376689339525e-06
5.101741935483870520e+02 1.897063393627613186e-07 2.346170256327413571e-06
5.102991935483870520e+02 1.890452170619452162e-07 2.340544920710165313e-06
5.104241935483870520e+02 1.883863684159192913e-07 2.334932343135342723e-06
5.105491935483870520e+02 1.877297857381571207e-07 2.329332496949419764e-06
5.106741935483870520e+02 1.870754613675340055e-07 2.323745355547429530e-06
5.107991935483870520e+02 1.864233876682468464e-07 2.318170892373031157e-06
5.109241935483870520e+02 1.857735570297322205e-07 2.312609080918341691e-06
5.110491935483870520e+02 1.851259618665857535e-07 2.307059894723882721e-06
5.111741935483870520e+02 1.844805946184815996e-07 2.301523307378587580e-06
5.112991935483870520e+02 1.838374477500916019e-07 2.295999292519633211e-06
5.114241935483870520e+02 1.831965137510057513e-07 2.290487823832466001e-06
5.115491935483870520e+02 1.825577851356520620e-07 2.284988875050638724e-06
5.116741935483870520e+02 1.819212544432168452e-07 2.279502419955819014e-06
5.117991935483870520e+02 1.812869142375654312e-07 2.274028432377727955e-06
5.119241935483870520e+02 1.806547571071627346e-07 2.268566886193981263e-06
5.120491935483870520e+02 1.800247756649947971e-07 2.263117755330143917e-06
5.121741935483870520e+02 1.793969625484898284e-07 2.257681013759576848e-06
5.122991935483870520e+02 1.787713104194398557e-07 2.252256635503382729e-06
5.124241935483870520e+02 1.781478119639225849e-07 2.246844594630397504e-06
5.125491935483870520e+02 1.775264598922230765e-07 2.241444865257051899e-06
5.126741935483870520e+02 1.769072469387566656e-07 2.236057421547315939e-06
5.127991935483870520e+02 1.762901658619911408e-07 2.230682237712697680e-06
5.129241935483870520e+02 1.756752094443693728e-07 2.225319288012095401e-06
5.130491935483870520e+02 1.750623704922328172e-07 2.219968546751779393e-06
5.131741935483870520e+02 1.744516418357439575e-07 2.214629988285298360e-06
5.132991935483870520e+02 1.738430163288107079e-07 2.209303587013425637e-06
5.134241935483870520e+02 1.732364868490093858e-07 2.203989317384124877e-06
5.135491935483870520e+02 1.726320462975091145e-07 2.198687153892391666e-06
5.136741935483870520e+02 1.720296875989959869e-07 2.193397071080311538e-06
5.137991935483870520e+02 1.714294037015969125e-07 2.188119043536892262e-06
5.139241935483870520e+02 1.708311875768049720e-07 2.182853045898018530e-06
5.140491935483870520e+02 1.702350322194041110e-07 2.177599052846446026e-06
5.141741935483870520e+02 1.696409306473939662e-07 2.172357039111662511e-06
5.142991935483870520e+02 1.690488759019156434e-07 2.167126979469852674e-06
5.144241935483870520e+02 1.684588610471765971e-07 2.161908848743831211e-06
5.145491935483870520e+02 1.678708791703773878e-07 2.156702621802976342e-06
5.146741935483870520e+02 1.672849233816368261e-07 2.151508273563156111e-06
5.147991935483870520e+02 1.667009868139190218e-07 2.146325778986664860e-06
5.149241935483870520e+02 1.661190626229591624e-07 2.141155113082180458e-06
5.150491935483870520e+02 1.655391439871903510e-07 2.135996250904665193e-06
5.151741935483870520e+02 1.649612241076711316e-07 2.130849167555286155e-06
5.152991935483870520e+02 1.643852962080120361e-07 2.125713838181424975e-06
5.154241935483870520e+02 1.638113535343031622e-07 2.120590237976527051e-06
5.155491935483870520e+02 1.632393893550419381e-07 2.115478342180082072e-06
5.156741935483870520e+02 1.626693969610604890e-07 2.110378126077547355e-06
5.157991935483870520e+02 1.621013696654543276e-07 2.105289565000282205e-06
5.159241935483870520e+02 1.615353008035101973e-07 2.100212634325475914e-06
5.160491935483870520e+02 1.609711837326348162e-07 2.095147309476087623e-06
5.161741935483870520e+02 1.604090118322835137e-07 2.090093565920804817e-06
5.162991935483870520e+02 1.598487785038886569e-07 2.085051379173912883e-06
5.164241935483870520e+02 1.592904771707900081e-07 2.080020724795290026e-06
5.165491935483870520e+02 1.587341012781629659e-07 2.075001578390336121e-06
5.166741935483870520e+02 1.581796442929487105e-07 2.069993915609869369e-06
5.167991935483870520e+02 1.576270997037840862e-07 2.064997712150093696e-06
5.169241935483870520e+02 1.570764610209309794e-07 2.060012943752523780e-06
