1.408901209677419430e+01 nan nan
1.421401209677419430e+01 2.403803393563916517e-06 2.465170561541426132e-04
1.433901209677419430e+01 1.978730701285433001e-05 6.866200952172680800e-04
1.446401209677419430e+01 5.919894871003650614e-05 1.242156746977824333e-03
1.458901209677419430e+01 1.248070282840149409e-04 1.883241280753140696e-03
1.471401209677419430e+01 2.194248813302388152e-04 2.591736759911293046e-03
1.483901209677419430e+01 3.449943934349060707e-04 3.354911742610892401e-03
1.496401209677419430e+01 5.028313375538625988e-04 4.163111636692548231e-03
1.508901209677419430e+01 6.937743393662615214e-04 5.008655636190481250e-03
1.521401209677419430e+01 9.182851595108398879e-04 5.885231739048426940e-03
1.533901209677419430e+01 1.176520913674819306e-03 6.787530960618541262e-03
1.546401209677419430e+01 1.468388603750088710e-03 7.711010079359160649e-03
1.558901209677419430e+01 1.793587748741177915e-03 8.651729331501078687e-03
1.571401209677419430e+01 2.151644602386556301e-03 9.606236627399353592e-03
1.583901209677419430e+01 2.541940185666979966e-03 1.057148210950096222e-02
1.596401209677419430e+01 2.963733626696759670e-03 1.154475331217779191e-02
1.608901209677419430e+01 3.416181847023874122e-03 1.252362478590173488e-02
1.621401209677419075e+01 3.898356341336575281e-03 1.350591816770672395e-02
1.633901209677419075e+01 4.409257602476730591e-03 1.448966998092529948e-02
1.646401209677419075e+01 4.947827609185535477e-03 1.547310527515383116e-02
1.658901209677419075e+01 5.512960698777730900e-03 1.645461576093167760e-02
1.671401209677419075e+01 6.103513077900019415e-03 1.743274146021868767e-02
1.683901209677419075e+01 6.718311173425087039e-03 1.840615514697408264e-02
1.696401209677419075e+01 7.356158987003134399e-03 1.937364903077622158e-02
1.708901209677419075e+01 8.015844587261190465e-03 2.033412326484260874e-02
1.721401209677419075e+01 8.696145850667006197e-03 2.128657595370767389e-02
1.733901209677419075e+01 9.395835543964982384e-03 2.223009440553250227e-02
1.746401209677419075e+01 1.011368582663505107e-02 2.316384742650859710e-02
1.758901209677419075e+01 1.084847224016546006e-02 2.408707849484095428e-02
1.771401209677419075e+01 1.159897724141970010e-02 2.499909968267069113e-02
1.783901209677419075e+01 1.236399332955626096e-02 2.589928621837277525e-02
1.796401209677419075e+01 1.314232580946430272e-02 2.678707160062426124e-02
1.808901209677419075e+01 1.393279522924816168e-02 2.766194319070644850e-02
1.821401209677419075e+01 1.473423952471490661e-02 2.852343822158309034e-02
1.833901209677419075e+01 1.554551589993216805e-02 2.937114017205502345e-02
1.846401209677419075e+01 1.636550246960820701e-02 3.020467546223520178e-02
1.858901209677419075e+01 1.719309968619706780e-02 3.102371043309814017e-02
1.871401209677419075e+01 1.802723157216513591e-02 3.182794857822882767e-02
1.883901209677419075e+01 1.886684677572784963e-02 3.261712800035468374e-02
1.896401209677419075e+01 1.971091946648859464e-02 3.339101906896518174e-02
1.908901209677419075e+01 2.055845008578991925e-02 3.414942225844884438e-02
1.921401209677419075e+01 2.140846596514055233e-02 3.489216614881234663e-02
1.933901209677419075e+01 2.226002182481868000e-02 3.561910557328222537e-02
1.946401209677419075e+01 2.311220016362261140e-02 3.633011989899243011e-02
1.958901209677419075e+01 2.396411154973476440e-02 3.702511142859010035e-02
1.971401209677419075e+01 2.481489482177961017e-02 3.770400391199129481e-02
1.983901209677419075e+01 2.566371720834526027e-02 3.836674115872430041e-02
1.996401209677419075e+01 2.650977437352969660e-02 3.901328574234416702e-02
2.008901209677419075e+01 2.735229039541516374e-02 3.964361778930910324e-02
2.021401209677419075e+01 2.819051768379852649e-02 4.025773384550138806e-02
2.033901209677419075e+01 2.902373684297361589e-02 4.085564581426836400e-02
2.046401209677419075e+01 2.985125648488256081e-02 4.143737996046619604e-02
2.058901209677419075e+01 3.067241299751852571e-02 4.200297597552479778e-02
2.071401209677419075e+01 3.148657027306574208e-02 4.255248609902430312e-02
2.083901209677419075e+01 3.229311939990302943e-02 4.308597429269200862e-02
2.096401209677419075e+01 3.309147832226456282e-02 4.360351546309955417e-02
2.108901209677419075e+01 3.388109147105292096e-02 4.410519472967110166e-02
2.121401209677419075e+01 3.466142936902132793e-02 4.459110673490745969e-02
2.133901209677419075e+01 3.543198821328377018e-02 4.506135499399537697e-02
2.146401209677419075e+01 3.619228943789124658e-02 4.551605128120714272e-02
2.158901209677419075e+01 3.694187925898408109e-02 4.595531505070830913e-02
2.171401209677419075e+01 3.768032820483720874e-02 4.637927288958227506e-02
2.183901209677419075e+01 3.840723063294031875e-02 4.678805800105347718e-02
2.196401209677419075e+01 3.912220423607749159e-02 4.718180971604613722e-02
2.208901209677419075e+01 3.982488953921821395e-02 4.756067303135766422e-02
2.221401209677419075e+01 4.051494938889174668e-02 4.792479817285329874e-02
2.233901209677419075e+01 4.119206843658316380e-02 4.827434018220565226e-02
2.246401209677419075e+01 4.185595261755948454e-02 4.860945852580837723e-02
2.258901209677419075e+01 4.250632862643432403e-02 4.893031672459113163e-02
2.271401209677419075e+01 4.314294339065662121e-02 4.923708200354980080e-02
2.283901209677419075e+01 4.376556354302908736e-02 4.952992495988883803e-02
2.296401209677419075e+01 4.437397489425883024e-02 4.980901924874540226e-02
2.308901209677419075e+01 4.496798190645939081e-02 5.007454128553363165e-02
2.321401209677419075e+01 4.554740716845252779e-02 5.032666996401040371e-02
2.333901209677419075e+01 4.611209087363976611e-02 5.056558638922107468e-02
2.346401209677419075e+01 4.666189030114312186e-02 5.079147362453695358e-02
2.358901209677419075e+01 4.719667930086187541e-02 5.100451645204587270e-02
2.371401209677419075e+01 4.771634778302170227e-02 5.120490114560200673e-02
2.383901209677419075e+01 4.822080121274795184e-02 5.139281525588321187e-02
2.396401209677419075e+01 4.870996011013683374e-02 5.156844740684362466e-02
2.408901209677419075e+01 4.892883272500363895e-02 5.173198710298448216e-02
2.421401209677419075e+01 4.909590775452070399e-02 5.188362454690031295e-02
2.433901209677419075e+01 4.925196862367663825e-02 5.202355046658867915e-02
2.446401209677419075e+01 4.939717944383131831e-02 5.215195595204039081e-02
2.458901209677419075e+01 4.953170495118917188e-02 5.226903230065473721e-02
2.471401209677419075e+01 4.965571036709606756e-02 5.237497087104873994e-02
2.483901209677419075e+01 4.976936126548987122e-02 5.246996294485363477e-02
2.496401209677419075e+01 4.987282344716829907e-02 5.255419959611346004e-02
2.508901209677419075e+01 4.996626282055547513e-02 5.262787156792141097e-02
2.521401209677419075e+01 5.004984528866496946e-02 5.275265959856803577e-02
2.533901209677419075e+01 5.012373664197332379e-02 5.307215776117375078e-02
2.546401209677419075e+01 5.018810245693302446e-02 5.337640901666204640e-02
2.558901209677419075e+01 5.024310799986646259e-02 5.366548722354647777e-02
2.571401209677419075e+01 5.028891813599731947e-02 5.393947504715120023e-02
2.583901209677419075e+01 5.032569724338612632e-02 5.419846357412527738e-02
2.596401209677419075e+01 5.035360913154971613e-02 5.444255193548248883e-02
2.608901209677419075e+01 5.037281696455379876e-02 5.467184693818299274e-02
2.621401209677419075e+01 5.038348318837976292e-02 5.488646270524556725e-02
2.633901209677419075e+01 5.038576946237444121e-02 5.508652032435938650e-02
2.646401209677419075e+01 5.037983659460196911e-02 5.527214750498023882e-02
2.658901209677419075e+01 5.036584448092518151e-02 5.544347824385860435e-02
2.671401209677419075e+01 5.034395204765160226e-02 5.560065249894374090e-02
2.683901209677419075e+01 5.031431719758756166e-02 5.574381587162149237e-02
2.696401209677419075e+01 5.027709675934994432e-02 5.587311929719317172e-02
2.708901209677419075e+01 5.023244643979328516e-02 5.598871874354627298e-02
2.721401209677419075e+01 5.018052077941553141e-02 5.609077491791329001e-02
2.733901209677419075e+01 5.012147311061203314e-02 5.617945298164407630e-02
2.746401209677419075e+01 5.005545551865354936e-02 5.625492227289718983e-02
2.758901209677419075e+01 4.998261880526885109e-02 5.631735603714699279e-02
2.771401209677419075e+01 4.990311245471872742e-02 5.636693116541070803e-02
2.783901209677419075e+01 4.981708460225225954e-02 5.640382794008289707e-02
2.796401209677419075e+01 4.972468200484114059e-02 5.642822978827734259e-02
2.808901209677419075e+01 4.962605001409325228e-02 5.644032304255539728e-02
2.821401209677419075e+01 4.952133255124921418e-02 5.644029670892677930e-02
2.833901209677419075e+01 4.941067208417149886e-02 5.642834224200776044e-02
2.846401209677419075e+01 4.929420960623834280e-02 5.640465332722405245e-02
2.858901209677419075e+01 4.917208461705894346e-02 5.636942566992016873e-02
2.871401209677419075e+01 4.904443510492983993e-02 5.632285679126371875e-02
2.883901209677419075e+01 4.891139753095558040e-02 5.626514583083133680e-02
2.896401209677419075e+01 4.877310681475999221e-02 5.619649335572669824e-02
2.908901209677419075e+01 4.862969632171781909e-02 5.611710117612511012e-02
2.921401209677419075e+01 4.848129785163891176e-02 5.602717216711599474e-02
2.933901209677419075e+01 4.832804162883990590e-02 5.592691009671035135e-02
2.946401209677419075e+01 4.817005629354131901e-02 5.581651945989516556e-02
2.958901209677419075e+01 4.800746889453082894e-02 5.569620531860351720e-02
2.971401209677419075e+01 4.784040488303441946e-02 5.556617314747644421e-02
2.983901209677419075e+01 4.766898810774169298e-02 5.542662868529853182e-02
2.996401209677419075e+01 4.749334081093151139e-02 5.527777779196804686e-02
3.008901209677419075e+01 4.731358362564818537e-02 5.511982631089292622e-02
3.021401209677419075e+01 4.712983557387923766e-02 5.495297993667772746e-02
3.033901209677419075e+01 4.694221406568786087e-02 5.477744408799328085e-02
3.046401209677419075e+01 4.675083489925613983e-02 5.459342378548988350e-02
3.058901209677419075e+01 4.655581226179474758e-02 5.440112353465206829e-02
3.071401209677419075e+01 4.635725873127916757e-02 5.420074721346159613e-02
3.083901209677419075e+01 4.615528527897197475e-02 5.399249796476703056e-02
3.096401209677419075e+01 4.595000127269284473e-02 5.377657809321594734e-02
3.108901209677419075e+01 4.574151448080078508e-02 5.355318896668027906e-02
3.121401209677419075e+01 4.552993107685239516e-02 5.332253092200986422e-02
3.133901209677419075e+01 4.531535564490261903e-02 5.308480317503837254e-02
3.146401209677419075e+01 4.509789118541603775e-02 5.284020373472186199e-02
3.158901209677419075e+01 4.487763912175701114e-02 5.258892932128972353e-02
3.171401209677419075e+01 4.465469930722896358e-02 5.233117528832065268e-02
3.183901209677419075e+01 4.442917003263395503e-02 5.206713554861754772e-02
3.196401209677419075e+01 4.420114803432489969e-02 5.179700250379710991e-02
3.208901209677419075e+01 4.397072850272427946e-02 5.152096697747206994e-02
3.221401209677419075e+01 4.373800509128281805e-02 5.123921815194541068e-02
3.233901209677419075e+01 4.350306992585487725e-02 5.095194350829811841e-02
3.246401209677419075e+01 4.326601361446623384e-02 5.065932876978782029e-02
3.258901209677419075e+01 4.302692525745172025e-02 5.036155784846042122e-02
3.271401209677419075e+01 4.278589245794098272e-02 5.005881279487030266e-02
3.283901209677419075e+01 4.254300133267202577e-02 4.975127375083666231e-02
3.296401209677419075e+01 4.229833652311132397e-02 4.943911890512100310e-02
3.308901209677419075e+01 4.205198120686275826e-02 4.912252445195967876e-02
3.321401209677419075e+01 4.180401710934522619e-02 4.880166455235616929e-02
3.333901209677419075e+01 4.155452451572264061e-02 4.847671129803809292e-02
3.346401209677419075e+01 4.130358228306819229e-02 4.814783467801694861e-02
3.358901209677419075e+01 4.105126785274711837e-02 4.781520254764648481e-02
3.371401209677419075e+01 4.079765726300180195e-02 4.747898060011749438e-02
3.383901209677419075e+01 4.054282516172438844e-02 4.713933234029672042e-02
3.396401209677419075e+01 4.028684481940243006e-02 4.679641906084539699e-02
3.408901209677419075e+01 4.002978814222339643e-02 4.645039982053758565e-02
3.421401209677419075e+01 3.977172568532469366e-02 4.610143142469626948e-02
3.433901209677419075e+01 3.951272666617688251e-02 4.574966840769285198e-02
3.446401209677419075e+01 3.925285897808709207e-02 4.539526301742596859e-02
3.458901209677419075e+01 3.899218920381133935e-02 4.503836520172040114e-02
3.471401209677419075e+01 3.873078262926405585e-02 4.467912259656788010e-02
3.483901209677419075e+01 3.846870325731450990e-02 4.431768051615463111e-02
3.496401209677419075e+01 3.820601382165897397e-02 4.395418194461488820e-02
3.508901209677419075e+01 3.794277580075956779e-02 4.358876752943380978e-02
3.521401209677419075e+01 3.767904943183930655e-02 4.322157557644777659e-02
3.533901209677419075e+01 3.741489372492482618e-02 4.285274204638779560e-02
3.546401209677419075e+01 3.715036647692791100e-02 4.248240055290112421e-02
3.558901209677419075e+01 3.688552428575724712e-02 4.211068236198667325e-02
3.571401209677419075e+01 3.662042256445256772e-02 4.173771639281323442e-02
3.583901209677419075e+01 3.635511555533329359e-02 4.136362921984748642e-02
3.596401209677419075e+01 3.608965634415449431e-02 4.098854507623698323e-02
3.608901209677419075e+01 3.582409687426325179e-02 4.061258585841487356e-02
3.621401209677419075e+01 3.555848796074815438e-02 4.023587113186173625e-02
3.633901209677419075e+01 3.529287930457630784e-02 3.985851813798291232e-02
3.646401209677419075e+01 3.502731950671100075e-02 3.948064180205317769e-02
3.658901209677419075e+01 3.476185608220464657e-02 3.910235474218126672e-02
3.671401209677419075e+01 3.449653547426109051e-02 3.872376727925275208e-02
3.683901209677419075e+01 3.423140306826225748e-02 3.834498744780261148e-02
3.696401209677419075e+01 3.396650320575359677e-02 3.796612100778799098e-02
3.708901209677419075e+01 3.370187919838428525e-02 3.758727145720386353e-02
3.721401209677419075e+01 3.343757334179652679e-02 3.720854004550906702e-02
3.733901209677419075e+01 3.317362692946044384e-02 3.683002578783255848e-02
3.746401209677419075e+01 3.291008026644994672e-02 3.645182547990508809e-02
3.758901209677419075e+01 3.264697268315563256e-02 3.607403371369141687e-02
3.771401209677419075e+01 3.238434254893119563e-02 3.569674289369584308e-02
3.783901209677419075e+01 3.212222728566934554e-02 3.532004325387471527e-02
3.796401209677419075e+01 3.186066338130442988e-02 3.494402287516740202e-02
3.808901209677419075e+01 3.159968640323788241e-02 3.456876770357544815e-02
3.821401209677419075e+01 3.133933101168386026e-02 3.419436156877479066e-02
3.833901209677419075e+01 3.107963097293257523e-02 3.382088620322994815e-02
3.846401209677419075e+01 3.082061917252716665e-02 3.344842126178575181e-02
3.858901209677419075e+01 3.056232762835365407e-02 3.307704434169257690e-02
3.871401209677419075e+01 3.030478750363953602e-02 3.270683100304627722e-02
3.883901209677419075e+01 3.004802911986043101e-02 3.233785478962635657e-02
3.896401209677419075e+01 2.979208196955099655e-02 3.197824132504393374e-02
3.908901209677419075e+01 2.953697472901979301e-02 3.162445327430208480e-02
3.921401209677419075e+01 2.928273527096501849e-02 3.127204694940977775e-02
3.933901209677419075e+01 2.902939067698973030e-02 3.092108208771541730e-02
3.946401209677419075e+01 2.877696725001510983e-02 3.057161664570752155e-02
3.958901209677419075e+01 2.852549052658992154e-02 3.022370682260201030e-02
3.971401209677419075e+01 2.827498528909511491e-02 2.987740708404236153e-02
3.983901209677419075e+01 2.802547557784196286e-02 2.953277018589930622e-02
3.996401209677419075e+01 2.777698470306261269e-02 2.918984719814805839e-02
4.008901209677419075e+01 2.752953525679200167e-02 2.884868752881039611e-02
4.021401209677419075e+01 2.728314912464021094e-02 2.850933894794342727e-02
4.033901209677419075e+01 2.703784749745390820e-02 2.817184761166053805e-02
4.046401209677419075e+01 2.679365088286679575e-02 2.783625808617139555e-02
4.058901209677419075e+01 2.655057911673758264e-02 2.750261337182369203e-02
4.071401209677419075e+01 2.630865137447507482e-02 2.717095492713742649e-02
4.083901209677419075e+01 2.606788618225003989e-02 2.684132269281315833e-02
4.096401209677419075e+01 2.582830142809287854e-02 2.651375511570950444e-02
4.108901209677419075e+01 2.558991437287707824e-02 2.618828917276982970e-02
4.121401209677419075e+01 2.535274166118745010e-02 2.586496039489508819e-02
4.133901209677419075e+01 2.511679933207407525e-02 2.554380289074209553e-02
4.146401209677419075e+01 2.488210282968984083e-02 2.522929332212261316e-02
4.158901209677419075e+01 2.464866701381318581e-02 2.498228451719062757e-02
4.171401209677419075e+01 2.433364584266419980e-02 2.473670698230549803e-02
4.183901209677419075e+01 2.401157392115288447e-02 2.449257452283214870e-02
4.196401209677419075e+01 2.369198856734209754e-02 2.424990035333837377e-02
4.208901209677419075e+01 2.337491895540789316e-02 2.400869710849212746e-02
4.221401209677419075e+01 2.306039287477764863e-02 2.376897685383190170e-02
4.233901209677419075e+01 2.274843675386761105e-02 2.353075109641032323e-02
4.246401209677419075e+01 2.243907568372615832e-02 2.329403079531153567e-02
4.258901209677419075e+01 2.213233344157643917e-02 2.305882637204212729e-02
4.271401209677419075e+01 2.182823251424619720e-02 2.282514772079579160e-02
4.283901209677419075e+01 2.152679412147948459e-02 2.259300421859322325e-02
4.296401209677419075e+01 2.122803823912576549e-02 2.236240473529599315e-02
4.308901209677419075e+01 2.093198362219022765e-02 2.213335764349611337e-02
4.321401209677419075e+01 2.063864782774569098e-02 2.190587082828104534e-02
4.333901209677419075e+01 2.034804723770388887e-02 2.167995169687494603e-02
4.346401209677419075e+01 2.006019708142492072e-02 2.145560718815708520e-02
4.358901209677419075e+01 1.977511145817419103e-02 2.123284378205656311e-02
4.371401209677419075e+01 1.949280335941006373e-02 2.101166750882597911e-02
4.383901209677419075e+01 1.921328469090633276e-02 2.079208395819278146e-02
4.396401209677419075e+01 1.893656629470267042e-02 2.057409828839033838e-02
4.408901209677419075e+01 1.866265797085863223e-02 2.035771523506813008e-02
4.421401209677419075e+01 1.839156849905224794e-02 2.014293912008334117e-02
4.433901209677419075e+01 1.812330565996309734e-02 1.992977386017291686e-02
4.446401209677419075e+01 1.785787625647825699e-02 1.971822297550799435e-02
4.458901209677419075e+01 1.759528613470037750e-02 1.950828959813068544e-02
4.471401209677419075e+01 1.733554020475793281e-02 1.929997648027506965e-02
4.483901209677419075e+01 1.707864246140217840e-02 1.909328600257176323e-02
4.496401209677419075e+01 1.682459600441817832e-02 1.889425709783347160e-02
4.508901209677419075e+01 1.657340305880763628e-02 1.869730519650219733e-02
4.521401209677419075e+01 1.632506499477555731e-02 1.850193539233705234e-02
4.533901209677419075e+01 1.607958234749251245e-02 1.830814724883461295e-02
4.546401209677419075e+01 1.583695483665858994e-02 1.811594003289163785e-02
4.558901209677419075e+01 1.559718138582502633e-02 1.792531272211678878e-02
4.571401209677419075e+01 1.536026014151969064e-02 1.773626401202457042e-02
4.583901209677419075e+01 1.512618849214019019e-02 1.754879232311245749e-02
4.596401209677419075e+01 1.489496308662585818e-02 1.736289580782301306e-02
4.608901209677419075e+01 1.466657985291207507e-02 1.717857235739138691e-02
4.621401209677419075e+01 1.444103401614895039e-02 1.699581960858035853e-02
4.633901209677419075e+01 1.421832011670854171e-02 1.681463495030332406e-02
4.646401209677419075e+01 1.399843202795306510e-02 1.663501553013711082e-02
4.658901209677419075e+01 1.378136297378338045e-02 1.645695826072551826e-02
4.671401209677419075e+01 1.356710554595570196e-02 1.628045982607471270e-02
4.683901209677419075e+01 1.335565172117440455e-02 1.610568716252120877e-02
4.696401209677419075e+01 1.314699287795140052e-02 1.593376746472245295e-02
4.708901209677419075e+01 1.294111981324142478e-02 1.576332317789237714e-02
4.721401209677419075e+01 1.273802275884594604e-02 1.559435192728799054e-02
4.733901209677419075e+01 1.253769139759151018e-02 1.542685111821997732e-02
4.746401209677419075e+01 1.234011487927202423e-02 1.526081794161096225e-02
4.758901209677419075e+01 1.214528183637490939e-02 1.509624937946565763e-02
4.771401209677419075e+01 1.195318039956530520e-02 1.493314221025425319e-02
4.783901209677419075e+01 1.176379821295708838e-02 1.477149301421057728e-02
4.796401209677419075e+01 1.157712244914560137e-02 1.461129817854452291e-02
4.808901209677419075e+01 1.139313982402273898e-02 1.445255390257087734e-02
4.821401209677419075e+01 1.121183661136051363e-02 1.429525620275510188e-02
4.833901209677419075e+01 1.103319865716907017e-02 1.413940091767645901e-02
4.846401209677419075e+01 1.085721139384138514e-02 1.398498371291023550e-02
4.858901209677419075e+01 1.068385985406061257e-02 1.383200008582904580e-02
4.871401209677419075e+01 1.051312868449854297e-02 1.368044537032503741e-02
4.883901209677419075e+01 1.034500215928410051e-02 1.353031474145331529e-02
4.896401209677419075e+01 1.017946419325583239e-02 1.338160321999709405e-02
4.908901209677419075e+01 1.001649835499451857e-02 1.323430567695677885e-02
4.921401209677419075e+01 9.856087879649920100e-03 1.308841683796244798e-02
4.933901209677419075e+01 9.698215681528081847e-03 1.294393128761134500e-02
4.946401209677419075e+01 9.542864366488667399e-03 1.280084347373156885e-02
4.958901209677419075e+01 9.390016244113334742e-03 1.265914771157148309e-02
4.971401209677419075e+01 9.239653339675597127e-03 1.251883818791763026e-02
4.983901209677419075e+01 9.091757405882567797e-03 1.237990896514043135e-02
4.996401209677419075e+01 8.946309934430770119e-03 1.224235398516942443e-02
5.008901209677419075e+01 8.803292167337746846e-03 1.210616707339833183e-02
5.021401209677419075e+01 8.662685108076882343e-03 1.197134194252140633e-02
5.033901209677419075e+01 8.524469532504739752e-03 1.183787219630139803e-02
5.046401209677419075e+01 8.388625999590410692e-03 1.170575133327029713e-02
5.058901209677419075e+01 8.255134861947678940e-03 1.157497275036363862e-02
5.071401209677419075e+01 8.123976276152850354e-03 1.144552974648900198e-02
5.083901209677419075e+01 7.995130212892437652e-03 1.131741552602970324e-02
5.096401209677419075e+01 7.868576466894788846e-03 1.119062320228514547e-02
5.108901209677419075e+01 7.744294666670873545e-03 1.106514580084643797e-02
5.121401209677419075e+01 7.622264284081655891e-03 1.094097626291195939e-02
5.133901209677419075e+01 7.502464643698609527e-03 1.081810744853933803e-02
5.146401209677419075e+01 7.384874931981346736e-03 1.069653213983751648e-02
5.158901209677419075e+01 7.269474206274933493e-03 1.057624304409973855e-02
5.171401209677419075e+01 7.156241403622201451e-03 1.045723279687558668e-02
5.183901209677419075e+01 7.045155349396137884e-03 1.033949396498640323e-02
5.196401209677419075e+01 6.936194765738541712e-03 1.022301904948220812e-02
5.208901209677419075e+01 6.829338279855624687e-03 1.010780048854227620e-02
5.221401209677419075e+01 6.724564432097190209e-03 9.993830660319429765e-03
5.233901209677419075e+01 6.621851683893441656e-03 9.881101885729231052e-03
5.246401209677419075e+01 6.521178425505522180e-03 9.769606431185025308e-03
5.258901209677419075e+01 6.422522983613524784e-03 9.659336511278449403e-03
5.271401209677419075e+01 6.325863628734822164e-03 9.550284291408004528e-03
5.283901209677419075e+01 6.231178582472664262e-03 9.442441890354553308e-03
5.296401209677419075e+01 6.138446024611856483e-03 9.335801382805779605e-03
5.308901209677419075e+01 6.047644100047260864e-03 9.230354801829663072e-03
5.321401209677419075e+01 5.958750925552326258e-03 9.126094141298161933e-03
5.333901209677419075e+01 5.871744596392211579e-03 9.023011358261046749e-03
5.346401209677419075e+01 5.786603192783228156e-03 8.921098375271977257e-03
5.358901209677419075e+01 5.703304786198785080e-03 8.820347082665659991e-03
5.371401209677419075e+01 5.621827445524744081e-03 8.720749340788437262e-03
5.383901209677419075e+01 5.542149243061280858e-03 8.622296982182139219e-03
5.396401209677419075e+01 5.464248260384838365e-03 8.524981813722153079e-03
5.408901209677419075e+01 5.388102594060543461e-03 8.428795618709929854e-03
5.421401209677419075e+01 5.313690361218477258e-03 8.333730158921580020e-03
5.433901209677419075e+01 5.240989704976032129e-03 8.239777176612282303e-03
5.446401209677419075e+01 5.169978799733792631e-03 8.146928396477182144e-03
5.458901209677419075e+01 5.100635856334371533e-03 8.055175527570474642e-03
5.471401209677419075e+01 5.032939127069572909e-03 7.964510265181684937e-03
5.483901209677419075e+01 4.966866910581777851e-03 7.874924292671503512e-03
5.496401209677419075e+01 4.902397556613472505e-03 7.786409283266465184e-03
5.508901209677419075e+01 4.839509470632058150e-03 7.698956901813574193e-03
5.521401209677419075e+01 4.778181118334921991e-03 7.612558806495794798e-03
5.533901209677419075e+01 4.718391030016110856e-03 7.527206650508501927e-03
5.546401209677419075e+01 4.660117804830155724e-03 7.442892083697865910e-03
5.558901209677419075e+01 4.603340114911882129e-03 7.359606754161381222e-03
5.571401209677419075e+01 4.548036709389917560e-03 7.277342309811750051e-03
5.583901209677419075e+01 4.494186418281934971e-03 7.196090399903875244e-03
5.596401209677419075e+01 4.441768156273296839e-03 7.115842676526237635e-03
5.608901209677419075e+01 4.390760926372415905e-03 7.036590796057157378e-03
5.621401209677419075e+01 4.341143823476337031e-03 6.958326420585614000e-03
5.633901209677419075e+01 4.292896037799684428e-03 6.881041219298823092e-03
5.646401209677419075e+01 4.245996858214905537e-03 6.804726869835177501e-03
5.658901209677419075e+01 4.200425675473343744e-03 6.729375059605122167e-03
5.671401209677419075e+01 4.156161985336097667e-03 6.654977487078320673e-03
5.683901209677419075e+01 4.113185391583808019e-03 6.581525863040055616e-03
5.696401209677419075e+01 4.071475608939646718e-03 6.509011911814818405e-03
5.708901209677419075e+01 4.031012465883421735e-03 6.437427372459852797e-03
5.721401209677419075e+01 3.991775907375237804e-03 6.366763999928117847e-03
5.733901209677419075e+01 3.953745997479134709e-03 6.297013566200560138e-03
5.746401209677419075e+01 3.916902921892648909e-03 6.228167861389650312e-03
5.758901209677419075e+01 3.881226990377349348e-03 6.160218694813528184e-03
5.771401209677419075e+01 3.846698639116762942e-03 6.093157896042195390e-03
5.783901209677419075e+01 3.813298432967213419e-03 6.026977315914701719e-03
5.796401209677419075e+01 3.781007067617343006e-03 5.961668827529833549e-03
5.808901209677419075e+01 3.749805371687213278e-03 5.897224327208788232e-03
5.821401209677419075e+01 3.719674308713814999e-03 5.833635735431906555e-03
5.833901209677419075e+01 3.690594979068958018e-03 5.770894997749311493e-03
5.846401209677419075e+01 3.662548621792886989e-03 5.709237642424401689e-03
5.858901209677419075e+01 3.635516616348282836e-03 5.648405307943184413e-03
5.871401209677419075e+01 3.609480484292992841e-03 5.588386387438736350e-03
5.883901209677419075e+01 3.584421890879443962e-03 5.529172768232332516e-03
5.896401209677419075e+01 3.560322646573007687e-03 5.470756376619981091e-03
5.908901209677419075e+01 3.537164708506422561e-03 5.413129178460779171e-03
5.921401209677419075e+01 3.514930181852937100e-03 5.356283179743202838e-03
5.933901209677419075e+01 3.493601321125214786e-03 5.300210427130100897e-03
5.946401209677419075e+01 3.473160531420994325e-03 5.244903008482427846e-03
5.958901209677419075e+01 3.453590369581420461e-03 5.190353053362134136e-03
5.971401209677419075e+01 3.429325121819206193e-03 5.136552733515211203e-03
5.983901209677419075e+01 3.403738715975485832e-03 5.083494263334418541e-03
5.996401209677419075e+01 3.378999072122751499e-03 5.031169900302842959e-03
6.008901209677419075e+01 3.355091158958193546e-03 4.979571945418304751e-03
6.021401209677419075e+01 3.332000075702641097e-03 4.928692743599164157e-03
6.033901209677419075e+01 3.309711052741002007e-03 4.878524684071747566e-03
6.046401209677419075e+01 3.288209452219429275e-03 4.829060200739909541e-03
6.058901209677419075e+01 3.267480768589514639e-03 4.780291772537275351e-03
6.071401209677419075e+01 3.247510629111423873e-03 4.732211923761956741e-03
6.083901209677419075e+01 3.228284794306857802e-03 4.684813224394810370e-03
6.096401209677419075e+01 3.209789158371984148e-03 4.638088290401042903e-03
6.108901209677419075e+01 3.192009749544718819e-03 4.592029784015939919e-03
6.121401209677419075e+01 3.174932730429051112e-03 4.546630414014612813e-03
6.133901209677419075e+01 3.158544398282413668e-03 4.501882935966569459e-03
6.146401209677419075e+01 3.142831185257207588e-03 4.457780152475112993e-03
6.158901209677419075e+01 3.127779658607769686e-03 4.414314913401967688e-03
6.171401209677419075e+01 3.113376520855892868e-03 4.371480116077691366e-03
6.183901209677419075e+01 3.099608609921469457e-03 4.329268705497660123e-03
6.196401209677419075e+01 3.086462899214464060e-03 4.287673674504626289e-03
6.208901209677419075e+01 3.073926497692328584e-03 4.246688063957658812e-03
6.221401209677419075e+01 3.061986649884210297e-03 4.206304962887765300e-03
6.233901209677419075e+01 3.050630735877644766e-03 4.166517508640925176e-03
6.246401209677419075e+01 3.039846271277614215e-03 4.127318887008348328e-03
6.258901209677419075e+01 3.029620907127760290e-03 4.088702332344541258e-03
6.271401209677419075e+01 3.019942429805281062e-03 4.050661127673287412e-03
6.283901209677419075e+01 3.010798760882993190e-03 4.013188604781929396e-03
6.296401209677419075e+01 3.002177956961198189e-03 3.976278144304347742e-03
6.308901209677419075e+01 2.994068209472958413e-03 3.939923175792385546e-03
6.321401209677419075e+01 2.986457844459366236e-03 3.904117177776843077e-03
6.333901209677419075e+01 2.979335322319450266e-03 3.868853677817339371e-03
6.346401209677419075e+01 2.972689237530933871e-03 3.834126252542172705e-03
6.358901209677419075e+01 2.966508318347366776e-03 3.799928527677637856e-03
6.371401209677419075e+01 2.960781426470824370e-03 3.766254178067831443e-03
6.383901209677419075e+01 2.955497556696835837e-03 3.733117955460780579e-03
6.396401209677419075e+01 2.950645836540198227e-03 3.700734643168251091e-03
6.408901209677419786e+01 2.946215525833401853e-03 3.668866848949068823e-03
6.421401209677419786e+01 2.942196016307167643e-03 3.637508333630822856e-03
6.433901209677419786e+01 2.938576831145147100e-03 3.606652903630661305e-03
6.446401209677419786e+01 2.935347624521701324e-03 3.576294411033274084e-03
6.458901209677419786e+01 2.932498181115774250e-03 3.546426753657999382e-03
6.471401209677419786e+01 2.930018415607563501e-03 3.517043875116821969e-03
6.483901209677419786e+01 2.927898372155527274e-03 3.488139764862964974e-03
6.496401209677419786e+01 2.926128223853993564e-03 3.459708458229987949e-03
6.508901209677419786e+01 2.924698272174282559e-03 3.431744036462715686e-03
6.521401209677419786e+01 2.923598946387708994e-03 3.404240626738356309e-03
6.533901209677419786e+01 2.922820802972406033e-03 3.377192402179815707e-03
6.546401209677419786e+01 2.922354525003607699e-03 3.350593581860332720e-03
6.558901209677419786e+01 2.922190921527720742e-03 3.324438430800279436e-03
6.571401209677419786e+01 2.922320926923867041e-03 3.298721259955264464e-03
6.583901209677419786e+01 2.922735600247178440e-03 3.273436426197469471e-03
6.596401209677419786e+01 2.923426124561902262e-03 3.251510765494025363e-03
6.608901209677419786e+01 2.924383806257830048e-03 3.257123369446670528e-03
6.621401209677419786e+01 2.925600074355977961e-03 3.262909983402716499e-03
6.633901209677419786e+01 2.927066479801241575e-03 3.268861675949601489e-03
6.646401209677419786e+01 2.928774694741275667e-03 3.274969660505258964e-03
6.658901209677419786e+01 2.930716511797241616e-03 3.281225294378396686e-03
6.671401209677419786e+01 2.931835727992324666e-03 3.287620077860926686e-03
6.683901209677419786e+01 2.912408714119258963e-03 3.294145653263674117e-03
6.696401209677419786e+01 2.893369098325141234e-03 3.300793803970910028e-03
6.708901209677419786e+01 2.874711286924936347e-03 3.307556453464753285e-03
6.721401209677419786e+01 2.856429736984274562e-03 3.314425664347319528e-03
6.733901209677419786e+01 2.838518956187223528e-03 3.321393637341301004e-03
6.746401209677419786e+01 2.820973502698650992e-03 3.328452710291990128e-03
6.758901209677419786e+01 2.803787985021265802e-03 3.335595357152154432e-03
6.771401209677419786e+01 2.786957061846156731e-03 3.342814186948106676e-03
6.783901209677419786e+01 2.770475441899320195e-03 3.350101942758788431e-03
6.796401209677419786e+01 2.754337883781064755e-03 3.357451500664872419e-03
6.808901209677419786e+01 2.738539195802800526e-03 3.364855868697386090e-03
6.821401209677419786e+01 2.723074235816086083e-03 3.372308185781822294e-03
6.833901209677419786e+01 2.707937911039395504e-03 3.379801720667108874e-03
6.846401209677419786e+01 2.693125177878495126e-03 3.387329870853062093e-03
6.858901209677419786e+01 2.678631041743230728e-03 3.394886161510019939e-03
6.871401209677419786e+01 2.664450556859565035e-03 3.402464244385074686e-03
6.883901209677419786e+01 2.650578826077518244e-03 3.410057896722869328e-03
6.896401209677419786e+01 2.637011000674700616e-03 3.417661020146406034e-03
6.908901209677419786e+01 2.623742280156365209e-03 3.425267639572836600e-03
6.921401209677419786e+01 2.610767912051263021e-03 3.432871902089300060e-03
6.933901209677419786e+01 2.598083191703782352e-03 3.440468075853251109e-03
6.946401209677419786e+01 2.585683462062209319e-03 3.448050548955460329e-03
6.958901209677419786e+01 2.573564113464729772e-03 3.455613828327732100e-03
6.971401209677419786e+01 2.561720583420046618e-03 3.463152538585749941e-03
6.983901209677419786e+01 2.550148356386743812e-03 3.470661420931037307e-03
6.996401209677419786e+01 2.538842963547942311e-03 3.478135332002053274e-03
7.008901209677419786e+01 2.527799982584288951e-03 3.485569242749781641e-03
7.021401209677419786e+01 2.517015037442353088e-03 3.492958237302108519e-03
7.033901209677419786e+01 2.506483798102246072e-03 3.500297511828361682e-03
7.046401209677419786e+01 2.496201980341034455e-03 3.507582373401663296e-03
7.058901209677419786e+01 2.486165345493438796e-03 3.514808238859132902e-03
7.071401209677419786e+01 2.476369700211714965e-03 3.521970633665918917e-03
7.083901209677419786e+01 2.466810896220971404e-03 3.529065190773500362e-03
7.096401209677419786e+01 2.457484830073916951e-03 3.536087649480264966e-03
7.108901209677419786e+01 2.448387442902183464e-03 3.543033854292000108e-03
7.121401209677419786e+01 2.439514720166266297e-03 3.549899753779000612e-03
7.133901209677419786e+01 2.430862691403287701e-03 3.556681399448099502e-03
7.146401209677419786e+01 2.422427429972630417e-03 3.563374944589180974e-03
7.158901209677419786e+01 2.414205052799730297e-03 3.569976643145216216e-03
7.171401209677419786e+01 2.406191720118471596e-03 3.576482848587650420e-03
7.183901209677419786e+01 2.398383635211418646e-03 3.582890012756772234e-03
7.196401209677419786e+01 2.390777044148829737e-03 3.589194684758188498e-03
7.208901209677419786e+01 2.383368235526102819e-03 3.595393509805388122e-03
7.221401209677419786e+01 2.376153540199376756e-03 3.601483228113722731e-03
7.233901209677419786e+01 2.369129331020439558e-03 3.607460673758922619e-03
7.246401209677419786e+01 2.362292022569711068e-03 3.613322773565449085e-03
7.258901209677419786e+01 2.355638070888688759e-03 3.619066545972581591e-03
7.271401209677419786e+01 2.349163973210741628e-03 3.624689099937136207e-03
7.283901209677419786e+01 2.342866267690783474e-03 3.630187633792868445e-03
7.296401209677419786e+01 2.336741533134771825e-03 3.635559434160175706e-03
7.308901209677419786e+01 2.330786388726932643e-03 3.640801874832635086e-03
7.321401209677419786e+01 2.324997493757593060e-03 3.645912415671550416e-03
7.333901209677419786e+01 2.319371547349216058e-03 3.650888601501008860e-03
7.346401209677419786e+01 2.311948657939722103e-03 3.655728061028288341e-03
7.358901209677419786e+01 2.303652656151792405e-03 3.660428505733518724e-03
7.371401209677419786e+01 2.295522702409407475e-03 3.664987728795882777e-03
7.383901209677419786e+01 2.287555963858127137e-03 3.669403604001173196e-03
7.396401209677419786e+01 2.279749641200090170e-03 3.673674084670711451e-03
7.408901209677419786e+01 2.272100968430525864e-03 3.677797202581985052e-03
7.421401209677419786e+01 2.264607212574324541e-03 3.681771066909587161e-03
7.433901209677419786e+01 2.257265673423033536e-03 3.685593863145644831e-03
7.446401209677419786e+01 2.250073683272205746e-03 3.689263852061985555e-03
7.458901209677419786e+01 2.243028606659106840e-03 3.692779368635704194e-03
7.471401209677419786e+01 2.236127840100935512e-03 3.696138821021147190e-03
7.483901209677419786e+01 2.229368811833242359e-03 3.699340689491669668e-03
7.496401209677419786e+01 2.222748981549317604e-03 3.702383525414173170e-03
7.508901209677419786e+01 2.216265840139640397e-03 3.705265950209131551e-03
7.521401209677419786e+01 2.209916909432182910e-03 3.707986654336806881e-03
7.533901209677419786e+01 2.203699741933301624e-03 3.710544396265208229e-03
7.546401209677419786e+01 2.197611920569123023e-03 3.712938001470597344e-03
7.558901209677419786e+01 2.191651058427659601e-03 3.715166361415831505e-03
7.571401209677419786e+01 2.185814798501729914e-03 3.717228432563522700e-03
7.583901209677419786e+01 2.180100813432556042e-03 3.719123235367880094e-03
7.596401209677419786e+01 2.174506805253890139e-03 3.720849853300672340e-03
7.608901209677419786e+01 2.169030505137308461e-03 3.722407431860431156e-03
7.621401209677419786e+01 2.163669673138045747e-03 3.723795177594597678e-03
7.633901209677419786e+01 2.158422097941705212e-03 3.725012357144401060e-03
7.646401209677419786e+01 2.153285596611966869e-03 3.726058296263589156e-03
7.658901209677419786e+01 2.148258014339012728e-03 3.726932378883968978e-03
7.671401209677419786e+01 2.143337224188895680e-03 3.727634046142272364e-03
7.683901209677419786e+01 2.138521126853972203e-03 3.728162795470316929e-03
7.696401209677419786e+01 2.133807650404080571e-03 3.728518179626235437e-03
7.708901209677419786e+01 2.129194750038960679e-03 3.728699805791122878e-03
7.721401209677419786e+01 2.124680407841323532e-03 3.728707334634950334e-03
7.733901209677419786e+01 2.120262632531252998e-03 3.728540479412146939e-03
7.746401209677419786e+01 2.115939459221505715e-03 3.728199005042439739e-03
7.758901209677419786e+01 2.111708949173829713e-03 3.727682727226871561e-03
7.771401209677419786e+01 2.107569189556484767e-03 3.726991511536922441e-03
7.783901209677419786e+01 2.103518293202665240e-03 3.726125272549242994e-03
7.796401209677419786e+01 2.099554398370218327e-03 3.725083972948873071e-03
7.808901209677419786e+01 2.095675668502346330e-03 3.723867622669964263e-03
7.821401209677419786e+01 2.091880291989608662e-03 3.722476278024956526e-03
7.833901209677419786e+01 2.088166481932779081e-03 3.720910040861742391e-03
7.846401209677419786e+01 2.084532475907251593e-03 3.719169057691416782e-03
7.858901209677419786e+01 2.080976535728309377e-03 3.717253518871272127e-03
7.871401209677419786e+01 2.077496947217767620e-03 3.715163657750801800e-03
7.883901209677419786e+01 2.074092019971802026e-03 3.712899749858291319e-03
7.896401209677419786e+01 2.070760087129892759e-03 3.710462112077528556e-03
7.908901209677419786e+01 2.067499505145088939e-03 3.707851101830843526e-03
7.921401209677419786e+01 2.064308653555547296e-03 3.705067116278600720e-03
7.933901209677419786e+01 2.061185934757194926e-03 3.702110591526946558e-03
7.946401209677419786e+01 2.058129773777794130e-03 3.698982001827286117e-03
7.958901209677419786e+01 2.055138618052204658e-03 3.695681858802082106e-03
7.971401209677419786e+01 2.052210937198911851e-03 3.692210710670427911e-03
7.983901209677419786e+01 2.049345222797838498e-03 3.688569141472839569e-03
7.996401209677419786e+01 2.046539988169644633e-03 3.684757770321412437e-03
8.008901209677419786e+01 2.043793768155964096e-03 3.680777250644769790e-03
8.021401209677419786e+01 2.041105118901325507e-03 3.676628269436162111e-03
8.033901209677419786e+01 2.038472617636137487e-03 3.672311546526159116e-03
8.046401209677419786e+01 2.035894862461159679e-03 3.667827833849140583e-03
8.058901209677419786e+01 2.033370472133264398e-03 3.663177914713472167e-03
8.071401209677419786e+01 2.030898085852379190e-03 3.658362603104015152e-03
8.083901209677419786e+01 2.028476363050086065e-03 3.653382742953115419e-03
8.096401209677419786e+01 2.026103983179294941e-03 3.648239207460799143e-03
8.108901209677419786e+01 2.023779645505363427e-03 3.642932898385029331e-03
8.121401209677419786e+01 2.021502068898664226e-03 3.637464745372645959e-03
8.133901209677419786e+01 2.019269991628358605e-03 3.631835705263302544e-03
8.146401209677419786e+01 2.017082171157615761e-03 3.626046761441285415e-03
8.158901209677419786e+01 2.014937383940213021e-03 3.620098923149786194e-03
8.171401209677419786e+01 2.012834425218545074e-03 3.613993224853066528e-03
8.183901209677419786e+01 2.010772108822801111e-03 3.607730725577580622e-03
8.196401209677419786e+01 2.008749266971850654e-03 3.601312508274678165e-03
8.208901209677419786e+01 2.006764750075179776e-03 3.594739679189230038e-03
8.221401209677419786e+01 2.004817426536477029e-03 3.588013367227755723e-03
8.233901209677419786e+01 2.002906182558378614e-03 3.581134723340960620e-03
8.246401209677419786e+01 2.001029921948740530e-03 3.574104919919610795e-03
8.258901209677419786e+01 1.999187565928293737e-03 3.566925150176534273e-03
8.271401209677419786e+01 1.997378052939578676e-03 3.559596627559053275e-03
8.283901209677419786e+01 1.995600338457282318e-03 3.552120585153738588e-03
8.296401209677419786e+01 1.993853394800240968e-03 3.544498275105656231e-03
8.308901209677419786e+01 1.992136210944284863e-03 3.536730968039698397e-03
8.321401209677419786e+01 1.990447792336943675e-03 3.528819952494803396e-03
8.333901209677419786e+01 1.988787160713407099e-03 3.520766534358486972e-03
8.346401209677419786e+01 1.987153353913732705e-03 3.512572036312879183e-03
8.358901209677419786e+01 1.985545425701507050e-03 3.504237797287925241e-03
8.371401209677419786e+01 1.983962445584087561e-03 3.495765171920355626e-03
8.383901209677419786e+01 1.982403498633839283e-03 3.487155530011599308e-03
8.396401209677419786e+01 1.980867685311047798e-03 3.478410256013159379e-03
8.408901209677419786e+01 1.979354121288239877e-03 3.469530748498957443e-03
8.421401209677419786e+01 1.977861937275501164e-03 3.460518419651600897e-03
8.433901209677419786e+01 1.976390278847610545e-03 3.451374694751634803e-03
8.446401209677419786e+01 1.974938306272310332e-03 3.442101011688281781e-03
8.458901209677419786e+01 1.973505194339938637e-03 3.432698820452694585e-03
8.471401209677419786e+01 1.972090132194518914e-03 3.423169582663529182e-03
8.483901209677419786e+01 1.970692323166155745e-03 3.413514771077498164e-03
8.496401209677419786e+01 1.969310984604742080e-03 3.403735869114322358e-03
8.508901209677419786e+01 1.967945347715098492e-03 3.393834370399257793e-03
8.521401209677419786e+01 1.966594657393520157e-03 3.383811778296409549e-03
8.533901209677419786e+01 1.965258172065387655e-03 3.373669605452093989e-03
8.546401209677419786e+01 1.963935163524518999e-03 3.363409373349231235e-03
8.558901209677419786e+01 1.962624916773525203e-03 3.353032611867147374e-03
8.571401209677419786e+01 1.961326729865651205e-03 3.342540858847741804e-03
8.583901209677419786e+01 1.960039913748037529e-03 3.331935659660836650e-03
8.596401209677419786e+01 1.958763792106018014e-03 3.321218566784700250e-03
8.608901209677419786e+01 1.957497701209013480e-03 3.310391139393372047e-03
8.621401209677419786e+01 1.956240989757722978e-03 3.299454942939556139e-03
8.633901209677419786e+01 1.954993018732394030e-03 3.288411548756778931e-03
8.646401209677419786e+01 1.953753161242648053e-03 3.277262533654774854e-03
8.658901209677419786e+01 1.952520802378542638e-03 3.266009479533952750e-03
8.671401209677419786e+01 1.951295339062827320e-03 3.254653972995547127e-03
8.683901209677419786e+01 1.950076179904568913e-03 3.243197604964027404e-03
8.696401209677419786e+01 1.948862745054230107e-03 3.231641970307980605e-03
8.708901209677419786e+01 1.947654466059593964e-03 3.219988667478728556e-03
8.721401209677419786e+01 1.946450785723426169e-03 3.208239298144021506e-03
8.733901209677419786e+01 1.945251157962223651e-03 3.196395466829853732e-03
8.746401209677419786e+01 1.944055047666049148e-03 3.184458780571400305e-03
8.758901209677419786e+01 1.942861930559976451e-03 3.172430848571130418e-03
8.771401209677419786e+01 1.941671293066547441e-03 3.160313281848525953e-03
8.783901209677419786e+01 1.940482632169470084e-03 3.148107692923044713e-03
8.796401209677419786e+01 1.939295455278704445e-03 3.135815695466856543e-03
8.808901209677419786e+01 1.938109280096693378e-03 3.123438903996049107e-03
8.821401209677419786e+01 1.936923634485827493e-03 3.110978933543058749e-03
8.833901209677419786e+01 1.935738056337081700e-03 3.098437399355514696e-03
8.846401209677419786e+01 1.934552093440046472e-03 3.085815916577196519e-03
8.858901209677419786e+01 1.933365303353907138e-03 3.073116099955739734e-03
8.871401209677419786e+01 1.932177253279902893e-03 3.060339563538516227e-03
8.883901209677419786e+01 1.930987519934772864e-03 3.047487920395205996e-03
8.896401209677419786e+01 1.929795689425485876e-03 3.035713429004696564e-03
8.908901209677419786e+01 1.928601357125130306e-03 3.027548196630612531e-03
8.921401209677419786e+01 1.927404127550068130e-03 3.019302050117946869e-03
8.933901209677419786e+01 1.926203614238089241e-03 3.010976019782903891e-03
8.946401209677419786e+01 1.924999439627863131e-03 3.002571139089973366e-03
8.958901209677419786e+01 1.923791234939575606e-03 2.994088444419044318e-03
8.971401209677419786e+01 1.922578640056548435e-03 2.985528974838073425e-03
8.983901209677419786e+01 1.921361303408172837e-03 2.976893771878201533e-03
8.996401209677419786e+01 1.920138881853990925e-03 2.968183879313439875e-03
9.008901209677419786e+01 1.918911040568700667e-03 2.959400342943916806e-03
9.021401209677419786e+01 1.917677452928487260e-03 2.950544210382092213e-03
9.033901209677419786e+01 1.916437800398478834e-03 2.941616530842538092e-03
9.046401209677419786e+01 1.915191772421145824e-03 2.932618354936637490e-03
9.058901209677419786e+01 1.913939066305906213e-03 2.923550734468062778e-03
9.071401209677419786e+01 1.912679387119960031e-03 2.914414722235034519e-03
9.083901209677419786e+01 1.911412447579870656e-03 2.905211371833073004e-03
9.096401209677419786e+01 1.910137967944582028e-03 2.895941737463094898e-03
9.108901209677419786e+01 1.908855675909428354e-03 2.886606873741329616e-03
9.121401209677419786e+01 1.907565306500947190e-03 2.877207835514084249e-03
9.133901209677419786e+01 1.906266601973096364e-03 2.867745677674699879e-03
9.146401209677419786e+01 1.904959311704439943e-03 2.858221454984213265e-03
9.158901209677419786e+01 1.903643192096190302e-03 2.848636221895231233e-03
9.171401209677419786e+01 1.902318006471536696e-03 2.838991032377887608e-03
9.183901209677419786e+01 1.900983524975919043e-03 2.829286939751706875e-03
9.196401209677419786e+01 1.899639524478222846e-03 2.819524996517352479e-03
9.208901209677419786e+01 1.898285788473185387e-03 2.809706254193677314e-03
9.221401209677419786e+01 1.896922106984672745e-03 2.799831763156886231e-03
9.233901209677419786e+01 1.895548276469954507e-03 2.789902572482509235e-03
9.246401209677419786e+01 1.894164099725185622e-03 2.779919729791719731e-03
9.258901209677419786e+01 1.892769385791550057e-03 2.769884281098950341e-03
9.271401209677419786e+01 1.891363949862615284e-03 2.759797270663328587e-03
9.283901209677419786e+01 1.889947613192744088e-03 2.749659740842661741e-03
9.296401209677419786e+01 1.888520203006133040e-03 2.739472731950998684e-03
9.308901209677419786e+01 1.887081552407156131e-03 2.729237282118264756e-03
9.321401209677419786e+01 1.885631500291541076e-03 2.718954427152383332e-03
9.333901209677419786e+01 1.884169891258414718e-03 2.708625200405798822e-03
9.346401209677419786e+01 1.882696575523408120e-03 2.698250632642351828e-03
9.358901209677419786e+01 1.881211408832697118e-03 2.687831751909459943e-03
9.371401209677419786e+01 1.879714252377817640e-03 2.677369583410742649e-03
9.383901209677419786e+01 1.878204972711561109e-03 2.666865149382838598e-03
9.396401209677419786e+01 1.876683441664867306e-03 2.656319468974036556e-03
9.408901209677419786e+01 1.875149536264239828e-03 2.645733558125573474e-03
9.421401209677419786e+01 1.873603138650478846e-03 2.635108429455729380e-03
9.433901209677419786e+01 1.872044135998131385e-03 2.624445092146681768e-03
9.446401209677419786e+01 1.870472420435800301e-03 2.613744551833153702e-03
9.458901209677419786e+01 1.868887888967343813e-03 2.603007810493855254e-03
9.471401209677419786e+01 1.867290443394095060e-03 2.592235866345787235e-03
9.483901209677419786e+01 1.865679990237634808e-03 2.581429713740409759e-03
9.496401209677419786e+01 1.864056440663784979e-03 2.570590343062531709e-03
9.508901209677419786e+01 1.862419710407194366e-03 2.559718740631449722e-03
9.521401209677419786e+01 1.860769719696886253e-03 2.548815888603556037e-03
9.533901209677419786e+01 1.859106393182556952e-03 2.537882764879520383e-03
9.546401209677419786e+01 1.857429659861891324e-03 2.526920343011336556e-03
9.558901209677419786e+01 1.855739453008414764e-03 2.515929592112673210e-03
9.571401209677419786e+01 1.854035710100415723e-03 2.504911476771841047e-03
9.583901209677419786e+01 1.852318372750607223e-03 2.493866956965618692e-03
9.596401209677419786e+01 1.850587386636494197e-03 2.482796987977028101e-03
9.608901209677419786e+01 1.848842701431616629e-03 2.471702520313506356e-03
9.621401209677419786e+01 1.847084270737696290e-03 2.460584499628803209e-03
9.633901209677419786e+01 1.845312052017323168e-03 2.449443866644943242e-03
9.646401209677419786e+01 1.843526006527574333e-03 2.438281557078957225e-03
9.658901209677419786e+01 1.841726099254462849e-03 2.427098501568729187e-03
9.671401209677419786e+01 1.839912298847944626e-03 2.415895625603186811e-03
9.683901209677419786e+01 1.838084577557855519e-03 2.404673849453275915e-03
9.696401209677419786e+01 1.836242911170652466e-03 2.393434088104698723e-03
9.708901209677419786e+01 1.834387278946596330e-03 2.382177251193431586e-03
9.721401209677419786e+01 1.832517663557996180e-03 2.370904242943064170e-03
9.733901209677419786e+01 1.830634051028103004e-03 2.359615962102953966e-03
9.746401209677419786e+01 1.828736430670559404e-03 2.348313301889602168e-03
9.758901209677419786e+01 1.826824795029780837e-03 2.336997149928321440e-03
9.771401209677419786e+01 1.824899139821977182e-03 2.325668388198746071e-03
9.783901209677419786e+01 1.822959463876821801e-03 2.314327892980298351e-03
9.796401209677419786e+01 1.821005769079875629e-03 2.302976534800281732e-03
9.808901209677419786e+01 1.819038060315754813e-03 2.291615178382848308e-03
9.821401209677419786e+01 1.817056345411846531e-03 2.280244682601562795e-03
9.833901209677419786e+01 1.815060635082841852e-03 2.268865900431460848e-03
9.846401209677419786e+01 1.813050942875908721e-03 2.257479678903960996e-03
9.858901209677419786e+01 1.811027285116442818e-03 2.246086859063323518e-03
9.871401209677419786e+01 1.808989680854629399e-03 2.234688275924146244e-03
9.883901209677419786e+01 1.806938151812608395e-03 2.223284758431383953e-03
9.896401209677419786e+01 1.804872722332118932e-03 2.211877129421229056e-03
9.908901209677419786e+01 1.802793419323182314e-03 2.200466205583490650e-03
9.921401209677419786e+01 1.800700272212976466e-03 2.189052797426085158e-03
9.933901209677419786e+01 1.798593312895623714e-03 2.177637709240272043e-03
9.946401209677419786e+01 1.796472575682613038e-03 2.166221739068202329e-03
9.958901209677419786e+01 1.794338097253618276e-03 2.154805678671074722e-03
9.971401209677419786e+01 1.792189916608166993e-03 2.143390313499706889e-03
9.983901209677419786e+01 1.790028075017893738e-03 2.131976422665085493e-03
9.996401209677419786e+01 1.784723465610693659e-03 2.120564778911856151e-03
1.000890120967741979e+02 1.770991602308269637e-03 2.109156148592442222e-03
1.002140120967741979e+02 1.757302854455445934e-03 2.097751291642352325e-03
1.003390120967741979e+02 1.743658057956362509e-03 2.086350961557254663e-03
1.004640120967741979e+02 1.730058037451197772e-03 2.074955905370610369e-03
1.005890120967741979e+02 1.716503606309296255e-03 2.063566863633917170e-03
1.007140120967741979e+02 1.702995566656312918e-03 2.052184570397014209e-03
1.008390120967741979e+02 1.689534709385561925e-03 2.040809753190116812e-03
1.009640120967741979e+02 1.676121814170880488e-03 2.029443133006942398e-03
1.010890120967741979e+02 1.662757649485066156e-03 2.018085424289092333e-03
1.012140120967741979e+02 1.649442972620798883e-03 2.006737334911964672e-03
1.013390120967741979e+02 1.636178529703645164e-03 1.995399566171418473e-03
1.014640120967741979e+02 1.622965055725683918e-03 1.984072812771430373e-03
1.015890120967741979e+02 1.609803274553696113e-03 1.972757762813404786e-03
1.017140120967741979e+02 1.596693898964673258e-03 1.961455097786393102e-03
1.018390120967741979e+02 1.583637630664341649e-03 1.950165492558472973e-03
1.019640120967741979e+02 1.570635160321201106e-03 1.938889615368607480e-03
1.020890120967741979e+02 1.557687167580855099e-03 1.927628127820961304e-03
1.022140120967741979e+02 1.544794321111651750e-03 1.916381684878174559e-03
1.023390120967741979e+02 1.531957278619022192e-03 1.905150934858168945e-03
1.024640120967741979e+02 1.519176686892424136e-03 1.896261963081850594e-03
1.025890120967741979e+02 1.506453181826803659e-03 1.892536726415898355e-03
1.027140120967741979e+02 1.493787388456436398e-03 1.888791972969054191e-03
1.028390120967741979e+02 1.481179920995896737e-03 1.885027921449181987e-03
1.029640120967741979e+02 1.468631382873809236e-03 1.881244791423024136e-03
1.030890120967741979e+02 1.456142366763619805e-03 1.877442803275219127e-03
1.032140120967741979e+02 1.443713454631555607e-03 1.873622178166193739e-03
1.033390120967741979e+02 1.431345217767604396e-03 1.869783137991366025e-03
1.034640120967741979e+02 1.419038216830440392e-03 1.865925905341107470e-03
1.035890120967741979e+02 1.406793001883818338e-03 1.862050703460417815e-03
1.037140120967741979e+02 1.394610112439503575e-03 1.858157756210000689e-03
1.038390120967741979e+02 1.382490077503642067e-03 1.854247288027911691e-03
1.039640120967741979e+02 1.370433415618997662e-03 1.850319523891376470e-03
1.040890120967741979e+02 1.358440634903361260e-03 1.846374689278811347e-03
1.042140120967741979e+02 1.346512233103989032e-03 1.842413010133687719e-03
1.043390120967741979e+02 1.334648697638023433e-03 1.838434712827660515e-03
1.044640120967741979e+02 1.322850505636914264e-03 1.834440024124811639e-03
1.045890120967741979e+02 1.311118124008685054e-03 1.830429171146841444e-03
1.047140120967741979e+02 1.299452009465491961e-03 1.826402381337532922e-03
1.048390120967741979e+02 1.287852608589050603e-03 1.822359882429203451e-03
1.049640120967741979e+02 1.276320357871810153e-03 1.818301902408461356e-03
1.050890120967741979e+02 1.264855683774689273e-03 1.814228669483816019e-03
1.052140120967741979e+02 1.253459002772063565e-03 1.810140412052211158e-03
1.053390120967741979e+02 1.242130721409560054e-03 1.806037358667269849e-03
1.054640120967741979e+02 1.230871236347596577e-03 1.801919738007846375e-03
1.055890120967741979e+02 1.219680934433791959e-03 1.797787778846271457e-03
1.057140120967741979e+02 1.208560192730876847e-03 1.793641710018621920e-03
1.058390120967741979e+02 1.197509378593498161e-03 1.789481760393640515e-03
1.059640120967741979e+02 1.186528849710780965e-03 1.785308158843634850e-03
1.060890120967741979e+02 1.175618954172626129e-03 1.781121134215005088e-03
1.062140120967741979e+02 1.164780030513252324e-03 1.776920915299971858e-03
1.063390120967741979e+02 1.154012407779968479e-03 1.772707730807836007e-03
1.064640120967741979e+02 1.143316405579818335e-03 1.768481809337205243e-03
1.065890120967741979e+02 1.132692334151395386e-03 1.764243379349147121e-03
1.067140120967741979e+02 1.122140494409685704e-03 1.759992669139677198e-03
1.068390120967741979e+02 1.111661178011479805e-03 1.755729906814298491e-03
1.069640120967741979e+02 1.101254667417907260e-03 1.751455320260744642e-03
1.070890120967741979e+02 1.090921235942966458e-03 1.747169137124697904e-03
1.072140120967741979e+02 1.080661147831067171e-03 1.742871584783666373e-03
1.073390120967741979e+02 1.070474658298943213e-03 1.738562890323219583e-03
1.074640120967741979e+02 1.060362013612652912e-03 1.734243280512037973e-03
1.075890120967741979e+02 1.050323451137205859e-03 1.729912981778482630e-03
1.077140120967741979e+02 1.040359199408317148e-03 1.725572220187143345e-03
1.078390120967741979e+02 1.030469478185509855e-03 1.721221221415708460e-03
1.079640120967741979e+02 1.020654498522511862e-03 1.716860210732887478e-03
1.080890120967741979e+02 1.010914462823013114e-03 1.712489412975381087e-03
1.082140120967741979e+02 1.001249564912524590e-03 1.708109052526915949e-03
1.083390120967741979e+02 9.916599900931428752e-04 1.703719353296404308e-03
1.084640120967741979e+02 9.821459152109734362e-04 1.699320538697382532e-03
1.085890120967741979e+02 9.727075087227337073e-04 1.694912831626904951e-03
1.087140120967741979e+02 9.633449307567828286e-04 1.690496454445639205e-03
1.088390120967741979e+02 9.540583331780282767e-04 1.686071628958096900e-03
1.089640120967741979e+02 9.448478596546218628e-04 1.681638576392893540e-03
1.090890120967741979e+02 9.357136457188528628e-04 1.677197517384164871e-03
1.092140120967741979e+02 9.266558188409032559e-04 1.672748671952105663e-03
1.093390120967741979e+02 9.176744984823315262e-04 1.668292259485434047e-03
1.094640120967741979e+02 9.087697961743547697e-04 1.663828498722593830e-03
1.095890120967741979e+02 8.999418155709682041e-04 1.659357607734838775e-03
1.097140120967741979e+02 8.911906525270646461e-04 1.654879803908464262e-03
1.098390120967741979e+02 8.825163951550993617e-04 1.650395303927933849e-03
1.099640120967741979e+02 8.739191238984052269e-04 1.645904323759408506e-03
1.100890120967741979e+02 8.653989115903091764e-04 1.641407078634226410e-03
1.102140120967741979e+02 8.569558235285324333e-04 1.636903783033564303e-03
1.103390120967741979e+02 8.485899175361517281e-04 1.632394650671872187e-03
1.104640120967741979e+02 8.403012440321906175e-04 1.627879894482551224e-03
1.105890120967741979e+02 8.320898460918430125e-04 1.623359726602229339e-03
1.107140120967741979e+02 8.239557595227395368e-04 1.618834358356811874e-03
1.108390120967741979e+02 8.158990129250194828e-04 1.614304000246498134e-03
1.109640120967741979e+02 8.079196277609141481e-04 1.609768861932244681e-03
1.110890120967741979e+02 8.000176184219429760e-04 1.605229152221943501e-03
1.112140120967741979e+02 7.921929922917246396e-04 1.600685079056755411e-03
1.113390120967741979e+02 7.844457498252121628e-04 1.596136849498602708e-03
1.114640120967741979e+02 7.767758845974107864e-04 1.591584669716668244e-03
1.115890120967741979e+02 7.691833833877751922e-04 1.587028744975420421e-03
1.117140120967741979e+02 7.616682262365482257e-04 1.582469279622053136e-03
1.118390120967741979e+02 7.542303865184878369e-04 1.577906477074752329e-03
1.119640120967741979e+02 7.468698310031614057e-04 1.573340539811132538e-03
1.120890120967741979e+02 7.395865199308878160e-04 1.568771669356564154e-03
1.122140120967741979e+02 7.323804070676656315e-04 1.564200066273206506e-03
1.123390120967741979e+02 7.252514397898756314e-04 1.559625930149324130e-03
1.124640120967741979e+02 7.181995591318643835e-04 1.555049459588772609e-03
1.125890120967741979e+02 7.112246998650707287e-04 1.550470852200163709e-03
1.127140120967741979e+02 7.043267905627982953e-04 1.545890304587843513e-03
1.128390120967741979e+02 6.975057536630810103e-04 1.541308012340959549e-03
1.129640120967741979e+02 6.907615055404002545e-04 1.536724170025114810e-03
1.130890120967741979e+02 6.840939565721562135e-04 1.532138971172033147e-03
1.132140120967741979e+02 6.775030111981812523e-04 1.527552608271300245e-03
1.133390120967741979e+02 6.709885679932497309e-04 1.522965272761459292e-03
1.134640120967741979e+02 6.645505197376534940e-04 1.518377155021213972e-03
1.135890120967741979e+02 6.581887534690154589e-04 1.513788444361683153e-03
1.137140120967741979e+02 6.519031505682165413e-04 1.509199329017691911e-03
1.138390120967741979e+02 6.456935868043909123e-04 1.504609996140576127e-03
1.139640120967741979e+02 6.395599324165299930e-04 1.500020631790073946e-03
1.140890120967741979e+02 6.335020521714474807e-04 1.495431420927864153e-03
1.142140120967741979e+02 6.275198054329153433e-04 1.490842547409344234e-03
1.143390120967741979e+02 6.216130462225437229e-04 1.486254193977479916e-03
1.144640120967741979e+02 6.157816232926574280e-04 1.481666542255867134e-03
1.145890120967741979e+02 6.100253801810725379e-04 1.477079772742298167e-03
1.147140120967741979e+02 6.043441552841707616e-04 1.472494064802855763e-03
1.148390120967741979e+02 5.987377819200885836e-04 1.467909596665364132e-03
1.149640120967741979e+02 5.932060883878584323e-04 1.463326545413771258e-03
1.150890120967741979e+02 5.877488980397725616e-04 1.458745086982720079e-03
1.152140120967741979e+02 5.823660293409934621e-04 1.454165396151919313e-03
1.153390120967741979e+02 5.770572959307752881e-04 1.449587646541124035e-03
1.154640120967741979e+02 5.718225066929663808e-04 1.445012010604944733e-03
1.155890120967741979e+02 5.666614658135395296e-04 1.440438659628064675e-03
1.157140120967741979e+02 5.615739728463794078e-04 1.435867763720541845e-03
1.158390120967741979e+02 5.565598227787993922e-04 1.431299491813863099e-03
1.159640120967741979e+02 5.516188060870268021e-04 1.427464518292792181e-03
1.160890120967741979e+02 5.467507088101387653e-04 1.424299289248186782e-03
1.162140120967741979e+02 5.419553125995444460e-04 1.421133231579680767e-03
1.163390120967741979e+02 5.372323947888864868e-04 1.417966442109128925e-03
1.164640120967741979e+02 5.325817284551421973e-04 1.414799017161750758e-03
1.165890120967741979e+02 5.280030824828782542e-04 1.411631052561520237e-03
1.167140120967741979e+02 5.234962216165323394e-04 1.408462643626887112e-03
1.168390120967741979e+02 5.190609065303944869e-04 1.405293885166646311e-03
1.169640120967741979e+02 5.146968938826227942e-04 1.402124871475757262e-03
1.170890120967741979e+02 5.104039363869259912e-04 1.398955696331446183e-03
1.172140120967741979e+02 5.061817828607165443e-04 1.395786452989383189e-03
1.173390120967741979e+02 5.020301782894081829e-04 1.392617234179927260e-03
1.174640120967741979e+02 4.979488638868774086e-04 1.389448132104560522e-03
1.175890120967741979e+02 4.939375771604844010e-04 1.386279238432401670e-03
1.177140120967741979e+02 4.899960519561892720e-04 1.383110644296862502e-03
1.178390120967741979e+02 4.861240185330480308e-04 1.379942440292320285e-03
1.179640120967741979e+02 4.823212036100111406e-04 1.376774716471090886e-03
1.180890120967741979e+02 4.785873304340987474e-04 1.373607562340293034e-03
1.182140120967741979e+02 4.749221188305727866e-04 1.370441066858986466e-03
1.183390120967741979e+02 4.713252852632815069e-04 1.367275318435349964e-03
1.184640120967741979e+02 4.677965428928445896e-04 1.364110404923960657e-03
1.185890120967741979e+02 4.643356016369785911e-04 1.360946413623157457e-03
1.187140120967741979e+02 4.609421682207013584e-04 1.357783431272584478e-03
1.188390120967741979e+02 4.576159462374318628e-04 1.354621544050779985e-03
1.189640120967741979e+02 4.543566362027341016e-04 1.351460837572817817e-03
1.190890120967741979e+02 4.511639356132619719e-04 1.348301396888170649e-03
1.192140120967741979e+02 4.480375390016630519e-04 1.345143306478525534e-03
1.193390120967741979e+02 4.449771379897837081e-04 1.341986650255821284e-03
1.194640120967741979e+02 4.419824213423704964e-04 1.338831511560321843e-03
1.195890120967741979e+02 4.390530750295247066e-04 1.335677973158724786e-03
1.197140120967741979e+02 4.361887822736121040e-04 1.332526117242495119e-03
1.198390120967741979e+02 4.333892236038258921e-04 1.329376025426130554e-03
1.199640120967741979e+02 4.306540769133449290e-04 1.326227778745686994e-03
1.200890120967741979e+02 4.279830175112813231e-04 1.323081457657243739e-03
1.202140120967741979e+02 4.253757181775568927e-04 1.319937142035485780e-03
1.203390120967741979e+02 4.228318492078159694e-04 1.316794911172418153e-03
1.204640120967741979e+02 4.203510784772149212e-04 1.313654843776217119e-03
1.205890120967741979e+02 4.179330714840672530e-04 1.310517017969920883e-03
1.207140120967741979e+02 4.155774914064045908e-04 1.307381511290481996e-03
1.208390120967741979e+02 4.132839991477745738e-04 1.304248400687762956e-03
1.209640120967741979e+02 4.110522533975363192e-04 1.301117762523597505e-03
1.210890120967741979e+02 4.088819106704049073e-04 1.297989672570920442e-03
1.212140120967741979e+02 4.067726253643191001e-04 1.294864206013132939e-03
1.213390120967741979e+02 4.047240498107825294e-04 1.291741437443282015e-03
1.214640120967741979e+02 4.027358343194875059e-04 1.288621440863489372e-03
1.215890120967741979e+02 4.008076272319391711e-04 1.285504289684468717e-03
1.217140120967741979e+02 3.989390749666257992e-04 1.282390056724946360e-03
1.218390120967741979e+02 3.971298220723628995e-04 1.279278814211343759e-03
1.219640120967741979e+02 3.953795112749465979e-04 1.276170633777422552e-03
1.220890120967741979e+02 3.936877835222324330e-04 1.273065586463986189e-03
1.222140120967741979e+02 3.920542780328556604e-04 1.269963742718663302e-03
1.223390120967741979e+02 3.904786323483602902e-04 1.266865172395919203e-03
1.224640120967741979e+02 3.889604823741597567e-04 1.263769944756753605e-03
1.225890120967741979e+02 3.874994624276884513e-04 1.260678128468825741e-03
1.227140120967741979e+02 3.860952052852605065e-04 1.257589791606518329e-03
1.228390120967741979e+02 3.847473422275712136e-04 1.254505001650977909e-03
1.229640120967741979e+02 3.834555030884340241e-04 1.251423825490295683e-03
1.230890120967741979e+02 3.822193162925607130e-04 1.248346329419816733e-03
1.232140120967741979e+02 3.810384089052998042e-04 1.245272579142299831e-03
1.233390120967741979e+02 3.799124066782468413e-04 1.242202639768347217e-03
1.234640120967741979e+02 3.788409340929310676e-04 1.239136575816815293e-03
1.235890120967741979e+02 3.778236143979767808e-04 1.236074451215177618e-03
1.237140120967741979e+02 3.768600696623442730e-04 1.233016329300076763e-03
1.238390120967741979e+02 3.759499208085033818e-04 1.229962272817932984e-03
1.239640120967741979e+02 3.750927876674323017e-04 1.226912343925477432e-03
1.240890120967741979e+02 3.742882890078656180e-04 1.223866604190426526e-03
1.242140120967741979e+02 3.735360425852731403e-04 1.220825114592243282e-03
1.243390120967741979e+02 3.728356651818441397e-04 1.217787935522840525e-03
1.244640120967741979e+02 3.721867726517277450e-04 1.214755126787399244e-03
1.245890120967741979e+02 3.715889799526721302e-04 1.211726747605255256e-03
1.247140120967741979e+02 3.710419011953488828e-04 1.208702856610759839e-03
1.248390120967741979e+02 3.705451496802926394e-04 1.205683511854228201e-03
1.249640120967741979e+02 3.700983379387486191e-04 1.202668770802970766e-03
1.250890120967741979e+02 3.697010777682245889e-04 1.199658690342265705e-03
1.252140120967741979e+02 3.693529802743314178e-04 1.196653326776490412e-03
1.253390120967741979e+02 3.690536559135575091e-04 1.193652735830211557e-03
1.254640120967741979e+02 3.688027145259379800e-04 1.190656972649368171e-03
1.255890120967741979e+02 3.685997653735428089e-04 1.187666091802412225e-03
1.257140120967741979e+02 3.684444171809053248e-04 1.184680147281626803e-03
1.258390120967741979e+02 3.683362781714965574e-04 1.181699192504383992e-03
1.259640120967741979e+02 3.682749561034692146e-04 1.178723280314438989e-03
1.260890120967741979e+02 3.682600583080786086e-04 1.175752462983263667e-03
1.262140120967741979e+02 3.682911917226721092e-04 1.172786792211512200e-03
1.263390120967741979e+02 3.683679629335392535e-04 1.169826319130401254e-03
1.264640120967741979e+02 3.684899782028634393e-04 1.166871094303165201e-03
1.265890120967741979e+02 3.686568435097855949e-04 1.163921167726554269e-03
1.267140120967741979e+02 3.688681645825992372e-04 1.160976588832422687e-03
1.268390120967741979e+02 3.691235469362340511e-04 1.158037406489199504e-03
1.269640120967741979e+02 3.694225959022206358e-04 1.155103669003570846e-03
1.270890120967741979e+02 3.697649166674920945e-04 1.152175424122055258e-03
1.272140120967741979e+02 3.701501143025875485e-04 1.149252719032685085e-03
1.273390120967741979e+02 3.705777937997040551e-04 1.146335600366662913e-03
1.274640120967741979e+02 3.710475601021130188e-04 1.143424114200151378e-03
1.275890120967741979e+02 3.715590181374656348e-04 1.140518306055945865e-03
1.277140120967741979e+02 3.721117728524333114e-04 1.137618220905280142e-03
1.278390120967741979e+02 3.727054292418509156e-04 1.134723903169657360e-03
1.279640120967741979e+02 3.733395923778090619e-04 1.131835396722647661e-03
1.280890120967742121e+02 3.740138674487761381e-04 1.128952744891714190e-03
1.282140120967742121e+02 3.747278597798009490e-04 1.126075990460230578e-03
1.283390120967742121e+02 3.754811748745949941e-04 1.123205175669223042e-03
1.284640120967742121e+02 3.762734184343350806e-04 1.120340342219381790e-03
1.285890120967742121e+02 3.771041963960548686e-04 1.117481531273069621e-03
1.287140120967742121e+02 3.779731149573587715e-04 1.114628783456204962e-03
1.288390120967742121e+02 3.788797806081833333e-04 1.111782138860309497e-03
1.289640120967742121e+02 3.798238001550927360e-04 1.108941637044578987e-03
1.290890120967742121e+02 3.808047807587443268e-04 1.106107317037861078e-03
1.292140120967742121e+02 3.818223299524706508e-04 1.103279217340752362e-03
1.293390120967742121e+02 3.828760556731270631e-04 1.100457375927735119e-03
1.294640120967742121e+02 3.839655662928632973e-04 1.097641830249205435e-03
1.295890120967742121e+02 3.850904706380492448e-04 1.094832617233648967e-03
1.297140120967742121e+02 3.862503780268932460e-04 1.092029773289817599e-03
1.298390120967742121e+02 3.874448982864445493e-04 1.089233334308859673e-03
1.299640120967742121e+02 3.886736417813204942e-04 1.086443335666476689e-03
1.300890120967742121e+02 3.899362194417827941e-04 1.083659812225245883e-03
1.302140120967742121e+02 3.911942910083766661e-04 1.080882798336701240e-03
1.303390120967742121e+02 3.893979773240351084e-04 1.078112327843661501e-03
1.304640120967742121e+02 3.876383038835570891e-04 1.075348434082479005e-03
1.305890120967742121e+02 3.859150705492963521e-04 1.072591149885267735e-03
1.307140120967742121e+02 3.842280766539255790e-04 1.069840507582207022e-03
1.308390120967742121e+02 3.825771210192343945e-04 1.067096539003896654e-03
1.309640120967742121e+02 3.809620019753315627e-04 1.064359275483574068e-03
1.310890120967742121e+02 3.793825173785226137e-04 1.061628747859527135e-03
1.312140120967742121e+02 3.778384646302099270e-04 1.058904986477406975e-03
1.313390120967742121e+02 3.763296406946428554e-04 1.056188021192583934e-03
1.314640120967742121e+02 3.748558421170222212e-04 1.053477881372485775e-03
1.315890120967742121e+02 3.734168650416739839e-04 1.050774595899058158e-03
1.317140120967742121e+02 3.720125052293421562e-04 1.048078193171090048e-03
1.318390120967742121e+02 3.706425580747517413e-04 1.045388701106623455e-03
1.319640120967742121e+02 3.693068186243835221e-04 1.042706147145405033e-03
1.320890120967742121e+02 3.680050815929112717e-04 1.040030558251296266e-03
1.322140120967742121e+02 3.667371413810016959e-04 1.037361960914658272e-03
1.323390120967742121e+02 3.655027920916226777e-04 1.034700381154911395e-03
1.324640120967742121e+02 3.643018275469638240e-04 1.032045844522861463e-03
1.325890120967742121e+02 3.631340413050212893e-04 1.029398376103280192e-03
1.327140120967742121e+02 3.619992266757622004e-04 1.026758000517281541e-03
1.328390120967742121e+02 3.608971767375566075e-04 1.024124741924871537e-03
1.329640120967742121e+02 3.598276843531684902e-04 1.021498624027427846e-03
1.330890120967742121e+02 3.587905421855285687e-04 1.018879670070162429e-03
1.332140120967742121e+02 3.577855427135999216e-04 1.016267902844631907e-03
1.333390120967742121e+02 3.568124782479150368e-04 1.013663344691317523e-03
1.334640120967742121e+02 3.558711409458464739e-04 1.011066017502048990e-03
1.335890120967742121e+02 3.549613228272718510e-04 1.008475942722575781e-03
1.337140120967742121e+02 3.540828157891790775e-04 1.005893141355120425e-03
1.338390120967742121e+02 3.532354116208066418e-04 1.003317633960860034e-03
1.339640120967742121e+02 3.524189020186415961e-04 1.000749440662519708e-03
1.340890120967742121e+02 3.516330786007682680e-04 9.981885811468985126e-04
1.342140120967742121e+02 3.508777329213805230e-04 9.956350746673945859e-04
1.343390120967742121e+02 3.501526564853313784e-04 9.930889400465963811e-04
1.344640120967742121e+02 3.494576407619505096e-04 9.905501956788524427e-04
1.345890120967742121e+02 3.487924771995545067e-04 9.880188595327904413e-04
1.347140120967742121e+02 3.481569572388021317e-04 9.854949491539157901e-04
1.348390120967742121e+02 3.475508723266181304e-04 9.829784816671738312e-04
1.349640120967742121e+02 3.469740139299698641e-04 9.804694737795491017e-04
1.350890120967742121e+02 3.464261735489632251e-04 9.779679417825589988e-04
1.352140120967742121e+02 3.459071427302498267e-04 9.754739015549728507e-04
1.353390120967742121e+02 3.454167130802551365e-04 9.729873685652501783e-04
1.354640120967742121e+02 3.449546762779523304e-04 9.705083578741863660e-04
1.355890120967742121e+02 3.445208240878252300e-04 9.680368841375330694e-04
1.357140120967742121e+02 3.441149483725383976e-04 9.655729616085169257e-04
1.358390120967742121e+02 3.437368411053021914e-04 9.631166041404330734e-04
1.359640120967742121e+02 3.433862943827305355e-04 9.606678251893224817e-04
1.360890120967742121e+02 3.430631004364030146e-04 9.582266378164248487e-04
1.362140120967742121e+02 3.427670516455592550e-04 9.557930546908545216e-04
1.363390120967742121e+02 3.424979405488376362e-04 9.533670880922006296e-04
1.364640120967742121e+02 3.422555598560194767e-04 9.509487499130441683e-04
1.365890120967742121e+02 3.420397024599438739e-04 9.485380516615920686e-04
1.367140120967742121e+02 3.418501614477371660e-04 9.461350044642775469e-04
1.368390120967742121e+02 3.416867301123871145e-04 9.437396190683239186e-04
1.369640120967742121e+02 3.415492019642201067e-04 9.413519058443153495e-04
1.370890120967742121e+02 3.414373707415749629e-04 9.389718747888356953e-04
1.372140120967742121e+02 3.413510304221137673e-04 9.365995355269869952e-04
1.373390120967742121e+02 3.412899752336490361e-04 9.342348973150082538e-04
1.374640120967742121e+02 3.412539996646479020e-04 9.318779690428769837e-04
1.375890120967742121e+02 3.412428984752060830e-04 9.295287592368297594e-04
1.377140120967742121e+02 3.412564667070782168e-04 9.271872760619674463e-04
1.378390120967742121e+02 3.412944996941711480e-04 9.248535273248622733e-04
1.379640120967742121e+02 3.413567930728616845e-04 9.225275204760620146e-04
1.380890120967742121e+02 3.414431427918651683e-04 9.202092626126918582e-04
1.382140120967742121e+02 3.415533451221260011e-04 9.178987604810552982e-04
1.383390120967742121e+02 3.416871966669561816e-04 9.155960204791243305e-04
1.384640120967742121e+02 3.418444943711356648e-04 9.133010486591360087e-04
1.385890120967742121e+02 3.420250355309141272e-04 9.110138507301705681e-04
1.387140120967742121e+02 3.422286178033024165e-04 9.087344320606578849e-04
1.388390120967742121e+02 3.424550392151842954e-04 9.064627976809541904e-04
1.389640120967742121e+02 3.427040981727348516e-04 9.041989522858826824e-04
1.390890120967742121e+02 3.429755934701884945e-04 9.019429002372553791e-04
1.392140120967742121e+02 3.432693242988697638e-04 8.996946455664148147e-04
1.393390120967742121e+02 3.435850902561147949e-04 8.974541919768003456e-04
1.394640120967742121e+02 3.439226913536355050e-04 8.952215428464088557e-04
1.395890120967742121e+02 3.442819280262114255e-04 8.929967012303925049e-04
1.397140120967742121e+02 3.446626011401991707e-04 8.907796698634854989e-04
1.398390120967742121e+02 3.450645120015946739e-04 8.885704511626151729e-04
1.399640120967742121e+02 3.454874623645274776e-04 8.863690472293451333e-04
1.400890120967742121e+02 3.459312544389297290e-04 8.841754598523694645e-04
1.402140120967742121e+02 3.463956908987267315e-04 8.819896905100433650e-04
1.403390120967742121e+02 3.468805748896743165e-04 8.798117403728625014e-04
1.404640120967742121e+02 3.473857100369495059e-04 8.776416103059456143e-04
1.405890120967742121e+02 3.479109004526625688e-04 8.754793008714847067e-04
1.407140120967742121e+02 3.484559507437169461e-04 8.733248123312947623e-04
1.408390120967742121e+02 3.490206660185606307e-04 8.711781446491857631e-04
1.409640120967742121e+02 3.496048518950818705e-04 8.690392974934802069e-04
1.410890120967742121e+02 3.502083145072065924e-04 8.669082702394698007e-04
1.412140120967742121e+02 3.508308605122378550e-04 8.647850619718262929e-04
1.413390120967742121e+02 3.514722970976577533e-04 8.626696714870639134e-04
1.414640120967742121e+02 3.521324319879320344e-04 8.605620972959873933e-04
1.415890120967742121e+02 3.528110734511592382e-04 8.584623376260923887e-04
1.417140120967742121e+02 3.535080303058524363e-04 8.563703904240032010e-04
1.418390120967742121e+02 3.542231119270605288e-04 8.542862533578941256e-04
1.419640120967742121e+02 3.549561282531262397e-04 8.522099238198656973e-04
1.420890120967742121e+02 3.557068897915933916e-04 8.501413989283551978e-04
1.422140120967742121e+02 3.564752076256021813e-04 8.480806755305801215e-04
1.423390120967742121e+02 3.572608934199505743e-04 8.460277502048225897e-04
1.424640120967742121e+02 3.580637594268120077e-04 8.439826192629062106e-04
1.425890120967742121e+02 3.588836184917455568e-04 8.419452787524936118e-04
1.427140120967742121e+02 3.597202840594921334e-04 8.399157244595012841e-04
1.428390120967742121e+02 3.605735701795200723e-04 8.378939519104119677e-04
1.429640120967742121e+02 3.614432915114612664e-04 8.358799563746563193e-04
1.430890120967742121e+02 3.623292633308759780e-04 8.338737328669183595e-04
1.432140120967742121e+02 3.632313015341441628e-04 8.318752761494816860e-04
1.433390120967742121e+02 3.641492226442083263e-04 8.298845807345816509e-04
1.434640120967742121e+02 3.650828438152489285e-04 8.279016408866589826e-04
1.435890120967742121e+02 3.660319828380290130e-04 8.259264506246992779e-04
1.437140120967742121e+02 3.669964581447580465e-04 8.239590037245743360e-04
1.438390120967742121e+02 3.679760888139499029e-04 8.219992937212371262e-04
1.439640120967742121e+02 3.689706945750692666e-04 8.200473139110673508e-04
1.440890120967742121e+02 3.699800958135320808e-04 8.181030573541483780e-04
1.442140120967742121e+02 3.710041135748287145e-04 8.161665168765003730e-04
1.443390120967742121e+02 3.720425695693973969e-04 8.142376850723468231e-04
1.444640120967742121e+02 3.730952861767201163e-04 8.123165543063711955e-04
1.445890120967742121e+02 3.741620864498076938e-04 8.104031167159570078e-04
1.447140120967742121e+02 3.752427941194189554e-04 8.084973642133909269e-04
1.448390120967742121e+02 3.763372335979846771e-04 8.065992884881197523e-04
1.449640120967742121e+02 3.774452299838209571e-04 8.047088810089238079e-04
1.450890120967742121e+02 3.785666090650536479e-04 8.028261330261503986e-04
1.452140120967742121e+02 3.797011973233940904e-04 8.009510355739096451e-04
1.453390120967742121e+02 3.808488219380176307e-04 7.990835794722230467e-04
1.454640120967742121e+02 3.820093107890730195e-04 7.972237553292249547e-04
1.455890120967742121e+02 3.831824924614222593e-04 7.953715535433574305e-04
1.457140120967742121e+02 3.843681962482499133e-04 7.935269643054740319e-04
1.458390120967742121e+02 3.855662521542167244e-04 7.916899776009962914e-04
1.459640120967742121e+02 3.867764908990169908e-04 7.898605832121038039e-04
1.460890120967742121e+02 3.879987439206119279e-04 7.880387707197864054e-04
1.462140120967742121e+02 3.892328433783439311e-04 7.862245295060400069e-04
1.463390120967742121e+02 3.904786221561555712e-04 7.844178487559232181e-04
1.464640120967742121e+02 3.917359138655538580e-04 7.826187174596740351e-04
1.465890120967742121e+02 3.930045528483984288e-04 7.808271244148253356e-04
1.467140120967742121e+02 3.942843741801633161e-04 7.790430582282463230e-04
1.468390120967742121e+02 3.955752136723024058e-04 7.772665073182366633e-04
1.469640120967742121e+02 3.968769078752135376e-04 7.754974599166166100e-04
1.470890120967742121e+02 3.981892940808698096e-04 7.737359040707168399e-04
1.472140120967742121e+02 3.995122103252120868e-04 7.719818276454643502e-04
1.473390120967742121e+02 4.008454953907664826e-04 7.702352183254342023e-04
1.474640120967742121e+02 4.021889888091447450e-04 7.684960636168197343e-04
1.475890120967742121e+02 4.035425308631360088e-04 7.667643508495017605e-04
1.477140120967742121e+02 4.049059625892325524e-04 7.650400671790201935e-04
1.478390120967742121e+02 4.062791257795869454e-04 7.633231995885766735e-04
1.479640120967742121e+02 4.076618629842712008e-04 7.616137348910098767e-04
1.480890120967742121e+02 4.090540175134334158e-04 7.599116597308169015e-04
1.482140120967742121e+02 4.104554334390028421e-04 7.582169605860609226e-04
1.483390120967742121e+02 4.118659555967758910e-04 7.565296237703383669e-04
1.484640120967742121e+02 4.132854295883315395e-04 7.562179375457472007e-04
1.485890120967742121e+02 4.147137017825990317e-04 7.588707343157134093e-04
1.487140120967742121e+02 4.161506193177681354e-04 7.615144526966371487e-04
1.488390120967742121e+02 4.175960301028199808e-04 7.641489327362084496e-04
1.489640120967742121e+02 4.190497828190255366e-04 7.667740162237208406e-04
1.490890120967742121e+02 4.205117269217341098e-04 7.693895466812355338e-04
1.492140120967742121e+02 4.219817126414770634e-04 7.719953693651694562e-04
1.493390120967742121e+02 4.234595909855717313e-04 7.745913312566176604e-04
1.494640120967742121e+02 4.249452137394505954e-04 7.771772810580915031e-04
1.495890120967742121e+02 4.264384334676925791e-04 7.797530691915345548e-04
1.497140120967742121e+02 4.279391035155015737e-04 7.823185477919850040e-04
1.498390120967742121e+02 4.294470780096508325e-04 7.848735707032949028e-04
1.499640120967742121e+02 4.309622118595601804e-04 7.874179934739594568e-04
1.500890120967742121e+02 4.324843607584526401e-04 7.899516733504521101e-04
1.502140120967742121e+02 4.340133811841434606e-04 7.924744692747672003e-04
1.503390120967742121e+02 4.355491303999227122e-04 7.949862418796261590e-04
1.504640120967742121e+02 4.370914664556306518e-04 7.974868534811129601e-04
1.505890120967742121e+02 4.386402481880875013e-04 7.999761680751083957e-04
1.507140120967742121e+02 4.401953352221039777e-04 8.024540513331703245e-04
1.508390120967742121e+02 4.417565879709335142e-04 8.049203705973218036e-04
1.509640120967742121e+02 4.433238676370123365e-04 8.073749948714469687e-04
1.510890120967742121e+02 4.448970362124661645e-04 8.098177948211307889e-04
1.512140120967742121e+02 4.464759564796123609e-04 8.122486427627290074e-04
1.513390120967742121e+02 4.480604920112824809e-04 8.146674126646852310e-04
1.514640120967742121e+02 4.496505071714937190e-04 8.170739801344225998e-04
1.515890120967742121e+02 4.512458671154802965e-04 8.194682224204500676e-04
1.517140120967742121e+02 4.528464377901221549e-04 8.218500184007080950e-04
1.518390120967742121e+02 4.544520859342335707e-04 8.242192485784278653e-04
1.519640120967742121e+02 4.560626790785333941e-04 8.265757950803977530e-04
1.520890120967742121e+02 4.576780855460337895e-04 8.289195416465572602e-04
1.522140120967742121e+02 4.592981744519407600e-04 8.312503736248086752e-04
1.523390120967742121e+02 4.609228157036517081e-04 8.335681779672000306e-04
1.524640120967742121e+02 4.625518800009652287e-04 8.358728432217005623e-04
1.525890120967742121e+02 4.641852388357562277e-04 8.381642595286736917e-04
1.527140120967742121e+02 4.658227644919620447e-04 8.404423186133620945e-04
1.528390120967742121e+02 4.674643300455507398e-04 8.427069137778784831e-04
1.529640120967742121e+02 4.691098093639815402e-04 8.449579399009130888e-04
1.530890120967742121e+02 4.707590771063657363e-04 8.471952934255892959e-04
1.532140120967742121e+02 4.724120087227617871e-04 8.494188723548722628e-04
1.533390120967742121e+02 4.740684804541156353e-04 8.516285762472796013e-04
1.534640120967742121e+02 4.757283693317730872e-04 8.538243062084147333e-04
1.535890120967742121e+02 4.773915531770345309e-04 8.560059648861880529e-04
1.537140120967742121e+02 4.790579106005694670e-04 8.581734564621591385e-04
1.538390120967742121e+02 4.807273210022016741e-04 8.603266866479138911e-04
1.539640120967742121e+02 4.823996645699762530e-04 8.624655626773082605e-04
1.540890120967742121e+02 4.840748222798804440e-04 8.645899932991381711e-04
1.542140120967742121e+02 4.857526758948735378e-04 8.666998887712954553e-04
1.543390120967742121e+02 4.874331079644681560e-04 8.687951608542619905e-04
1.544640120967742121e+02 4.891160018239201898e-04 8.708757228029997575e-04
1.545890120967742121e+02 4.908012415933956990e-04 8.729414893652271768e-04
1.547140120967742121e+02 4.924887121771604707e-04 8.749923767673763045e-04
1.548390120967742121e+02 4.941782992628989237e-04 8.770283027131259073e-04
1.549640120967742121e+02 4.958698893205634988e-04 8.790491863734919628e-04
1.550890120967742121e+02 4.975633696017435449e-04 8.810549483847826373e-04
1.552140120967742121e+02 4.992586281384771415e-04 8.830455108359393582e-04
1.553390120967742121e+02 5.009555537422977602e-04 8.850207972636304739e-04
1.554640120967742121e+02 5.026540360033504226e-04 8.869807326477752336e-04
1.555890120967742121e+02 5.043539652890948865e-04 8.889252434015366012e-04
1.557140120967742121e+02 5.060552327433611971e-04 8.908542573657316508e-04
1.558390120967742121e+02 5.077577302852159368e-04 8.927677038002391563e-04
1.559640120967742121e+02 5.094613506076607493e-04 8.946655133806353122e-04
1.560890120967742121e+02 5.111659871764655206e-04 8.965476181882680792e-04
1.562140120967742121e+02 5.128715342291212571e-04 8.984139517026195221e-04
1.563390120967742121e+02 5.145778867732022895e-04 9.002644487947472542e-04
1.564640120967742121e+02 5.162849405854534829e-04 9.020990457219397541e-04
1.565890120967742121e+02 5.179925922100904251e-04 9.039176801195228329e-04
1.567140120967742121e+02 5.197007389576683862e-04 9.057202909914849722e-04
1.568390120967742121e+02 5.214092789036317652e-04 9.075068187059340827e-04
1.569640120967742121e+02 5.231181108868361053e-04 9.092772049877987641e-04
1.570890120967742121e+02 5.248271345080257654e-04 9.110313929104933922e-04
1.572140120967742121e+02 5.265362501285626934e-04 9.127693268886792263e-04
1.573390120967742121e+02 5.282453588685881614e-04 9.144909526706877876e-04
1.574640120967742121e+02 5.299543626058189757e-04 9.161962173331426743e-04
1.575890120967742121e+02 5.316631639736514245e-04 9.178850692703000112e-04
1.577140120967742121e+02 5.333716663597036760e-04 9.195574581905590532e-04
1.578390120967742121e+02 5.350797739042639604e-04 9.212133351044206027e-04
1.579640120967742121e+02 5.363152015463391788e-04 9.228526523239025158e-04
1.580890120967742121e+02 5.357294991014469997e-04 9.244753634469572235e-04
1.582140120967742121e+02 5.351522628346194136e-04 9.260814233572430736e-04
1.583390120967742121e+02 5.345834417576029790e-04 9.276707882106724175e-04
1.584640120967742121e+02 5.340229848935712032e-04 9.292434154329024410e-04
1.585890120967742121e+02 5.334708412793797913e-04 9.307992637097388909e-04
1.587140120967742121e+02 5.329269599673781312e-04 9.323382929786330027e-04
1.588390120967742121e+02 5.323912900277448816e-04 9.338604644224760692e-04
1.589640120967742121e+02 5.318637805504153587e-04 9.353657404626358274e-04
1.590890120967742121e+02 5.313443806468109466e-04 9.368540847499382809e-04
1.592140120967742121e+02 5.308330394521578810e-04 9.383254621584739786e-04
1.593390120967742121e+02 5.303297061272453910e-04 9.397798387777532700e-04
1.594640120967742121e+02 5.298343298603701073e-04 9.412171819044171453e-04
1.595890120967742121e+02 5.293468598695320057e-04 9.426374600347677338e-04
1.597140120967742121e+02 5.288672454039174868e-04 9.440406428582223241e-04
1.598390120967742121e+02 5.283954357460221357e-04 9.454267012490662724e-04
1.599640120967742121e+02 5.279313802136970449e-04 9.467956072595881591e-04
1.600890120967742121e+02 5.274750281616700587e-04 9.481473341102374022e-04
1.602140120967742121e+02 5.270263289834598236e-04 9.494818561856037094e-04
1.603390120967742121e+02 5.265852321132671789e-04 9.507991490241137975e-04
1.604640120967742121e+02 5.261516870279287807e-04 9.520991893112703067e-04
1.605890120967742121e+02 5.257256432482517545e-04 9.533819548712154073e-04
1.607140120967742121e+02 5.253070503413927606e-04 9.546474246617625515e-04
1.608390120967742121e+02 5.248958579220527844e-04 9.558955787641114062e-04
1.609640120967742121e+02 5.244920156544465896e-04 9.571263983754671467e-04
1.610890120967742121e+02 5.240954732542681604e-04 9.583398658032691404e-04
1.612140120967742121e+02 5.237061804897597244e-04 9.595359644542791021e-04
1.613390120967742121e+02 5.233240871840598094e-04 9.607146788336332847e-04
1.614640120967742121e+02 5.229491432164608093e-04 9.618759945286666163e-04
1.615890120967742121e+02 5.225812985242413947e-04 9.630198982063115911e-04
1.617140120967742121e+02 5.222205031041397263e-04 9.641463776049378044e-04
1.618390120967742121e+02 5.218667070141664579e-04 9.652554215271660779e-04
1.619640120967742121e+02 5.215198603750984419e-04 9.663470198296052931e-04
1.620890120967742121e+02 5.211799133719466305e-04 9.674211634195895937e-04
1.622140120967742121e+02 5.208468162559208667e-04 9.684778442421810782e-04
1.623390120967742121e+02 5.205205193454956556e-04 9.695170552792558172e-04
1.624640120967742121e+02 5.202009730282333580e-04 9.705387905352560280e-04
1.625890120967742121e+02 5.198881277622554534e-04 9.715430450332476981e-04
1.627140120967742121e+02 5.195819340776362816e-04 9.725298148075983175e-04
1.628390120967742121e+02 5.192823425780919043e-04 9.734990968953469550e-04
1.629640120967742121e+02 5.189893039423207214e-04 9.744508893275170879e-04
1.630890120967742121e+02 5.187027689254361355e-04 9.753851911242696765e-04
1.632140120967742121e+02 5.184226883604371641e-04 9.763020022848249626e-04
1.633390120967742121e+02 5.181490131599048900e-04 9.772013237814318118e-04
1.634640120967742121e+02 5.178816943168670049e-04 9.780831575530875809e-04
1.635890120967742121e+02 5.176206829066198108e-04 9.789475064938789328e-04
1.637140120967742121e+02 5.173659300879275644e-04 9.797943744488453888e-04
1.638390120967742121e+02 5.171173871044270611e-04 9.806237662062283669e-04
1.639640120967742121e+02 5.168750052860652871e-04 9.814356874879054827e-04
1.640890120967742121e+02 5.166387360503574191e-04 9.822301449453267434e-04
1.642140120967742121e+02 5.164085309036441735e-04 9.830071461480059582e-04
1.643390120967742121e+02 5.161843414423735506e-04 9.837666995790991450e-04
1.644640120967742121e+02 5.159661193548146325e-04 9.845088146274861684e-04
1.645890120967742121e+02 5.157538164216529187e-04 9.852335015784758742e-04
1.647140120967742121e+02 5.155473845176963181e-04 9.859407716083506013e-04
1.648390120967742121e+02 5.153467756130651698e-04 9.866306367767980166e-04
1.649640120967742121e+02 5.151519417743756490e-04 9.873031100179625440e-04
1.650890120967742121e+02 5.149628351658165973e-04 9.879582051341038659e-04
1.652140120967742121e+02 5.147794080507894863e-04 9.885959367890021551e-04
1.653390120967742121e+02 5.146016127924944294e-04 9.892163204984147102e-04
1.654640120967742121e+02 5.144294018555415227e-04 9.898193726264601418e-04
1.655890120967742121e+02 5.142627278070623694e-04 9.904051103733373974e-04
1.657140120967742121e+02 5.141015433176899813e-04 9.909735517721369059e-04
1.658390120967742121e+02 5.139458011627339460e-04 9.915247156786349825e-04
1.659640120967742121e+02 5.137954542234141400e-04 9.920586217660031392e-04
1.660890120967742121e+02 5.136504554879068761e-04 9.925752905174630488e-04
1.662140120967742121e+02 5.135107580523808578e-04 9.930747432174453094e-04
1.663390120967742121e+02 5.133763151220895136e-04 9.935570019452598725e-04
1.664640120967742121e+02 5.132470800125055058e-04 9.940220895678073855e-04
1.665890120967742121e+02 5.131230061502815507e-04 9.944700297334098642e-04
1.667140120967742121e+02 5.130040470744897697e-04 9.949008468627740850e-04
1.668390120967742121e+02 5.128901564372811018e-04 9.953145661432897650e-04
1.669640120967742121e+02 5.127812880052017410e-04 9.957112135202254074e-04
1.670890120967742121e+02 5.126773956600628838e-04 9.960908156912589347e-04
1.672140120967742121e+02 5.125784333999975012e-04 9.964534000987406055e-04
1.673390120967742121e+02 5.124843553402477943e-04 9.967989949217941677e-04
1.674640120967742121e+02 5.123951157144650444e-04 9.971276290711185430e-04
1.675890120967742121e+02 5.123106688753408357e-04 9.974393321804009456e-04
1.677140120967742121e+02 5.122309692955250493e-04 9.977341345991385963e-04
1.678390120967742121e+02 5.121559715689302664e-04 9.980120673865004038e-04
1.679640120967742121e+02 5.120856304112403681e-04 9.982731623031312635e-04
1.680890120967742121e+02 5.120199006608203976e-04 9.985174518053084244e-04
1.682140120967742121e+02 5.119587372799313000e-04 9.987449690390659812e-04
1.683390120967742121e+02 5.119020953552091404e-04 9.989557478296030857e-04
1.684640120967742121e+02 5.118499300988237901e-04 9.991498226770989272e-04
1.685890120967742121e+02 5.118021968490985485e-04 9.993272287498536355e-04
1.687140120967742121e+02 5.117588510714968751e-04 9.994880018760880259e-04
1.688390120967742121e+02 5.117198483592512274e-04 9.996321785386724258e-04
1.689640120967742121e+02 5.116851444346490327e-04 9.997597958659491194e-04
1.690890120967742121e+02 5.116546951491213755e-04 9.998708916276002369e-04
1.692140120967742121e+02 5.116284564845884932e-04 9.999655042254237958e-04
1.693390120967742121e+02 5.116063845538996362e-04 1.000043672687875394e-03
1.694640120967742121e+02 5.115884356017941052e-04 1.000105436663550852e-03
1.695890120967742121e+02 5.115745660055758415e-04 1.000150836414142588e-03
1.697140120967742121e+02 5.115647322758977390e-04 1.000179912807799528e-03
1.698390120967742121e+02 5.115588910573385479e-04 1.000192707311000359e-03
1.699640120967742121e+02 5.115569991292893189e-04 1.000189261983604368e-03
1.700890120967742121e+02 5.115590134066942381e-04 1.000169619471859631e-03
1.702140120967742121e+02 5.115648909404261948e-04 1.000133823002545292e-03
1.703390120967742121e+02 5.115745889183170988e-04 1.000081916373784033e-03
1.704640120967742121e+02 5.115880646656542283e-04 1.000013943950853581e-03
1.705890120967742121e+02 5.116052756458036458e-04 9.999299506589743800e-04
1.707140120967742121e+02 5.116261794610160859e-04 9.998299819772489029e-04
1.708390120967742121e+02 5.116507338529588649e-04 9.997140839303469018e-04
1.709640120967742121e+02 5.116788967032640531e-04 9.995823030849414204e-04
1.710890120967742121e+02 5.117106260342838388e-04 9.994346865402742829e-04
1.712140120967742121e+02 5.117458800097437598e-04 9.992712819241109361e-04
1.713390120967742121e+02 5.117846169350482319e-04 9.990921373842793357e-04
1.714640120967742121e+02 5.118267952580931581e-04 9.988973015834161188e-04
1.715890120967742121e+02 5.118723735698427245e-04 9.986868236945790553e-04
1.717140120967742121e+02 5.119213106048065573e-04 9.984607533898893789e-04
1.718390120967742121e+02 5.119735652415850768e-04 9.982191408396362368e-04
1.719640120967742121e+02 5.120290965034684106e-04 9.979620367021528431e-04
1.720890120967742121e+02 5.120878635589544252e-04 9.976894921197561415e-04
1.722140120967742121e+02 5.121498257221339433e-04 9.974015587108715948e-04
1.723390120967742121e+02 5.122149424535016185e-04 9.970982885663776888e-04
1.724640120967742121e+02 5.122831733602066029e-04 9.967797342399725789e-04
1.725890120967742121e+02 5.123544781965137665e-04 9.964459487453499603e-04
1.727140120967742121e+02 5.124288168644452199e-04 9.960969855472418238e-04
1.728390120967742121e+02 5.125061494141757226e-04 9.957328985577185067e-04
1.729640120967742121e+02 5.125864360444970470e-04 9.953537421291240323e-04
1.730890120967742121e+02 5.126696371032172898e-04 9.949595710477380801e-04
1.732140120967742121e+02 5.127557130877124060e-04 9.945504405274377402e-04
1.733390120967742121e+02 5.128446246452241473e-04 9.941264062051521043e-04
1.734640120967742121e+02 5.129363325734852134e-04 9.936875241334471899e-04
1.735890120967742121e+02 5.130307978208697387e-04 9.932338507756825925e-04
1.737140120967742121e+02 5.131279814869080724e-04 9.927654429991807951e-04
1.738390120967742121e+02 5.132278448227689223e-04 9.922823580712442429e-04
1.739640120967742121e+02 5.133303492315280207e-04 9.917846536500317823e-04
1.740890120967742121e+02 5.134354562685724231e-04 9.912723877813600475e-04
1.742140120967742121e+02 5.135431276420387428e-04 9.907456188922357607e-04
1.743390120967742121e+02 5.136533252129909599e-04 9.902044057849860789e-04
1.744640120967742121e+02 5.137660109958792562e-04 9.896488076319932738e-04
1.745890120967742121e+02 5.138811471591497697e-04 9.890788839685981954e-04
1.747140120967742121e+02 5.139986960249720268e-04 9.884946946889449585e-04
1.748390120967742121e+02 5.141186200700329032e-04 9.878963000388360505e-04
1.749640120967742121e+02 5.142408819257128071e-04 9.872837606136500126e-04
1.750890120967742121e+02 5.143654443783504410e-04 9.866571373478151379e-04
1.752140120967742121e+02 5.144922703695784709e-04 9.860164915116429504e-04
1.753390120967742121e+02 5.146213229966328491e-04 9.853618847061238178e-04
1.754640120967742121e+02 5.147525655125531749e-04 9.846933788580259240e-04
1.755890120967742121e+02 5.148859613264598163e-04 9.840110362112203506e-04
1.757140120967742121e+02 5.150214740040345374e-04 9.833149193260086549e-04
1.758390120967742121e+02 5.151590672674287745e-04 9.826050910683259507e-04
1.759640120967742121e+02 5.152987049957045811e-04 9.818816146098714465e-04
1.760890120967742121e+02 5.154403512250740199e-04 9.811445534184748754e-04
1.762140120967742121e+02 5.155839701489965243e-04 9.803939712537410381e-04
1.763390120967742121e+02 5.157295261186484658e-04 9.796299321639123387e-04
1.764640120967742121e+02 5.158769836428109398e-04 9.788525004777407380e-04
1.765890120967742121e+02 5.160263073883485487e-04 9.780617408011468925e-04
1.767140120967742121e+02 5.161774621802462651e-04 9.772577180103864287e-04
1.768390120967742121e+02 5.163304130020100443e-04 9.764404972482957842e-04
1.769640120967742121e+02 5.164851249954779564e-04 9.756101439194446315e-04
1.770890120967742121e+02 5.166415634612925734e-04 9.747667236833441103e-04
1.772140120967742121e+02 5.167996938589847775e-04 9.739103024502686378e-04
1.773390120967742121e+02 5.169594818071705442e-04 9.730409463756534020e-04
1.774640120967742121e+02 5.171208930835265475e-04 9.721587218564055810e-04
1.775890120967742121e+02 5.172838936252038920e-04 9.712636955240217191e-04
1.777140120967742121e+02 5.174484495287830091e-04 9.703559342412738627e-04
1.778390120967742121e+02 5.176145270503727542e-04 9.694355050965895986e-04
1.779640120967742121e+02 5.177820926059626631e-04 9.685024753978590910e-04
1.780890120967742121e+02 5.179511127712623821e-04 9.675569126703569911e-04
1.782140120967742121e+02 5.181215542818891264e-04 9.665988846490113171e-04
1.783390120967742121e+02 5.182933840336216005e-04 9.656284592751968173e-04
1.784640120967742121e+02 5.184665690822866987e-04 9.646457046918767691e-04
1.785890120967742121e+02 5.186410766440081128e-04 9.636506892378219041e-04
1.787140120967742121e+02 5.185868114316118148e-04 9.626434814437576960e-04
1.788390120967742121e+02 5.181078254676359414e-04 9.616241500273053650e-04
1.789640120967742121e+02 5.176312997792904260e-04 9.605927638877823690e-04
1.790890120967742121e+02 5.171572168082163136e-04 9.595493921040409383e-04
1.792140120967742121e+02 5.166855590535826331e-04 9.584941039255908454e-04
1.793390120967742121e+02 5.162163090722212723e-04 9.574269687718675679e-04
1.794640120967742121e+02 5.157494494787436380e-04 9.563480562247773150e-04
1.795890120967742121e+02 5.152849629457328853e-04 9.552574360261673666e-04
1.797140120967742121e+02 5.148228322038521203e-04 9.541551780722228081e-04
1.798390120967742121e+02 5.143630400419565074e-04 9.530413524102547985e-04
1.799640120967742121e+02 5.139055693072762821e-04 9.519160292324367004e-04
1.800890120967742121e+02 5.134504029055202926e-04 9.507792788714513341e-04
1.802140120967742121e+02 5.129975238009758546e-04 9.496311717989089091e-04
1.803390120967742121e+02 5.125469150166755018e-04 9.484717786172394693e-04
1.804640120967742121e+02 5.120985596344972742e-04 9.473011700580501095e-04
1.805890120967742121e+02 5.116524407952529729e-04 9.461194169763227592e-04
1.807140120967742121e+02 5.112085416988456938e-04 9.449265903457936379e-04
1.808390120967742121e+02 5.107668456043568898e-04 9.437227612571137984e-04
1.809640120967742121e+02 5.103273358301296369e-04 9.425080009105128720e-04
1.810890120967742121e+02 5.098899957539095810e-04 9.412823806133402069e-04
1.812140120967742121e+02 5.094548088129415399e-04 9.400459717773740950e-04
1.813390120967742121e+02 5.090217585040134139e-04 9.387988459106144700e-04
1.814640120967742121e+02 5.085908283836300912e-04 9.375410746167199896e-04
1.815890120967742121e+02 5.081620020680478180e-04 9.362727295887336492e-04
1.817140120967742121e+02 5.077352632333599581e-04 9.349938826064200896e-04
1.818390120967742121e+02 5.073105956156152797e-04 9.337046055328452644e-04
1.819640120967742121e+02 5.068879830108890790e-04 9.324049703076394248e-04
1.820890120967742121e+02 5.064674092753316441e-04 9.310950489450739616e-04
1.822140120967742121e+02 5.060488583252823131e-04 9.297749135307683578e-04
1.823390120967742121e+02 5.056323141373273702e-04 9.284446362154506055e-04
1.824640120967742121e+02 5.052177607483634720e-04 9.271042892129919806e-04
1.825890120967742121e+02 5.048051822556747338e-04 9.257539447954704539e-04
1.827140120967742121e+02 5.043945628169989748e-04 9.243936752908758683e-04
1.828390120967742121e+02 5.039858866505689174e-04 9.230235530764208454e-04
1.829640120967742121e+02 5.035791380352008751e-04 9.216436505779476186e-04
1.830890120967742121e+02 5.031743013103355186e-04 9.202540402638009895e-04
1.832140120967742121e+02 5.027713608760810268e-04 9.188547946429716316e-04
1.833390120967742121e+02 5.023703011932805244e-04 9.174459862606881583e-04
1.834640120967742121e+02 5.019711067835658583e-04 9.160276876932777878e-04
1.835890120967742121e+02 5.015737622293915329e-04 9.145999715466360995e-04
1.837140120967742121e+02 5.011782521740508652e-04 9.131629104515952148e-04
1.838390120967742121e+02 5.007845613217631539e-04 9.117165770612412632e-04
1.839640120967742121e+02 5.003926744377170483e-04 9.102610440460076092e-04
1.840890120967742121e+02 5.000025763480384555e-04 9.087963840903610967e-04
1.842140120967742121e+02 4.996142519398892026e-04 9.073226698908834443e-04
1.843390120967742121e+02 4.992276861614795055e-04 9.058399741511936019e-04
1.844640120967742121e+02 4.988428640220674264e-04 9.043483695785944215e-04
1.845890120967742121e+02 4.984597705920298895e-04 9.028479288821042881e-04
1.847140120967742121e+02 4.980783910028610539e-04 9.013387247670377354e-04
1.848390120967742121e+02 4.976987104471778441e-04 8.998208299331324862e-04
1.849640120967742121e+02 4.973207141787716655e-04 8.982943170703906700e-04
1.850890120967742121e+02 4.969443875126108986e-04 8.967592588557694042e-04
1.852140120967742121e+02 4.965697158248325504e-04 8.952157279518329139e-04
1.853390120967742121e+02 4.961966845527920195e-04 8.936637970005031906e-04
1.854640120967742121e+02 4.958252791950491095e-04 8.921035386216995353e-04
1.855890120967742121e+02 4.954554853113641265e-04 8.905350254092426598e-04
1.857140120967742121e+02 4.950872885227261761e-04 8.889583299288406721e-04
1.858390120967742121e+02 4.947206745113615122e-04 8.873735247133319234e-04
1.859640120967742121e+02 4.943556290206822541e-04 8.857806822617203925e-04
1.860890120967742121e+02 4.939921378553490533e-04 8.841798750338351236e-04
1.862140120967742121e+02 4.936301868812276172e-04 8.825711754487171497e-04
1.863390120967742121e+02 4.932697620253774333e-04 8.809546558807124618e-04
1.864640120967742121e+02 4.929108492760759467e-04 8.793303886570489258e-04
1.865890120967742121e+02 4.925534346827911301e-04 8.776984460557506022e-04
1.867140120967742121e+02 4.921975043561406093e-04 8.760589003002504545e-04
1.868390120967742121e+02 4.918430444679276585e-04 8.744118235581086048e-04
1.869640120967742121e+02 4.914900412510955557e-04 8.727572879380518121e-04
1.870890120967742121e+02 4.911384809996942975e-04 8.710953654868664733e-04
1.872140120967742121e+02 4.907883500688911159e-04 8.694261281862808921e-04
1.873390120967742121e+02 4.904396348749430479e-04 8.677496479510910183e-04
1.874640120967742121e+02 4.900923218951356783e-04 8.660659966251063992e-04
1.875890120967742121e+02 4.897463976677995110e-04 8.643752459792565122e-04
1.877140120967742121e+02 4.894018487922671429e-04 8.626774677081682635e-04
1.878390120967742121e+02 4.890586619288337994e-04 8.609727334276155112e-04
1.879640120967742121e+02 4.887168237987292527e-04 8.592611146731709681e-04
1.880890120967742121e+02 4.883763211840919105e-04 8.575426828950358585e-04
1.882140120967742121e+02 4.880371409279098886e-04 8.558175094576892872e-04
1.883390120967742121e+02 4.876992699340088684e-04 8.540856656354486485e-04
1.884640120967742121e+02 4.873626951670070482e-04 8.523472226110720895e-04
1.885890120967742121e+02 4.870274036522453747e-04 8.506022514731735552e-04
1.887140120967742121e+02 4.866933824757852661e-04 8.488508232134943940e-04
1.888390120967742121e+02 4.863606187843385188e-04 8.470930087236926012e-04
1.889640120967742121e+02 4.860290997852130968e-04 8.453288787929918351e-04
1.890890120967742121e+02 4.856988127462952970e-04 8.435585041071703982e-04
1.892140120967742121e+02 4.853697449959684337e-04 8.417819552437998554e-04
1.893390120967742121e+02 4.850418839230688744e-04 8.399993026725702944e-04
1.894640120967742121e+02 4.847152169768387687e-04 8.382106167497579670e-04
1.895890120967742121e+02 4.843897316668705909e-04 8.364159677189161434e-04
1.897140120967742121e+02 4.840654155630378058e-04 8.346154257063491096e-04
1.898390120967742121e+02 4.837422562954535061e-04 8.328090607190985874e-04
1.899640120967742121e+02 4.834202415543952230e-04 8.309969426432864230e-04
1.900890120967742121e+02 4.830993590902359167e-04 8.291791412427651888e-04
1.902140120967742121e+02 4.827795967134138901e-04 8.273557261541296609e-04
1.903390120967742121e+02 4.824609422943376496e-04 8.255267668868415025e-04
1.904640120967742121e+02 4.821433837633109327e-04 8.236923328193358936e-04
1.905890120967742121e+02 4.818269091105025132e-04 8.218524931993191444e-04
1.907140120967742121e+02 4.815115063858477012e-04 8.200073171388767759e-04
1.908390120967742121e+02 4.811971636989746713e-04 8.181568736135163850e-04
1.909640120967742121e+02 4.808838692191509580e-04 8.163012314606427153e-04
1.910890120967742121e+02 4.805716111752001882e-04 8.144404593758693090e-04
1.912140120967742121e+02 4.802603778554106833e-04 8.125746259127311936e-04
1.913390120967742121e+02 4.799501576074866700e-04 8.107037994788425777e-04
1.914640120967742121e+02 4.796409388384582375e-04 8.088280483364866571e-04
1.915890120967742121e+02 4.793327100145749770e-04 8.069474405974138296e-04
1.917140120967742121e+02 4.790254596612786059e-04 8.054194153299193632e-04
1.918390120967742121e+02 4.787191763630817536e-04 8.054586386909748895e-04
1.919640120967742121e+02 4.784138487634734195e-04 8.054911309320307100e-04
1.920890120967742121e+02 4.781094655648739241e-04 8.055169103593213913e-04
1.922140120967742121e+02 4.778060155285243746e-04 8.055359953890541859e-04
1.923390120967742121e+02 4.775034874743845875e-04 8.055484045457852234e-04
1.924640120967742121e+02 4.772018702810816430e-04 8.055541564609732929e-04
1.925890120967742121e+02 4.769011528857917612e-04 8.055532698714098095e-04
1.927140120967742121e+02 4.766013242841402302e-04 8.055457636177453841e-04
1.928390120967742121e+02 4.763023735301402575e-04 8.055316566429813726e-04
1.929640120967742121e+02 4.760042897360839526e-04 8.055109679909777968e-04
1.930890120967742121e+02 4.757070620724239331e-04 8.054837168049538932e-04
1.932140120967742121e+02 4.754106797677146146e-04 8.054499223260825529e-04
1.933390120967742121e+02 4.751151321084988032e-04 8.054096038919251674e-04
1.934640120967742121e+02 4.748204084391824701e-04 8.053627809350900370e-04
1.935890120967742121e+02 4.745264981619924140e-04 8.053094729817068982e-04
1.937140120967742121e+02 4.742333907368276704e-04 8.052496996499858024e-04
1.938390120967742121e+02 4.739410756811551035e-04 8.051834806488808362e-04
1.939640120967742121e+02 4.736495425699423483e-04 8.051108357765558677e-04
1.940890120967742121e+02 4.733587810355296033e-04 8.050317849190574823e-04
1.942140120967742121e+02 4.730687807675110733e-04 8.049463480488787404e-04
1.943390120967742121e+02 4.727795315126601052e-04 8.048545452235725912e-04
1.944640120967742121e+02 4.724910230748066730e-04 8.047563965843485901e-04
1.945890120967742121e+02 4.722032453147053223e-04 8.046519223547565682e-04
1.947140120967742121e+02 4.719161881499741294e-04 8.045411428392298990e-04
1.948390120967742121e+02 4.716298415549448645e-04 8.044240784218191498e-04
1.949640120967742121e+02 4.713441955605500184e-04 8.043007495647668979e-04
1.950890120967742121e+02 4.710592402542408902e-04 8.041711768072174219e-04
1.952140120967742121e+02 4.707749657798543938e-04 8.040353807638644847e-04
1.953390120967742121e+02 4.704913623374830075e-04 8.038933821236299076e-04
1.954640120967742121e+02 4.702084201833853271e-04 8.037452016483208946e-04
1.955890120967742121e+02 4.699261296298733095e-04 8.035908601713979450e-04
1.957140120967742121e+02 4.696444810451523523e-04 8.034303785965715705e-04
1.958390120967742121e+02 4.693634648532478393e-04 8.032637778966248516e-04
1.959640120967742121e+02 4.690830715338720007e-04 8.030910791120134075e-04
1.960890120967742121e+02 4.688032916222828581e-04 8.029123033496861090e-04
1.962140120967742121e+02 4.685241157091964040e-04 8.027274717818005164e-04
1.963390120967742121e+02 4.682455344406456560e-04 8.025366056444164153e-04
1.964640120967742121e+02 4.679675385178487090e-04 8.023397262362980988e-04
1.965890120967742121e+02 4.676901186971086093e-04 8.021368549176661252e-04
1.967140120967742121e+02 4.674132657896738177e-04 8.019280131089448482e-04
1.968390120967742121e+02 4.671369706616222543e-04 8.017132222895603615e-04
1.969640120967742121e+02 4.668612242337053355e-04 8.014925039967190365e-04
1.970890120967742121e+02 4.665860174812708878e-04 8.012658798241748936e-04
1.972140120967742121e+02 4.663113414340986198e-04 8.010333714210880448e-04
1.973390120967742121e+02 4.660371871762672533e-04 8.007950004907665861e-04
1.974640120967742121e+02 4.657635458460669740e-04 8.005507887895330641e-04
1.975890120967742121e+02 4.654904086358276397e-04 8.003007581255301185e-04
1.977140120967742121e+02 4.652177667917908443e-04 8.000449303575558327e-04
1.978390120967742121e+02 4.649456116140051297e-04 7.997833273939022273e-04
1.979640120967742121e+02 4.646739344561805945e-04 7.995159711912164149e-04
1.980890120967742121e+02 4.644027267255346658e-04 7.992428837533298780e-04
1.982140120967742121e+02 4.641319798826976117e-04 7.989640871301773029e-04
1.983390120967742121e+02 4.638616854415527832e-04 7.986796034165955004e-04
1.984640120967742121e+02 4.635918349690962650e-04 7.983894547512723804e-04
1.985890120967742121e+02 4.633224200853240096e-04 7.980936633156012752e-04
1.987140120967742121e+02 4.630534324630853618e-04 7.977922513325861123e-04
1.988390120967742121e+02 4.627848638279284514e-04 7.974852410657456113e-04
1.989640120967742121e+02 4.625167059579929655e-04 7.971726548180291900e-04
1.990890120967742121e+02 4.622489506838605290e-04 7.968545149307245225e-04
1.992140120967742121e+02 4.619815898883960310e-04 7.965308437824085734e-04
1.993390120967742121e+02 4.617146155066337841e-04 7.962016637878658893e-04
1.994640120967742121e+02 4.614480195256489376e-04 7.958669973970257557e-04
1.995890120967742121e+02 4.611817939843602617e-04 7.955268670939473832e-04
1.997140120967742121e+02 4.609159309734541985e-04 7.951812953957309357e-04
1.998390120967742121e+02 4.606504226352077578e-04 7.948303048515273275e-04
1.999640120967742121e+02 4.603852611633480591e-04 7.944739180414934869e-04
2.000890120967742121e+02 4.601204388029182151e-04 7.941121575757680018e-04
2.002140120967742121e+02 4.598559478501409938e-04 7.937450460934759302e-04
2.003390120967742121e+02 4.595917806522477854e-04 7.933726062617143127e-04
2.004640120967742121e+02 4.593279296073656285e-04 7.929948607745667408e-04
2.005890120967742121e+02 4.590643871643618440e-04 7.926118323520962416e-04
2.007140120967742121e+02 4.588011458226788565e-04 7.922235437393761095e-04
2.008390120967742121e+02 4.585381981322213837e-04 7.918300177055554324e-04
2.009640120967742121e+02 4.582755366931931008e-04 7.914312770427915861e-04
2.010890120967742121e+02 4.580131541559428468e-04 7.910273445654139894e-04
2.012140120967742121e+02 4.577510432208267135e-04 7.906182431088947622e-04
2.013390120967742121e+02 4.574891966380846098e-04 7.902039955289044942e-04
2.014640120967742121e+02 4.572276072076326362e-04 7.897846247004351250e-04
2.015890120967742121e+02 4.569662677789724462e-04 7.893601535167980333e-04
2.017140120967742121e+02 4.567051712510176108e-04 7.889306048887819367e-04
2.018390120967742121e+02 4.564443105719387405e-04 7.884960017436163943e-04
2.019640120967742121e+02 4.561836787390296404e-04 7.880563670242106975e-04
2.020890120967742121e+02 4.559232687985560642e-04 7.876117236881604146e-04
2.022140120967742121e+02 4.556630738455824041e-04 7.871620947068567195e-04
2.023390120967742121e+02 4.554030870238528084e-04 7.867075030646377863e-04
2.024640120967742121e+02 4.551433015256277381e-04 7.862479717579096096e-04
2.025890120967742121e+02 4.548837105915132044e-04 7.857835237942051342e-04
2.027140120967742121e+02 4.546243075103463321e-04 7.853141821914138209e-04
2.028390120967742121e+02 4.543650856190159233e-04 7.848399699768695073e-04
2.029640120967742121e+02 4.541060383023122959e-04 7.843609101864893341e-04
2.030890120967742121e+02 4.538471589927878008e-04 7.838770258639586423e-04
2.032140120967742121e+02 4.535884411705943544e-04 7.833883400599086057e-04
2.033390120967742121e+02 4.533298783633313246e-04 7.828948758310053926e-04
2.034640120967742121e+02 4.530714641458938514e-04 7.823966562392331830e-04
2.035890120967742121e+02 4.528131921403224136e-04 7.818937043510038216e-04
2.037140120967742121e+02 4.525550560156274592e-04 7.813860432363516897e-04
2.038390120967742121e+02 4.522970494876710646e-04 7.808736959681741125e-04
2.039640120967742121e+02 4.520391663189892340e-04 7.803566856213889347e-04
2.040890120967742121e+02 4.517814003186275884e-04 7.798350352721856614e-04
2.042140120967742121e+02 4.515237453420171704e-04 7.793087679971635179e-04
2.043390120967742121e+02 4.512661952907937079e-04 7.787779068726655325e-04
2.044640120967742121e+02 4.510087441126438734e-04 7.782424749739322084e-04
2.045890120967742121e+02 4.507513858011653689e-04 7.777024953743422566e-04
2.047140120967742121e+02 4.504941143957004999e-04 7.771579911446844461e-04
2.048390120967742121e+02 4.502369239811692628e-04 7.766089853524093959e-04
2.049640120967742121e+02 4.499798086879354462e-04 7.760555010608217357e-04
2.050890120967742121e+02 4.497227626916341882e-04 7.754975613284348975e-04
2.052140120967742121e+02 4.494657802130204590e-04 7.749351892081821416e-04
2.053390120967742121e+02 4.492088555178106596e-04 7.743684077466810338e-04
2.054640120967742121e+02 4.489519829165309413e-04 7.737972399835571198e-04
2.055890120967742121e+02 4.486951567643414026e-04 7.732217089507281357e-04
2.057140120967742121e+02 4.484383714609028408e-04 7.726418376716336816e-04
2.058390120967742121e+02 4.481816214502130913e-04 7.720576491606315379e-04
2.059640120967742121e+02 4.479249012204248822e-04 7.714691664222254972e-04
2.060890120967742121e+02 4.476682053037287943e-04 7.708764124504404293e-04
2.062140120967742121e+02 4.474115282761669411e-04 7.702794102280606297e-04
2.063390120967742121e+02 4.471548647574714766e-04 7.696781827260450008e-04
2.064640120967742121e+02 4.468982094109292874e-04 7.690727529028212363e-04
2.065890120967742121e+02 4.466415569432092788e-04 7.684631437035675371e-04
2.067140120967742121e+02 4.463849021041955164e-04 7.678493780596645476e-04
2.068390120967742121e+02 4.461282396868478518e-04 7.672314788879679636e-04
2.069640120967742121e+02 4.458715645270366901e-04 7.666094690901661436e-04
2.070890120967742121e+02 4.456148715033623076e-04 7.659833715521749062e-04
2.072140120967742121e+02 4.453581555370404147e-04 7.653532091435067417e-04
2.073390120967742121e+02 4.451014115917064024e-04 7.647190047165798501e-04
2.074640120967742121e+02 4.448446346732574290e-04 7.640807811061887250e-04
2.075890120967742121e+02 4.445878198297178703e-04 7.634385611288316232e-04
2.077140120967742121e+02 4.443309621510632451e-04 7.627923675820947377e-04
2.078390120967742121e+02 4.440740567690533024e-04 7.621422232440827746e-04
2.079640120967742121e+02 4.438170988570964959e-04 7.614881508728307737e-04
2.080890120967742121e+02 4.435600836300713080e-04 7.608301732056359148e-04
2.082140120967742121e+02 4.433030063441667631e-04 7.601683129585710356e-04
2.083390120967742121e+02 4.430458622967374700e-04 7.595025928258333520e-04
2.084640120967742121e+02 4.427886468261390401e-04 7.588330354792163432e-04
2.085890120967742121e+02 4.425313553115485434e-04 7.581596635674771193e-04
2.087140120967742121e+02 4.422739831728402047e-04 7.574824997158577464e-04
2.088390120967742121e+02 4.420165258704026614e-04 7.568015665254651915e-04
2.089640120967742121e+02 4.417589789049720505e-04 7.561168865727246674e-04
2.090890120967742121e+02 4.415013378175061871e-04 7.554284824088709251e-04
2.092140120967742121e+02 4.412435981889937446e-04 7.547363765593716753e-04
2.093390120967742121e+02 4.409857556402995392e-04 7.540405915233893905e-04
2.094640120967742121e+02 4.407278058320168615e-04 7.533411497732744400e-04
2.095890120967742121e+02 4.404697444643104840e-04 7.526380737540470586e-04
2.097140120967742121e+02 4.402115672767292027e-04 7.519313858828137204e-04
2.098390120967742121e+02 4.399532700480834305e-04 7.512211085483440831e-04
2.099640120967742121e+02 4.396948485962662496e-04 7.505072641104990712e-04
2.100890120967742121e+02 4.394362987780862278e-04 7.497898748997325769e-04
2.102140120967742121e+02 4.391776164891305376e-04 7.490689632166220007e-04
2.103390120967742121e+02 4.389187976635907794e-04 7.483445513313575917e-04
2.104640120967742121e+02 4.386598382741095669e-04 7.476166614832554244e-04
2.105890120967742121e+02 4.384007343316096567e-04 7.468853158802575814e-04
2.107140120967742121e+02 4.381414818851575555e-04 7.461505366984894734e-04
2.108390120967742121e+02 4.378820770217876088e-04 7.454123460817783453e-04
2.109640120967742121e+02 4.376225158663358465e-04 7.446707661411386056e-04
2.110890120967742121e+02 4.373627945813160045e-04 7.439258189543904035e-04
2.112140120967742121e+02 4.371029093667244767e-04 7.431775265656375860e-04
2.113390120967742121e+02 4.368428564598876595e-04 7.424259109848347759e-04
2.114640120967742121e+02 4.365826321353268057e-04 7.416709941873497877e-04
2.115890120967742121e+02 4.363222327045797821e-04 7.409127981135268026e-04
2.117140120967742121e+02 4.360616545160386553e-04 7.401513446682086690e-04
2.118390120967742121e+02 4.358008939548093969e-04 7.393866557203498426e-04
2.119640120967742121e+02 4.355399474425463791e-04 7.386187531025830300e-04
2.120890120967742121e+02 4.352788114372813967e-04 7.378476586107446345e-04
2.122140120967742121e+02 4.350174824332883041e-04 7.370733940035407127e-04
2.123390120967742121e+02 4.347559569609166989e-04 7.362959810020658054e-04
2.124640120967742121e+02 4.344942315864184492e-04 7.355154412894167456e-04
2.125890120967742121e+02 4.342323029118186199e-04 7.347317965102973577e-04
2.127140120967742121e+02 4.339701675747408070e-04 7.339450682706158934e-04
2.128390120967742121e+02 4.337078222482390871e-04 7.331552781370885390e-04
2.129640120967742121e+02 4.334452636406820069e-04 7.323624476368320807e-04
2.130890120967742121e+02 4.331824884955505430e-04 7.315665982570081780e-04
2.132140120967742121e+02 4.329194935913011663e-04 7.307677514444435671e-04
2.133390120967742121e+02 4.326562757412133497e-04 7.299659286052015850e-04
2.134640120967742121e+02 4.323928317932305152e-04 7.291611511042930122e-04
2.135890120967742121e+02 4.321291586297898142e-04 7.283534402652430424e-04
2.137140120967742121e+02 4.318652531676924031e-04 7.275428173697500844e-04
2.138390120967742121e+02 4.316011123579290487e-04 7.267293036573402266e-04
2.139640120967742121e+02 4.313367331855219979e-04 7.259129203250093421e-04
2.140890120967742121e+02 4.310721126693850612e-04 7.250936885268479543e-04
2.142140120967742121e+02 4.308072478621600607e-04 7.242716293737270356e-04
2.143390120967742121e+02 4.305421358500527906e-04 7.234467639329681928e-04
2.144640120967742121e+02 4.302767737526942931e-04 7.226191132279427293e-04
2.145890120967742121e+02 4.300111587229830533e-04 7.217886982378281333e-04
2.147140120967742121e+02 4.297452879469127189e-04 7.209555398972108259e-04
2.148390120967742121e+02 4.294791586434395570e-04 7.201196590958108823e-04
2.149640120967742121e+02 4.292127680643318581e-04 7.192810766781091748e-04
2.150890120967742121e+02 4.289461134939835077e-04 7.184398134431009336e-04
2.152140120967742121e+02 4.286791922492938023e-04 7.175958901439339482e-04
2.153390120967742121e+02 4.284120016795043315e-04 7.167493274876106293e-04
2.154640120967742121e+02 4.275084851585207258e-04 7.159001461347001523e-04
2.155890120967742121e+02 4.257064480404957425e-04 7.150483666990511446e-04
2.157140120967742121e+02 4.239085932939335344e-04 7.141940097474422464e-04
2.158390120967742121e+02 4.221149442203806119e-04 7.133370957993593079e-04
2.159640120967742121e+02 4.203255238914997737e-04 7.124776453266763081e-04
2.160890120967742121e+02 4.185403551488307687e-04 7.116156787533629456e-04
2.162140120967742121e+02 4.167594606046808058e-04 7.107512164552301764e-04
2.163390120967742121e+02 4.149828626423911595e-04 7.098842787596610065e-04
2.164640120967742121e+02 4.132105834175017105e-04 7.090148859452883754e-04
2.165890120967742121e+02 4.114426448578677696e-04 7.081430582418023851e-04
2.167140120967742121e+02 4.096790686643198140e-04 7.072688158296488916e-04
2.168390120967742121e+02 4.079198763118187590e-04 7.063921788397427336e-04
2.169640120967742121e+02 4.061650890487714474e-04 7.055131673532825509e-04
2.170890120967742121e+02 4.044147278991551972e-04 7.046318014014362570e-04
2.172140120967742121e+02 4.026688136617320810e-04 7.037481009651455578e-04
2.173390120967742121e+02 4.009273669120760040e-04 7.028620859748169539e-04
2.174640120967742121e+02 3.991904080020113586e-04 7.019737763101593269e-04
2.175890120967742121e+02 3.974579570605426193e-04 7.010831917998976018e-04
2.177140120967742121e+02 3.957300339948533808e-04 7.001903522215435468e-04
2.178390120967742121e+02 3.940066584905160970e-04 6.992952773011841365e-04
2.179640120967742121e+02 3.922878500129542358e-04 6.983979867132638448e-04
2.180890120967742121e+02 3.905736278066680505e-04 6.974985000803161960e-04
2.182140120967742121e+02 3.888640108967356037e-04 6.965968369728053628e-04
2.183390120967742121e+02 3.871590180896486866e-04 6.956930169088790770e-04
2.184640120967742121e+02 3.854586679734352803e-04 6.947870593541529815e-04
2.185890120967742121e+02 3.837629789185927282e-04 6.938789837215219788e-04
2.187140120967742121e+02 3.820719690789696260e-04 6.929688093709587869e-04
2.188390120967742121e+02 3.803856563918521787e-04 6.920565556092745469e-04
2.189640120967742121e+02 3.787040585792346686e-04 6.911422416899828643e-04
2.190890120967742121e+02 3.770271931478308392e-04 6.902258868130518518e-04
2.192140120967742121e+02 3.753550773900837215e-04 6.893075101247538592e-04
2.193390120967742121e+02 3.736877283854236876e-04 6.883871307174421273e-04
2.194640120967742121e+02 3.720251629997633211e-04 6.874647676293959642e-04
2.195890120967742121e+02 3.703673978872085593e-04 6.865404398446427192e-04
2.197140120967742121e+02 3.687144494898845701e-04 6.856141662927412676e-04
2.198390120967742121e+02 3.670663340393588215e-04 6.846859658486650251e-04
2.199640120967742121e+02 3.654230675571100537e-04 6.837558573325912877e-04
2.200890120967742121e+02 3.637846658552056881e-04 6.828238595097409864e-04
2.202140120967742121e+02 3.621511445367836470e-04 6.818899910902278746e-04
2.203390120967742121e+02 3.605225189967072659e-04 6.809542707288980664e-04
2.204640120967742121e+02 3.588988044227903879e-04 6.800167170251403010e-04
2.205890120967742121e+02 3.572800157957900990e-04 6.790773485227786068e-04
2.207140120967742121e+02 3.556661678912031435e-04 6.781361837098938417e-04
2.208390120967742121e+02 3.540572752784802561e-04 6.771932410186681101e-04
2.209640120967742121e+02 3.524533523233043422e-04 6.762485388252644164e-04
2.210890120967742121e+02 3.508544131869865230e-04 6.753020954496757444e-04
2.212140120967742121e+02 3.492604718278098414e-04 6.743539291555587399e-04
2.213390120967742121e+02 3.476715420016302351e-04 6.734040581501493606e-04
2.214640120967742121e+02 3.460876372631544861e-04 6.724525005840821393e-04
2.215890120967742121e+02 3.445087709655078947e-04 6.714992745512992191e-04
2.217140120967742121e+02 3.429349562619017828e-04 6.705443980888746046e-04
2.218390120967742121e+02 3.413662061059749087e-04 6.695878891769411947e-04
2.219640120967742121e+02 3.398025332528339763e-04 6.686297657385534146e-04
2.220890120967742121e+02 3.382439502595220105e-04 6.676700456395314159e-04
2.222140120967742121e+02 3.366904694855886470e-04 6.667087466884079501e-04
2.223390120967742121e+02 3.351421030942636193e-04 6.657458866362738707e-04
2.224640120967742121e+02 3.335988630528065216e-04 6.647814831766716637e-04
2.225890120967742121e+02 3.320607611336036965e-04 6.638155539454987375e-04
2.227140120967742121e+02 3.305278089143456649e-04 6.628481165209142894e-04
2.228390120967742121e+02 3.290000177800139259e-04 6.618791884231942394e-04
2.229640120967742121e+02 3.274773989218577415e-04 6.609087871146845016e-04
2.230890120967742121e+02 3.259599633397537396e-04 6.599369299996760835e-04
2.232140120967742121e+02 3.244477218418552293e-04 6.589636344243087005e-04
2.233390120967742121e+02 3.229406850456635549e-04 6.579889176764928222e-04
2.234640120967742121e+02 3.214388633794416244e-04 6.570127969858222854e-04
2.235890120967742121e+02 3.199422670820525807e-04 6.560352895234777999e-04
2.237140120967742121e+02 3.184509062038364327e-04 6.550564124021419476e-04
2.238390120967742121e+02 3.169647906082056219e-04 6.540761826759338045e-04
2.239640120967742121e+02 3.154839299712456561e-04 6.530946173403328302e-04
2.240890120967742121e+02 3.140083337834596996e-04 6.521117333320647011e-04
2.242140120967742121e+02 3.125380113500860271e-04 6.511275475290843971e-04
2.243390120967742121e+02 3.110729717916577977e-04 6.501420767504786230e-04
2.244640120967742121e+02 3.096132240452726010e-04 6.491553377563731098e-04
2.245890120967742121e+02 3.081587768648780907e-04 6.481673472479207963e-04
2.247140120967742121e+02 3.067096388222278710e-04 6.471781218672000230e-04
2.248390120967742121e+02 3.052658183082816896e-04 6.461876781971570690e-04
2.249640120967742121e+02 3.038273235327865565e-04 6.451960327615646274e-04
2.250890120967742121e+02 3.023941625257767912e-04 6.442032020249669443e-04
2.252140120967742121e+02 3.009663431384327660e-04 6.432092023925856019e-04
2.253390120967742121e+02 2.995438730435843544e-04 6.422140502103337216e-04
2.254640120967742121e+02 2.981267597361907454e-04 6.412177617647152415e-04
2.255890120967742121e+02 2.967150105352508614e-04 6.402203532827993289e-04
2.257140120967742121e+02 2.953086325831538132e-04 6.392218409321723509e-04
2.258390120967742121e+02 2.939076328474605690e-04 6.382222408209046972e-04
2.259640120967742121e+02 2.925120181213527060e-04 6.372215689974984132e-04
2.260890120967742121e+02 2.911217950238607433e-04 6.362198414508534816e-04
2.262140120967742121e+02 2.897369700023392125e-04 6.352170741102350793e-04
2.263390120967742121e+02 2.883575493312155432e-04 6.342132828452543870e-04
2.264640120967742121e+02 2.869835391138515291e-04 6.332084834657948635e-04
2.265890120967742121e+02 2.856149452832503367e-04 6.322026917220395677e-04
2.267140120967742121e+02 2.842517736025852704e-04 6.311959233044093587e-04
2.268390120967742121e+02 2.828940296666368828e-04 6.301881938435380682e-04
2.269640120967742121e+02 2.815417189015228454e-04 6.291795189102742346e-04
2.270890120967742121e+02 2.801948465661306675e-04 6.281699140156390363e-04
2.272140120967742121e+02 2.788534177533837197e-04 6.271593946108111129e-04
2.273390120967742121e+02 2.775174373897775198e-04 6.261479760871195175e-04
2.274640120967742121e+02 2.761869102371171674e-04 6.251356737760347185e-04
2.275890120967742121e+02 2.748618408932484753e-04 6.241225029491229538e-04
2.277140120967742121e+02 2.735422337926382346e-04 6.231084788180852631e-04
2.278390120967742121e+02 2.722280932069698215e-04 6.220936165347096735e-04
2.279640120967742121e+02 2.709194232462320607e-04 6.210779311908976551e-04
2.280890120967742121e+02 2.696162278594000511e-04 6.200614378186147888e-04
2.282140120967742121e+02 2.683185108353662780e-04 6.190441513899444352e-04
2.283390120967742121e+02 2.670262758036936459e-04 6.180260868170493532e-04
2.284640120967742121e+02 2.657395262352742400e-04 6.170072589521793981e-04
2.285890120967742121e+02 2.644582654429149574e-04 6.159876825876850742e-04
2.287140120967742121e+02 2.631824965828586434e-04 6.149673724560265333e-04
2.288390120967742121e+02 2.619122226546495417e-04 6.139463432297497230e-04
2.289640120967742121e+02 2.606474465029712880e-04 6.129246095215417885e-04
2.290890120967742121e+02 2.593881708173182885e-04 6.119021858842085219e-04
2.292140120967742121e+02 2.581343981335454786e-04 6.108790868106938774e-04
2.293390120967742121e+02 2.568861308346661871e-04 6.098553267340998127e-04
2.294640120967742121e+02 2.556433711510047377e-04 6.088309200277102493e-04
2.295890120967742121e+02 2.544061211618304499e-04 6.078058810049846760e-04
2.297140120967742121e+02 2.531743827955322502e-04 6.067802239195999991e-04
2.298390120967742121e+02 2.519481578306676374e-04 6.057539629654746117e-04
2.299640120967742121e+02 2.507274478966343458e-04 6.047271122767584189e-04
2.300890120967742121e+02 2.495122544745461096e-04 6.036996859279041786e-04
2.302140120967742121e+02 2.483025788978624219e-04 6.026716979336583938e-04
2.303390120967742121e+02 2.470984223539133022e-04 6.016431622491148724e-04
2.304640120967742121e+02 2.458997858834465334e-04 6.006140927697134263e-04
2.305890120967742121e+02 2.447066703824888039e-04 5.995845033313077421e-04
2.307140120967742121e+02 2.435190766024723417e-04 5.985544077101753561e-04
2.308390120967742121e+02 2.423370051513067569e-04 5.975238196230533245e-04
2.309640120967742121e+02 2.411604564943497283e-04 5.964927527271845185e-04
2.310890120967742121e+02 2.399894309548332568e-04 5.954612206203551382e-04
2.312140120967742121e+02 2.388239287148248655e-04 5.944292368409129267e-04
2.313390120967742121e+02 2.376639498158194380e-04 5.933968148678423057e-04
2.314640120967742121e+02 2.365094941601438028e-04 5.923639681207832405e-04
2.315890120967742121e+02 2.353605615109172948e-04 5.913307099600750415e-04
2.317140120967742121e+02 2.342171514935725938e-04 5.902970536868128518e-04
2.318390120967742121e+02 2.330792635959057864e-04 5.892630125428982785e-04
2.319640120967742121e+02 2.319468971695424250e-04 5.882285997110586924e-04
2.320890120967742121e+02 2.308200514303513945e-04 5.871938283149353731e-04
2.322140120967742121e+02 2.296987254591413769e-04 5.861587114191129993e-04
2.323390120967742121e+02 2.285829182030095713e-04 5.851232620291739678e-04
2.324640120967742121e+02 2.274726284754221965e-04 5.840874930917523862e-04
2.325890120967742121e+02 2.263678549575377590e-04 5.830514174945950054e-04
2.327140120967742121e+02 2.252685961985787725e-04 5.820150480666236694e-04
2.328390120967742121e+02 2.241748506167615693e-04 5.809783975779646975e-04
2.329640120967742121e+02 2.230866165002010938e-04 5.799414787400499318e-04
2.330890120967742121e+02 2.220038920077025064e-04 5.789043042056467693e-04
2.332140120967742121e+02 2.209266751693530486e-04 5.778668865689274431e-04
2.333390120967742121e+02 2.198549638873262507e-04 5.768292383655396031e-04
2.334640120967742121e+02 2.187887559365426441e-04 5.757913720726732121e-04
2.335890120967742121e+02 2.177280489661587235e-04 5.747533001091029376e-04
2.337140120967742121e+02 2.166728404994447302e-04 5.737150348352898499e-04
2.338390120967742121e+02 2.156231279349567827e-04 5.726765885534271759e-04
2.339640120967742121e+02 2.145789085472059386e-04 5.716379735075118561e-04
2.340890120967742121e+02 2.135401794875678124e-04 5.705992018834228239e-04
2.342140120967742121e+02 2.125069377851144842e-04 5.695602858089990686e-04
2.343390120967742121e+02 2.114791803468160528e-04 5.685212373540856051e-04
2.344640120967742121e+02 2.104569039593011902e-04 5.674820685306426532e-04
2.345890120967742121e+02 2.094401052889063104e-04 5.664427912928029921e-04
2.347140120967742121e+02 2.084287808824179225e-04 5.654034175369488302e-04
2.348390120967742121e+02 2.074229271682068686e-04 5.643639591017910601e-04
2.349640120967742121e+02 2.064225404565278891e-04 5.633244277684528508e-04
2.350890120967742121e+02 2.054276169411220466e-04 5.622848352605545408e-04
2.352140120967742121e+02 2.044381526989017645e-04 5.612451932442715343e-04
2.353390120967742121e+02 2.034541436914026017e-04 5.602055133284499855e-04
2.354640120967742121e+02 2.024755857655009665e-04 5.591658070646692491e-04
2.355890120967742121e+02 2.015024746538131848e-04 5.581260859473269895e-04
2.357140120967742121e+02 2.005348059761965780e-04 5.570863614137306881e-04
2.358390120967742121e+02 1.995725752393180316e-04 5.560466448441948959e-04
2.359640120967742121e+02 1.986157778385805415e-04 5.550069475620971783e-04
2.360890120967742121e+02 1.976644090581186868e-04 5.539672808340067017e-04
2.362140120967742121e+02 1.967184640719322726e-04 5.529276558697470085e-04
2.363390120967742121e+02 1.957779379444310052e-04 5.518880838224931619e-04
2.364640120967742121e+02 1.948428256315752085e-04 5.508485757888675893e-04
2.365890120967742121e+02 1.939131219809928639e-04 5.498091428090392868e-04
2.367140120967742121e+02 1.929888217332620317e-04 5.487697958667915816e-04
2.368390120967742121e+02 1.920699195223286751e-04 5.477305458896532123e-04
2.369640120967742121e+02 1.911564098763107863e-04 5.466914037489627306e-04
2.370890120967742121e+02 1.902482872186403223e-04 5.456523802599899317e-04
2.372140120967742121e+02 1.893455458682076205e-04 5.446134861820114232e-04
2.373390120967742121e+02 1.884481800402558113e-04 5.435747322184252255e-04
2.374640120967742121e+02 1.875561838475595089e-04 5.425361290168432540e-04
2.375890120967742121e+02 1.866695513005386790e-04 5.414976871691936679e-04
2.377140120967742121e+02 1.857882763084109563e-04 5.404594172118214841e-04
2.378390120967742121e+02 1.849123526800574343e-04 5.394213296255933113e-04
2.379640120967742121e+02 1.840417741239428948e-04 5.383834348359856038e-04
2.380890120967742121e+02 1.831765342497966467e-04 5.373457432132196449e-04
2.382140120967742121e+02 1.823166265689481680e-04 5.363082650723368988e-04
2.383390120967742121e+02 1.814620444945955267e-04 5.352710106733081898e-04
2.384640120967742121e+02 1.806127813438201002e-04 5.342339902211527478e-04
2.385890120967742121e+02 1.797688303366843830e-04 5.331972138660491219e-04
2.387140120967742121e+02 1.789301845983608990e-04 5.321606917034135686e-04
2.388390120967742121e+02 1.780968371587203134e-04 5.311244337740389379e-04
2.389640120967742121e+02 1.772687809538518635e-04 5.300884500641879146e-04
2.390890120967742121e+02 1.764460088264705308e-04 5.290527505057216048e-04
2.392140120967742121e+02 1.756285135266607222e-04 5.280173449761757553e-04
2.393390120967742121e+02 1.748162877127041671e-04 5.269822432989069039e-04
2.394640120967742121e+02 1.740093239513997568e-04 5.259474552431898497e-04
2.395890120967742121e+02 1.732076147193191862e-04 5.249129905243313850e-04
2.397140120967742121e+02 1.724111524029749241e-04 5.238788588037838123e-04
2.398390120967742121e+02 1.716199293003056780e-04 5.228450696892612782e-04
2.399640120967742121e+02 1.708339376204519376e-04 5.218116327348561092e-04
2.400890120967742121e+02 1.700531694849576503e-04 5.207785574411501585e-04
2.402140120967742121e+02 1.692776169283625478e-04 5.197458532553375383e-04
2.403390120967742121e+02 1.685072718993249456e-04 5.187135295713272932e-04
2.404640120967742121e+02 1.677421262602693780e-04 5.176815957298881417e-04
2.405890120967742121e+02 1.669821717895354860e-04 5.166500610187443193e-04
2.407140120967742121e+02 1.662274001806030846e-04 5.156189346726938651e-04
2.408390120967742121e+02 1.654778030440370580e-04 5.145882258737416535e-04
2.409640120967742121e+02 1.647333719071252640e-04 5.135579437512229929e-04
2.410890120967742121e+02 1.639940982152749587e-04 5.125280973818974097e-04
2.412140120967742121e+02 1.632599733326501180e-04 5.114986957901008699e-04
2.413390120967742121e+02 1.625309885424711923e-04 5.104697479478473689e-04
2.414640120967742121e+02 1.618071350480274528e-04 5.094412627749736727e-04
2.415890120967742121e+02 1.610884039730329088e-04 5.084132491392274631e-04
2.417140120967742121e+02 1.603747863628216940e-04 5.073857158564261741e-04
2.418390120967742121e+02 1.596662731843908928e-04 5.063586716905632426e-04
2.419640120967742121e+02 1.589628553279356352e-04 5.053321253539374549e-04
2.420890120967742121e+02 1.582645236065250826e-04 5.043060855072770870e-04
2.422140120967742121e+02 1.575712687572986285e-04 5.032805607598666480e-04
2.423390120967742121e+02 1.568830814422862057e-04 5.022555596696741658e-04
2.424640120967742121e+02 1.561999522487266619e-04 5.012310907434763037e-04
2.425890120967742121e+02 1.555218716899842092e-04 5.002071624369901996e-04
2.427140120967742121e+02 1.548488302061015840e-04 4.991837831549857888e-04
2.428390120967742121e+02 1.541808181641835559e-04 4.981609612514447489e-04
2.429640120967742121e+02 1.535178258598679469e-04 4.971387050296619805e-04
2.430890120967742121e+02 1.528598435170027282e-04 4.961170227423780969e-04
2.432140120967742121e+02 1.522068612889968821e-04 4.950959225919212376e-04
2.433390120967742121e+02 1.515588692592698583e-04 4.940754127303380403e-04
2.434640120967742121e+02 1.509158574416660640e-04 4.930555012595104090e-04
2.435890120967742121e+02 1.502778157814963487e-04 4.920361962312898470e-04
2.437140120967742121e+02 1.496447341558261308e-04 4.910175056476374271e-04
2.438390120967742121e+02 1.490166023743063305e-04 4.899994374607611605e-04
2.439640120967742121e+02 1.483934101802142033e-04 4.889819995732205132e-04
2.440890120967742121e+02 1.477751472501523118e-04 4.879651998380905007e-04
2.442140120967742121e+02 1.471618031955590359e-04 4.869490460590769924e-04
2.443390120967742121e+02 1.465533675627644363e-04 4.859335459906572244e-04
2.444640120967742121e+02 1.459498298339472529e-04 4.849187073382097411e-04
2.445890120967742121e+02 1.453511794279892016e-04 4.839045377581551789e-04
2.447140120967742121e+02 1.447574057003836033e-04 4.828910448580732515e-04
2.448390120967742121e+02 1.441684979444917032e-04 4.818782361968693920e-04
2.449640120967742121e+02 1.435844453918164859e-04 4.808661192848827934e-04
2.450890120967742121e+02 1.430052372130949552e-04 4.798547015840223134e-04
2.452140120967742121e+02 1.424308625183279763e-04 4.788439905079279663e-04
2.453390120967742121e+02 1.418613103577886928e-04 4.778339934220825419e-04
2.454640120967742121e+02 1.412965697225337274e-04 4.768247176439510877e-04
2.455890120967742121e+02 1.407366295449264727e-04 4.758161704431281979e-04
2.457140120967742121e+02 1.401814786994745555e-04 4.748083590414766287e-04
2.458390120967742121e+02 1.396311060029805956e-04 4.738012906132510059e-04
2.459640120967742121e+02 1.390855002159425611e-04 4.727949722852413730e-04
2.460890120967742121e+02 1.385446500425429261e-04 4.717894111369158724e-04
2.462140120967742121e+02 1.380085441312663955e-04 4.707846142005663536e-04
2.463390120967742121e+02 1.374771710757630107e-04 4.697805884614209677e-04
2.464640120967742121e+02 1.369505194152167244e-04 4.687773408578095082e-04
2.465890120967742121e+02 1.364285776351216624e-04 4.677748782812916179e-04
2.467140120967742121e+02 1.359113341680234734e-04 4.667732075767974101e-04
2.468390120967742121e+02 1.353987773935946002e-04 4.657723355427660834e-04
2.469640120967742121e+02 1.348908956396312035e-04 4.647722689312909342e-04
2.470890120967742121e+02 1.343876771826239401e-04 4.637730144482450699e-04
2.472140120967742121e+02 1.338891102482314341e-04 4.627745787534481587e-04
2.473390120967742121e+02 1.333951830120147963e-04 4.617769684607842830e-04
2.474640120967742121e+02 1.329058835997227160e-04 4.607801901383412049e-04
2.475890120967742121e+02 1.324212000881954136e-04 4.597842503085772790e-04
2.477140120967742121e+02 1.319411205057161398e-04 4.587891554484337217e-04
2.478390120967742121e+02 1.314656328327583801e-04 4.577949119894948564e-04
2.479640120967742121e+02 1.309947250024405963e-04 4.568015263181127422e-04
2.480890120967742121e+02 1.305283849011481796e-04 4.558090047755734365e-04
2.482140120967742121e+02 1.300666003693430779e-04 4.548173536582183173e-04
2.483390120967742121e+02 1.296093592015001264e-04 4.538265792175881735e-04
2.484640120967742121e+02 1.291566491473075575e-04 4.528366876605741261e-04
2.485890120967742121e+02 1.287084579117148413e-04 4.518476851495640493e-04
2.487140120967742121e+02 1.282647731562167330e-04 4.508595778025631341e-04
2.488390120967742121e+02 1.278255824986505548e-04 4.498723716933609095e-04
2.489640120967742121e+02 1.273908735139524804e-04 4.488860728516608049e-04
2.490890120967742121e+02 1.269606337351449727e-04 4.479006872632280349e-04
2.492140120967742121e+02 1.265348506533715324e-04 4.469162208700308710e-04
2.493390120967742121e+02 1.261135117185523417e-04 4.459326795703866838e-04
2.494640120967742121e+02 1.256966043403956630e-04 4.449500692190944324e-04
2.495890120967742121e+02 1.252841158881045616e-04 4.439683956276006013e-04
2.497140120967742121e+02 1.248760336916820686e-04 4.429876645641223120e-04
2.498390120967742121e+02 1.244723450419828431e-04 4.420078817537915214e-04
2.499640120967742121e+02 1.240730371915048564e-04 4.410290528788197127e-04
2.500890120967742121e+02 1.236780973551554897e-04 4.400511835786179702e-04
2.502140120967742121e+02 1.232875127099299865e-04 4.390742794499543516e-04
2.503390120967742121e+02 1.229012703965697126e-04 4.380983460470865942e-04
2.504640120967742121e+02 1.225193575191028071e-04 4.371233888819273474e-04
2.505890120967742121e+02 1.221417611460626359e-04 4.361494134241677176e-04
2.507140120967742121e+02 1.217684683104643860e-04 4.351764251014254240e-04
2.508390120967742121e+02 1.213994660110215409e-04 4.342044292993966961e-04
2.509640120967742121e+02 1.210347412118993192e-04 4.332334313620026401e-04
2.510890120967742121e+02 1.206742808437636538e-04 4.322634365915165250e-04
2.512140120967742121e+02 1.203180718040559286e-04 4.312944502487267378e-04
2.513390120967742121e+02 1.199661009574905869e-04 4.303264775530724171e-04
2.514640120967742121e+02 1.196183551369865288e-04 4.293595236827913385e-04
2.515890120967742121e+02 1.192748211434793541e-04 4.283935937750614573e-04
2.517140120967742121e+02 1.189354857468720455e-04 4.274286929261500944e-04
2.518390120967742121e+02 1.186003356865185902e-04 4.264648261915469679e-04
2.519640120967742121e+02 1.182693576715458254e-04 4.255019985861320281e-04
2.520890120967742121e+02 1.179425383817457232e-04 4.245402150842946649e-04
2.522140120967742121e+02 1.176198644674950240e-04 4.235794806200956337e-04
2.523390120967742121e+02 1.173013225507075455e-04 4.226198000873971055e-04
2.524640120967742121e+02 1.169868992251470836e-04 4.216611783400292545e-04
2.525890120967742121e+02 1.166765810568811643e-04 4.207036201919147245e-04
2.527140120967742121e+02 1.163703545848290133e-04 4.197471304172136950e-04
2.528390120967742121e+02 1.160682063214572612e-04 4.187917137504892765e-04
2.529640120967742121e+02 1.157701227528472456e-04 4.178373748868306758e-04
2.530890120967742121e+02 1.154760903394226325e-04 4.168841184820021111e-04
2.532140120967742121e+02 1.151860955163916893e-04 4.159319491525945460e-04
2.533390120967742121e+02 1.149001246942432268e-04 4.149808714761720569e-04
2.534640120967742121e+02 1.146181642592739947e-04 4.140308899913993355e-04
2.535890120967742121e+02 1.143402005739012171e-04 4.130820091982049689e-04
2.537140120967742121e+02 1.140662199772823497e-04 4.121342335579169115e-04
2.538390120967742121e+02 1.137962087854490866e-04 4.111875674934095562e-04
2.539640120967742121e+02 1.135301532927278552e-04 4.102420153892458198e-04
2.540890120967742121e+02 1.132680397707063819e-04 4.092975815918245943e-04
2.542140120967742121e+02 1.130098544701529061e-04 4.083542704095163801e-04
2.543390120967742121e+02 1.127555836204992322e-04 4.074120861128256461e-04
2.544640120967742121e+02 1.125052134306289318e-04 4.064710329345151327e-04
2.545890120967742121e+02 1.122587300895168188e-04 4.055311150697625197e-04
2.547140120967742121e+02 1.120161197662452267e-04 4.045923366762925358e-04
2.548390120967742121e+02 1.117773686110232260e-04 4.036547018745412696e-04
2.549640120967742121e+02 1.115424627551707274e-04 4.027182147477789014e-04
2.550890120967742121e+02 1.113113883116049221e-04 4.017828793422582932e-04
2.552140120967742121e+02 1.110841313755784617e-04 4.008486996673732276e-04
2.553390120967742121e+02 1.108606780247528307e-04 3.999156796957835792e-04
2.554640120967742121e+02 1.106410143199099225e-04 3.989838233635640673e-04
2.555890120967742121e+02 1.104251263054173654e-04 3.980531345703517071e-04
2.557140120967742121e+02 1.102130000093270220e-04 3.971236171794937492e-04
2.558390120967742121e+02 1.100046214441526064e-04 3.961952750181724713e-04
2.559640120967742121e+02 1.097999766070117690e-04 3.952681118775662364e-04
2.560890120967741836e+02 1.095990514805225821e-04 3.943421315129843675e-04
2.562140120967741836e+02 1.094018320326900246e-04 3.934173376440127561e-04
2.563390120967741836e+02 1.092083042175336668e-04 3.924937339546532363e-04
2.564640120967741836e+02 1.090184539756518895e-04 3.915713240934685425e-04
2.565890120967741836e+02 1.088322672343753662e-04 3.906501116737238523e-04
2.567140120967741836e+02 1.086497299084613727e-04 3.897301002735315272e-04
2.568390120967741836e+02 1.084708279001930049e-04 3.888112934359885353e-04
2.569640120967741836e+02 1.082955471002871310e-04 3.878936946693235777e-04
2.570890120967741836e+02 1.081238733877443235e-04 3.869773074470299031e-04
2.572140120967741836e+02 1.079557926305255378e-04 3.860621352080246854e-04
2.573390120967741836e+02 1.077912906859518566e-04 3.851481813567724064e-04
2.574640120967741836e+02 1.076303534010261871e-04 3.842354492634317102e-04
2.575890120967741836e+02 1.074729666131453643e-04 3.833239422640005787e-04
2.577140120967741836e+02 1.073191161498878511e-04 3.824136636604610721e-04
2.578390120967741836e+02 1.071687878300840626e-04 3.815046167209040122e-04
2.579640120967741836e+02 1.070219674636339760e-04 3.805968046796846197e-04
2.580890120967741836e+02 1.068786408524481776e-04 3.796902307375649784e-04
2.582140120967741836e+02 1.067387937902745666e-04 3.787848980618371462e-04
2.583390120967741836e+02 1.066024120635685358e-04 3.778808097864820451e-04
2.584640120967741836e+02 1.064694814515906716e-04 3.769779690122990233e-04
2.585890120967741836e+02 1.063399877268258120e-04 3.760763788070509758e-04
2.587140120967741836e+02 1.062139166554326242e-04 3.751760422056007365e-04
2.588390120967741836e+02 1.060912539976554392e-04 3.742769622100518626e-04
2.589640120967741836e+02 1.059719855081640676e-04 3.733791417898879540e-04
2.590890120967741836e+02 1.058560969363045754e-04 3.724825838821130036e-04
2.592140120967741836e+02 1.057435740266952706e-04 3.715872913913889283e-04
2.593390120967741836e+02 1.056344025193316666e-04 3.706932671901757019e-04
2.594640120967741836e+02 1.055285681502712923e-04 3.698005141188643327e-04
2.595890120967741836e+02 1.054260566516329730e-04 3.689090349859294651e-04
2.597140120967741836e+02 1.053268537523446190e-04 3.680188325680526528e-04
2.598390120967741836e+02 1.052309451783174426e-04 3.671299096102638481e-04
2.599640120967741836e+02 1.051383166526260446e-04 3.662422688260840277e-04
2.600890120967741836e+02 1.050489538961245931e-04 3.653559128976661399e-04
2.602140120967741836e+02 1.049628426277991354e-04 3.644708444759165887e-04
2.603390120967741836e+02 1.048799685650999327e-04 3.635870661806468599e-04
2.604640120967741836e+02 1.048003174240451374e-04 3.627045806007119194e-04
2.605890120967741836e+02 1.047238749198086332e-04 3.618233902941319692e-04
2.607140120967741836e+02 1.046506267670723611e-04 3.609434977882435306e-04
2.608390120967741836e+02 1.045805586802740317e-04 3.600649055798288986e-04
2.609640120967741836e+02 1.045136563741606378e-04 3.591876161352596897e-04
2.610890120967741836e+02 1.044499055637011765e-04 3.583116318906175678e-04
2.612140120967741836e+02 1.043892919648081036e-04 3.574369552518468461e-04
2.613390120967741836e+02 1.043318012946179937e-04 3.565635885948792243e-04
2.614640120967741836e+02 1.042774192715891857e-04 3.556915342657739759e-04
2.615890120967741836e+02 1.042261316160873741e-04 3.548207945808505462e-04
2.617140120967741836e+02 1.041779240507884172e-04 3.539513718268260290e-04
2.618390120967741836e+02 1.041327823005656070e-04 3.530832682609412053e-04
2.619640120967741836e+02 1.040906920933374886e-04 3.522164861111113559e-04
2.620890120967741836e+02 1.040516391599361157e-04 3.513510275760446558e-04
2.622140120967741836e+02 1.040156092347187440e-04 3.504868948253797600e-04
2.623390120967741836e+02 1.039825880560393644e-04 3.496240899998231716e-04
2.624640120967741836e+02 1.039525613660674920e-04 3.487626152112867188e-04
2.625890120967741836e+02 1.039255149113914030e-04 3.479024725430037812e-04
2.627140120967741836e+02 1.039014344434413523e-04 3.470436640496783677e-04
2.628390120967741836e+02 1.038803057186282980e-04 3.461861917576163051e-04
2.629640120967741836e+02 1.038621144985403039e-04 3.453300576648455299e-04
2.630890120967741836e+02 1.038468465507759393e-04 3.444752637412603420e-04
2.632140120967741836e+02 1.038344876485012462e-04 3.436218119287466296e-04
2.633390120967741836e+02 1.038250235713386501e-04 3.427697041413220024e-04
2.634640120967741836e+02 1.038184401054478547e-04 3.419189422652511509e-04
2.635890120967741836e+02 1.038147230436566509e-04 3.410695281591934603e-04
2.637140120967741836e+02 1.038138581863265171e-04 3.402214636543236825e-04
2.638390120967741836e+02 1.038158313409044366e-04 3.393747505544669730e-04
2.639640120967741836e+02 1.038206283226998102e-04 3.385293906362269898e-04
2.640890120967741836e+02 1.038282349551137917e-04 3.376853856491174614e-04
2.642140120967741836e+02 1.038386370697248453e-04 3.368427373156860022e-04
2.643390120967741836e+02 1.038518205067048351e-04 3.360014473316571735e-04
2.644640120967741836e+02 1.038677711154599106e-04 3.351615173660468122e-04
2.645890120967741836e+02 1.038864747541376016e-04 3.343229490612968516e-04
2.647140120967741836e+02 1.039079172906235245e-04 3.334857440334043415e-04
2.648390120967741836e+02 1.039320846023508618e-04 3.326499038720555639e-04
2.649640120967741836e+02 1.039589625768141918e-04 3.318154301407379766e-04
2.650890120967741836e+02 1.039885371118990054e-04 3.309823243768842500e-04
2.652140120967741836e+02 1.040207941159713555e-04 3.301505880919904448e-04
2.653390120967741836e+02 1.040557195081590725e-04 3.294006672964038809e-04
2.654640120967741836e+02 1.040932992188127801e-04 3.287880657106250892e-04
2.655890120967741836e+02 1.041335191895751490e-04 3.281756072848072883e-04
2.657140120967741836e+02 1.041763653736924695e-04 3.275632963290243146e-04
2.658390120967741836e+02 1.042218237364953595e-04 3.269511371396693249e-04
2.659640120967741836e+02 1.042698802552256718e-04 3.263391339993053928e-04
2.660890120967741836e+02 1.043205209197074388e-04 3.257272911767982696e-04
2.662140120967741836e+02 1.043737317323869206e-04 3.251156129271288173e-04
2.663390120967741836e+02 1.044294987084644436e-04 3.245041034915849124e-04
2.664640120967741836e+02 1.044878078768208109e-04 3.238927670974467020e-04
2.665890120967741836e+02 1.045486452792929871e-04 3.232816079583631470e-04
2.667140120967741836e+02 1.046119969716192928e-04 3.226706302739203473e-04
2.668390120967741836e+02 1.046778490234411522e-04 3.220598382299682118e-04
2.669640120967741836e+02 1.047461875185341643e-04 3.214492359983362889e-04
2.670890120967741836e+02 1.048169985551089143e-04 3.208388277370521793e-04
2.672140120967741836e+02 1.048902682461936024e-04 3.202286175900946087e-04
2.673390120967741836e+02 1.049659827195833437e-04 3.196186096876028416e-04
2.674640120967741836e+02 1.050441281182131745e-04 3.190088081457128581e-04
2.675890120967741836e+02 1.051246906005189692e-04 3.183992170665570832e-04
2.677140120967741836e+02 1.052076563404445969e-04 3.177898405383344804e-04
2.678390120967741836e+02 1.052930115279113123e-04 3.171806826351736708e-04
2.679640120967741836e+02 1.053807423688763031e-04 3.165717474172720369e-04
2.680890120967741836e+02 1.054708350855656037e-04 3.159630389307014871e-04
2.682140120967741836e+02 1.055632759168236825e-04 3.153545612075981915e-04
2.683390120967741836e+02 1.056580511182524232e-04 3.147463182659526802e-04
2.684640120967741836e+02 1.057551469622840370e-04 3.141383141097335509e-04
2.685890120967741836e+02 1.058545497390646069e-04 3.135305527288143935e-04
2.687140120967741836e+02 1.059562457556660750e-04 3.129230380990076174e-04
2.688390120967741836e+02 1.060602213370532567e-04 3.123157741819862260e-04
2.689640120967741836e+02 1.061664628260409332e-04 3.117087649253327147e-04
2.690890120967741836e+02 1.062749565834478216e-04 3.111020142625221569e-04
2.692140120967741836e+02 1.063856889886352202e-04 3.104955261128927680e-04
2.693390120967741836e+02 1.064986464392657736e-04 3.098893043816061698e-04
2.694640120967741836e+02 1.066138153517778381e-04 3.092833529597469196e-04
2.695890120967741836e+02 1.067311821616940052e-04 3.086776757241538089e-04
2.697140120967741836e+02 1.068507333234053450e-04 3.080722765375944736e-04
2.698390120967741836e+02 1.069724553110341198e-04 3.074671592485458981e-04
2.699640120967741836e+02 1.070963346179045443e-04 3.068623276914490394e-04
2.700890120967741836e+02 1.072223577573325995e-04 3.062577856864270973e-04
2.702140120967741836e+02 1.073505112624445105e-04 3.056535370394824602e-04
2.703390120967741836e+02 1.074807816865999509e-04 3.050495855423470304e-04
2.704640120967741836e+02 1.076131556035183392e-04 3.044459349726201893e-04
2.705890120967741836e+02 1.077476196073914871e-04 3.038425890936261161e-04
2.707140120967741836e+02 1.078841603133745536e-04 3.032395516544924468e-04
2.708390120967741836e+02 1.080227643572552682e-04 3.026368263900931365e-04
2.709640120967741836e+02 1.081634183961137900e-04 3.020344170211143250e-04
2.710890120967741836e+02 1.083061091082871324e-04 3.014323272539558372e-04
2.712140120967741836e+02 1.084508231936858857e-04 3.008305607808078896e-04
2.713390120967741836e+02 1.085975473738049504e-04 3.002291212795915685e-04
2.714640120967741836e+02 1.087462683920680835e-04 2.996280124139807845e-04
2.715890120967741836e+02 1.088969730138995774e-04 2.990272378334137655e-04
2.717140120967741836e+02 1.090496480270264275e-04 2.984268011730675232e-04
2.718390120967741836e+02 1.092042802414130900e-04 2.978267060538076550e-04
2.719640120967741836e+02 1.093608564898722129e-04 2.972269560823100998e-04
2.720890120967741836e+02 1.095193636277351338e-04 2.966275548509098915e-04
2.722140120967741836e+02 1.096797885333967727e-04 2.960285059377406962e-04
2.723390120967741836e+02 1.098421181082035792e-04 2.954298129065990159e-04
2.724640120967741836e+02 1.100063392769395676e-04 2.948314793070939705e-04
2.725890120967741836e+02 1.101724389878238632e-04 2.942335086744597315e-04
2.727140120967741836e+02 1.103404042124762386e-04 2.936359045297346317e-04
2.728390120967741836e+02 1.105102219466011368e-04 2.930386703796343138e-04
2.729640120967741836e+02 1.106818792095724216e-04 2.924418097166164030e-04
2.730890120967741836e+02 1.108553630449711692e-04 2.918453260188888011e-04
2.732140120967741836e+02 1.110306605205677109e-04 2.912492227502908038e-04
2.733390120967741836e+02 1.112077587286841091e-04 2.906535033605385098e-04
2.734640120967741836e+02 1.113866447861162033e-04 2.900581712848964160e-04
2.735890120967741836e+02 1.115673058343849685e-04 2.894632299445236575e-04
2.737140120967741836e+02 1.117497290399146093e-04 2.888686827461499937e-04
2.738390120967741836e+02 1.119339015941452894e-04 2.882745330823674045e-04
2.739640120967741836e+02 1.121198107137921210e-04 2.876807843313731344e-04
2.740890120967741836e+02 1.123074436408238866e-04 2.870874398572284916e-04
2.742140120967741836e+02 1.124967876426629667e-04 2.864945030096078009e-04
2.743390120967741836e+02 1.126878300124427963e-04 2.859019771240101484e-04
2.744640120967741836e+02 1.128805580690607610e-04 2.853098655216147490e-04
2.745890120967741836e+02 1.130749591572318107e-04 2.847181715093818856e-04
2.747140120967741836e+02 1.132710206478794093e-04 2.841268983799919768e-04
2.748390120967741836e+02 1.134687299381215484e-04 2.835360494118927400e-04
2.749640120967741836e+02 1.136680744513252149e-04 2.829456278692869938e-04
2.750890120967741836e+02 1.138690416373446988e-04 2.823556370021378624e-04
2.752140120967741836e+02 1.140716189726257714e-04 2.817660800461235641e-04
2.753390120967741836e+02 1.142757939605752086e-04 2.811769602227661064e-04
2.754640120967741836e+02 1.144815541312079371e-04 2.805882807392905565e-04
2.755890120967741836e+02 1.146888870417280313e-04 2.800000447887451165e-04
2.757140120967741836e+02 1.148977802763806520e-04 2.794122555499154717e-04
2.758390120967741836e+02 1.151082214467425585e-04 2.788249161874313130e-04
2.759640120967741836e+02 1.153201981917719002e-04 2.782380298516651815e-04
2.760890120967741836e+02 1.155336981779935614e-04 2.776515996788301546e-04
2.762140120967741836e+02 1.157487090995621532e-04 2.770656287908943027e-04
2.763390120967741836e+02 1.159652186783482618e-04 2.764801202957026076e-04
2.764640120967741836e+02 1.161832146641760921e-04 2.758950772868567244e-04
2.765890120967741836e+02 1.164026848348840882e-04 2.753105028438161380e-04
2.767140120967741836e+02 1.166236169964462825e-04 2.747264000318907899e-04
2.768390120967741836e+02 1.168459989830538011e-04 2.741427719022083358e-04
2.769640120967741836e+02 1.170698186573441448e-04 2.735596214917382146e-04
2.770890120967741836e+02 1.172950639103893989e-04 2.729769518233473224e-04
2.772140120967741836e+02 1.175217226617807195e-04 2.723947659057043857e-04
2.773390120967741836e+02 1.177497828599054962e-04 2.718130667334153240e-04
2.774640120967741836e+02 1.179792324820735667e-04 2.712318572869174319e-04
2.775890120967741836e+02 1.182100595342603424e-04 2.706511405325904554e-04
2.777140120967741836e+02 1.184422520517175123e-04 2.700709194226640552e-04
2.778390120967741836e+02 1.186757980986868270e-04 2.694911968953174453e-04
2.779640120967741836e+02 1.189106857686920071e-04 2.689119758746143403e-04
2.780890120967741836e+02 1.191469031847257673e-04 2.683332592705903424e-04
2.782140120967741836e+02 1.193844384990577914e-04 2.677550499791657174e-04
2.783390120967741836e+02 1.196232798936362930e-04 2.671773508822858530e-04
2.784640120967741836e+02 1.198634155799783492e-04 2.666001648477902869e-04
2.785890120967741836e+02 1.201048337993623592e-04 2.660234947294977089e-04
2.787140120967741836e+02 1.203475228230746605e-04 2.654473433672576766e-04
2.788390120967741836e+02 1.205914709521363633e-04 2.648717135868425753e-04
2.789640120967741836e+02 1.208366665176532369e-04 2.642966082000987554e-04
2.790890120967741836e+02 1.210830978809793694e-04 2.637220300048061824e-04
2.792140120967741836e+02 1.213307534336326816e-04 2.631479817848804241e-04
2.793390120967741836e+02 1.215796215973419134e-04 2.625744663101542377e-04
2.794640120967741836e+02 1.218296908244430625e-04 2.620014863366214070e-04
2.795890120967741836e+02 1.220809495976167905e-04 2.614290446062551929e-04
2.797140120967741836e+02 1.223333864301352010e-04 2.608571438471715058e-04
2.798390120967741836e+02 1.225869898660173548e-04 2.602857867735105645e-04
2.799640120967741836e+02 1.228417484798893940e-04 2.597149760855725306e-04
2.800890120967741836e+02 1.230976508773966207e-04 2.591447144697351626e-04
2.802140120967741836e+02 1.233546856950335749e-04 2.585750045985446186e-04
2.803390120967741836e+02 1.236128416001814397e-04 2.580058491306166306e-04
2.804640120967741836e+02 1.238721072914449300e-04 2.574372507108252102e-04
2.805890120967741836e+02 1.241324714984804736e-04 2.568692119700921508e-04
2.807140120967741836e+02 1.243939229821915842e-04 2.563017355256429534e-04
2.808390120967741836e+02 1.246564505349250212e-04 2.557348239807888477e-04
2.809640120967741836e+02 1.249200429802287138e-04 2.551684799251610885e-04
2.810890120967741836e+02 1.251846891731058170e-04 2.546027059345195393e-04
2.812140120967741836e+02 1.254503780003164996e-04 2.540375045709532503e-04
2.813390120967741836e+02 1.257170983799336375e-04 2.534728783827023234e-04
2.814640120967741836e+02 1.259848392619488018e-04 2.529088299044155190e-04
2.815890120967741836e+02 1.262535896278899690e-04 2.523453616568686344e-04
2.817140120967741836e+02 1.265233384912016154e-04 2.517824761473178453e-04
2.818390120967741836e+02 1.267940748971307398e-04 2.512201758691747703e-04
2.819640120967741836e+02 1.270657879229679908e-04 2.506584633022848401e-04
2.820890120967741836e+02 1.273384666778128009e-04 2.500973409128025597e-04
2.822140120967741836e+02 1.276121003031086844e-04 2.495368111532630657e-04
2.823390120967741836e+02 1.278866779722172004e-04 2.489768764625654301e-04
2.824640120967741836e+02 1.281621888907234536e-04 2.484175392660372783e-04
2.825890120967741836e+02 1.284386222964880816e-04 2.478588019753931557e-04
2.827140120967741836e+02 1.287159674596255444e-04 2.473006669888071695e-04
2.828390120967741836e+02 1.289942136827325922e-04 2.467431366908648502e-04
2.829640120967741836e+02 1.292733503007254729e-04 2.461862134526717340e-04
2.830890120967741836e+02 1.295533666809128447e-04 2.456298996317573028e-04
2.832140120967741836e+02 1.298342522234057666e-04 2.450741975722061186e-04
2.833390120967741836e+02 1.301159963606289408e-04 2.445191096045636059e-04
2.834640120967741836e+02 1.303985885576999391e-04 2.439646380459956196e-04
2.835890120967741836e+02 1.306820183125635899e-04 2.434107852001381742e-04
2.837140120967741836e+02 1.309662751557244510e-04 2.428575533572581771e-04
2.838390120967741836e+02 1.312513486505596295e-04 2.423049447941740106e-04
2.839640120967741836e+02 1.315372283932118250e-04 2.417529617743518361e-04
2.840890120967741836e+02 1.318239040127669221e-04 2.412016065478476165e-04
2.842140120967741836e+02 1.321113651712378895e-04 2.406508813513802186e-04
2.843390120967741836e+02 1.323996015635443705e-04 2.401007884083716099e-04
2.844640120967741836e+02 1.326886029176838782e-04 2.395513299288557581e-04
2.845890120967741836e+02 1.329783589946227521e-04 2.390025081096437015e-04
2.847140120967741836e+02 1.332688595885163320e-04 2.384543251341927396e-04
2.848390120967741836e+02 1.335600945265293874e-04 2.379067831727999362e-04
2.849640120967741836e+02 1.338520536691573939e-04 2.373598843824116251e-04
2.850890120967741836e+02 1.341447269100519489e-04 2.368136309068852991e-04
2.852140120967741836e+02 1.344381041759772685e-04 2.362680248767601385e-04
2.853390120967741836e+02 1.347321754272584507e-04 2.357230684094884616e-04
2.854640120967741836e+02 1.350269306572374499e-04 2.351787636092817402e-04
2.855890120967741836e+02 1.353223598928798236e-04 2.346351125673135627e-04
2.857140120967741836e+02 1.356184531943795677e-04 2.340921173615342086e-04
2.858390120967741836e+02 1.359152006553688012e-04 2.337042484200555739e-04
2.859640120967741836e+02 1.362125924029864506e-04 2.333418890600048976e-04
2.860890120967741836e+02 1.365106185978166940e-04 2.329797287645302693e-04
2.862140120967741836e+02 1.368092694339284262e-04 2.326177686024816400e-04
2.863390120967741836e+02 1.371085351390854317e-04 2.322560096388660063e-04
2.864640120967741836e+02 1.374084059744277910e-04 2.318944529348479250e-04
2.865890120967741836e+02 1.377088722348105050e-04 2.315330995477591898e-04
2.867140120967741836e+02 1.380099242486415687e-04 2.311719505310802915e-04
2.868390120967741836e+02 1.383115523780190689e-04 2.308110069344494709e-04
2.869640120967741836e+02 1.386137470187249500e-04 2.304502698036609302e-04
2.870890120967741836e+02 1.389164986002246617e-04 2.300897401806601707e-04
2.872140120967741836e+02 1.392197975857040757e-04 2.297294191035431524e-04
2.873390120967741836e+02 1.395236344719847830e-04 2.293693076065611461e-04
2.874640120967741836e+02 1.398279997898318170e-04 2.290094067201109483e-04
2.875890120967741836e+02 1.401328841036979722e-04 2.286497174707387303e-04
2.877140120967741836e+02 1.404382780117880694e-04 2.282902408811422605e-04
2.878390120967741836e+02 1.407441721461991980e-04 2.279309779701629358e-04
2.879640120967741836e+02 1.410505571727861663e-04 2.275719297527896033e-04
2.880890120967741836e+02 1.413574237913171384e-04 2.272130972401592108e-04
2.882140120967741836e+02 1.416647627353336914e-04 2.268544814395526328e-04
2.883390120967741836e+02 1.419725647723852735e-04 2.264960833543950766e-04
2.884640120967741836e+02 1.422808207038171616e-04 2.261379039842587935e-04
2.885890120967741836e+02 1.425895213648691235e-04 2.257799443248608014e-04
2.887140120967741836e+02 1.428986576247633197e-04 2.254222053680593344e-04
2.888390120967741836e+02 1.432082203865157606e-04 2.250646881018612420e-04
2.889640120967741836e+02 1.435182005872822752e-04 2.247073935104135060e-04
2.890890120967741836e+02 1.438285891979883648e-04 2.243503225740090402e-04
2.892140120967741836e+02 1.441393772235501905e-04 2.239934762690867450e-04
2.893390120967741836e+02 1.444505557029115441e-04 2.236368555682278483e-04
2.894640120967741836e+02 1.447621157088305860e-04 2.232804614401570978e-04
2.895890120967741836e+02 1.450740483482364392e-04 2.229242948497490767e-04
2.897140120967741836e+02 1.453863447619178060e-04 2.225683567580194488e-04
2.898390120967741836e+02 1.456989961246241247e-04 2.222126481221302168e-04
2.899640120967741836e+02 1.460119936451736370e-04 2.218571698953928121e-04
2.900890120967741836e+02 1.463253285662815422e-04 2.215019230272625929e-04
2.902140120967741836e+02 1.466389921646648665e-04 2.211469084633426656e-04
2.903390120967741836e+02 1.469529757511244287e-04 2.207921271453862702e-04
2.904640120967741836e+02 1.472672706703525300e-04 2.204375800112966992e-04
2.905890120967741836e+02 1.475818683010702952e-04 2.200832679951229874e-04
2.907140120967741836e+02 1.478967600559480920e-04 2.197291920270707816e-04
2.908390120967741836e+02 1.482119373817004807e-04 2.193753530334929618e-04
2.909640120967741836e+02 1.485273917589393310e-04 2.190217519368969597e-04
2.910890120967741836e+02 1.488431147023826673e-04 2.186683896559468189e-04
2.912140120967741836e+02 1.491590977606601623e-04 2.183152671054588306e-04
2.913390120967741836e+02 1.494753325162951122e-04 2.179623851964058708e-04
2.914640120967741836e+02 1.497918105858547886e-04 2.176097448359228209e-04
2.915890120967741836e+02 1.501085236198724301e-04 2.172573469273001172e-04
2.917140120967741836e+02 1.504254633028599003e-04 2.169051923699883040e-04
2.918390120967741836e+02 1.507426213531537582e-04 2.165532820596057320e-04
2.919640120967741836e+02 1.510599895231336438e-04 2.162016168879291251e-04
2.920890120967741836e+02 1.513775595990661527e-04 2.158501977429019565e-04
2.922140120967741836e+02 1.516953234010733672e-04 2.154990255086385682e-04
2.923390120967741836e+02 1.520132727833204236e-04 2.151481010654170698e-04
2.924640120967741836e+02 1.523313996337289841e-04 2.147974252896910476e-04
2.925890120967741836e+02 1.526496958741669458e-04 2.144469990540852009e-04
2.927140120967741836e+02 1.529681534603757984e-04 2.140968232273985944e-04
2.928390120967741836e+02 1.532867643818962213e-04 2.137468986746059868e-04
2.929640120967741836e+02 1.536055206621737390e-04 2.133972262568647148e-04
2.930890120967741836e+02 1.539244143584199431e-04 2.130478068315090016e-04
2.932140120967741836e+02 1.542434375616997708e-04 2.126986412520575189e-04
2.933390120967741836e+02 1.545625823967933504e-04 2.123497303682169107e-04
2.934640120967741836e+02 1.548818410224272340e-04 2.120010750258778090e-04
2.935890120967741836e+02 1.552012056308937893e-04 2.116526760671225040e-04
2.937140120967741836e+02 1.555206684483352055e-04 2.113045343302267067e-04
2.938390120967741836e+02 1.558402217346236893e-04 2.109566506496601986e-04
2.939640120967741836e+02 1.561598577832238254e-04 2.106090258560883502e-04
2.940890120967741836e+02 1.564795689213835861e-04 2.102616607763814450e-04
2.942140120967741836e+02 1.567993475099949564e-04 2.099145562336079572e-04
2.943390120967741836e+02 1.571191859435445222e-04 2.095677130470415992e-04
2.944640120967741836e+02 1.574390766501955713e-04 2.092211320321704291e-04
2.945890120967741836e+02 1.577590120916495863e-04 2.088748140006864689e-04
2.947140120967741836e+02 1.580789847631377339e-04 2.085287597604971435e-04
2.948390120967741836e+02 1.583989871936708818e-04 2.081829701157306470e-04
2.949640120967741836e+02 1.587190119455199951e-04 2.078374458667303594e-04
2.950890120967741836e+02 1.590390516145856047e-04 2.074921878100621103e-04
2.952140120967741836e+02 1.593590988301727004e-04 2.071471967385228260e-04
2.953390120967741836e+02 1.596791462550694706e-04 2.068024734411330482e-04
2.954640120967741836e+02 1.599991865855232879e-04 2.064580187031461766e-04
2.955890120967741836e+02 1.603192125510749608e-04 2.061138333060539716e-04
2.957140120967741836e+02 1.606392169146794605e-04 2.057699180275835999e-04
2.958390120967741836e+02 1.609591924727017459e-04 2.054262736417047355e-04
2.959640120967741836e+02 1.612791320547110369e-04 2.050829009186340326e-04
2.960890120967741836e+02 1.609648102616708135e-04 2.047398006248350168e-04
2.962140120967741836e+02 1.604357244023573586e-04 2.043969735230216362e-04
2.963390120967741836e+02 1.599075915248568056e-04 2.040544203721699704e-04
2.964640120967741836e+02 1.593804128325816867e-04 2.037121419275087712e-04
2.965890120967741836e+02 1.588541895155826372e-04 2.033701389405309277e-04
2.967140120967741836e+02 1.583289227505273069e-04 2.030284121589990230e-04
2.968390120967741836e+02 1.578046137007722708e-04 2.026869623269425698e-04
2.969640120967741836e+02 1.572812635164177802e-04 2.023457901846651384e-04
2.970890120967741836e+02 1.567588733342773248e-04 2.020048964687504557e-04
2.972140120967741836e+02 1.562374442779559112e-04 2.016642819120617819e-04
2.973390120967741836e+02 1.557169774578993947e-04 2.013239472437471686e-04
2.974640120967741836e+02 1.551974739713740691e-04 2.009838931892472379e-04
2.975890120967741836e+02 1.546789349025709125e-04 2.006441204702930146e-04
2.977140120967741836e+02 1.541613613225874268e-04 2.003046298049132980e-04
2.978390120967741836e+02 1.536447542895221538e-04 1.999654219074402460e-04
2.979640120967741836e+02 1.531291148484027374e-04 1.996264974885099983e-04
2.980890120967741836e+02 1.526144440313809180e-04 1.992878572550674742e-04
2.982140120967741836e+02 1.521007428575780877e-04 1.989495019103735825e-04
2.983390120967741836e+02 1.515880123333360663e-04 1.986114321540071457e-04
2.984640120967741836e+02 1.510762534520134880e-04 1.982736486818691829e-04
2.985890120967741836e+02 1.505654671942953957e-04 1.979361521861861624e-04
2.987140120967741836e+02 1.500556545279321645e-04 1.975989433555162356e-04
2.988390120967741836e+02 1.495468164080449220e-04 1.972620228747550648e-04
2.989640120967741836e+02 1.490389537769450828e-04 1.969253914251358503e-04
2.990890120967741836e+02 1.485320675643537634e-04 1.965890496842364590e-04
2.992140120967741836e+02 1.480261586872749584e-04 1.962529983259856043e-04
2.993390120967741836e+02 1.475212280501676028e-04 1.959172380206636321e-04
2.994640120967741836e+02 1.470172765448775386e-04 1.955817694349091618e-04
2.995890120967741836e+02 1.465143050507681068e-04 1.952465932317250762e-04
2.997140120967741836e+02 1.460123144346390492e-04 1.949117100704808798e-04
2.998390120967741836e+02 1.455113055509074617e-04 1.945771206069167375e-04
2.999640120967741836e+02 1.450112792414920827e-04 1.942428254931531238e-04
3.000890120967741836e+02 1.445122363359956834e-04 1.939088253776883024e-04
3.002140120967741836e+02 1.440141776515791101e-04 1.935751209054102791e-04
3.003390120967741836e+02 1.435171039932264261e-04 1.932417127175982115e-04
3.004640120967741836e+02 1.430210161534993128e-04 1.929086014519254446e-04
3.005890120967741836e+02 1.425259149128296147e-04 1.925757877424671819e-04
3.007140120967741836e+02 1.420318010393431020e-04 1.922432722197071799e-04
3.008390120967741836e+02 1.415386752891085662e-04 1.919110555105382364e-04
3.009640120967741836e+02 1.410465384059546713e-04 1.915791382382686138e-04
3.010890120967741836e+02 1.405553911216997234e-04 1.912475210226322042e-04
3.012140120967741836e+02 1.400652341560674010e-04 1.909162044797844092e-04
3.013390120967741836e+02 1.395760682167445971e-04 1.905851892223146891e-04
3.014640120967741836e+02 1.390878939994652822e-04 1.902544758592503312e-04
3.015890120967741836e+02 1.386007121879866794e-04 1.899240649960589971e-04
3.017140120967741836e+02 1.381145234541888208e-04 1.895939572346552824e-04
3.018390120967741836e+02 1.376293284580145911e-04 1.892641531734087399e-04
3.019640120967741836e+02 1.371451278476561023e-04 1.889346534071445027e-04
3.020890120967741836e+02 1.366619222594270288e-04 1.886054585271506028e-04
3.022140120967741836e+02 1.361797123179139075e-04 1.882765691211881625e-04
3.023390120967741836e+02 1.356984986359657840e-04 1.879479857734875185e-04
3.024640120967741836e+02 1.352182818147286902e-04 1.876197090647593890e-04
3.025890120967741836e+02 1.347390624437118075e-04 1.872917395722017856e-04
3.027140120967741836e+02 1.342608411007988241e-04 1.869640778695015582e-04
3.028390120967741836e+02 1.337836183522880774e-04 1.866367245268404668e-04
3.029640120967741836e+02 1.333073947529363830e-04 1.863096801109045324e-04
3.030890120967741836e+02 1.328321708459938646e-04 1.859829451848855279e-04
3.032140120967741836e+02 1.323579471632315471e-04 1.856565203084868871e-04
3.033390120967741836e+02 1.318847242249940213e-04 1.853304060379334624e-04
3.034640120967741836e+02 1.314125025402457941e-04 1.850046029259717689e-04
3.035890120967741836e+02 1.309412826065282454e-04 1.846791115218788474e-04
3.037140120967741836e+02 1.304710649101562480e-04 1.843539323714684720e-04
3.038390120967741836e+02 1.300018499260633710e-04 1.840290660170945918e-04
3.039640120967741836e+02 1.295336381180046525e-04 1.837045129976571322e-04
3.040890120967741836e+02 1.290664299384516487e-04 1.833802738486133238e-04
3.042140120967741836e+02 1.286002258287818987e-04 1.830563491019758331e-04
3.043390120967741836e+02 1.281350262191470848e-04 1.827327392863211644e-04
3.044640120967741836e+02 1.276708315286615759e-04 1.825899807854495561e-04
3.045890120967741836e+02 1.272076421653524998e-04 1.828919873846226801e-04
3.047140120967741836e+02 1.267454585262058216e-04 1.831935365565069674e-04
3.048390120967741836e+02 1.262842809972231832e-04 1.834946233904103394e-04
3.049640120967741836e+02 1.258241099534620187e-04 1.837952430055749973e-04
3.050890120967741836e+02 1.253649457590438486e-04 1.840953905511890233e-04
3.052140120967741836e+02 1.249067887672069719e-04 1.843950612063226290e-04
3.053390120967741836e+02 1.244496393203756656e-04 1.846942501797729525e-04
3.054640120967741836e+02 1.239934977501306939e-04 1.849929527101642926e-04
3.055890120967741836e+02 1.235383643772878593e-04 1.852911640656745374e-04
3.057140120967741836e+02 1.230842395119732726e-04 1.855888795442999807e-04
3.058390120967741836e+02 1.226311234535187281e-04 1.858860944733970572e-04
3.059640120967741836e+02 1.221790164907149184e-04 1.861828042099164754e-04
3.060890120967741836e+02 1.217279189016051656e-04 1.864790041401781105e-04
3.062140120967741836e+02 1.212778309537681398e-04 1.867746896799488772e-04
3.063390120967741836e+02 1.208287529041126202e-04 1.870698562742461907e-04
3.064640120967741836e+02 1.203806849991540206e-04 1.873644993973338200e-04
3.065890120967741836e+02 1.199336274748127689e-04 1.876586145526816908e-04
3.067140120967741836e+02 1.194875805566593629e-04 1.879521972728677925e-04
3.068390120967741836e+02 1.190425444598258194e-04 1.882452431194898696e-04
3.069640120967741836e+02 1.185985193890478078e-04 1.885377476831552037e-04
3.070890120967741836e+02 1.181555055388154769e-04 1.888297065834571400e-04
3.072140120967741836e+02 1.177135030932336741e-04 1.891211154687820993e-04
3.073390120967741836e+02 1.172725122262063135e-04 1.894119700163352470e-04
3.074640120967741836e+02 1.168325331013852971e-04 1.897022659320323434e-04
3.075890120967741836e+02 1.163935658722793409e-04 1.899919989504972773e-04
3.077140120967741836e+02 1.159556106821920269e-04 1.902811648349060766e-04
3.078390120967741836e+02 1.155186676643785648e-04 1.905697593770114924e-04
3.079640120967741836e+02 1.150827369419849547e-04 1.908577783970415447e-04
3.080890120967741836e+02 1.146478186281193551e-04 1.911452177435880124e-04
3.082140120967741836e+02 1.142139128259167145e-04 1.914320732936021236e-04
3.083390120967741836e+02 1.137810196285164369e-04 1.917183409523001486e-04
3.084640120967741836e+02 1.133491391191537395e-04 1.920040166532013468e-04
3.085890120967741836e+02 1.129182713711441080e-04 1.922890963578191862e-04
3.087140120967741836e+02 1.124884164480093214e-04 1.925735760558189595e-04
3.088390120967741836e+02 1.120595744033918271e-04 1.928574517648475636e-04
3.089640120967741836e+02 1.116317452811781504e-04 1.931407195304892107e-04
3.090890120967741836e+02 1.112049291155183829e-04 1.934233754262319803e-04
3.092140120967741836e+02 1.107791259308222253e-04 1.937054155533180096e-04
3.093390120967741836e+02 1.103543357418847138e-04 1.939868360407575882e-04
3.094640120967741836e+02 1.099305585537914344e-04 1.942676330452444277e-04
3.095890120967741836e+02 1.095077943621075123e-04 1.945478027510132244e-04
3.097140120967741836e+02 1.090860431527624291e-04 1.948273413698574949e-04
3.098390120967741836e+02 1.086653049022210965e-04 1.951062451410884031e-04
3.099640120967741836e+02 1.082455795774140745e-04 1.953845103313464344e-04
3.100890120967741836e+02 1.078268671358484441e-04 1.956621332346155718e-04
3.102140120967741836e+02 1.074091675256028339e-04 1.959391101721134930e-04
3.103390120967741836e+02 1.069924806853410132e-04 1.962154374922591262e-04
3.104640120967741836e+02 1.065768065444666754e-04 1.964911115706252426e-04
3.105890120967741836e+02 1.061621450229998932e-04 1.967661288097973210e-04
3.107140120967741836e+02 1.057484960317022356e-04 1.970404856393039961e-04
3.108390120967741836e+02 1.053358594721197291e-04 1.973141785156484187e-04
3.109640120967741836e+02 1.049242352365754855e-04 1.975872039221425360e-04
3.110890120967741836e+02 1.045136232082503663e-04 1.978595583688001075e-04
3.112140120967741836e+02 1.041040232611674653e-04 1.981312383925000128e-04
3.113390120967741836e+02 1.036954352603029273e-04 1.984022405565820618e-04
3.114640120967741836e+02 1.032878590615200287e-04 1.986725614510123888e-04
3.115890120967741836e+02 1.028812945117174154e-04 1.989421976922451632e-04
3.117140120967741836e+02 1.024757414487605263e-04 1.992111459231133287e-04
3.118390120967741836e+02 1.020711997016111834e-04 1.994794028128360844e-04
3.119640120967741836e+02 1.016676690902489999e-04 1.997469650568673674e-04
3.120890120967741836e+02 1.012651494258898883e-04 2.000138293768871254e-04
3.122140120967741836e+02 1.008636405107967988e-04 2.002799925207040361e-04
3.123390120967741836e+02 1.004631421384814626e-04 2.005454512621548935e-04
3.124640120967741836e+02 1.000636540937019793e-04 2.008102024010500726e-04
3.125890120967741836e+02 9.966517615241936756e-05 2.010742427632406686e-04
3.127140120967741836e+02 9.926770808196893703e-05 2.013375692002798733e-04
3.128390120967741836e+02 9.887124964095535078e-05 2.016001785895425356e-04
3.129640120967741836e+02 9.847580057943441912e-05 2.018620678340807186e-04
3.130890120967741836e+02 9.808136063876938854e-05 2.021232338626073556e-04
3.132140120967741836e+02 9.768792955187849218e-05 2.023836736293368988e-04
3.133390120967741836e+02 9.729550704306058303e-05 2.026433841140349494e-04
3.134640120967741836e+02 9.690409282819384103e-05 2.029023623217992482e-04
3.135890120967741836e+02 9.651368661469777186e-05 2.031606052831205810e-04
3.137140120967741836e+02 9.612428810152924953e-05 2.034181100537329958e-04
3.138390120967741836e+02 9.573589697934518743e-05 2.036748737145058436e-04
3.139640120967741836e+02 9.534851293039632711e-05 2.039308933715719039e-04
3.140890120967741836e+02 9.496213562864645990e-05 2.041861661559480495e-04
3.142140120967741836e+02 9.457676473977982660e-05 2.044406892236947325e-04
3.143390120967741836e+02 9.419239992125467704e-05 2.046944597557852569e-04
3.144640120967741836e+02 9.380904082230440849e-05 2.049474749579427684e-04
3.145890120967741836e+02 9.342668708401641428e-05 2.051997320607485396e-04
3.147140120967741836e+02 9.304533833934752014e-05 2.054512283193613237e-04
3.148390120967741836e+02 9.266499421312464823e-05 2.057019610135967999e-04
3.149640120967741836e+02 9.228565432214849403e-05 2.059519274477918040e-04
3.150890120967741836e+02 9.190731827516182692e-05 2.062011249507062893e-04
3.152140120967741836e+02 9.152998567294129504e-05 2.064495508755063047e-04
3.153390120967741836e+02 9.115365610826613250e-05 2.066972025997132814e-04
3.154640120967741836e+02 9.077832916605894302e-05 2.069440775250133485e-04
3.155890120967741836e+02 9.040400442327860785e-05 2.071901730772673076e-04
3.157140120967741836e+02 9.003068144907902656e-05 2.074354867064418136e-04
3.158390120967741836e+02 8.965835980476924546e-05 2.076800158864941233e-04
3.159640120967741836e+02 8.928703904389183191e-05 2.079237581153295681e-04
3.160890120967741836e+02 8.891671871222244059e-05 2.081667109147135439e-04
3.162140120967741836e+02 8.854739834782654440e-05 2.084088718301940171e-04
3.163390120967741836e+02 8.817907748109743578e-05 2.086502384310482100e-04
3.164640120967741836e+02 8.781175563476404647e-05 2.088908083101887890e-04
3.165890120967741836e+02 8.744543232395782923e-05 2.091305790840214558e-04
3.167140120967741836e+02 8.708010705622502292e-05 2.093695483926323510e-04
3.168390120967741836e+02 8.671577933156558889e-05 2.096077138993280274e-04
3.169640120967741836e+02 8.635244864248246084e-05 2.098450732908392256e-04
3.170890120967741836e+02 8.599011447396078239e-05 2.100816242771601683e-04
3.172140120967741836e+02 8.562877630363236695e-05 2.103173645914522833e-04
3.173390120967741836e+02 8.526843360162516985e-05 2.105522919900369662e-04
3.174640120967741836e+02 8.490908583075792971e-05 2.107864042522199395e-04
3.175890120967741836e+02 8.455073244646247178e-05 2.110196991803315583e-04
3.177140120967741836e+02 8.419337289691825748e-05 2.112521745995492447e-04
3.178390120967741836e+02 8.383700662297850954e-05 2.114838283578665881e-04
3.179640120967741836e+02 8.348163305829057199e-05 2.117146583261086869e-04
3.180890120967741836e+02 8.312725162931980329e-05 2.119446623976501743e-04
3.182140120967741836e+02 8.277386175529726354e-05 2.121738384885310383e-04
3.183390120967741836e+02 8.242146284838641063e-05 2.124021845372659921e-04
3.184640120967741836e+02 8.207005431358454616e-05 2.126296985048370196e-04
3.185890120967741836e+02 8.171963554888765494e-05 2.128563783745915426e-04
3.187140120967741836e+02 8.137020594516542350e-05 2.130822221521389871e-04
3.188390120967741836e+02 8.102176488641388633e-05 2.133072278653818190e-04
3.189640120967741836e+02 8.067431174952480253e-05 2.135313935642724930e-04
3.190890120967741836e+02 8.032784590455144800e-05 2.137547173208900785e-04
3.192140120967741836e+02 7.998236671459073549e-05 2.139771972292580325e-04
3.193390120967741836e+02 7.963787353591135379e-05 2.141988314053942355e-04
3.194640120967741836e+02 7.929436571790241721e-05 2.144196179870947740e-04
3.195890120967741836e+02 7.895184260319152163e-05 2.146395551339075954e-04
3.197140120967741836e+02 7.861030352760353126e-05 2.148586410271171655e-04
3.198390120967741836e+02 7.826974782026352364e-05 2.150768738696127926e-04
3.199640120967741836e+02 7.793017480355408564e-05 2.152942518857860622e-04
3.200890120967741836e+02 7.759158379322701336e-05 2.155107733215627663e-04
3.202140120967741836e+02 7.725397409834629670e-05 2.157264364441843015e-04
3.203390120967741836e+02 7.691734502144314666e-05 2.159412395422686008e-04
3.204640120967741836e+02 7.658169585838926568e-05 2.161551809256270665e-04
3.205890120967741836e+02 7.624702589861607333e-05 2.163682589252311221e-04
3.207140120967741836e+02 7.591333442495764607e-05 2.165804718932325687e-04
3.208390120967741836e+02 7.558062071385484540e-05 2.167918182026642635e-04
3.209640120967741836e+02 7.524888403521347714e-05 2.170022962476135379e-04
3.210890120967741836e+02 7.491812365264178587e-05 2.172119044429503883e-04
3.212140120967741836e+02 7.458833882326708928e-05 2.174206412243706544e-04
3.213390120967741836e+02 7.425952879794820046e-05 2.176285050482798739e-04
3.214640120967741836e+02 7.393169282120945420e-05 2.178354943916996074e-04
3.215890120967741836e+02 7.360483013127605198e-05 2.180416077522525579e-04
3.217140120967741836e+02 7.327893996015871108e-05 2.182468436480154445e-04
3.218390120967741836e+02 7.295402153362704736e-05 2.184512006174882382e-04
3.219640120967741836e+02 7.263007407128656723e-05 2.186546772194961497e-04
3.220890120967741836e+02 7.230709678657469672e-05 2.188572720331871907e-04
3.222140120967741836e+02 7.198508888684189335e-05 2.190589836578368539e-04
3.223390120967741836e+02 7.166404957332280640e-05 2.192598107128393859e-04
3.224640120967741836e+02 7.134397804119373956e-05 2.194597518376434938e-04
3.225890120967741836e+02 7.102487347964788107e-05 2.196588056916411332e-04
3.227140120967741836e+02 7.070673507183724464e-05 2.198569709541326508e-04
3.228390120967741836e+02 7.038956199499586197e-05 2.200542463242222135e-04
3.229640120967741836e+02 7.007335342039595384e-05 2.202506305207600204e-04
3.230890120967741836e+02 6.975810851344931658e-05 2.204461222822620171e-04
3.232140120967741836e+02 6.944382643366936144e-05 2.206407203668085237e-04
3.233390120967741836e+02 6.913050633476473545e-05 2.208344235519875572e-04
3.234640120967741836e+02 6.881814736461491333e-05 2.210272306349220727e-04
3.235890120967741836e+02 6.850674866534855816e-05 2.212191404319802373e-04
3.237140120967741836e+02 6.819630937337397398e-05 2.214101517788793507e-04
3.238390120967741836e+02 6.788682861932629150e-05 2.216002635305296662e-04
3.239640120967741836e+02 6.757830552825508938e-05 2.217894745610033281e-04
3.240890120967741836e+02 6.727073921947630570e-05 2.219777837634403714e-04
3.242140120967741836e+02 6.696412880676655410e-05 2.221651900499518753e-04
3.243390120967741836e+02 6.665847339824468830e-05 2.223516923515936718e-04
3.244640120967741836e+02 6.635377209655969426e-05 2.225372896182258324e-04
3.245890120967741836e+02 6.605002399874655911e-05 2.227219808185255164e-04
3.247140120967741836e+02 6.574722819644488695e-05 2.229057649398093785e-04
3.248390120967741836e+02 6.544538377574925182e-05 2.230886409880997049e-04
3.249640120967741836e+02 6.514448981739569408e-05 2.232706079878910390e-04
3.250890120967741836e+02 6.484454539666790974e-05 2.234516649821859059e-04
3.252140120967741836e+02 6.454554958350995338e-05 2.236318110323743031e-04
3.253390120967741836e+02 6.424750144251303787e-05 2.238110452181681065e-04
3.254640120967741836e+02 6.395040003297538243e-05 2.239893666375316272e-04
3.255890120967741836e+02 6.365424440890675266e-05 2.241667744066320361e-04
3.257140120967741836e+02 6.335903361908721079e-05 2.243432676596949214e-04
3.258390120967741836e+02 6.306476670704766778e-05 2.245188455490242921e-04
3.259640120967741836e+02 6.277144271117622999e-05 2.246935072448395408e-04
3.260890120967741836e+02 6.247906066464699423e-05 2.248672519352447341e-04
3.262140120967741836e+02 6.218761959558289493e-05 2.250400788262289103e-04
3.263390120967741836e+02 6.189711852693106150e-05 2.252119871414252515e-04
3.264640120967741836e+02 6.160755647664608919e-05 2.253829761221778970e-04
3.265890120967741836e+02 6.131893245757280976e-05 2.255530450273903452e-04
3.267140120967741836e+02 6.103124547762313833e-05 2.257221931335047179e-04
3.268390120967741836e+02 6.074449453965923712e-05 2.258904197344166779e-04
3.269640120967741836e+02 6.045867864167038264e-05 2.260577241413558140e-04
3.270890120967741836e+02 6.017379677665825040e-05 2.262241056828817652e-04
3.272140120967741836e+02 5.988984793277999562e-05 2.263895637047748789e-04
3.273390120967741836e+02 5.960683109332296431e-05 2.265540975699679874e-04
3.274640120967741836e+02 5.932474523675349584e-05 2.267177066584138371e-04
3.275890120967741836e+02 5.904358933671100733e-05 2.268803903671994448e-04
3.277140120967741836e+02 5.876336236209645772e-05 2.270421481102368833e-04
3.278390120967741836e+02 5.848406327703600669e-05 2.272029793183311249e-04
3.279640120967741836e+02 5.820569104097761707e-05 2.273628834390842529e-04
3.280890120967741836e+02 5.792824460865083773e-05 2.275218599368019213e-04
3.282140120967741836e+02 5.765172293017499337e-05 2.276799082924421810e-04
3.283390120967741836e+02 5.737612495098513355e-05 2.278370280035475542e-04
3.284640120967741836e+02 5.710144961198442405e-05 2.279932185841334431e-04
3.285890120967741836e+02 5.682769584944210992e-05 2.281484795646644941e-04
3.287140120967741836e+02 5.655486259515300160e-05 2.283028104919539571e-04
3.288390120967741836e+02 5.628294877633159581e-05 2.284562109290725034e-04
3.289640120967741836e+02 5.601195331580229204e-05 2.286086804554000786e-04
3.290890120967741836e+02 5.574187513183359095e-05 2.287602186663437653e-04
3.292140120967741836e+02 5.547271313833562918e-05 2.289108251734322716e-04
3.293390120967741836e+02 5.520446624482027402e-05 2.290604996041956391e-04
3.294640120967741836e+02 5.493713335638469088e-05 2.292092416020822198e-04
3.295890120967741836e+02 5.467071337384346016e-05 2.293570508264014844e-04
3.297140120967741836e+02 5.440520519364515465e-05 2.295039269522235171e-04
3.298390120967741836e+02 5.414060770800804774e-05 2.296498696703718053e-04
3.299640120967741836e+02 5.387691980483667057e-05 2.297948786872771980e-04
3.300890120967741836e+02 5.361414036787694773e-05 2.299389537249686352e-04
3.302140120967741836e+02 5.335226827659666403e-05 2.300820945209232577e-04
3.303390120967741836e+02 5.309130240636297549e-05 2.302243008281584552e-04
3.304640120967741836e+02 5.283124162834603729e-05 2.303655724149462610e-04
3.305890120967741836e+02 5.257208480963410541e-05 2.305059090648810868e-04
3.307140120967741836e+02 5.231383081320567941e-05 2.306453105767912795e-04
3.308390120967741836e+02 5.205647849800482059e-05 2.307837767646280988e-04
3.309640120967741836e+02 5.180002671889967448e-05 2.309213074574446292e-04
3.310890120967741836e+02 5.154447432679461801e-05 2.310579024992981748e-04
3.312140120967741836e+02 5.128982016857657795e-05 2.311935617491530336e-04
3.313390120967741836e+02 5.103606308721639703e-05 2.313282850809047564e-04
3.314640120967741836e+02 5.078320192172950450e-05 2.314620723831890023e-04
3.315890120967741836e+02 5.053123550727501900e-05 2.315949235593785563e-04
3.317140120967741836e+02 5.028016267507671701e-05 2.317268385275683684e-04
3.318390120967741836e+02 5.002998225259472977e-05 2.318578172203655699e-04
3.319640120967741836e+02 4.978069306340021633e-05 2.319878595849361757e-04
3.320890120967741836e+02 4.953229392734033844e-05 2.321169655829009198e-04
3.322140120967741836e+02 4.928478366041901866e-05 2.322451351902411732e-04
3.323390120967741836e+02 4.903816107500775666e-05 2.323723683972576362e-04
3.324640120967741836e+02 4.879242497967521301e-05 2.324986652085280273e-04
3.325890120967741836e+02 4.854757417937302785e-05 2.326240256427680069e-04
3.327140120967741836e+02 4.830360747534937610e-05 2.327484497328198749e-04
3.328390120967741836e+02 4.806052366526078262e-05 2.328719375255479992e-04
3.329640120967741836e+02 4.781832154312878793e-05 2.329944890817982936e-04
3.330890120967741836e+02 4.757699989943005905e-05 2.331161044763673993e-04
3.332140120967741836e+02 4.733655752105903189e-05 2.332367837977944371e-04
3.333390120967741836e+02 4.709699319141744605e-05 2.333565271484513482e-04
3.334640120967741836e+02 4.685830569037681111e-05 2.334753346443965813e-04
3.335890120967741836e+02 4.662049379437329462e-05 2.335932064153029930e-04
3.337140120967741836e+02 4.638355627635403378e-05 2.337101426044026892e-04
3.338390120967741836e+02 4.614749190589796977e-05 2.338261433684704366e-04
3.339640120967741836e+02 4.591229944911766645e-05 2.339412088776507057e-04
3.340890120967741836e+02 4.567797766885931183e-05 2.340553393154691357e-04
3.342140120967741836e+02 4.544452532452293017e-05 2.341685348787535237e-04
3.343390120967741836e+02 4.521194117226763506e-05 2.342807957775821354e-04
3.344640120967741836e+02 4.498022396490084429e-05 2.343921222351363345e-04
3.345890120967741836e+02 4.474937245202375262e-05 2.345025144877472580e-04
3.347140120967741836e+02 4.451938537993542060e-05 2.346119727847280627e-04
3.348390120967741836e+02 4.429026149177592991e-05 2.347204973883750911e-04
3.349640120967741836e+02 4.406199952747255269e-05 2.348280885738518616e-04
3.350890120967741836e+02 4.383459822377212177e-05 2.349347466292043825e-04
3.352140120967741836e+02 4.360805631430768878e-05 2.350404718551869212e-04
3.353390120967741836e+02 4.338237252957661649e-05 2.351452645652535474e-04
3.354640120967741836e+02 4.315754559700947984e-05 2.352491250855155778e-04
3.355890120967741836e+02 4.293357424093890192e-05 2.353520537546253228e-04
3.357140120967741836e+02 4.271045718271565848e-05 2.354540509237680634e-04
3.358390120967741836e+02 4.248819314061104548e-05 2.355551169564966559e-04
3.359640120967741836e+02 4.226678082994808118e-05 2.356552522288001895e-04
3.360890120967741836e+02 4.204621896306519883e-05 2.357544571289144401e-04
3.362140120967741836e+02 4.182650624937380433e-05 2.358527320573273458e-04
3.363390120967741836e+02 4.160764139536129162e-05 2.359500774267259625e-04
3.364640120967741836e+02 4.138962310461862887e-05 2.360464936618670911e-04
3.365890120967741836e+02 4.117245007788144297e-05 2.361419811995544822e-04
3.367140120967741836e+02 4.095612101302880656e-05 2.362365404886079638e-04
3.368390120967741836e+02 4.074063460513826129e-05 2.363301719897133602e-04
3.369640120967741836e+02 4.052598954647622945e-05 2.364228761754011876e-04
3.370890120967741836e+02 4.031218452654229678e-05 2.365146535300377908e-04
3.372140120967741836e+02 4.009921823211532501e-05 2.366055045496843155e-04
3.373390120967741836e+02 3.988708934719260776e-05 2.366954297420398963e-04
3.374640120967741836e+02 3.967579655315126757e-05 2.367844296263964721e-04
3.375890120967741836e+02 3.946533852862122810e-05 2.368725047336036043e-04
3.377140120967741836e+02 3.925571394964185422e-05 2.369596556059654232e-04
3.378390120967741836e+02 3.904692148956314730e-05 2.370458827971645981e-04
3.379640120967741836e+02 3.883895981919749287e-05 2.371311868722649396e-04
3.380890120967741836e+02 3.863182760671161312e-05 2.372155684075645987e-04
3.382140120967741836e+02 3.842552351778268517e-05 2.372990279905935729e-04
3.383390120967741836e+02 3.822004621549732060e-05 2.373815662200002988e-04
3.384640120967741836e+02 3.801539436046873379e-05 2.374631837056152405e-04
3.385890120967741836e+02 3.781156661079853058e-05 2.375438810681930934e-04
3.387140120967741836e+02 3.760856162215346979e-05 2.376236589394762645e-04
3.388390120967741836e+02 3.740637804772675040e-05 2.377025179621422340e-04
3.389640120967741836e+02 3.720501453831692794e-05 2.377804587896651029e-04
3.390890120967741836e+02 3.700446974233455522e-05 2.378574820863171380e-04
3.392140120967741836e+02 3.680474230580025788e-05 2.379335885270626282e-04
3.393390120967741836e+02 3.660583087238862424e-05 2.380087787975622763e-04
3.394640120967741836e+02 3.640773408346956760e-05 2.380830535940266950e-04
3.395890120967741836e+02 3.621045057807116525e-05 2.381564136231887881e-04
3.397140120967741836e+02 3.601397899299498364e-05 2.382288596022954282e-04
3.398390120967741836e+02 3.581831796271728053e-05 2.383003922589958660e-04
3.399640120967741836e+02 3.562346611955385109e-05 2.383710123312336076e-04
3.400890120967741836e+02 3.542942209353633403e-05 2.384407205672940656e-04
3.402140120967741836e+02 3.523618451257289031e-05 2.385095177256536922e-04
3.403390120967741836e+02 3.504375200233759426e-05 2.385774045749659931e-04
3.404640120967741836e+02 3.485212318641648234e-05 2.386443818939691262e-04
3.405890120967741836e+02 3.466129668624426283e-05 2.387104504714907536e-04
3.407140120967741836e+02 3.447127112113634049e-05 2.387756111063025143e-04
3.408390120967741836e+02 3.428204510838523598e-05 2.388398646070974190e-04
3.409640120967741836e+02 3.409361726316096128e-05 2.389032117924725566e-04
3.410890120967741836e+02 3.390598619864426807e-05 2.389656534907687411e-04
3.412140120967741836e+02 3.371915052597122472e-05 2.390271905401523684e-04
3.413390120967741836e+02 3.353310885430883938e-05 2.390878237883912311e-04
3.414640120967741836e+02 3.334785979083369442e-05 2.391475540929462412e-04
3.415890120967741836e+02 3.316340194079519605e-05 2.392063823208072013e-04
3.417140120967741836e+02 3.297973390749874890e-05 2.392643093484599255e-04
3.418390120967741836e+02 3.279685429234347946e-05 2.393213360619027741e-04
3.419640120967741836e+02 3.261476169485590733e-05 2.393774633564731266e-04
3.420890120967741836e+02 3.243345471269025015e-05 2.394326921368345612e-04
3.422140120967741836e+02 3.225293194165846278e-05 2.394870233169678288e-04
3.423390120967741836e+02 3.207319197575078971e-05 2.395404578200381737e-04
3.424640120967741836e+02 3.189423340717384767e-05 2.395929965783579830e-04
3.425890120967741836e+02 3.171605482633769649e-05 2.396446405333897136e-04
3.427140120967741836e+02 3.153865482189380654e-05 2.396953906356068167e-04
3.428390120967741836e+02 3.136203198077425262e-05 2.397452478444649245e-04
3.429640120967741836e+02 3.118618488816957590e-05 2.397942131283404578e-04
3.430890120967741836e+02 3.101111212760408178e-05 2.398422874645137393e-04
3.432140120967741836e+02 3.083681228090100310e-05 2.398894718390479964e-04
3.433390120967741836e+02 3.066328392824951062e-05 2.399357672467770290e-04
3.434640120967741836e+02 3.049052564819107580e-05 2.399811746912134042e-04
3.435890120967741836e+02 3.031853601766865629e-05 2.400256951845598677e-04
3.437140120967741836e+02 3.014731361201679921e-05 2.400693297475634642e-04
3.438390120967741836e+02 2.997685700501066062e-05 2.401120794094823341e-04
3.439640120967741836e+02 2.980716476887256838e-05 2.401539452081496268e-04
3.440890120967741836e+02 2.963823547427219487e-05 2.401949281897187408e-04
3.442140120967741836e+02 2.947006769041272064e-05 2.402350294087224119e-04
3.443390120967741836e+02 2.930265998496294977e-05 2.402742499280354990e-04
3.444640120967741836e+02 2.913601092414201655e-05 2.403125908187563173e-04
3.445890120967741836e+02 2.897011907270953619e-05 2.403500531601876922e-04
3.447140120967741836e+02 2.880498299399245575e-05 2.403866380397538555e-04
3.448390120967741836e+02 2.864060124991590651e-05 2.404223465530127234e-04
3.449640120967741836e+02 2.847697240099515369e-05 2.404571798035040544e-04
3.450890120967741836e+02 2.831409500641113156e-05 2.404911389027606977e-04
3.452140120967741836e+02 2.815196762393314312e-05 2.405242249702334854e-04
3.453390120967741836e+02 2.799058881005904751e-05 2.405564391332752129e-04
3.454640120967741836e+02 2.782995711992110040e-05 2.405877825270030270e-04
3.455890120967741836e+02 2.767007110740123856e-05 2.406182562943007838e-04
3.457140120967741836e+02 2.751092932505342731e-05 2.406478615857900465e-04
3.458390120967741836e+02 2.735253032425152193e-05 2.406765995597063233e-04
3.459640120967741836e+02 2.719487265505476565e-05 2.407044713818754325e-04
3.460890120967741836e+02 2.703795486635419076e-05 2.407314782257295206e-04
3.462140120967741836e+02 2.688177550583249303e-05 2.407576212721284953e-04
3.463390120967741836e+02 2.672633311997746225e-05 2.407829017093755016e-04
3.464640120967741836e+02 2.657162625413792025e-05 2.408073207331958888e-04
3.465890120967741836e+02 2.641765345250041060e-05 2.408308795465895148e-04
3.467140120967741836e+02 2.626441325814912446e-05 2.408535793599040655e-04
3.468390120967741836e+02 2.611190421304469090e-05 2.408754213906472705e-04
3.469640120967741836e+02 2.596012485808215798e-05 2.408964068635434993e-04
3.470890120967741836e+02 2.580907373307204296e-05 2.409165370104118960e-04
3.472140120967741836e+02 2.565874937678653959e-05 2.409358130701440726e-04
3.473390120967741836e+02 2.550915032697155958e-05 2.409542362886757567e-04
3.474640120967741836e+02 2.536027512033836050e-05 2.409718079188713242e-04
3.475890120967741836e+02 2.521212229264529464e-05 2.409885292205281087e-04
3.477140120967741836e+02 2.506469037864139321e-05 2.410044014602864403e-04
3.478390120967741836e+02 2.491797791213281438e-05 2.410194259116356895e-04
3.479640120967741836e+02 2.477198342598785097e-05 2.410336038547654066e-04
3.480890120967741836e+02 2.462670545214496707e-05 2.410469365766441160e-04
3.482140120967741836e+02 2.448214252165449237e-05 2.410594253708598029e-04
3.483390120967741836e+02 2.433829316466434463e-05 2.410710715376023763e-04
3.484640120967741836e+02 2.419515591047868497e-05 2.410818763836105163e-04
3.485890120967741836e+02 2.405272928752889855e-05 2.410918412221651141e-04
3.487140120967741836e+02 2.391101182343715589e-05 2.411009673729700104e-04
3.488390120967741836e+02 2.377000204498923332e-05 2.411092561621467365e-04
3.489640120967741836e+02 2.362969847820187917e-05 2.411167089221599757e-04
3.490890120967741836e+02 2.349009964827038921e-05 2.411233269918113290e-04
3.492140120967741836e+02 2.335120407969041339e-05 2.411291117161231160e-04
3.493390120967741836e+02 2.321301029616313559e-05 2.411340644463230059e-04
3.494640120967741836e+02 2.307551682068793221e-05 2.411381865398604975e-04
3.495890120967741836e+02 2.293872217554541123e-05 2.411414793602172926e-04
3.497140120967741836e+02 2.280262488232506611e-05 2.411439442769553528e-04
3.498390120967741836e+02 2.266722346194871489e-05 2.411455826656734504e-04
3.499640120967741836e+02 2.253251643467134386e-05 2.411463959079035728e-04
3.500890120967741836e+02 2.239850232011717079e-05 2.411463853910936564e-04
3.502140120967741836e+02 2.226517963727442725e-05 2.411455525085653029e-04
3.503390120967741836e+02 2.213254690453846240e-05 2.411438986594732845e-04
3.504640120967741836e+02 2.200060263970111103e-05 2.411414252487122209e-04
3.505890120967741836e+02 2.186934535998879650e-05 2.411381336868941364e-04
3.507140120967741836e+02 2.173877358207712004e-05 2.411340253903267758e-04
3.508390120967741836e+02 2.160888582207889385e-05 2.411291017809569009e-04
3.509640120967741836e+02 2.147968059562310492e-05 2.411233642862700829e-04
3.510890120967741836e+02 2.135115641778975785e-05 2.411168143392894555e-04
3.512140120967741836e+02 2.122331180319934866e-05 2.411094533785575818e-04
3.513390120967741836e+02 2.109614526596975754e-05 2.411012828480178425e-04
3.514640120967741836e+02 2.096965531979170938e-05 2.410923041970034853e-04
3.515890120967741836e+02 2.084384047788924779e-05 2.410825188802257532e-04
3.517140120967741836e+02 2.071869925307248154e-05 2.410719283576626994e-04
3.518390120967741836e+02 2.059423015775173341e-05 2.410605340945367713e-04
3.519640120967741836e+02 2.047043170391245104e-05 2.410483375612952953e-04
3.520890120967741836e+02 2.034730240320638161e-05 2.410353402335585699e-04
3.522140120967741836e+02 2.022484076687657890e-05 2.410215435920187103e-04
3.523390120967741836e+02 2.010304530586851367e-05 2.410069491224588385e-04
3.524640120967741836e+02 1.998191453074070156e-05 2.409915583156939671e-04
3.525890120967741836e+02 1.986144695181015553e-05 2.409753726674907686e-04
3.527140120967741836e+02 1.974164107902268148e-05 2.409583936785499568e-04
3.528390120967741836e+02 1.962249542209743280e-05 2.409406228544841964e-04
3.529640120967741836e+02 1.950400849044910538e-05 2.409220617057197930e-04
3.530890120967741836e+02 1.938617879325744173e-05 2.409027117474882090e-04
3.532140120967741836e+02 1.926900483946442558e-05 2.408825744997678420e-04
3.533390120967741836e+02 1.915248513778313510e-05 2.408616514872514178e-04
3.534640120967741836e+02 1.903661819673435504e-05 2.408399442393125962e-04
3.535890120967741836e+02 1.892140252463006298e-05 2.408174542899003436e-04
3.537140120967741836e+02 1.880683662962228278e-05 2.407941831775825710e-04
3.538390120967741836e+02 1.869291901969819217e-05 2.407701324454302881e-04
3.539640120967741836e+02 1.857964820269428506e-05 2.407453036410006077e-04
3.540890120967741836e+02 1.846702268632424918e-05 2.407196983163212962e-04
3.542140120967741836e+02 1.835504097816988243e-05 2.406933180277969083e-04
3.543390120967741836e+02 1.824370158574474234e-05 2.406661643361913863e-04
3.544640120967741836e+02 1.813300301644482846e-05 2.406382388065922808e-04
3.545890120967741836e+02 1.802294377761020226e-05 2.406095430083620432e-04
3.547140120967741836e+02 1.791352237651218680e-05 2.405800785150662786e-04
3.548390120967741836e+02 1.780473732039838483e-05 2.405498469044953485e-04
3.549640120967741836e+02 1.769658711647146570e-05 2.405188497585637026e-04
3.550890120967741836e+02 1.758907027193069706e-05 2.404870886632820418e-04
3.552140120967741836e+02 1.748218529397418784e-05 2.404545652087251449e-04
3.553390120967741836e+02 1.737593068981653361e-05 2.404212809889792843e-04
3.554640120967741836e+02 1.727030496669893015e-05 2.403872376021282402e-04
3.555890120967741836e+02 1.716530663191313097e-05 2.403524366501703046e-04
3.557140120967741836e+02 1.706093419280010218e-05 2.403168797389910408e-04
3.558390120967741836e+02 1.695718615677149646e-05 2.402805684783579170e-04
3.559640120967741836e+02 1.685406103135593501e-05 2.402435044818138099e-04
3.560890120967741836e+02 1.675155732413954914e-05 2.402056893666715568e-04
3.562140120967741836e+02 1.664967354285012459e-05 2.401671247540304902e-04
3.563390120967741836e+02 1.654840819533494648e-05 2.401278122686021244e-04
3.564640120967741836e+02 1.644775978957917320e-05 2.400877535387895738e-04
3.565890120967741836e+02 1.634772683373605852e-05 2.400469501965770455e-04
3.567140120967741836e+02 1.624830783611446632e-05 2.400054038775446114e-04
3.568390120967741836e+02 1.614950130521793575e-05 2.399631162207717958e-04
3.569640120967741836e+02 1.605130574973774574e-05 2.399200888688271939e-04
3.570890120967741836e+02 1.595371967858332009e-05 2.398763234677534829e-04
3.572140120967741836e+02 1.585674160087382489e-05 2.398318216669668079e-04
3.573390120967741836e+02 1.576037002598134010e-05 2.397865851192682474e-04
3.574640120967741836e+02 1.566460346353126275e-05 2.397406154807632300e-04
3.575890120967741836e+02 1.556944042337451409e-05 2.396939144109060409e-04
3.577140120967741836e+02 1.547487941570450126e-05 2.396464835723348332e-04
3.578390120967741836e+02 1.538091895093965421e-05 2.395983246309241308e-04
3.579640120967741836e+02 1.528755753984721780e-05 2.395494392557344940e-04
3.580890120967741836e+02 1.519479369347042058e-05 2.394998291189387397e-04
3.582140120967741836e+02 1.510262592322557351e-05 2.394494958958065186e-04
3.583390120967741836e+02 1.501105274082729394e-05 2.393984412646841761e-04
3.584640120967741836e+02 1.492007265838404412e-05 2.393466669069153343e-04
3.585890120967741836e+02 1.482968418833836288e-05 2.392941745068392391e-04
3.587140120967741836e+02 1.473988584354192967e-05 2.392409657517207474e-04
3.588390120967741836e+02 1.465067613721008568e-05 2.391870423317437949e-04
3.589640120967741836e+02 1.456205358299238661e-05 2.391324059399745604e-04
3.590890120967741836e+02 1.447401669492947851e-05 2.390770582722732929e-04
3.592140120967741836e+02 1.438656398751438739e-05 2.390210010273286271e-04
3.593390120967741836e+02 1.429969397567375407e-05 2.389642359065616577e-04
3.594640120967741836e+02 1.421340517479665193e-05 2.389067646141115474e-04
3.595890120967741836e+02 1.412769610071615715e-05 2.388485888568247931e-04
3.597140120967741836e+02 1.404256526978773316e-05 2.387897103441709019e-04
3.598390120967741836e+02 1.395801119880516939e-05 2.387301307882350729e-04
3.599640120967741836e+02 1.387403240512263532e-05 2.386698519036660742e-04
3.600890120967741836e+02 1.379062740655735640e-05 2.386088754076796307e-04
3.602140120967741836e+02 1.370779472150679091e-05 2.385472030199488119e-04
3.603390120967741836e+02 1.362553286886025051e-05 2.384848364626506248e-04
3.604640120967741836e+02 1.354384036809786252e-05 2.384217774603803624e-04
3.605890120967741836e+02 1.346271573923567368e-05 2.383580277401073139e-04
3.607140120967741836e+02 1.338215750288820019e-05 2.382935890311817576e-04
3.608390120967741836e+02 1.330216418024664368e-05 2.382284630652589045e-04
3.609640120967741836e+02 1.322273429309103258e-05 2.381626515763033704e-04
3.610890120967741836e+02 1.314386636384129315e-05 2.380961563005123060e-04
3.612140120967741836e+02 1.306555891551575163e-05 2.380289789763011938e-04
3.613390120967741836e+02 1.298781047177570510e-05 2.379611213442873682e-04
3.614640120967741836e+02 1.291061955692354279e-05 2.378925851472199764e-04
3.615890120967741836e+02 1.283398469592565151e-05 2.378233721299460423e-04
3.617140120967741836e+02 1.275790441440987796e-05 2.377534840394487123e-04
3.618390120967741836e+02 1.268237723868695529e-05 2.376829226247051700e-04
3.619640120967741836e+02 1.260740169576504322e-05 2.376116896367157477e-04
3.620890120967741836e+02 1.253297631334250122e-05 2.375397868284579556e-04
3.622140120967741836e+02 1.245909961983968606e-05 2.374672159548704903e-04
3.623390120967741836e+02 1.238577014439445750e-05 2.373939787727815959e-04
3.624640120967741836e+02 1.231298641689609178e-05 2.373200770408987641e-04
3.625890120967741836e+02 1.224074696794867286e-05 2.372455125197926338e-04
3.627140120967741836e+02 1.216905032895649534e-05 2.371702869718182510e-04
3.628390120967741836e+02 1.209789503205729459e-05 2.370944021611315214e-04
3.629640120967741836e+02 1.202727961017889459e-05 2.370178598535968638e-04
3.630890120967741836e+02 1.195720259705500510e-05 2.369406618168557854e-04
3.632140120967741836e+02 1.188766252718499775e-05 2.368628098201697001e-04
3.633390120967741836e+02 1.181865793592003745e-05 2.367843056344581733e-04
3.634640120967741836e+02 1.175018735939216032e-05 2.367051510322830388e-04
3.635890120967741836e+02 1.168224933460765059e-05 2.366253477877587890e-04
3.637140120967741836e+02 1.161484239937518850e-05 2.365448976765578064e-04
3.638390120967741836e+02 1.154796509239609655e-05 2.364638024758894386e-04
3.639640120967741836e+02 1.148161595319278222e-05 2.363820639644293353e-04
3.640890120967741836e+02 1.141579352220539283e-05 2.362996839223139190e-04
3.642140120967741836e+02 1.135049634072338886e-05 2.362166641311001336e-04
3.643390120967741836e+02 1.128572295094947801e-05 2.361330063737451703e-04
3.644640120967741836e+02 1.122147189598810402e-05 2.360487124345824524e-04
3.645890120967741836e+02 1.115774171986219754e-05 2.359637840992399134e-04
3.647140120967741836e+02 1.109453096750398591e-05 2.358782231546729025e-04
3.648390120967741836e+02 1.103183818480151722e-05 2.357920313891046350e-04
3.649640120967741836e+02 1.096966191856601231e-05 2.357052105919825533e-04
3.650890120967741836e+02 1.090800071658868711e-05 2.356177625539620905e-04
3.652140120967741836e+02 1.084685312759197711e-05 2.355296890668993795e-04
3.653390120967741836e+02 1.078621770131738823e-05 2.354409919237736781e-04
3.654640120967741836e+02 1.072609298844104928e-05 2.353516729186858785e-04
3.655890120967741836e+02 1.066647754067941330e-05 2.352617338468452799e-04
3.657140120967741836e+02 1.060736991071202668e-05 2.351711765044785967e-04
3.658390120967741836e+02 1.054876865226829929e-05 2.350800026888873672e-04
3.659640120967741836e+02 1.049067232005724985e-05 2.349882141983496706e-04
3.660890120967741836e+02 1.043307946987818435e-05 2.348958128321069810e-04
3.662140120967741836e+02 1.037598865851262476e-05 2.348028003903457090e-04
3.663390120967741836e+02 1.031939844383974444e-05 2.347091786741599591e-04
3.664640120967741836e+02 1.026330738476471421e-05 2.346149494855437779e-04
3.665890120967741836e+02 1.020771404128594320e-05 2.345201146273250177e-04
3.667140120967741836e+02 1.015261697446483639e-05 2.344246759031559581e-04
3.668390120967741836e+02 1.009801474646560686e-05 2.343286351174996994e-04
3.669640120967741836e+02 1.004390592053571273e-05 2.342319940755838127e-04
3.670890120967741836e+02 9.990289061041994948e-06 2.341347545833555625e-04
3.672140120967741836e+02 9.937162733452601613e-06 2.340369184475015851e-04
3.673390120967741836e+02 9.884525504377083139e-06 2.339384874753844626e-04
3.674640120967741836e+02 9.832375941538341904e-06 2.338394634750085705e-04
3.675890120967741836e+02 9.780712613824724773e-06 2.337398482550069590e-04
3.677140120967741836e+02 9.729534091243959758e-06 2.336396436246360403e-04
3.678390120967741836e+02 9.678838945011035685e-06 2.335388513937027303e-04
3.679640120967741836e+02 9.628625747458438721e-06 2.334374733725556666e-04
3.680890120967741836e+02 9.578893072134360767e-06 2.333355113720893281e-04
3.682140120967741836e+02 9.529639493743517263e-06 2.332329672036615278e-04
3.683390120967741836e+02 9.480863588218031986e-06 2.331298426791051487e-04
3.684640120967741836e+02 9.432563932651326133e-06 2.330261396106750728e-04
3.685890120967741836e+02 9.384739105385830272e-06 2.329218598110830102e-04
3.687140120967741836e+02 9.337387685979826394e-06 2.328170050933762590e-04
3.688390120967741836e+02 9.290508255186793858e-06 2.327115772709708273e-04
3.689640120967741836e+02 9.244099395045025480e-06 2.326055781576295324e-04
3.690890120967741836e+02 9.198159688792022993e-06 2.324990095674122628e-04
3.692140120967741836e+02 9.152687720957768930e-06 2.323918733146524513e-04
3.693390120967741836e+02 9.107682077294004450e-06 2.322841712139343611e-04
3.694640120967741836e+02 9.063141344874492633e-06 2.321759050800914590e-04
3.695890120967741836e+02 9.019064111995961364e-06 2.320670767281354276e-04
3.697140120967741836e+02 8.975448968281983449e-06 2.319576879732511508e-04
3.698390120967741836e+02 8.932294504624438175e-06 2.318477406308167444e-04
3.699640120967741836e+02 8.889599313233769159e-06 2.317372365162878990e-04
3.700890120967741836e+02 8.847361987615568968e-06 2.316261774452375345e-04
3.702140120967741836e+02 8.805581122610816575e-06 2.315145652333254695e-04
3.703390120967741836e+02 8.764255314365324880e-06 2.314024016962487108e-04
3.704640120967741836e+02 8.723383160381646887e-06 2.312896886497337013e-04
3.705890120967741836e+02 8.682963259477677819e-06 2.311764279094997282e-04
3.707140120967741836e+02 8.642994211844971640e-06 2.310626212912711473e-04
3.708390120967741836e+02 8.603474619009316752e-06 2.309482706106965287e-04
3.709640120967741836e+02 8.564403083884959662e-06 2.308333776833555685e-04
3.710890120967741836e+02 8.525778210721878867e-06 2.307179443247395190e-04
3.712140120967741836e+02 8.487598605199092318e-06 2.306019723502402113e-04
3.713390120967741836e+02 8.449862874332507003e-06 2.304854635750652162e-04
3.714640120967741836e+02 8.412569626569344494e-06 2.303684198142872568e-04
3.715890120967741836e+02 8.375717471726639574e-06 2.302508428827688839e-04
3.717140120967741836e+02 8.339305021061935299e-06 2.301327345951646708e-04
3.718390120967741836e+02 8.303330887215420490e-06 2.300140967658869534e-04
3.719640120967741836e+02 8.267793684284571964e-06 2.298949312091024412e-04
3.720890120967741836e+02 8.232692027765755005e-06 2.297752397386768693e-04
3.722140120967741836e+02 8.198024534619034932e-06 2.296550241681691166e-04
3.723390120967741836e+02 8.163789823225833927e-06 2.295342863108238872e-04
3.724640120967741836e+02 8.129986513442409305e-06 2.294130279795115101e-04
3.725890120967741836e+02 8.096613226560120892e-06 2.292912509867527137e-04
3.727140120967741836e+02 8.063668585352299053e-06 2.291689571446411857e-04
3.728390120967741836e+02 8.031151214060729433e-06 2.290461482648781873e-04
3.729640120967741836e+02 7.999059738411497557e-06 2.289228261587013204e-04
3.730890120967741836e+02 7.967392785595671395e-06 2.287989926368808415e-04
3.732140120967741836e+02 7.936148984333111744e-06 2.286746495097309378e-04
3.733390120967741836e+02 7.905326964803469534e-06 2.285497985870271103e-04
3.734640120967741836e+02 7.874925358725457948e-06 2.284244416780146310e-04
3.735890120967741836e+02 7.844942799305012313e-06 2.282985805914119310e-04
3.737140120967741836e+02 7.815377921296286635e-06 2.281722171353368748e-04
3.738390120967741836e+02 7.786229360947658637e-06 2.280453531173177106e-04
3.739640120967741836e+02 7.757495756070246254e-06 2.279179903442800869e-04
3.740890120967741836e+02 7.729175745983561999e-06 2.277901306225061241e-04
3.742140120967741836e+02 7.701267971581722142e-06 2.276617757576112667e-04
3.743390120967741836e+02 7.673771075293224503e-06 2.275329275545291859e-04
3.744640120967741836e+02 7.646683701114584126e-06 2.274035878175116165e-04
3.745890120967741836e+02 7.620004494598382499e-06 2.272737583500711387e-04
3.747140120967741836e+02 7.593732102873910586e-06 2.271434409549842137e-04
3.748390120967741836e+02 7.567865174644321955e-06 2.270126374342611511e-04
3.749640120967741836e+02 7.542402360207701027e-06 2.268813495891417993e-04
3.750890120967741836e+02 7.517342311424298145e-06 2.267495792200490876e-04
3.752140120967741836e+02 7.492683681775910821e-06 2.266173281265714619e-04
3.753390120967741836e+02 7.468425126334214871e-06 2.264845981075068763e-04
3.754640120967741836e+02 7.444565301794764309e-06 2.263513909607341255e-04
3.755890120967741836e+02 7.421102866429612570e-06 2.262177084832641273e-04
3.757140120967741836e+02 7.398036480171849776e-06 2.260835524712223317e-04
3.758390120967741836e+02 7.375364804552043934e-06 2.259489247197915020e-04
3.759640120967741836e+02 7.353086502755836627e-06 2.258138270232215540e-04
3.760890120967741836e+02 7.331200239567184189e-06 2.256782611747960539e-04
3.762140120967741836e+02 7.309704681462084439e-06 2.255422289668320833e-04
3.763390120967741836e+02 7.288598496525180360e-06 2.254057321906321814e-04
3.764640120967741836e+02 7.267880354525616133e-06 2.252687726364813636e-04
3.765890120967741836e+02 7.247548926861831763e-06 2.251313520936334338e-04
3.767140120967741836e+02 7.227602886615146389e-06 2.249934723502971330e-04
3.768390120967741836e+02 7.208040908543576632e-06 2.248551351935847761e-04
3.769640120967741836e+02 7.188861669072715746e-06 2.247163424095184581e-04
3.770890120967741836e+02 7.170063846305637974e-06 2.245770957830253115e-04
3.772140120967741836e+02 7.151646120031861005e-06 2.244373970978870360e-04
3.773390120967741836e+02 7.133607171755542006e-06 2.242972481367293280e-04
3.774640120967741836e+02 7.115945684658821423e-06 2.241566506810425074e-04
3.775890120967741836e+02 7.098660343622257653e-06 2.240156065111038885e-04
3.777140120967741836e+02 7.081749835249559556e-06 2.238741174059913602e-04
3.778390120967741836e+02 7.065212847851785058e-06 2.237321851435782353e-04
3.779640120967741836e+02 7.049048071472072820e-06 2.235898115004792308e-04
3.780890120967741836e+02 7.033254197853995388e-06 2.234469982520760818e-04
3.782140120967741836e+02 7.017829920482609803e-06 2.233037471724545493e-04
3.783390120967741836e+02 7.002773934586559088e-06 2.231600600344307394e-04
3.784640120967741836e+02 6.988084937124137707e-06 2.230159386094981674e-04
3.785890120967741836e+02 6.973761626787791007e-06 2.228713846678250735e-04
3.787140120967741836e+02 6.959802704035297888e-06 2.227263999782526621e-04
3.788390120967741836e+02 6.946206871082316911e-06 2.225809863082490764e-04
3.789640120967741836e+02 6.932972831891207159e-06 2.224351454239123537e-04
3.790890120967741836e+02 6.920099292187381058e-06 2.222888790899395792e-04
3.792140120967741836e+02 6.907584959474579763e-06 2.221421890696382434e-04
3.793390120967741836e+02 6.895428543026376573e-06 2.219950771248654453e-04
3.794640120967741836e+02 6.883628753894534609e-06 2.218475450160556752e-04
3.795890120967741836e+02 6.872184304915364638e-06 2.216995945021858218e-04
3.797140120967741836e+02 6.861093910706051492e-06 2.215512273407446795e-04
3.798390120967741836e+02 6.850356287688045733e-06 2.214024452877316740e-04
3.799640120967741836e+02 6.839970154068561063e-06 2.212532500976535556e-04
3.800890120967741836e+02 6.829934229872493066e-06 2.211036435234792967e-04
3.802140120967741836e+02 6.820247236901176327e-06 2.209536273166460543e-04
3.803390120967741836e+02 6.810907898794997111e-06 2.208032032270325264e-04
3.804640120967741836e+02 6.801914940996232327e-06 2.206523730029607948e-04
3.805890120967741836e+02 6.793267090775975017e-06 2.205011383911541494e-04
3.807140120967741836e+02 6.784963077207575635e-06 2.203495011367279002e-04
3.808390120967741836e+02 6.777001631215046594e-06 2.201974629832162108e-04
3.809640120967741836e+02 6.769381485542936689e-06 2.200450256724887233e-04
3.810890120967741836e+02 6.762101374788164292e-06 2.198921909447795070e-04
3.812140120967741836e+02 6.755160035349954317e-06 2.197389605386549651e-04
3.813390120967741836e+02 6.748556205521696399e-06 2.195853361910241898e-04
3.814640120967741836e+02 6.742288625409034268e-06 2.194313196370847245e-04
3.815890120967741836e+02 6.736356037001297735e-06 2.192769126103385829e-04
3.817140120967741836e+02 6.730757184102400045e-06 2.191221168425732215e-04
3.818390120967741836e+02 6.725490812418764136e-06 2.189669340638299079e-04
3.819640120967741836e+02 6.720555669498407415e-06 2.188113660024017151e-04
3.820890120967741836e+02 6.715950504778422190e-06 2.186554143848238446e-04
3.822140120967741836e+02 6.711674069539650940e-06 2.184990809358632730e-04
3.823390120967741836e+02 6.707725116964709762e-06 2.183423673784766841e-04
3.824640120967741836e+02 6.704102402106197533e-06 2.181852754338200920e-04
3.825890120967741836e+02 6.700804681915087606e-06 2.180278068212410071e-04
3.827140120967741836e+02 6.697830715202291997e-06 2.178699632582439588e-04
3.828390120967741836e+02 6.695179262693749866e-06 2.177117464604800873e-04
3.829640120967741836e+02 6.692849087012948993e-06 2.175531581417608311e-04
3.830890120967741836e+02 6.690838952679103809e-06 2.173942000140041784e-04
3.832140120967741836e+02 6.689147626095218161e-06 2.172348737872444513e-04
3.833390120967741836e+02 6.687773875598798869e-06 2.170751811696255301e-04
3.834640120967741836e+02 6.686716471419690427e-06 2.169151238673593552e-04
3.835890120967741836e+02 6.685974185722265710e-06 2.167547035847499693e-04
3.837140120967741836e+02 6.685545792554740376e-06 2.165939220241465174e-04
3.838390120967741836e+02 6.685430067915249899e-06 2.164327808859580458e-04
3.839640120967741836e+02 6.685625789713838125e-06 2.162712818686113542e-04
3.840890120967741836e+02 6.686131737803708547e-06 2.161094266685605362e-04
3.842140120967741836e+02 6.686946693934966993e-06 2.159472169802779268e-04
3.843390120967741836e+02 6.688069441824811855e-06 2.157846544962187566e-04
3.844640120967741836e+02 6.689498767121115912e-06 2.156217409068266009e-04
3.845890120967741836e+02 6.691233457401912173e-06 2.154584779005109629e-04
3.847140120967741836e+02 6.693272302201496055e-06 2.152948671636535898e-04
3.848390120967741836e+02 6.695614092992399663e-06 2.151309103805610387e-04
3.849640120967741836e+02 6.698257623206096675e-06 2.149666092334972026e-04
3.850890120967741836e+02 6.701201688225920291e-06 2.148019654026375573e-04
3.852140120967741836e+02 6.704445085382218207e-06 2.146369805660652580e-04
3.853390120967741836e+02 6.707986613972547577e-06 2.144716563997574787e-04
3.854640120967741836e+02 6.711825075264928464e-06 2.143059945775940584e-04
3.855890120967741836e+02 6.715959272482284691e-06 2.141399967713163285e-04
3.857140120967741836e+02 6.720388010829356622e-06 2.139736646505306910e-04
3.858390120967741836e+02 6.725110097458537779e-06 2.138069998826961499e-04
3.859640120967741836e+02 6.730124341523973992e-06 2.136400041331216007e-04
3.860890120967741836e+02 6.735429554141026941e-06 2.134726790649233027e-04
3.862140120967741836e+02 6.741024548417541531e-06 2.133050263390593294e-04
3.863390120967741836e+02 6.746908139430616014e-06 2.131370476142860652e-04
3.864640120967741836e+02 6.753079144255439225e-06 2.129687445471476880e-04
3.865890120967741836e+02 6.759536381950032979e-06 2.128001187919786636e-04
3.867140120967741836e+02 6.766278673577135163e-06 2.126311720008817628e-04
3.868390120967741836e+02 6.773304842163505739e-06 2.124619058237376843e-04
3.869640120967741836e+02 6.780613712765138108e-06 2.122923219081650475e-04
3.870890120967741836e+02 6.788204112418889302e-06 2.121224218995211509e-04
3.872140120967741836e+02 6.796074870183938854e-06 2.119522074409137908e-04
3.873390120967741836e+02 6.804224817086682527e-06 2.117816801731519565e-04
3.874640120967741836e+02 6.812652786201939062e-06 2.116108417347523356e-04
3.875890120967741836e+02 6.821357612588101332e-06 2.114396937619609986e-04
3.877140120967741836e+02 6.830338133337183282e-06 2.112682378886838466e-04
3.878390120967741836e+02 6.839593187527741842e-06 2.110964757465129849e-04
3.879640120967741836e+02 6.849121616276032634e-06 2.109244089647121134e-04
3.880890120967741836e+02 6.858922262719630044e-06 2.107520391702110243e-04
3.882140120967741836e+02 6.868993972018275957e-06 2.105793679875810173e-04
3.883390120967741836e+02 6.879335591334270937e-06 2.104063970390291272e-04
3.884640120967741836e+02 6.889945969879243155e-06 2.102331279444072843e-04
3.885890120967741836e+02 6.900823958884469203e-06 2.100595623211760487e-04
3.887140120967741836e+02 6.911968411624467343e-06 2.098857017844091635e-04
3.888390120967741836e+02 6.923378183380717401e-06 2.097115479467720337e-04
3.889640120967741836e+02 6.935052131498742309e-06 2.095371024185534929e-04
3.890890120967741836e+02 6.946989115343389007e-06 2.093623668075924303e-04
3.892140120967741836e+02 6.959187996337134655e-06 2.091873427193102080e-04
3.893390120967741836e+02 6.971647637916939628e-06 2.090120317567050780e-04
3.894640120967741836e+02 6.984366905590149145e-06 2.088364355203145052e-04
3.895890120967741836e+02 6.997344666889569182e-06 2.086605556082240045e-04
3.897140120967741836e+02 7.010579791427577484e-06 2.084843936160705286e-04
3.898390120967741836e+02 7.024071150823687839e-06 2.083079511370025151e-04
3.899640120967741836e+02 7.037817618782217079e-06 2.081312297617013808e-04
3.900890120967741836e+02 7.051818071045409425e-06 2.079542310783458517e-04
3.902140120967741836e+02 7.066071385425254431e-06 2.077769566726294997e-04
3.903390120967741836e+02 7.080576441768429142e-06 2.075994081277419316e-04
3.904640120967741836e+02 7.095332122002862035e-06 2.074215870243422267e-04
3.905890120967741836e+02 7.110337310108351135e-06 2.072434949405833578e-04
3.907140120967741836e+02 7.125590892136596354e-06 2.070651334520782561e-04
3.908390120967741836e+02 7.141091756182518944e-06 2.068865041319016269e-04
3.909640120967741836e+02 7.156838792432592359e-06 2.067076085505753676e-04
3.910890120967741836e+02 7.172830893125849089e-06 2.065284482760840169e-04
3.912140120967741836e+02 7.189066952580188658e-06 2.063490248738293273e-04
3.913390120967741836e+02 7.205545867180366694e-06 2.061693399066464737e-04
3.914640120967741836e+02 7.222266535386763419e-06 2.059893949348004483e-04
3.915890120967741836e+02 7.239227857728678531e-06 2.058091915159545107e-04
3.917140120967741836e+02 7.256428736824275444e-06 2.056287312051916817e-04
3.918390120967741836e+02 7.273868077358168798e-06 2.054480155549886415e-04
3.919640120967741836e+02 7.291544786095244646e-06 2.052670461152045624e-04
3.920890120967741836e+02 7.309457771883021982e-06 2.050858244330908933e-04
3.922140120967741836e+02 7.327605945656418997e-06 2.049043520532631984e-04
3.923390120967741836e+02 7.345988220437526073e-06 2.047226305177205635e-04
3.924640120967741836e+02 7.364603511309745021e-06 2.045406613658101703e-04
3.925890120967741836e+02 7.383450735472133865e-06 2.043584461342330151e-04
3.927140120967741836e+02 7.402528812192681121e-06 2.041759863570482192e-04
3.928390120967741836e+02 7.421836662846776336e-06 2.039932835656443509e-04
3.929640120967741836e+02 7.441373210869712717e-06 2.038103392887315114e-04
3.930890120967741836e+02 7.461137381825340846e-06 2.036271550523802848e-04
3.932140120967741836e+02 7.481128103345585442e-06 2.034437323799495568e-04
3.933390120967741836e+02 7.501344305172563231e-06 2.032600727921179300e-04
3.934640120967741836e+02 7.521784919123731775e-06 2.030761778068666205e-04
3.935890120967741836e+02 7.542448879133474553e-06 2.028920489394874806e-04
3.937140120967741836e+02 7.563335121221826810e-06 2.027076877025539158e-04
3.938390120967741836e+02 7.584442583522499643e-06 2.025230956059219682e-04
3.939640120967741836e+02 7.605770206242617140e-06 2.023382741567439239e-04
3.940890120967741836e+02 7.627316931717425386e-06 2.021532248594254595e-04
3.942140120967741836e+02 7.649081704369540015e-06 2.019679492156546718e-04
3.943390120967741836e+02 7.671063470737937609e-06 2.017824487243606341e-04
3.944640120967741836e+02 7.693261179441969501e-06 2.015967248817592309e-04
3.945890120967741836e+02 7.715673781234207317e-06 2.014107791812850699e-04
3.947140120967741836e+02 7.738300228946622496e-06 2.012246131136232222e-04
3.948390120967741836e+02 7.761139477556151730e-06 2.010382281667055088e-04
3.949640120967741836e+02 7.784190484098792569e-06 2.008516258256816335e-04
3.950890120967741836e+02 7.807452207760413830e-06 2.006648075729281281e-04
3.952140120967741836e+02 7.830923609811290111e-06 2.004777748880517399e-04
3.953390120967741836e+02 7.854603653653915107e-06 2.002905292478620832e-04
3.954640120967741836e+02 7.878491304775081568e-06 2.001030721263791202e-04
3.955890120967741836e+02 7.902585530796937059e-06 1.999154049948212886e-04
3.957140120967741836e+02 7.926885301445669150e-06 1.997275293216129561e-04
3.958390120967741836e+02 7.951389588567734566e-06 1.995394465723704337e-04
3.959640120967741836e+02 7.976097366105376550e-06 1.993511582098838697e-04
3.960890120967741836e+02 8.001007610137973622e-06 1.991626656941405059e-04
3.962140120967741836e+02 8.026119298847960053e-06 1.989739704822891429e-04
3.963390120967741836e+02 8.051431412541108920e-06 1.987850740286594927e-04
3.964640120967741836e+02 8.076942933633047338e-06 1.985959777847374867e-04
3.965890120967741836e+02 8.102652846663691599e-06 1.984066831991825139e-04
3.967140120967741836e+02 8.128560138286801558e-06 1.982171917177989609e-04
3.968390120967741836e+02 8.154663797278412002e-06 1.980275047835419581e-04
3.969640120967741836e+02 8.180962814533295437e-06 1.978376238365235325e-04
3.970890120967741836e+02 8.207456183059817214e-06 1.976475503139813828e-04
3.972140120967741836e+02 8.234142897990249000e-06 1.974572856503056318e-04
3.973390120967741836e+02 8.261021956586240609e-06 1.972668312770119387e-04
3.974640120967741836e+02 8.288092358220424145e-06 1.970761886227388152e-04
3.975890120967741836e+02 8.315353104387013768e-06 1.968853591132523149e-04
3.977140120967741836e+02 8.342803198703238875e-06 1.966943441714319658e-04
3.978390120967741836e+02 8.370441646918068542e-06 1.965031452172832926e-04
3.979640120967741836e+02 8.398267456893368426e-06 1.963117636679093028e-04
3.980890120967741836e+02 8.426279638607849632e-06 1.961202009375204603e-04
3.982140120967741836e+02 8.454477204181309104e-06 1.959284584374367194e-04
3.983390120967741836e+02 8.482859167846901156e-06 1.957365375760679814e-04
3.984640120967741836e+02 8.511424545966822823e-06 1.955444397589146369e-04
3.985890120967741836e+02 8.540172357014702356e-06 1.953521663885752905e-04
3.987140120967741836e+02 8.569101621597869411e-06 1.951597188647303627e-04
3.988390120967741836e+02 8.598211362454890184e-06 1.949670985841390266e-04
3.989640120967741836e+02 8.627500604439626249e-06 1.947743069406323506e-04
3.990890120967741836e+02 8.656968374529406735e-06 1.945813453251313502e-04
3.992140120967741836e+02 8.686613701831738516e-06 1.943882151256114263e-04
3.993390120967741836e+02 8.716435617581365318e-06 1.941949177271170830e-04
3.994640120967741836e+02 8.746433155133991202e-06 1.940014545117646114e-04
3.995890120967741836e+02 8.776605349970183692e-06 1.938078268587201342e-04
3.997140120967741836e+02 8.806951239690184852e-06 1.936140361442067884e-04
3.998390120967741836e+02 8.837469864044052105e-06 1.934200837414944260e-04
3.999640120967741836e+02 8.868160264881268245e-06 1.932259710209232218e-04
4.000890120967741836e+02 8.899021486182152806e-06 1.930316993498554809e-04
4.002140120967741836e+02 8.930052574063140769e-06 1.928372700927014158e-04
4.003390120967741836e+02 8.961252576753716165e-06 1.926426846109162460e-04
4.004640120967741836e+02 8.992620544623874574e-06 1.924479442629878378e-04
4.005890120967741836e+02 9.024155530144382033e-06 1.922530504044346719e-04
4.007140120967741836e+02 9.055856587936250235e-06 1.920580043878007475e-04
4.008390120967741836e+02 9.087722774730597325e-06 1.918628075626707067e-04
4.009640120967741836e+02 9.119753149397755344e-06 1.916674612756395042e-04
4.010890120967741836e+02 9.151946772907998396e-06 1.914719668703247400e-04
4.012140120967741836e+02 9.184302708380397807e-06 1.912763256873655480e-04
4.013390120967741836e+02 9.216820021048029407e-06 1.910805390644215664e-04
4.014640120967741836e+02 9.249497778270369006e-06 1.908846083361499519e-04
4.015890120967741836e+02 9.282335049526573730e-06 1.906885348342316725e-04
4.017140120967741836e+02 9.315330906426008947e-06 1.904923198873472205e-04
4.018390120967741836e+02 9.348484422696947150e-06 1.902959648211826303e-04
4.019640120967741836e+02 9.381794674195793846e-06 1.900994709584226752e-04
4.020890120967741836e+02 9.415260738888857708e-06 1.899028396187628744e-04
4.022140120967741836e+02 9.433936221229909729e-06 1.897060721188845297e-04
4.023390120967741836e+02 9.399215322736265640e-06 1.895091697724647271e-04
4.024640120967741836e+02 9.364617587389850769e-06 1.893121338901805378e-04
4.025890120967741836e+02 9.330142600843741577e-06 1.891149657796904792e-04
4.027140120967741836e+02 9.295789950033767998e-06 1.889176667456518338e-04
4.028390120967741836e+02 9.261559223175132080e-06 1.887202380896929490e-04
4.029640120967741836e+02 9.227450009759058819e-06 1.885226811104405583e-04
4.030890120967741836e+02 9.193461900549408029e-06 1.883249971034928118e-04
4.032140120967741836e+02 9.159594487579182868e-06 1.881271873614280316e-04
4.033390120967741836e+02 9.125847364147214553e-06 1.879292531738112435e-04
4.034640120967741836e+02 9.092220124814758984e-06 1.877311958271732524e-04
4.035890120967741836e+02 9.058712365402166208e-06 1.875330166050198036e-04
4.037140120967741836e+02 9.025323682985443157e-06 1.873347167878379254e-04
4.038390120967741836e+02 8.992053675892912955e-06 1.871362976530701521e-04
4.039640120967741836e+02 8.958901943701936898e-06 1.869377604751453154e-04
4.040890120967741836e+02 8.925868087235433148e-06 1.867391065254416546e-04
4.042140120967741836e+02 8.892951708558635986e-06 1.865403370723175806e-04
4.043390120967741836e+02 8.860152410975660246e-06 1.863414533810840018e-04
4.044640120967741836e+02 8.827469799026336800e-06 1.861424567140155454e-04
4.045890120967741836e+02 8.794903478482695678e-06 1.859433483303586079e-04
4.047140120967741836e+02 8.762453056345765974e-06 1.857441294863066078e-04
4.048390120967741836e+02 8.730118140842201273e-06 1.855448014350119664e-04
4.049640120967741836e+02 8.697898341421071085e-06 1.853453654265925315e-04
4.050890120967741836e+02 8.665793268750438832e-06 1.851458227081131459e-04
4.052140120967741836e+02 8.633802534714104163e-06 1.849461745235906891e-04
4.053390120967741836e+02 8.601925752408346956e-06 1.847464221140050007e-04
4.054640120967741836e+02 8.570162536138686572e-06 1.845465667172844874e-04
4.055890120967741836e+02 8.538512501416483557e-06 1.843466095683014610e-04
4.057140120967741836e+02 8.506975264955753105e-06 1.841465518988801887e-04
4.058390120967741836e+02 8.475550444669883654e-06 1.839463949378012026e-04
4.059640120967741836e+02 8.444237659668406298e-06 1.837461399107836275e-04
4.060890120967741836e+02 8.413036530253699833e-06 1.835457880404967816e-04
4.062140120967741836e+02 8.381946677917748314e-06 1.833453405465521263e-04
4.063390120967741836e+02 8.350967725338978231e-06 1.831447986455144610e-04
4.064640120967741836e+02 8.320099296378927981e-06 1.829441635508853071e-04
4.065890120967741836e+02 8.289341016079064713e-06 1.827434364731042908e-04
4.067140120967741836e+02 8.258692510657565604e-06 1.825426186195759496e-04
4.068390120967741836e+02 8.228153407506129629e-06 1.823417111946250637e-04
4.069640120967741836e+02 8.197723335186718179e-06 1.821407153995210232e-04
4.070890120967741836e+02 8.167401923428388845e-06 1.819396324324844142e-04
4.072140120967741836e+02 8.137188803124075008e-06 1.817384634886656065e-04
4.073390120967741836e+02 8.107083606327473833e-06 1.815372097601598779e-04
4.074640120967741836e+02 8.077085966249761479e-06 1.813358724359962469e-04
4.075890120967741836e+02 8.047195517256448911e-06 1.811344527021530309e-04
4.077140120967741836e+02 8.017411894864239408e-06 1.809329517415394150e-04
4.078390120967741836e+02 7.987734735737901318e-06 1.807313707339998701e-04
4.079640120967741836e+02 7.958163677687001898e-06 1.805297108563242358e-04
4.080890120967741836e+02 7.928698359662844443e-06 1.803279732822410798e-04
4.082140120967741836e+02 7.899338421755276669e-06 1.801261591824094579e-04
4.083390120967741836e+02 7.870083505189614284e-06 1.799242697244254462e-04
4.084640120967741836e+02 7.840933252323432429e-06 1.797223060728316284e-04
4.085890120967741836e+02 7.811887306643487564e-06 1.795202693890993141e-04
4.087140120967741836e+02 7.782945312762574970e-06 1.793181608316343398e-04
4.088390120967741836e+02 7.754106916416470964e-06 1.791159815557931423e-04
4.089640120967741836e+02 7.725371764460742973e-06 1.789137327138573064e-04
4.090890120967741836e+02 7.696739504867690048e-06 1.787114154550450583e-04
4.092140120967741836e+02 7.668209786723279996e-06 1.785090309255229742e-04
4.093390120967741836e+02 7.639782260224003496e-06 1.783065802683804209e-04
4.094640120967741836e+02 7.611456576673829022e-06 1.781040646236590455e-04
4.095890120967741836e+02 7.583232388481099305e-06 1.779014851283263485e-04
4.097140120967741836e+02 7.555109349155537081e-06 1.776988429162974217e-04
4.098390120967741836e+02 7.527087113305081416e-06 1.774961391184188479e-04
4.099640120967741836e+02 7.499165336632869731e-06 1.772933748624758838e-04
4.100890120967741836e+02 7.471343675934203730e-06 1.770905512732011877e-04
4.102140120967741836e+02 7.443621789093541584e-06 1.768876694722581230e-04
4.103390120967741836e+02 7.415999335081364757e-06 1.766847305782542291e-04
4.104640120967741836e+02 7.388475973951215088e-06 1.764817357067335782e-04
4.105890120967741836e+02 7.361051366836643770e-06 1.762786859701897851e-04
4.107140120967741836e+02 7.333725175948229806e-06 1.760755824780473326e-04
4.108390120967741836e+02 7.306497064570512890e-06 1.758724263366802734e-04
4.109640120967741836e+02 7.279366697059025415e-06 1.756692186494097907e-04
4.110890120967741836e+02 7.252333738837263473e-06 1.754659605164904834e-04
4.112140120967741836e+02 7.225397856393763752e-06 1.752626530351215060e-04
4.113390120967741836e+02 7.198558717279015252e-06 1.750592972994568955e-04
4.114640120967741836e+02 7.171815990102532782e-06 1.748558944005877908e-04
4.115890120967741836e+02 7.145169344529904208e-06 1.746524454265550093e-04
4.117140120967741836e+02 7.118618451279771627e-06 1.744489514623427044e-04
4.118390120967741836e+02 7.092162982120895548e-06 1.742454135898940048e-04
4.119640120967741836e+02 7.065802609869191126e-06 1.740418328880907945e-04
4.120890120967741836e+02 7.039537008384821145e-06 1.738382104327626846e-04
4.122140120967741836e+02 7.013365852569183121e-06 1.736345472967099708e-04
4.123390120967741836e+02 6.987288818361989577e-06 1.734308445496643588e-04
4.124640120967741836e+02 6.961305582738367809e-06 1.732271032583198906e-04
4.125890120967741836e+02 6.935415823705955404e-06 1.730233244863197718e-04
4.127140120967741836e+02 6.909619220301900050e-06 1.728195092942725805e-04
4.128390120967741836e+02 6.883915452590007578e-06 1.726156587397332663e-04
4.129640120967741836e+02 6.858304201657822240e-06 1.724117738772186546e-04
4.130890120967741836e+02 6.832785149613741710e-06 1.722078557582089103e-04
4.132140120967741836e+02 6.807357979584094828e-06 1.720039054311382949e-04
4.133390120967741836e+02 6.782022375710270150e-06 1.717999239414020511e-04
4.134640120967741836e+02 6.756778023145827574e-06 1.715959123313625019e-04
4.135890120967741836e+02 6.731624608053672629e-06 1.713918716403498629e-04
4.137140120967741836e+02 6.706561817603098644e-06 1.711878029046518077e-04
4.138390120967741836e+02 6.681589339966989841e-06 1.709837071575239843e-04
4.139640120967741836e+02 6.656706864318959211e-06 1.707795854291979025e-04
4.140890120967741836e+02 6.631914080830475381e-06 1.705754387468674902e-04
4.142140120967741836e+02 6.607210680668036906e-06 1.703712681346991760e-04
4.143390120967741836e+02 6.582596355990313542e-06 1.701670746138389913e-04
4.144640120967741836e+02 6.558070799945383213e-06 1.699628592024009146e-04
4.145890120967741836e+02 6.533633706667812301e-06 1.697586229154732142e-04
4.147140120967741836e+02 6.509284771275882449e-06 1.695543667651325161e-04
4.148390120967741836e+02 6.485023689868778420e-06 1.693500917604222008e-04
4.149640120967741836e+02 6.460850159523825068e-06 1.691457989073787496e-04
4.150890120967741836e+02 6.436763878293591340e-06 1.689414892090120664e-04
4.152140120967741836e+02 6.412764545203172143e-06 1.687371636653244781e-04
4.153390120967741836e+02 6.388851860247358405e-06 1.685328232732989445e-04
4.154640120967741836e+02 6.365025524387930809e-06 1.683284690269058878e-04
4.155890120967741836e+02 6.341285239550764634e-06 1.681241019171143066e-04
4.157140120967741836e+02 6.317630708623156514e-06 1.679197229318761899e-04
4.158390120967741836e+02 6.294061635451018226e-06 1.677153330561413982e-04
4.159640120967741836e+02 6.270577724836168718e-06 1.675109332718524590e-04
4.160890120967741836e+02 6.247178682533512646e-06 1.673065245579574147e-04
4.162140120967741836e+02 6.223864215248349350e-06 1.671021078903931530e-04
4.163390120967741836e+02 6.200634030633586962e-06 1.668976842421073892e-04
4.164640120967741836e+02 6.177487837287103053e-06 1.666932545830498839e-04
4.165890120967741836e+02 6.154425344748906223e-06 1.664888198801729583e-04
4.167140120967741836e+02 6.131446263498474726e-06 1.662843810974355056e-04
4.168390120967741836e+02 6.108550304952073066e-06 1.660799391958152425e-04
4.169640120967741836e+02 6.085737181459977970e-06 1.658754951332923376e-04
4.170890120967741836e+02 6.063006606303797521e-06 1.656710498648656478e-04
4.172140120967741836e+02 6.040358293693797084e-06 1.654666043425499799e-04
4.173390120967741836e+02 6.017791958766237073e-06 1.652621595153820004e-04
4.174640120967741836e+02 5.995307317580609934e-06 1.650577163294146240e-04
4.175890120967741836e+02 5.972904087117020273e-06 1.648532757277217304e-04
4.177140120967741836e+02 5.950581985273492134e-06 1.646488386504170562e-04
4.178390120967741836e+02 5.928340730863358448e-06 1.644444060346268732e-04
4.179640120967741836e+02 5.906180043612505632e-06 1.642399788145138949e-04
4.180890120967741836e+02 5.884099644156798610e-06 1.640355579212699041e-04
4.182140120967741836e+02 5.862099254039403340e-06 1.638311442831309587e-04
4.183390120967741836e+02 5.840178595708188968e-06 1.636267388253609119e-04
4.184640120967741836e+02 5.818337392513017319e-06 1.634223424702658048e-04
4.185890120967741836e+02 5.796575368703189939e-06 1.632179561371996401e-04
4.187140120967741836e+02 5.774892249424751147e-06 1.630135807425550035e-04
4.188390120967741836e+02 5.753287760717982505e-06 1.628092171997718460e-04
4.189640120967741836e+02 5.731761629514683848e-06 1.626048664193452354e-04
4.190890120967741836e+02 5.710313583635604231e-06 1.624005293088232158e-04
4.192140120967741836e+02 5.688943351787904216e-06 1.621962067728013857e-04
4.193390120967741836e+02 5.667650663562479251e-06 1.619918997129392432e-04
4.194640120967741836e+02 5.646435249431399088e-06 1.617876090279579899e-04
4.195890120967741836e+02 5.625296840745354826e-06 1.615833356136375223e-04
4.197140120967741836e+02 5.604235169731100024e-06 1.613790803628228020e-04
4.198390120967741836e+02 5.583249969488807961e-06 1.611748441654357541e-04
4.199640120967741836e+02 5.562340973989584740e-06 1.609706279084608478e-04
4.200890120967741836e+02 5.541507918072863825e-06 1.607664324759604105e-04
4.202140120967741836e+02 5.520750537443926767e-06 1.605622587490678789e-04
4.203390120967741836e+02 5.500068568671260465e-06 1.603581076060119493e-04
4.204640120967741836e+02 5.479461749184102463e-06 1.601539799220879549e-04
4.205890120967741836e+02 5.458929817269860042e-06 1.599498765696802816e-04
4.207140120967741836e+02 5.438472512071647897e-06 1.597457984182686834e-04
4.208390120967741836e+02 5.418089573585689433e-06 1.595417463344158955e-04
4.209640120967741836e+02 5.397780742658856144e-06 1.593377211817793707e-04
4.210890120967741836e+02 5.377545760986122268e-06 1.591337238211213627e-04
4.212140120967741836e+02 5.357384371108140591e-06 1.589297551102943702e-04
4.213390120967741836e+02 5.337296316408647973e-06 1.587258159042609785e-04
4.214640120967741836e+02 5.317281341112038609e-06 1.585219070550836402e-04
4.215890120967741836e+02 5.297339190280855955e-06 1.583180294119391498e-04
4.217140120967741836e+02 5.277469609813360058e-06 1.581141838211171525e-04
4.218390120967741836e+02 5.257672346440971205e-06 1.579103711260149406e-04
4.219640120967741836e+02 5.237947147725871127e-06 1.577065921671578087e-04
4.220890120967741836e+02 5.218293762058558463e-06 1.575028477821844989e-04
4.222140120967741836e+02 5.198711938655322060e-06 1.572991388058611595e-04
4.223390120967741836e+02 5.179201427555849798e-06 1.570954660700789058e-04
4.224640120967741836e+02 5.159761979620762032e-06 1.568918304038677248e-04
4.225890120967741836e+02 5.140393346529221264e-06 1.566882326333828685e-04
4.227140120967741836e+02 5.121095280776418995e-06 1.564846735819178103e-04
4.228390120967741836e+02 5.101867535671220978e-06 1.562811540699128642e-04
4.229640120967741836e+02 5.082709865333718437e-06 1.560776749149437464e-04
4.230890120967741836e+02 5.063622024692849610e-06 1.558742369317394380e-04
4.232140120967741836e+02 5.044603769483939107e-06 1.556708409321782812e-04
4.233390120967741836e+02 5.025654856246340626e-06 1.554674877252873292e-04
4.234640120967741836e+02 5.006775042321000882e-06 1.552641781172558989e-04
4.235890120967741836e+02 4.987964085848144665e-06 1.550609129114287939e-04
4.237140120967741836e+02 4.969221745764807436e-06 1.548576929083202646e-04
4.238390120967741836e+02 4.950547781802506834e-06 1.546545189056059029e-04
4.239640120967741836e+02 4.931941954484843873e-06 1.544513916981323193e-04
4.240890120967741836e+02 4.913404025125191397e-06 1.542483120779249758e-04
4.242140120967741836e+02 4.894933755824262241e-06 1.540452808341812745e-04
4.243390120967741836e+02 4.876530909467773966e-06 1.538422987532774965e-04
4.244640120967741836e+02 4.858195249724165257e-06 1.536393666187806464e-04
4.245890120967741836e+02 4.839926541042164090e-06 1.534364852114438718e-04
4.247140120967741836e+02 4.821724548648499052e-06 1.532336553092067074e-04
4.248390120967741836e+02 4.803589038545550515e-06 1.530308776872049681e-04
4.249640120967741836e+02 4.785519777509069579e-06 1.528281531177769020e-04
4.250890120967741836e+02 4.767516533085775884e-06 1.526254823704572541e-04
4.252140120967741836e+02 4.749579073591118905e-06 1.524228662119861302e-04
4.253390120967741836e+02 4.731707168106922352e-06 1.522203054063182392e-04
4.254640120967741836e+02 4.713900586479138685e-06 1.520178007146139759e-04
4.255890120967741836e+02 4.696159099315480809e-06 1.518153528952541657e-04
4.257140120967741836e+02 4.678482477983179135e-06 1.516129627038327740e-04
4.258390120967741836e+02 4.660870494606662398e-06 1.514106308931808392e-04
4.259640120967741836e+02 4.643322922065340977e-06 1.512083582133432987e-04
4.260890120967741836e+02 4.625839533991260611e-06 1.510061454115976364e-04
4.262140120967741836e+02 4.608420104766869619e-06 1.508039932324630719e-04
4.263390120967741836e+02 4.591064409522742079e-06 1.506019024176899078e-04
4.264640120967741836e+02 4.573772224135366222e-06 1.503998737062702093e-04
4.265890120967741836e+02 4.556543325224827798e-06 1.501979078344483211e-04
4.267140120967741836e+02 4.539377490152582379e-06 1.499960055357120849e-04
4.268390120967741836e+02 4.522274497019270015e-06 1.497941675408026249e-04
4.269640120967741836e+02 4.505234124662408763e-06 1.495923945777187113e-04
4.270890120967741836e+02 4.488256152654201716e-06 1.493906873717211784e-04
4.272140120967741836e+02 4.471340361299301687e-06 1.491890466453377499e-04
4.273390120967741836e+02 4.454486531632634332e-06 1.489874731183574814e-04
4.274640120967741836e+02 4.437694445417109469e-06 1.487859675078490301e-04
4.275890120967741836e+02 4.420963885141485704e-06 1.485845305281513571e-04
4.277140120967741836e+02 4.404294634018122410e-06 1.483831628908873618e-04
4.278390120967741836e+02 4.387686475980840967e-06 1.481818653049594905e-04
4.279640120967741836e+02 4.371139195682664029e-06 1.479806384765644002e-04
4.280890120967741836e+02 4.354652578493688629e-06 1.477794831091852341e-04
4.282140120967741836e+02 4.338226410498857629e-06 1.475783999036002134e-04
4.283390120967741836e+02 4.321860478495862474e-06 1.473773895578927749e-04
4.284640120967741836e+02 4.305554569992891771e-06 1.471764527674425719e-04
4.285890120967741836e+02 4.289308473206523029e-06 1.469755902249430114e-04
4.287140120967741836e+02 4.273121977059536466e-06 1.467748026203975406e-04
4.288390120967741836e+02 4.256994871178810130e-06 1.465740906411226014e-04
4.289640120967741836e+02 4.240926945893117615e-06 1.463734549717553280e-04
4.290890120967741836e+02 4.224917992231013021e-06 1.461728962942549295e-04
4.292140120967741836e+02 4.208967801918698968e-06 1.459724152879132339e-04
4.293390120967741836e+02 4.193076167377924266e-06 1.457720126293485621e-04
4.294640120967741836e+02 4.177242881723802799e-06 1.455716889925149163e-04
4.295890120967741836e+02 4.161467738762728983e-06 1.453714450487103018e-04
4.297140120967741836e+02 4.145750532990290670e-06 1.451712814665739079e-04
4.298390120967741836e+02 4.130091059589101598e-06 1.449711989120896854e-04
4.299640120967741836e+02 4.114489114426747330e-06 1.447711980486000622e-04
4.300890120967741836e+02 4.098944494053667675e-06 1.445712795368012268e-04
4.302140120967741836e+02 4.083456995701098399e-06 1.443714440347470857e-04
4.303390120967741836e+02 4.068026417278932461e-06 1.441716921978559583e-04
4.304640120967741836e+02 4.052652557373684599e-06 1.439720246789200910e-04
4.305890120967741836e+02 4.037335215246382217e-06 1.437724421280995311e-04
4.307140120967741836e+02 4.022074190830547749e-06 1.435729451929300957e-04
4.308390120967741836e+02 4.006869284730078538e-06 1.433735345183357322e-04
4.309640120967741836e+02 3.991720298217220734e-06 1.431742107466189222e-04
4.310890120967741836e+02 3.976627033230494908e-06 1.429749745174741264e-04
4.312140120967741836e+02 3.961589292372697904e-06 1.427758264679856971e-04
4.313390120967741836e+02 3.946606878908792877e-06 1.425767672326471770e-04
4.314640120967741836e+02 3.931679596763909451e-06 1.423777974433433830e-04
4.315890120967741836e+02 3.916807250521306601e-06 1.421789177293675906e-04
4.317140120967741836e+02 3.901989645420366886e-06 1.419801287174277951e-04
4.318390120967741836e+02 3.887226587354535608e-06 1.417814310316443537e-04
4.319640120967741836e+02 3.872517882869323516e-06 1.415828252935565990e-04
4.320890120967741836e+02 3.857863339160323901e-06 1.413843121221263898e-04
4.322140120967741836e+02 3.843262764071150065e-06 1.411858921337488717e-04
4.323390120967741836e+02 3.828715966091486308e-06 1.409875659422454299e-04
4.324640120967741836e+02 3.814222754355059696e-06 1.407893341588751276e-04
4.325890120967741836e+02 3.799782938637694438e-06 1.405911973923400996e-04
4.327140120967741836e+02 3.785396329355270526e-06 1.403931562487897270e-04
4.328390120967741836e+02 3.771062737561784037e-06 1.401952113318156491e-04
4.329640120967741836e+02 3.756781974947359568e-06 1.399973632424712528e-04
4.330890120967741836e+02 3.742553853836295705e-06 1.397996125792630255e-04
4.332140120967741836e+02 3.728378187185081701e-06 1.396019599381619124e-04
4.333390120967741836e+02 3.714254788580449293e-06 1.394044059126042377e-04
4.334640120967741836e+02 3.700183472237415638e-06 1.392069510935030623e-04
4.335890120967741836e+02 3.686164052997363934e-06 1.390095960692416235e-04
4.337140120967741836e+02 3.672196346326053740e-06 1.388123414256841508e-04
4.338390120967741836e+02 3.658280168311705411e-06 1.386151877461832107e-04
4.339640120967741836e+02 3.644415335663076487e-06 1.384181356115767253e-04
4.340890120967741836e+02 3.630601665707541891e-06 1.382211856002002785e-04
4.342140120967741836e+02 3.616838976389138130e-06 1.380243382878818567e-04
4.343390120967741836e+02 3.603127086266665946e-06 1.378275942479583837e-04
4.344640120967741836e+02 3.589465814511806505e-06 1.376309540512685105e-04
4.345890120967741836e+02 3.575854980907153752e-06 1.374344182661626980e-04
4.347140120967741836e+02 3.562294405844363208e-06 1.372379874585120810e-04
4.348390120967741836e+02 3.548783910322232602e-06 1.370416621917033991e-04
4.349640120967741836e+02 3.535323315944836278e-06 1.368454430266480228e-04
4.350890120967741836e+02 3.521912444919599889e-06 1.366493305217920094e-04
4.352140120967741836e+02 3.508551120055445818e-06 1.364533252331100047e-04
4.353390120967741836e+02 3.495239164760907684e-06 1.362574277141150004e-04
4.354640120967741836e+02 3.481976403042276609e-06 1.360616385158670621e-04
4.355890120967741836e+02 3.468762659501706830e-06 1.358659581869724078e-04
4.357140120967741836e+02 3.455597759335372131e-06 1.356703872735874736e-04
4.358390120967741836e+02 3.442481528331601947e-06 1.354749263194240092e-04
4.359640120967741836e+02 3.429413792869058973e-06 1.352795758657594869e-04
4.360890120967741836e+02 3.416394379914849434e-06 1.350843364514338482e-04
4.362140120967741836e+02 3.403423117022696879e-06 1.348892086128566871e-04
4.363390120967741836e+02 3.390499832331120219e-06 1.346941928840154359e-04
4.364640120967741836e+02 3.377624354561609212e-06 1.344992897964745787e-04
4.365890120967741836e+02 3.364796513016763111e-06 1.343044998793824012e-04
4.367140120967741836e+02 3.352016137578494953e-06 1.341098236594734025e-04
4.368390120967741836e+02 3.339283058706210441e-06 1.339152616610846938e-04
4.369640120967741836e+02 3.326597107435007571e-06 1.337208144061412262e-04
4.370890120967741836e+02 3.313958115373843657e-06 1.335264824141725419e-04
4.372140120967741836e+02 3.301365914703751900e-06 1.333322662023187638e-04
4.373390120967741836e+02 3.288820338176063044e-06 1.331381662853279126e-04
4.374640120967741836e+02 3.276321219110569431e-06 1.329441831755658271e-04
4.375890120967741836e+02 3.263868391393774185e-06 1.327503173830167334e-04
4.377140120967741836e+02 3.251461689477089149e-06 1.325565694152959571e-04
4.378390120967741836e+02 3.239100948375082373e-06 1.323629397776433640e-04
4.379640120967741836e+02 3.226786003663674783e-06 1.321694289729323317e-04
4.380890120967741836e+02 3.214516691478394020e-06 1.319760375016857962e-04
4.382140120967741836e+02 3.202292848512600330e-06 1.317827658620607744e-04
4.383390120967741836e+02 3.190114312015752266e-06 1.315896145498649797e-04
4.384640120967741836e+02 3.177980919791623683e-06 1.313965840585625954e-04
4.385890120967741836e+02 3.165892510196561812e-06 1.312036748792735701e-04
4.387140120967741836e+02 3.153848922137755928e-06 1.310108875007801499e-04
4.388390120967741836e+02 3.141849995071511095e-06 1.308182224095322179e-04
4.389640120967741836e+02 3.129895569001475328e-06 1.306256800896550465e-04
4.390890120967741836e+02 3.117985484476942983e-06 1.304332610229463701e-04
4.392140120967741836e+02 3.106119582591114107e-06 1.302409656888865220e-04
4.393390120967741836e+02 3.094297704979392747e-06 1.300487945646435579e-04
4.394640120967741836e+02 3.082519693817653075e-06 1.298567481250772397e-04
4.395890120967741836e+02 3.070785391820531345e-06 1.296648268427400116e-04
4.397140120967741836e+02 3.059094642239749191e-06 1.294730311878845353e-04
4.398390120967741836e+02 3.047447288862370858e-06 1.292813616284727159e-04
4.399640120967741836e+02 3.035843176009134971e-06 1.290898186301717718e-04
4.400890120967741836e+02 3.024282148532753266e-06 1.288984026563636399e-04
4.402140120967741836e+02 3.012764051816235588e-06 1.287071141681548963e-04
4.403390120967741836e+02 3.001288731771193699e-06 1.285159536243696548e-04
4.404640120967741836e+02 2.989856034836171787e-06 1.283249214815623601e-04
4.405890120967741836e+02 2.978465807974966367e-06 1.281340181940244019e-04
4.407140120967741836e+02 2.967117898674988122e-06 1.279432442137789919e-04
4.408390120967741836e+02 2.955812154945556406e-06 1.277525999905999203e-04
4.409640120967741836e+02 2.944548425316258535e-06 1.275620859720013917e-04
4.410890120967741836e+02 2.933326558835304430e-06 1.273717026032560767e-04
4.412140120967741836e+02 2.922146405067883371e-06 1.271814503273896370e-04
4.413390120967741836e+02 2.911007814094491531e-06 1.269913295851901039e-04
4.414640120967741836e+02 2.899910636509310756e-06 1.268013408152151146e-04
4.415890120967741836e+02 2.888854723418567013e-06 1.266114844537909374e-04
4.417140120967741836e+02 2.877839926438923992e-06 1.264217609350209276e-04
4.418390120967741836e+02 2.866866097695808527e-06 1.262321706907880219e-04
4.419640120967741836e+02 2.855933089821829601e-06 1.260427141507649293e-04
4.420890120967741836e+02 2.845040755955141459e-06 1.258533917424094423e-04
4.422140120967741836e+02 2.834188949737854154e-06 1.256642038909788837e-04
4.423390120967741836e+02 2.823377525314389873e-06 1.254751510195316517e-04
4.424640120967741836e+02 2.812606337329902377e-06 1.252862335489267863e-04
4.425890120967741836e+02 2.801875240928684579e-06 1.250974518978333744e-04
4.427140120967741836e+02 2.791184091752550711e-06 1.249088064827396846e-04
4.428390120967741836e+02 2.780532745939264230e-06 1.247202977179480443e-04
4.429640120967741836e+02 2.769921060120940315e-06 1.245319260155875244e-04
4.430890120967741836e+02 2.759348891422490289e-06 1.243436917856135604e-04
4.432140120967741836e+02 2.748816097460008873e-06 1.241555954358198243e-04
4.433390120967741836e+02 2.738322536339218603e-06 1.239676373718342941e-04
4.434640120967741836e+02 2.727868066653904095e-06 1.237798179971264369e-04
4.435890120967741836e+02 2.717452547484363243e-06 1.235921377130228210e-04
4.437140120967741836e+02 2.707075838395814799e-06 1.234045969186938082e-04
4.438390120967741836e+02 2.696737799436864392e-06 1.232171960111698970e-04
4.439640120967741836e+02 2.686438291137949805e-06 1.230299353853437565e-04
4.440890120967741836e+02 2.676177174509814194e-06 1.228428154339785197e-04
4.442140120967741836e+02 2.665954311041924677e-06 1.226558365477058870e-04
4.443390120967741836e+02 2.655769562700970549e-06 1.224689991150330101e-04
4.444640120967741836e+02 2.645622791929310242e-06 1.222823035223550420e-04
4.445890120967741836e+02 2.635513861643468692e-06 1.220957501539480356e-04
4.447140120967741836e+02 2.625442635232580490e-06 1.219093393919796499e-04
4.448390120967741836e+02 2.615408976556886400e-06 1.217230716165159808e-04
4.449640120967741836e+02 2.605412749946229453e-06 1.215369472055251792e-04
4.450890120967741836e+02 2.595453820198521816e-06 1.213509665348770855e-04
4.452140120967741836e+02 2.585532052578252741e-06 1.211651299783531363e-04
4.453390120967741836e+02 2.575647312814977040e-06 1.209794379076537234e-04
4.454640120967741836e+02 2.565799467101839127e-06 1.207938906923954156e-04
4.455890120967741836e+02 2.555988382094048358e-06 1.206084887001198356e-04
4.457140120967741836e+02 2.546213924907403078e-06 1.204232322963027537e-04
4.458390120967741836e+02 2.536475963116808311e-06 1.202381218443500626e-04
4.459640120967741836e+02 2.526774364754806162e-06 1.200531577056085250e-04
4.460890120967741836e+02 2.517108998310070634e-06 1.198683402393687004e-04
4.462140120967741836e+02 2.507479732725956243e-06 1.196836698028718300e-04
4.463390120967741836e+02 2.497886437399017821e-06 1.194991467513137942e-04
4.464640120967741836e+02 2.488328982177573107e-06 1.193147714378453019e-04
4.465890120967741836e+02 2.478807237360198414e-06 1.191305442135854031e-04
4.467140120967741836e+02 2.469321073694310696e-06 1.189464654276182760e-04
4.468390120967741836e+02 2.459870362374695830e-06 1.187625354270007902e-04
4.469640120967741836e+02 2.450454975042082632e-06 1.185787545567719523e-04
4.470890120967741836e+02 2.441074783781672411e-06 1.183951231599498702e-04
4.472140120967741836e+02 2.431729661121713412e-06 1.182116415775416466e-04
4.473390120967741836e+02 2.422419480032078225e-06 1.180283101485453168e-04
4.474640120967741836e+02 2.413144113922808580e-06 1.178451292099607316e-04
4.475890120967741836e+02 2.403903436642708003e-06 1.176620990967838787e-04
4.477140120967741836e+02 2.394697322477905249e-06 1.174792201420227797e-04
4.478390120967741836e+02 2.385525646150460510e-06 1.172964926766962299e-04
4.479640120967741836e+02 2.376388282816921642e-06 1.171139170298375522e-04
4.480890120967741836e+02 2.367285108066924874e-06 1.169314935285016582e-04
4.482140120967741836e+02 2.358215997921794233e-06 1.167492224977730980e-04
4.483390120967741836e+02 2.349180828833148180e-06 1.165671042607639463e-04
4.484640120967741836e+02 2.340179477681476589e-06 1.163851391386233570e-04
4.485890120967741836e+02 2.331211821774763900e-06 1.162033274505406801e-04
4.487140120967741836e+02 2.322277738847092783e-06 1.160216695137533628e-04
4.488390120967741836e+02 2.313377107057279988e-06 1.158401656435465837e-04
4.489640120967741836e+02 2.304509804987452915e-06 1.156588161532584569e-04
4.490890120967741836e+02 2.295675711641709599e-06 1.154776213542951162e-04
4.492140120967741836e+02 2.286874706444722804e-06 1.152965815561199402e-04
4.493390120967741836e+02 2.278106669240395781e-06 1.151156970662682848e-04
4.494640120967741836e+02 2.269371480290464241e-06 1.149349681903493934e-04
4.495890120967741836e+02 2.260669020273157615e-06 1.147543952320539051e-04
4.497140120967741836e+02 2.251999170281822634e-06 1.145739784931543566e-04
4.498390120967741836e+02 2.243361811823603642e-06 1.143937182735113751e-04
4.499640120967741836e+02 2.234756826818055165e-06 1.142136148710830301e-04
4.500890120967741836e+02 2.226184097595807825e-06 1.140336685819219462e-04
4.502140120967741836e+02 2.217643506897247823e-06 1.138538797001847224e-04
4.503390120967741836e+02 2.209134937871147709e-06 1.136742485181374887e-04
4.504640120967741836e+02 2.200658274073350935e-06 1.134947753261595786e-04
4.505890120967741836e+02 2.192213399465429737e-06 1.133154604127458196e-04
4.507140120967741836e+02 2.183800198413384514e-06 1.131363040645138652e-04
4.508390120967741836e+02 2.175418555686286456e-06 1.129573065662107406e-04
4.509640120967741836e+02 2.167068356454984125e-06 1.127784682007135474e-04
4.510890120967741836e+02 2.158749486290774889e-06 1.125997892490350884e-04
4.512140120967741836e+02 2.150461831164117000e-06 1.124212699903338007e-04
4.513390120967741836e+02 2.142205277443286206e-06 1.122429107019109107e-04
4.514640120967741836e+02 2.133979711893103081e-06 1.120647116592197166e-04
4.515890120967741836e+02 2.125785021673618433e-06 1.118866731358687604e-04
4.517140120967741836e+02 2.117621094338838091e-06 1.117087954036293901e-04
4.518390120967741836e+02 2.109487817835400691e-06 1.115310787324384019e-04
4.519640120967741836e+02 2.101385080501314748e-06 1.113535233903998028e-04
4.520890120967741836e+02 2.093312771064656343e-06 1.111761296437965195e-04
4.522140120967741836e+02 2.085270778642316784e-06 1.109988977570887316e-04
4.523390120967741836e+02 2.077258992738693943e-06 1.108218279929207154e-04
4.524640120967741836e+02 2.069277303244436525e-06 1.106449206121293960e-04
4.525890120967741836e+02 2.061325600435183264e-06 1.104681758737427206e-04
4.527140120967741836e+02 2.053403774970277971e-06 1.102915940349881018e-04
4.528390120967741836e+02 2.045511717891522703e-06 1.101151753512969036e-04
4.529640120967741836e+02 2.037649320621907637e-06 1.099389200763110279e-04
4.530890120967741836e+02 2.029816474964383719e-06 1.097628284618809357e-04
4.532140120967741836e+02 2.022013073100579408e-06 1.095869007580790779e-04
4.533390120967741836e+02 2.014239007589575020e-06 1.094111372132000170e-04
4.534640120967741836e+02 2.006494171366649969e-06 1.092355380737639509e-04
4.535890120967741836e+02 1.998778457742063036e-06 1.090601035845236924e-04
4.537140120967741836e+02 1.991091760399786054e-06 1.088848339884685861e-04
4.538390120967741836e+02 1.983433973396297314e-06 1.087097295268324090e-04
4.539640120967741836e+02 1.975804991159339388e-06 1.085347904390917992e-04
4.540890120967741836e+02 1.968204708486715071e-06 1.083600169629753758e-04
4.542140120967741836e+02 1.960633020545039706e-06 1.081854093344698521e-04
4.543390120967741836e+02 1.953089822868542625e-06 1.080109677878198041e-04
4.544640120967741836e+02 1.945575011357839805e-06 1.078366925555337432e-04
4.545890120967741836e+02 1.938088482278750984e-06 1.076625838683967733e-04
4.547140120967741836e+02 1.930630132261060451e-06 1.074886419554614163e-04
4.548390120967741836e+02 1.923199858297331200e-06 1.073148670440639832e-04
4.549640120967741836e+02 1.915797557741716121e-06 1.071412593598213356e-04
4.550890120967741836e+02 1.908423128308738695e-06 1.069678191266434751e-04
4.552140120967741836e+02 1.901076468072119640e-06 1.067945465667307389e-04
4.553390120967741836e+02 1.893757475463574975e-06 1.066214419005812936e-04
4.554640120967741836e+02 1.886466049271656217e-06 1.064485053469999313e-04
4.555890120967741836e+02 1.879202088640539122e-06 1.062757371230953993e-04
4.557140120967741836e+02 1.871965493068863047e-06 1.061031374442892233e-04
4.558390120967741836e+02 1.864756162408550385e-06 1.059307065243214125e-04
4.559640120967741836e+02 1.857573996863653765e-06 1.057584445752540920e-04
4.560890120967741836e+02 1.850418896989156646e-06 1.055863518074736307e-04
4.562140120967741836e+02 1.843290763689838931e-06 1.054144284296971052e-04
4.563390120967741836e+02 1.836189498219099801e-06 1.052426746489804862e-04
4.564640120967741836e+02 1.829115002177819306e-06 1.050710906707171883e-04
4.565890120967741836e+02 1.822067177513185221e-06 1.048996766986454420e-04
4.567140120967741836e+02 1.815045926517554212e-06 1.047284329348565209e-04
4.568390120967741836e+02 1.808051151827298390e-06 1.045573595797920304e-04
4.569640120967741836e+02 1.801082756421684047e-06 1.043864568322553060e-04
4.570890120967741836e+02 1.794140643621704449e-06 1.042157248894092853e-04
4.572140120967741836e+02 1.787224717088959844e-06 1.040451639467930827e-04
4.573390120967741836e+02 1.780334880824521593e-06 1.038747741983111610e-04
4.574640120967741836e+02 1.773471039167811118e-06 1.037045558362474667e-04
4.575890120967741836e+02 1.766633096795462768e-06 1.035345090512705527e-04
4.577140120967741836e+02 1.759820958720198736e-06 1.033646340324331721e-04
4.578390120967741836e+02 1.753034530289736821e-06 1.031949309671802872e-04
4.579640120967741836e+02 1.746273717185642268e-06 1.030254000413521464e-04
4.580890120967741836e+02 1.739538425422237218e-06 1.028560414391920902e-04
4.582140120967741836e+02 1.732828561345478382e-06 1.026868553433465378e-04
4.583390120967741836e+02 1.726144031631876661e-06 1.025178419348711127e-04
4.584640120967741836e+02 1.719484743287360628e-06 1.023490013932382050e-04
4.585890120967741836e+02 1.712850603646203135e-06 1.021803338963392621e-04
4.587140120967741836e+02 1.706241520369916353e-06 1.020118396204862653e-04
4.588390120967741836e+02 1.699657401446171385e-06 1.018435187404233587e-04
4.589640120967741836e+02 1.693098155187693095e-06 1.016753714293247882e-04
4.590890120967741836e+02 1.686563690231186500e-06 1.015073978588034814e-04
4.592140120967741836e+02 1.680053915536244938e-06 1.013395981989128085e-04
4.593390120967741836e+02 1.673568740384292977e-06 1.011719726181557847e-04
4.594640120967741836e+02 1.667108074377485479e-06 1.010045212834836069e-04
4.595890120967741836e+02 1.660671827437650929e-06 1.008372443603033648e-04
4.597140120967741836e+02 1.654259909805215280e-06 1.006701420124849931e-04
4.598390120967741836e+02 1.647872232038150359e-06 1.005032144023596051e-04
4.599640120967741836e+02 1.641508705010893903e-06 1.003364616907306324e-04
4.600890120967741836e+02 1.635169239913293730e-06 1.001698840368751262e-04
4.602140120967741836e+02 1.628853748249571820e-06 1.000034815985465490e-04
4.603390120967741836e+02 1.622562141837246040e-06 9.983725453198275717e-05
4.604640120967741836e+02 1.616294332806094648e-06 9.967120299190774906e-05
4.605890120967741836e+02 1.610050233597108510e-06 9.950532713154042002e-05
4.607140120967741836e+02 1.603829756961445232e-06 9.933962710259353242e-05
4.608390120967741836e+02 1.597632815959395137e-06 9.917410305528064096e-05
4.609640120967741836e+02 1.591459323959349798e-06 9.900875513832383117e-05
4.610890120967741836e+02 1.585309194636737947e-06 9.884358349895209313e-05
4.612140120967741836e+02 1.579182341973047367e-06 9.867858828290991373e-05
4.613390120967741836e+02 1.573078680254739631e-06 9.851376963446177614e-05
4.614640120967741836e+02 1.566998124072278341e-06 9.834912769639590031e-05
4.615890120967741836e+02 1.560940588319086856e-06 9.818466261002666885e-05
4.617140120967741836e+02 1.554905988190506018e-06 9.802037451520124068e-05
4.618390120967741836e+02 1.548894239182827899e-06 9.785626355030590715e-05
4.619640120967741836e+02 1.542905257092260301e-06 9.769232985226633601e-05
4.620890120967741836e+02 1.536938958013897192e-06 9.752857355655371069e-05
4.622140120967741836e+02 1.530995258340764308e-06 9.736499479719215708e-05
4.623390120967741836e+02 1.525074074762762902e-06 9.720159370675824208e-05
4.624640120967741836e+02 1.519175324265713872e-06 9.703837041638850884e-05
4.625890120967741836e+02 1.513298924130346823e-06 9.687532505578141473e-05
4.627140120967741836e+02 1.507444791931286169e-06 9.671245775320889168e-05
4.628390120967741836e+02 1.501612845536101613e-06 9.654976863551031528e-05
4.629640120967741836e+02 1.495803003104299324e-06 9.638725782810250655e-05
4.630890120967741836e+02 1.490015183086323080e-06 9.622492545498644045e-05
4.632140120967741836e+02 1.484249304222607494e-06 9.606277163874683931e-05
4.633390120967741836e+02 1.478505285542587195e-06 9.590079650055893551e-05
4.634640120967741836e+02 1.472783046363699664e-06 9.573900016019172413e-05
4.635890120967741836e+02 1.467082506290459632e-06 9.557738273601627062e-05
4.637140120967741836e+02 1.461403585213439258e-06 9.541594434500396250e-05
4.638390120967741836e+02 1.455746203308348037e-06 9.525468510273447833e-05
4.639640120967741836e+02 1.450110281035052361e-06 9.509360512340092402e-05
4.640890120967741836e+02 1.444495739136592321e-06 9.493270451981350563e-05
4.642140120967741836e+02 1.438902498638269881e-06 9.477198340340038316e-05
4.643390120967741836e+02 1.433330480846673943e-06 9.461144188421858031e-05
4.644640120967741836e+02 1.427779607348709642e-06 9.445108007095248020e-05
4.645890120967741836e+02 1.422249800010695415e-06 9.429089807092061514e-05
4.647140120967741836e+02 1.416740980977371545e-06 9.413089599007993570e-05
4.648390120967741836e+02 1.411253072670995745e-06 9.397107393303205842e-05
4.649640120967741836e+02 1.405785997790392570e-06 9.381143200302338779e-05
4.650890120967741836e+02 1.400339679309995641e-06 9.365197030195136394e-05
4.652140120967741836e+02 1.394914040478952536e-06 9.349268893037178103e-05
4.653390120967741836e+02 1.389509004820175273e-06 9.333358798749755397e-05
4.654640120967741836e+02 1.384124496129399674e-06 9.317466757120882858e-05
4.655890120967741836e+02 1.378760438474288786e-06 9.301592777805107071e-05
4.657140120967741836e+02 1.373416756193502411e-06 9.285736870324600312e-05
4.658390120967741836e+02 1.368093373895756900e-06 9.269899044069018247e-05
4.659640120967741836e+02 1.362790216458951652e-06 9.254079308296177557e-05
4.660890120967741836e+02 1.357507209029208791e-06 9.238277672132705104e-05
4.662140120967741836e+02 1.352244277020005165e-06 9.222494144573985080e-05
4.663390120967741836e+02 1.347001346111248874e-06 9.206728734484862376e-05
4.664640120967741836e+02 1.341778342248352610e-06 9.190981450600278204e-05
4.665890120967741836e+02 1.336575191641375406e-06 9.175252301525195552e-05
4.667140120967741836e+02 1.331391820764100637e-06 9.159541295735320178e-05
4.668390120967741836e+02 1.326228156353125249e-06 9.143848441577665756e-05
4.669640120967741836e+02 1.321084125407007434e-06 9.128173747270751739e-05
4.670890120967741836e+02 1.315959655185330655e-06 9.112517220904989604e-05
4.672140120967741836e+02 1.310854673207852382e-06 9.096878870443170749e-05
4.673390120967741836e+02 1.305769107253610891e-06 9.081258703721107521e-05
4.674640120967741836e+02 1.300702885360019790e-06 9.065656728447744352e-05
4.675890120967741836e+02 1.295655935822025008e-06 9.050072952205675462e-05
4.677140120967741836e+02 1.290628187191212445e-06 9.034507382451535174e-05
4.678390120967741836e+02 1.285619568274917105e-06 9.018960026516727039e-05
4.679640120967741836e+02 1.280630008135384746e-06 9.003430891607333033e-05
4.680890120967741836e+02 1.275659436088890544e-06 8.987919984804713935e-05
4.682140120967741836e+02 1.270707781704854363e-06 8.972427313066462073e-05
4.683390120967741836e+02 1.265774974805017653e-06 8.956952883225929689e-05
4.684640120967741836e+02 1.260860945462541150e-06 8.941496701993077332e-05
4.685890120967741836e+02 1.255965624001184097e-06 8.926058775955163682e-05
4.687140120967741836e+02 1.251088940994435614e-06 8.910639111576671009e-05
4.688390120967741836e+02 1.246230827264642890e-06 8.895237715199928589e-05
4.689640120967741836e+02 1.241391213882200994e-06 8.879854593045531479e-05
4.690890120967741836e+02 1.236570032164685094e-06 8.864489751212950379e-05
4.692140120967741836e+02 1.231767213675993040e-06 8.849143195680534346e-05
4.693390120967741836e+02 1.226982690225541749e-06 8.833814932306089480e-05
4.694640120967741836e+02 1.222216393867386289e-06 8.818504966827480664e-05
4.695890120967741836e+02 1.217468256899418794e-06 8.803213304863008318e-05
4.697140120967741836e+02 1.212738211862525882e-06 8.787939951911381299e-05
4.698390120967741836e+02 1.208026191539735481e-06 8.772684913352772639e-05
4.699640120967741836e+02 1.203332128955426330e-06 8.757448194448663693e-05
4.700890120967741836e+02 1.198655957374482014e-06 8.742229800342631539e-05
4.702140120967741836e+02 1.193997610301458110e-06 8.727029736060481796e-05
4.703390120967741836e+02 1.189357021479790005e-06 8.711848006511059062e-05
4.704640120967741836e+02 1.184734124890958990e-06 8.696684616486156114e-05
4.705890120967741836e+02 1.180128854753667039e-06 8.681539570661146808e-05
4.707140120967741836e+02 1.175541145523056266e-06 8.666412873595635250e-05
4.708390120967741836e+02 1.170970931889860837e-06 8.651304529733309424e-05
4.709640120967741836e+02 1.166418148779633626e-06 8.636214543402984741e-05
4.710890120967741836e+02 1.161882731351930099e-06 8.621142918818337048e-05
4.712140120967741836e+02 1.157364614999485845e-06 8.606089660078985483e-05
4.713390120967741836e+02 1.152863735347453190e-06 8.591054771170308153e-05
4.714640120967741836e+02 1.148380028252586561e-06 8.576038255964096727e-05
4.715890120967741836e+02 1.143913429802433567e-06 8.561040118219212373e-05
4.717140120967741836e+02 1.139463876314577970e-06 8.546060361581462434e-05
4.718390120967741836e+02 1.135031304335812550e-06 8.531098989584250949e-05
4.719640120967741836e+02 1.130615650641383769e-06 8.516156005649248145e-05
4.720890120967741836e+02 1.126216852234196614e-06 8.501231413086222390e-05
4.722140120967741836e+02 1.121834846344015639e-06 8.486325215094003773e-05
4.723390120967741836e+02 1.117469570426717241e-06 8.471437414760375686e-05
4.724640120967741836e+02 1.113120962163495146e-06 8.456568015062985554e-05
4.725890120967741836e+02 1.108788959460076057e-06 8.441717018869230997e-05
4.727140120967741836e+02 1.104473500445979344e-06 8.426884428936927960e-05
4.728390120967741836e+02 1.100174523473706862e-06 8.412070247914858246e-05
4.729640120967741836e+02 1.095891967118015132e-06 8.397274478342770865e-05
4.730890120967741836e+02 1.091625770175133323e-06 8.382497122652016294e-05
4.732140120967741836e+02 1.087375871661987367e-06 8.367738183165888001e-05
4.733390120967741836e+02 1.083142210815469607e-06 8.352997662100188937e-05
4.734640120967741836e+02 1.078924727091667994e-06 8.338275561563170558e-05
4.735890120967741836e+02 1.074723360165095076e-06 8.323571883556428637e-05
4.737140120967741836e+02 1.070538049927967388e-06 8.308886629975088941e-05
4.738390120967741836e+02 1.066368736489439096e-06 8.294219802608024069e-05
4.739640120967741836e+02 1.062215360174841571e-06 8.279571403138395551e-05
4.740890120967741836e+02 1.058077861524972100e-06 8.264941433144229834e-05
4.742140120967741836e+02 1.053956181295312915e-06 8.250329894098425057e-05
4.743390120967741836e+02 1.049850260455320322e-06 8.235736787369389372e-05
4.744640120967741836e+02 1.045760040187681009e-06 8.221162114221274052e-05
4.745890120967741836e+02 1.041685461887555644e-06 8.206605875814701261e-05
4.747140120967741836e+02 1.037626467161875835e-06 8.192068073206640723e-05
4.748390120967741836e+02 1.033582997828600862e-06 8.177548707350966732e-05
4.749640120967741836e+02 1.029554995915973348e-06 8.163047779099359398e-05
4.750890120967741836e+02 1.025542403661827226e-06 8.148565289200822173e-05
4.752140120967741836e+02 1.021545163512824996e-06 8.134101238302608847e-05
4.753390120967741836e+02 1.017563218123771830e-06 8.119655626950410569e-05
4.754640120967741836e+02 1.013596510356879296e-06 8.105228455588996887e-05
4.755890120967741836e+02 1.009644983281038812e-06 8.090819724562222520e-05
4.757140120967741836e+02 1.005708580171130468e-06 8.076429434113528802e-05
4.758390120967741836e+02 1.001787244507300507e-06 8.062057584386666035e-05
4.759640120967741836e+02 9.978809199742349929e-07 8.047704175425471221e-05
4.760890120967741836e+02 9.939895504604826104e-07 8.033369207174622946e-05
4.762140120967741836e+02 9.901130800577340492e-07 8.019052679480033041e-05
4.763390120967741836e+02 9.862514530601056270e-07 8.004754592089144741e-05
4.764640120967741836e+02 9.824046139634705567e-07 7.990474944651161724e-05
4.765890120967741836e+02 9.785725074647249926e-07 7.976213736717545485e-05
4.767140120967741836e+02 9.747550784611209917e-07 7.961970967742585900e-05
4.768390120967741836e+02 9.709522720495613589e-07 7.947746637083391737e-05
4.769640120967741836e+02 9.671640335258957624e-07 7.933540744000444958e-05
4.770890120967741836e+02 9.633903083842551781e-07 7.919353287658157726e-05
4.772140120967741836e+02 9.596310423163516044e-07 7.905184267124865626e-05
4.773390120967741836e+02 9.558861812107820135e-07 7.891033681373483611e-05
4.774640120967741836e+02 9.521556711523758181e-07 7.876901529281667277e-05
4.775890120967741836e+02 9.484394584214761637e-07 7.862787809632462027e-05
4.777140120967741836e+02 9.447374894932969254e-07 7.848692521114449439e-05
4.778390120967741836e+02 9.410497110372300459e-07 7.834615662322016961e-05
4.779640120967741836e+02 9.373760699161606042e-07 7.820557231756114145e-05
4.780890120967741836e+02 9.337165131858198936e-07 7.806517227824160484e-05
4.782140120967741836e+02 9.300709880941029254e-07 7.792495648840620044e-05
4.783390120967741836e+02 9.264394420803878375e-07 7.778492493027563894e-05
4.784640120967741836e+02 9.228218227748985024e-07 7.764507758514667391e-05
4.785890120967741836e+02 9.192180779980252067e-07 7.750541443339729246e-05
4.787140120967741836e+02 9.156281557596551772e-07 7.736593545449034731e-05
4.788390120967741836e+02 9.120520042585391067e-07 7.722664062697888292e-05
4.789640120967741836e+02 9.084895718816041038e-07 7.708752992850543076e-05
4.790890120967741836e+02 9.049408072033274181e-07 7.694860333581037123e-05
4.792140120967741836e+02 9.014056589850697198e-07 7.680986082473292300e-05
4.793390120967741836e+02 8.978840761744162131e-07 7.667130237021423295e-05
4.794640120967741836e+02 8.943760079045504680e-07 7.653292794630235001e-05
4.795890120967741836e+02 8.908814034935969104e-07 7.639473752615444770e-05
4.797140120967741836e+02 8.874002124439650071e-07 7.625673108204332939e-05
4.798390120967741836e+02 8.839323844417356960e-07 7.611890858535661517e-05
4.799640120967741836e+02 8.804778693559882071e-07 7.598127000660327408e-05
4.800890120967741836e+02 8.770366172381925278e-07 7.584381531541714789e-05
4.802140120967741836e+02 8.736085783215611052e-07 7.570654448055869924e-05
4.803390120967741836e+02 8.701937030204031952e-07 7.556945746991842701e-05
4.804640120967741836e+02 8.667919419295172222e-07 7.543255425052528234e-05
4.805890120967741836e+02 8.634032458235503163e-07 7.529583478854273845e-05
4.807140120967741836e+02 8.600275656563572153e-07 7.515929904927696277e-05
4.808390120967741836e+02 8.566648525604020479e-07 7.502294699717864659e-05
4.809640120967741836e+02 8.533150578461201996e-07 7.488677859584904944e-05
4.810890120967741836e+02 8.499781330012876974e-07 7.475079380803930794e-05
4.812140120967741836e+02 8.466540296904275451e-07 7.461499259565666992e-05
4.813390120967741836e+02 8.433426997541635435e-07 7.447937491976845182e-05
4.814640120967741836e+02 8.400440952086308606e-07 7.434394074060293311e-05
4.815890120967741836e+02 8.367581682448499693e-07 7.420869001755431651e-05
4.817140120967741836e+02 8.334848712281091595e-07 7.407362270918699709e-05
4.818390120967741836e+02 8.302241566973730981e-07 7.393873877323835404e-05
4.819640120967741836e+02 8.269759773646673531e-07 7.380403816662051250e-05
4.820890120967741836e+02 8.237402861144616482e-07 7.366952084542550711e-05
4.822140120967741836e+02 8.205170360030925035e-07 7.353518676492929351e-05
4.823390120967741836e+02 8.173061802581312435e-07 7.340103587959333404e-05
4.824640120967741836e+02 8.141076722778137318e-07 7.326706814306813489e-05
4.825890120967741836e+02 8.109214656304300842e-07 7.313328350819924993e-05
4.827140120967741836e+02 8.077475140537192515e-07 7.299968192702718578e-05
4.828390120967741836e+02 8.045857714542975902e-07 7.286626335079251116e-05
4.829640120967741836e+02 8.014361919070558810e-07 7.273302772993868936e-05
4.830890120967741836e+02 7.982987296545604761e-07 7.259997501411690293e-05
4.832140120967741836e+02 7.951733391064874815e-07 7.246710515218796457e-05
4.833390120967741836e+02 7.920599748390244343e-07 7.233441809222456689e-05
4.834640120967741836e+02 7.889585915942800259e-07 7.220191378151781471e-05
4.835890120967741836e+02 7.858691442797231551e-07 7.206959216657753673e-05
4.837140120967741836e+02 7.827915879675780407e-07 7.193745319313641913e-05
4.838390120967741836e+02 7.797258778942700496e-07 7.180549680615537229e-05
4.839640120967741836e+02 7.766719694598375390e-07 7.167372294982361216e-05
4.840890120967741836e+02 7.736298182273513205e-07 7.154213156756370178e-05
4.842140120967741836e+02 7.705993799223601718e-07 7.141072260203461415e-05
4.843390120967741836e+02 7.675806104323114658e-07 7.127949599513616391e-05
4.844640120967741836e+02 7.645734658059728590e-07 7.114845168800903443e-05
4.845890120967741836e+02 7.615779022528894492e-07 7.101758962104190648e-05
4.847140120967741836e+02 7.585938761427912757e-07 7.088690973387282699e-05
4.848390120967741836e+02 7.556213440050560893e-07 7.075641196539147234e-05
4.849640120967741836e+02 7.526602625281365457e-07 7.062609625374402728e-05
4.850890120967741836e+02 7.497105885589930110e-07 7.049596253633548884e-05
4.852140120967741836e+02 7.467722791025551671e-07 7.036601074983470788e-05
4.853390120967741836e+02 7.438452913211570399e-07 7.023624083017470082e-05
4.854640120967741836e+02 7.409295825339732993e-07 7.010665271255723033e-05
4.855890120967741836e+02 7.380251102164890165e-07 6.997724633145798248e-05
4.857140120967741836e+02 7.351318319999376577e-07 6.984802162062597037e-05
4.858390120967741836e+02 7.322497056707459597e-07 6.971897851308849435e-05
4.859640120967741836e+02 7.293786891700082404e-07 6.959011694115744401e-05
4.860890120967741836e+02 7.265187405929171921e-07 6.946143683642646562e-05
4.862140120967741836e+02 7.236698181882449686e-07 6.933293812977811793e-05
4.863390120967741836e+02 7.208318803577894371e-07 6.920462075138601342e-05
4.864640120967741836e+02 7.180048856558305946e-07 6.907648463071906027e-05
4.865890120967741836e+02 7.151887927886080548e-07 6.894852969654266853e-05
4.867140120967741836e+02 7.123835606137791587e-07 6.882075587692234155e-05
4.868390120967741836e+02 7.095891481398741203e-07 6.869316309922913761e-05
4.869640120967741836e+02 7.068055145257878076e-07 6.856575129013938537e-05
4.870890120967741836e+02 7.040326190802222881e-07 6.843852037563996930e-05
4.872140120967741836e+02 7.012704212611833743e-07 6.831147028102976630e-05
4.873390120967741836e+02 6.985188806754421223e-07 6.818460093092696404e-05
4.874640120967741836e+02 6.957779570780031065e-07 6.805791224926591675e-05
4.875890120967741836e+02 6.930476103715980006e-07 6.793140415930419259e-05
4.877140120967741836e+02 6.903278006061559693e-07 6.780507658362581265e-05
4.878390120967741836e+02 6.876184879782752263e-07 6.767892944414219967e-05
4.879640120967741836e+02 6.849196328307249788e-07 6.755296266209641993e-05
4.880890120967741836e+02 6.822311956519075611e-07 6.742717615806762856e-05
4.882140120967741836e+02 6.795531370753633447e-07 6.730156985197097456e-05
4.883390120967741836e+02 6.768854178792496004e-07 6.717614366306348271e-05
4.884640120967741836e+02 6.742279989858206324e-07 6.705089750994505638e-05
4.885890120967741836e+02 6.715808414609369226e-07 6.692583131056337002e-05
4.887140120967741836e+02 6.689439065135464286e-07 6.680094498221626797e-05
4.888390120967741836e+02 6.663171554951736113e-07 6.667623844155279441e-05
4.889640120967741836e+02 6.637005498994298498e-07 6.655171160458006455e-05
4.890890120967741836e+02 6.610940513615031038e-07 6.642736438666235657e-05
4.892140120967741836e+02 6.584976216576494825e-07 6.630319670252658682e-05
4.893390120967741836e+02 6.559112227047127649e-07 6.617920846626400397e-05
4.894640120967741836e+02 6.533348165596041099e-07 6.605539959133500006e-05
4.895890120967741836e+02 6.507683654188277177e-07 6.593176999056977463e-05
4.897140120967741836e+02 6.482118316179764218e-07 6.580831957617193969e-05
4.898390120967741836e+02 6.456651776312325750e-07 6.568504825972296493e-05
4.899640120967741836e+02 6.431283660708921224e-07 6.556195595218422415e-05
4.900890120967741836e+02 6.406013596868680286e-07 6.543904256389807949e-05
4.902140120967741836e+02 6.380841213661953985e-07 6.531630800459461701e-05
4.903390120967741836e+02 6.355766141325617980e-07 6.519375218339069802e-05
4.904640120967741836e+02 6.330788011458046450e-07 6.507137500879570536e-05
4.905890120967741836e+02 6.305906457014457658e-07 6.494917638871228877e-05
4.907140120967741836e+02 6.281121112302019149e-07 6.482715623044234157e-05
4.908390120967741836e+02 6.256431612974983671e-07 6.470531444068614686e-05
4.909640120967741836e+02 6.231837596030068609e-07 6.458365092554740547e-05
4.910890120967741836e+02 6.207338699801598247e-07 6.446216559053658348e-05
4.912140120967741836e+02 6.182934563956704271e-07 6.434085834057218613e-05
4.913390120967741836e+02 6.158624829490734852e-07 6.421972907998464741e-05
4.914640120967741836e+02 6.134409138722468904e-07 6.409877771251985368e-05
4.915890120967741836e+02 6.110287135289338825e-07 6.397800414134009240e-05
4.917140120967741836e+02 6.086258464142926393e-07 6.385740826902799590e-05
4.918390120967741836e+02 6.062322771544084921e-07 6.373698999758944158e-05
4.919640120967741836e+02 6.038479705058483859e-07 6.361674922845698076e-05
4.920890120967741836e+02 6.014728913551881294e-07 6.349668586249155981e-05
4.922140120967741836e+02 5.991070047185432443e-07 6.337679979998468857e-05
4.923390120967741836e+02 5.967502757411241678e-07 6.325709094066467449e-05
4.924640120967741836e+02 5.944026696967681602e-07 6.313755918369502349e-05
4.925890120967741836e+02 5.920641519874771430e-07 6.301820442767988801e-05
4.927140120967741836e+02 5.897346881429761832e-07 6.289902657066643872e-05
4.928390120967741836e+02 5.874142438202418010e-07 6.278002551014849662e-05
4.929640120967741836e+02 5.851027848030657489e-07 6.266120114306628910e-05
4.930890120967741836e+02 5.828002770015958132e-07 6.254255336581230457e-05
4.932140120967741836e+02 5.805066864518796868e-07 6.242408207423361002e-05
4.933390120967741836e+02 5.782219793154312887e-07 6.230578716363317912e-05
4.934640120967741836e+02 5.759461218787747426e-07 6.218766852877275180e-05
4.935890120967741836e+02 5.736790805529956608e-07 6.206972606387840439e-05
4.937140120967741836e+02 5.714208218733088402e-07 6.195195966263972284e-05
4.938390120967741836e+02 5.691713124986102873e-07 6.183436921821382790e-05
4.939640120967741836e+02 5.669305192110294559e-07 6.171695462322822107e-05
4.940890120967741836e+02 5.646984089155059422e-07 6.159971576978543319e-05
4.942140120967741836e+02 5.624749486393327220e-07 6.148265254946173690e-05
4.943390120967741836e+02 5.602601055317378226e-07 6.136576485331203914e-05
4.944640120967741836e+02 5.580538468634409012e-07 6.124905257187416370e-05
4.945890120967741836e+02 5.558561400262144814e-07 6.113251559516797036e-05
4.947140120967741836e+02 5.536669525324646722e-07 6.101615381270122311e-05
4.948390120967741836e+02 5.514862520147946282e-07 6.089996711346965788e-05
4.949640120967741836e+02 5.493140062255688574e-07 6.078395538596313545e-05
4.950890120967741836e+02 5.471501830365009274e-07 6.066811851816391346e-05
4.952140120967741836e+02 5.449947504382104675e-07 6.055245639755237237e-05
4.953390120967741836e+02 5.428476765398136282e-07 6.043696891110905510e-05
4.954640120967741836e+02 5.407089295684938472e-07 6.032165594531747242e-05
4.955890120967741836e+02 5.385784778690722980e-07 6.020651738616464505e-05
4.957140120967741836e+02 5.364562899036027961e-07 6.009155311914742589e-05
4.958390120967741836e+02 5.343423342509438357e-07 5.997676302927199183e-05
4.959640120967741836e+02 5.322365796063372970e-07 5.986214700105736740e-05
4.960890120967741836e+02 5.301389947810037757e-07 5.974770491853846730e-05
4.962140120967741836e+02 5.280495487017222433e-07 5.963343666526909828e-05
4.963390120967741836e+02 5.259682104104100244e-07 5.951934212432339575e-05
4.964640120967741836e+02 5.238949490637261738e-07 5.940542117829802600e-05
4.965890120967741836e+02 5.218297339326441479e-07 5.929167370931778347e-05
4.967140120967741836e+02 5.197725344020574054e-07 5.917809959903358490e-05
4.968390120967741836e+02 5.177233199703659494e-07 5.906469872862988262e-05
4.969640120967741836e+02 5.156820602490632925e-07 5.895147097882234702e-05
4.970890120967741836e+02 5.136487249623447045e-07 5.883841622986534761e-05
4.972140120967741836e+02 5.116232839466971424e-07 5.872553436155018435e-05
4.973390120967741836e+02 5.096057071504912981e-07 5.861282525320985815e-05
4.974640120967741836e+02 5.075959646335943985e-07 5.850028878372201183e-05
4.975890120967741836e+02 5.055940265669556890e-07 5.838792483151008199e-05
4.977140120967741836e+02 5.035998632322226213e-07 5.827573327454560980e-05
4.978390120967741836e+02 5.016134450213371365e-07 5.816371399035326215e-05
4.979640120967741836e+02 4.996347424361350186e-07 5.805186685601047933e-05
4.980890120967741836e+02 4.976637260879645178e-07 5.794019174815040235e-05
4.982140120967741836e+02 4.957003666972860216e-07 5.782868854296670442e-05
4.983390120967741836e+02 4.937446350932771256e-07 5.771735711621352996e-05
4.984640120967741836e+02 4.917965022134530570e-07 5.760619734320894373e-05
4.985890120967741836e+02 4.898559391032729101e-07 5.749520909883638773e-05
4.987140120967741836e+02 4.879229169157456701e-07 5.738439225755011572e-05
4.988390120967741836e+02 4.859974069110588951e-07 5.727374669337353312e-05
4.989640120967741836e+02 4.840793804561783868e-07 5.716327227990494319e-05
4.990890120967741836e+02 4.821688090244774025e-07 5.705296889031749287e-05
4.992140120967741836e+02 4.802656641953504073e-07 5.694283639736479031e-05
4.993390120967741836e+02 4.783699176538255573e-07 5.683287467337957668e-05
4.994640120967741836e+02 4.764815411901972983e-07 5.672308359027813078e-05
4.995890120967741836e+02 4.746005066996425016e-07 5.661346301956418571e-05
4.997140120967741836e+02 4.727267861818376050e-07 5.650401283232787855e-05
4.998390120967741836e+02 4.708603517405965590e-07 5.639473289925029721e-05
4.999640120967741836e+02 4.690011755834815623e-07 5.628562309060608255e-05
5.000890120967741836e+02 4.671492300214437080e-07 5.617668327626486492e-05
5.002140120967741836e+02 4.653044874684447308e-07 5.606791332569362912e-05
5.003390120967741836e+02 4.634669204410818239e-07 5.595931310795969587e-05
5.004640120967741836e+02 4.616365015582296088e-07 5.585088249173347308e-05
5.005890120967741836e+02 4.598132035406656413e-07 5.574262134528966872e-05
5.007140120967741836e+02 4.579969992106998340e-07 5.563452953650931696e-05
5.008390120967741836e+02 4.561878614918213499e-07 5.552660693288479936e-05
5.009640120967741836e+02 4.543857634083193960e-07 5.541885340151921470e-05
5.010890120967741836e+02 4.525906780849337167e-07 5.531126880913017369e-05
5.012140120967741836e+02 4.508025787464871929e-07 5.520385302205080860e-05
5.013390120967741836e+02 4.490214387175207180e-07 5.509660590623508588e-05
5.014640120967741836e+02 4.472472314219433205e-07 5.498952732725625439e-05
5.015890120967741836e+02 4.454799303826710099e-07 5.488261715031171075e-05
5.017140120967741836e+02 4.437195092212632413e-07 5.477587524022501866e-05
5.018390120967741836e+02 4.419659416575784374e-07 5.466930146144711512e-05
5.019640120967741836e+02 4.402192015094150582e-07 5.456289567805935290e-05
5.020890120967741836e+02 4.384792626921527239e-07 5.445665775377623143e-05
5.022140120967741836e+02 4.367460992184122370e-07 5.435058755194644033e-05
5.023390120967741836e+02 4.350196851976924698e-07 5.424468493555634240e-05
5.024640120967741836e+02 4.332999948360319218e-07 5.413894976723121369e-05
5.025890120967741836e+02 4.315870024356560366e-07 5.403338190923850963e-05
5.027140120967741836e+02 4.298806823946243065e-07 5.392798122348929488e-05
5.028390120967741836e+02 4.281810092064959593e-07 5.382274757154014740e-05
5.029640120967741836e+02 4.264879574599787042e-07 5.371768081459759014e-05
5.030890120967741836e+02 4.248015018385818191e-07 5.361278081351706108e-05
5.032140120967741836e+02 4.231216171202845372e-07 5.350804742880753461e-05
5.033390120967741836e+02 4.214482781771822516e-07 5.340348052063339178e-05
5.034640120967741836e+02 4.197814599751581314e-07 5.329907994881579592e-05
5.035890120967741836e+02 4.181211375735393855e-07 5.319484557283471189e-05
5.037140120967741836e+02 4.164672861247547958e-07 5.309077725183297870e-05
5.038390120967741836e+02 4.148198808740079750e-07 5.298687484461668215e-05
5.039640120967741836e+02 4.131788971589381295e-07 5.288313820965784501e-05
5.040890120967741836e+02 4.115443104092797113e-07 5.277956720509625665e-05
5.042140120967741836e+02 4.099160961465408095e-07 5.267616168874291534e-05
5.043390120967741836e+02 4.082942299836653438e-07 5.257292151808085496e-05
5.044640120967741836e+02 4.066786876246982213e-07 5.246984655026730665e-05
5.045890120967741836e+02 4.050694448644664817e-07 5.236693664213669391e-05
5.047140120967741836e+02 4.034664775882390546e-07 5.226419165020278743e-05
5.048390120967741836e+02 4.018697617714106576e-07 5.216161143066008071e-05
5.049640120967741836e+02 4.002792734791698121e-07 5.205919583938503685e-05
5.050890120967741836e+02 3.986949888661704594e-07 5.195694473194237696e-05
5.052140120967741836e+02 3.971168841762170233e-07 5.185485796358142095e-05
5.053390120967741836e+02 3.955449357419372434e-07 5.175293538924213198e-05
5.054640120967741836e+02 3.939791199844551146e-07 5.165117686355636328e-05
5.055890120967741836e+02 3.924194134130825142e-07 5.154958224084938280e-05
5.057140120967741836e+02 3.908657926249868475e-07 5.144815137514204841e-05
5.058390120967741836e+02 3.893182343048834686e-07 5.134688412015331511e-05
5.059640120967741836e+02 3.877767152247143375e-07 5.124578032930260672e-05
5.060890120967741836e+02 3.862412122433269419e-07 5.114483985571082554e-05
5.062140120967741836e+02 3.847117023061682529e-07 5.104406255220294766e-05
5.063390120967741836e+02 3.831881624449673003e-07 5.094344827131058441e-05
5.064640120967741836e+02 3.816705697774170581e-07 5.084299686527376448e-05
5.065890120967741836e+02 3.801589015068720011e-07 5.074270818604195715e-05
5.067140120967741836e+02 3.786531349220329558e-07 5.064258208527729104e-05
5.068390120967741836e+02 3.771532473966332742e-07 5.054261841435676991e-05
5.069640120967741836e+02 3.756592163891400436e-07 5.044281702437326202e-05
5.070890120967741836e+02 3.741710194424358664e-07 5.034317776613765497e-05
5.072140120967741836e+02 3.726886341835224518e-07 5.024370049018260298e-05
5.073390120967741836e+02 3.712120383232107075e-07 5.014438504676174083e-05
5.074640120967741836e+02 3.697412096558122078e-07 5.004523128585374966e-05
5.075890120967741836e+02 3.682761260588451148e-07 4.994623905716368505e-05
5.077140120967741836e+02 3.668167654927274989e-07 4.984740821012570113e-05
5.078390120967741836e+02 3.653631060004715076e-07 4.974873859390306413e-05
5.079640120967741836e+02 3.639151257073943679e-07 4.965023005739203514e-05
5.080890120967741836e+02 3.624728028208072081e-07 4.955188244922355067e-05
5.082140120967741836e+02 3.610361156297275956e-07 4.945369561776439491e-05
5.083390120967741836e+02 3.596050425045780989e-07 4.935566941111957823e-05
5.084640120967741836e+02 3.581795618968862799e-07 4.925780367713498666e-05
5.085890120967741836e+02 3.567596523389978664e-07 4.916009826339802567e-05
5.087140120967741836e+02 3.553452924437800266e-07 4.906255301724016802e-05
5.088390120967741836e+02 3.539364609043226838e-07 4.896516778573921705e-05
5.089640120967741836e+02 3.525331364936567189e-07 4.886794241572085167e-05
5.090890120967741836e+02 3.511352980644577743e-07 4.877087675376123518e-05
5.092140120967741836e+02 3.497429245487533912e-07 4.867397064618700857e-05
5.093390120967741836e+02 3.483559949576429075e-07 4.857722393908012870e-05
5.094640120967741836e+02 3.469744883809996720e-07 4.848063647827681124e-05
5.095890120967741836e+02 3.455983839871935355e-07 4.838420810937134569e-05
5.097140120967741836e+02 3.442276610228011656e-07 4.828793867771774204e-05
5.098390120967741836e+02 3.428622988123168376e-07 4.819182802843096399e-05
5.099640120967741836e+02 3.415022767578773082e-07 4.809587600638898225e-05
5.100890120967741836e+02 3.401475743389751469e-07 4.800008245623494963e-05
5.102140120967741836e+02 3.387981711121719104e-07 4.790444722237936949e-05
5.103390120967741836e+02 3.374540467108282032e-07 4.780897014900079370e-05
5.104640120967741836e+02 3.361151808448121396e-07 4.771365108004906166e-05
5.105890120967741836e+02 3.347815533002304107e-07 4.761848985924645232e-05
5.107140120967741836e+02 3.334531439391464344e-07 4.752348633008919522e-05
5.108390120967741836e+02 3.321299326992989283e-07 4.742864033584967960e-05
5.109640120967741836e+02 3.308118995938344594e-07 4.733395171957835174e-05
5.110890120967741836e+02 3.294990247110287702e-07 4.723942032410601889e-05
5.112140120967741836e+02 3.281912882140081048e-07 4.714504599204463530e-05
5.113390120967741836e+02 3.268886703404848816e-07 4.705082856578911152e-05
5.114640120967741836e+02 3.255911514024811371e-07 4.695676788752110230e-05
5.115890120967741836e+02 3.242987117860538227e-07 4.686286379920786139e-05
5.117140120967741836e+02 3.230113319510331772e-07 4.676911614260585335e-05
5.118390120967741836e+02 3.217289924307438411e-07 4.667552475926321326e-05
5.119640120967741836e+02 3.204516738317454002e-07 4.658208949051946215e-05
5.120890120967741268e+02 3.191793568335613348e-07 4.648881017750838016e-05
5.122140120967741268e+02 3.179120221884078101e-07 4.639568666115989707e-05
5.123390120967741268e+02 3.166496507209373436e-07 4.630271878220212521e-05
5.124640120967741268e+02 3.153922233279696064e-07 4.620990638116224036e-05
5.125890120967741268e+02 3.141397209782235502e-07 4.611724929836854176e-05
5.127140120967741268e+02 3.128921247120646198e-07 4.602474737395304737e-05
5.128390120967741268e+02 3.116494156412323268e-07 4.593240044785205635e-05
5.129640120967741268e+02 3.104115749485883632e-07 4.584020835980783632e-05
5.130890120967741268e+02 3.091785838878524855e-07 4.574817094937209960e-05
5.132140120967741268e+02 3.079504237833404642e-07 4.565628805590591510e-05
5.133390120967741268e+02 3.067270760297125678e-07 4.556455951858201227e-05
5.134640120967741268e+02 3.055085220917134182e-07 4.547298517638604824e-05
5.135890120967741268e+02 3.042947435039116862e-07 4.538156486812005696e-05
5.137140120967741268e+02 3.030857218704530761e-07 4.529029843240161570e-05
5.138390120967741268e+02 3.018814388647961570e-07 4.519918570766729419e-05
5.139640120967741268e+02 3.006818762294674117e-07 4.510822653217419958e-05
5.140890120967741268e+02 2.994870157758049559e-07 4.501742074400096581e-05
