1.523120340788072369e+01 0.000000000000000000e+00 0.000000000000000000e+00
1.535620340788072369e+01 2.112799991301511105e-06 1.845151893126161522e-03
1.548120340788072369e+01 1.443025523052626258e-05 2.550794469204063081e-03
1.560620340788072369e+01 4.092898960742693415e-05 3.055091594462921827e-03
1.573120340788072369e+01 8.359308879180866049e-05 3.451247559182453982e-03
1.585620340788072369e+01 1.434429464590909233e-04 3.776569084921813091e-03
1.598120340788072369e+01 2.208898197274044911e-04 4.050815431057176209e-03
1.610620340788072369e+01 3.159238193584108898e-04 4.286101364263052507e-03
1.623120340788072369e+01 4.282313414772196021e-04 4.490566153192044642e-03
1.635620340788072369e+01 5.572754303474071035e-04 4.670031944748178829e-03
1.648120340788072369e+01 7.023540108979643660e-04 4.828857297305949592e-03
1.660620340788072369e+01 8.626437275223760703e-04 4.970419116881679908e-03
1.673120340788072369e+01 1.037233829687448554e-03 5.097404467155996002e-03
1.685620340788072369e+01 1.225152853992494744e-03 5.211997208988288811e-03
1.698120340788072369e+01 1.425389907821779552e-03 5.316002771684259255e-03
1.710620340788072369e+01 1.636911795996174148e-03 5.410934666922754925e-03
1.723120340788072369e+01 1.858676876917298619e-03 5.498076346376203939e-03
1.735620340788072369e+01 2.089646301211938763e-03 5.578526604303176394e-03
1.748120340788072369e+01 2.328793126512180081e-03 5.653233665430061443e-03
1.760620340788072369e+01 2.575109689746515884e-03 5.723021288669644623e-03
1.773120340788072369e+01 2.827613537081878625e-03 5.788609107719719545e-03
1.785620340788072369e+01 3.085352151465838976e-03 5.850628727620689473e-03
1.798120340788072369e+01 3.347406672199278264e-03 5.909636639735133153e-03
1.810620340788072369e+01 3.612894765920494303e-03 5.966124713212753346e-03
1.823120340788072369e+01 3.877502469739739846e-03 6.020528813585056781e-03
1.835620340788072369e+01 4.059761940063713777e-03 6.073235954977828331e-03
1.848120340788072369e+01 4.240746238624908994e-03 6.266745475389204345e-03
1.860620340788072369e+01 4.420342391423091703e-03 6.463179764106992409e-03
1.873120340788072369e+01 4.598450473611830763e-03 6.653006231860990848e-03
1.885620340788072369e+01 4.774982354204169999e-03 6.836302053543472437e-03
1.898120340788072369e+01 4.949860577772004222e-03 7.013162255521975842e-03
1.910620340788072369e+01 5.123017364573193358e-03 7.183697226919956089e-03
1.923120340788072369e+01 5.294393713630701943e-03 7.348030502956527307e-03
1.935620340788072369e+01 5.463938595772869188e-03 7.506296787447681688e-03
1.948120340788072369e+01 5.631608225658180263e-03 7.658640186400758089e-03
1.960620340788072369e+01 5.797365403452859299e-03 7.805212628612000735e-03
1.973120340788072369e+01 5.961178918182645503e-03 7.946172452478035553e-03
1.985620340788072369e+01 6.123023005900336650e-03 8.081683140988336553e-03
1.998120340788072369e+01 6.282876856743933348e-03 8.211912189183363450e-03
2.010620340788072369e+01 6.440724165742273306e-03 8.337030090321273512e-03
2.023120340788072369e+01 6.596552722884172111e-03 8.457209428662296885e-03
2.035620340788072369e+01 6.750354038525310622e-03 8.572624068201932859e-03
2.048120340788072369e+01 6.902123000682318377e-03 8.683448427908160155e-03
2.060620340788072369e+01 6.990169497300519411e-03 8.789856835070488858e-03
2.073120340788072369e+01 7.047213952012753441e-03 8.892022949284214897e-03
2.085620340788072369e+01 7.105287861174478144e-03 9.045220010919948622e-03
2.098120340788072369e+01 7.164406314619654013e-03 9.237249962975039447e-03
2.110620340788072369e+01 7.224579148753532132e-03 9.422961284166744486e-03
2.123120340788072369e+01 7.285811396238064605e-03 9.602320650141858011e-03
2.135620340788072369e+01 7.348103699015500791e-03 9.775313494402885703e-03
2.148120340788072369e+01 7.411452688205928674e-03 9.941942795868822721e-03
2.160620340788072369e+01 7.475851333993167695e-03 1.010222790199909529e-02
2.173120340788072369e+01 7.541289268265874424e-03 1.025620338889353736e-02
2.185620340788072369e+01 7.607753082465967299e-03 1.040391795944408705e-02
2.198120340788072369e+01 7.675226602832020684e-03 1.054543338029215703e-02
2.210620340788072369e+01 7.743691144988376802e-03 1.068082345809810187e-02
2.223120340788072369e+01 7.813125749634400319e-03 1.081017305537369279e-02
2.235620340788072369e+01 7.883507400895325284e-03 1.093357714594045058e-02
2.248120340788072369e+01 7.954811228759180869e-03 1.105113990988597188e-02
2.260620340788072369e+01 8.027010696862336286e-03 1.116297386773631301e-02
2.273120340788072369e+01 8.100077776787300080e-03 1.126919905343562976e-02
2.285620340788072369e+01 8.173983109907027172e-03 1.136994222559693964e-02
2.298120340788072369e+01 8.248696157730205439e-03 1.146533611639809387e-02
2.310620340788072369e+01 8.324185341603800373e-03 1.155551871740314283e-02
2.323120340788072369e+01 8.400418172563015734e-03 1.164063260152463711e-02
2.335620340788072369e+01 8.477361372040727316e-03 1.172082428029141282e-02
2.348120340788072369e+01 8.554980984095404348e-03 1.179624359550712938e-02
2.360620340788072369e+01 8.633242479755241783e-03 1.186704314438943170e-02
2.373120340788072369e+01 8.712110854030882812e-03 1.193337773720874913e-02
2.385620340788072369e+01 8.791550716101895202e-03 1.199540388644888649e-02
2.398120340788072369e+01 8.871526373143139022e-03 1.205327932648238808e-02
2.410620340788072369e+01 8.952001908218182313e-03 1.210716256274364452e-02
2.423120340788072369e+01 9.032941252640178803e-03 1.215721244938445210e-02
2.435620340788072369e+01 9.114308253159043860e-03 1.220358779438747779e-02
2.448120340788072369e+01 9.196066734320777064e-03 1.224644699111506266e-02
2.460620340788072369e+01 9.278180556307264598e-03 1.228594767529137509e-02
2.473120340788072369e+01 9.360613668548393995e-03 1.232224640640575304e-02
2.485620340788072369e+01 9.443330159376891672e-03 1.235549837255162445e-02
2.498120340788072369e+01 9.526294301978445109e-03 1.238585711772404244e-02
2.510620340788072369e+01 9.609470596864814682e-03 1.241347429061853865e-02
2.523120340788072369e+01 9.692823811093913972e-03 1.243849941398881068e-02
2.535620340788072369e+01 9.776319014435291832e-03 1.246107967364046797e-02
2.548120340788072369e+01 9.859921612669400245e-03 1.248135972616452871e-02
2.560620340788072369e+01 9.943597378200517978e-03 1.249948152452953591e-02
2.573120340788072369e+01 1.002731247814561688e-02 1.251558416067618910e-02
2.585620340788072369e+01 1.011103350005355950e-02 1.252980372428606076e-02
2.598120340788072369e+01 1.019472747539930564e-02 1.254227317690766869e-02
2.610620340788072369e+01 1.027836190098837740e-02 1.255312224066360699e-02
2.623120340788072369e+01 1.036190475839936231e-02 1.256247730077318832e-02
2.635620340788072369e+01 1.044532453158087022e-02 1.257046132115640681e-02
2.648120340788072369e+01 1.052859022271611551e-02 1.257719377240253643e-02
2.660620340788072369e+01 1.061167136646082657e-02 1.258279057143409617e-02
2.673120340788072369e+01 1.069453804264933021e-02 1.258736403216583963e-02
2.685620340788072369e+01 1.077716088756777539e-02 1.259102282656429303e-02
2.698120340788072369e+01 1.085951110387291946e-02 1.259387195545881924e-02
2.710620340788072369e+01 1.094156046924680409e-02 1.259601272852262782e-02
2.723120340788072369e+01 1.102328134385968141e-02 1.259754275286038665e-02
2.735620340788072369e+01 1.110464667671399314e-02 1.259855592964235702e-02
2.748120340788072369e+01 1.118563001094062363e-02 1.259914245827235303e-02
2.760620340788072369e+01 1.126620548810972067e-02 1.265245968223599818e-02
2.773120340788072369e+01 1.134634785161734750e-02 1.271292205013169023e-02
2.785620340788072369e+01 1.142603244920678725e-02 1.277230898838960758e-02
2.798120340788072369e+01 1.150523523467524359e-02 1.283063253367695312e-02
2.810620340788072369e+01 1.155591756159227157e-02 1.288790445335570231e-02
2.823120340788072369e+01 1.160213465488212081e-02 1.294413625082404574e-02
2.835620340788072369e+01 1.164857914396554874e-02 1.299933917096881587e-02
2.848120340788072369e+01 1.169524206646234410e-02 1.305352420571018364e-02
2.860620340788072369e+01 1.174211354122048356e-02 1.310670209962072966e-02
2.873120340788072369e+01 1.178918282584314609e-02 1.315888335560281772e-02
2.885620340788072369e+01 1.183643837247385679e-02 1.321007824060893045e-02
2.898120340788072369e+01 1.188386788185735732e-02 1.326029679139121079e-02
2.910620340788072369e+01 1.193145835569487702e-02 1.330954882026708259e-02
2.923120340788072369e+01 1.197919614731497891e-02 1.335784392088910054e-02
2.935620340788072369e+01 1.202706701068169924e-02 1.340519147400811260e-02
2.948120340788072369e+01 1.207505614776444372e-02 1.345160065321946048e-02
2.960620340788072369e+01 1.212314825429357777e-02 1.349708043068302728e-02
2.973120340788072369e+01 1.217132756392866159e-02 1.354163958280857338e-02
2.985620340788072369e+01 1.221957789086505416e-02 1.358528669589854389e-02
2.998120340788072369e+01 1.226788267090773814e-02 1.362803017174119349e-02
3.010620340788072369e+01 1.231622500104008824e-02 1.366987823314758793e-02
3.023120340788072369e+01 1.236458767751602746e-02 1.371083892942648839e-02
3.035620340788072369e+01 1.241295323250617665e-02 1.375092014179192003e-02
3.048120340788072369e+01 1.246130396932696588e-02 1.379012958869831745e-02
3.060620340788072369e+01 1.250962199628318124e-02 1.382847483109930081e-02
3.073120340788072369e+01 1.255788925915388154e-02 1.386596327762574903e-02
3.085620340788072369e+01 1.260608757235278168e-02 1.390260218968012752e-02
3.098120340788072369e+01 1.265419864879376195e-02 1.393839868644365480e-02
3.110620340788072369e+01 1.270220412849086891e-02 1.397335974979392777e-02
3.123120340788072369e+01 1.272402523525376083e-02 1.400749222913036558e-02
3.135620340788072369e+01 1.273774455607681183e-02 1.404080284610572868e-02
3.148120340788072369e+01 1.275223511372364053e-02 1.407329819926176478e-02
3.160620340788072369e+01 1.276749383564061355e-02 1.410498476856777809e-02
3.173120340788072369e+01 1.278351601907522749e-02 1.413586891986070605e-02
3.185620340788072369e+01 1.280029540149247094e-02 1.416595690918600291e-02
3.198120340788072369e+01 1.281782423002539133e-02 1.419525488703848176e-02
3.210620340788072014e+01 1.283609332989392275e-02 1.422376890250274736e-02
3.223120340788072014e+01 1.285509217175785299e-02 1.425150490729275646e-02
3.235620340788072014e+01 1.287480893793442778e-02 1.427846875969067744e-02
3.248120340788072014e+01 1.289523058746630188e-02 1.430466622838477177e-02
3.260620340788072014e+01 1.291634291998291356e-02 1.433010299620684873e-02
3.273120340788072014e+01 1.293813063833862582e-02 1.435478466376937171e-02
3.285620340788072014e+01 1.296057740998318893e-02 1.437871675300297046e-02
3.298120340788072014e+01 1.298366592705960110e-02 1.440190471059467001e-02
3.310620340788072014e+01 1.300737796518557608e-02 1.442435391132794627e-02
3.323120340788072014e+01 1.303169444092662499e-02 1.444606966132505783e-02
3.335620340788072014e+01 1.305659546791978175e-02 1.446705720119289412e-02
3.348120340788072014e+01 1.308206041165466994e-02 1.448732170907312752e-02
3.360620340788072014e+01 1.310806794290113667e-02 1.450686830359793761e-02
3.373120340788072014e+01 1.313459608976669940e-02 1.452570204675227537e-02
3.385620340788072014e+01 1.316162228838904484e-02 1.454382794664414551e-02
3.398120340788072014e+01 1.318912343226230459e-02 1.456429736589381387e-02
3.410620340788072014e+01 1.321707592018970222e-02 1.459384184806840866e-02
3.423120340788072014e+01 1.324545570287815645e-02 1.462252997522151335e-02
3.435620340788072014e+01 1.327423832816019417e-02 1.465036351663623858e-02
3.448120340788072014e+01 1.330339898487273992e-02 1.467734440569447817e-02
3.460620340788072014e+01 1.333291254538499643e-02 1.470347473607424259e-02
3.473120340788072014e+01 1.336275360677815528e-02 1.472875675797863555e-02
3.485620340788072014e+01 1.339289653071282053e-02 1.475319287439631928e-02
3.498120340788072014e+01 1.342331548197785510e-02 1.477678563739576525e-02
3.510620340788072014e+01 1.345398446572404830e-02 1.479953774445352983e-02
3.523120340788072014e+01 1.348487736342853828e-02 1.482203592711736108e-02
3.535620340788072014e+01 1.351596796757441842e-02 1.484517937516312627e-02
3.548120340788072014e+01 1.354723001507986135e-02 1.486747060010378679e-02
3.560620340788072014e+01 1.357863721948496423e-02 1.488891217069088224e-02
3.573120340788072014e+01 1.361016330191728782e-02 1.490950680815232229e-02
3.585620340788072014e+01 1.364178202085936271e-02 1.492925738239818736e-02
3.598120340788072014e+01 1.367346720072831236e-02 1.494816690826829449e-02
3.610620340788072014e+01 1.370519275929087989e-02 1.496623854181495031e-02
3.623120340788072014e+01 1.373693273393618297e-02 1.498347557662871136e-02
3.635620340788072014e+01 1.376866130682735667e-02 1.499988144020240888e-02
3.648120340788072014e+01 1.380035282895010311e-02 1.501545969033652589e-02
3.660620340788072014e+01 1.383198184307747602e-02 1.503021401158701267e-02
3.673120340788072014e+01 1.386352310567869409e-02 1.504414821175299385e-02
3.685620340788072014e+01 1.389495160779009690e-02 1.505726621840906138e-02
3.698120340788072014e+01 1.392624259487360017e-02 1.506957207547958942e-02
3.710620340788072014e+01 1.395737158567443570e-02 1.508106993985595078e-02
3.723120340788072014e+01 1.398831439011587532e-02 1.509176407805743955e-02
3.735620340788072014e+01 1.401904712624065658e-02 1.510165886293599567e-02
3.748120340788072014e+01 1.404954623623380812e-02 1.511075877042556380e-02
3.760620340788072014e+01 1.407978850152718543e-02 1.511906837633455666e-02
3.773120340788072014e+01 1.410975105704106655e-02 1.512659235318320784e-02
3.785620340788072014e+01 1.413941140455143852e-02 1.513333546708437241e-02
3.798120340788072014e+01 1.416874742522786397e-02 1.513930257467209495e-02
3.810620340788072014e+01 1.419773739135679613e-02 1.514489373512010496e-02
3.823120340788072014e+01 1.422635997727037839e-02 1.515114684736567838e-02
3.835620340788072014e+01 1.425459426949973567e-02 1.515652559001180386e-02
3.848120340788072014e+01 1.428241977619034396e-02 1.516103652140468779e-02
3.860620340788072014e+01 1.430981643577975380e-02 1.516468630023781912e-02
3.873120340788072014e+01 1.433676462496922231e-02 1.516748168127491497e-02
3.885620340788072014e+01 1.436324516601701802e-02 1.516942951115114215e-02
3.898120340788072014e+01 1.438923933335752026e-02 1.517053672425731740e-02
3.910620340788072014e+01 1.441472885958338876e-02 1.517081033870395709e-02
3.923120340788072014e+01 1.443969594079892553e-02 1.517025745236365991e-02
3.935620340788072014e+01 1.446412324137260480e-02 1.516888523899322105e-02
3.948120340788072014e+01 1.448799389810375912e-02 1.516670094443490352e-02
3.960620340788072014e+01 1.451129152382081566e-02 1.516371188289122526e-02
3.973120340788072014e+01 1.453400021044193476e-02 1.515992543327990792e-02
3.985620340788072014e+01 1.455610453150092340e-02 1.515534903566238996e-02
3.998120340788072014e+01 1.457758954417007202e-02 1.514999018774704220e-02
4.010620340788072014e+01 1.459844079078625664e-02 1.514385644146639884e-02
4.023120340788072014e+01 1.461864429991286546e-02 1.513695539962833618e-02
4.035620340788072014e+01 1.462449157700309622e-02 1.512929471263793103e-02
4.048120340788072014e+01 1.461154632772231586e-02 1.512088207529078097e-02
4.060620340788072014e+01 1.459813086122859621e-02 1.511172522363766861e-02
4.073120340788072014e+01 1.458424942396732357e-02 1.510183193191731200e-02
4.085620340788072014e+01 1.456990626227348817e-02 1.509121000955969231e-02
4.098120340788072014e+01 1.455510562227492304e-02 1.507986729825480654e-02
4.110620340788072014e+01 1.453985174977953827e-02 1.506781166908845171e-02
4.123120340788072014e+01 1.452414889014722044e-02 1.505505101974715688e-02
4.135620340788072014e+01 1.450800128814733019e-02 1.504159327178349569e-02
4.148120340788072014e+01 1.449141318780241584e-02 1.502744636794787515e-02
4.160620340788072014e+01 1.447438883221886449e-02 1.501261826958495693e-02
4.173120340788072014e+01 1.445693246340512723e-02 1.500875575115112777e-02
4.185620340788072014e+01 1.443904832207838426e-02 1.500431255265667098e-02
4.198120340788072014e+01 1.442074064745996025e-02 1.499913228425892725e-02
4.210620340788072014e+01 1.440201367706051873e-02 1.499321815850939744e-02
4.223120340788072014e+01 1.438287164645529401e-02 1.498657355856228279e-02
4.235620340788072014e+01 1.436331878905024000e-02 1.497920203389027302e-02
4.248120340788072014e+01 1.434335933583941354e-02 1.497110729602046421e-02
4.260620340788072014e+01 1.432299751515440402e-02 1.496229321429164670e-02
4.273120340788072014e+01 1.430223755240615270e-02 1.495276381163500486e-02
4.285620340788072014e+01 1.428108366981980203e-02 1.494252326038148990e-02
4.298120340788072014e+01 1.425954008616304482e-02 1.493157587809551372e-02
4.310620340788072014e+01 1.423761101646848180e-02 1.491992612343871413e-02
4.323120340788072014e+01 1.421530067175036209e-02 1.490757859206475779e-02
4.335620340788072014e+01 1.419261325871649763e-02 1.489453801254636209e-02
4.348120340788072014e+01 1.416955297947524589e-02 1.488221585580668492e-02
4.360620340788072014e+01 1.414612403123861190e-02 1.488138937168311318e-02
4.373120340788072014e+01 1.412233060602135874e-02 1.487971401065498779e-02
4.385620340788072014e+01 1.409817689033692791e-02 1.487718880112673739e-02
4.398120340788072014e+01 1.407366706489025787e-02 1.487381314472236392e-02
4.410620340788072014e+01 1.404880530426815162e-02 1.486958680975600765e-02
4.423120340788072014e+01 1.402359577662723629e-02 1.486450992461712216e-02
4.435620340788072014e+01 1.399804264338029222e-02 1.485858297110542910e-02
4.448120340788072014e+01 1.397215005888075706e-02 1.485180677768940458e-02
4.460620340788072014e+01 1.394592217010627924e-02 1.484418251273133225e-02
4.473120340788072014e+01 1.391936311634116123e-02 1.483571167765766578e-02
4.485620340788072014e+01 1.389247702885840208e-02 1.482639610009535772e-02
4.498120340788072014e+01 1.386526803060121951e-02 1.481623792697531888e-02
4.510620340788072014e+01 1.383774023586475943e-02 1.480523961761145112e-02
4.523120340788072014e+01 1.380989774997785566e-02 1.479340393676135262e-02
4.535620340788072014e+01 1.378174466898544719e-02 1.478073394767336068e-02
4.548120340788072014e+01 1.375328507933157654e-02 1.476723300512360407e-02
4.560620340788072014e+01 1.372452305754356255e-02 1.475290474845532100e-02
4.573120340788072014e+01 1.369546266991718796e-02 1.473775309461054263e-02
4.585620340788072014e+01 1.366610797220346035e-02 1.472178223118445969e-02
4.598120340788072014e+01 1.363646300929691364e-02 1.470499660947484702e-02
4.610620340788072014e+01 1.360653181492578814e-02 1.468740093755771872e-02
4.623120340788072014e+01 1.357631841134423339e-02 1.466900017338634843e-02
4.635620340788072014e+01 1.354582680902670713e-02 1.464979951790391921e-02
4.648120340788072014e+01 1.351506100636470746e-02 1.462980440819707309e-02
4.660620340788072014e+01 1.348402498936612619e-02 1.460902051067074561e-02
4.673120340788072014e+01 1.345272273135732048e-02 1.458745371426913712e-02
4.685620340788072014e+01 1.342115819268786467e-02 1.456511012373158144e-02
4.698120340788072014e+01 1.338933532043845055e-02 1.454199605288573546e-02
4.710620340788072014e+01 1.335725804813190851e-02 1.451811801800287870e-02
4.723120340788072014e+01 1.332493029544739097e-02 1.449348273117967087e-02
4.735620340788072014e+01 1.329235596793801322e-02 1.446809709379294658e-02
4.748120340788072014e+01 1.325953895675189252e-02 1.444196818999706096e-02
4.760620340788072014e+01 1.322648313835691689e-02 1.441510328027462672e-02
4.773120340788072014e+01 1.319319237426899716e-02 1.438750979506406638e-02
4.785620340788072014e+01 1.315967051078439053e-02 1.435919532842626703e-02
4.798120340788072014e+01 1.312592137871562877e-02 1.433016763179499262e-02
4.810620340788072014e+01 1.309194879313156645e-02 1.430043460777621206e-02
4.823120340788072014e+01 1.305775655310145028e-02 1.427000430403143824e-02
4.835620340788072014e+01 1.302334844144307016e-02 1.423888490721574550e-02
4.848120340788072014e+01 1.298872822447507194e-02 1.420708473699531897e-02
4.860620340788072014e+01 1.295389965177358611e-02 1.417461224013931952e-02
4.873120340788072014e+01 1.291886645593306841e-02 1.414147598467684064e-02
4.885620340788072014e+01 1.288363235233156920e-02 1.410768465413495334e-02
4.898120340788072014e+01 1.284820103890035176e-02 1.407324704186497036e-02
4.910620340788072014e+01 1.281257619589793069e-02 1.403817204541550796e-02
4.923120340788072014e+01 1.277676148568869519e-02 1.400246866102308925e-02
4.935620340788072014e+01 1.274076055252593848e-02 1.396614597814882855e-02
4.948120340788072014e+01 1.270457702233951727e-02 1.392921317412369742e-02
4.960620340788072014e+01 1.266821450252797986e-02 1.389167950885086128e-02
4.973120340788072014e+01 1.263167658175545251e-02 1.385355431960756147e-02
4.985620340788072014e+01 1.259496682975302061e-02 1.381484701592764278e-02
4.998120340788072014e+01 1.255808879712475880e-02 1.377556707455526025e-02
5.010620340788072014e+01 1.252104601515846571e-02 1.373572403449896916e-02
5.023120340788072014e+01 1.248384199564100960e-02 1.369532749216128414e-02
5.035620340788072014e+01 1.244648023067840975e-02 1.365438709654699309e-02
5.048120340788072014e+01 1.240896419252048195e-02 1.361291254457775053e-02
5.060620340788072014e+01 1.237129733339020245e-02 1.357091357646279459e-02
5.073120340788072014e+01 1.233348308531777987e-02 1.352839997118368554e-02
5.085620340788072014e+01 1.229552485997943180e-02 1.348538154203665455e-02
5.098120340788072014e+01 1.225742604854060044e-02 1.344186813228631823e-02
5.110620340788072014e+01 1.221919002150411056e-02 1.339786961088954183e-02
5.123120340788072014e+01 1.218082012856273703e-02 1.335339586830515055e-02
5.135620340788072014e+01 1.214231969845659502e-02 1.330845681239380129e-02
5.148120340788072014e+01 1.210369203883490674e-02 1.326306236440292358e-02
5.160620340788072014e+01 1.206494043612255790e-02 1.321722245502830566e-02
5.173120340788072014e+01 1.202606815539114180e-02 1.317094702057781258e-02
5.185620340788072014e+01 1.198707844023460048e-02 1.312424599919216096e-02
5.198120340788072014e+01 1.194797451264926862e-02 1.307712932718321092e-02
5.210620340788072014e+01 1.190875957291857162e-02 1.302960693541745096e-02
5.223120340788072014e+01 1.186943679950210571e-02 1.298168874582605534e-02
5.235620340788072014e+01 1.183000934892924384e-02 1.293338466795342090e-02
5.248120340788072014e+01 1.179048035569700559e-02 1.288470459561984888e-02
5.260620340788072014e+01 1.175085293217246682e-02 1.283565840365513515e-02
5.273120340788072014e+01 1.171113016849943851e-02 1.278625594471039656e-02
5.285620340788072014e+01 1.167131513250953614e-02 1.273650704614890002e-02
5.298120340788072014e+01 1.163141086963740550e-02 1.268642150702868274e-02
5.310620340788072014e+01 1.159142040284030437e-02 1.263600909514973371e-02
5.323120340788072014e+01 1.155134673252181804e-02 1.258527954418919674e-02
5.335620340788072014e+01 1.151119283645988395e-02 1.253424255091124644e-02
5.348120340788072014e+01 1.147096166973870374e-02 1.248290777245157461e-02
5.360620340788072014e+01 1.143065616468498177e-02 1.243128482368411475e-02
5.373120340788072014e+01 1.139027923080807199e-02 1.237938327465724908e-02
5.385620340788072014e+01 1.134983375474417355e-02 1.232721264811405780e-02
5.398120340788072014e+01 1.130932260020455285e-02 1.227478241706569245e-02
5.410620340788072014e+01 1.126874860792750552e-02 1.222210200247298047e-02
5.423120340788072014e+01 1.122811459563440896e-02 1.216918077096171107e-02
5.435620340788072014e+01 1.118742335798945942e-02 1.211602803263637194e-02
5.448120340788072014e+01 1.114667766656327920e-02 1.206265303895681651e-02
5.460620340788072014e+01 1.110588026980019634e-02 1.200906498068171624e-02
5.473120340788072014e+01 1.106503389298925041e-02 1.195527298588104116e-02
5.485620340788072014e+01 1.102414123823885692e-02 1.190128611802484734e-02
5.498120340788072014e+01 1.098320498445508331e-02 1.184711337412447038e-02
5.510620340788072014e+01 1.094222778732340841e-02 1.179276368296148375e-02
5.523120340788072014e+01 1.090121227929405356e-02 1.173824590335687153e-02
5.535620340788072014e+01 1.086016106957071736e-02 1.168356882252575071e-02
5.548120340788072014e+01 1.081907674410285784e-02 1.162874115448163381e-02
5.560620340788072014e+01 1.077796186558109028e-02 1.157377153851638779e-02
5.573120340788072014e+01 1.073681897343608041e-02 1.151866853772282040e-02
5.585620340788072014e+01 1.069565058384070420e-02 1.146344063760252295e-02
5.598120340788072014e+01 1.065445918971531097e-02 1.140809624471453287e-02
5.610620340788072014e+01 1.061324726073621313e-02 1.135264368538713500e-02
5.623120340788072014e+01 1.057201724334733660e-02 1.129709120449253791e-02
5.635620340788072014e+01 1.053077156077479766e-02 1.124144696427990635e-02
5.648120340788072014e+01 1.048951261304470299e-02 1.118571904324737638e-02
5.660620340788072014e+01 1.044729669658576651e-02 1.112991543510127856e-02
5.673120340788072014e+01 1.040083152210312216e-02 1.107404404773178197e-02
5.685620340788072014e+01 1.035440834457290217e-02 1.101811270227387278e-02
5.698120340788072014e+01 1.030803006690332244e-02 1.096212913219805733e-02
5.710620340788072014e+01 1.026169954693144891e-02 1.090610098246932481e-02
5.723120340788072014e+01 1.021541959775321140e-02 1.085003580874323130e-02
5.735620340788072014e+01 1.016919298805487627e-02 1.079394107662053764e-02
5.748120340788072014e+01 1.012302244244698765e-02 1.073782416094734744e-02
5.760620340788072014e+01 1.007691064179814903e-02 1.068169234515872063e-02
5.773120340788072014e+01 1.003086022357417388e-02 1.062555282067603572e-02
5.785620340788072014e+01 9.984873782173874293e-03 1.056941268635308226e-02
5.798120340788072014e+01 9.938953869270541336e-03 1.051327894794445474e-02
5.810620340788072014e+01 9.893102994151855428e-03 1.045715851765520801e-02
5.823120340788072014e+01 9.847323624062641681e-03 1.040105821369837098e-02
5.835620340788072014e+01 9.801618184546941753e-03 1.034498475991484957e-02
5.848120340788072014e+01 9.755989059792760654e-03 1.028894478543042855e-02
5.860620340788072014e+01 9.710438592976992217e-03 1.023294482434959109e-02
5.873120340788072014e+01 9.664969086609900492e-03 1.018461049995292474e-02
5.885620340788072014e+01 9.619582802882810368e-03 1.013789073824177510e-02
5.898120340788072014e+01 9.574281964012712129e-03 1.009116807803928963e-02
5.910620340788072014e+01 9.529068752591969560e-03 1.004444599913956356e-02
5.923120340788072014e+01 9.483945311933555944e-03 9.997727946762180462e-03
5.935620340788072014e+01 9.438913746420096035e-03 9.951017331410516586e-03
5.948120340788072014e+01 9.393976121851495970e-03 9.904317528765905349e-03
5.960620340788072014e+01 9.349134465792316440e-03 9.857631879568439295e-03
5.973120340788072014e+01 9.304390767920939567e-03 9.810963689517874023e-03
5.985620340788072014e+01 9.259746980376779013e-03 9.764316229188600704e-03
5.998120340788072014e+01 9.215205018108482346e-03 9.717692733937306759e-03
6.010620340788072014e+01 9.170766759221547076e-03 9.671096403839179664e-03
6.023120340788072014e+01 9.126434045325279229e-03 9.624530403613730176e-03
6.035620340788072014e+01 9.082208681880709483e-03 9.577997862570549262e-03
6.048120340788072014e+01 9.038092438545964474e-03 9.531501874569556915e-03
6.060620340788072014e+01 8.994087049523922725e-03 9.485045497961617361e-03
6.073120340788072014e+01 8.950194213906102758e-03 9.438631755574583213e-03
6.085620340788072014e+01 8.906415596019097783e-03 9.392263634674971953e-03
6.098120340788072014e+01 8.862752825768042270e-03 9.345944086959925498e-03
6.110620340788072014e+01 8.819207498980330059e-03 9.299676028542779027e-03
6.123120340788072014e+01 8.775781177748753076e-03 9.253462339946514140e-03
6.135620340788072014e+01 8.732475390772508061e-03 9.207305866119635043e-03
6.148120340788072014e+01 8.689291633699804465e-03 9.161209416435389663e-03
6.160620340788072014e+01 8.646231369466387054e-03 9.115175764723553245e-03
6.173120340788072014e+01 8.603296028635775902e-03 9.069207649279452388e-03
6.185620340788072014e+01 8.560487009736390818e-03 9.023307772912639649e-03
6.198120340788072014e+01 8.517805679599404350e-03 8.977478802977705702e-03
6.210620340788072014e+01 8.475253373694169659e-03 8.931723371417257112e-03
6.223120340788072014e+01 8.432831396462479173e-03 8.886044074812627508e-03
6.235620340788072014e+01 8.390541021653138976e-03 8.840443474451196992e-03
6.248120340788072014e+01 8.348383492652692098e-03 8.794924096375885542e-03
6.260620340788072014e+01 8.306360022817278060e-03 8.749488431464150576e-03
6.273120340788072014e+01 8.264471795801914614e-03 8.704138935500560850e-03
6.285620340788072014e+01 8.222719965888483640e-03 8.658878029250376487e-03
6.298120340788072014e+01 8.181105658312426421e-03 8.613708098557609424e-03
6.310620340788072014e+01 8.139629969588077149e-03 8.568631494421817887e-03
6.323120340788072014e+01 8.098293967832863663e-03 8.523650533110424532e-03
6.335620340788072014e+01 8.057098693088491498e-03 8.478767496242935534e-03
6.348120340788072014e+01 8.016045157642660499e-03 8.433984630912360822e-03
6.360620340788072014e+01 7.975134346348103018e-03 8.389304149784719555e-03
6.373120340788072014e+01 7.934367216939020029e-03 8.344728231225374826e-03
6.385620340788072014e+01 7.893744700348759302e-03 8.300259019408267464e-03
6.398120340788072014e+01 7.853267701022426453e-03 8.255898624452107440e-03
6.410620340788072724e+01 7.811115976505129781e-03 8.211649122539497331e-03
6.423120340788072724e+01 7.767809791144275611e-03 8.167512556056338163e-03
6.435620340788072724e+01 7.724679651557838853e-03 8.123490933731882316e-03
6.448120340788072724e+01 7.681726845071727705e-03 8.079586230770555155e-03
6.460620340788072724e+01 7.638952618859459406e-03 8.035800389012554001e-03
6.473120340788072724e+01 7.596358180389153371e-03 7.992135317065373126e-03
6.485620340788072724e+01 7.553944697870712544e-03 7.948592890473421546e-03
6.498120340788072724e+01 7.511713300701741876e-03 7.905174951860681476e-03
6.510620340788072724e+01 7.469665079913864920e-03 7.861883311108108091e-03
6.523120340788072724e+01 7.427801088617660454e-03 7.818719745498348833e-03
6.535620340788072724e+01 7.386122342448554930e-03 7.775685999894376560e-03
6.548120340788072724e+01 7.344629820009969737e-03 7.732783786907233836e-03
6.560620340788072724e+01 7.303324463317219586e-03 7.690014787068697767e-03
6.573120340788072724e+01 7.262207178239771591e-03 7.647380649010474332e-03
6.585620340788072724e+01 7.221278834942635241e-03 7.604882989635110280e-03
6.598120340788072724e+01 7.180540268326997787e-03 7.562523394307969771e-03
6.610620340788072724e+01 7.137079105433278593e-03 7.520303417035764312e-03
6.623120340788072724e+01 7.092170303918978597e-03 7.478224580659977028e-03
6.635620340788072724e+01 7.047528690291938146e-03 7.436288377036462047e-03
6.648120340788072724e+01 7.003155408926284818e-03 7.394496267240227745e-03
6.660620340788072724e+01 6.959051539831196190e-03 7.352849681747405768e-03
6.673120340788072724e+01 6.915218099491793162e-03 7.311350020646235903e-03
6.685620340788072724e+01 6.871656041699868676e-03 7.269998653824744084e-03
6.698120340788072724e+01 6.828366258404775652e-03 7.228796921177621168e-03
6.710620340788072724e+01 6.785349580548685929e-03 7.187746132809282734e-03
6.723120340788072724e+01 6.742606778912951446e-03 7.147045315234358889e-03
6.735620340788072724e+01 6.700138564958502303e-03 7.107308902691933036e-03
6.748120340788072724e+01 6.657945591669982288e-03 7.069362754734636808e-03
6.760620340788072724e+01 6.616028454395120849e-03 7.032761476227806542e-03
6.773120340788072724e+01 6.574387691691653719e-03 6.996296489842817289e-03
6.785620340788072724e+01 6.533023786164261944e-03 6.959968288424248431e-03
6.798120340788072724e+01 6.491937165302537859e-03 6.923777348777240478e-03
6.810620340788072724e+01 6.451128202323127420e-03 6.887724131848664381e-03
6.823120340788072724e+01 6.410597217008944318e-03 6.851809082907137256e-03
6.835620340788072724e+01 6.370344476534656360e-03 6.816032631721999011e-03
6.848120340788072724e+01 6.330370196310786297e-03 6.780395192741024354e-03
6.860620340788072724e+01 6.290674540807639561e-03 6.744897165267249237e-03
6.873120340788072724e+01 6.251257624384993009e-03 6.709538933634550881e-03
6.885620340788072724e+01 6.212119512120914573e-03 6.674320867382255509e-03
6.898120340788072724e+01 6.173260220631872873e-03 6.639243321428361759e-03
6.910620340788072724e+01 6.134679718891524088e-03 6.604306636241972193e-03
6.923120340788072724e+01 6.096377929052903231e-03 6.569511138014343977e-03
6.935620340788072724e+01 6.058354727255186797e-03 6.534857138829034025e-03
6.948120340788072724e+01 6.020609944439382286e-03 6.500344936830651163e-03
6.960620340788072724e+01 5.983143367150980420e-03 6.465974816392688028e-03
6.973120340788072724e+01 5.945954738344428822e-03 6.431747048284165540e-03
6.985620340788072724e+01 5.909043758178461961e-03 6.397661889835107307e-03
6.998120340788072724e+01 5.872410084815770509e-03 6.363719585100824014e-03
7.010620340788072724e+01 5.836053335204098753e-03 6.329920365025167375e-03
7.023120340788072724e+01 5.799973085871504286e-03 6.296264447602558517e-03
7.035620340788072724e+01 5.764168873701455004e-03 6.262752038038941690e-03
7.048120340788072724e+01 5.728640196707772587e-03 6.229383328911501996e-03
7.060620340788072724e+01 5.693386514808761525e-03 6.196158500327255542e-03
7.073120340788072724e+01 5.658407250595283954e-03 6.163077720080525901e-03
7.085620340788072724e+01 5.623701790083798779e-03 6.130141143809324233e-03
7.098120340788072724e+01 5.589269483482510979e-03 6.097348915150384123e-03
7.110620340788072724e+01 5.555109645933702274e-03 6.064701165893250992e-03
7.123120340788072724e+01 5.521221558264301742e-03 6.032198016133095628e-03
7.135620340788072724e+01 5.487604467721861334e-03 5.999839574422497282e-03
7.148120340788072724e+01 5.454257588710699663e-03 5.967625937921878891e-03
7.160620340788072724e+01 5.421180103518366891e-03 5.935557192548989933e-03
7.173120340788072724e+01 5.388371163041720188e-03 5.903633413127123801e-03
7.185620340788072724e+01 5.355829887499886401e-03 5.871854663532324707e-03
7.198120340788072724e+01 5.323555367145652202e-03 5.840220996839164298e-03
7.210620340788072724e+01 5.291546662970623982e-03 5.808732455465705560e-03
7.223120340788072724e+01 5.259802807406267766e-03 5.777389071317105829e-03
7.235620340788072724e+01 5.228322805010612515e-03 5.746190865928191109e-03
7.248120340788072724e+01 5.197105633160370095e-03 5.715137850604790938e-03
7.260620340788072724e+01 5.166150242726878089e-03 5.684230026563997715e-03
7.273120340788072724e+01 5.135455558749690320e-03 5.653467385073281115e-03
7.285620340788072724e+01 5.105020481106767316e-03 5.622849907588509631e-03
7.298120340788072724e+01 5.074843885173126526e-03 5.592377565890706628e-03
7.310620340788072724e+01 5.044924622473015950e-03 5.562050322221809805e-03
7.323120340788072724e+01 5.015261521329285321e-03 5.531868129419253641e-03
7.335620340788072724e+01 4.985853387509299982e-03 5.501830931049455503e-03
7.348120340788072724e+01 4.956699004847895697e-03 5.471938661540092647e-03
7.360620340788072724e+01 4.927797135885011830e-03 5.442191246311380882e-03
7.373120340788072724e+01 4.899146522484225212e-03 5.412588601906137206e-03
7.385620340788072724e+01 4.870745886444060625e-03 5.383130636118820672e-03
7.398120340788072724e+01 4.842593930108352387e-03 5.353817248123372841e-03
7.410620340788072724e+01 4.814689336966814295e-03 5.324648328600017390e-03
7.423120340788072724e+01 4.787030772246190884e-03 5.295623759860908740e-03
7.435620340788072724e+01 4.759616883503133000e-03 5.266743415974778006e-03
7.448120340788072724e+01 4.732446301197504833e-03 5.238007162890334287e-03
7.460620340788072724e+01 4.705517639271829256e-03 5.209414858558711857e-03
7.473120340788072724e+01 4.678829495712316482e-03 5.180966353054737746e-03
7.485620340788072724e+01 4.652380453115313730e-03 5.152661488697230473e-03
7.498120340788072724e+01 4.626169079232447280e-03 5.124500100168051520e-03
7.510620340788072724e+01 4.600193927522846539e-03 5.096482014630211374e-03
7.523120340788072724e+01 4.574453537690341062e-03 5.068607051844946018e-03
7.535620340788072724e+01 4.548946436213322300e-03 5.040875024287516659e-03
7.548120340788072724e+01 4.523671136872635563e-03 5.013285737262183732e-03
7.560620340788072724e+01 4.498626141269571922e-03 4.985838989015963993e-03
7.573120340788072724e+01 4.473809939337612500e-03 4.958534570851494232e-03
7.585620340788072724e+01 4.449221009845859102e-03 4.931372267238614757e-03
7.598120340788072724e+01 4.424857820899000607e-03 4.904351855925139295e-03
7.610620340788072724e+01 4.400718830424823168e-03 4.877473108046485178e-03
7.623120340788072724e+01 4.376802486661813228e-03 4.850735788234232342e-03
7.635620340788072724e+01 4.353107228637336651e-03 4.824139654723751634e-03
7.648120340788072724e+01 4.329631486633281866e-03 4.797684459460696896e-03
7.660620340788072724e+01 4.306373682655245325e-03 4.771369948206593235e-03
7.673120340788072724e+01 4.283332230883661086e-03 4.745195860643374071e-03
7.685620340788072724e+01 4.260505538131272550e-03 4.719161930476825292e-03
7.698120340788072724e+01 4.237892004283178894e-03 4.693267885539124766e-03
7.710620340788072724e+01 4.215490022729969505e-03 4.667513447890388710e-03
7.723120340788072724e+01 4.193297980804119689e-03 4.641898333919180705e-03
7.735620340788072724e+01 4.171314260200678463e-03 4.616422254442005893e-03
7.748120340788072724e+01 4.149537237394794811e-03 4.591084914801892708e-03
7.760620340788072724e+01 4.127965284051533096e-03 4.565886014965953726e-03
7.773120340788072724e+01 4.106596767429770457e-03 4.540825249622065275e-03
7.785620340788072724e+01 4.085430050780213505e-03 4.515902308274343142e-03
7.798120340788072724e+01 4.064463493734588734e-03 4.491116875338000726e-03
7.810620340788072724e+01 4.043695452694753140e-03 4.466468630232904406e-03
7.823120340788072724e+01 4.023124281202191191e-03 4.441957247476579877e-03
7.835620340788072724e+01 4.002748330318279223e-03 4.417582396775739627e-03
7.848120340788072724e+01 3.982565948984530257e-03 4.393343743117417502e-03
7.860620340788072724e+01 3.962575484380951446e-03 4.369240946858831721e-03
7.873120340788072724e+01 3.942775282283942674e-03 4.345273663816440375e-03
7.885620340788072724e+01 3.923163687406716962e-03 4.321441545354026345e-03
7.898120340788072724e+01 3.903739043741957793e-03 4.297744238469926141e-03
7.910620340788072724e+01 3.884499694896730027e-03 4.274181385883295096e-03
7.923120340788072724e+01 3.865443984419436249e-03 4.250752626119538163e-03
7.935620340788072724e+01 3.846570256121792722e-03 4.227457593594705076e-03
7.948120340788072724e+01 3.827876854394588087e-03 4.204295918699181220e-03
7.960620340788072724e+01 3.809362124518453005e-03 4.181267227880293424e-03
7.973120340788072724e+01 3.791024412965901536e-03 4.158371143724242693e-03
7.985620340788072724e+01 3.772862067700823337e-03 4.135607285036975271e-03
7.998120340788072724e+01 3.754873438473284742e-03 4.112975266924289580e-03
8.010620340788072724e+01 3.737056877099006590e-03 4.090474700871016799e-03
8.023120340788072724e+01 3.719410737746685174e-03 4.068105194819461590e-03
8.035620340788072724e+01 3.701933377210784009e-03 4.045866353246824546e-03
8.048120340788072724e+01 3.684623155178534237e-03 4.023757777241894311e-03
8.060620340788072724e+01 3.667478434498314122e-03 4.001779064580840255e-03
8.073120340788072724e+01 3.650497581435069739e-03 3.979929809802267883e-03
8.085620340788072724e+01 3.633678965919727010e-03 3.958209604281304542e-03
8.098120340788072724e+01 3.617020961804368225e-03 3.936618036302911433e-03
8.110620340788072724e+01 3.600521947097004311e-03 3.915154691134477456e-03
8.123120340788072724e+01 3.584180304201170508e-03 3.893819151097490609e-03
8.135620340788072724e+01 3.567994420146060417e-03 3.872610995638401006e-03
8.148120340788072724e+01 3.551962686815019008e-03 3.851529801398744911e-03
8.160620340788072724e+01 3.536083501160222024e-03 3.830575142284422217e-03
8.173120340788072724e+01 3.520355265424687189e-03 3.809746589534296953e-03
8.185620340788072724e+01 3.504776387350771929e-03 3.789043711787815506e-03
8.198120340788072724e+01 3.489345280382830702e-03 3.768466075152023323e-03
8.210620340788072724e+01 3.474060363870480790e-03 3.748013243267707753e-03
8.223120340788072724e+01 3.458920063264376687e-03 3.727684777374912477e-03
8.235620340788072724e+01 3.443922810302356766e-03 3.707480236377461418e-03
8.248120340788072724e+01 3.429067043203671596e-03 3.687399176906996489e-03
8.260620340788072724e+01 3.414351206841247186e-03 3.667441153386005303e-03
8.273120340788072724e+01 3.399773752920978200e-03 3.647605718090372266e-03
8.285620340788072724e+01 3.385333140155701200e-03 3.627892421210928298e-03
8.298120340788072724e+01 3.371027834429373218e-03 3.608300810914502263e-03
8.310620340788072724e+01 3.356059757617686247e-03 3.588830433404068595e-03
8.323120340788072724e+01 3.338837047490916029e-03 3.569480832978301228e-03
8.335620340788072724e+01 3.321750764634340269e-03 3.550251552090351662e-03
8.348120340788072724e+01 3.304800071538155706e-03 3.531142131405893246e-03
8.360620340788072724e+01 3.287984129863818356e-03 3.512152109860556138e-03
8.373120340788072724e+01 3.271302100549319542e-03 3.493281024716576866e-03
8.385620340788072724e+01 3.254753143914915561e-03 3.474528411618809948e-03
8.398120340788072724e+01 3.238336419771750425e-03 3.455893804649954552e-03
8.410620340788072724e+01 3.221407335685683593e-03 3.437376736385346597e-03
8.423120340788072724e+01 3.203768102491276384e-03 3.418976737946711336e-03
8.435620340788072724e+01 3.186273046509009201e-03 3.400693339055571151e-03
8.448120340788072724e+01 3.168921407782477814e-03 3.382526068085821552e-03
8.460620340788072724e+01 3.151712423631811144e-03 3.364474452115733850e-03
8.473120340788072724e+01 3.134645328773418786e-03 3.346538016979189352e-03
8.485620340788072724e+01 3.117719355429365326e-03 3.328716287316369274e-03
8.498120340788072724e+01 3.100933733442638816e-03 3.311008786623792412e-03
8.510620340788072724e+01 3.084287690382621523e-03 3.293415037303694913e-03
8.523120340788072724e+01 3.067780451658727765e-03 3.275934560712757786e-03
8.535620340788072724e+01 3.051411240624917528e-03 3.258566877210221629e-03
8.548120340788072724e+01 3.035179278683233436e-03 3.241311506205413282e-03
8.560620340788072724e+01 3.019083785397543972e-03 3.224167966204685275e-03
8.573120340788072724e+01 3.003123978587978350e-03 3.207135774857578121e-03
8.585620340788072724e+01 2.987299074440381494e-03 3.190214449002597066e-03
8.598120340788072724e+01 2.971608287599902809e-03 3.173403504712231198e-03
8.610620340788072724e+01 2.956050831281810311e-03 3.156702457337496378e-03
8.623120340788072724e+01 2.940625917357469164e-03 3.140110821551742645e-03
8.635620340788072724e+01 2.925332756460346292e-03 3.123628111394047887e-03
8.648120340788072724e+01 2.910170558079588302e-03 3.107253840311887273e-03
8.660620340788072724e+01 2.895138530655835037e-03 3.090987521203332998e-03
8.673120340788072724e+01 2.880235881671378353e-03 3.074828666458659463e-03
8.685620340788072724e+01 2.865461817748210429e-03 3.058776788001283612e-03
8.698120340788072724e+01 2.850815544734756901e-03 3.042831397328345754e-03
8.710620340788072724e+01 2.836296267795082419e-03 3.026992005550557894e-03
8.723120340788072724e+01 2.821903191505753701e-03 3.011258123431586730e-03
8.735620340788072724e+01 2.807635519932598876e-03 2.995629261426882399e-03
8.748120340788072724e+01 2.793492456724553426e-03 2.980104929721972065e-03
8.760620340788072724e+01 2.779473205195249000e-03 2.964684638270223983e-03
8.773120340788072724e+01 2.765576968409305929e-03 2.949367896830042135e-03
8.785620340788072724e+01 2.751802949263917712e-03 2.934154215001589898e-03
8.798120340788072724e+01 2.738150350569975352e-03 2.919043102262981141e-03
8.810620340788072724e+01 2.724618375134652774e-03 2.904034068005964357e-03
8.823120340788072724e+01 2.711206225840567460e-03 2.889126621571029129e-03
8.835620340788072724e+01 2.697913105721887975e-03 2.874320272282138763e-03
8.848120340788072724e+01 2.684738218042764281e-03 2.859614529480809363e-03
8.860620340788072724e+01 2.671680766373945703e-03 2.845008902559890539e-03
8.873120340788072724e+01 2.658739954667598687e-03 2.834513528317172005e-03
8.885620340788072724e+01 2.645914987330061970e-03 2.824997947306595678e-03
8.898120340788072724e+01 2.633205069295394950e-03 2.815554721435049347e-03
8.910620340788072724e+01 2.620609406097790250e-03 2.806182790253388282e-03
8.923120340788072724e+01 2.608127203937812832e-03 2.796881104071180686e-03
8.935620340788072724e+01 2.595757669760937435e-03 2.787648623959654553e-03
8.948120340788072724e+01 2.583500011313719352e-03 2.778484321744621299e-03
8.960620340788072724e+01 2.571353437222968080e-03 2.769387180004379348e-03
8.973120340788072724e+01 2.559317157052222111e-03 2.760356192060340122e-03
8.985620340788072724e+01 2.547390381376117389e-03 2.751390361965623532e-03
8.998120340788072724e+01 2.535572321835106568e-03 2.742488704495527844e-03
9.010620340788072724e+01 2.523862191205787728e-03 2.733650245133925540e-03
9.023120340788072724e+01 2.512259203460621374e-03 2.724874020053874753e-03
9.035620340788072724e+01 2.500762573828843073e-03 2.716159076108291652e-03
9.048120340788072724e+01 2.489371518856099350e-03 2.707504470802769066e-03
9.060620340788072724e+01 2.478085256464137784e-03 2.698909272279974812e-03
9.073120340788072724e+01 2.466903006010089886e-03 2.690372559295022524e-03
9.085620340788072724e+01 2.455823988340720670e-03 2.681893421192009953e-03
9.098120340788072724e+01 2.444847425853040324e-03 2.673470957877488972e-03
9.110620340788072724e+01 2.433972542543871333e-03 2.665104279794780397e-03
9.123120340788072724e+01 2.423198564070312266e-03 2.656792507893407720e-03
9.135620340788072724e+01 2.412524717795342354e-03 2.648534773599642376e-03
9.148120340788072724e+01 2.401950232849907243e-03 2.640330218783936474e-03
9.160620340788072724e+01 2.391474340175374184e-03 2.632177995729386832e-03
9.173120340788072724e+01 2.381096272577416448e-03 2.624077267092757466e-03
9.185620340788072724e+01 2.370815264778259289e-03 2.616027205873794944e-03
9.198120340788072724e+01 2.360630553461025120e-03 2.608026995373750705e-03
9.210620340788072724e+01 2.350541377320264705e-03 2.600075829157528964e-03
9.223120340788072724e+01 2.340546977107325812e-03 2.592172911015987700e-03
9.235620340788072724e+01 2.330646595677143915e-03 2.584317454921299020e-03
9.248120340788072724e+01 2.320839478033642940e-03 2.576508684984154390e-03
9.260620340788072724e+01 2.311124871372823627e-03 2.568745835413973992e-03
9.273120340788072724e+01 2.301502025126496345e-03 2.561028150470326652e-03
9.285620340788072724e+01 2.291970191006771108e-03 2.553354884419533136e-03
9.298120340788072724e+01 2.282513773498365088e-03 2.545725301484440262e-03
9.310620340788072724e+01 2.272338203604771113e-03 2.538138675799662004e-03
9.323120340788072724e+01 2.262250765937405018e-03 2.530594291359411583e-03
9.335620340788072724e+01 2.252250842546335129e-03 2.523091441969138246e-03
9.348120340788072724e+01 2.242337817338956561e-03 2.515629431194967014e-03
9.360620340788072724e+01 2.232511076104752232e-03 2.508207572308793817e-03
9.373120340788072724e+01 2.222770006539519141e-03 2.500825188238369693e-03
9.385620340788072724e+01 2.213113998268992702e-03 2.493481611511804818e-03
9.398120340788072724e+01 2.203542442872014843e-03 2.486176184200633577e-03
9.410620340788072724e+01 2.194054733903086276e-03 2.478908257869820702e-03
9.423120340788072724e+01 2.184650266914486393e-03 2.471677193516009022e-03
9.435620340788072724e+01 2.175328439477793377e-03 2.464482361513479353e-03
9.448120340788072724e+01 2.166088651205001422e-03 2.457323141554437415e-03
9.460620340788072724e+01 2.156930303768979634e-03 2.450198922589146358e-03
9.473120340788072724e+01 2.147852800923600019e-03 2.443109102771763054e-03
9.485620340788072724e+01 2.138855548523258335e-03 2.436053089394336207e-03
9.498120340788072724e+01 2.129937954541956478e-03 2.429030298829457264e-03
9.510620340788072724e+01 2.121099429091899587e-03 2.422040156466982470e-03
9.523120340788072724e+01 2.112339384441621302e-03 2.415082096655479012e-03
9.535620340788072724e+01 2.103657235033598149e-03 2.408155562633724264e-03
9.548120340788072724e+01 2.095052397501493118e-03 2.401260006473457734e-03
9.560620340788072724e+01 2.086524290686867563e-03 2.394394889012998410e-03
9.573120340788072724e+01 2.078072335655422112e-03 2.387559679793214377e-03
9.585620340788072724e+01 2.069695955712903216e-03 2.380753856993580043e-03
9.598120340788072724e+01 2.061394576420439405e-03 2.373976907366845586e-03
9.610620340788072724e+01 2.053167625609522359e-03 2.367228326171272150e-03
9.623120340788072724e+01 2.045014533396559506e-03 2.360507617109074315e-03
9.635620340788072724e+01 2.036934732196950867e-03 2.353814292255898381e-03
9.648120340788072724e+01 2.028927656738772119e-03 2.347147871997311112e-03
9.660620340788072724e+01 2.020992744076103784e-03 2.340507884958229010e-03
9.673120340788072724e+01 2.013129433601828708e-03 2.333893867939445654e-03
9.685620340788072724e+01 2.005337167060168482e-03 2.327305365844451520e-03
9.698120340788072724e+01 1.997615388558702035e-03 2.320741931616880291e-03
9.710620340788072724e+01 1.989963544580054203e-03 2.314203126168925487e-03
9.723120340788072724e+01 1.982381083993196152e-03 2.307688518314266087e-03
9.735620340788072724e+01 1.974867458064367195e-03 2.301197684696583336e-03
9.748120340788072724e+01 1.967422120467568567e-03 2.294730209724094028e-03
9.760620340788072724e+01 1.960044527294733246e-03 2.288285685495035880e-03
9.773120340788072724e+01 1.952734137065541449e-03 2.281863711734599068e-03
9.785620340788072724e+01 1.945490410736842564e-03 2.275463895719954943e-03
9.798120340788072724e+01 1.938312811711704340e-03 2.269085852212404490e-03
9.810620340788072724e+01 1.931200805848161091e-03 2.262729203387460301e-03
9.823120340788072724e+01 1.924153861467566614e-03 2.256393578763601047e-03
9.835620340788072724e+01 1.917171449362636360e-03 2.250078615132771950e-03
9.848120340788072724e+01 1.910253042805147442e-03 2.243783956489958046e-03
9.860620340788072724e+01 1.903398117553271526e-03 2.237509253962517188e-03
9.873120340788072724e+01 1.896606151858616510e-03 2.231254165739140951e-03
9.885620340788072724e+01 1.889876626472928190e-03 2.225018356999933136e-03
9.898120340788072724e+01 1.883209024654495731e-03 2.218801499846535970e-03
9.910620340788072724e+01 1.876602832174185899e-03 2.212603273228185355e-03
9.923120340788072724e+01 1.870057537321222294e-03 2.206423362874822963e-03
9.935620340788072724e+01 1.862278173292481690e-03 2.200261461224409156e-03
9.948120340788072724e+01 1.854377583684664122e-03 2.194117267352576478e-03
9.960620340788072724e+01 1.846539578131968203e-03 2.187990486902228505e-03
9.973120340788072724e+01 1.838763763517123426e-03 2.181880832013009894e-03
9.985620340788072724e+01 1.831049747915455004e-03 2.175788021249117597e-03
9.998120340788072724e+01 1.823397140604079416e-03 2.169711779531189981e-03
1.001062034078807272e+02 1.815805552070857759e-03 2.163651838064398637e-03
1.002312034078807272e+02 1.808274594023256054e-03 2.157607934269779783e-03
1.003562034078807272e+02 1.800803879396884648e-03 2.151579811711231902e-03
1.004812034078807272e+02 1.793393022363953902e-03 2.145567220028422265e-03
1.006062034078807272e+02 1.786041638341487889e-03 2.139569914863222958e-03
1.007312034078807272e+02 1.778749343999311934e-03 2.133587657793758422e-03
1.008562034078807272e+02 1.771515757267924781e-03 2.127620216263066254e-03
1.009812034078807272e+02 1.764340497346153719e-03 2.121667363508410262e-03
1.011062034078807272e+02 1.757223184708588300e-03 2.115728878493650534e-03
1.012312034078807272e+02 1.750163441112910414e-03 2.109804545839142394e-03
1.013562034078807272e+02 1.743160889606975433e-03 2.103894155752417724e-03
1.014812034078807272e+02 1.736215154535733973e-03 2.097997503960479567e-03
1.016062034078807272e+02 1.729325861548019864e-03 2.092114391640297402e-03
1.017312034078807272e+02 1.722492637603091799e-03 2.086244625350318956e-03
1.018562034078807272e+02 1.715715110977042695e-03 2.080388016963646055e-03
1.019812034078807272e+02 1.708992911269058149e-03 2.074544383597691586e-03
1.021062034078807272e+02 1.702325669407469535e-03 2.068713547548785194e-03
1.022312034078807272e+02 1.695713017655641006e-03 2.062895336223382389e-03
1.023562034078807272e+02 1.689154589617742870e-03 2.057089582071555244e-03
1.024812034078807272e+02 1.682650020244286010e-03 2.051296122519350763e-03
1.026062034078807272e+02 1.676198945837562189e-03 2.045514799903828083e-03
1.027312034078807272e+02 1.669801004056869695e-03 2.039745461403005139e-03
1.028562034078807272e+02 1.663455833923641611e-03 2.033987958974110746e-03
1.029812034078807272e+02 1.657163075826350966e-03 2.028242149285131544e-03
1.031062034078807272e+02 1.650922371525330445e-03 2.022507893649704794e-03
1.032312034078807272e+02 1.644733364157365289e-03 2.016785057962938808e-03
1.033562034078807272e+02 1.638595698240236749e-03 2.011073512635778819e-03
1.034812034078807272e+02 1.632509019676995797e-03 2.005373132529039357e-03
1.036062034078807272e+02 1.626472975760191730e-03 1.999683796891890079e-03
1.037312034078807272e+02 1.620487215175899984e-03 1.994005389295927175e-03
1.038562034078807272e+02 1.614551388007627207e-03 1.988337797573172614e-03
1.039812034078807272e+02 1.608665145740050895e-03 1.982680913751350311e-03
1.041062034078807272e+02 1.602828141262677706e-03 1.977034633991972545e-03
1.042312034078807272e+02 1.597040028873286666e-03 1.971398858526448358e-03
1.043562034078807272e+02 1.591300464281280658e-03 1.965773491595558618e-03
1.044812034078807272e+02 1.585609104610914743e-03 1.960158441388084108e-03
1.046062034078807272e+02 1.579965608404339727e-03 1.954553619976722237e-03
1.047312034078807272e+02 1.574369635624568112e-03 1.948958943259303982e-03
1.048562034078807272e+02 1.568820847658283259e-03 1.943374330897785184e-03
1.049812034078807272e+02 1.563318907318519751e-03 1.937799706255936795e-03
1.051062034078807272e+02 1.557863478847198481e-03 1.932234996343148731e-03
1.052312034078807272e+02 1.552454227917607083e-03 1.926680131751782503e-03
1.053562034078807272e+02 1.547090821636671557e-03 1.921135046598755917e-03
1.054812034078807272e+02 1.541772928547138332e-03 1.915599678467745344e-03
1.056062034078807272e+02 1.536500218629649429e-03 1.910073968350197533e-03
1.057312034078807272e+02 1.531272363304721131e-03 1.904557860586299136e-03
1.058562034078807272e+02 1.526089035434488681e-03 1.899051302809763933e-03
1.059812034078807272e+02 1.520949909324496733e-03 1.893554245889124367e-03
1.061062034078807272e+02 1.515854660725241519e-03 1.888066643871064414e-03
1.062312034078807272e+02 1.510802966833688738e-03 1.882588453924750145e-03
1.063562034078807272e+02 1.505794506294629020e-03 1.877119636286006315e-03
1.064812034078807272e+02 1.500828959201915870e-03 1.871660154200477724e-03
1.066062034078807272e+02 1.495906007099652652e-03 1.866209973870718844e-03
1.067312034078807272e+02 1.491025332983234942e-03 1.860769064399402008e-03
1.068562034078807272e+02 1.486186621300227429e-03 1.855337397737506213e-03
1.069812034078807272e+02 1.481389557951273347e-03 1.849914948628592808e-03
1.071062034078807272e+02 1.476633830290769930e-03 1.844501694556670767e-03
1.072312034078807272e+02 1.471919127127503104e-03 1.839097615691615353e-03
1.073562034078807272e+02 1.467245138725195228e-03 1.833702694839338832e-03
1.074812034078807272e+02 1.462611556802900390e-03 1.828316917388028793e-03
1.076062034078807272e+02 1.458018074535334229e-03 1.822940271257117786e-03
1.077312034078807272e+02 1.453464386553129581e-03 1.817572746845426152e-03
1.078562034078807272e+02 1.448950188942950109e-03 1.812214336982053949e-03
1.079812034078807272e+02 1.444475179247516538e-03 1.806865036873882800e-03
1.081062034078807272e+02 1.440039056465579554e-03 1.801524844058195176e-03
1.082312034078807272e+02 1.435641521051771912e-03 1.796193758351585052e-03
1.083562034078807272e+02 1.431282274916341945e-03 1.790871781801896745e-03
1.084812034078807272e+02 1.426961021424871454e-03 1.785558918639588901e-03
1.086062034078807272e+02 1.422677465397835734e-03 1.780255175229435898e-03
1.087312034078807272e+02 1.418431313110113737e-03 1.774960560023040217e-03
1.088562034078807272e+02 1.414222272290402817e-03 1.769675083512080131e-03
1.089812034078807272e+02 1.410050052120536117e-03 1.764398758181659086e-03
1.091062034078807272e+02 1.405914363234748348e-03 1.759131598463458193e-03
1.092312034078807272e+02 1.401814917718838564e-03 1.753873620690675483e-03
1.093562034078807272e+02 1.397751429109235586e-03 1.748624843051767991e-03
1.094812034078807272e+02 1.393723612392021782e-03 1.743385285546866391e-03
1.096062034078807272e+02 1.389731184001866647e-03 1.738154969942495029e-03
1.097312034078807272e+02 1.385773861820855648e-03 1.732933919727918477e-03
1.098562034078807272e+02 1.381851365177262474e-03 1.727722160070687286e-03
1.099812034078807272e+02 1.377963414844278782e-03 1.722519717776119404e-03
1.101062034078807272e+02 1.374109733038586306e-03 1.717326621240715910e-03
1.102312034078807272e+02 1.370290043418961271e-03 1.712142900413718026e-03
1.103562034078807272e+02 1.366504071084721599e-03 1.706968586753337003e-03
1.104812034078807272e+02 1.362751542574134646e-03 1.701803713186385595e-03
1.106062034078807272e+02 1.359032185862770305e-03 1.696648314066350437e-03
1.107312034078807272e+02 1.355345730361784493e-03 1.691502425134608183e-03
1.108562034078807272e+02 1.351691906916073840e-03 1.686366083478639489e-03
1.109812034078807272e+02 1.348070447802457265e-03 1.681239327493771639e-03
1.111062034078807272e+02 1.344481086727731351e-03 1.676122196843885534e-03
1.112312034078807272e+02 1.340923558826670210e-03 1.671014732423385359e-03
1.113562034078807272e+02 1.337397600659979155e-03 1.665916976317347855e-03
1.114812034078807272e+02 1.333902950212172275e-03 1.660828971765826922e-03
1.116062034078807272e+02 1.330439346889383204e-03 1.655750763123986849e-03
1.117312034078807272e+02 1.327006531517137961e-03 1.650682395828112145e-03
1.118562034078807272e+02 1.323604246338050362e-03 1.645623916358105203e-03
1.119812034078807272e+02 1.320232235009448927e-03 1.640575372200180852e-03
1.121062034078807272e+02 1.316890242600982737e-03 1.635536811813283848e-03
1.122312034078807272e+02 1.313578015592120618e-03 1.630508284592992315e-03
1.123562034078807272e+02 1.310295301869649452e-03 1.625489840836180123e-03
1.124812034078807272e+02 1.307041850725077729e-03 1.620481531708707883e-03
1.126062034078807272e+02 1.303817412851984454e-03 1.615483409209750526e-03
1.127312034078807272e+02 1.300621740343353748e-03 1.610495526139340628e-03
1.128562034078807272e+02 1.297454586688833117e-03 1.605517936064885859e-03
1.129812034078807272e+02 1.294315706771890237e-03 1.600550693289584658e-03
1.131062034078807272e+02 1.291204856867032196e-03 1.595593852818329812e-03
1.132312034078807272e+02 1.288121794636882698e-03 1.590647470328278431e-03
1.133562034078807272e+02 1.285066279129224581e-03 1.585711602136164128e-03
1.134812034078807272e+02 1.282038070774047097e-03 1.580786305168023704e-03
1.136062034078807272e+02 1.279036931380479790e-03 1.575871636928415998e-03
1.137312034078807272e+02 1.276062624133701869e-03 1.570967655470851144e-03
1.138562034078807272e+02 1.273114913591866758e-03 1.566074419366749425e-03
1.139812034078807272e+02 1.270193565682866408e-03 1.561191987678290684e-03
1.141062034078807272e+02 1.267298347701146122e-03 1.556320419928074227e-03
1.142312034078807272e+02 1.264429028304449787e-03 1.551459776071425697e-03
1.143562034078807272e+02 1.261585377510508277e-03 1.546610116468088558e-03
1.144812034078807272e+02 1.258767166693697303e-03 1.541771501855057017e-03
1.146062034078807272e+02 1.255974168581665100e-03 1.536943993317614610e-03
1.147312034078807272e+02 1.253206157251891828e-03 1.532127652265359444e-03
1.148562034078807272e+02 1.250462908128259368e-03 1.527322540404094748e-03
1.149812034078807272e+02 1.247744197977525716e-03 1.522528719709212138e-03
1.151062034078807272e+02 1.245049804905790048e-03 1.517746252401728797e-03
1.152312034078807272e+02 1.242379508354933505e-03 1.512975200921868723e-03
1.153562034078807272e+02 1.239733089099006409e-03 1.508215627903664426e-03
1.154812034078807272e+02 1.237110329240568435e-03 1.503467596152662259e-03
1.156062034078807272e+02 1.234511012207038317e-03 1.498731168619408258e-03
1.157312034078807272e+02 1.231934922746954000e-03 1.494006408377219607e-03
1.158562034078807272e+02 1.229381846926252096e-03 1.489293378598634254e-03
1.159812034078807272e+02 1.226851572124461895e-03 1.484592142530638190e-03
1.161062034078807272e+02 1.224343887030928443e-03 1.479902763475572864e-03
1.162312034078807272e+02 1.221858581640938900e-03 1.475225304765447184e-03
1.163562034078807272e+02 1.219395447251873628e-03 1.470559829742169259e-03
1.164812034078807272e+02 1.216954276459304577e-03 1.465906401735134635e-03
1.166062034078807272e+02 1.214534863153050306e-03 1.461265084040348034e-03
1.167312034078807272e+02 1.212137002513238165e-03 1.456635939899307217e-03
1.168562034078807272e+02 1.209760491006312911e-03 1.452019032478859151e-03
1.169812034078807272e+02 1.207405126381004990e-03 1.447414424851334617e-03
1.171062034078807272e+02 1.205070707664318130e-03 1.442822179974556814e-03
1.172312034078807272e+02 1.202757035157446660e-03 1.438242360671779067e-03
1.173562034078807272e+02 1.200463910431692413e-03 1.433675029614336080e-03
1.174812034078807272e+02 1.198191136324346486e-03 1.429120249300868664e-03
1.176062034078807272e+02 1.195938516934562986e-03 1.424578082040257963e-03
1.177312034078807272e+02 1.193705857619160133e-03 1.420048589933779271e-03
1.178562034078807272e+02 1.191492964988471450e-03 1.416178349034726176e-03
1.179812034078807272e+02 1.189299646902150552e-03 1.414095392490023100e-03
1.181062034078807272e+02 1.187125712464883560e-03 1.412017377112926393e-03
1.182312034078807272e+02 1.184970972022171554e-03 1.409944168575182890e-03
1.183562034078807272e+02 1.182835237156094161e-03 1.407875634534292786e-03
1.184812034078807272e+02 1.180718320680949115e-03 1.405811644616193189e-03
1.186062034078807272e+02 1.178620036638979626e-03 1.403752070401197540e-03
1.187312034078807272e+02 1.176540200296068150e-03 1.401696785406186287e-03
1.188562034078807272e+02 1.174478628137330411e-03 1.399645665072224432e-03
1.189812034078807272e+02 1.172435137862790728e-03 1.397598586746649860e-03
1.191062034078807272e+02 1.170409548382999676e-03 1.395555429669223958e-03
1.192312034078807272e+02 1.168401679814604901e-03 1.393516074956253469e-03
1.193562034078807272e+02 1.166411353475944488e-03 1.391480405585690744e-03
1.194812034078807272e+02 1.164438391882650524e-03 1.389448306381657616e-03
1.196062034078807272e+02 1.162482618743146184e-03 1.387419663998798198e-03
1.197312034078807272e+02 1.160543858954204413e-03 1.385394366907902360e-03
1.198562034078807272e+02 1.158621938596496835e-03 1.383372305380693289e-03
1.199812034078807272e+02 1.156716684930071551e-03 1.381353371474574503e-03
1.201062034078807272e+02 1.154827926389839169e-03 1.379337459017012778e-03
1.202312034078807272e+02 1.152955492581099603e-03 1.377324463592168860e-03
1.203562034078807272e+02 1.151099214274968474e-03 1.375314282524311114e-03
1.204812034078807272e+02 1.149258923403847317e-03 1.373306814863561962e-03
1.206062034078807272e+02 1.147434453056897031e-03 1.371301961371290635e-03
1.207312034078807272e+02 1.145625637475427205e-03 1.369299624505256139e-03
1.208562034078807272e+02 1.143832312048346589e-03 1.367299708404738070e-03
1.209812034078807272e+02 1.142054313307598167e-03 1.365302118874899603e-03
1.211062034078807272e+02 1.140291478923512484e-03 1.363306763374061339e-03
1.212312034078807272e+02 1.138543647700229929e-03 1.361313550998486267e-03
1.213562034078807272e+02 1.136810659571111303e-03 1.359322392466791752e-03
1.214812034078807272e+02 1.135092355594060796e-03 1.357333200104946349e-03
1.216062034078807272e+02 1.133388577946932213e-03 1.355345887834710902e-03
1.217312034078807272e+02 1.131699169922900953e-03 1.353360371157076711e-03
1.218562034078807272e+02 1.130023975925770283e-03 1.351376567138140757e-03
1.219812034078807272e+02 1.128362841465373016e-03 1.349394394394488059e-03
1.221062034078807272e+02 1.126715613152858269e-03 1.347413773080252154e-03
1.222312034078807272e+02 1.125082138696083603e-03 1.345434624872184765e-03
1.223562034078807272e+02 1.123462266894889204e-03 1.343456872954525106e-03
1.224812034078807272e+02 1.121855847636444052e-03 1.341480442007508215e-03
1.226062034078807272e+02 1.120262731890586238e-03 1.339505258190293964e-03
1.227312034078807272e+02 1.118682771705087169e-03 1.337531249129179835e-03
1.228562034078807272e+02 1.117115820200987111e-03 1.335558343902223033e-03
1.229812034078807272e+02 1.115561731567928138e-03 1.333586473026813352e-03
1.231062034078807272e+02 1.114020361059392958e-03 1.331615568445524344e-03
1.232312034078807272e+02 1.112491564988038299e-03 1.329645563511118369e-03
1.233562034078807272e+02 1.110975200721007680e-03 1.327676392974420872e-03
1.234812034078807272e+02 1.109471126675176103e-03 1.325707992969938449e-03
1.236062034078807272e+02 1.107979202312467382e-03 1.323740301002702697e-03
1.237312034078807272e+02 1.106499288135156514e-03 1.321773255933913213e-03
1.238562034078807272e+02 1.105031245681124341e-03 1.319806797969083796e-03
1.239812034078807272e+02 1.103574937519140407e-03 1.317840868642730905e-03
1.241062034078807272e+02 1.102130227244198495e-03 1.315875410806989975e-03
1.242312034078807272e+02 1.100696979472729452e-03 1.313910368616561701e-03
1.243562034078807272e+02 1.099275059837914823e-03 1.311945687516852602e-03
1.244812034078807272e+02 1.097864334984998335e-03 1.309981314230526791e-03
1.246062034078807272e+02 1.096464672566507597e-03 1.308017196744419228e-03
1.247312034078807272e+02 1.095075941237577070e-03 1.306053284295760923e-03
1.248562034078807272e+02 1.093698010651234171e-03 1.304089527359797353e-03
1.249812034078807272e+02 1.092330751453656976e-03 1.302125877639011275e-03
1.251062034078807272e+02 1.090974035279477887e-03 1.300162288046226300e-03
1.252312034078807272e+02 1.089627734747080148e-03 1.298198712694083410e-03
1.253562034078807272e+02 1.088291723453855761e-03 1.296235106883712133e-03
1.254812034078807272e+02 1.086965875971518045e-03 1.294271427089350697e-03
1.256062034078807272e+02 1.085650067841409426e-03 1.292307630947512253e-03
1.257312034078807272e+02 1.084344175569763261e-03 1.290343677244395765e-03
1.258562034078807272e+02 1.083048076623014224e-03 1.288379525902726835e-03
1.259812034078807272e+02 1.081761649423127782e-03 1.286415137970464435e-03
1.261062034078807272e+02 1.080484773342873942e-03 1.284450475606923334e-03
1.262312034078807272e+02 1.079217328701135474e-03 1.282485502072333887e-03
1.263562034078807272e+02 1.077959196758253866e-03 1.280520181715239696e-03
1.264812034078807272e+02 1.076710259711310003e-03 1.278554479959033343e-03
1.266062034078807272e+02 1.075470400689455385e-03 1.276588363290979489e-03
1.267312034078807272e+02 1.074239503749267613e-03 1.274621799251591430e-03
1.268562034078807272e+02 1.073017453870035850e-03 1.272654756420329818e-03
1.269812034078807272e+02 1.071804136949113927e-03 1.270687204404311347e-03
1.271062034078807272e+02 1.070599439797299910e-03 1.268719113829166545e-03
1.272312034078807272e+02 1.069403250134114613e-03 1.266750456323257690e-03
1.273562034078807272e+02 1.068215456583195477e-03 1.264781204509434973e-03
1.274812034078807272e+02 1.067035948667664205e-03 1.262811331990963334e-03
1.276062034078807272e+02 1.065864616805461225e-03 1.260840813342173610e-03
1.277312034078807272e+02 1.064701352304730673e-03 1.258869624095883396e-03
1.278562034078807272e+02 1.063546047359194540e-03 1.256897740732213506e-03
1.279812034078807272e+02 1.062398595043553915e-03 1.254925140667043602e-03
1.281062034078807415e+02 1.061258889308855976e-03 1.252951802241788820e-03
1.282312034078807415e+02 1.060126824977892851e-03 1.250977704711604297e-03
1.283562034078807415e+02 1.059002297740637994e-03 1.249002828233533331e-03
1.284812034078807415e+02 1.057885204149615777e-03 1.247027153856947526e-03
1.286062034078807415e+02 1.056775441615343068e-03 1.245050663512308180e-03
1.287312034078807415e+02 1.055672908401775146e-03 1.243073339999201023e-03
1.288562034078807415e+02 1.054577503621707824e-03 1.241095166976441139e-03
1.289812034078807415e+02 1.053489127232229428e-03 1.239116128951398563e-03
1.291062034078807415e+02 1.052407680030216378e-03 1.237136211268654706e-03
1.292312034078807415e+02 1.051211729402035978e-03 1.235155400101432387e-03
1.293562034078807415e+02 1.049954832945251913e-03 1.233173682437673597e-03
1.294812034078807415e+02 1.048705119446867364e-03 1.231191046072295688e-03
1.296062034078807415e+02 1.047462501309069866e-03 1.229207479596358026e-03
1.297312034078807415e+02 1.046226891655362970e-03 1.227222972385189981e-03
1.298562034078807415e+02 1.044998204326391417e-03 1.225237514590294102e-03
1.299812034078807415e+02 1.043776353875828762e-03 1.223251097127906048e-03
1.301062034078807415e+02 1.042561255566203408e-03 1.221263711669382272e-03
1.302312034078807415e+02 1.039670447468233607e-03 1.219275350629870974e-03
1.303562034078807415e+02 1.036649287370862730e-03 1.217286007160639418e-03
1.304812034078807415e+02 1.033644100020425114e-03 1.215295675137494872e-03
1.306062034078807415e+02 1.030654879465256685e-03 1.213304349151302607e-03
1.307312034078807415e+02 1.027681619002616216e-03 1.211312024498009936e-03
1.308562034078807415e+02 1.024724311181469776e-03 1.209318697169747304e-03
1.309812034078807415e+02 1.021782947806521794e-03 1.207324363844434903e-03
1.311062034078807415e+02 1.018857519940444181e-03 1.205329021876549176e-03
1.312312034078807415e+02 1.015948017907904134e-03 1.203332669286858022e-03
1.313562034078807415e+02 1.013054431299014509e-03 1.201335304755366115e-03
1.314812034078807415e+02 1.010176748971781946e-03 1.199336927608150947e-03
1.316062034078807415e+02 1.007314959056938505e-03 1.197337537811484073e-03
1.317312034078807415e+02 1.004469048961117300e-03 1.195337135960662742e-03
1.318562034078807415e+02 1.001639005370065852e-03 1.193335723271986802e-03
1.319812034078807415e+02 9.988248142533172683e-04 1.191333301573054438e-03
1.321062034078807415e+02 9.960264608671982531e-04 1.189329873293289716e-03
1.322312034078807415e+02 9.932439297589035383e-04 1.187325441456019886e-03
1.323562034078807415e+02 9.904772047711232590e-04 1.185320009669133239e-03
1.324812034078807415e+02 9.877262690451140640e-04 1.183313582116242001e-03
1.326062034078807415e+02 9.849911050256606425e-04 1.181306163547655259e-03
1.327312034078807415e+02 9.822716944645902733e-04 1.179297759271972709e-03
1.328562034078807415e+02 9.795680184253416529e-04 1.177288375147589501e-03
1.329812034078807415e+02 9.768800572869389305e-04 1.175278017573503286e-03
1.331062034078807415e+02 9.742077907486945427e-04 1.173266693482168891e-03
1.332312034078807415e+02 9.715511978345400595e-04 1.171254410329585242e-03
1.333562034078807415e+02 9.689102568972292025e-04 1.169241176087288748e-03
1.334812034078807415e+02 9.662849456227707136e-04 1.167226999235413103e-03
1.336062034078807415e+02 9.636752410354976510e-04 1.165211888752264906e-03
1.337312034078807415e+02 9.610811195020798042e-04 1.163195854107616995e-03
1.338562034078807415e+02 9.585025567363070860e-04 1.161683742945675626e-03
1.339812034078807415e+02 9.559395278042462146e-04 1.160416692426233373e-03
1.341062034078807415e+02 9.533920071282023885e-04 1.159149181581277518e-03
1.342312034078807415e+02 9.508599684921894115e-04 1.157881176701038711e-03
1.343562034078807415e+02 9.483433850465168439e-04 1.156612644685425274e-03
1.344812034078807415e+02 9.458422293120287991e-04 1.155343553038309240e-03
1.346062034078807415e+02 9.433564731860173995e-04 1.154073869861959624e-03
1.347312034078807415e+02 9.408860879469632330e-04 1.152803563851401755e-03
1.348562034078807415e+02 9.384310442587195066e-04 1.151532604288878735e-03
1.349812034078807415e+02 9.359913121764662676e-04 1.150260961038320926e-03
1.351062034078807415e+02 9.335668611511014226e-04 1.148988604539860322e-03
1.352312034078807415e+02 9.311576600345952866e-04 1.147715505804360525e-03
1.353562034078807415e+02 9.287636770854004265e-04 1.146441636408015909e-03
1.354812034078807415e+02 9.263848799729270311e-04 1.145166968486920631e-03
1.356062034078807415e+02 9.240212357834563664e-04 1.143891474731771650e-03
1.357312034078807415e+02 9.216727110247043995e-04 1.142615128382477212e-03
1.358562034078807415e+02 9.193392716314206185e-04 1.141337903222934894e-03
1.359812034078807415e+02 9.170208829707188376e-04 1.140059773575723568e-03
1.361062034078807415e+02 9.147175098469494938e-04 1.138780714296908992e-03
1.362312034078807415e+02 9.124291165074352927e-04 1.137500700770842669e-03
1.363562034078807415e+02 9.101556666478233725e-04 1.136219708905012111e-03
1.364812034078807415e+02 9.078971234169637807e-04 1.134937715124909952e-03
1.366062034078807415e+02 9.056534494228942692e-04 1.133654696368962709e-03
1.367312034078807415e+02 9.034246067375571168e-04 1.132370630083430908e-03
1.368562034078807415e+02 9.012105569029975121e-04 1.131085494217440616e-03
1.369812034078807415e+02 8.990112609362643651e-04 1.129799267217946462e-03
1.371062034078807415e+02 8.968266793349863580e-04 1.128511928024792874e-03
1.372312034078807415e+02 8.946567720831430457e-04 1.127223456065776837e-03
1.373562034078807415e+02 8.925014986558673291e-04 1.125933831251768125e-03
1.374812034078807415e+02 8.903608180256031811e-04 1.124643033971818020e-03
1.376062034078807415e+02 8.882346886674642077e-04 1.123351045088373436e-03
1.377312034078807415e+02 8.861230685645221693e-04 1.122057845932420122e-03
1.378562034078807415e+02 8.840259152136768512e-04 1.120763418298777441e-03
1.379812034078807415e+02 8.819431856310496441e-04 1.119467744441301864e-03
1.381062034078807415e+02 8.798748363571144227e-04 1.118170807068245062e-03
1.382312034078807415e+02 8.778208234633058660e-04 1.116872589337531124e-03
1.383562034078807415e+02 8.757811025565827561e-04 1.115573074852146745e-03
1.384812034078807415e+02 8.737556287856747175e-04 1.114272247655515372e-03
1.386062034078807415e+02 8.717443568462266475e-04 1.112970092226933357e-03
1.387312034078807415e+02 8.697472409866254363e-04 1.111666593477005907e-03
1.388562034078807415e+02 8.677642350134858124e-04 1.110361736743161734e-03
1.389812034078807415e+02 8.657952922975538238e-04 1.109055507785123478e-03
1.391062034078807415e+02 8.638403657788085513e-04 1.107747892780490667e-03
1.392312034078807415e+02 8.618994079725481689e-04 1.106438878320315086e-03
1.393562034078807415e+02 8.599723709748170264e-04 1.105128451404670297e-03
1.394812034078807415e+02 8.580592064678468260e-04 1.103816599438349954e-03
1.396062034078807415e+02 8.561598657259467679e-04 1.102503310226468549e-03
1.397312034078807415e+02 8.542742996209374629e-04 1.101188571970221743e-03
1.398562034078807415e+02 8.524024586278906987e-04 1.099872373262569076e-03
1.399812034078807415e+02 8.505442928306250440e-04 1.098554703084017722e-03
1.401062034078807415e+02 8.486997519272830928e-04 1.097235550798396483e-03
1.402312034078807415e+02 8.468687852362096835e-04 1.095914906148684866e-03
1.403562034078807415e+02 8.450513417011005579e-04 1.094592759252846709e-03
1.404812034078807415e+02 8.432473698968133598e-04 1.093269100599736886e-03
1.406062034078807415e+02 8.414568180352694892e-04 1.091943921044952279e-03
1.407312034078807415e+02 8.396796339703638040e-04 1.090617211806837799e-03
1.408562034078807415e+02 8.379157652042031187e-04 1.089288964462382676e-03
1.409812034078807415e+02 8.361651588923910399e-04 1.087959170943271579e-03
1.411062034078807415e+02 8.344277618490921660e-04 1.086627823531867432e-03
1.412312034078807415e+02 8.327035205535289518e-04 1.085294914857284432e-03
1.413562034078807415e+02 8.309923811549927829e-04 1.083960437891451530e-03
1.414812034078807415e+02 8.292942894781622038e-04 1.082624385945248329e-03
1.416062034078807415e+02 8.276091910291357443e-04 1.081286752664595676e-03
1.417312034078807415e+02 8.259370310004996970e-04 1.079947532026684365e-03
1.418562034078807415e+02 8.242777542769994708e-04 1.078606718336093482e-03
1.419812034078807415e+02 8.226313054410958015e-04 1.077264306221089370e-03
1.421062034078807415e+02 8.209976287783636454e-04 1.075920290629810757e-03
1.422312034078807415e+02 8.193766682829305365e-04 1.074574666826583333e-03
1.423562034078807415e+02 8.177683676627365943e-04 1.073227430388206359e-03
1.424812034078807415e+02 8.161726703454440755e-04 1.071878577200297607e-03
1.426062034078807415e+02 8.145895194832120925e-04 1.070528103453638512e-03
1.427312034078807415e+02 8.130188579585635560e-04 1.069176005640583944e-03
1.428562034078807415e+02 8.114606283897412425e-04 1.067822280551435554e-03
1.429812034078807415e+02 8.099147731357904259e-04 1.066466925270940884e-03
1.431062034078807415e+02 8.083812343020900428e-04 1.065109937174692949e-03
1.432312034078807415e+02 8.068599537456723307e-04 1.063751313925689630e-03
1.433562034078807415e+02 8.053508730804186501e-04 1.062391053470811315e-03
1.434812034078807415e+02 8.038539336825775315e-04 1.061029154037384636e-03
1.436062034078807415e+02 8.023690766957956985e-04 1.059665614129750091e-03
1.437312034078807415e+02 8.008962430364548364e-04 1.058300432525884332e-03
1.438562034078807415e+02 7.994353733989480789e-04 1.056933608273981882e-03
1.439812034078807415e+02 7.979864082610881168e-04 1.055565140689163723e-03
1.441062034078807415e+02 7.965492878884841222e-04 1.054195029350099132e-03
1.442312034078807415e+02 7.951239523408958239e-04 1.052823274095761969e-03
1.443562034078807415e+02 7.937103414764270929e-04 1.051449875022119305e-03
1.444812034078807415e+02 7.923083949571956691e-04 1.050074832478907656e-03
1.446062034078807415e+02 7.909180522543160464e-04 1.048698147066409866e-03
1.447312034078807415e+02 7.895392526525676132e-04 1.047319819632258880e-03
1.448562034078807415e+02 7.881719352561407073e-04 1.045939851268263415e-03
1.449812034078807415e+02 7.868160389932567266e-04 1.044558243307287630e-03
1.451062034078807415e+02 7.854715026212307025e-04 1.043174997320085902e-03
1.452312034078807415e+02 7.841382647315541486e-04 1.041790115112266627e-03
1.453562034078807415e+02 7.828162637547755962e-04 1.040403598721164084e-03
1.454812034078807415e+02 7.815054379653271375e-04 1.039015450412833236e-03
1.456062034078807415e+02 7.802057254868409192e-04 1.037625672679023730e-03
1.457312034078807415e+02 7.789170642966289576e-04 1.036234268234152798e-03
1.458562034078807415e+02 7.776393922307995969e-04 1.034841240012376396e-03
1.459812034078807415e+02 7.763726469889277101e-04 1.033446591164605046e-03
1.461062034078807415e+02 7.751167661389804465e-04 1.032050325055596657e-03
1.462312034078807415e+02 7.738716871220155131e-04 1.030652445261043921e-03
1.463562034078807415e+02 7.726373472570516278e-04 1.029252955564710506e-03
1.464812034078807415e+02 7.714136837457289623e-04 1.027851859955559652e-03
1.466062034078807415e+02 7.702006336772455148e-04 1.026449162624947821e-03
1.467312034078807415e+02 7.689981340324651519e-04 1.025044867963774767e-03
1.468562034078807415e+02 7.678061216892979619e-04 1.023638980559754596e-03
1.469812034078807415e+02 7.666245334267776136e-04 1.022231505194595106e-03
1.471062034078807415e+02 7.654533059298361834e-04 1.020822446841313522e-03
1.472312034078807415e+02 7.642923757941647413e-04 1.019411810661477197e-03
1.473562034078807415e+02 7.631416795301336096e-04 1.017999602002534962e-03
1.474812034078807415e+02 7.620011535679172780e-04 1.016585826395130683e-03
1.476062034078807415e+02 7.608707342617899039e-04 1.015170489550468224e-03
1.477312034078807415e+02 7.597503578941277539e-04 1.013753597357668372e-03
1.478562034078807415e+02 7.586399606806705108e-04 1.012335155881191476e-03
1.479812034078807415e+02 7.575394787743203184e-04 1.010915171358209774e-03
1.481062034078807415e+02 7.564488482695834329e-04 1.009493650196093993e-03
1.482312034078807415e+02 7.553680052072359779e-04 1.008070598969842708e-03
1.483562034078807415e+02 7.542968855782240366e-04 1.006646024419579353e-03
1.484812034078807415e+02 7.532354253281068213e-04 1.005219933448044676e-03
1.486062034078807415e+02 7.521835603615026605e-04 1.003792333118134518e-03
1.487312034078807415e+02 7.511412265459519030e-04 1.002363230650432603e-03
1.488562034078807415e+02 7.501083597164381498e-04 1.000932633420800353e-03
1.489812034078807415e+02 7.490848956792942005e-04 9.995005489579237776e-04
1.491062034078807415e+02 7.480707702165935056e-04 9.980669849409761450e-04
1.492312034078807415e+02 7.470659190899467178e-04 9.966319491971943612e-04
1.493562034078807415e+02 7.460702780447031916e-04 9.951954496995750379e-04
1.494812034078807415e+02 7.450837828141603988e-04 9.937574945645161369e-04
1.496062034078807415e+02 7.441063691235542260e-04 9.923180920495167263e-04
1.497312034078807415e+02 7.431379726935394801e-04 9.908772505508890976e-04
1.498562034078807415e+02 7.421785292448509824e-04 9.894349786014932160e-04
1.499812034078807415e+02 7.412279745015094455e-04 9.879912848684757262e-04
1.501062034078807415e+02 7.402862441953745806e-04 9.865461781510709727e-04
1.502312034078807415e+02 7.393532740696666947e-04 9.850996673783421736e-04
1.503562034078807415e+02 7.384289998826475566e-04 9.836517616070479270e-04
1.504812034078807415e+02 7.375133574117188982e-04 9.822024700194306561e-04
1.506062034078807415e+02 7.366062824570482033e-04 9.807518019210889702e-04
1.507312034078807415e+02 7.357077108451330226e-04 9.792997667388331131e-04
1.508562034078807415e+02 7.348175784328509017e-04 9.778463740185857310e-04
1.509812034078807415e+02 7.339358211107495020e-04 9.763916334232748337e-04
1.511062034078807415e+02 7.330623748069647980e-04 9.749355547307795569e-04
1.512312034078807415e+02 7.321971754907134018e-04 9.734781478318448077e-04
1.513562034078807415e+02 7.313401591758066783e-04 9.720194227280811285e-04
1.514812034078807415e+02 7.304912619241193256e-04 9.705593895299110012e-04
1.516062034078807415e+02 7.296504198495149451e-04 9.690980584546017790e-04
1.517312034078807415e+02 7.288175691206867602e-04 9.676354398242596961e-04
1.518562034078807415e+02 7.279926459651919323e-04 9.661715440638790620e-04
1.519812034078807415e+02 7.271755866724800626e-04 9.647063816993987212e-04
1.521062034078807415e+02 7.263663275972795895e-04 9.632399633557585123e-04
1.522312034078807415e+02 7.255648051632681379e-04 9.617722997550203455e-04
1.523562034078807415e+02 7.247709558660419323e-04 9.603034017144475385e-04
1.524812034078807415e+02 7.239847162764985076e-04 9.588332801446505056e-04
1.526062034078807415e+02 7.232060230442334059e-04 9.573619460477145572e-04
1.527312034078807415e+02 7.224348129005529577e-04 9.558894105153865721e-04
1.528562034078807415e+02 7.216710226617171304e-04 9.544156847272140722e-04
1.529812034078807415e+02 7.209145892320861001e-04 9.529407799487904420e-04
1.531062034078807415e+02 7.201654496074432225e-04 9.514647075299176391e-04
1.532312034078807415e+02 7.194235408778467018e-04 9.499874789028809035e-04
1.533562034078807415e+02 7.186888002306730545e-04 9.485091055806615587e-04
1.534812034078807415e+02 7.179611649538195171e-04 9.470295991552214786e-04
1.536062034078807415e+02 7.172405724386049378e-04 9.455489712957744356e-04
1.537312034078807415e+02 7.165269601826330459e-04 9.440672337470821683e-04
1.538562034078807415e+02 7.158202657930129659e-04 9.425843983277683389e-04
1.539812034078807415e+02 7.151204269888866011e-04 9.411004769286631733e-04
1.541062034078807415e+02 7.144273816046443773e-04 9.396154815111144908e-04
1.542312034078807415e+02 7.137410675925665764e-04 9.381294241053914334e-04
1.543562034078807415e+02 7.130614230255374192e-04 9.366423168090230343e-04
1.544812034078807415e+02 7.123883861001404630e-04 9.351541717852273174e-04
1.546062034078807415e+02 7.117218951390464482e-04 9.336650012612909572e-04
1.547312034078807415e+02 7.110618885939879157e-04 9.321748175270167013e-04
1.548562034078807415e+02 7.104083050483307174e-04 9.306836329331461813e-04
1.549812034078807415e+02 7.097610832197062420e-04 9.291914598898380184e-04
1.551062034078807415e+02 7.091201619625848778e-04 9.276983108651077649e-04
1.552312034078807415e+02 7.084854802710582921e-04 9.262041983833530640e-04
1.553562034078807415e+02 7.078569772811479140e-04 9.247091350238157087e-04
1.554812034078807415e+02 7.072345922735585920e-04 9.232131334191383525e-04
1.556062034078807415e+02 7.066182646759844744e-04 9.217162062538621298e-04
1.557312034078807415e+02 7.060079340657399345e-04 9.202183662629967020e-04
1.558562034078807415e+02 7.054035401719661392e-04 9.187196262305685106e-04
1.559812034078807415e+02 7.048050228782076548e-04 9.172199989882037253e-04
1.561062034078807415e+02 7.042123222248358565e-04 9.157194974137149862e-04
1.562312034078807415e+02 7.036253784112613506e-04 9.142181344297176365e-04
1.563562034078807415e+02 7.030441317982074386e-04 9.127159230022213439e-04
1.564812034078807415e+02 7.024685229101927230e-04 9.112128761393067239e-04
1.566062034078807415e+02 7.018984924374415801e-04 9.097090068897242246e-04
1.567312034078807415e+02 7.013339812385084712e-04 9.082043283416036013e-04
1.568562034078807415e+02 7.007749303422981368e-04 9.066988536210902070e-04
1.569812034078807415e+02 7.002212809500327727e-04 9.051925958910619473e-04
1.571062034078807415e+02 6.996729744376509359e-04 9.036855683498137099e-04
1.572312034078807415e+02 6.991299523578805393e-04 9.021777842297955697e-04
1.573562034078807415e+02 6.985921564420308205e-04 9.006692567963126136e-04
1.574812034078807415e+02 6.980595286024713709e-04 8.991599993463081407e-04
1.576062034078807415e+02 6.975320109342421750e-04 8.976500252070785573e-04
1.577312034078807415e+02 6.970095457173309779e-04 8.961393477350854163e-04
1.578562034078807415e+02 6.964920754183854569e-04 8.946279803147057664e-04
1.579812034078807415e+02 6.959795426929847335e-04 8.931159363570490700e-04
1.581062034078807415e+02 6.954718903869782547e-04 8.916032292987561246e-04
1.582312034078807415e+02 6.949690615390753017e-04 8.900898726008336535e-04
1.583562034078807415e+02 6.944709993819750534e-04 8.885758797474742603e-04
1.584812034078807415e+02 6.939776473445359670e-04 8.870612642449160652e-04
1.586062034078807415e+02 6.934889490537540129e-04 8.855460396203029914e-04
1.587312034078807415e+02 6.930048483359549719e-04 8.840302194205518823e-04
1.588562034078807415e+02 6.925252892192657658e-04 8.825138172112427125e-04
1.589812034078807415e+02 6.920502159344688086e-04 8.809968465755147610e-04
1.591062034078807415e+02 6.915795729171774582e-04 8.794793211129834937e-04
1.592312034078807415e+02 6.911133048098074211e-04 8.779612544386454108e-04
1.593562034078807415e+02 6.906513564621628723e-04 8.764426601818399226e-04
1.594812034078807415e+02 6.901936729342099527e-04 8.749235519851657986e-04
1.596062034078807415e+02 6.897401994965648769e-04 8.734039435034631014e-04
1.597312034078807415e+02 6.892908816329959467e-04 8.718838484027700755e-04
1.598562034078807415e+02 6.888456650412017913e-04 8.703632803593115870e-04
1.599812034078807415e+02 6.884044956344208656e-04 8.688422530584847441e-04
1.601062034078807415e+02 6.878581533644329829e-04 8.673207801938797538e-04
1.602312034078807415e+02 6.868150649149099441e-04 8.657988754662696625e-04
1.603562034078807415e+02 6.857765595030948166e-04 8.642765525826714371e-04
1.604812034078807415e+02 6.847426193935096921e-04 8.627538252553499081e-04
1.606062034078807415e+02 6.837132268164208609e-04 8.612307072009010769e-04
1.607312034078807415e+02 6.826883639682967790e-04 8.597072121392883683e-04
1.608562034078807415e+02 6.816680130131738376e-04 8.581833537929263716e-04
1.609812034078807415e+02 6.806521560828057661e-04 8.566591458857618704e-04
1.611062034078807415e+02 6.796407752777016472e-04 8.551346021423686427e-04
1.612312034078807415e+02 6.786338526679973988e-04 8.536097362870472471e-04
1.613562034078807415e+02 6.776313702940210768e-04 8.520845620429559272e-04
1.614812034078807415e+02 6.766333101672718014e-04 8.505590931312070370e-04
1.616062034078807415e+02 6.756396542709293320e-04 8.490333432700402283e-04
1.617312034078807415e+02 6.746503845608184651e-04 8.475073261739376335e-04
1.618562034078807415e+02 6.736654829661487855e-04 8.459810555528011729e-04
1.619812034078807415e+02 6.726849313901746199e-04 8.444545451111116477e-04
1.621062034078807415e+02 6.717087117111195365e-04 8.429278085471084321e-04
1.622312034078807415e+02 6.707368057827003396e-04 8.414008595519730698e-04
1.623562034078807415e+02 6.697691954351059958e-04 8.398737118090437688e-04
1.624812034078807415e+02 6.688058624756335188e-04 8.383463789929908663e-04
1.626062034078807415e+02 6.678467886894971089e-04 8.368188747690748002e-04
1.627312034078807415e+02 6.668919558405277895e-04 8.352912127923344757e-04
1.628562034078807415e+02 6.659413456719885096e-04 8.337634067068579223e-04
1.629812034078807415e+02 6.649949399071735994e-04 8.322354701450067642e-04
1.631062034078807415e+02 6.640527202504196806e-04 8.307074167266802634e-04
1.632312034078807415e+02 6.631146683875353354e-04 8.291792600585829419e-04
1.633562034078807415e+02 6.621807659868295809e-04 8.276510137334962139e-04
1.634812034078807415e+02 6.612509946996630774e-04 8.261226913295620540e-04
1.636062034078807415e+02 6.603253361611318263e-04 8.245943064095897579e-04
1.637312034078807415e+02 6.594037719911475777e-04 8.230658725203319126e-04
1.638562034078807415e+02 6.584862837946688736e-04 8.215374031918293209e-04
1.639812034078807415e+02 6.575728531628381593e-04 8.200089119367054034e-04
1.641062034078807415e+02 6.566634616736029230e-04 8.184804122495112312e-04
1.642312034078807415e+02 6.557580908922769868e-04 8.169519176060580914e-04
1.643562034078807415e+02 6.548567223724459244e-04 8.154234414627697849e-04
1.644812034078807415e+02 6.539593376565575175e-04 8.138949972560314541e-04
1.646062034078807415e+02 6.530659182768822502e-04 8.123665984015706124e-04
1.647312034078807415e+02 6.521764457558134167e-04 8.113227354596074491e-04
1.648562034078807415e+02 6.512909016069289882e-04 8.103713076044790492e-04
1.649812034078807415e+02 6.504092673356221856e-04 8.094186080353851787e-04
1.651062034078807415e+02 6.495315244396985491e-04 8.084646421707036065e-04
1.652312034078807415e+02 6.486576544101662137e-04 8.075094154972324145e-04
1.653562034078807415e+02 6.477876387319252442e-04 8.065529335692148659e-04
1.654812034078807415e+02 6.469214588844108930e-04 8.055952020073392289e-04
1.656062034078807415e+02 6.460590963424224726e-04 8.046362264977568145e-04
1.657312034078807415e+02 6.452005325766366163e-04 8.036760127911089053e-04
1.658562034078807415e+02 6.443457490544286705e-04 8.027145667015731997e-04
1.659812034078807415e+02 6.434947272405246253e-04 8.017518941058878129e-04
1.661062034078807415e+02 6.426474485975363846e-04 8.007880009424087802e-04
1.662312034078807415e+02 6.418038945869509928e-04 7.998228932101747153e-04
1.663562034078807415e+02 6.409640466695253926e-04 7.988565769679559659e-04
1.664812034078807415e+02 6.401278863060468841e-04 7.978890583333342335e-04
1.666062034078807415e+02 6.392953949580611672e-04 7.969203434817882662e-04
1.667312034078807415e+02 6.384665540884275608e-04 7.959504386457667575e-04
1.668562034078807415e+02 6.376413451621461411e-04 7.949793501137887835e-04
1.669812034078807415e+02 6.368197496467867605e-04 7.940070842295500952e-04
1.671062034078807415e+02 6.360017490133182448e-04 7.930336473910225802e-04
1.672312034078807415e+02 6.351873247367082831e-04 7.920590460495678187e-04
1.673562034078807415e+02 6.343764582966406268e-04 7.910832867090815401e-04
1.674812034078807415e+02 6.335691311779811886e-04 7.901063759250911327e-04
1.676062034078807415e+02 6.325835942681977322e-04 7.891283203039107250e-04
1.677312034078807415e+02 6.315831910027725317e-04 7.881491265017883524e-04
1.678562034078807415e+02 6.305867133863258525e-04 7.871688012240449922e-04
1.679812034078807415e+02 6.295941494737577289e-04 7.861873512242403784e-04
1.681062034078807415e+02 6.286054872726572988e-04 7.852047833033319862e-04
1.682312034078807415e+02 6.276207147430405350e-04 7.842211043088546159e-04
1.683562034078807415e+02 6.266398197984390014e-04 7.832363211340893526e-04
1.684812034078807415e+02 6.256627903071561173e-04 7.822504407172499799e-04
1.686062034078807415e+02 6.246896140916634744e-04 7.812634700406852250e-04
1.687312034078807415e+02 6.237202789305419919e-04 7.802754161300622451e-04
1.688562034078807415e+02 6.227547725586641712e-04 7.792862860535807986e-04
1.689812034078807415e+02 6.217930826674935522e-04 7.782960869211853544e-04
1.691062034078807415e+02 6.208351969066829359e-04 7.773048258837779619e-04
1.692312034078807415e+02 6.198811028838407391e-04 7.763125101324446723e-04
1.693562034078807415e+02 6.189307881657805368e-04 7.753191468976930196e-04
1.694812034078807415e+02 6.179842402792230837e-04 7.743247434486849471e-04
1.696062034078807415e+02 6.170414467107031807e-04 7.733293070924756978e-04
1.697312034078807415e+02 6.161023949084540189e-04 7.723328451732776410e-04
1.698562034078807415e+02 6.151670722821566198e-04 7.713353650717045835e-04
1.699812034078807415e+02 6.142354662040838860e-04 7.703368742040392824e-04
1.701062034078807415e+02 6.133075640093470400e-04 7.693373800215126679e-04
1.702312034078807415e+02 6.123833529971951491e-04 7.683368900095613810e-04
1.703562034078807415e+02 6.114628204310269431e-04 7.673354116871238017e-04
1.704812034078807415e+02 6.105459535392801854e-04 7.663329526059288119e-04
1.706062034078807415e+02 6.096327395167448586e-04 7.653295203497784875e-04
1.707312034078807415e+02 6.087231655238581080e-04 7.643251225338583291e-04
1.708562034078807415e+02 6.078172186887399395e-04 7.633197668040455405e-04
1.709812034078807415e+02 6.069148861071483334e-04 7.623134608362134050e-04
1.711062034078807415e+02 6.060161548429814473e-04 7.613062123355527917e-04
1.712312034078807415e+02 6.051210119297223151e-04 7.602980290359041783e-04
1.713562034078807415e+02 6.042294443700566660e-04 7.592889186990738450e-04
1.714812034078807415e+02 6.033414391374132503e-04 7.582788891141861720e-04
1.716062034078807415e+02 6.024569831762950634e-04 7.572679480970166384e-04
1.717312034078807415e+02 6.015760634024220265e-04 7.562561034893368556e-04
1.718562034078807415e+02 6.006986667043893828e-04 7.552433631582745627e-04
1.719812034078807415e+02 5.998247799434072713e-04 7.542297349956758991e-04
1.721062034078807415e+02 5.989543899546226954e-04 7.532152269174617132e-04
1.722312034078807415e+02 5.980874835468846839e-04 7.521998468630014360e-04
1.723562034078807415e+02 5.972240475046126972e-04 7.511836027945000731e-04
1.724812034078807415e+02 5.963640685872880279e-04 7.501665026963632958e-04
1.726062034078807415e+02 5.955075335305077535e-04 7.491485545745940828e-04
1.727312034078807415e+02 5.946544290471195713e-04 7.481297664561930476e-04
1.728562034078807415e+02 5.938047418267293530e-04 7.471101463885419618e-04
1.729812034078807415e+02 5.929584585375175096e-04 7.460897024388166588e-04
1.731062034078807415e+02 5.921155658260489297e-04 7.450684426934022159e-04
1.732312034078807415e+02 5.912760503181599663e-04 7.440463752572942574e-04
1.733562034078807415e+02 5.904398986196565538e-04 7.430235082535270380e-04
1.734812034078807415e+02 5.896070973168010152e-04 7.419998498226092242e-04
1.736062034078807415e+02 5.887776329770147334e-04 7.409754081219334376e-04
1.737312034078807415e+02 5.879514921493633316e-04 7.399501913252293835e-04
1.738562034078807415e+02 5.871286613653277581e-04 7.389242076219965961e-04
1.739812034078807415e+02 5.863091271391874431e-04 7.378974652169595187e-04
1.741062034078807415e+02 5.854928759688146937e-04 7.368699723295121752e-04
1.742312034078807415e+02 5.846798943364169389e-04 7.358417371931748763e-04
1.743562034078807415e+02 5.838701687083651002e-04 7.348127680550658883e-04
1.744812034078807415e+02 5.830636855370709961e-04 7.337830731753569461e-04
1.746062034078807415e+02 5.819182631556614948e-04 7.327526608267500175e-04
1.747312034078807415e+02 5.807050534556182321e-04 7.317215392939603559e-04
1.748562034078807415e+02 5.794961373251345362e-04 7.306897168731904448e-04
1.749812034078807415e+02 5.782915112803935481e-04 7.296572018716171708e-04
1.751062034078807415e+02 5.770911717310198748e-04 7.286240026068951502e-04
1.752312034078807415e+02 5.758951149816861608e-04 7.275901274066394562e-04
1.753562034078807415e+02 5.747033372321704416e-04 7.265555846079333911e-04
1.754812034078807415e+02 5.735158345780865712e-04 7.255203825568387523e-04
1.756062034078807415e+02 5.723326030123509307e-04 7.244845296079069656e-04
1.757312034078807415e+02 5.711536384249483490e-04 7.234480341236830623e-04
1.758562034078807415e+02 5.699789366044436976e-04 7.224109044742443517e-04
1.759812034078807415e+02 5.688084932383317624e-04 7.213731490367135055e-04
1.761062034078807415e+02 5.676423039138535397e-04 7.203347761947903995e-04
1.762312034078807415e+02 5.664803641186759225e-04 7.192957943382970740e-04
1.763562034078807415e+02 5.653226692417918052e-04 7.182562118627030699e-04
1.764812034078807415e+02 5.641692145739811946e-04 7.172160371686751596e-04
1.766062034078807415e+02 5.630199953088980145e-04 7.161752786616322822e-04
1.767312034078807415e+02 5.618750065435171217e-04 7.151339447512894193e-04
1.768562034078807415e+02 5.607342432790775625e-04 7.140920438512162165e-04
1.769812034078807415e+02 5.595977004216361661e-04 7.130495843784090491e-04
1.771062034078807415e+02 5.584653727828782022e-04 7.120065747528418363e-04
1.772312034078807415e+02 5.573372550811060656e-04 7.109630233970494918e-04
1.773562034078807415e+02 5.562133419413595138e-04 7.099189387356982534e-04
1.774812034078807415e+02 5.550936278968835683e-04 7.088743291951615441e-04
1.776062034078807415e+02 5.539781073892807370e-04 7.078292032031140461e-04
1.777312034078807415e+02 5.528667747696886740e-04 7.067835691881105969e-04
1.778562034078807415e+02 5.517596242991314615e-04 7.057374355791796137e-04
1.779812034078807415e+02 5.506566501493192090e-04 7.046908108054207457e-04
1.781062034078807415e+02 5.495578464038540110e-04 7.036437032956112001e-04
1.782312034078807415e+02 5.484632070584337772e-04 7.025961214778012271e-04
1.783562034078807415e+02 5.473727260216188720e-04 7.015480737789268418e-04
1.784812034078807415e+02 5.462863971159040649e-04 7.004995686244281858e-04
1.786062034078807415e+02 5.452042140782078312e-04 6.994506144378589974e-04
1.787312034078807415e+02 5.441261705604426421e-04 6.984012196405085500e-04
1.788562034078807415e+02 5.430522601307963835e-04 6.973513926510355176e-04
1.789812034078807415e+02 5.419824762737160927e-04 6.963011418850861183e-04
1.791062034078807415e+02 5.409168123914710529e-04 6.952504757549320992e-04
1.792312034078807415e+02 5.398552618040412289e-04 6.941994026691122996e-04
1.793562034078807415e+02 5.387978177504823855e-04 6.931479310320644554e-04
1.794812034078807415e+02 5.377444733893063178e-04 6.920960692437755444e-04
1.796062034078807415e+02 5.366952217994689928e-04 6.910438256994341907e-04
1.797312034078807415e+02 5.356500559806509241e-04 6.899912087890768897e-04
1.798562034078807415e+02 5.346089688545474809e-04 6.889382268972438824e-04
1.799812034078807415e+02 5.335719532653098330e-04 6.878848884026441367e-04
1.801062034078807415e+02 5.325390019799291922e-04 6.868312016778196786e-04
1.802312034078807415e+02 5.315101076897680308e-04 6.857771750888063452e-04
1.803562034078807415e+02 5.304852630105776458e-04 6.847228169948105844e-04
1.804812034078807415e+02 5.294644604833036129e-04 6.836681357478876630e-04
1.806062034078807415e+02 5.284476925751211990e-04 6.826131396926104437e-04
1.807312034078807415e+02 5.274349516799124119e-04 6.815578371657595195e-04
1.808562034078807415e+02 5.264262301190596356e-04 6.805022364960085788e-04
1.809812034078807415e+02 5.254215201421980671e-04 6.794463460036105282e-04
1.811062034078807415e+02 5.244208139276672863e-04 6.783901740000896881e-04
1.812312034078807415e+02 5.234241035835370199e-04 6.773337287879455885e-04
1.813562034078807415e+02 5.224313811483502533e-04 6.762770186603452721e-04
1.814812034078807415e+02 5.214426385913254348e-04 6.752200519008279582e-04
1.816062034078807415e+02 5.204578678137168233e-04 6.741628367830161022e-04
1.817312034078807415e+02 5.194770606489003580e-04 6.731053815703248299e-04
1.818562034078807415e+02 5.185002088637385596e-04 6.720476945156683354e-04
1.819812034078807415e+02 5.175273041585927826e-04 6.709897838611879632e-04
1.821062034078807415e+02 5.165583381685792631e-04 6.699316578379637017e-04
1.822312034078807415e+02 5.155933024637678530e-04 6.688733246657408565e-04
1.823562034078807415e+02 5.146321885506106733e-04 6.678147925526622519e-04
1.824812034078807415e+02 5.136749878715838940e-04 6.667560696949890488e-04
1.826062034078807415e+02 5.127216918069007730e-04 6.656971642768404283e-04
1.827312034078807415e+02 5.117722916745658665e-04 6.646380844699320816e-04
1.828562034078807415e+02 5.108267787313581837e-04 6.635788384333090630e-04
1.829812034078807415e+02 5.098851441732006823e-04 6.625194343130934955e-04
1.831062034078807415e+02 5.089473791362331958e-04 6.614598802422352051e-04
1.832312034078807415e+02 5.080134746973688454e-04 6.604001843402498850e-04
1.833562034078807415e+02 5.070834218747724987e-04 6.593403547129820901e-04
1.834812034078807415e+02 5.061572116287582721e-04 6.582803994523567367e-04
1.836062034078807415e+02 5.052348348623750002e-04 6.572203266361350497e-04
1.837312034078807415e+02 5.043162824221848013e-04 6.561601443276829761e-04
1.838562034078807415e+02 5.034015450986673761e-04 6.550998605757321191e-04
1.839812034078807415e+02 5.024906136272210520e-04 6.540394834141448994e-04
1.841062034078807415e+02 5.015834786886143532e-04 6.529790208616864395e-04
1.842312034078807415e+02 5.006801309097591449e-04 6.519184809218058797e-04
1.843562034078807415e+02 4.997805608642373392e-04 6.508578715824017572e-04
1.844812034078807415e+02 4.988847590731871218e-04 6.497972008156059241e-04
1.846062034078807415e+02 4.979927160057953965e-04 6.487364765775713695e-04
1.847312034078807415e+02 4.971044220798120222e-04 6.476757068082478978e-04
1.848562034078807415e+02 4.962198676626590607e-04 6.466148994311766724e-04
1.849812034078807415e+02 4.953390430715249931e-04 6.455540623532800976e-04
1.851062034078807415e+02 4.944619385745556081e-04 6.444932034646534344e-04
1.852312034078807415e+02 4.935885443910901409e-04 6.434323306383630311e-04
1.853562034078807415e+02 4.927188506923565721e-04 6.423714517302434686e-04
1.854812034078807415e+02 4.918528476023757440e-04 6.413105745787059820e-04
1.856062034078807415e+02 4.909905251984417705e-04 6.402497070045308361e-04
1.857312034078807415e+02 4.901318735117325513e-04 6.391888568106900582e-04
1.858562034078807415e+02 4.892768825278590288e-04 6.381280317821453425e-04
1.859812034078807415e+02 4.884255421877749422e-04 6.370672396856650373e-04
1.861062034078807415e+02 4.875778423880918963e-04 6.360064882696379873e-04
1.862312034078807415e+02 4.867337729820155165e-04 6.349457852638972421e-04
1.863562034078807415e+02 4.858933237796848035e-04 6.338851383795320558e-04
1.864812034078807415e+02 4.850564845490045840e-04 6.328245553087154989e-04
1.866062034078807415e+02 4.842232450161353531e-04 6.317640437245326118e-04
1.867312034078807415e+02 4.833935948662981862e-04 6.307036112808030301e-04
1.868562034078807415e+02 4.825675237440379289e-04 6.296432656119132576e-04
1.869812034078807415e+02 4.817450212542695605e-04 6.285830143326543622e-04
1.871062034078807415e+02 4.809260769625672968e-04 6.275228650380514301e-04
1.872312034078807415e+02 4.801106803958852588e-04 6.264628253032044052e-04
1.873562034078807415e+02 4.792988210432588434e-04 6.254029026831300127e-04
1.874812034078807415e+02 4.784904883561987769e-04 6.243431047126014053e-04
1.876062034078807415e+02 4.776856717495003629e-04 6.232834389059943147e-04
1.877312034078807415e+02 4.768843606017437336e-04 6.222239127571381912e-04
1.878562034078807415e+02 4.760865442557931249e-04 6.211645337391658245e-04
1.879812034078807415e+02 4.752922120195692077e-04 6.201053093043558092e-04
1.881062034078807415e+02 4.745013531666347198e-04 6.190462468840036330e-04
1.882312034078807415e+02 4.737139569365958372e-04 6.179873538882640341e-04
1.883562034078807415e+02 4.729300125359203679e-04 6.169286377060186196e-04
1.884812034078807415e+02 4.721495091383615117e-04 6.158701057047361125e-04
1.886062034078807415e+02 4.713724358854487332e-04 6.148117652303336815e-04
1.887312034078807415e+02 4.705987818875448587e-04 6.137536236070436930e-04
1.888562034078807415e+02 4.698285362237363005e-04 6.126956881372864257e-04
1.889812034078807415e+02 4.690616879429356911e-04 6.117467460313461090e-04
1.891062034078807415e+02 4.682982260641581915e-04 6.112961286537879234e-04
1.892312034078807415e+02 4.675381395773526411e-04 6.108435028025408333e-04
1.893562034078807415e+02 4.667814174436170967e-04 6.103888666347461823e-04
1.894812034078807415e+02 4.660280485960873365e-04 6.099322184446143809e-04
1.896062034078807415e+02 4.652780219403014226e-04 6.094735566621983488e-04
1.897312034078807415e+02 4.645313263548940248e-04 6.090128798525617148e-04
1.898562034078807415e+02 4.637879506920118320e-04 6.085501867146529817e-04
1.899812034078807415e+02 4.630478837778737597e-04 6.080854760804784960e-04
1.901062034078807415e+02 4.623111144135232781e-04 6.076187469138545324e-04
1.902312034078807415e+02 4.615776313751918363e-04 6.071499983098544578e-04
1.903562034078807415e+02 4.608474234146900969e-04 6.066792294933255440e-04
1.904812034078807415e+02 4.601204792602872780e-04 6.062064398183812349e-04
1.906062034078807415e+02 4.593967876171639706e-04 6.057316287670135848e-04
1.907312034078807415e+02 4.586763371676239368e-04 6.052547959484883824e-04
1.908562034078807415e+02 4.579591165722612543e-04 6.047759410980264351e-04
1.909812034078807415e+02 4.572451144697508478e-04 6.042950640761486029e-04
1.911062034078807415e+02 4.565343194779143145e-04 6.038121648674370972e-04
1.912312034078807415e+02 4.558267201940378118e-04 6.033272435797803340e-04
1.913562034078807415e+02 4.551223051953472089e-04 6.028403004432607596e-04
1.914812034078807415e+02 4.544210630397014345e-04 6.023513358092807664e-04
1.916062034078807415e+02 4.537229822659120991e-04 6.018603501494862971e-04
1.917312034078807415e+02 4.530280513943977573e-04 6.013673440550212392e-04
1.918562034078807415e+02 4.523362589275512890e-04 6.008723182352533783e-04
1.919812034078807415e+02 4.516475933505380356e-04 6.003752735172161433e-04
1.921062034078807415e+02 4.509620431313463235e-04 5.998762108441881924e-04
1.922312034078807415e+02 4.502795967217326171e-04 5.993751312752381571e-04
1.923562034078807415e+02 4.496002425573952625e-04 5.988720359837946877e-04
1.924812034078807415e+02 4.489239690587853082e-04 5.983669262570930764e-04
1.926062034078807415e+02 4.482507646311691715e-04 5.978598034949862130e-04
1.927312034078807415e+02 4.475806176656068063e-04 5.973506692091105083e-04
1.928562034078807415e+02 4.469135165389775607e-04 5.968395250218823563e-04
1.929812034078807415e+02 4.462494496148701451e-04 5.963263726656648162e-04
1.931062034078807415e+02 4.455884052438144880e-04 5.958112139816066494e-04
1.932312034078807415e+02 4.449303717637524973e-04 5.952940509190747390e-04
1.933562034078807415e+02 4.442753375007340634e-04 5.947748855342564452e-04
1.934812034078807415e+02 4.436232907691322735e-04 5.942537199897290684e-04
1.936062034078807415e+02 4.429742198722282846e-04 5.937305565530806356e-04
1.937312034078807415e+02 4.423281131026778556e-04 5.932053975963448144e-04
1.938562034078807415e+02 4.416849587431272281e-04 5.926782455947830286e-04
1.939812034078807415e+02 4.410447450662146446e-04 5.921491031262232033e-04
1.941062034078807415e+02 4.404074603356111285e-04 5.916179728699269905e-04
1.942312034078807415e+02 4.397730928061016902e-04 5.910848576058730028e-04
1.943562034078807415e+02 4.391416307240970712e-04 5.905497602136408446e-04
1.944812034078807415e+02 4.385130623281926500e-04 5.900126836717133191e-04
1.946062034078807415e+02 4.378873758494855172e-04 5.894736310563380164e-04
1.947312034078807415e+02 4.372645595121389108e-04 5.889326055409036800e-04
1.948562034078807415e+02 4.366446015337268846e-04 5.883896103947075778e-04
1.949812034078807415e+02 4.360274901257009481e-04 5.878446489824388794e-04
1.951062034078807415e+02 4.354132134939162849e-04 5.872977247628725179e-04
1.952312034078807415e+02 4.348017598390144754e-04 5.867488412883430267e-04
1.953562034078807415e+02 4.341931173565438977e-04 5.861980022035922491e-04
1.954812034078807415e+02 4.335872742379776306e-04 5.856452112450586441e-04
1.956062034078807415e+02 4.329842186707637069e-04 5.850904722398836150e-04
1.957312034078807415e+02 4.323839388386914104e-04 5.845337891050730959e-04
1.958562034078807415e+02 4.317864229226279376e-04 5.839751658466000488e-04
1.959812034078807415e+02 4.311916591005589467e-04 5.834146065586209113e-04
1.961062034078807415e+02 4.305996355482528482e-04 5.828521154223725289e-04
1.962312034078807415e+02 4.300103404396672722e-04 5.822876967056478349e-04
1.963562034078807415e+02 4.294237619471720892e-04 5.817213547615466326e-04
1.964812034078807415e+02 4.288398882421958110e-04 5.811530940279861866e-04
1.966062034078807415e+02 4.282587074954443285e-04 5.805829190265169486e-04
1.967312034078807415e+02 4.276802078773167038e-04 5.800108343616882994e-04
1.968562034078807415e+02 4.271043775584277007e-04 5.794368447200720076e-04
1.969812034078807415e+02 4.265312047099801000e-04 5.788609548695118536e-04
1.971062034078807415e+02 4.259606775038609770e-04 5.782831696581318013e-04
1.972312034078807415e+02 4.253927841135293373e-04 5.777034940136801643e-04
1.973562034078807415e+02 4.248275127140236523e-04 5.771219329424816160e-04
1.974812034078807415e+02 4.242648514825014122e-04 5.765384915288133396e-04
1.976062034078807415e+02 4.237047885984932634e-04 5.759531749338379567e-04
1.977312034078807415e+02 4.231473122445369951e-04 5.753659883950270563e-04
1.978562034078807415e+02 4.225924106061415986e-04 5.747769372250635493e-04
1.979812034078807415e+02 4.220400718726037255e-04 5.741860268113078069e-04
1.981062034078807415e+02 4.214902842370255769e-04 5.735932626146558874e-04
1.982312034078807415e+02 4.209430358970212612e-04 5.729986501690239979e-04
1.983562034078807415e+02 4.203983150547549040e-04 5.724021950802946502e-04
1.984812034078807415e+02 4.198561099173146976e-04 5.718039030256853294e-04
1.986062034078807415e+02 4.193164086975233965e-04 5.712037797528015520e-04
1.987312034078807415e+02 4.187791996136583763e-04 5.706018310789317009e-04
1.988562034078807415e+02 4.182444708902335602e-04 5.699980628901624245e-04
1.989812034078807415e+02 4.177122107582124651e-04 5.693924811406618708e-04
1.991062034078807415e+02 4.171824074553637652e-04 5.687850918517739452e-04
1.992312034078807415e+02 4.166550492266011901e-04 5.681759011114199389e-04
1.993562034078807415e+02 4.161301243243424488e-04 5.675649150730144353e-04
1.994812034078807415e+02 4.156076210088168192e-04 5.669521399550350987e-04
1.996062034078807415e+02 4.150875275484992616e-04 5.663375820399028015e-04
1.997312034078807415e+02 4.145698322203037866e-04 5.657212476734504742e-04
1.998562034078807415e+02 4.140545233098974400e-04 5.651031432640096644e-04
1.999812034078807415e+02 4.135415891123311459e-04 5.644832752817135037e-04
2.001062034078807415e+02 4.130310179319320453e-04 5.638616502576592696e-04
2.002312034078807415e+02 4.125227980829870313e-04 5.632382747832542867e-04
2.003562034078807415e+02 4.120169178897772270e-04 5.626131555092989079e-04
2.004812034078807415e+02 4.115133656871448604e-04 5.619862991454013714e-04
2.006062034078807415e+02 4.110121298206712362e-04 5.613577124590358449e-04
2.007312034078807415e+02 4.105131986470231384e-04 5.607274022750158293e-04
2.008562034078807415e+02 4.100165605341943363e-04 5.600953754745009207e-04
2.009812034078807415e+02 4.095222038620212855e-04 5.594616389944940659e-04
2.011062034078807415e+02 4.090301170221663225e-04 5.588261998268787912e-04
2.012312034078807415e+02 4.085402884186613379e-04 5.581890650178842565e-04
2.013562034078807415e+02 4.080527064682575402e-04 5.575502416671657439e-04
2.014812034078807415e+02 4.075673596003825754e-04 5.569097369272422819e-04
2.016062034078807415e+02 4.070842362578649910e-04 5.562675580026548708e-04
2.017312034078807415e+02 4.063220160771644244e-04 5.556237121492994813e-04
2.018562034078807415e+02 4.052183719956252710e-04 5.549782066736849186e-04
2.019812034078807415e+02 4.041168435633193403e-04 5.543310489322404505e-04
2.021062034078807415e+02 4.030174313349929312e-04 5.536822463305406030e-04
2.022312034078807415e+02 4.019201358350466620e-04 5.530318063227637098e-04
2.023562034078807415e+02 4.008249575576923007e-04 5.523797364107017101e-04
2.024812034078807415e+02 3.997318969671046071e-04 5.517260441433999773e-04
2.026062034078807415e+02 3.986409544975843969e-04 5.510707371161614786e-04
2.027312034078807415e+02 3.975521305537023072e-04 5.504138229700518371e-04
2.028562034078807415e+02 3.964654255104615890e-04 5.497553093911012505e-04
2.029812034078807415e+02 3.953808397134492996e-04 5.490952041096790149e-04
2.031062034078807415e+02 3.942983734789920480e-04 5.484335148997613631e-04
2.032312034078807415e+02 3.932180270943063738e-04 5.477702495783355868e-04
2.033562034078807415e+02 3.921398008176566071e-04 5.471054160045595634e-04
2.034812034078807415e+02 3.910636948785076866e-04 5.464390220793313279e-04
2.036062034078807415e+02 3.899897094776773820e-04 5.457710757443633804e-04
2.037312034078807415e+02 3.889178447874874311e-04 5.451015849817453197e-04
2.038562034078807415e+02 3.878481009519244363e-04 5.444305578130834199e-04
2.039812034078807415e+02 3.867804780867826532e-04 5.437580022990371343e-04
2.041062034078807415e+02 3.857149762798210918e-04 5.430839265384678882e-04
2.042312034078807415e+02 3.846515955909205094e-04 5.424083386679807864e-04
2.043562034078807415e+02 3.835903360522255486e-04 5.417312468611041980e-04
2.044812034078807415e+02 3.825311976683054170e-04 5.410526593277969858e-04
2.046062034078807415e+02 3.814741804163008501e-04 5.403725843136969378e-04
2.047312034078807415e+02 3.804192842460776347e-04 5.396910300995627283e-04
2.048562034078807415e+02 3.793665090803751447e-04 5.390080050005488033e-04
2.049812034078807415e+02 3.783158548149601346e-04 5.383235173657241034e-04
2.051062034078807415e+02 3.772673213187765768e-04 5.376375755772621647e-04
2.052312034078807415e+02 3.762209084340954984e-04 5.369501880500371447e-04
2.053562034078807415e+02 3.751766159766627032e-04 5.362613632307451856e-04
2.054812034078807415e+02 3.741344437358566318e-04 5.355711095975706961e-04
2.056062034078807415e+02 3.730943914748271399e-04 5.348794356593273387e-04
2.057312034078807415e+02 3.720564589306528153e-04 5.341863499550521038e-04
2.058562034078807415e+02 3.710206458144869120e-04 5.334918610532260940e-04
2.059812034078807415e+02 3.699869518117077831e-04 5.327959775513409517e-04
2.061062034078807415e+02 3.689553765820625377e-04 5.320987080751673473e-04
2.062312034078807415e+02 3.679259197598240875e-04 5.314000612782699079e-04
2.063562034078807415e+02 3.668985809539291655e-04 5.307000458413057382e-04
2.064812034078807415e+02 3.658733597481340720e-04 5.299986704715710069e-04
2.066062034078807415e+02 3.648502557011543742e-04 5.292959439022730138e-04
2.067312034078807415e+02 3.638292683468215727e-04 5.285918748921366239e-04
2.068562034078807415e+02 3.628103971942193864e-04 5.278864722246014163e-04
2.069812034078807415e+02 3.617936417278375463e-04 5.271797447074886168e-04
2.071062034078807415e+02 3.607790014077148018e-04 5.264717011722560343e-04
2.072312034078807415e+02 3.597664756695861553e-04 5.257623504734737409e-04
2.073562034078807415e+02 3.587560639250244048e-04 5.250517014883839938e-04
2.074812034078807415e+02 3.577477655615935045e-04 5.243397631161394751e-04
2.076062034078807415e+02 3.567415799429833308e-04 5.236265442774706586e-04
2.077312034078807415e+02 3.557375064091621757e-04 5.229120539139400954e-04
2.078562034078807415e+02 3.547355442765147654e-04 5.221963009875275983e-04
2.079812034078807415e+02 3.537356928379939945e-04 5.214792944800302442e-04
2.081062034078807415e+02 3.527379513632548252e-04 5.207610433925663517e-04
2.082312034078807415e+02 3.517423190988046115e-04 5.200415567449789530e-04
2.083562034078807415e+02 3.507487952681436665e-04 5.193208435753949572e-04
2.084812034078807415e+02 3.497573790719075092e-04 5.185989129395616190e-04
2.086062034078807415e+02 3.487680696880071608e-04 5.178757739104873420e-04
2.087312034078807415e+02 3.477808662717773005e-04 5.171514355777641608e-04
2.088562034078807415e+02 3.467957679561091346e-04 5.164259070472098463e-04
2.089812034078807415e+02 3.458127738515980650e-04 5.156991974401807380e-04
2.091062034078807415e+02 3.448318830466820875e-04 5.149713158932242574e-04
2.092312034078807415e+02 3.438530946077823043e-04 5.142422715574313137e-04
2.093562034078807415e+02 3.428764075794412682e-04 5.135120735980631219e-04
2.094812034078807415e+02 3.419018209844666939e-04 5.127807311939479524e-04
2.096062034078807415e+02 3.409293338240675249e-04 5.120482535370575331e-04
2.097312034078807415e+02 3.399589450779945008e-04 5.113146498319635393e-04
2.098562034078807415e+02 3.389906537046754654e-04 5.105799292953782167e-04
2.099812034078807415e+02 3.380244586413611919e-04 5.098441011556251829e-04
2.101062034078807415e+02 3.370603588042534815e-04 5.091071746522756770e-04
2.102312034078807415e+02 3.360983530886499588e-04 5.083691590354848114e-04
2.103562034078807415e+02 3.351384403690786207e-04 5.076300635657291947e-04
2.104812034078807415e+02 3.341806194994345006e-04 5.068898975130897320e-04
2.106062034078807415e+02 3.332248893131150853e-04 5.061486701570570108e-04
2.107312034078807415e+02 3.322712486231590382e-04 5.054063907858208230e-04
2.108562034078807415e+02 3.313196962223802070e-04 5.046630686959856704e-04
2.109812034078807415e+02 3.303702308835008180e-04 5.039187131920068712e-04
2.111062034078807415e+02 3.294228513592905791e-04 5.031733335857815990e-04
2.112312034078807415e+02 3.284775563826978682e-04 5.024269391961733514e-04
2.113562034078807415e+02 3.275343446669859090e-04 5.016795393486254322e-04
2.114812034078807415e+02 3.265932149058626047e-04 5.009311433746007442e-04
2.116062034078807415e+02 3.256541657736207788e-04 5.001817606112970776e-04
2.117312034078807415e+02 3.247171959252631839e-04 4.994314004010132852e-04
2.118562034078807415e+02 3.237823039966402500e-04 4.986800720909387308e-04
2.119812034078807415e+02 3.228494886045808927e-04 4.979277850325099231e-04
2.121062034078807415e+02 3.219187483470239736e-04 4.971745485811685222e-04
2.122312034078807415e+02 3.209900818031479700e-04 4.964203720957742439e-04
2.123562034078807415e+02 3.200634875335053083e-04 4.956652649383187391e-04
2.124812034078807415e+02 3.191389640801505162e-04 4.949092364733899971e-04
2.126062034078807415e+02 3.182165099667714115e-04 4.941522960678708300e-04
2.127312034078807415e+02 3.172961236988158448e-04 4.933944530904334170e-04
2.128562034078807415e+02 3.163778037636278220e-04 4.926357169112126344e-04
2.129812034078807415e+02 3.154615486305674160e-04 4.918760969013074311e-04
2.131062034078807415e+02 3.145473567511464013e-04 4.911156024324869014e-04
2.132312034078807415e+02 3.136352265591532077e-04 4.903542428766770236e-04
2.133562034078807415e+02 3.127251564707815069e-04 4.895920276057053305e-04
2.134812034078807415e+02 3.118171448847549499e-04 4.888289659907426535e-04
2.136062034078807415e+02 3.109111901824601447e-04 4.880650674020992389e-04
2.137312034078807415e+02 3.100072907280649421e-04 4.873003412086372179e-04
2.138562034078807415e+02 3.091054448686513054e-04 4.865347967775790288e-04
2.139812034078807415e+02 3.082056509343355480e-04 4.857684434739986548e-04
2.141062034078807415e+02 3.073079072384000640e-04 4.850012906605217881e-04
2.142312034078807415e+02 3.064122120774100426e-04 4.842333476968929619e-04
2.143562034078807415e+02 3.055185637313444940e-04 4.834646239396841170e-04
2.144812034078807415e+02 3.046269604637166502e-04 4.826951287417973325e-04
2.146062034078807415e+02 3.037374005216992440e-04 4.819248714522842520e-04
2.147312034078807415e+02 3.028498821362446392e-04 4.811538614158051208e-04
2.148562034078807415e+02 3.019644035222131999e-04 4.803821079724272867e-04
2.149812034078807415e+02 3.010809628784884328e-04 4.796096204571344908e-04
2.151062034078807415e+02 3.001995583881045433e-04 4.788364081995883964e-04
2.152312034078807415e+02 2.993201882183649937e-04 4.780624805236897046e-04
2.153562034078807415e+02 2.984428505209644209e-04 4.772878467473275947e-04
2.154812034078807415e+02 2.975675434321079535e-04 4.765125161819445802e-04
2.156062034078807415e+02 2.966942650726331300e-04 4.757364981322899605e-04
2.157312034078807415e+02 2.958230135481288900e-04 4.749598018959689562e-04
2.158562034078807415e+02 2.949537869490544573e-04 4.741824367632538405e-04
2.159812034078807415e+02 2.940865833508572464e-04 4.734044120166103057e-04
2.161062034078807415e+02 2.932214008140954860e-04 4.726257369305103843e-04
2.162312034078807415e+02 2.923582373845497835e-04 4.718464207709693317e-04
2.163562034078807415e+02 2.914970910933460191e-04 4.710664727953729671e-04
2.164812034078807415e+02 2.906379599570702715e-04 4.702859022519940654e-04
2.166062034078807415e+02 2.897808419778861826e-04 4.695047183798395926e-04
2.167312034078807415e+02 2.889257351436490154e-04 4.687229304082305239e-04
2.168562034078807415e+02 2.880726374280255671e-04 4.679405475565525307e-04
2.169812034078807415e+02 2.872215467906066551e-04 4.671575790339102291e-04
2.171062034078807415e+02 2.863724611770217710e-04 4.663740340388476723e-04
2.172312034078807415e+02 2.855253785190557951e-04 4.655899217590388651e-04
2.173562034078807415e+02 2.846802967347616454e-04 4.648052513710204539e-04
2.174812034078807415e+02 2.838372137285749856e-04 4.640200320398266218e-04
2.176062034078807415e+02 2.829961273914243804e-04 4.632342729188161580e-04
2.177312034078807415e+02 2.821570356008501240e-04 4.624479831492181231e-04
2.178562034078807415e+02 2.813199362211098956e-04 4.616611718600360597e-04
2.179812034078807415e+02 2.804848271032953110e-04 4.608738481675995124e-04
2.181062034078807415e+02 2.796517060854419152e-04 4.600860211754068184e-04
2.182312034078807415e+02 2.788205709926408547e-04 4.592976999737654773e-04
2.183562034078807415e+02 2.779914196371469732e-04 4.585088936395633310e-04
2.184812034078807415e+02 2.771642498184931943e-04 4.577196112359705697e-04
2.186062034078807415e+02 2.763390593235976410e-04 4.569298618122137850e-04
2.187312034078807415e+02 2.755158459268736821e-04 4.561396544032478360e-04
2.188562034078807415e+02 2.746946073903371054e-04 4.553489980295596625e-04
2.189812034078807415e+02 2.738753414637195259e-04 4.545579016968370615e-04
2.191062034078807415e+02 2.730580458845698662e-04 4.537663743957865412e-04
2.192312034078807415e+02 2.722427183783672228e-04 4.529744251018004170e-04
2.193562034078807415e+02 2.714293566586253284e-04 4.521820627747988970e-04
2.194812034078807415e+02 2.706179584270009182e-04 4.513892963588719159e-04
2.196062034078807415e+02 2.698085213733972709e-04 4.505961347821368338e-04
2.197312034078807415e+02 2.690010431760752317e-04 4.498025869563934969e-04
2.198562034078807415e+02 2.681955215017522531e-04 4.490086617769817193e-04
2.199812034078807415e+02 2.673919540057129304e-04 4.482143681224631782e-04
2.201062034078807415e+02 2.665903383319092896e-04 4.474197148544454476e-04
2.202312034078807415e+02 2.657906721130696959e-04 4.466247108172998349e-04
2.203562034078807415e+02 2.649929529707972450e-04 4.458293648379560870e-04
2.204812034078807415e+02 2.641971785156770991e-04 4.450336857256525364e-04
2.206062034078807415e+02 2.634033463473776427e-04 4.442376822717774274e-04
2.207312034078807415e+02 2.626114540547533197e-04 4.434413632495275018e-04
2.208562034078807415e+02 2.618214992159451928e-04 4.426447374138231593e-04
2.209812034078807415e+02 2.610334793984865989e-04 4.418478135009706745e-04
2.211062034078807415e+02 2.602473921593983423e-04 4.410506002285160469e-04
2.212312034078807415e+02 2.594632350452952176e-04 4.402531062950098910e-04
2.213562034078807415e+02 2.586810055924808772e-04 4.394553403798204120e-04
2.214812034078807415e+02 2.579007013270537578e-04 4.386573111428760155e-04
2.216062034078807415e+02 2.571223197650000509e-04 4.378590272245261512e-04
2.217312034078807415e+02 2.563458584122972985e-04 4.370604972452537271e-04
2.218562034078807415e+02 2.555713147650114829e-04 4.362617298055705391e-04
2.219812034078807415e+02 2.547986863093949848e-04 4.354627334857304991e-04
2.221062034078807415e+02 2.540279705219829686e-04 4.346635168456168237e-04
2.222312034078807415e+02 2.532591648696949724e-04 4.338640884244631237e-04
2.223562034078807415e+02 2.524922668099257640e-04 4.330644567407382611e-04
2.224812034078807415e+02 2.517272737906464425e-04 4.322646302918949231e-04
2.226062034078807415e+02 2.509641832504987103e-04 4.314646175542450474e-04
2.227312034078807415e+02 2.502029926188904991e-04 4.306644269827156592e-04
2.228562034078807415e+02 2.494436993160901875e-04 4.298640670107231046e-04
2.229812034078807415e+02 2.486863007533233116e-04 4.290635460499451505e-04
2.231062034078807415e+02 2.479307943328651559e-04 4.282628724901722328e-04
2.232312034078807415e+02 2.471771774481358380e-04 4.274620546991181541e-04
2.233562034078807415e+02 2.464254474837914897e-04 4.266611010222823904e-04
2.234812034078807415e+02 2.456756018158215101e-04 4.258600197827128674e-04
2.236062034078807415e+02 2.449276378116361694e-04 4.250588192809345118e-04
2.237312034078807415e+02 2.441815528301610424e-04 4.242575077946517462e-04
2.238562034078807415e+02 2.434373442219312260e-04 4.234560935787418210e-04
2.239812034078807415e+02 2.426950093291773433e-04 4.226545848649545991e-04
2.241062034078807415e+02 2.419545454859212249e-04 4.218529898618511901e-04
2.242312034078807415e+02 2.412159500180634578e-04 4.210513167545881395e-04
2.243562034078807415e+02 2.404792202434752986e-04 4.202495737047904148e-04
2.244812034078807415e+02 2.397443534720861147e-04 4.194477688503873655e-04
2.246062034078807415e+02 2.390113470059750805e-04 4.186459103054887445e-04
2.247312034078807415e+02 2.382801981394585102e-04 4.178440061601832638e-04
2.248562034078807415e+02 2.375509041591786804e-04 4.170420644804769569e-04
2.249812034078807415e+02 2.368234623441904587e-04 4.162400933080305857e-04
2.251062034078807415e+02 2.360978699660523487e-04 4.154381006601571462e-04
2.252312034078807415e+02 2.353741242889088089e-04 4.146360945295538003e-04
2.253562034078807415e+02 2.346522225695809726e-04 4.138340828842772636e-04
2.254812034078807415e+02 2.339321620576511620e-04 4.130320736675052273e-04
2.256062034078807415e+02 2.332139399955490005e-04 4.122300747974992239e-04
2.257312034078807415e+02 2.324975536186363063e-04 4.114280941673774329e-04
2.258562034078807415e+02 2.317830001552935025e-04 4.106261396450802573e-04
2.259812034078807415e+02 2.310702768270031288e-04 4.098242190731730527e-04
2.261062034078807415e+02 2.303593808484352213e-04 4.090223402687687701e-04
2.262312034078807415e+02 2.296503094275285743e-04 4.082205110233569768e-04
2.263562034078807415e+02 2.289430597655786961e-04 4.074187391027368527e-04
2.264812034078807415e+02 2.282376290573155187e-04 4.066170322468404112e-04
2.266062034078807415e+02 2.275340144909898362e-04 4.058153981696919501e-04
2.267312034078807415e+02 2.268322132484540507e-04 4.050138445591962527e-04
2.268562034078807415e+02 2.261322225052446531e-04 4.042123790771337088e-04
2.269812034078807415e+02 2.254340394306612882e-04 4.034110093589303014e-04
2.271062034078807415e+02 2.247376611878523257e-04 4.026097430136655209e-04
2.272312034078807415e+02 2.240430849338901037e-04 4.018085876238765590e-04
2.273562034078807415e+02 2.233503078198554692e-04 4.010075507455135844e-04
2.274812034078807415e+02 2.226593269909136997e-04 4.002066399077884432e-04
2.276062034078807415e+02 2.219701395863986099e-04 3.994058626131255984e-04
2.277312034078807415e+02 2.212827427398862505e-04 3.986052263369794959e-04
2.278562034078807415e+02 2.205971335792774972e-04 3.978047385278513158e-04
2.279812034078807415e+02 2.199133092268743244e-04 3.971704023177341611e-04
2.281062034078807415e+02 2.192312667994584098e-04 3.966994734768951466e-04
2.282312034078807415e+02 2.185510034083667575e-04 3.962282491368244400e-04
2.283562034078807415e+02 2.178725161595722001e-04 3.957567307631004055e-04
2.284812034078807415e+02 2.171958021537559046e-04 3.952849198360322992e-04
2.286062034078807415e+02 2.165208584863855435e-04 3.948128178504532412e-04
2.287312034078807415e+02 2.158476822477926253e-04 3.943404263156452972e-04
2.288562034078807415e+02 2.151762705232447841e-04 3.938677467551376541e-04
2.289812034078807415e+02 2.145066203930235706e-04 3.933947807065870327e-04
2.291062034078807415e+02 2.138387289324950881e-04 3.929215297216697008e-04
2.292312034078807415e+02 2.131725932121900612e-04 3.924479953658650128e-04
2.293562034078807415e+02 2.125082102978731696e-04 3.919741792183690523e-04
2.294812034078807415e+02 2.118455772506179404e-04 3.915000828719498917e-04
2.296062034078807415e+02 2.111846911268790367e-04 3.910257079327770472e-04
2.297312034078807415e+02 2.105255489785668236e-04 3.905510560203244419e-04
2.298562034078807415e+02 2.098681478531173807e-04 3.900761287671665229e-04
2.299812034078807415e+02 2.092124847935674205e-04 3.896009278189242124e-04
2.301062034078807415e+02 2.085585568386209127e-04 3.891254548340518089e-04
2.302312034078807415e+02 2.079063610227253845e-04 3.886497114837297591e-04
2.303562034078807415e+02 2.072558943761402259e-04 3.881736994517473471e-04
2.304812034078807415e+02 2.066071539250064306e-04 3.876974204343125257e-04
2.306062034078807415e+02 2.059601366914183432e-04 3.872208761399784614e-04
2.307312034078807415e+02 2.053148396934919640e-04 3.867440682894539620e-04
2.308562034078807415e+02 2.046712599454362082e-04 3.862669986154910985e-04
2.309812034078807415e+02 2.040293944576173615e-04 3.857896688627687623e-04
2.311062034078807415e+02 2.033892402366325623e-04 3.853120807877133923e-04
2.312312034078807415e+02 2.027507942853756123e-04 3.848342361584185809e-04
2.313562034078807415e+02 2.021140536031053629e-04 3.843561367544626574e-04
2.314812034078807415e+02 2.014790151855101708e-04 3.838777843668058514e-04
2.316062034078807415e+02 2.008456760247803502e-04 3.833991807976487500e-04
2.317312034078807415e+02 2.002140331096705680e-04 3.829203278603020852e-04
2.318562034078807415e+02 1.995840834255678509e-04 3.824412273790532145e-04
2.319812034078807415e+02 1.989558239545552009e-04 3.819618811890552069e-04
2.321062034078807415e+02 1.983292516754815260e-04 3.814822911361416611e-04
2.322312034078807415e+02 1.977043635640227625e-04 3.810024590767793263e-04
2.323562034078807415e+02 1.970811565927485260e-04 3.805223868778674157e-04
2.324812034078807415e+02 1.964596277311853750e-04 3.800420764166382941e-04
2.326062034078807415e+02 1.958397739458824860e-04 3.795615295805400045e-04
2.327312034078807415e+02 1.952215922004738599e-04 3.790807482670887621e-04
2.328562034078807415e+02 1.946050794557438620e-04 3.785997343837603718e-04
2.329812034078807415e+02 1.939902326696857414e-04 3.781184898478401747e-04
2.331062034078807415e+02 1.933770487975693131e-04 3.776370165863195062e-04
2.332312034078807415e+02 1.927655247920010220e-04 3.771553165357662430e-04
2.333562034078807415e+02 1.921556576029857702e-04 3.766733916421813083e-04
2.334812034078807415e+02 1.915474441779868185e-04 3.761912438609190919e-04
2.336062034078807415e+02 1.909408814619907308e-04 3.757088751565008586e-04
2.337312034078807415e+02 1.903359663975661374e-04 3.752262875025561472e-04
2.338562034078807415e+02 1.897326959249241252e-04 3.747434828816421427e-04
2.339812034078807415e+02 1.891310669819769199e-04 3.742604632851733652e-04
2.341062034078807415e+02 1.885310765044018004e-04 3.737772307132634312e-04
2.342312034078807415e+02 1.879327214256967717e-04 3.732937871746294265e-04
2.343562034078807415e+02 1.873359986772413623e-04 3.728101346864506351e-04
2.344812034078807415e+02 1.867409051883543573e-04 3.723262752742577874e-04
2.346062034078807415e+02 1.861474378863533217e-04 3.718422109718255621e-04
2.347312034078807415e+02 1.855555936966121712e-04 3.713579438210313144e-04
2.348562034078807415e+02 1.849653695426189059e-04 3.708734758717551665e-04
2.349812034078807415e+02 1.843767623460320975e-04 3.703888091817410136e-04
2.351062034078807415e+02 1.837897690267395446e-04 3.699039458165339104e-04
2.352312034078807415e+02 1.832043865029136750e-04 3.694188878492672972e-04
2.353562034078807415e+02 1.826206116910695783e-04 3.689336373606751963e-04
2.354812034078807415e+02 1.820384415061174807e-04 3.684481964388363413e-04
2.356062034078807415e+02 1.814578728614221054e-04 3.679625671791732005e-04
2.357312034078807415e+02 1.808789026688571808e-04 3.674767516842764991e-04
2.358562034078807415e+02 1.803015278388592712e-04 3.669907520638272108e-04
2.359812034078807415e+02 1.797257452804815799e-04 3.665045704344364213e-04
2.361062034078807415e+02 1.791515519014520090e-04 3.660182089195976231e-04
2.362312034078807415e+02 1.785789446082236553e-04 3.655316696494909632e-04
2.363562034078807415e+02 1.780079203060304577e-04 3.650449547609824295e-04
2.364812034078807415e+02 1.774384758989379102e-04 3.645580663973911812e-04
2.366062034078807415e+02 1.768706082899000099e-04 3.640710067084825560e-04
2.367312034078807415e+02 1.763043143808094826e-04 3.635837778502789305e-04
2.368562034078807415e+02 1.757395910725486319e-04 3.630963819850138046e-04
2.369812034078807415e+02 1.751764352650456364e-04 3.626088212809795795e-04
2.371062034078807415e+02 1.746148438573225797e-04 3.621210979124376769e-04
2.372312034078807415e+02 1.740548137475484954e-04 3.616332140595061081e-04
2.373562034078807415e+02 1.734963418330893212e-04 3.611451719080721406e-04
2.374812034078807415e+02 1.729394250105601848e-04 3.606569736496230546e-04
2.376062034078807415e+02 1.723840601758741932e-04 3.601686214812465769e-04
2.377312034078807415e+02 1.718302442242948807e-04 3.596801176054250444e-04
2.378562034078807415e+02 1.712779740504818537e-04 3.591914642299556077e-04
2.379812034078807415e+02 1.707272465485447030e-04 3.587026635679097897e-04
2.381062034078807415e+02 1.701780586120895972e-04 3.582137178374249394e-04
2.382312034078807415e+02 1.696304071342698608e-04 3.577246292617066717e-04
2.383562034078807415e+02 1.690842890078312396e-04 3.572354000688228145e-04
2.384812034078807415e+02 1.685397011251637525e-04 3.567460324916956567e-04
2.386062034078807415e+02 1.679966403783483939e-04 3.562565287679340053e-04
2.387312034078807415e+02 1.674551036592042961e-04 3.557668911397745301e-04
2.388562034078807415e+02 1.669150878593344829e-04 3.552771218539371853e-04
2.389812034078807415e+02 1.663765898701768269e-04 3.547872231615841181e-04
2.391062034078807415e+02 1.658396065830473637e-04 3.542971973181403963e-04
2.392312034078807415e+02 1.653041348891880506e-04 3.538070465833057171e-04
2.393562034078807415e+02 1.647701716798111377e-04 3.533167732208133353e-04
2.394812034078807415e+02 1.642377138461483639e-04 3.528263794984906154e-04
2.396062034078807415e+02 1.637067582794928607e-04 3.523358676880149242e-04
2.397312034078807415e+02 1.631773018712466409e-04 3.518452400649232253e-04
2.398562034078807415e+02 1.626493415129635055e-04 3.513544989084622970e-04
2.399812034078807415e+02 1.621228740963954475e-04 3.508636465015069292e-04
2.401062034078807415e+02 1.615978965135357495e-04 3.503726851304623450e-04
2.402312034078807415e+02 1.610744056566644922e-04 3.498816170851818015e-04
2.403562034078807415e+02 1.605523984183888063e-04 3.493904446588426112e-04
2.404812034078807415e+02 1.600318716916899261e-04 3.488991701478977867e-04
2.406062034078807415e+02 1.595128223699650944e-04 3.484077958519218128e-04
2.407312034078807415e+02 1.589952473470699821e-04 3.479163240735887457e-04
2.408562034078807415e+02 1.584791435173597514e-04 3.474247571185423798e-04
2.409812034078807415e+02 1.579645077757344039e-04 3.469330972952665770e-04
2.411062034078807415e+02 1.574513370176788948e-04 3.464413469150889532e-04
2.412312034078807415e+02 1.569396281393051467e-04 3.459495082919845292e-04
2.413562034078807415e+02 1.564293780373914597e-04 3.454575837425890119e-04
2.414812034078807415e+02 1.559205836094276689e-04 3.449655755860111194e-04
2.416062034078807415e+02 1.554132417536522779e-04 3.444734861438185944e-04
2.417312034078807415e+02 1.549073493690948785e-04 3.439813177399088590e-04
2.418562034078807415e+02 1.544029033556148568e-04 3.434890727004434206e-04
2.419812034078807415e+02 1.538999006139429718e-04 3.429967533537369036e-04
2.421062034078807415e+02 1.533983380457198454e-04 3.425043620302105373e-04
2.422312034078807415e+02 1.528982125535368361e-04 3.420119010622322360e-04
2.423562034078807415e+02 1.523995210409720619e-04 3.415193727841368192e-04
2.424812034078807415e+02 1.519022604126326573e-04 3.410267795320207182e-04
2.426062034078807415e+02 1.514064275741913647e-04 3.405341236437855069e-04
2.427312034078807415e+02 1.509120194324263249e-04 3.400414074589191093e-04
2.428562034078807415e+02 1.504190328952560696e-04 3.395486333185259407e-04
2.429812034078807415e+02 1.499274648717805857e-04 3.390558035651714875e-04
2.431062034078807415e+02 1.494373122723180697e-04 3.385629205428464196e-04
2.432312034078807415e+02 1.489485720084396218e-04 3.380699865968473283e-04
2.433562034078807415e+02 1.484612409930092809e-04 3.375770040737160116e-04
2.434812034078807415e+02 1.479753161402195313e-04 3.370839753211394012e-04
2.436062034078807415e+02 1.474907943656275698e-04 3.365909026879200191e-04
2.437312034078807415e+02 1.470076725861902171e-04 3.360977885238134550e-04
2.438562034078807415e+02 1.465259477203022167e-04 3.356046351795195846e-04
2.439812034078807415e+02 1.460456166878306859e-04 3.351114450065697582e-04
2.441062034078807415e+02 1.455666764101502710e-04 3.346182203572524785e-04
2.442312034078807415e+02 1.450891238101771369e-04 3.341249635845620642e-04
2.443562034078807415e+02 1.446129558124067515e-04 3.336316770420611724e-04
2.444812034078807415e+02 1.441381693429456530e-04 3.331383630838605247e-04
2.446062034078807415e+02 1.436647613295473911e-04 3.326450240645130885e-04
2.447312034078807415e+02 1.431927287016449717e-04 3.321516623389595964e-04
2.448562034078807415e+02 1.427220683903866359e-04 3.316582802624258716e-04
2.449812034078807415e+02 1.422527773286676536e-04 3.311648801903709495e-04
2.451062034078807415e+02 1.417848524511656420e-04 3.306714644783783860e-04
2.452312034078807415e+02 1.413182906943702996e-04 3.301780354821537097e-04
2.453562034078807415e+02 1.408530889966195371e-04 3.296845955573489439e-04
2.454812034078807415e+02 1.403892442981303232e-04 3.291911470595953494e-04
2.456062034078807415e+02 1.399267535410319966e-04 3.286976923443276754e-04
2.457312034078807415e+02 1.394656136693959731e-04 3.282042337668053013e-04
2.458562034078807415e+02 1.390058216292703588e-04 3.277107736819747058e-04
2.459812034078807415e+02 1.385473743687104162e-04 3.272173144444378082e-04
2.461062034078807415e+02 1.380902688378095181e-04 3.267238584083430059e-04
2.462312034078807415e+02 1.376345019887293970e-04 3.262304079273678275e-04
2.463562034078807415e+02 1.371800707757335383e-04 3.257369653545799377e-04
2.464812034078807415e+02 1.367269721552154510e-04 3.252435330424512864e-04
2.466062034078807415e+02 1.362752030857300282e-04 3.247501133426980804e-04
2.467312034078807415e+02 1.358247605280225769e-04 3.242567086063017083e-04
2.468562034078807415e+02 1.353756414450604220e-04 3.237633211833572779e-04
2.469812034078807415e+02 1.349278428020611229e-04 3.232699534230767599e-04
2.471062034078807415e+02 1.344813615665225331e-04 3.227766076736789959e-04
2.472312034078807415e+02 1.340361947082510977e-04 3.222832862823286036e-04
2.473562034078807415e+02 1.335923391993919674e-04 3.217899915951046973e-04
2.474812034078807415e+02 1.331497920144568078e-04 3.212967259568713803e-04
2.476062034078807415e+02 1.327085501303533715e-04 3.208034917112773110e-04
2.477312034078807415e+02 1.322686105264110851e-04 3.203586141162029569e-04
2.478562034078807415e+02 1.318299701844122197e-04 3.199553298709808678e-04
2.479812034078807415e+02 1.313926260886182377e-04 3.195519591579242045e-04
2.481062034078807415e+02 1.309565752257971954e-04 3.191485033094309718e-04
2.482312034078807415e+02 1.305218145852503873e-04 3.187449636632825093e-04
2.483562034078807415e+02 1.300883411588410509e-04 3.183413415625896609e-04
2.484812034078807415e+02 1.296561519410207393e-04 3.179376383556376797e-04
2.486062034078807415e+02 1.292252439288553423e-04 3.175338553959410883e-04
2.487312034078807415e+02 1.287956141220507821e-04 3.171299940420723752e-04
2.488562034078807415e+02 1.283672595229817988e-04 3.167260556576231259e-04
2.489812034078807415e+02 1.279401771367154772e-04 3.163220416110947356e-04
2.491062034078807415e+02 1.275143639710382985e-04 3.159179532758674548e-04
2.492312034078807415e+02 1.270898170364805611e-04 3.155137920301205384e-04
2.493562034078807415e+02 1.266665333463430523e-04 3.151095592567005146e-04
2.494812034078807415e+02 1.262445099167215244e-04 3.147052563431203720e-04
2.496062034078807415e+02 1.258237437665307365e-04 3.143008846814480495e-04
2.497312034078807415e+02 1.254042319175307737e-04 3.138964456682766203e-04
2.498562034078807415e+02 1.249859713943504117e-04 3.134919407045437729e-04
2.499812034078807415e+02 1.245689592245116737e-04 3.130873711955920922e-04
2.501062034078807415e+02 1.241531924384533853e-04 3.126827385510278965e-04
2.502312034078807415e+02 1.237386680695559747e-04 3.122780441846178048e-04
2.503562034078807415e+02 1.233253831541641606e-04 3.118732895143129145e-04
2.504812034078807415e+02 1.229133347316115901e-04 3.114684759621016204e-04
2.506062034078807415e+02 1.225025198442417367e-04 3.110636049539640792e-04
2.507312034078807415e+02 1.220929355374332709e-04 3.106586779197721910e-04
2.508562034078807415e+02 1.216845788596222593e-04 3.102536962932832027e-04
2.509812034078807415e+02 1.212774468623241462e-04 3.098486615120300412e-04
2.511062034078807415e+02 1.208715366001556147e-04 3.094435750172242774e-04
2.512312034078807415e+02 1.204668451308585602e-04 3.090384382537460423e-04
2.513562034078807415e+02 1.200633695153210164e-04 3.086332526700617373e-04
2.514812034078807415e+02 1.196611068175990961e-04 3.082280197180947419e-04
2.516062034078807415e+02 1.192600541049374424e-04 3.078227408532442253e-04
2.517312034078807415e+02 1.188602084477930132e-04 3.074174175342608427e-04
2.518562034078807415e+02 1.184615669198542447e-04 3.070120512232355132e-04
2.519812034078807415e+02 1.180641265980631279e-04 3.066066433854332664e-04
2.521062034078807415e+02 1.176678845626348877e-04 3.062011954893332491e-04
2.522312034078807415e+02 1.172728378970800864e-04 3.057957090065174864e-04
2.523562034078807415e+02 1.168789836882236653e-04 3.053901854115633830e-04
2.524812034078807415e+02 1.164863190262266287e-04 3.049846261820822664e-04
2.526062034078807415e+02 1.160948410046038924e-04 3.045790327985624488e-04
2.527312034078807415e+02 1.157045467202463205e-04 3.041734067443397911e-04
2.528562034078807415e+02 1.153154332734391700e-04 3.037677495055124844e-04
2.529812034078807415e+02 1.149274977678825147e-04 3.033620625709179024e-04
2.531062034078807415e+02 1.145407373107084839e-04 3.029563474320567614e-04
2.532312034078807415e+02 1.141551490125026754e-04 3.025506055829724488e-04
2.533562034078807415e+02 1.137707299873221532e-04 3.021448385202769350e-04
2.534812034078807415e+02 1.133874773527140554e-04 3.017390477430435466e-04
2.536062034078807415e+02 1.130053882297331851e-04 3.013332347527144291e-04
2.537312034078807415e+02 1.126244597429627457e-04 3.009274010531032034e-04
2.538562034078807415e+02 1.122446890205302112e-04 3.005215481502868709e-04
2.539812034078807415e+02 1.118660731941267334e-04 3.001156775525919899e-04
2.541062034078807415e+02 1.114886093990237161e-04 2.997097907704421283e-04
2.542312034078807415e+02 1.111122947740917488e-04 2.993038893164119110e-04
2.543562034078807415e+02 1.107371264618172080e-04 2.988979747050979460e-04
2.544812034078807415e+02 1.103631016083200247e-04 2.984920484530367499e-04
2.546062034078807415e+02 1.099902173633697983e-04 2.980861120787425865e-04
2.547312034078807415e+02 1.096184708804042010e-04 2.976801671025592027e-04
2.548562034078807415e+02 1.092478593165444278e-04 2.972742150466307714e-04
2.549812034078807415e+02 1.088783798326130721e-04 2.968682574348271899e-04
2.551062034078807415e+02 1.085100295931484777e-04 2.964622957927300941e-04
2.552312034078807415e+02 1.081428057664229946e-04 2.960563316475455799e-04
2.553562034078807415e+02 1.077767055244585094e-04 2.956503665280208826e-04
2.554812034078807415e+02 1.074117260430418688e-04 2.952444019644417743e-04
2.556062034078807415e+02 1.070478645017401123e-04 2.948384394885527129e-04
2.557312034078807415e+02 1.066851180839173857e-04 2.944324806334671783e-04
2.558562034078807415e+02 1.063234839767498898e-04 2.940265269336621431e-04
2.559812034078807415e+02 1.059629593712405575e-04 2.936205799249027746e-04
2.561062034078807415e+02 1.056035414622337584e-04 2.932146411442031870e-04
2.562312034078807415e+02 1.052452274484317924e-04 2.928087121297114613e-04
2.563562034078807415e+02 1.048880145324085366e-04 2.924027944207258545e-04
2.564812034078807415e+02 1.045318999206230664e-04 2.919968895576278501e-04
2.566062034078807415e+02 1.041768808234362701e-04 2.915909990817650097e-04
2.567312034078807415e+02 1.038229544551234397e-04 2.911851245354998710e-04
2.568562034078807415e+02 1.034701180338888665e-04 2.907792674620756149e-04
2.569812034078807415e+02 1.031183687818793671e-04 2.903734294055999648e-04
2.571062034078807415e+02 1.027677039251987030e-04 2.899676119109576922e-04
2.572312034078807415e+02 1.024181206939207400e-04 2.895618165238111039e-04
2.573562034078806846e+02 1.020696163221032041e-04 2.891560447905219258e-04
2.574812034078806846e+02 1.017221880478001093e-04 2.887502982580702040e-04
2.576062034078806846e+02 1.013758331130760690e-04 2.883445784740553352e-04
2.577312034078806846e+02 1.010305487640184659e-04 2.879388869866270030e-04
2.578562034078806846e+02 1.006863322507510998e-04 2.875332253443948637e-04
2.579812034078806846e+02 1.003431808274451515e-04 2.871275950964361358e-04
2.581062034078806846e+02 1.000010917523336295e-04 2.867219977922122790e-04
2.582312034078806846e+02 9.966006228772297131e-05 2.863164349815547371e-04
2.583562034078806846e+02 9.932008970000519993e-05 2.859109082145435072e-04
2.584812034078806846e+02 9.898117125966911819e-05 2.855054190415282815e-04
2.586062034078806846e+02 9.864330424131437637e-05 2.850999690130639921e-04
2.587312034078806846e+02 9.830648592366128416e-05 2.846945596798187614e-04
2.588562034078806846e+02 9.797071358956357717e-05 2.842891925926006825e-04
2.589812034078806846e+02 9.763598452601843225e-05 2.838838693022518924e-04
2.591062034078806846e+02 9.730229602418010131e-05 2.834785913596208707e-04
2.592312034078806846e+02 9.696964537936907287e-05 2.830733603154925626e-04
2.593562034078806846e+02 9.663802989108417440e-05 2.826681777205938546e-04
2.594812034078806846e+02 9.630744686301272325e-05 2.822630451255065125e-04
2.596062034078806846e+02 9.597789360304204620e-05 2.818579640806084178e-04
2.597312034078806846e+02 9.564936742326973882e-05 2.814529361360774713e-04
2.598562034078806846e+02 9.532186564001449386e-05 2.810479628418117407e-04
2.599812034078806846e+02 9.499538557382516794e-05 2.806430457473704267e-04
2.601062034078806846e+02 9.466992454949278908e-05 2.802381864019621530e-04
2.602312034078806846e+02 9.434547989605937936e-05 2.798333863543874499e-04
2.603562034078806846e+02 9.402204894682881055e-05 2.794286471530100764e-04
2.604812034078806846e+02 9.369962903937493559e-05 2.790239703456602019e-04
2.606062034078806846e+02 9.337821751555316246e-05 2.786193574796440005e-04
2.607312034078806846e+02 9.305781172150918198e-05 2.782148101017033735e-04
2.608562034078806846e+02 9.273840900768822424e-05 2.779447714609045109e-04
2.609812034078806846e+02 9.242000672884374574e-05 2.776955938342019216e-04
2.611062034078806846e+02 9.210260224404809520e-05 2.774462014481419536e-04
2.612312034078806846e+02 9.178619291670021146e-05 2.771965945076944370e-04
2.613562034078806846e+02 9.147077611453504242e-05 2.769467732283569677e-04
2.614812034078806846e+02 9.115634920963163596e-05 2.766967378360163463e-04
2.616062034078806846e+02 9.084290957842269441e-05 2.764464885669544328e-04
2.617312034078806846e+02 9.053045460170234019e-05 2.761960256676866004e-04
2.618562034078806846e+02 9.021898166463485720e-05 2.759453493949752339e-04
2.619812034078806846e+02 8.990848815676221243e-05 2.756944600156795134e-04
2.621062034078806846e+02 8.959897147201306841e-05 2.754433578067482045e-04
2.622312034078806846e+02 8.929042900871011514e-05 2.751920430551194779e-04
2.623562034078806846e+02 8.898285816957854041e-05 2.749405160576077188e-04
2.624812034078806846e+02 8.867625636175227751e-05 2.746887771209275417e-04
2.626062034078806846e+02 8.837062099678341068e-05 2.744368265615234085e-04
2.627312034078806846e+02 8.806594949064903272e-05 2.741846647055788981e-04
2.628562034078806846e+02 8.776223926375741134e-05 2.739322918888760310e-04
2.629812034078806846e+02 8.745948774095689321e-05 2.736797084567865962e-04
2.631062034078806846e+02 8.715769235154228719e-05 2.734269147641402577e-04
2.632312034078806846e+02 8.685685052926184386e-05 2.731739111752211932e-04
2.633562034078806846e+02 8.655695971232353039e-05 2.729206980636304011e-04
2.634812034078806846e+02 8.625801734340293161e-05 2.726672758122695452e-04
2.636062034078806846e+02 8.596002086964928091e-05 2.724136448132466297e-04
2.637312034078806846e+02 8.566296774269210098e-05 2.721598054677978819e-04
2.638562034078806846e+02 8.536685541864662480e-05 2.719057581862493176e-04
2.639812034078806846e+02 8.507168135812199496e-05 2.716515033879010024e-04
2.641062034078806846e+02 8.477744302622580372e-05 2.713970415010153424e-04
2.642312034078806846e+02 8.448413789257097769e-05 2.711423729626825344e-04
2.643562034078806846e+02 8.419176343128094138e-05 2.708874982188408951e-04
2.644812034078806846e+02 8.390031712099635277e-05 2.706324177241064242e-04
2.646062034078806846e+02 8.360979644488026686e-05 2.703771319417769248e-04
2.647312034078806846e+02 8.332019889062396319e-05 2.701216413437364846e-04
2.648562034078806846e+02 8.303152195045190615e-05 2.698659464103873883e-04
2.649812034078806846e+02 8.274376312112795197e-05 2.696100476305992146e-04
2.651062034078806846e+02 8.245691990395997018e-05 2.693539455016198225e-04
2.652312034078806846e+02 8.217098980480567116e-05 2.690976405290322550e-04
2.653562034078806846e+02 8.188597033407629244e-05 2.688411332266572146e-04
2.654812034078806846e+02 8.160185900674314457e-05 2.685844241165266091e-04
2.656062034078806846e+02 8.131865334234178531e-05 2.683275137287709027e-04
2.657312034078806846e+02 8.103635086497670880e-05 2.680704026016028532e-04
2.658562034078806846e+02 8.075494910332528932e-05 2.678130912811994423e-04
2.659812034078806846e+02 8.047444559064393418e-05 2.675555803216855041e-04
2.661062034078806846e+02 8.019483786477111945e-05 2.672978702850304549e-04
2.662312034078806846e+02 7.991612346813240441e-05 2.670399617410126230e-04
2.663562034078806846e+02 7.963829994774364351e-05 2.667818552671228629e-04
2.664812034078806846e+02 7.936136485521680037e-05 2.665235514485331139e-04
2.666062034078806846e+02 7.908531574676249570e-05 2.662650508780137291e-04
2.667312034078806846e+02 7.881015018319461512e-05 2.660063541558585032e-04
2.668562034078806846e+02 7.853586572993354823e-05 2.657474618898566458e-04
2.669812034078806846e+02 7.826245995701064742e-05 2.654883746951814338e-04
2.671062034078806846e+02 7.798993043907118225e-05 2.652290931943740568e-04
2.672312034078806846e+02 7.771827475537860857e-05 2.649696180172459847e-04
2.673562034078806846e+02 7.744749048981668267e-05 2.647099498008225892e-04
2.674812034078806846e+02 7.717757523089415048e-05 2.644500891892910478e-04
2.676062034078806846e+02 7.690852657174739027e-05 2.641900368339429356e-04
2.677312034078806846e+02 7.664034211014357045e-05 2.639297933930816881e-04
2.678562034078806846e+02 7.637301944848312965e-05 2.636693595319971229e-04
2.679812034078806846e+02 7.610655619380378824e-05 2.634087359228781612e-04
2.681062034078806846e+02 7.584094995778279812e-05 2.631479232447554197e-04
2.682312034078806846e+02 7.557619835673974802e-05 2.628869221834538843e-04
2.683562034078806846e+02 7.531229901163863708e-05 2.626257334315056872e-04
2.684812034078806846e+02 7.504924954809176442e-05 2.623643576881186639e-04
2.686062034078806846e+02 7.478704759636107082e-05 2.621027956591011105e-04
2.687312034078806846e+02 7.452569079136107965e-05 2.618410480567968392e-04
2.688562034078806846e+02 7.426517677266060446e-05 2.615791156000229459e-04
2.689812034078806846e+02 7.400550318448574411e-05 2.613169990140349523e-04
2.691062034078806846e+02 7.374666767572168522e-05 2.610546990304229401e-04
2.692312034078806846e+02 7.348866789991397616e-05 2.607922163871037981e-04
2.693562034078806846e+02 7.323150151527195581e-05 2.605295518282210970e-04
2.694812034078806846e+02 7.297516618466925499e-05 2.602667061040938061e-04
2.696062034078806846e+02 7.271965957564647989e-05 2.600036799711864777e-04
2.697312034078806846e+02 7.246497936041194389e-05 2.597404741919997432e-04
2.698562034078806846e+02 7.221112321584429675e-05 2.594770895350637530e-04
2.699812034078806846e+02 7.195808882349329712e-05 2.592135267748382137e-04
2.701062034078806846e+02 7.170587386958191315e-05 2.589497866916838187e-04
2.702312034078806846e+02 7.145447604500645804e-05 2.586858700717871136e-04
2.703562034078806846e+02 7.120389304533920568e-05 2.584217777071149053e-04
2.704812034078806846e+02 7.095412257082895984e-05 2.581575103953372835e-04
2.706062034078806846e+02 7.070516232640219260e-05 2.578930689397955825e-04
2.707312034078806846e+02 7.045701002166353223e-05 2.576284541494356490e-04
2.708562034078806846e+02 7.020966337089774184e-05 2.573636668387510292e-04
2.709812034078806846e+02 6.996312009306993626e-05 2.570987078276968838e-04
2.711062034078806846e+02 6.971737791182654425e-05 2.568335779416868977e-04
2.712312034078806846e+02 6.947243455549522719e-05 2.565682780115183617e-04
2.713562034078806846e+02 6.922828775708704746e-05 2.563028088732880383e-04
2.714812034078806846e+02 6.898493525429562822e-05 2.560371713683812656e-04
2.716062034078806846e+02 6.874237478949834601e-05 2.557713663433728072e-04
2.717312034078806846e+02 6.850060410975608680e-05 2.555053946500093418e-04
2.718562034078806846e+02 6.825962096681433022e-05 2.552392571451281484e-04
2.719812034078806846e+02 6.801942311710275650e-05 2.549729546906198642e-04
2.721062034078806846e+02 6.778000832173599190e-05 2.547064881533656002e-04
2.722312034078806846e+02 6.754137434651267353e-05 2.544398584051764433e-04
2.723562034078806846e+02 6.730351896191660139e-05 2.541730663227624479e-04
2.724812034078806846e+02 6.706643994311599290e-05 2.539061127876446528e-04
2.726062034078806846e+02 6.683013506996386243e-05 2.536389986861414206e-04
2.727312034078806846e+02 6.659460212699667959e-05 2.533717249092670644e-04
2.728562034078806846e+02 6.635983890343550760e-05 2.531042923527446415e-04
2.729812034078806846e+02 6.612584319318493269e-05 2.528367019168830049e-04
2.731062034078806846e+02 6.589261279483273883e-05 2.525689545065698104e-04
2.732312034078806846e+02 6.566014551164880996e-05 2.523010510311980074e-04
2.733562034078806846e+02 6.542843915158584828e-05 2.520329924046263740e-04
2.734812034078806846e+02 6.519749152727766662e-05 2.517647795451288849e-04
2.736062034078806846e+02 6.496730045603895808e-05 2.514964133753232623e-04
2.737312034078806846e+02 6.473786375986399495e-05 2.512278948221454431e-04
2.738562034078806846e+02 6.450917926542666940e-05 2.509592248167698356e-04
2.739812034078806846e+02 6.428124480407882649e-05 2.506904042945994537e-04
2.741062034078806846e+02 6.405405821184969499e-05 2.504214341951627545e-04
2.742312034078806846e+02 6.382761732944435592e-05 2.501523154621102234e-04
2.743562034078806846e+02 6.360192000224328178e-05 2.498830490431344143e-04
2.744812034078806846e+02 6.337696408030065603e-05 2.496136358899404047e-04
2.746062034078806846e+02 6.315274741834372258e-05 2.493440769581677335e-04
2.747312034078806846e+02 6.292926787577029211e-05 2.490743732073848714e-04
2.748562034078806846e+02 6.270652331664871497e-05 2.488045256009811801e-04
2.749812034078806846e+02 6.248451160971586185e-05 2.485345351061770498e-04
2.751062034078806846e+02 6.226323062837556526e-05 2.482644026939407949e-04
2.752312034078806846e+02 6.204267825069685767e-05 2.479941293389353115e-04
2.753562034078806846e+02 6.182285235941288733e-05 2.477237160195035486e-04
2.754812034078806846e+02 6.160375084191925131e-05 2.474531637175751589e-04
2.756062034078806846e+02 6.138537159027125786e-05 2.471824734186569032e-04
2.757312034078806846e+02 6.116771250118337080e-05 2.469116461117608764e-04
2.758562034078806846e+02 6.095077147602671582e-05 2.466406827893890034e-04
2.759812034078806846e+02 6.073454642082733222e-05 2.463695844474072172e-04
2.761062034078806846e+02 6.051903524626357761e-05 2.460983520851140892e-04
2.762312034078806846e+02 6.030423586766521987e-05 2.458269867050954377e-04
2.763562034078806846e+02 6.009014620501043527e-05 2.455554893132334891e-04
2.764812034078806846e+02 5.987676418292406020e-05 2.452838609186388445e-04
2.766062034078806846e+02 5.966408773067492810e-05 2.450121025335976789e-04
2.767312034078806846e+02 5.945211478217422282e-05 2.447402151735529846e-04
2.768562034078806846e+02 5.924084327597274103e-05 2.444681998570195154e-04
2.769812034078806846e+02 5.903027115525864924e-05 2.441960576055742459e-04
2.771062034078806846e+02 5.882039636785472590e-05 2.439237894438016461e-04
2.772312034078806846e+02 5.861121686621637592e-05 2.436513963992362457e-04
2.773562034078806846e+02 5.840273060742871689e-05 2.433788795023188872e-04
2.774812034078806846e+02 5.819493555320434295e-05 2.431062397863709211e-04
2.776062034078806846e+02 5.798782966987976717e-05 2.428334782875229199e-04
2.777312034078806846e+02 5.778141092841384278e-05 2.425605960446997164e-04
2.778562034078806846e+02 5.757567730438440203e-05 2.422875940995535893e-04
2.779812034078806846e+02 5.737062677798559324e-05 2.420144734964226030e-04
2.781062034078806846e+02 5.716625733402444515e-05 2.417412352823075140e-04
2.782312034078806846e+02 5.696256696191889503e-05 2.414678805067932204e-04
2.783562034078806846e+02 5.675955365569427185e-05 2.411944102220450216e-04
2.784812034078806846e+02 5.655721541398036213e-05 2.409208254827301489e-04
2.786062034078806846e+02 5.635555024000787270e-05 2.406471273460048367e-04
2.787312034078806846e+02 5.615455614160630302e-05 2.403733168714444182e-04
2.788562034078806846e+02 5.595423113119989291e-05 2.400993951210293937e-04
2.789812034078806846e+02 5.575457322580487142e-05 2.398253631590720300e-04
2.791062034078806846e+02 5.555558044702566889e-05 2.395512220522035668e-04
2.792312034078806846e+02 5.535725082105226067e-05 2.392769728693192749e-04
2.793562034078806846e+02 5.515958237865627753e-05 2.390026166815267935e-04
2.794812034078806846e+02 5.496257315518807151e-05 2.387281545621302745e-04
2.796062034078806846e+02 5.476622119057239952e-05 2.384535875865603696e-04
2.797312034078806846e+02 5.457052452930584148e-05 2.381789168323599729e-04
2.798562034078806846e+02 5.437548122045275499e-05 2.379041433791196031e-04
2.799812034078806846e+02 5.418108931764196166e-05 2.376292683084623325e-04
2.801062034078806846e+02 5.398734687906239679e-05 2.373542927039771089e-04
2.802312034078806846e+02 5.379425196746025656e-05 2.370792176512036850e-04
2.803562034078806846e+02 5.360180265013494581e-05 2.368040442375644492e-04
2.804812034078806846e+02 5.340999699893525624e-05 2.365287735523571616e-04
2.806062034078806846e+02 5.321883309025506346e-05 2.362534066866981146e-04
2.807312034078806846e+02 5.302830900503051489e-05 2.359779447334699285e-04
2.808562034078806846e+02 5.283842282873516433e-05 2.357023887873265118e-04
2.809812034078806846e+02 5.264917265137654325e-05 2.354267399445781630e-04
2.811062034078806846e+02 5.246055656749166129e-05 2.351509993032429614e-04
2.812312034078806846e+02 5.227257267614354361e-05 2.348751679629408140e-04
2.813562034078806846e+02 5.208521908091677890e-05 2.345992470249008005e-04
2.814812034078806846e+02 5.189849388991352137e-05 2.343232375918838969e-04
2.816062034078806846e+02 5.171239521574900485e-05 2.340471407681741123e-04
2.817312034078806846e+02 5.152692117554792428e-05 2.337709576595203213e-04
2.818562034078806846e+02 5.134206989093958393e-05 2.334946893731203264e-04
2.819812034078806846e+02 5.115783948805425850e-05 2.332183370175698459e-04
2.821062034078806846e+02 5.097422809751784667e-05 2.329419017028201764e-04
2.822312034078806846e+02 5.079123385444861172e-05 2.326653845401643146e-04
2.823562034078806846e+02 5.060885489845229584e-05 2.323887866421703600e-04
2.824812034078806846e+02 5.042708937361724123e-05 2.321121091226745767e-04
2.826062034078806846e+02 5.024593542851066313e-05 2.318353530967212737e-04
2.827312034078806846e+02 5.006539121617368962e-05 2.315585196805465963e-04
2.828562034078806846e+02 4.988545489411704513e-05 2.312816099915238012e-04
2.829812034078806846e+02 4.970612462431583272e-05 2.310046251481467764e-04
2.831062034078806846e+02 4.952739857320575292e-05 2.307275662699759396e-04
2.832312034078806846e+02 4.934927491167798765e-05 2.304504344776262849e-04
2.833562034078806846e+02 4.917175181507454495e-05 2.301732308927036043e-04
2.834812034078806846e+02 4.899482746318313607e-05 2.298959566377941071e-04
2.836062034078806846e+02 4.881850004023323853e-05 2.296186128364257402e-04
2.837312034078806846e+02 4.864276773489055309e-05 2.293412006130151985e-04
2.838562034078806846e+02 4.846762874025256531e-05 2.290637210928615276e-04
2.839812034078806846e+02 4.829308125384318553e-05 2.287861754020908565e-04
2.841062034078806846e+02 4.811912347760842560e-05 2.285085646676341450e-04
2.842312034078806846e+02 4.794575361791101855e-05 2.282308900171875011e-04
2.843562034078806846e+02 4.777296988552573616e-05 2.279531525791857270e-04
2.844812034078806846e+02 4.760077049563387312e-05 2.276753534827577041e-04
2.846062034078806846e+02 4.742915366781883565e-05 2.273974938577116476e-04
2.847312034078806846e+02 4.725811762606057820e-05 2.271195748344779965e-04
2.848562034078806846e+02 4.708766059873087362e-05 2.268415975441033961e-04
2.849812034078806846e+02 4.691778081858749913e-05 2.265635631182013124e-04
2.851062034078806846e+02 4.674847652276986561e-05 2.262854726889158201e-04
2.852312034078806846e+02 4.657974595279338654e-05 2.260073273889131186e-04
2.853562034078806846e+02 4.641158735454430095e-05 2.257291283513213856e-04
2.854812034078806846e+02 4.624399897827404909e-05 2.254508767097176860e-04
2.856062034078806846e+02 4.607697907859474590e-05 2.251725735980925991e-04
2.857312034078806846e+02 4.591052591447317724e-05 2.248942201508215689e-04
2.858562034078806846e+02 4.574463774922580579e-05 2.246158175026275806e-04
2.859812034078806846e+02 4.557931285051286893e-05 2.243373667885382799e-04
2.861062034078806846e+02 4.541454949033375051e-05 2.240588691438866783e-04
2.862312034078806846e+02 4.525034594502089582e-05 2.237803257042629329e-04
2.863562034078806846e+02 4.508670049523464128e-05 2.235017376054859674e-04
2.864812034078806846e+02 4.492361142595736650e-05 2.232231059835647932e-04
2.866062034078806846e+02 4.476107702648842568e-05 2.229444319746863123e-04
2.867312034078806846e+02 4.459909559043823867e-05 2.226657167151683712e-04
2.868562034078806846e+02 4.443766541572302583e-05 2.223869613414450428e-04
2.869812034078806846e+02 4.427678480455854676e-05 2.221081669900232312e-04
2.871062034078806846e+02 4.411645206345525528e-05 2.218293347974685775e-04
2.872312034078806846e+02 4.395666550321211268e-05 2.215504659003593804e-04
2.873562034078806846e+02 4.379742343891128870e-05 2.212715614352778421e-04
2.874812034078806846e+02 4.363872418991166988e-05 2.209926225387605467e-04
2.876062034078806846e+02 4.348056607984407548e-05 2.207136503472871037e-04
2.877312034078806846e+02 4.332294743660492170e-05 2.204346459972460225e-04
2.878562034078806846e+02 4.316586659235064483e-05 2.201556106248988523e-04
2.879812034078806846e+02 4.300932188349137895e-05 2.198765453663682832e-04
2.881062034078806846e+02 4.285331165068598220e-05 2.195974513575927993e-04
2.882312034078806846e+02 4.269783423883547732e-05 2.193183297343177069e-04
2.883562034078806846e+02 4.254288799707744772e-05 2.190391816320471589e-04
2.884812034078806846e+02 4.238847127877981005e-05 2.187600081860401969e-04
2.886062034078806846e+02 4.223458244153537288e-05 2.184808105312610409e-04
2.887312034078806846e+02 4.208121984715558223e-05 2.182015898023721776e-04
2.888562034078806846e+02 4.192838186166423316e-05 2.179223471336892573e-04
2.889812034078806846e+02 4.177606685529219107e-05 2.176430836591713904e-04
2.891062034078806846e+02 4.162427320247070355e-05 2.173638005123911150e-04
2.892312034078806846e+02 4.147299928182572864e-05 2.170844988264892129e-04
2.893562034078806846e+02 4.132224347617149734e-05 2.168051797341845484e-04
2.894812034078806846e+02 4.117200417250484873e-05 2.165258443677110225e-04
2.896062034078806846e+02 4.102227976199877211e-05 2.162464938588212044e-04
2.897312034078806846e+02 4.087306863999659980e-05 2.159671293387394400e-04
2.898562034078806846e+02 4.072436920600525795e-05 2.156877519381605239e-04
2.899812034078806846e+02 4.057617986368973711e-05 2.154083627871947030e-04
2.901062034078806846e+02 4.042849902086662772e-05 2.151289630153727182e-04
2.902312034078806846e+02 4.028132508949789264e-05 2.148495537515939522e-04
2.903562034078806846e+02 4.013465648568436203e-05 2.145701361241243970e-04
2.904812034078806846e+02 3.998849162965998022e-05 2.142907112605639108e-04
2.906062034078806846e+02 3.984282894578529378e-05 2.140112802878127972e-04
2.907312034078806846e+02 3.969766686254112245e-05 2.137318443320727272e-04
2.908562034078806846e+02 3.955300381252197265e-05 2.134524045187765912e-04
2.909812034078806846e+02 3.940883823243039282e-05 2.131729619726245757e-04
2.911062034078806846e+02 3.926516856306997355e-05 2.128935178175169157e-04
2.912312034078806846e+02 3.912199324933933025e-05 2.126140731765513740e-04
2.913562034078806846e+02 3.897931074022540146e-05 2.123346291719830443e-04
2.914812034078806846e+02 3.883711948879745181e-05 2.120551869252250020e-04
2.916062034078806846e+02 3.869541795220034322e-05 2.117757475568005446e-04
2.917312034078806846e+02 3.855420459164825330e-05 2.114963121863397497e-04
2.918562034078806846e+02 3.841347787241793294e-05 2.112168819325418534e-04
2.919812034078806846e+02 3.827323626384264161e-05 2.109374579131673621e-04
2.921062034078806846e+02 3.813347823930538459e-05 2.106580412450106228e-04
2.922312034078806846e+02 3.799420227623263819e-05 2.103786330438665105e-04
2.923562034078806846e+02 3.785540685608728887e-05 2.100992344245273657e-04
2.924812034078806846e+02 3.771709046436279208e-05 2.098198465007474595e-04
2.926062034078806846e+02 3.757925159057621986e-05 2.095404703852285467e-04
2.927312034078806846e+02 3.744188872826182334e-05 2.092611071895915950e-04
2.928562034078806846e+02 3.730500037496410067e-05 2.089817580243709036e-04
2.929812034078806846e+02 3.716858503223185420e-05 2.087024239989692439e-04
2.931062034078806846e+02 3.703264120561101442e-05 2.084231062216603805e-04
2.932312034078806846e+02 3.689716740463832450e-05 2.081438057995526150e-04
2.933562034078806846e+02 3.676216214283429298e-05 2.078645238385728208e-04
2.934812034078806846e+02 3.662762393769717641e-05 2.075852614434562521e-04
2.936062034078806846e+02 3.649355131069574913e-05 2.073060197177029041e-04
2.937312034078806846e+02 3.635994278726296740e-05 2.070267997635845880e-04
2.938562034078806846e+02 3.622679689678888151e-05 2.067476026821012374e-04
2.939812034078806846e+02 3.609411217261440153e-05 2.064684295729787671e-04
2.941062034078806846e+02 3.596188715202425007e-05 2.061892815346415340e-04
2.942312034078806846e+02 3.583012037624045700e-05 2.059101596641950990e-04
2.943562034078806846e+02 3.569881039041518345e-05 2.056310650573972781e-04
2.944812034078806846e+02 3.556795574362446729e-05 2.053519988086599860e-04
2.946062034078806846e+02 3.543755498886125033e-05 2.050729620110062741e-04
2.947312034078806846e+02 3.530760668302858856e-05 2.047939557560679461e-04
2.948562034078806846e+02 3.517810938693259121e-05 2.045149811340661768e-04
2.949812034078806846e+02 3.504906166527611892e-05 2.042360392337778485e-04
2.951062034078806846e+02 3.492046208665177699e-05 2.039571311425366349e-04
2.952312034078806846e+02 3.479230922353469872e-05 2.036782579462008815e-04
2.953562034078806846e+02 3.466460165227629089e-05 2.033994207291456909e-04
2.954812034078806846e+02 3.453733795309708480e-05 2.031206205742296382e-04
2.956062034078806846e+02 3.441051671007991938e-05 2.028418585628008963e-04
2.957312034078806846e+02 3.428413651116282609e-05 2.025631357746600478e-04
2.958562034078806846e+02 3.415819594813267277e-05 2.022844532880355823e-04
2.959812034078806846e+02 3.403269361661783176e-05 2.020058121795941962e-04
2.961062034078806846e+02 3.390762811608153912e-05 2.017272135244065046e-04
2.962312034078806846e+02 3.378299804981456275e-05 2.014486583959301282e-04
2.963562034078806846e+02 3.365880202492894111e-05 2.011701478659922912e-04
2.964812034078806846e+02 3.353503865235049543e-05 2.008916830047786819e-04
2.966062034078806846e+02 3.341170654681219578e-05 2.006132648808098436e-04
2.967312034078806846e+02 3.328880432684693755e-05 2.003348945609302785e-04
2.968562034078806846e+02 3.316633061478092782e-05 2.000565731102905314e-04
2.969812034078806846e+02 3.304428403672642799e-05 1.997783015923302219e-04
2.971062034078806846e+02 3.292266322257508593e-05 1.995000810687580137e-04
2.972312034078806846e+02 3.280146680599045498e-05 1.992219125995463834e-04
2.973562034078806846e+02 3.268069342440152941e-05 1.989437972429014252e-04
2.974812034078806846e+02 3.256034171899553447e-05 1.986657360552619570e-04
2.976062034078806846e+02 3.244041033471093327e-05 1.983877300912774834e-04
2.977312034078806846e+02 3.232089792023019653e-05 1.981097804037824461e-04
2.978562034078806846e+02 3.220180312797317539e-05 1.978318880438005611e-04
2.979812034078806846e+02 3.208312461408988466e-05 1.975540540605134302e-04
2.981062034078806846e+02 3.196486103845349620e-05 1.972762795012595390e-04
2.982312034078806846e+02 3.184701106465302734e-05 1.969985654114985861e-04
2.983562034078806846e+02 3.172957335998683560e-05 1.967209128348288035e-04
2.984812034078806846e+02 3.161254659545513777e-05 1.964433228129339659e-04
2.986062034078806846e+02 3.149592944575314553e-05 1.961657963856043704e-04
2.987312034078806846e+02 3.137972058926378094e-05 1.958883345906937935e-04
2.988562034078806846e+02 3.126391870805092732e-05 1.956109384641294656e-04
2.989812034078806846e+02 3.114852248785209731e-05 1.953336090398764282e-04
2.991062034078806846e+02 3.103353061807159562e-05 1.950563473499407861e-04
2.992312034078806846e+02 3.091894179177295674e-05 1.947791544243472649e-04
2.993562034078806846e+02 3.080475470567243970e-05 1.945020312911253870e-04
2.994812034078806846e+02 3.069096806013154710e-05 1.942249789763022074e-04
2.996062034078806846e+02 3.057758055915016073e-05 1.939479985038763206e-04
2.997312034078806846e+02 3.046459091035904704e-05 1.936710908958214647e-04
2.998562034078806846e+02 3.035199782501319269e-05 1.933942571720594170e-04
2.999812034078806846e+02 3.023980001798450310e-05 1.931174983504547354e-04
3.001062034078806846e+02 3.012799620775466030e-05 1.928408154467964623e-04
3.002312034078806846e+02 3.001658511640781471e-05 1.925642094747915926e-04
3.003562034078806846e+02 2.990556546962391051e-05 1.922876814460455579e-04
3.004812034078806846e+02 2.979493599667117757e-05 1.920112323700551521e-04
3.006062034078806846e+02 2.968469543039915188e-05 1.917348632541981230e-04
3.007312034078806846e+02 2.957484250723130297e-05 1.914585751037128978e-04
3.008562034078806846e+02 2.946537596715831866e-05 1.911823689216826455e-04
3.009812034078806846e+02 2.935629455373058337e-05 1.909062457090408599e-04
3.011062034078806846e+02 2.924759701405123586e-05 1.906302064645519804e-04
3.012312034078806846e+02 2.913928209876876616e-05 1.903542521847880809e-04
3.013562034078806846e+02 2.903134856207018172e-05 1.900783838641369476e-04
3.014812034078806846e+02 2.892379516167368562e-05 1.898026024947678449e-04
3.016062034078806846e+02 2.881662065882137857e-05 1.895269090666438215e-04
3.017312034078806846e+02 2.870982381827238099e-05 1.892513045674902410e-04
3.018562034078806846e+02 2.860340340829542317e-05 1.889757899827974657e-04
3.019812034078806846e+02 2.849735820066192331e-05 1.887003662958041598e-04
3.021062034078806846e+02 2.839168697063838116e-05 1.884250344874827880e-04
3.022312034078806846e+02 2.828638849697972713e-05 1.881497955365380435e-04
3.023562034078806846e+02 2.818146156192179047e-05 1.878746504193851369e-04
3.024812034078806846e+02 2.807690495117438071e-05 1.875996001101491186e-04
3.026062034078806846e+02 2.797271745391367111e-05 1.873246455806501065e-04
3.027312034078806846e+02 2.786889786277555456e-05 1.870497878003941515e-04
3.028562034078806846e+02 2.776544497384815922e-05 1.867750277365543997e-04
3.029812034078806846e+02 2.766235758666477743e-05 1.865003663539799013e-04
3.031062034078806846e+02 2.755963450419638477e-05 1.862258046151633287e-04
3.032312034078806846e+02 2.745727453284498232e-05 1.859513434802475358e-04
3.033562034078806846e+02 2.735527648243598362e-05 1.856769839070126831e-04
3.034812034078806846e+02 2.725363916621123501e-05 1.854027268508568035e-04
3.036062034078806846e+02 2.715236140082163976e-05 1.851285732648001931e-04
3.037312034078806846e+02 2.705144200632022251e-05 1.848545240994636731e-04
3.038562034078806846e+02 2.695087980615475671e-05 1.845805803030701889e-04
3.039812034078806846e+02 2.685067362716069697e-05 1.843067428214266500e-04
3.041062034078806846e+02 2.675082229955377263e-05 1.840330125979172617e-04
3.042312034078806846e+02 2.665132465692311321e-05 1.837593905734991886e-04
3.043562034078806846e+02 2.655217953622381825e-05 1.834858776866882431e-04
3.044812034078806846e+02 2.645338577776996082e-05 1.832124748735567440e-04
3.046062034078806846e+02 2.635494222522708618e-05 1.829391830677074959e-04
3.047312034078806846e+02 2.625684772560538813e-05 1.826660032002897806e-04
3.048562034078806846e+02 2.615910112925236346e-05 1.823929361999754241e-04
3.049812034078806846e+02 2.606170128984564951e-05 1.821199829929538358e-04
3.051062034078806846e+02 2.596464706438564481e-05 1.818471445029242568e-04
3.052312034078806846e+02 2.586793731318866839e-05 1.815744216510822070e-04
3.053562034078806846e+02 2.577157089987961098e-05 1.813018153561218708e-04
3.054812034078806846e+02 2.567554669138474537e-05 1.810293265342222731e-04
3.056062034078806846e+02 2.557986355792437417e-05 1.807569560990468190e-04
3.057312034078806846e+02 2.548452037300610098e-05 1.804847049617034488e-04
3.058562034078806846e+02 2.538951601341721045e-05 1.802125740307885214e-04
3.059812034078806846e+02 2.529484935921778367e-05 1.799405642123430669e-04
3.061062034078806846e+02 2.520051929373325097e-05 1.796686764098560929e-04
3.062312034078806846e+02 2.510652470354751746e-05 1.793969115242581883e-04
3.063562034078806846e+02 2.501286447849558367e-05 1.791252704539047992e-04
3.064812034078806846e+02 2.491953751165657276e-05 1.788537540945852006e-04
3.066062034078806846e+02 2.482654269934618852e-05 1.785823633395040920e-04
3.067312034078806846e+02 2.473387894111002386e-05 1.783110990792790770e-04
3.068562034078806846e+02 2.464154513971610351e-05 1.780399622019277883e-04
3.069812034078806846e+02 2.454954020114789428e-05 1.777689535928708145e-04
3.071062034078806846e+02 2.445786303459682748e-05 1.774980741349181483e-04
3.072312034078806846e+02 2.436651255245558025e-05 1.772273247082674515e-04
3.073562034078806846e+02 2.427548767031069283e-05 1.769567061904848103e-04
3.074812034078806846e+02 2.418478730693545005e-05 1.766862194565184505e-04
3.076062034078806846e+02 2.409441038428258337e-05 1.764158653786800622e-04
3.077312034078806846e+02 2.400435582747746744e-05 1.761456448266389180e-04
3.078562034078806846e+02 2.391462256481073740e-05 1.758755586674218459e-04
3.079812034078806846e+02 2.382520952773123816e-05 1.756056077653939845e-04
3.081062034078806846e+02 2.373611565083873654e-05 1.753357929822710348e-04
3.082312034078806846e+02 2.364733987187707726e-05 1.750661151771023465e-04
3.083562034078806846e+02 2.355888113172687807e-05 1.747965752062698337e-04
3.084812034078806846e+02 2.347073837439828939e-05 1.745271739234714953e-04
3.086062034078806846e+02 2.338291054702420102e-05 1.742579121797325277e-04
3.087312034078806846e+02 2.329539659985286967e-05 1.739887908233889809e-04
3.088562034078806846e+02 2.320819548624092574e-05 1.737198107000860773e-04
3.089812034078806846e+02 2.312130616264612280e-05 1.734509726527765322e-04
3.091062034078806846e+02 2.303472758862044951e-05 1.731822775216988145e-04
3.092312034078806846e+02 2.294845872680287220e-05 1.729137261443950096e-04
3.093562034078806846e+02 2.286249854291239262e-05 1.726453193556936347e-04
3.094812034078806846e+02 2.277684600574064825e-05 1.723770579877065756e-04
3.096062034078806846e+02 2.269150008714522075e-05 1.721089428698185974e-04
3.097312034078806846e+02 2.260645976204229049e-05 1.718409748286935513e-04
3.098562034078806846e+02 2.252172400839974844e-05 1.715731546882647799e-04
3.099812034078806846e+02 2.243729180722981351e-05 1.713054832697299664e-04
3.101062034078806846e+02 2.235316214258233072e-05 1.710379613915410523e-04
3.102312034078806846e+02 2.226933400153753426e-05 1.707705898694118535e-04
3.103562034078806846e+02 2.218580637419901704e-05 1.705033695163070558e-04
3.104812034078806846e+02 2.210257825368652077e-05 1.702363011424384745e-04
3.106062034078806846e+02 2.201964863612919696e-05 1.699693855552667345e-04
3.107312034078806846e+02 2.193701652065835635e-05 1.697026235594721599e-04
3.108562034078806846e+02 2.185468090940050623e-05 1.694360159569909864e-04
3.109812034078806846e+02 2.177264080747017108e-05 1.691695635469817234e-04
3.111062034078806846e+02 2.169089522296310606e-05 1.689032671258398454e-04
3.112312034078806846e+02 2.160944316694913116e-05 1.686371274871697654e-04
3.113562034078806846e+02 2.152828365346516517e-05 1.683711454218074131e-04
3.114812034078806846e+02 2.144741569950808693e-05 1.681053217178036737e-04
3.116062034078806846e+02 2.136683832502793868e-05 1.678396571604244428e-04
3.117312034078806846e+02 2.128655055292078731e-05 1.675741525321374522e-04
3.118562034078806846e+02 2.120655140902184984e-05 1.673088086126270975e-04
3.119812034078806846e+02 2.112683992209824277e-05 1.670436261787770088e-04
3.121062034078806846e+02 2.104741512384234820e-05 1.667786060046719482e-04
3.122312034078806846e+02 2.096827604886462412e-05 1.665137488615988130e-04
3.123562034078806846e+02 2.088942173468675030e-05 1.662490555180277160e-04
3.124812034078806846e+02 2.081085122173442168e-05 1.659845267396313116e-04
3.126062034078806846e+02 2.073256355333076526e-05 1.657201632892666083e-04
3.127312034078806846e+02 2.065455777568911321e-05 1.654559659269803625e-04
3.128562034078806846e+02 2.057683293790621643e-05 1.651919354099957429e-04
3.129812034078806846e+02 2.049938809195505832e-05 1.649280724927227389e-04
3.131062034078806846e+02 2.042222229267828861e-05 1.646643779267491887e-04
3.132312034078806846e+02 2.034533459778103371e-05 1.644008524608376893e-04
3.133562034078806846e+02 2.026872406782409674e-05 1.641374968409276837e-04
3.134812034078806846e+02 2.019238976621688314e-05 1.638743118101220982e-04
3.136062034078806846e+02 2.011633075921076327e-05 1.636112981087007050e-04
3.137312034078806846e+02 2.004054611589194381e-05 1.633484564741080061e-04
3.138562034078806846e+02 1.996503490817476265e-05 1.630857876409554292e-04
3.139812034078806846e+02 1.988979621079453315e-05 1.628232923410110277e-04
3.141062034078806846e+02 1.981482910130099147e-05 1.625609713032104037e-04
3.142312034078806846e+02 1.974013266005119848e-05 1.622988252536460290e-04
3.143562034078806846e+02 1.966570597020285494e-05 1.620368549155711208e-04
3.144812034078806846e+02 1.959154811770716273e-05 1.617750610093867129e-04
3.146062034078806846e+02 1.951765819130228910e-05 1.615134442526551539e-04
3.147312034078806846e+02 1.944403528250644817e-05 1.612520053600892921e-04
3.148562034078806846e+02 1.937067848561082307e-05 1.609907450435526383e-04
3.149812034078806846e+02 1.929758689767306753e-05 1.607296640120621305e-04
3.151062034078806846e+02 1.922475961851035004e-05 1.604687629717738769e-04
3.152312034078806846e+02 1.915219575069254031e-05 1.602080426259983341e-04
3.153562034078806846e+02 1.907989439953527376e-05 1.599475036751918508e-04
3.154812034078806846e+02 1.900785467309346665e-05 1.596871468169558817e-04
3.156062034078806846e+02 1.893607568215424845e-05 1.594269727460320002e-04
3.157312034078806846e+02 1.886455654023035155e-05 1.591669821542993773e-04
3.158562034078806846e+02 1.879329636355313513e-05 1.589071757307905844e-04
3.159812034078806846e+02 1.872229427106608673e-05 1.586475541616724565e-04
3.161062034078806846e+02 1.865154938441787317e-05 1.583881181302549562e-04
3.162312034078806846e+02 1.858106082795568965e-05 1.581288683169798160e-04
3.163562034078806846e+02 1.851082772871837507e-05 1.578698053994345252e-04
3.164812034078806846e+02 1.844084921642987634e-05 1.576109300523423817e-04
3.166062034078806846e+02 1.837112442349237722e-05 1.573522429475656369e-04
3.167312034078806846e+02 1.830165248497972875e-05 1.570937447540959539e-04
3.168562034078806846e+02 1.823243253863045276e-05 1.568354361380688280e-04
3.169812034078806846e+02 1.816346372484136878e-05 1.565773177627533138e-04
3.171062034078806846e+02 1.809474518666075003e-05 1.563193902885569038e-04
3.172312034078806846e+02 1.802627606978165895e-05 1.560616543730142800e-04
3.173562034078806846e+02 1.795805552253515401e-05 1.558041106708026285e-04
3.174812034078806846e+02 1.789008269588383869e-05 1.555467598337314746e-04
3.176062034078806846e+02 1.782235674341508524e-05 1.552896025107463425e-04
3.177312034078806846e+02 1.775487682133441086e-05 1.550326393479292968e-04
3.178562034078806846e+02 1.768764208845868450e-05 1.547758709884895648e-04
3.179812034078806846e+02 1.762065170620978090e-05 1.545192980727800702e-04
3.181062034078806846e+02 1.755390483860773656e-05 1.542629212382849648e-04
3.182312034078806846e+02 1.748740065226424113e-05 1.540067411196275162e-04
3.183562034078806846e+02 1.742113831637588826e-05 1.537507583485591301e-04
3.184812034078806846e+02 1.735511700271776526e-05 1.534949735539732824e-04
3.186062034078806846e+02 1.728933588563675135e-05 1.532393873618990141e-04
3.187312034078806846e+02 1.722379414204499554e-05 1.529840003955017171e-04
3.188562034078806846e+02 1.715849095141318438e-05 1.527288132750863326e-04
3.189812034078806846e+02 1.709342549576424686e-05 1.524738266180894366e-04
3.191062034078806846e+02 1.702859695966656113e-05 1.522190410390912205e-04
3.192312034078806846e+02 1.696400453022760859e-05 1.519644571498115061e-04
3.193562034078806846e+02 1.689964739708717730e-05 1.517100755591108846e-04
3.194812034078806846e+02 1.683552475241109050e-05 1.514558968729811750e-04
3.196062034078806846e+02 1.677163579088460318e-05 1.512019216945699278e-04
3.197312034078806846e+02 1.670797970970587314e-05 1.509481506241577376e-04
3.198562034078806846e+02 1.664455570857934736e-05 1.506945842591742078e-04
3.199812034078806846e+02 1.658136298970955491e-05 1.504412231941853204e-04
3.201062034078806846e+02 1.651840075779438158e-05 1.501880680209104570e-04
3.202312034078806846e+02 1.645566822001872384e-05 1.499351193282123980e-04
3.203562034078806846e+02 1.639316458604785830e-05 1.496823777021017126e-04
3.204812034078806846e+02 1.633088906802125496e-05 1.494298437257408527e-04
3.206062034078806846e+02 1.626884088054592634e-05 1.491775179794382975e-04
3.207312034078806846e+02 1.620701924069009841e-05 1.489254010406509661e-04
3.208562034078806846e+02 1.614542336797663766e-05 1.486734934839960623e-04
3.209812034078806846e+02 1.608405248437686432e-05 1.484217958812447051e-04
3.211062034078806846e+02 1.602290581430398621e-05 1.481703088013173206e-04
3.212312034078806846e+02 1.596198258460667819e-05 1.479190328102962190e-04
3.213562034078806846e+02 1.590128202456284463e-05 1.476679684714230466e-04
3.214812034078806846e+02 1.584080336587311420e-05 1.474171163450982978e-04
3.216062034078806846e+02 1.578054584265456843e-05 1.471664769888822368e-04
3.217312034078806846e+02 1.572050869143421954e-05 1.469160509575034900e-04
3.218562034078806846e+02 1.566069115114286780e-05 1.466658388028522152e-04
3.219812034078806846e+02 1.560109246310864710e-05 1.464158410739885047e-04
3.221062034078806846e+02 1.554171187105076710e-05 1.461660583171430080e-04
3.222312034078806846e+02 1.548254862107302152e-05 1.459164910757099122e-04
3.223562034078806846e+02 1.542360196165770312e-05 1.456671398902638283e-04
3.224812034078806846e+02 1.536487114365921703e-05 1.454180052985517137e-04
3.226062034078806846e+02 1.530635542029778223e-05 1.451690878355005158e-04
3.227312034078806846e+02 1.524805404715304999e-05 1.449203880332078755e-04
3.228562034078806846e+02 1.518996628215806452e-05 1.446719064209612898e-04
3.229812034078806846e+02 1.513209138559283573e-05 1.444236435252276496e-04
3.231062034078806846e+02 1.507442862007816091e-05 1.441755998696601785e-04
3.232312034078806846e+02 1.501697725056925508e-05 1.439277759751021193e-04
3.233562034078806846e+02 1.495973654434975907e-05 1.436801723595799302e-04
3.234812034078806846e+02 1.490270577102531731e-05 1.434327895383188435e-04
3.236062034078806846e+02 1.484588420251749446e-05 1.431856280237372005e-04
3.237312034078806846e+02 1.478927111305743110e-05 1.429386883254515472e-04
3.238562034078806846e+02 1.473286577917983151e-05 1.426919709502749538e-04
3.239812034078806846e+02 1.467666747971667871e-05 1.424454764022251734e-04
3.241062034078806846e+02 1.462067549579113067e-05 1.421992051825243710e-04
3.242312034078806846e+02 1.456488911081122693e-05 1.419531577896035685e-04
3.243562034078806846e+02 1.450930761046391022e-05 1.417073347190979285e-04
3.244812034078806846e+02 1.445393028270883291e-05 1.414617364638616893e-04
3.246062034078806846e+02 1.439875641777221271e-05 1.412163635139614701e-04
3.247312034078806846e+02 1.434378530814064247e-05 1.409712163566835346e-04
3.248562034078806846e+02 1.428901624855514240e-05 1.407262954765344421e-04
3.249812034078806846e+02 1.423444853600497327e-05 1.404816013552416163e-04
3.251062034078806846e+02 1.418008146972159371e-05 1.402371344717625343e-04
3.252312034078806846e+02 1.412591435117243622e-05 1.399928953022836419e-04
3.253562034078806846e+02 1.407194648405509649e-05 1.397488843202248808e-04
3.254812034078806846e+02 1.401817717429108911e-05 1.395051019962388476e-04
3.256062034078806846e+02 1.396460573001989121e-05 1.392615487982151853e-04
3.257312034078806846e+02 1.391123146159280828e-05 1.390182251912895552e-04
3.258562034078806846e+02 1.385805368156711433e-05 1.387751316378403024e-04
3.259812034078806846e+02 1.380507170469988895e-05 1.385322685974959102e-04
3.261062034078806846e+02 1.375228484794216090e-05 1.382896365271297958e-04
3.262312034078806846e+02 1.369969243043270949e-05 1.380472358808748656e-04
3.263562034078806846e+02 1.364729377349230989e-05 1.378050671101196392e-04
3.264812034078806846e+02 1.359508820061763784e-05 1.375631306635152968e-04
3.266062034078806846e+02 1.354307503747537433e-05 1.373214269869710443e-04
3.267312034078806846e+02 1.349125361189612896e-05 1.370799565236701051e-04
3.268562034078806846e+02 1.343962325386868015e-05 1.368387197140631607e-04
3.269812034078806846e+02 1.338818329553395608e-05 1.365977169958779462e-04
3.271062034078806846e+02 1.333693307117914615e-05 1.363569488041126360e-04
3.272312034078806846e+02 1.328587191723167179e-05 1.361164155710546826e-04
3.273562034078806846e+02 1.323499917225352997e-05 1.358761177262714920e-04
3.274812034078806846e+02 1.318431417693524708e-05 1.356360556966206964e-04
3.276062034078806846e+02 1.313381627408996495e-05 1.353962299062526212e-04
3.277312034078806846e+02 1.308350480864771830e-05 1.351566407766071135e-04
3.278562034078806846e+02 1.303337912764953430e-05 1.349172887264293169e-04
3.279812034078806846e+02 1.298343858024155584e-05 1.346781741717637091e-04
3.281062034078806846e+02 1.293368251766917672e-05 1.344392975259662984e-04
3.282312034078806846e+02 1.288411029327135969e-05 1.342006591996946498e-04
3.283562034078806846e+02 1.283472126247471746e-05 1.339622596009266411e-04
3.284812034078806846e+02 1.278551478278775787e-05 1.337240991349564786e-04
3.286062034078806846e+02 1.273649021379503774e-05 1.334861782044018260e-04
3.287312034078806846e+02 1.268764691715148773e-05 1.332484972091991962e-04
3.288562034078806846e+02 1.263898425657658304e-05 1.330110565466217866e-04
3.289812034078806846e+02 1.259050159784863274e-05 1.327738566112729196e-04
3.291062034078806846e+02 1.254219830879892842e-05 1.325368977950936865e-04
3.292312034078806846e+02 1.249407375930616572e-05 1.323001804873682595e-04
3.293562034078806846e+02 1.244612732129061663e-05 1.320637050747205314e-04
3.294812034078806846e+02 1.239835836870851376e-05 1.318274719411297003e-04
3.296062034078806846e+02 1.235076627754617695e-05 1.315914814679255539e-04
3.297312034078806846e+02 1.230335042581453469e-05 1.313557340337980373e-04
3.298562034078806846e+02 1.225611019354333551e-05 1.311202300147933499e-04
3.299812034078806846e+02 1.220904496277551516e-05 1.308849697843285278e-04
3.301062034078806846e+02 1.216215411756144530e-05 1.306499537131893571e-04
3.302312034078806846e+02 1.211543704395346506e-05 1.304151821695351710e-04
3.303562034078806846e+02 1.206889313000012117e-05 1.301806555189059518e-04
3.304812034078806846e+02 1.202252176574060808e-05 1.299463741242217342e-04
3.306062034078806846e+02 1.197632234319903692e-05 1.297123383457876469e-04
3.307312034078806846e+02 1.193029425637903820e-05 1.294785485413050532e-04
3.308562034078806846e+02 1.188443690125801048e-05 1.292450050658711439e-04
3.309812034078806846e+02 1.183874967578162817e-05 1.290117082719776905e-04
3.311062034078806846e+02 1.179323197985817829e-05 1.287786585095260076e-04
3.312312034078806846e+02 1.174788321535313438e-05 1.285458561258251366e-04
3.313562034078806846e+02 1.170270278608352035e-05 1.283133014655986760e-04
3.314812034078806846e+02 1.165769009781245216e-05 1.280809948709832097e-04
3.316062034078806846e+02 1.161284455824346784e-05 1.278489366815432687e-04
3.317312034078806846e+02 1.156816557701519621e-05 1.276171272342672925e-04
3.318562034078806846e+02 1.152365256569577496e-05 1.273855668635767366e-04
3.319812034078806846e+02 1.147930493777737037e-05 1.271542559013298396e-04
3.321062034078806846e+02 1.143512210867062070e-05 1.269231946768201332e-04
3.322312034078806846e+02 1.139110349569931692e-05 1.266923835167919725e-04
3.323562034078806846e+02 1.134724851809486811e-05 1.264618227454385310e-04
3.324812034078806846e+02 1.130355659699087202e-05 1.262315126844086035e-04
3.326062034078806846e+02 1.126002715541758906e-05 1.260014536528046819e-04
3.327312034078806846e+02 1.121665961829670246e-05 1.257716459671986216e-04
3.328562034078806846e+02 1.117345341243577370e-05 1.255420899416296091e-04
3.329812034078806846e+02 1.113040796652289258e-05 1.253127858876099349e-04
3.331062034078806846e+02 1.108752271112121724e-05 1.250837341141314448e-04
3.332312034078806846e+02 1.104479707866371755e-05 1.248549349276651603e-04
3.333562034078806846e+02 1.100223050344772350e-05 1.246263886321738283e-04
3.334812034078806846e+02 1.095982242162961949e-05 1.243980955291112435e-04
3.336062034078806846e+02 1.091757227121939782e-05 1.241700559174311388e-04
3.337312034078806846e+02 1.087547949207546644e-05 1.239422700935840138e-04
3.338562034078806846e+02 1.083354352589924484e-05 1.237147383515328834e-04
3.339812034078806846e+02 1.079176381622990061e-05 1.234874609827513528e-04
3.341062034078806846e+02 1.075013980843893351e-05 1.232604382762320203e-04
3.342312034078806846e+02 1.070867094972505261e-05 1.230336705184840920e-04
3.343562034078806846e+02 1.066735668910882811e-05 1.228071579935492382e-04
3.344812034078806846e+02 1.062619647742733811e-05 1.225809009830003198e-04
3.346062034078806846e+02 1.058518976732905762e-05 1.223548997659457788e-04
3.347312034078806846e+02 1.054433601326855103e-05 1.221291546190387460e-04
3.348562034078806846e+02 1.050363467150124254e-05 1.219036658164750079e-04
3.349812034078806846e+02 1.046308520007812728e-05 1.216784336300066134e-04
3.351062034078806846e+02 1.042268705884070267e-05 1.214534583289424163e-04
3.352312034078806846e+02 1.038243970941567449e-05 1.212287401801543767e-04
3.353562034078806846e+02 1.034234261520979668e-05 1.210042794480775208e-04
3.354812034078806846e+02 1.030239524140462322e-05 1.207800763947270301e-04
3.356062034078806846e+02 1.026259705495149192e-05 1.205561312796874407e-04
3.357312034078806846e+02 1.022294752456624238e-05 1.203324443601336491e-04
3.358562034078806846e+02 1.018344612072414053e-05 1.201090158908270096e-04
3.359812034078806846e+02 1.014409231565467110e-05 1.198858461241183152e-04
3.361062034078806846e+02 1.010488558333651637e-05 1.196629353099622184e-04
3.362312034078806846e+02 1.006582539949238254e-05 1.194402836959149671e-04
3.363562034078806846e+02 1.002691124158395478e-05 1.192178915271437019e-04
3.364812034078806846e+02 9.988142588806687961e-06 1.189957590464256975e-04
3.366062034078806846e+02 9.949518922084882037e-06 1.187738864941633918e-04
3.367312034078806846e+02 9.911039724066538837e-06 1.185522741083810526e-04
3.368562034078806846e+02 9.872704479118345945e-06 1.183309221247362563e-04
3.369812034078806846e+02 9.834512673320533517e-06 1.181098307765171638e-04
3.371062034078806846e+02 9.796463794461986898e-06 1.178890002946577265e-04
3.372312034078806846e+02 9.758557332035140708e-06 1.176684309077363446e-04
3.373562034078806846e+02 9.720792777231006759e-06 1.174481228419844866e-04
3.374812034078806846e+02 9.683169622934090164e-06 1.172280763212904433e-04
3.376062034078806846e+02 9.645687363717539225e-06 1.170082915672024447e-04
3.377312034078806846e+02 9.608345495838076789e-06 1.167887687989403560e-04
3.378562034078806846e+02 9.571143517231073903e-06 1.165695082333961655e-04
3.379812034078806846e+02 9.534080927505533687e-06 1.163505100851424144e-04
3.381062034078806846e+02 9.497157227939244609e-06 1.161317745664308275e-04
3.382312034078806846e+02 9.460371921473794850e-06 1.159133018872087801e-04
3.383562034078806846e+02 9.423724512709662901e-06 1.156950922551161129e-04
3.384812034078806846e+02 9.387214507901265811e-06 1.154771458754955945e-04
3.386062034078806846e+02 9.350841414952149730e-06 1.152594629513921626e-04
3.387312034078806846e+02 9.314604743410031379e-06 1.150420436835666117e-04
3.388562034078806846e+02 9.278504004461980129e-06 1.148248882704955396e-04
3.389812034078806846e+02 9.242538710929449301e-06 1.146079969083791257e-04
3.391062034078806846e+02 9.206708377263546342e-06 1.143913697911464714e-04
3.392312034078806846e+02 9.171012519540136965e-06 1.141750071104574699e-04
3.393562034078806846e+02 9.135450655455020457e-06 1.139589090557148547e-04
3.394812034078806846e+02 9.100022304319045681e-06 1.137430758140657713e-04
3.396062034078806846e+02 9.064726987053416826e-06 1.135275075704102345e-04
3.397312034078806846e+02 9.029564226184831432e-06 1.133122045073992442e-04
3.398562034078806846e+02 8.994533545840708208e-06 1.130971668054504928e-04
3.399812034078806846e+02 8.959634471744340313e-06 1.128823946427478641e-04
3.401062034078806846e+02 8.924866531210272244e-06 1.126678881952491307e-04
3.402312034078806846e+02 8.890229253139427708e-06 1.124536476366916462e-04
3.403562034078806846e+02 8.855722168014433998e-06 1.122396731385955846e-04
3.404812034078806846e+02 8.821344807894810844e-06 1.120259648702698352e-04
3.406062034078806846e+02 8.787096706412350698e-06 1.118125229988231563e-04
3.407312034078806846e+02 8.752977398766356715e-06 1.115993476891654766e-04
3.408562034078806846e+02 8.718986421718906142e-06 1.113864391040111207e-04
3.409812034078806846e+02 8.685123313590249237e-06 1.111737974038906265e-04
3.411062034078806846e+02 8.651387614254067579e-06 1.109614227471517349e-04
3.412312034078806846e+02 8.617778865132844185e-06 1.107493152899683613e-04
3.413562034078806846e+02 8.584296609193150618e-06 1.105374751863406500e-04
3.414812034078806846e+02 8.550940390941086562e-06 1.103259025881082964e-04
3.416062034078806846e+02 8.517709756417582179e-06 1.101145976449522952e-04
3.417312034078806846e+02 8.484604253193841071e-06 1.099035605044003475e-04
3.418562034078806846e+02 8.451623430366610445e-06 1.096927913118352912e-04
3.419812034078806846e+02 8.418766838553713865e-06 1.094822902104943820e-04
3.421062034078806846e+02 8.386034029889402735e-06 1.092720573414839713e-04
3.422312034078806846e+02 8.353424558019785707e-06 1.090620928437796008e-04
3.423562034078806846e+02 8.320937978098207270e-06 1.088523968542347032e-04
3.424812034078806846e+02 8.288573846780795745e-06 1.086429695075808192e-04
3.426062034078806846e+02 8.256331722221846956e-06 1.084338109364412856e-04
3.427312034078806846e+02 8.224211164069314628e-06 1.082249212713318177e-04
3.428562034078806846e+02 8.192211733460233016e-06 1.080163006406682753e-04
3.429812034078806846e+02 8.160332993016298787e-06 1.078079491707724900e-04
3.431062034078806846e+02 8.128574506839298731e-06 1.075998669858744611e-04
3.432312034078806846e+02 8.096935840506657759e-06 1.073920542081247692e-04
3.433562034078806846e+02 8.065416561066888644e-06 1.071845109575955658e-04
3.434812034078806846e+02 8.034016237035221324e-06 1.069772373522895044e-04
3.436062034078806846e+02 8.002734438389072976e-06 1.067702335081390766e-04
3.437312034078806846e+02 7.971570736563651915e-06 1.065634995390226172e-04
3.438562034078806846e+02 7.940524704447429351e-06 1.063570355567625023e-04
3.439812034078806846e+02 7.909595916377833077e-06 1.061508416711346759e-04
3.441062034078806846e+02 7.878783948136741254e-06 1.059449179898697352e-04
3.442312034078806846e+02 7.848088376946143907e-06 1.057392646186661162e-04
3.443562034078806846e+02 7.817508781463655346e-06 1.055338816611907311e-04
3.444812034078806846e+02 7.787044741778234951e-06 1.053287692190862734e-04
3.446062034078806846e+02 7.756695839405760586e-06 1.051239273919784271e-04
3.447312034078806846e+02 7.726461657284690087e-06 1.049193562774763960e-04
3.448562034078806846e+02 7.696341779771634676e-06 1.047150559711872012e-04
3.449812034078806846e+02 7.666335792637142424e-06 1.045110265667152205e-04
3.451062034078806846e+02 7.636443283061278438e-06 1.043072681556726506e-04
3.452312034078806846e+02 7.606663839629348191e-06 1.041037808276781525e-04
3.453562034078806846e+02 7.576997052327526828e-06 1.039005646703725175e-04
3.454812034078806846e+02 7.547442512538653654e-06 1.036976197694142767e-04
3.456062034078806846e+02 7.517999813037881766e-06 1.034949462084972514e-04
3.457312034078806846e+02 7.488668547988426799e-06 1.032925440693439255e-04
3.458562034078806846e+02 7.459448312937252988e-06 1.030904134317217093e-04
3.459812034078806846e+02 7.430338704810900678e-06 1.028885543734439010e-04
3.461062034078806846e+02 7.401339321911169004e-06 1.026869669703760164e-04
3.462312034078806846e+02 7.372449763910951024e-06 1.024856512964436621e-04
3.463562034078806846e+02 7.343669631849895222e-06 1.022846074236331056e-04
3.464812034078806846e+02 7.314998528130317723e-06 1.020838354220051795e-04
3.466062034078806846e+02 7.286436056512946798e-06 1.018833353596959595e-04
3.467312034078806846e+02 7.257981822112730904e-06 1.016831073029245841e-04
3.468562034078806846e+02 7.229635431394611984e-06 1.014831513159954364e-04
3.469812034078806846e+02 7.201396492169456324e-06 1.012834674613107753e-04
3.471062034078806846e+02 7.173264613589825315e-06 1.010840557993717114e-04
3.472312034078806846e+02 7.145239406145798735e-06 1.008849163887858501e-04
3.473562034078806846e+02 7.117320481660913226e-06 1.006860492862736482e-04
3.474812034078806846e+02 7.089507453287987270e-06 1.004874545466710159e-04
3.476062034078806846e+02 7.061799935505019004e-06 1.002891322229406464e-04
3.477312034078806846e+02 7.034197544111017128e-06 1.000910823661747948e-04
3.478562034078806846e+02 7.006699896222007992e-06 9.989330502560175536e-05
3.479812034078806846e+02 6.979306610266874965e-06 9.969580024858992816e-05
3.481062034078806846e+02 6.952017305983306237e-06 9.949856808065792859e-05
3.482312034078806846e+02 6.924831604413694324e-06 9.930160856547728466e-05
3.483562034078806846e+02 6.897749127901140623e-06 9.910492174488093429e-05
3.484812034078806846e+02 6.870769500085356609e-06 9.890850765886368616e-05
3.486062034078806846e+02 6.843892345898672626e-06 9.871236634559626012e-05
3.487312034078806846e+02 6.817117291561939935e-06 9.851649784142535492e-05
3.488562034078806846e+02 6.790443964580604718e-06 9.832090218088133254e-05
3.489812034078806846e+02 6.763871993740644861e-06 9.812557939668568559e-05
3.491062034078806846e+02 6.737401009104616006e-06 9.793052951975233838e-05
3.492312034078806846e+02 6.711030642007594260e-06 9.773575257919907169e-05
3.493562034078806846e+02 6.684760525053289162e-06 9.754124860235211707e-05
3.494812034078806846e+02 6.658590292110043149e-06 9.734701761475054787e-05
3.496062034078806846e+02 6.632519578306876754e-06 9.715305964015034500e-05
3.497312034078806846e+02 6.606548020029508403e-06 9.695937470053607920e-05
3.498562034078806846e+02 6.580675254916508037e-06 9.676596281612260511e-05
3.499812034078806846e+02 6.554900921855301654e-06 9.657282400536209503e-05
3.501062034078806846e+02 6.529224660978302917e-06 9.637995828495123530e-05
3.502312034078806846e+02 6.503646113658938020e-06 9.618736566983271711e-05
3.503562034078806846e+02 6.478164922507862845e-06 9.599504617320914136e-05
3.504812034078806846e+02 6.452780731368997151e-06 9.580299980653889872e-05
3.506062034078806846e+02 6.427493185315689210e-06 9.561122657955279855e-05
3.507312034078806846e+02 6.402301930646815219e-06 9.541972650025015224e-05
3.508562034078806846e+02 6.377206614882984592e-06 9.522849957491288139e-05
3.509812034078806846e+02 6.352206886762655471e-06 9.503754580810566688e-05
3.511062034078806846e+02 6.327302396238337471e-06 9.484686520268653339e-05
3.512312034078806846e+02 6.302492794472697875e-06 9.465645775980661904e-05
3.513562034078806846e+02 6.277777733834843155e-06 9.446632347892258946e-05
3.514812034078806846e+02 6.253156867896467519e-06 9.427646235779945673e-05
3.516062034078806846e+02 6.228629851428072596e-06 9.408687439251680002e-05
3.517312034078806846e+02 6.204196340395145628e-06 9.389755957747550113e-05
3.518562034078806846e+02 6.179855991954454545e-06 9.370851790540025181e-05
3.519812034078806846e+02 6.155608464450257497e-06 9.351974936735103262e-05
3.521062034078806846e+02 6.131453417410547952e-06 9.333125395272547119e-05
3.522312034078806846e+02 6.107390511543270155e-06 9.314303164926595723e-05
3.523562034078806846e+02 6.083419408732682816e-06 9.295508244306285449e-05
3.524812034078806846e+02 6.059539772035561013e-06 9.276740631856527503e-05
3.526062034078806846e+02 6.035751265677515835e-06 9.258000325858346444e-05
3.527312034078806846e+02 6.012053555049254731e-06 9.239287324429631000e-05
3.528562034078806846e+02 5.988446306702947739e-06 9.220601625525422728e-05
3.529812034078806846e+02 5.964929188348499692e-06 9.201943226938996158e-05
3.531062034078806846e+02 5.941501868849904593e-06 9.183312126302098670e-05
3.532312034078806846e+02 5.918164018221537298e-06 9.164708321085663354e-05
3.533562034078806846e+02 5.894915307624559562e-06 9.146131808600428367e-05
3.534812034078806846e+02 5.871755409363239677e-06 9.127582585997180871e-05
3.536062034078806846e+02 5.848683996881348345e-06 9.109060650268010649e-05
3.537312034078806846e+02 5.825700744758463079e-06 9.090565998246288415e-05
3.538562034078806846e+02 5.802805328706444541e-06 9.072098626607679546e-05
3.539812034078806846e+02 5.779997425565799386e-06 9.053658531870205069e-05
3.541062034078806846e+02 5.757276713302032932e-06 9.035245710395451899e-05
3.542312034078806846e+02 5.734642871002143301e-06 9.016860158388797814e-05
3.543562034078806846e+02 5.712095578871006272e-06 8.998501871900045710e-05
3.544812034078806846e+02 5.689634518227820289e-06 8.980170846824141889e-05
3.546062034078806846e+02 5.667259371502505725e-06 8.961867078901348171e-05
3.547312034078806846e+02 5.644969822232232888e-06 8.943590563718420970e-05
3.548562034078806846e+02 5.622765555057840775e-06 8.925341296708817285e-05
3.549812034078806846e+02 5.600646255720319334e-06 8.907119273153461781e-05
3.551062034078806846e+02 5.578611611057255322e-06 8.888924488180932452e-05
3.552312034078806846e+02 5.556661308999395886e-06 8.870756936768757603e-05
3.553562034078806846e+02 5.534795038567093571e-06 8.852616613743133952e-05
3.554812034078806846e+02 5.513012489866846187e-06 8.834503513780441809e-05
3.556062034078806846e+02 5.491313354087769765e-06 8.816417631406888637e-05
3.557312034078806846e+02 5.469697323498196873e-06 8.798358960999837209e-05
3.558562034078806846e+02 5.448164091442163123e-06 8.780327496788053608e-05
3.559812034078806846e+02 5.426713352335997862e-06 8.762323232852249340e-05
3.561062034078806846e+02 5.405344801664810682e-06 8.744346163125884988e-05
3.562312034078806846e+02 5.384058135979142250e-06 8.726396281395327429e-05
3.563562034078806846e+02 5.362853052891492319e-06 8.708473581300943519e-05
3.564812034078806846e+02 5.341729251072934141e-06 8.690578056337377923e-05
3.566062034078806846e+02 5.320686430249651792e-06 8.672709699854251066e-05
3.567312034078806846e+02 5.299724291199618111e-06 8.654868505056422055e-05
3.568562034078806846e+02 5.278842535749176075e-06 8.637054465005086432e-05
3.569812034078806846e+02 5.258040866769661679e-06 8.619267572617997082e-05
3.571062034078806846e+02 5.237318988174007332e-06 8.601507820670079517e-05
3.572312034078806846e+02 5.216676604913451137e-06 8.583775201794193528e-05
3.573562034078806846e+02 5.196113422974135202e-06 8.566069708481265999e-05
3.574812034078806846e+02 5.175629149373796289e-06 8.548391333081432029e-05
3.576062034078806846e+02 5.155223492158379368e-06 8.530740067804246356e-05
3.577312034078806846e+02 5.134896160398801113e-06 8.513115904719373175e-05
3.578562034078806846e+02 5.114646864187577857e-06 8.495518835757007625e-05
3.579812034078806846e+02 5.094475314635548425e-06 8.477948852708718755e-05
3.581062034078806846e+02 5.074381223868545291e-06 8.460405947227772074e-05
3.582312034078806846e+02 5.054364305024163153e-06 8.442890110829896625e-05
3.583562034078806846e+02 5.034424272248446182e-06 8.425401334893514022e-05
3.584812034078806846e+02 5.014560840692650665e-06 8.407939610660767086e-05
3.586062034078806846e+02 4.994773726509925482e-06 8.390504929237799030e-05
3.587312034078806846e+02 4.975062646852147588e-06 8.373097281595357898e-05
3.588562034078806846e+02 4.955427319866635533e-06 8.355716658569476904e-05
3.589812034078806846e+02 4.935867464692931573e-06 8.338363050861700759e-05
3.591062034078806846e+02 4.916382801459548227e-06 8.321036449040131926e-05
3.592312034078806846e+02 4.896973051280813920e-06 8.303736843539675919e-05
3.593562034078806846e+02 4.877637936253636470e-06 8.286464224662781276e-05
3.594812034078806846e+02 4.858377179454317400e-06 8.269218582579660457e-05
3.596062034078806846e+02 4.839190504935334059e-06 8.251999907329327978e-05
3.597312034078806846e+02 4.820077637722226776e-06 8.234808188819834859e-05
3.598562034078806846e+02 4.801038303810385214e-06 8.217643416828951679e-05
3.599812034078806846e+02 4.782072230161909271e-06 8.200505581004755397e-05
3.601062034078806846e+02 4.763179144702428467e-06 8.183394670865899050e-05
3.602312034078806846e+02 4.744358776318013664e-06 8.166310675802739320e-05
3.603562034078806846e+02 4.725610854852015939e-06 8.149253585077188811e-05
3.604812034078806846e+02 4.706935111101919855e-06 8.132223387824000834e-05
3.606062034078806846e+02 4.688331276816283134e-06 8.115220073050597284e-05
3.607312034078806846e+02 4.669799084691592468e-06 8.098243629638268042e-05
3.608562034078806846e+02 4.651338268369188789e-06 8.081294046342351223e-05
3.609812034078806846e+02 4.632948562432143414e-06 8.064371311792954168e-05
3.611062034078806846e+02 4.614629702402230748e-06 8.047475414495178420e-05
3.612312034078806846e+02 4.596381424736823908e-06 8.030606342830172754e-05
3.613562034078806846e+02 4.578203466825853027e-06 8.013764085055336461e-05
3.614812034078806846e+02 4.560095566988708505e-06 7.996948629304996981e-05
3.616062034078806846e+02 4.542057464471261988e-06 7.980159963590972329e-05
3.617312034078806846e+02 4.524088899442793339e-06 7.963398075802847564e-05
3.618562034078806846e+02 4.506189612992971809e-06 7.946662953709000723e-05
3.619812034078806846e+02 4.488359347128809258e-06 7.929954584956753246e-05
3.621062034078806846e+02 4.470597844771708250e-06 7.913272957073233277e-05
3.622312034078806846e+02 4.452904849754422048e-06 7.896618057465458332e-05
3.623562034078806846e+02 4.435280106818074753e-06 7.879989873421373425e-05
3.624812034078806846e+02 4.417723361609147560e-06 7.863388392110155995e-05
3.626062034078806846e+02 4.400234360676559886e-06 7.846813600582819000e-05
3.627312034078806846e+02 4.382812851468659857e-06 7.830265485772532107e-05
3.628562034078806846e+02 4.365458582330286800e-06 7.813744034495524293e-05
3.629812034078806846e+02 4.348171302499790536e-06 7.797249233451467379e-05
3.631062034078806846e+02 4.330950762106136217e-06 7.780781069223892095e-05
3.632312034078806846e+02 4.313796712165938869e-06 7.764339528280965995e-05
3.633562034078806846e+02 4.296708904580560604e-06 7.747924596975654728e-05
3.634812034078806846e+02 4.279687092133157023e-06 7.731536261546743906e-05
3.636062034078806846e+02 4.262731028485816778e-06 7.715174508118985463e-05
3.637312034078806846e+02 4.245840468176632539e-06 7.698839322703935207e-05
3.638562034078806846e+02 4.229015166616835479e-06 7.682530691200030069e-05
3.639812034078806846e+02 4.212254880087861149e-06 7.666248599393688564e-05
3.641062034078806846e+02 4.195559365738541569e-06 7.649993032959468006e-05
3.642312034078806846e+02 4.178928381582199053e-06 7.633763977460681141e-05
3.643562034078806846e+02 4.162361686493809500e-06 7.617561418350083269e-05
3.644812034078806846e+02 4.145859040207107232e-06 7.601385340969945420e-05
3.646062034078806846e+02 4.129420203311818586e-06 7.585235730553162954e-05
3.647312034078806846e+02 4.113044937250768450e-06 7.569112572223456138e-05
3.648562034078806846e+02 4.096733004317091829e-06 7.553015850995980010e-05
3.649812034078806846e+02 4.080484167651378497e-06 7.536945551777640153e-05
3.651062034078806846e+02 4.064298191238909977e-06 7.520901659368026463e-05
3.652312034078806846e+02 4.048174839906834687e-06 7.504884158459669292e-05
3.653562034078806846e+02 4.032113879321387125e-06 7.488893033638488038e-05
3.654812034078806846e+02 4.016115075985074880e-06 7.472928269384401009e-05
3.656062034078806846e+02 4.000178197233950336e-06 7.456989850072040992e-05
3.657312034078806846e+02 3.984303011234808683e-06 7.441077759971008693e-05
3.658562034078806846e+02 3.968489286982454549e-06 7.425191983246515117e-05
3.659812034078806846e+02 3.952736794296902552e-06 7.409332503959910126e-05
3.661062034078806846e+02 3.937045303820694744e-06 7.393499306068971103e-05
3.662312034078806846e+02 3.921414587016134207e-06 7.377692373428768957e-05
3.663562034078806846e+02 3.905844416162565228e-06 7.361911689792053021e-05
3.664812034078806846e+02 3.890334564353629758e-06 7.346157238809680658e-05
3.666062034078806846e+02 3.874884805494596718e-06 7.330429004031048241e-05
3.667312034078806846e+02 3.859494914299648953e-06 7.314726968904915140e-05
3.668562034078806846e+02 3.844164666289147314e-06 7.299051116779647669e-05
3.669812034078806846e+02 3.828893837786998930e-06 7.283401430903868254e-05
3.671062034078806846e+02 3.813682205917952202e-06 7.267777894426927059e-05
3.672312034078806846e+02 3.798529548604929506e-06 7.252180490399182523e-05
3.673562034078806846e+02 3.783435644566339123e-06 7.236609201772977145e-05
3.674812034078806846e+02 3.768400273313467233e-06 7.221064011402759453e-05
3.676062034078806846e+02 3.753423215147795780e-06 7.205544902045813132e-05
3.677312034078806846e+02 3.738504251158376672e-06 7.190051856362441338e-05
3.678562034078806846e+02 3.723643163219177182e-06 7.174584856916903176e-05
3.679812034078806846e+02 3.708839733986488446e-06 7.159143886177618348e-05
3.681062034078806846e+02 3.694093746896291192e-06 7.143728926517824444e-05
3.682312034078806846e+02 3.679404986161651963e-06 7.128339960215780236e-05
3.683562034078806846e+02 3.664773236770100702e-06 7.112976969455740098e-05
3.684812034078806846e+02 3.650198284481073558e-06 7.097639936328054304e-05
3.686062034078806846e+02 3.635679915823302755e-06 7.082328842829853420e-05
3.687312034078806846e+02 3.621217918092254740e-06 7.067043670865572795e-05
3.688562034078806846e+02 3.606812079347523867e-06 7.051784402247121965e-05
3.689812034078806846e+02 3.592462188410318819e-06 7.036551018694878049e-05
3.691062034078806846e+02 3.578168034860879163e-06 7.021343501837840257e-05
3.692312034078806846e+02 3.563929409035939758e-06 7.006161833214262784e-05
3.693562034078806846e+02 3.549746102026156193e-06 6.991005994271910957e-05
3.694812034078806846e+02 3.535617905673631878e-06 6.975875966368923176e-05
3.696062034078806846e+02 3.521544612569349840e-06 6.960771730774011491e-05
3.697312034078806846e+02 3.507526016050672703e-06 6.945693268667144646e-05
3.698562034078806846e+02 3.493561910198808794e-06 6.930640561139720204e-05
3.699812034078806846e+02 3.479652089836351929e-06 6.915613589195484753e-05
3.701062034078806846e+02 3.465796350524753871e-06 6.900612333750662665e-05
3.702312034078806846e+02 3.451994488561855652e-06 6.885636775634685215e-05
3.703562034078806846e+02 3.438246300979379084e-06 6.870686895590416912e-05
3.704812034078806846e+02 3.424551585540493658e-06 6.855762674274755875e-05
3.706062034078806846e+02 3.410910140737327536e-06 6.840864092259329077e-05
3.707312034078806846e+02 3.397321765788522592e-06 6.825991130030623804e-05
3.708562034078806846e+02 3.383786260636750910e-06 6.811143767990733046e-05
3.709812034078806846e+02 3.370303425946329541e-06 6.796321986457524902e-05
3.711062034078806846e+02 3.356873063100739120e-06 6.781525765665470640e-05
3.712312034078806846e+02 3.343494974200217441e-06 6.766755085765892709e-05
3.713562034078806846e+02 3.330168962059315349e-06 6.752009926827561047e-05
3.714812034078806846e+02 3.316894830204517424e-06 6.737290268837079334e-05
3.716062034078806846e+02 3.303672382871810144e-06 6.722596091699271231e-05
3.717312034078806846e+02 3.290501425004305963e-06 6.707927375237910869e-05
3.718562034078806846e+02 3.277381762249807667e-06 6.693284099195995250e-05
3.719812034078806846e+02 3.264313200958479031e-06 6.678666243236303969e-05
3.721062034078806846e+02 3.251295548180433741e-06 6.664073786941643155e-05
3.722312034078806846e+02 3.238328611663379374e-06 6.649506709815688446e-05
3.723562034078806846e+02 3.225412199850231302e-06 6.634964991283176072e-05
3.724812034078806846e+02 3.212546121876793094e-06 6.620448610690491038e-05
3.726062034078806846e+02 3.199730187569386098e-06 6.605957547305925978e-05
3.727312034078806846e+02 3.186964207442515011e-06 6.591491780320433318e-05
3.728562034078806846e+02 3.174247992696515252e-06 6.577051288847931567e-05
3.729812034078806846e+02 3.161581355215254958e-06 6.562636051925752544e-05
3.731062034078806846e+02 3.148964107563805641e-06 6.548246048515194329e-05
3.732312034078806846e+02 3.136396062986104384e-06 6.533881257501736740e-05
3.733562034078806846e+02 3.123877035402686751e-06 6.519541657695819255e-05
3.734812034078806846e+02 3.111406839408366344e-06 6.505227227833148651e-05
3.736062034078806846e+02 3.098985290269949929e-06 6.490937946575129974e-05
3.737312034078806846e+02 3.086612203923928425e-06 6.476673792509222971e-05
3.738562034078806846e+02 3.074287396974242432e-06 6.462434744149673930e-05
3.739812034078806846e+02 3.062010686689977032e-06 6.448220779937725736e-05
3.741062034078806846e+02 3.049781891003117571e-06 6.434031878242173533e-05
3.742312034078806846e+02 3.037600828506269027e-06 6.419868017359794336e-05
3.743562034078806846e+02 3.025467318450433815e-06 6.405729175515646539e-05
3.744812034078806846e+02 3.013381180742751909e-06 6.391615330863819374e-05
3.746062034078806846e+02 3.001342235944274409e-06 6.377526461487640263e-05
3.747312034078806846e+02 2.989350305267707898e-06 6.363462545400215564e-05
3.748562034078806846e+02 2.977405210575232058e-06 6.349423560544755830e-05
3.749812034078806846e+02 2.965506774376251645e-06 6.335409484795206003e-05
3.751062034078806846e+02 2.953654819825216230e-06 6.321420295956604559e-05
3.752312034078806846e+02 2.941849170719372590e-06 6.307455971765393854e-05
3.753562034078806846e+02 2.930089651496620028e-06 6.293516489889952744e-05
3.754812034078806846e+02 2.918376087233289872e-06 6.279601827931180697e-05
3.756062034078806846e+02 2.906708303641982574e-06 6.265711963422736317e-05
3.757312034078806846e+02 2.895086127069359503e-06 6.251846873831526591e-05
3.758562034078806846e+02 2.883509384494023661e-06 6.238006536558223241e-05
3.759812034078806846e+02 2.871977903524317400e-06 6.224190928937444324e-05
3.761062034078806846e+02 2.860491512396190442e-06 6.210400028238529443e-05
3.762312034078806846e+02 2.849050039971025118e-06 6.196633811665755226e-05
3.763562034078806846e+02 2.837653315733528107e-06 6.182892256358848971e-05
3.764812034078806846e+02 2.826301169789573887e-06 6.169175339393229878e-05
3.766062034078806846e+02 2.814993432864083765e-06 6.155483037780759862e-05
3.767312034078806846e+02 2.803729936298888816e-06 6.141815328469912958e-05
3.768562034078806846e+02 2.792510512050640673e-06 6.128172188346291669e-05
3.769812034078806846e+02 2.781334992688682084e-06 6.114553594233099957e-05
3.771062034078806846e+02 2.770203211392957290e-06 6.100959522891355333e-05
3.772312034078806846e+02 2.759115001951892738e-06 6.087389951020598334e-05
3.773562034078806846e+02 2.748070198760338801e-06 6.073844855259129694e-05
3.774812034078806846e+02 2.737068636817475904e-06 6.060324212184516529e-05
3.776062034078806846e+02 2.726110151724729558e-06 6.046827998313824084e-05
3.777312034078806846e+02 2.715194579683695974e-06 6.033356190104321147e-05
3.778562034078806846e+02 2.704321757494102832e-06 6.019908763953716533e-05
3.779812034078806846e+02 2.693491522551731509e-06 6.006485696200623945e-05
3.781062034078806846e+02 2.682703712846380387e-06 5.993086963124834369e-05
3.782312034078806846e+02 2.671958166959792590e-06 5.979712540947976093e-05
3.783562034078806846e+02 2.661254724063662488e-06 5.966362405833780329e-05
3.784812034078806846e+02 2.650593223917565551e-06 5.953036533888486436e-05
3.786062034078806846e+02 2.639973506866959352e-06 5.939734901161331844e-05
3.787312034078806846e+02 2.629395413841132897e-06 5.926457483644759406e-05
3.788562034078806846e+02 2.618858786351232617e-06 5.913204257275097740e-05
3.789812034078806846e+02 2.608363466488229915e-06 5.899975197932806522e-05
3.791062034078806846e+02 2.597909296920939948e-06 5.886770281442935246e-05
3.792312034078806846e+02 2.587496120893993840e-06 5.873589483575394947e-05
3.793562034078806846e+02 2.577123782225895580e-06 5.860432780045568747e-05
3.794812034078806846e+02 2.566792125307010324e-06 5.847300146514569348e-05
3.796062034078806846e+02 2.556500995097608171e-06 5.834191558589737093e-05
3.797312034078806846e+02 2.546250237125865165e-06 5.821106991824831728e-05
3.798562034078806846e+02 2.536039697485938410e-06 5.808046421720714099e-05
3.799812034078806846e+02 2.525869222835995879e-06 5.795009823725556894e-05
3.801062034078806846e+02 2.515738660396243663e-06 5.781997173235356246e-05
3.802312034078806846e+02 2.505647857947015924e-06 5.769008445594118762e-05
3.803562034078806846e+02 2.495596663826819510e-06 5.756043616094443603e-05
3.804812034078806846e+02 2.485584926930404840e-06 5.743102659977916864e-05
3.806062034078806846e+02 2.475612496706827473e-06 5.730185552435423956e-05
3.807312034078806846e+02 2.465679223157555408e-06 5.717292268607593455e-05
3.808562034078806846e+02 2.455784956834533616e-06 5.704422783585036980e-05
3.809812034078806846e+02 2.445929548838287531e-06 5.691577072408969220e-05
3.811062034078806846e+02 2.436112850816002831e-06 5.678755110071435620e-05
3.812312034078806846e+02 2.426334714959657726e-06 5.665956871515755546e-05
3.813562034078806846e+02 2.416594994004112900e-06 5.653182331636924117e-05
3.814812034078806846e+02 2.406893541225241263e-06 5.640431465281813461e-05
3.816062034078806846e+02 2.397230210438027207e-06 5.627704247249865250e-05
3.817312034078806846e+02 2.387604855994725160e-06 5.615000652293237066e-05
3.818562034078806846e+02 2.378017332782974087e-06 5.602320655117299102e-05
3.819812034078806846e+02 2.368467496223945878e-06 5.589664230380834059e-05
3.821062034078806846e+02 2.358955202270475521e-06 5.577031352696691061e-05
3.822312034078806846e+02 2.349480307405237867e-06 5.564421996631940825e-05
3.823562034078806846e+02 2.340042668638887966e-06 5.551836136708385920e-05
3.824812034078806846e+02 2.330642143508236559e-06 5.539273747402730167e-05
3.826062034078806846e+02 2.321278590074395498e-06 5.526734803147237976e-05
3.827312034078806846e+02 2.311951866920983310e-06 5.514219278329906458e-05
3.828562034078806846e+02 2.302661833152289250e-06 5.501727147294886234e-05
3.829812034078806846e+02 2.293408348391466160e-06 5.489258384342895461e-05
3.831062034078806846e+02 2.284191272778706376e-06 5.476812963731422448e-05
3.832312034078806846e+02 2.275010466969471862e-06 5.464390859675342970e-05
3.833562034078806846e+02 2.265865792132668847e-06 5.451992046347091706e-05
3.834812034078806846e+02 2.256757109948878377e-06 5.439616497877178595e-05
3.836062034078806846e+02 2.247684282608545357e-06 5.427264188354311480e-05
3.837312034078806846e+02 2.238647172810231123e-06 5.414935091826005302e-05
3.838562034078806846e+02 2.229645643758822388e-06 5.402629182298882959e-05
3.839812034078806846e+02 2.220679559163769842e-06 5.390346433738948392e-05
3.841062034078806846e+02 2.211748783237312766e-06 5.378086820072043985e-05
3.842312034078806846e+02 2.202853180692744735e-06 5.365850315184053171e-05
3.843562034078806846e+02 2.193992616742648400e-06 5.353636892921497426e-05
3.844812034078806846e+02 2.185166957097157801e-06 5.341446527091680597e-05
3.846062034078806846e+02 2.176376067962202466e-06 5.329279191463224912e-05
3.847312034078806846e+02 2.167619816037798949e-06 5.317134859766132636e-05
3.848562034078806846e+02 2.158898068516307631e-06 5.305013505692501651e-05
3.849812034078806846e+02 2.150210693080714518e-06 5.292915102896645393e-05
3.851062034078806846e+02 2.141557557902899481e-06 5.280839624995571256e-05
3.852312034078806846e+02 2.132938531641950235e-06 5.268787045569018538e-05
3.853562034078806846e+02 2.124353483442437783e-06 5.256757338160298704e-05
3.854812034078806846e+02 2.115802282932726582e-06 5.244750476276304184e-05
3.856062034078806846e+02 2.107284800223258458e-06 5.232766433387912928e-05
3.857312034078806846e+02 2.098800905904893689e-06 5.220805182930428855e-05
3.858562034078806846e+02 2.090350471047205082e-06 5.208866698303709925e-05
3.859812034078806846e+02 2.081933367196808046e-06 5.196950952872795627e-05
3.861062034078806846e+02 2.073549466375673728e-06 5.185057919968043174e-05
3.862312034078806846e+02 2.065198641079481532e-06 5.173187572885580164e-05
3.863562034078806846e+02 2.056880764275945809e-06 5.161339884887457041e-05
3.864812034078806846e+02 2.048595709403149314e-06 5.149514829202261028e-05
3.866062034078806846e+02 2.040343350367910131e-06 5.137712379025271978e-05
3.867312034078806846e+02 2.032123561544121910e-06 5.125932507518841849e-05
3.868562034078806846e+02 2.023936217771119517e-06 5.114175187812642032e-05
3.869812034078806846e+02 2.015781194352028169e-06 5.102440393004178352e-05
3.871062034078806846e+02 2.007658367052156184e-06 5.090728096158984189e-05
3.872312034078806846e+02 1.999567612097350897e-06 5.079038270310989108e-05
3.873562034078806846e+02 1.991508806172393526e-06 5.067370888462891551e-05
3.874812034078806846e+02 1.983481826419359319e-06 5.055725923586326214e-05
3.876062034078806846e+02 1.975486550436036145e-06 5.044103348622406825e-05
3.877312034078806846e+02 1.967522856274306236e-06 5.032503136481967376e-05
3.878562034078806846e+02 1.959590622438549104e-06 5.020925260045858927e-05
3.879812034078806846e+02 1.951689727884036419e-06 5.009369692165205069e-05
3.881062034078806846e+02 1.943820052015366264e-06 4.997836405661911500e-05
3.882312034078806846e+02 1.935981474684861821e-06 4.986325373328864569e-05
3.883562034078806846e+02 1.928173876190998854e-06 4.974836567930251117e-05
3.884812034078806846e+02 1.920397137276820910e-06 4.963369962201963018e-05
3.886062034078806846e+02 1.912651139128391792e-06 4.951925528851715085e-05
3.887312034078806846e+02 1.904935763373217109e-06 4.940503240559640708e-05
3.888562034078806846e+02 1.897250892078692304e-06 4.929103069978415857e-05
3.889812034078806846e+02 1.889596407750539664e-06 4.917724989733668366e-05
3.891062034078806846e+02 1.881972193331274769e-06 4.906368972424148700e-05
3.892312034078806846e+02 1.874378132198654299e-06 4.895034990622237491e-05
3.893562034078806846e+02 1.866814108164144395e-06 4.883723016874138667e-05
3.894812034078806846e+02 1.859280005471370157e-06 4.872433023700286703e-05
3.896062034078806846e+02 1.851775708794613437e-06 4.861164983595414385e-05
3.897312034078806846e+02 1.844301103237274623e-06 4.849918869029196550e-05
3.898562034078806846e+02 1.836856074330358994e-06 4.838694652446346318e-05
3.899812034078806846e+02 1.829440508030950999e-06 4.827492306267002007e-05
3.901062034078806846e+02 1.822054290720728355e-06 4.816311802886928396e-05
3.902312034078806846e+02 1.814697309204444368e-06 4.805153114677911098e-05
3.903562034078806846e+02 1.807369450708435680e-06 4.794016213988099441e-05
3.904812034078806846e+02 1.800070602879113484e-06 4.782901073142230085e-05
3.906062034078806846e+02 1.792800653781503249e-06 4.771807664441988877e-05
3.907312034078806846e+02 1.785559491897737202e-06 4.760735960166151789e-05
3.908562034078806846e+02 1.778347006125589394e-06 4.749685932571134483e-05
3.909812034078806846e+02 1.771163085776984494e-06 4.738657553891119698e-05
3.911062034078806846e+02 1.764007620576551902e-06 4.727650796338381836e-05
3.912312034078806846e+02 1.756880500660146199e-06 4.716665632103663722e-05
3.913562034078806846e+02 1.749781616573394481e-06 4.705702033356272824e-05
3.914812034078806846e+02 1.742710859270230997e-06 4.694759972244631492e-05
3.916062034078806846e+02 1.735668120111462693e-06 4.683839420896402988e-05
3.917312034078806846e+02 1.728653290863313590e-06 4.672940351418864867e-05
3.918562034078806846e+02 1.721666263695991813e-06 4.662062735899048560e-05
3.919812034078806846e+02 1.714706931182238627e-06 4.651206546404273350e-05
3.921062034078806846e+02 1.707775186295918759e-06 4.640371754982241235e-05
3.922312034078806846e+02 1.700870922410582352e-06 4.629558333661438086e-05
3.923562034078806846e+02 1.693994033298046392e-06 4.618766254451243421e-05
3.924812034078806846e+02 1.687144413126967035e-06 4.607995489342467762e-05
3.926062034078806846e+02 1.680321956461448782e-06 4.597246010307471222e-05
3.927312034078806846e+02 1.673526558259623790e-06 4.586517789300475210e-05
3.928562034078806846e+02 1.666758113872241351e-06 4.575810798257894471e-05
3.929812034078806846e+02 1.660016519041289346e-06 4.565125009098486839e-05
3.931062034078806846e+02 1.653301669898588171e-06 4.554460393723812670e-05
3.932312034078806846e+02 1.646613462964405625e-06 4.543816924018402890e-05
3.933562034078806846e+02 1.639951795146062061e-06 4.533194571850091714e-05
3.934812034078806846e+02 1.633316563736569412e-06 4.522593309070163686e-05
3.936062034078806846e+02 1.626707666413243330e-06 4.512013107513815146e-05
3.937312034078806846e+02 1.620125001236337770e-06 4.501453939000343287e-05
3.938562034078806846e+02 1.613568466647668771e-06 4.490915775333415174e-05
3.939812034078806846e+02 1.607037961469268308e-06 4.480398588301259507e-05
3.941062034078806846e+02 1.600533384902016972e-06 4.469902349677136222e-05
3.942312034078806846e+02 1.594054636524297399e-06 4.459427031219444232e-05
3.943562034078806846e+02 1.587601616290633509e-06 4.448972604672053461e-05
3.944812034078806846e+02 1.581174224530364267e-06 4.438539041764576578e-05
3.946062034078806846e+02 1.574772361946294568e-06 4.428126314212553981e-05
3.947312034078806846e+02 1.568395929613366883e-06 4.417734393717852927e-05
3.948562034078806846e+02 1.562044828977313411e-06 4.407363251968858617e-05
3.949812034078806846e+02 1.555718961853355889e-06 4.397012860640810980e-05
3.951062034078806846e+02 1.549418230424866643e-06 4.386683191395801280e-05
3.952312034078806846e+02 1.543142537242060977e-06 4.376374215883440939e-05
3.953562034078806846e+02 1.536891785220668186e-06 4.366085905740864923e-05
3.954812034078806846e+02 1.530665877640648083e-06 4.355818232593030572e-05
3.956062034078806846e+02 1.524464718144868570e-06 4.345571168053034735e-05
3.957312034078806846e+02 1.518288210737814551e-06 4.335344683722249290e-05
3.958562034078806846e+02 1.512136259784280745e-06 4.325138751190746696e-05
3.959812034078806846e+02 1.506008770008099867e-06 4.314953342037432807e-05
3.961062034078806846e+02 1.499905646490840741e-06 4.304788427830380266e-05
3.962312034078806846e+02 1.493826794670535203e-06 4.294643980126970802e-05
3.963562034078806846e+02 1.487772120340387868e-06 4.284519970474280805e-05
3.964812034078806846e+02 1.481741529647517427e-06 4.274416370409268347e-05
3.966062034078806846e+02 1.475734929091678273e-06 4.264333151459049655e-05
3.967312034078806846e+02 1.469752225523998205e-06 4.254270285141043445e-05
3.968562034078806846e+02 1.463793326145709362e-06 4.244227742963404605e-05
3.969812034078806846e+02 1.457858138506904778e-06 4.234205496425141418e-05
3.971062034078806846e+02 1.451946570505278208e-06 4.224203517016389333e-05
3.972312034078806846e+02 1.446058530384878570e-06 4.214221776218719952e-05
3.973562034078806846e+02 1.440193926734853791e-06 4.204260245505211512e-05
3.974812034078806846e+02 1.434352668488231081e-06 4.194318896340927283e-05
3.976062034078806846e+02 1.428534664920666288e-06 4.184397700183015183e-05
3.977312034078806846e+02 1.422739825649219725e-06 4.174496628481001866e-05
3.978562034078806846e+02 1.416968060631115903e-06 4.164615652676916050e-05
3.979812034078806846e+02 1.411219280162538623e-06 4.154754744205745915e-05
3.981062034078806846e+02 1.405493394877397911e-06 4.144913874495498058e-05
3.982312034078806846e+02 1.399790315746123418e-06 4.135093014967522750e-05
3.983562034078806846e+02 1.394109954074438340e-06 4.125292137036730102e-05
3.984812034078806846e+02 1.388452221502171244e-06 4.115511212111761506e-05
3.986062034078806846e+02 1.382817030002041631e-06 4.105750211595355547e-05
3.987312034078806846e+02 1.377204291878466683e-06 4.096009106884488277e-05
3.988562034078806846e+02 1.371613919766353602e-06 4.086287869370665949e-05
3.989812034078806846e+02 1.366045826629926048e-06 4.076586470440041567e-05
3.991062034078806846e+02 1.360499925761529609e-06 4.066904881473799779e-05
3.992312034078806846e+02 1.354976130780438970e-06 4.057243073848304597e-05
3.993562034078806846e+02 1.349474355631696626e-06 4.047601018935367742e-05
3.994812034078806846e+02 1.343994514584925559e-06 4.037978688102354349e-05
3.996062034078806846e+02 1.338536522233166680e-06 4.028376052712613262e-05
3.997312034078806846e+02 1.333100293491696588e-06 4.018793084125550218e-05
3.998562034078806846e+02 1.327685743596882799e-06 4.009229753696919225e-05
3.999812034078806846e+02 1.322292788105013999e-06 3.999686032779080060e-05
4.001062034078806846e+02 1.316921342891148925e-06 3.990161892721005724e-05
4.002312034078806846e+02 1.311571324147955291e-06 3.980657304868840806e-05
4.003562034078806846e+02 1.306242648384576039e-06 3.971172240565891317e-05
4.004812034078806846e+02 1.300935232425479277e-06 3.961706671152972993e-05
4.006062034078806846e+02 1.295648993409319657e-06 3.952260567968448560e-05
4.007312034078806846e+02 1.290383848787792972e-06 3.942833902348664808e-05
4.008562034078806846e+02 1.285139716324520194e-06 3.934392241994789132e-05
4.009812034078806846e+02 1.279916514093908845e-06 3.927229172045417535e-05
4.011062034078806846e+02 1.274714160480033225e-06 3.920077147904686249e-05
4.012312034078806846e+02 1.269532574175504677e-06 3.912936157597804541e-05
4.013562034078806846e+02 1.264371674180367483e-06 3.905806189151396561e-05
4.014812034078806846e+02 1.259231379800978025e-06 3.898687230593578593e-05
4.016062034078806846e+02 1.254111610648899833e-06 3.891579269953874350e-05
4.017312034078806846e+02 1.249012286639786980e-06 3.884482295263374895e-05
4.018562034078806846e+02 1.243933327992299251e-06 3.877396294554666812e-05
4.019812034078806846e+02 1.238874655226991463e-06 3.870321255861922333e-05
4.021062034078806846e+02 1.233836189165227788e-06 3.863257167220771938e-05
4.022312034078806846e+02 1.228817850928077639e-06 3.856204016668532723e-05
4.023562034078806846e+02 1.223819561935245875e-06 3.849161792244072867e-05
4.024812034078806846e+02 1.218841243903976944e-06 3.842130481987915316e-05
4.026062034078806846e+02 1.213882818847985085e-06 3.835110073942244553e-05
4.027312034078806846e+02 1.208944209076363348e-06 3.828100556150819189e-05
4.028562034078806846e+02 1.204025337192530736e-06 3.821101916659200320e-05
4.029812034078806846e+02 1.199126126093149690e-06 3.814114143514603806e-05
4.031062034078806846e+02 1.194246498967069843e-06 3.807137224765992428e-05
4.032312034078806846e+02 1.189386379294254195e-06 3.800171148464088084e-05
4.033562034078806846e+02 1.184545690844737261e-06 3.793215902661348753e-05
4.034812034078806846e+02 1.179724357677561620e-06 3.786271475412050482e-05
4.036062034078806846e+02 1.174922304139730348e-06 3.779337854772359221e-05
4.037312034078806846e+02 1.170139454865155428e-06 3.772415028800152602e-05
4.038562034078806846e+02 1.165375734773621826e-06 3.765502985555282863e-05
4.039812034078806846e+02 1.160631069069743737e-06 3.758601713099368134e-05
4.041062034078806846e+02 1.155905383241930569e-06 3.751711199496019443e-05
4.042312034078806846e+02 1.151198603061345937e-06 3.744831432810812261e-05
4.043562034078806846e+02 1.146510654580891229e-06 3.737962401111136060e-05
4.044812034078806846e+02 1.141841464134173913e-06 3.731104092466467405e-05
4.046062034078806846e+02 1.137190958334485597e-06 3.724256494948188344e-05
4.047312034078806846e+02 1.132559064073777540e-06 3.717419596629751075e-05
4.048562034078806846e+02 1.127945708521658191e-06 3.710593385586625088e-05
4.049812034078806846e+02 1.123350819124371876e-06 3.703777849896342569e-05
4.051062034078806846e+02 1.118774323603796759e-06 3.696972977638531601e-05
4.052312034078806846e+02 1.114216149956428193e-06 3.690178756894847050e-05
4.053562034078806846e+02 1.109676226452396369e-06 3.683395175749140644e-05
4.054812034078806846e+02 1.105154481634452846e-06 3.676622222287386437e-05
4.056062034078806846e+02 1.100650844316985236e-06 3.669859884597722146e-05
4.057312034078806846e+02 1.096165243585015167e-06 3.663108150770493871e-05
4.058562034078806846e+02 1.091697608793225252e-06 3.656367008898200530e-05
4.059812034078806846e+02 1.087247869564967214e-06 3.649636447075632097e-05
4.061062034078806846e+02 1.082815955791275728e-06 3.642916453399816745e-05
4.062312034078806846e+02 1.078401797629902380e-06 3.636207015970046598e-05
4.063562034078806846e+02 1.074005325504334166e-06 3.629508122887953623e-05
4.064812034078806846e+02 1.069626470102827030e-06 3.622819762257391724e-05
4.066062034078806846e+02 1.065265162377428387e-06 3.616141922184710502e-05
4.067312034078806846e+02 1.060921333543028446e-06 3.609474590778483528e-05
4.068562034078806846e+02 1.056594915076387180e-06 3.602817756149766519e-05
4.069812034078806846e+02 1.052285838715186709e-06 3.596171406411943517e-05
4.071062034078806846e+02 1.047994036457063140e-06 3.589535529680882062e-05
4.072312034078806846e+02 1.043719440558670174e-06 3.582910114074963691e-05
4.073562034078806846e+02 1.039461983534724500e-06 3.576295147714913847e-05
4.074812034078806846e+02 1.035221598157064527e-06 3.569690618724065482e-05
4.076062034078806846e+02 1.030998217453700438e-06 3.563096515228197101e-05
4.077312034078806846e+02 1.026791774707889443e-06 3.556512825355665576e-05
4.078562034078806846e+02 1.022602203457194089e-06 3.549939537237453582e-05
4.079812034078806846e+02 1.018429437492552429e-06 3.543376639007025941e-05
4.081062034078806846e+02 1.014273410857343956e-06 3.536824118800542392e-05
4.082312034078806846e+02 1.010134057846474388e-06 3.530281964756722070e-05
4.083562034078806846e+02 1.006011313005449219e-06 3.523750165016971577e-05
4.084812034078806846e+02 1.001905111129455966e-06 3.517228707725466295e-05
4.086062034078806846e+02 9.978153872624434370e-07 3.510717581028930160e-05
4.087312034078806846e+02 9.937420766962190122e-07 3.504216773076921618e-05
4.088562034078806846e+02 9.896851149695327853e-07 3.497726272021649989e-05
4.089812034078806846e+02 9.856444378671756870e-07 3.491246066018234323e-05
4.091062034078806846e+02 9.816199814190693473e-07 3.484776143224431667e-05
4.092312034078806846e+02 9.776116818993762882e-07 3.478316491800908795e-05
4.093562034078806846e+02 9.736194758255969857e-07 3.471867099911159541e-05
4.094812034078806846e+02 9.696432999576813330e-07 3.465427955721458715e-05
4.096062034078806846e+02 9.656830912971280321e-07 3.458999047401098599e-05
4.097312034078806846e+02 9.617387870861104564e-07 3.452580363122153130e-05
4.098562034078806846e+02 9.578103248065843009e-07 3.446171891059675091e-05
4.099812034078806846e+02 9.538976421794104800e-07 3.439773619391681879e-05
4.101062034078806846e+02 9.500006771634696602e-07 3.433385536299085036e-05
4.102312034078806846e+02 9.461193679547982867e-07 3.427007629965930124e-05
4.103562034078806846e+02 9.422536529857090453e-07 3.420639888579127030e-05
4.104812034078806846e+02 9.384034709239255127e-07 3.414282300328716279e-05
4.106062034078806846e+02 9.345687606717091828e-07 3.407934853407799909e-05
4.107312034078806846e+02 9.307494613650072459e-07 3.401597536012477776e-05
4.108562034078806846e+02 9.269455123725860741e-07 3.395270336342105734e-05
4.109812034078806846e+02 9.231568532951761411e-07 3.388953242599024578e-05
4.111062034078806846e+02 9.193834239646139784e-07 3.382646242988808060e-05
4.112312034078806846e+02 9.156251644429980007e-07 3.376349325720199868e-05
4.113562034078806846e+02 9.118820150218364967e-07 3.370062479005062804e-05
4.114812034078806846e+02 9.081539162212051490e-07 3.363785691058637637e-05
4.116062034078806846e+02 9.044408087888965072e-07 3.357518950099244270e-05
4.117312034078806846e+02 9.007426336995931778e-07 3.351262244348564989e-05
4.118562034078806846e+02 8.970593321540250263e-07 3.345015562031495383e-05
4.119812034078806846e+02 8.933908455781364381e-07 3.338778891376348312e-05
4.121062034078806846e+02 8.897371156222511440e-07 3.332552220614696018e-05
4.122312034078806846e+02 8.860980841602548335e-07 3.326335537981452118e-05
4.123562034078806846e+02 8.824736932887646386e-07 3.320128831714965796e-05
4.124812034078806846e+02 8.788638853263031712e-07 3.313932090056901183e-05
4.126062034078806846e+02 8.752686028124883360e-07 3.307745301252452166e-05
4.127312034078806846e+02 8.716877885072125554e-07 3.301568453550210929e-05
4.128562034078806846e+02 8.681213853898312063e-07 3.295401535202199122e-05
4.129812034078806846e+02 8.645693366583457625e-07 3.289244534463994579e-05
4.131062034078806846e+02 8.610315857286068427e-07 3.283097439594603244e-05
4.132312034078806846e+02 8.575080762335029647e-07 3.276960238856676692e-05
4.133562034078806846e+02 8.539987520221608402e-07 3.270832920516372538e-05
4.134812034078806846e+02 8.505035571591415408e-07 3.264715472843380861e-05
4.136062034078806846e+02 8.470224359236526516e-07 3.258607884111085483e-05
4.137312034078806846e+02 8.435553328087480362e-07 3.252510142596387106e-05
4.138562034078806846e+02 8.401021925205408379e-07 3.246422236579976395e-05
4.139812034078806846e+02 8.366629599774098095e-07 3.240344154346079872e-05
4.141062034078806846e+02 8.332375803092223723e-07 3.234275884182691660e-05
4.142312034078806846e+02 8.298259988565467698e-07 3.228217414381498945e-05
4.143562034078806846e+02 8.264281611698753382e-07 3.222168733237940253e-05
4.144812034078806846e+02 8.230440130088401541e-07 3.216129829051217649e-05
4.146062034078806846e+02 8.196735003414505989e-07 3.210100690124267594e-05
4.147312034078806846e+02 8.163165693433129239e-07 3.204081304763884276e-05
4.148562034078806846e+02 8.129731663968660146e-07 3.198071661280680309e-05
4.149812034078806846e+02 8.096432380906087909e-07 3.192071747989103672e-05
4.151062034078806846e+02 8.063267312183465598e-07 3.186081553207497339e-05
4.152312034078806846e+02 8.030235927784226502e-07 3.180101065258058625e-05
4.153562034078806846e+02 7.997337699729650831e-07 3.174130272466934048e-05
4.154812034078806846e+02 7.964572102071235011e-07 3.168169163164200362e-05
4.156062034078806846e+02 7.931938610883269553e-07 3.162217725683897756e-05
4.157312034078806846e+02 7.899436704255266582e-07 3.156275948364077968e-05
4.158562034078806846e+02 7.867065862284523945e-07 3.150343819546720257e-05
4.159812034078806846e+02 7.834825567068609913e-07 3.144421327577918431e-05
4.161062034078806846e+02 7.802715302698033164e-07 3.138508460807729056e-05
4.162312034078806846e+02 7.770734555248788903e-07 3.132605207590388296e-05
4.163562034078806846e+02 7.738882812775011900e-07 3.126711556284161484e-05
4.164812034078806846e+02 7.707159565301579780e-07 3.120827495251404782e-05
4.166062034078806846e+02 7.675564304816884654e-07 3.114953012858689187e-05
4.167312034078806846e+02 7.644096525265470289e-07 3.109088097476646036e-05
4.168562034078806846e+02 7.612755722540817497e-07 3.103232737480202135e-05
4.169812034078806846e+02 7.581541394478020483e-07 3.097386921248439500e-05
4.171062034078806846e+02 7.550453040846664355e-07 3.091550637164624485e-05
4.172312034078806846e+02 7.519490163343589344e-07 3.085723873616323665e-05
4.173562034078806846e+02 7.488652265585747142e-07 3.079906618995376723e-05
4.174812034078806846e+02 7.457938853102992647e-07 3.074098861697891714e-05
4.176062034078806846e+02 7.427349433331079008e-07 3.068300590124323663e-05
4.177312034078806846e+02 7.396883515604494894e-07 3.062511792679401386e-05
4.178562034078806846e+02 7.366540611149429892e-07 3.056732457772275889e-05
4.179812034078806846e+02 7.336320233076686957e-07 3.050962573816463786e-05
4.181062034078806846e+02 7.306221896374743094e-07 3.045202129229861865e-05
4.182312034078806846e+02 7.276245117902710512e-07 3.039451112434838235e-05
4.183562034078806846e+02 7.246389416383399430e-07 3.033709511858137113e-05
4.184812034078806846e+02 7.216654312396322636e-07 3.027977315931022149e-05
4.186062034078806846e+02 7.187039328370858881e-07 3.022254513089235760e-05
4.187312034078806846e+02 7.157543988579319907e-07 3.016541091773049281e-05
4.188562034078806846e+02 7.128167819130055602e-07 3.010837040427210786e-05
4.189812034078806846e+02 7.098910347960676677e-07 3.005142347501076885e-05
4.191062034078806846e+02 7.069771104831186288e-07 2.999457001448564613e-05
4.192312034078806846e+02 7.040749621317233420e-07 2.993780990728188023e-05
4.193562034078806846e+02 7.011845430803256151e-07 2.988114303803090371e-05
4.194812034078806846e+02 6.983058068475841976e-07 2.982456929141024470e-05
4.196062034078806846e+02 6.954387071316937780e-07 2.976808855214417056e-05
4.197312034078806846e+02 6.925831978097192155e-07 2.971170070500445029e-05
4.198562034078806846e+02 6.897392329369209845e-07 2.965540563480878916e-05
4.199812034078806846e+02 6.869067667460997827e-07 2.959920322642307848e-05
4.201062034078806846e+02 6.840857536469286457e-07 2.954309336476005723e-05
4.202312034078806846e+02 6.812761482252932140e-07 2.948707593478031499e-05
4.203562034078806846e+02 6.784779052426299889e-07 2.943115082149310507e-05
4.204812034078806846e+02 6.756909796352793048e-07 2.937531790995462334e-05
4.206062034078806846e+02 6.729153265138247496e-07 2.931957708527028168e-05
4.207312034078806846e+02 6.701509011624461374e-07 2.926392823259336628e-05
4.208562034078806846e+02 6.673976590382659166e-07 2.920837123712649114e-05
4.209812034078806846e+02 6.646555557707094485e-07 2.915290598412098819e-05
4.211062034078806846e+02 6.619245471608564974e-07 2.909753235887740876e-05
4.212312034078806846e+02 6.592045891808018267e-07 2.904225024674586577e-05
4.213562034078806846e+02 6.564956379730103951e-07 2.898705953312563394e-05
4.214812034078806846e+02 6.537976498496882231e-07 2.893196010346616283e-05
4.216062034078806846e+02 6.511105812921420357e-07 2.887695184326691082e-05
4.217312034078806846e+02 6.484343889501497053e-07 2.882203463807750436e-05
4.218562034078806846e+02 6.457690296413236007e-07 2.876720837349819876e-05
4.219812034078806846e+02 6.431144603504909824e-07 2.871247293517934624e-05
4.221062034078806846e+02 6.404706382290626454e-07 2.865782820882274441e-05
4.222312034078806846e+02 6.378375205944117264e-07 2.860327408018111111e-05
4.223562034078806846e+02 6.352150649292470053e-07 2.854881043505835210e-05
4.224812034078806846e+02 6.326032288810021945e-07 2.849443715931007260e-05
4.226062034078806846e+02 6.300019702612123110e-07 2.844015413884292347e-05
4.227312034078806846e+02 6.274112470449024358e-07 2.838596125961661369e-05
4.228562034078806846e+02 6.248310173699695924e-07 2.833185840764177246e-05
4.229812034078806846e+02 6.222612395365799760e-07 2.827784546898219557e-05
4.231062034078806846e+02 6.197018720065554906e-07 2.822392232975359853e-05
4.232312034078806846e+02 6.171528734027699203e-07 2.817008887612456526e-05
4.233562034078806846e+02 6.146142025085413946e-07 2.811634499431737140e-05
4.234812034078806846e+02 6.120858182670359716e-07 2.806269057060621232e-05
4.236062034078806846e+02 6.095676797806643387e-07 2.800912549131956804e-05
4.237312034078806846e+02 6.070597463104866661e-07 2.795564964283875990e-05
4.238562034078806846e+02 6.045619772756117428e-07 2.790226291159919397e-05
4.239812034078806846e+02 6.020743322526118884e-07 2.784896518409076425e-05
4.241062034078806846e+02 5.995967709749270658e-07 2.779575634685643644e-05
4.242312034078806846e+02 5.971292533322771460e-07 2.774263628649442314e-05
4.243562034078806846e+02 5.946717393700711024e-07 2.768960488965689293e-05
4.244812034078806846e+02 5.922241892888297585e-07 2.763666204305094615e-05
4.246062034078806846e+02 5.897865634435976284e-07 2.758380763343928243e-05
4.247312034078806846e+02 5.873588223433647121e-07 2.753104154763873692e-05
4.248562034078806846e+02 5.849409266504836299e-07 2.747836367252225905e-05
4.249812034078806846e+02 5.825328371801010522e-07 2.742577389501778083e-05
4.251062034078806846e+02 5.801345148995779053e-07 2.737327210210932141e-05
4.252312034078806846e+02 5.777459209279149769e-07 2.732085818083729200e-05
4.253562034078806846e+02 5.753670165351891103e-07 2.726853201829733715e-05
4.254812034078806846e+02 5.729977631419809272e-07 2.721629350164228627e-05
4.256062034078806846e+02 5.706381223188102808e-07 2.716414251808069340e-05
4.257312034078806846e+02 5.682880557855678962e-07 2.711207895487892426e-05
4.258562034078806846e+02 5.659475254109608817e-07 2.706010269935925553e-05
4.259812034078806846e+02 5.636164932119462757e-07 2.700821363890178574e-05
4.261062034078806846e+02 5.612949213531766631e-07 2.695641166094383558e-05
4.262312034078806846e+02 5.589827721464396519e-07 2.690469665297972088e-05
4.263562034078806846e+02 5.566800080501097364e-07 2.685306850256254498e-05
4.264812034078806846e+02 5.543865916685923263e-07 2.680152709730232162e-05
4.266062034078806846e+02 5.521024857517761401e-07 2.675007232486770976e-05
4.267312034078806846e+02 5.498276531944801977e-07 2.669870407298568146e-05
4.268562034078806846e+02 5.475620570359138378e-07 2.664742222944126444e-05
4.269812034078806846e+02 5.453056604591297458e-07 2.659622668207908027e-05
4.271062034078806846e+02 5.430584267904820646e-07 2.654511731880164352e-05
4.272312034078806846e+02 5.408203194990836583e-07 2.649409402757123879e-05
4.273562034078806846e+02 5.385913021962722697e-07 2.644315669640926681e-05
4.274812034078806846e+02 5.363713386350724426e-07 2.639230521339613601e-05
4.276062034078806846e+02 5.341603927096606203e-07 2.634153946667295660e-05
4.277312034078806846e+02 5.319584284548299271e-07 2.629085934443959235e-05
4.278562034078806846e+02 5.297654100454656426e-07 2.624026473495669017e-05
4.279812034078806846e+02 5.275813017960122067e-07 2.618975552654443316e-05
4.281062034078806846e+02 5.254060681599484823e-07 2.613933160758429917e-05
4.282312034078806846e+02 5.232396737292594188e-07 2.608899286651793244e-05
4.283562034078806846e+02 5.210820832339184090e-07 2.603873919184745202e-05
4.284812034078806846e+02 5.189332615413623404e-07 2.598857047213657656e-05
4.286062034078806846e+02 5.167931736559749049e-07 2.593848659600951981e-05
4.287312034078806846e+02 5.146617847185649329e-07 2.588848745215261012e-05
4.288562034078806846e+02 5.125390600058567965e-07 2.583857292931329439e-05
4.289812034078806846e+02 5.104249649299732964e-07 2.578874291630065977e-05
4.291062034078806846e+02 5.083194650379257478e-07 2.573899730198603002e-05
4.292312034078806846e+02 5.062225260110997254e-07 2.568933597530226413e-05
4.293562034078806846e+02 5.041341136647539379e-07 2.563975882524534538e-05
4.294812034078806846e+02 5.020541939475087256e-07 2.559026574087323955e-05
4.296062034078806846e+02 4.999827329408450408e-07 2.554085661130631163e-05
4.297312034078806846e+02 4.979196968585971805e-07 2.549153132572840326e-05
4.298562034078806846e+02 4.958650520464586490e-07 2.544228977338555201e-05
4.299812034078806846e+02 4.938187649814781729e-07 2.539313184358803105e-05
4.301062034078806846e+02 4.917808022715658812e-07 2.534405742570854325e-05
4.302312034078806846e+02 4.897511306549932381e-07 2.529506640918387803e-05
4.303562034078806846e+02 4.877297169999058930e-07 2.524615868351452841e-05
4.304812034078806846e+02 4.857165283038278489e-07 2.519733413826445056e-05
4.306062034078806846e+02 4.837115316931730420e-07 2.514859266306261547e-05
4.307312034078806846e+02 4.817146944227550151e-07 2.509993414760132511e-05
4.308562034078806846e+02 4.797259838753040036e-07 2.505135848163786582e-05
4.309812034078806846e+02 4.777453675609803144e-07 2.500286555499400007e-05
4.311062034078806846e+02 4.757728131168921528e-07 2.495445525755643745e-05
4.312312034078806846e+02 4.738082883066118077e-07 2.490612747927684818e-05
4.313562034078806846e+02 4.718517610197009958e-07 2.485788211017175134e-05
4.314812034078806846e+02 4.699031992712305935e-07 2.480971904032347369e-05
4.316062034078806846e+02 4.679625712013053458e-07 2.476163815987958384e-05
4.317312034078806846e+02 4.660298450745871984e-07 2.471363935905346827e-05
4.318562034078806846e+02 4.641049892798273650e-07 2.466572252812442956e-05
4.319812034078806846e+02 4.621879723293937360e-07 2.461788755743749325e-05
4.321062034078806846e+02 4.602787628587986571e-07 2.457013433740426507e-05
4.322312034078806846e+02 4.583773296262374029e-07 2.452246275850255148e-05
4.323562034078806846e+02 4.564836415121188674e-07 2.447487271127684412e-05
4.324812034078806846e+02 4.545976675186031367e-07 2.442736408633839099e-05
4.326062034078806846e+02 4.527193767691360979e-07 2.437993677436498641e-05
4.327312034078806846e+02 4.508487385079943172e-07 2.433259066610207212e-05
4.328562034078806846e+02 4.489857220998224542e-07 2.428532565236161245e-05
4.329812034078806846e+02 4.471302970291773995e-07 2.423814162402384258e-05
4.331062034078806846e+02 4.452824329000708237e-07 2.419103847203605897e-05
4.332312034078806846e+02 4.434420994355184504e-07 2.414401608741326992e-05
4.333562034078806846e+02 4.416092664770858873e-07 2.409707436123857501e-05
4.334812034078806846e+02 4.397839039844392752e-07 2.405021318466316169e-05
4.336062034078806846e+02 4.379659820348930259e-07 2.400343244890652217e-05
4.337312034078806846e+02 4.361554708229678821e-07 2.395673204525651439e-05
4.338562034078806846e+02 4.343523406599409317e-07 2.391011186506939587e-05
4.339812034078806846e+02 4.325565619734054148e-07 2.386357179977043700e-05
4.341062034078806846e+02 4.307681053068224320e-07 2.381711174085378551e-05
4.342312034078806846e+02 4.289869413190864164e-07 2.377073157988266974e-05
4.343562034078806846e+02 4.272130407840832998e-07 2.372443120848956126e-05
4.344812034078806846e+02 4.254463745902532320e-07 2.367821051837620203e-05
4.346062034078806846e+02 4.236869137401521357e-07 2.363206940131408885e-05
4.347312034078806846e+02 4.219346293500221017e-07 2.358600774914443272e-05
4.348562034078806846e+02 4.201894926493554845e-07 2.354002545377841972e-05
4.349812034078806846e+02 4.184514749804649273e-07 2.349412240719699418e-05
4.351062034078806846e+02 4.167205477980509519e-07 2.344829850145164135e-05
4.352312034078806846e+02 4.149966826687781771e-07 2.340255362866406887e-05
4.353562034078806846e+02 4.132798512708462438e-07 2.335688768102667438e-05
4.354812034078806846e+02 4.115700253935662457e-07 2.331130055080251500e-05
4.356062034078806846e+02 4.098671769369338246e-07 2.326579213032524299e-05
4.357312034078806846e+02 4.081712779112128536e-07 2.322036231199989511e-05
4.358562034078806846e+02 4.064823004365108089e-07 2.317501098830252002e-05
4.359812034078806846e+02 4.048002167423631945e-07 2.312973805178054752e-05
4.361062034078806846e+02 4.031249991673116136e-07 2.308454339505296474e-05
4.362312034078806846e+02 4.014566201584939108e-07 2.303942691081014340e-05
4.363562034078806846e+02 3.997950522712258964e-07 2.299438849181438522e-05
4.364812034078806846e+02 3.981402681685917005e-07 2.294942803090035903e-05
4.366062034078806846e+02 3.964922406210280909e-07 2.290454542097418938e-05
4.367312034078806846e+02 3.948509425059199096e-07 2.285974055501478126e-05
4.368562034078806846e+02 3.932163468071895264e-07 2.281501332607299004e-05
4.369812034078806846e+02 3.915884266148906863e-07 2.277036362727254302e-05
4.371062034078806846e+02 3.899671551248014046e-07 2.272579135181021563e-05
4.372312034078806846e+02 3.883525056380240085e-07 2.268129639295494711e-05
4.373562034078806846e+02 3.867444515605802550e-07 2.263687864404926014e-05
4.374812034078806846e+02 3.851429664030124320e-07 2.259253799850849514e-05
4.376062034078806846e+02 3.835480237799805405e-07 2.254827434982155905e-05
4.377312034078806846e+02 3.819595974098695893e-07 2.250408759155076943e-05
4.378562034078806846e+02 3.803776611143898483e-07 2.245997761733212555e-05
4.379812034078806846e+02 3.788021888181840372e-07 2.241594432087539988e-05
4.381062034078806846e+02 3.772331545484304373e-07 2.237198759596405675e-05
4.382312034078806846e+02 3.756705324344558503e-07 2.232810733645586559e-05
4.383562034078806846e+02 3.741142967073422051e-07 2.228430343628287725e-05
4.384812034078806846e+02 3.725644216995362335e-07 2.224057578945132232e-05
4.386062034078806846e+02 3.710208818444653944e-07 2.219692429004211263e-05
4.387312034078806846e+02 3.694836516761489268e-07 2.215334883221056671e-05
4.388562034078806846e+02 3.679527058288153081e-07 2.210984931018703333e-05
4.389812034078806846e+02 3.664280190365146309e-07 2.206642561827674233e-05
4.391062034078806846e+02 3.649095661327420972e-07 2.202307765086000793e-05
4.392312034078806846e+02 3.633973220500538883e-07 2.197980530239249304e-05
4.393562034078806846e+02 3.618912618196899709e-07 2.193660846740475519e-05
4.394812034078806846e+02 3.603913605711929852e-07 2.189348704050366623e-05
4.396062034078806846e+02 3.588975935320363443e-07 2.185044091637103667e-05
4.397312034078806846e+02 3.574099360272467222e-07 2.180746998976494389e-05
4.398562034078806846e+02 3.559283634790314655e-07 2.176457415551898334e-05
4.399812034078806846e+02 3.544528514064036219e-07 2.172175330854308507e-05
4.401062034078806846e+02 3.529833754248153875e-07 2.167900734382369331e-05
4.402312034078806846e+02 3.515199112457858352e-07 2.163633615642297027e-05
4.403562034078806846e+02 3.500624346765338847e-07 2.159373964148008021e-05
4.404812034078806846e+02 3.486109216196095792e-07 2.155121769421042039e-05
4.406062034078806846e+02 3.471653480725317131e-07 2.150877020990637315e-05
4.407312034078806846e+02 3.457256901274217028e-07 2.146639708393750253e-05
4.408562034078806846e+02 3.442919239706423268e-07 2.142409821174987654e-05
4.409812034078806846e+02 3.428640258824331840e-07 2.138187348886715143e-05
4.411062034078806846e+02 3.414419722365549398e-07 2.133972281088991437e-05
4.412312034078806846e+02 3.400257394999277490e-07 2.129764607349640850e-05
4.413562034078806846e+02 3.386153042322757134e-07 2.125564317244279383e-05
4.414812034078806846e+02 3.372106430857675815e-07 2.121371400356227989e-05
4.416062034078806846e+02 3.358117328046665532e-07 2.117185846276643013e-05
4.417312034078806846e+02 3.344185502249724079e-07 2.113007644604432167e-05
4.418562034078806846e+02 3.330310722740728982e-07 2.108836784946381589e-05
4.419812034078806846e+02 3.316492759703908013e-07 2.104673256917027088e-05
4.421062034078806846e+02 3.302731384230354712e-07 2.100517050138790690e-05
4.422312034078806846e+02 3.289026368314536492e-07 2.096368154241931846e-05
4.423562034078806846e+02 3.275377484850832390e-07 2.092226558864543031e-05
4.424812034078806846e+02 3.261784507630072942e-07 2.088092253652652400e-05
4.426062034078806846e+02 3.248247211336109695e-07 2.083965228260122149e-05
4.427312034078806846e+02 3.234765371542332317e-07 2.079845472348735923e-05
4.428562034078806846e+02 3.221338764708329166e-07 2.075732975588202210e-05
4.429812034078806846e+02 3.207967168176429812e-07 2.071627727656117406e-05
4.431062034078806846e+02 3.194650360168319547e-07 2.067529718238079659e-05
4.432312034078806846e+02 3.181388119781665549e-07 2.063438937027572991e-05
4.433562034078806846e+02 3.168180226986745695e-07 2.059355373726080469e-05
4.434812034078806846e+02 3.155026462623091656e-07 2.055279018043070643e-05
4.436062034078806846e+02 3.141926608396160064e-07 2.051209859695952154e-05
4.437312034078806846e+02 3.128880446873950728e-07 2.047147888410206202e-05
4.438562034078806846e+02 3.115887761483766207e-07 2.043093093919260515e-05
4.439812034078806846e+02 3.102948336508850147e-07 2.039045465964604538e-05
4.441062034078806846e+02 3.090061957085110323e-07 2.035004994295765385e-05
4.442312034078806846e+02 3.077228409197834266e-07 2.030971668670277677e-05
4.443562034078806846e+02 3.064447479678421307e-07 2.026945478853815007e-05
4.444812034078806846e+02 3.051718956201123616e-07 2.022926414620047976e-05
4.446062034078806846e+02 3.039042627279819009e-07 2.018914465750781072e-05
4.447312034078806846e+02 3.026418282264719692e-07 2.014909622035872033e-05
4.448562034078806846e+02 3.013845711339230300e-07 2.010911873273342303e-05
4.449812034078806846e+02 3.001324705516686821e-07 2.006921209269302826e-05
4.451062034078806846e+02 2.988855056637175985e-07 2.002937619837987594e-05
4.452312034078806846e+02 2.976436557364343010e-07 1.998961094801798030e-05
4.453562034078806846e+02 2.964069001182225289e-07 1.994991623991256908e-05
4.454812034078806846e+02 2.951752182392098776e-07 1.991029197245102204e-05
4.456062034078806846e+02 2.939485896109278852e-07 1.987073804410225097e-05
4.457312034078806846e+02 2.927269938260054064e-07 1.983125435341688938e-05
4.458562034078806846e+02 2.915104105578517692e-07 1.979184079902791254e-05
4.459812034078806846e+02 2.902988195603453847e-07 1.975249727965000732e-05
4.461062034078806846e+02 2.890922006675242621e-07 1.971322369408065635e-05
4.462312034078806846e+02 2.878905337932768419e-07 1.967401994119934183e-05
4.463562034078806846e+02 2.866937989310332522e-07 1.963488591996789110e-05
4.464812034078806846e+02 2.855019761534600065e-07 1.959582152943103572e-05
4.466062034078806846e+02 2.843150456121498834e-07 1.955682666871574397e-05
4.467312034078806846e+02 2.831329875373239303e-07 1.951790123703238300e-05
4.468562034078806846e+02 2.819557822375231960e-07 1.947904513367365156e-05
4.469812034078806846e+02 2.807834100993078223e-07 1.944025825801556594e-05
4.471062034078806846e+02 2.796158515869561356e-07 1.940154050951712120e-05
4.472312034078806846e+02 2.784530872421636325e-07 1.936289178772065362e-05
4.473562034078806846e+02 2.772950976837449833e-07 1.932431199225179673e-05
4.474812034078806846e+02 2.761418636073364583e-07 1.928580102281943383e-05
4.476062034078806846e+02 2.749933657850955490e-07 1.924735877921621301e-05
4.477312034078806846e+02 2.738495850654111768e-07 1.920898516131833031e-05
4.478562034078806846e+02 2.727105023726054320e-07 1.917068006908580075e-05
4.479812034078806846e+02 2.715760987066407112e-07 1.913244340256246850e-05
4.481062034078806846e+02 2.704463551428275451e-07 1.909427506187600691e-05
4.482312034078806846e+02 2.693212528315334298e-07 1.905617494723828100e-05
4.483562034078806846e+02 2.682007729978925069e-07 1.901814295894530004e-05
4.484812034078806846e+02 2.670848969415177311e-07 1.898017899737734971e-05
4.486062034078806846e+02 2.659736060362083788e-07 1.894228296299911742e-05
4.487312034078806846e+02 2.648668817296698393e-07 1.890445475635953309e-05
4.488562034078806846e+02 2.637647055432229765e-07 1.886669427809239258e-05
4.489812034078806846e+02 2.626670590715209551e-07 1.882900142891581557e-05
4.491062034078806846e+02 2.615739239822652203e-07 1.879137610963308580e-05
4.492312034078806846e+02 2.604852820159226412e-07 1.875381822113219373e-05
4.493562034078806846e+02 2.594011149854444549e-07 1.871632766438583307e-05
4.494812034078806846e+02 2.583214047759863752e-07 1.867890434045216659e-05
4.496062034078806846e+02 2.572461333446249421e-07 1.864154815047403322e-05
4.497312034078806846e+02 2.561752827200854128e-07 1.860425899568005599e-05
4.498562034078806846e+02 2.551088350024599113e-07 1.856703677738396106e-05
4.499812034078806846e+02 2.540467723629326192e-07 1.852988139698473011e-05
4.501062034078806846e+02 2.529890770435036960e-07 1.849279275596707814e-05
4.502312034078806846e+02 2.519357313567157402e-07 1.845577075590139920e-05
4.503562034078806846e+02 2.508867176853800388e-07 1.841881529844370207e-05
4.504812034078806846e+02 2.498420184823053584e-07 1.838192628533588126e-05
4.506062034078806846e+02 2.488016162700227647e-07 1.834510361840557474e-05
4.507312034078806846e+02 2.477654936405214546e-07 1.830834719956658067e-05
4.508562034078806846e+02 2.467336332549752175e-07 1.827165693081880997e-05
4.509812034078806846e+02 2.457060178434756194e-07 1.823503271424822871e-05
4.511062034078806846e+02 2.446826302047648706e-07 1.819847445202726471e-05
4.512312034078806846e+02 2.436634532059690098e-07 1.816198204641438399e-05
4.513562034078806846e+02 2.426484697823342652e-07 1.812555539975477522e-05
4.514812034078806846e+02 2.416376629369587040e-07 1.808919441448009554e-05
4.516062034078806846e+02 2.406310157405350521e-07 1.805289899310871799e-05
4.517312034078806846e+02 2.396285113310843019e-07 1.801666903824545018e-05
4.518562034078806846e+02 2.386301329136955146e-07 1.798050445258216119e-05
4.519812034078806846e+02 2.376358637602657018e-07 1.794440513889752065e-05
4.521062034078806846e+02 2.366456872092404741e-07 1.790837100005719524e-05
4.522312034078806846e+02 2.356595866653556174e-07 1.787240193901393001e-05
4.523562034078806846e+02 2.346775455993807854e-07 1.783649785880746030e-05
4.524812034078806846e+02 2.336995475478594075e-07 1.780065866256491154e-05
4.526062034078806846e+02 2.327255761128586561e-07 1.776488425350067048e-05
4.527312034078806846e+02 2.317556149617115768e-07 1.772917453491649703e-05
4.528562034078806846e+02 2.307896478267645148e-07 1.769352941020173767e-05
4.529812034078806846e+02 2.298276585051242486e-07 1.765794878283306123e-05
4.531062034078806846e+02 2.288696308584063946e-07 1.762243255637485525e-05
4.532312034078806846e+02 2.279155488124853741e-07 1.758698063447958177e-05
4.533562034078806846e+02 2.269653963572448028e-07 1.755159292088695060e-05
4.534812034078806846e+02 2.260191575463254191e-07 1.751626931942497305e-05
4.536062034078806846e+02 2.250768164968832567e-07 1.748100973400928767e-05
4.537312034078806846e+02 2.241383573893379693e-07 1.744581406864381080e-05
4.538562034078806846e+02 2.232037644671287267e-07 1.741068222742052308e-05
4.539812034078806846e+02 2.222730220364687603e-07 1.737561411451956777e-05
4.541062034078806846e+02 2.213461144661012061e-07 1.734060963420946071e-05
4.542312034078806846e+02 2.204230261870561119e-07 1.730566869084679567e-05
4.543562034078806846e+02 2.195037416924087154e-07 1.727079118887686089e-05
4.544812034078806846e+02 2.185882455370350487e-07 1.723597703283335456e-05
4.546062034078806846e+02 2.176765223373763041e-07 1.720122612733855077e-05
4.547312034078806846e+02 2.167685567711957625e-07 1.716653837710345880e-05
4.548562034078806846e+02 2.158643335773412006e-07 1.713191368692752154e-05
4.549812034078806846e+02 2.149638375555071125e-07 1.709735196169927620e-05
4.551062034078806846e+02 2.140670535659977261e-07 1.706285310639607650e-05
4.552312034078806846e+02 2.131739665294912631e-07 1.702841702608409599e-05
4.553562034078806846e+02 2.122845614268053110e-07 1.699404362591872117e-05
4.554812034078806846e+02 2.113988232986597068e-07 1.695973281114408044e-05
4.556062034078806846e+02 2.105167372454478115e-07 1.692548448709393525e-05
4.557312034078806846e+02 2.096382884270011143e-07 1.689129855919081611e-05
4.558562034078806846e+02 2.087634620623583634e-07 1.685717493294690687e-05
4.559812034078806846e+02 2.078922434295347496e-07 1.682311351396343488e-05
4.561062034078806846e+02 2.070246178652924394e-07 1.678911420793120969e-05
4.562312034078806846e+02 2.061605707649111616e-07 1.675517692063079923e-05
4.563562034078806846e+02 2.053000875819613351e-07 1.672130155793186915e-05
4.564812034078806846e+02 2.044431538280733841e-07 1.668748802579408743e-05
4.566062034078806846e+02 2.035897550727165046e-07 1.665373623026655516e-05
4.567312034078806846e+02 2.027398769429693823e-07 1.662004607748826735e-05
4.568562034078806846e+02 2.018935051232970793e-07 1.658641747368826879e-05
4.569812034078806846e+02 2.010506253553266762e-07 1.655285032518508820e-05
4.571062034078806846e+02 2.002112234376244230e-07 1.651934453838758190e-05
4.572312034078806846e+02 1.993752852254737633e-07 1.648590001979433073e-05
4.573562034078806846e+02 1.985427966306547886e-07 1.645251667599411773e-05
4.574812034078806846e+02 1.977137436212205415e-07 1.641919441366618572e-05
4.576062034078806846e+02 1.968881122212822407e-07 1.638593313957949180e-05
4.577312034078806846e+02 1.960658885107875695e-07 1.635273276059364937e-05
4.578562034078806846e+02 1.952470586253029356e-07 1.631959318365832834e-05
4.579812034078806846e+02 1.944316087557967895e-07 1.628651431581373967e-05
4.581062034078806846e+02 1.936195251484234460e-07 1.625349606419078106e-05
4.582312034078806846e+02 1.928107941043078581e-07 1.622053833601044064e-05
4.583562034078806846e+02 1.920054019793282471e-07 1.618764103858464059e-05
4.584812034078806846e+02 1.912033351839070449e-07 1.615480407931556633e-05
4.586062034078806846e+02 1.904045801827940793e-07 1.612202736569665583e-05
4.587312034078806846e+02 1.896091234948558749e-07 1.608931080531153572e-05
4.588562034078806846e+02 1.888169516928637363e-07 1.605665430583500051e-05
4.589812034078806846e+02 1.880280514032832067e-07 1.602405777503265678e-05
4.591062034078806846e+02 1.872424093060644017e-07 1.599152112076078770e-05
4.592312034078806846e+02 1.864600121344334798e-07 1.595904425096713905e-05
4.593562034078806846e+02 1.856808466746817047e-07 1.592662707369002815e-05
4.594812034078806846e+02 1.849048997659621050e-07 1.589426949705910957e-05
4.596062034078806846e+02 1.841321583000800445e-07 1.586197142929519219e-05
4.597312034078806846e+02 1.833626092212881615e-07 1.582973277871003588e-05
4.598562034078806846e+02 1.825962395260809630e-07 1.579755345370712066e-05
4.599812034078806846e+02 1.818330362629907427e-07 1.576543336278074878e-05
4.601062034078806846e+02 1.810729865323839491e-07 1.573337241451687146e-05
4.602312034078806846e+02 1.803160774862591682e-07 1.570137051759282461e-05
4.603562034078806846e+02 1.795622963280421146e-07 1.566942758077714251e-05
4.604812034078806846e+02 1.788116303123888822e-07 1.563754351293038784e-05
4.606062034078806846e+02 1.780640667449822855e-07 1.560571822300417595e-05
4.607312034078806846e+02 1.773195929823333097e-07 1.557395162004207269e-05
4.608562034078806846e+02 1.765781964315817138e-07 1.554224361317896425e-05
4.609812034078806846e+02 1.758398645502981430e-07 1.551059411164190413e-05
4.611062034078806846e+02 1.751045848462864251e-07 1.547900302474943221e-05
4.612312034078806846e+02 1.743723448773877213e-07 1.544747026191181861e-05
4.613562034078806846e+02 1.736431322512817380e-07 1.541599573263143305e-05
4.614812034078806846e+02 1.729169346252957471e-07 1.538457934650221969e-05
4.616062034078806846e+02 1.721937397062072540e-07 1.535322101321048992e-05
4.617312034078806846e+02 1.714735352500509269e-07 1.532192064253427527e-05
4.618562034078806846e+02 1.707563090619257646e-07 1.529067814434363566e-05
4.619812034078806846e+02 1.700420489958027406e-07 1.525949342860088989e-05
4.621062034078806846e+02 1.693307429543331883e-07 1.522836640536017510e-05
4.622312034078806846e+02 1.686223788886588272e-07 1.519729698476823117e-05
4.623562034078806846e+02 1.679169447982190368e-07 1.516628507706376880e-05
4.624812034078806846e+02 1.672144287305652504e-07 1.513533059257767284e-05
4.626062034078806846e+02 1.665148187811700019e-07 1.510443344173336646e-05
4.627312034078806846e+02 1.658181030932393877e-07 1.507359353504629451e-05
4.628562034078806846e+02 1.651242698575261104e-07 1.504281078312469261e-05
4.629812034078806846e+02 1.644333073121427610e-07 1.501208509666900606e-05
4.631062034078806846e+02 1.637452037423763191e-07 1.498141638647206097e-05
4.632312034078806846e+02 1.630599474805033666e-07 1.495080456341939629e-05
4.633562034078806846e+02 1.623775269056035295e-07 1.492024953848879796e-05
4.634812034078806846e+02 1.616979304433795623e-07 1.488975122275112216e-05
4.636062034078806846e+02 1.610211465659716360e-07 1.485930952736935858e-05
4.637312034078806846e+02 1.603471637917759146e-07 1.482892436359945367e-05
4.638562034078806846e+02 1.596759706852629722e-07 1.479859564278992444e-05
4.639812034078806846e+02 1.590075558567967926e-07 1.476832327638213623e-05
4.641062034078806846e+02 1.583419079624552777e-07 1.473810717591018757e-05
4.642312034078806846e+02 1.576790157038484796e-07 1.470794725300086781e-05
4.643562034078806846e+02 1.570188678279430798e-07 1.467784341937397220e-05
4.644812034078806846e+02 1.563614531268821029e-07 1.464779558684211724e-05
4.646062034078806846e+02 1.557067604378080458e-07 1.461780366731087285e-05
4.647312034078806846e+02 1.550547786426859276e-07 1.458786757277875724e-05
4.648562034078806846e+02 1.544054966681274503e-07 1.455798721533717935e-05
4.649812034078806846e+02 1.537589034852152926e-07 1.452816250717067939e-05
4.651062034078806846e+02 1.531149881093292567e-07 1.449839336055680009e-05
4.652312034078806846e+02 1.524737395999695290e-07 1.446867968786623239e-05
4.653562034078806846e+02 1.518351470605868770e-07 1.443902140156275956e-05
4.654812034078806846e+02 1.511991996384077100e-07 1.440941841420318938e-05
4.656062034078806846e+02 1.505658865242622909e-07 1.437987063843774553e-05
4.657312034078806846e+02 1.499351969524133967e-07 1.435037798700954749e-05
4.658562034078806846e+02 1.493071202003857475e-07 1.432094037275534067e-05
4.659812034078806846e+02 1.486816455887954353e-07 1.429155770860491196e-05
4.661062034078806846e+02 1.480587624811813908e-07 1.426222990758130830e-05
4.662312034078806846e+02 1.474384602838340975e-07 1.423295688280101959e-05
4.663562034078806846e+02 1.468207284456307379e-07 1.420373854747386858e-05
4.664812034078806846e+02 1.462055564578655223e-07 1.417457481490306683e-05
4.666062034078806846e+02 1.455929338540833523e-07 1.414546559848527731e-05
4.667312034078806846e+02 1.449828502099133797e-07 1.411641081171046032e-05
4.668562034078806846e+02 1.443752951429035428e-07 1.408741036816215633e-05
4.669812034078806846e+02 1.437702583123554224e-07 1.405846418151745215e-05
4.671062034078806846e+02 1.431677294191606049e-07 1.402957216554686230e-05
4.672312034078806846e+02 1.425676982056345322e-07 1.400073423411451879e-05
4.673562034078806846e+02 1.419701544553567824e-07 1.397195030117798983e-05
4.674812034078806846e+02 1.413750879930065340e-07 1.394322028078858138e-05
4.676062034078806846e+02 1.407824886842008353e-07 1.391454408709116095e-05
4.677312034078806846e+02 1.401923464353338539e-07 1.388592163432432026e-05
4.678562034078806846e+02 1.396046511934158869e-07 1.385735283682012959e-05
4.679812034078806846e+02 1.390193929459135104e-07 1.382883760900451046e-05
4.681062034078806846e+02 1.384365617205906282e-07 1.380037586539702896e-05
4.682312034078806846e+02 1.378561475853476149e-07 1.377196752061102622e-05
4.683562034078806846e+02 1.372781406480663093e-07 1.374361248935364038e-05
4.684812034078806846e+02 1.367025310564503215e-07 1.371531068642557456e-05
4.686062034078806846e+02 1.361293089978684649e-07 1.368706202672154067e-05
4.687312034078806846e+02 1.355584646991986104e-07 1.365886642522999175e-05
4.688562034078806846e+02 1.349899884266717533e-07 1.363072379703322701e-05
4.689812034078806846e+02 1.344238704857168208e-07 1.360263405730743589e-05
4.691062034078806846e+02 1.338601012208068297e-07 1.357459712132254216e-05
4.692312034078806846e+02 1.332986710153024764e-07 1.354661290444243606e-05
4.693562034078806846e+02 1.327395702913021857e-07 1.351868132212509624e-05
4.694812034078806846e+02 1.321827895094870243e-07 1.349080228992214255e-05
4.696062034078806846e+02 1.316283191689690820e-07 1.346297572347934084e-05
4.697312034078806846e+02 1.310761498071398260e-07 1.343520153853623368e-05
4.698562034078806846e+02 1.305262719995190120e-07 1.340747965092644868e-05
4.699812034078806846e+02 1.299786763596043352e-07 1.337980997657777470e-05
4.701062034078806846e+02 1.294333535387217971e-07 1.335219243151166550e-05
4.702312034078806846e+02 1.288902942258745893e-07 1.332462693184385302e-05
4.703562034078806846e+02 1.283494891475973510e-07 1.329711339378397633e-05
4.704812034078806846e+02 1.278109290678058470e-07 1.326965173363573922e-05
4.706062034078806846e+02 1.272746047876499019e-07 1.324224186779699826e-05
4.707312034078806846e+02 1.267405071453664922e-07 1.321488371275961882e-05
4.708562034078806846e+02 1.262086270161331840e-07 1.318757718510960383e-05
4.709812034078806846e+02 1.256789553119226544e-07 1.316032220152693113e-05
4.711062034078806846e+02 1.251514829813554667e-07 1.313311867878579403e-05
4.712312034078806846e+02 1.246262010095581662e-07 1.310596653375455898e-05
4.713562034078806846e+02 1.241031004180171404e-07 1.307886568339564694e-05
4.714812034078806846e+02 1.235821722644353908e-07 1.305181604476568421e-05
4.716062034078806846e+02 1.230634076425894113e-07 1.302481753501534483e-05
4.717312034078806846e+02 1.225467976821865948e-07 1.299787007138957254e-05
4.718562034078806846e+02 1.220323335487232766e-07 1.297097357122749943e-05
4.719812034078806846e+02 1.215200064433436232e-07 1.294412795196237315e-05
4.721062034078806846e+02 1.210098076026969342e-07 1.291733313112173132e-05
4.722312034078806846e+02 1.205017282987998672e-07 1.289058902632709838e-05
4.723562034078806846e+02 1.199957598388949828e-07 1.286389555529457334e-05
4.724812034078806846e+02 1.194918935653117258e-07 1.283725263583412853e-05
4.726062034078806846e+02 1.189901208553275908e-07 1.281066018585017025e-05
4.727312034078806846e+02 1.184904331210300563e-07 1.278411812334118478e-05
4.728562034078806846e+02 1.179928218091787295e-07 1.275762636639997041e-05
4.729812034078806846e+02 1.174972784010686703e-07 1.273118483321372728e-05
4.731062034078806846e+02 1.170037944123919008e-07 1.270479344206361178e-05
4.732312034078806846e+02 1.165123613931041963e-07 1.267845211132524992e-05
4.733562034078806846e+02 1.160229709272871913e-07 1.265216075946838659e-05
4.734812034078806846e+02 1.155356146330143492e-07 1.262591930505707535e-05
4.736062034078806846e+02 1.150502841622158876e-07 1.259972766674980545e-05
4.737312034078806846e+02 1.145669712005451850e-07 1.257358576329906141e-05
4.738562034078806846e+02 1.140856674672448305e-07 1.254749351355181254e-05
4.739812034078806846e+02 1.136063647150144204e-07 1.252145083644912001e-05
4.741062034078806846e+02 1.131290547298760392e-07 1.249545765102641118e-05
4.742312034078806846e+02 1.126537293310451527e-07 1.246951387641358474e-05
4.743562034078806846e+02 1.121803803707970947e-07 1.244361943183447699e-05
4.744812034078806846e+02 1.117089997343368491e-07 1.241777423660745822e-05
4.746062034078806846e+02 1.112395793396683152e-07 1.239197821014495492e-05
4.747312034078806846e+02 1.107721111374644739e-07 1.236623127195403937e-05
4.748562034078806846e+02 1.103065871109381091e-07 1.234053334163565543e-05
4.749812034078806846e+02 1.098429992757128070e-07 1.231488433888530970e-05
4.751062034078806846e+02 1.093813396796933075e-07 1.228928418349271581e-05
4.752312034078806846e+02 1.089216004029397726e-07 1.226373279534171814e-05
4.753562034078806846e+02 1.084637735575387594e-07 1.223823009441076788e-05
4.754812034078806846e+02 1.080078512874765490e-07 1.221277600077226573e-05
4.756062034078806846e+02 1.075538257685128064e-07 1.218737043459305826e-05
4.757312034078806846e+02 1.071016892080545838e-07 1.216201331613427018e-05
4.758562034078806846e+02 1.066514338450305504e-07 1.213670456575111973e-05
4.759812034078806846e+02 1.062030519497667953e-07 1.211144410389340651e-05
4.761062034078806846e+02 1.057565358238602361e-07 1.208623185110486779e-05
4.762312034078806846e+02 1.053118778000573346e-07 1.206106772802368162e-05
4.763562034078806846e+02 1.048690702421286429e-07 1.203595165538227201e-05
4.764812034078806846e+02 1.044281055447463280e-07 1.201088355400714463e-05
4.766062034078806846e+02 1.039889761333614047e-07 1.198586334481934249e-05
4.767312034078806846e+02 1.035516744640815648e-07 1.196089094883387334e-05
4.768562034078806846e+02 1.031161930235495611e-07 1.193596628716008239e-05
4.769812034078806846e+02 1.026825243288224394e-07 1.191108928100160317e-05
4.771062034078806846e+02 1.022506609272491290e-07 1.188625985165604413e-05
4.772312034078806846e+02 1.018205953963525197e-07 1.186147792051562052e-05
4.773562034078806846e+02 1.013923203437082700e-07 1.183674340906637173e-05
4.774812034078806846e+02 1.009658284068255740e-07 1.181205623888874913e-05
4.776062034078806846e+02 1.005411122530285236e-07 1.178741633165721123e-05
4.777312034078806846e+02 1.001181645793375376e-07 1.176282360914064372e-05
4.778562034078806846e+02 9.969697811235186187e-08 1.173827799320193268e-05
4.779812034078806846e+02 9.927754560813050852e-08 1.171377940579808304e-05
4.781062034078806846e+02 9.885985985207753589e-08 1.168932776898038471e-05
4.782312034078806846e+02 9.844391365882384765e-08 1.166492300489407199e-05
4.783562034078806846e+02 9.802969987211145374e-08 1.164056503577875732e-05
4.784812034078806846e+02 9.761721136467785038e-08 1.161625378396803988e-05
4.786062034078806846e+02 9.720644103814070445e-08 1.159198917188955309e-05
4.787312034078806846e+02 9.679738182288308055e-08 1.156777112206515259e-05
4.788562034078806846e+02 9.639002667793938269e-08 1.154359955711061645e-05
4.789812034078806846e+02 9.598436859088014461e-08 1.151947439973602121e-05
4.791062034078806846e+02 9.558040057770057873e-08 1.149539557274537090e-05
4.792312034078806846e+02 9.517811568270618704e-08 1.147136299903662752e-05
4.793562034078806846e+02 9.477750697840050276e-08 1.144737660160196176e-05
4.794812034078806846e+02 9.437856756537291136e-08 1.142343630352734646e-05
4.796062034078806846e+02 9.398129057218702758e-08 1.139954202799305461e-05
4.797312034078806846e+02 9.358566915526927083e-08 1.137569369827306140e-05
4.798562034078806846e+02 9.319169649879853918e-08 1.135189123773546090e-05
4.799812034078806846e+02 9.279936581459417600e-08 1.132813456984225435e-05
4.801062034078806846e+02 9.240867034200823799e-08 1.130442361814945859e-05
4.802312034078806846e+02 9.201960334781449410e-08 1.128075830630697216e-05
4.803562034078806846e+02 9.163215812609958186e-08 1.125713855805853133e-05
4.804812034078806846e+02 9.124632799815430919e-08 1.123356429724187607e-05
4.806062034078806846e+02 9.086210631236545920e-08 1.121003544778857388e-05
4.807312034078806846e+02 9.047948644410771404e-08 1.118655193372408759e-05
4.808562034078806846e+02 9.009846179563671705e-08 1.116311367916772276e-05
4.809812034078806846e+02 8.971902579598062602e-08 1.113972060833252104e-05
4.811062034078806846e+02 8.934117190083543848e-08 1.111637264552543632e-05
4.812312034078806846e+02 8.896489359245757731e-08 1.109306971514715681e-05
4.813562034078806846e+02 8.859018437955832928e-08 1.106981174169219322e-05
4.814812034078806846e+02 8.821703779719852179e-08 1.104659864974879227e-05
4.816062034078806846e+02 8.784544740668347754e-08 1.102343036399885377e-05
4.817312034078806846e+02 8.747540679545848538e-08 1.100030680921810673e-05
4.818562034078806846e+02 8.710690957700502553e-08 1.097722791027580783e-05
4.819812034078806846e+02 8.673994939073555223e-08 1.095419359213512264e-05
4.821062034078806846e+02 8.637451990189228651e-08 1.093120377985272744e-05
4.822312034078806846e+02 8.601061480144291203e-08 1.090825839857886855e-05
4.823562034078806846e+02 8.564822780597820322e-08 1.088535737355755208e-05
4.824812034078806846e+02 8.528735265761011662e-08 1.086250063012616104e-05
4.826062034078806846e+02 8.492798312386978958e-08 1.083968809371591104e-05
4.827312034078806846e+02 8.457011299760641248e-08 1.081691968985141327e-05
4.828562034078806846e+02 8.421373609688643178e-08 1.079419534415073372e-05
4.829812034078806846e+02 8.385884626489174728e-08 1.077151498232552201e-05
4.831062034078806846e+02 8.350543736982156218e-08 1.074887853018093678e-05
4.832312034078806846e+02 8.315350330479106997e-08 1.072628591361551697e-05
4.833562034078806846e+02 8.280303798773264276e-08 1.070373705862126825e-05
4.834812034078806846e+02 8.245403536129663577e-08 1.068123189128352233e-05
4.836062034078806846e+02 8.210648939275282712e-08 1.065877033778106749e-05
4.837312034078806846e+02 8.176039407389253258e-08 1.063635232438604182e-05
4.838562034078806846e+02 8.141574342092947625e-08 1.061397777746386542e-05
4.839812034078806846e+02 8.107253147440410228e-08 1.059164662347333872e-05
4.841062034078806846e+02 8.073075229908531910e-08 1.056935878896640189e-05
4.842312034078806846e+02 8.039039998387408318e-08 1.054711420058834828e-05
4.843562034078806846e+02 8.005146864170704910e-08 1.052491278507768385e-05
4.844812034078806846e+02 7.971395240946057685e-08 1.050275446926613559e-05
4.846062034078806846e+02 7.937784544785514947e-08 1.048063918007848555e-05
4.847312034078806846e+02 7.904314194136051858e-08 1.045856684453275717e-05
4.848562034078806846e+02 7.870983609809960589e-08 1.043653738974007126e-05
4.849812034078806846e+02 7.837792214975579274e-08 1.041455074290463927e-05
4.851062034078806846e+02 7.804739435147760247e-08 1.039260683132372936e-05
4.852312034078806846e+02 7.771824698178539439e-08 1.037070558238758682e-05
4.853562034078806846e+02 7.739047434247785937e-08 1.034884692357951028e-05
4.854812034078806846e+02 7.706407075853904464e-08 1.032703078247575685e-05
4.856062034078806846e+02 7.673903057804570966e-08 1.030525708674553533e-05
4.857312034078806846e+02 7.641534817207530383e-08 1.028352576415100115e-05
4.858562034078806846e+02 7.609301793461292532e-08 1.026183674254706155e-05
4.859812034078806846e+02 7.577203428246148253e-08 1.024018994988155344e-05
4.861062034078806846e+02 7.545239165514926172e-08 1.021858531419527558e-05
4.862312034078806846e+02 7.513408451483946646e-08 1.019702276362156341e-05
4.863562034078806846e+02 7.481710734623966457e-08 1.017550222638669558e-05
4.864812034078806846e+02 7.450145465651161877e-08 1.015402363080954672e-05
4.866062034078806846e+02 7.418712097518154095e-08 1.013258690530178219e-05
4.867312034078806846e+02 7.387410085405088892e-08 1.011119197836773107e-05
4.868562034078806846e+02 7.356238886710621046e-08 1.008983877860429808e-05
4.869812034078806846e+02 7.325197961043200470e-08 1.006852723470104485e-05
4.871062034078806846e+02 7.294286770212125433e-08 1.004725727544002223e-05
4.872312034078806846e+02 7.263504778218766500e-08 1.002602882969585333e-05
4.873562034078806846e+02 7.232851451247791807e-08 1.000484182643569618e-05
4.874812034078806846e+02 7.202326257658433347e-08 9.983696194719132006e-06
4.876062034078806846e+02 7.171928667975782393e-08 9.962591863698204114e-06
4.877312034078806846e+02 7.141658154882149756e-08 9.941528762617273950e-06
4.878562034078806846e+02 7.111514193208320171e-08 9.920506820813141356e-06
4.879812034078806846e+02 7.081496259925126968e-08 9.899525967714927684e-06
4.881062034078806846e+02 7.051603834134755422e-08 9.878586132844014805e-06
4.882312034078806846e+02 7.021836397062253900e-08 9.857687245814101022e-06
4.883562034078806846e+02 6.992193432047029117e-08 9.836829236330941868e-06
4.884812034078806846e+02 6.962674424534369188e-08 9.816012034192746525e-06
4.886062034078806846e+02 6.933278862067028891e-08 9.795235569289606920e-06
4.887312034078806846e+02 6.904006234276841387e-08 9.774499771603911079e-06
4.888562034078806846e+02 6.874856032876251864e-08 9.753804571209992452e-06
4.889812034078806846e+02 6.845827751650131760e-08 9.733149898274250198e-06
4.891062034078806846e+02 6.816920886447382543e-08 9.712535683055238962e-06
4.892312034078806846e+02 6.788134935172686412e-08 9.691961855903247062e-06
4.893562034078806846e+02 6.759469397778268894e-08 9.671428347260642070e-06
4.894812034078806846e+02 6.730923776255693216e-08 9.650935087661570967e-06
4.896062034078806846e+02 6.702497574627693056e-08 9.630482007732071951e-06
4.897312034078806846e+02 6.674190298940050287e-08 9.610069038190113399e-06
4.898562034078806846e+02 6.646001457253381408e-08 9.589696109845217785e-06
4.899812034078806846e+02 6.617930559635224402e-08 9.569363153598812354e-06
4.901062034078806846e+02 6.589977118151886044e-08 9.549070100443886916e-06
4.902312034078806846e+02 6.562140646860444057e-08 9.528816881465122598e-06
4.903562034078806846e+02 6.534420661800779706e-08 9.508603427838954524e-06
4.904812034078806846e+02 6.506816680987620989e-08 9.488429670833156771e-06
4.906062034078806846e+02 6.479328224402640077e-08 9.468295541807220141e-06
4.907312034078806846e+02 6.451954813986472678e-08 9.448200972211972693e-06
4.908562034078806846e+02 6.424695973631008716e-08 9.428145893589772868e-06
4.909812034078806846e+02 6.397551229171461982e-08 9.408130237574480686e-06
4.911062034078806846e+02 6.370520108378599931e-08 9.388153935891137571e-06
4.912312034078806846e+02 6.343602140950981420e-08 9.368216920356244176e-06
4.913562034078806846e+02 6.316796858507214296e-08 9.348319122877440205e-06
4.914812034078806846e+02 6.290103794578254016e-08 9.328460475453843228e-06
4.916062034078806846e+02 6.263522484599753878e-08 9.308640910175513351e-06
4.917312034078806846e+02 6.237052465904321289e-08 9.288860359223820835e-06
4.918562034078806846e+02 6.210693277714051962e-08 9.269118754871224169e-06
4.919812034078806846e+02 6.184444461132837800e-08 9.249416029481131156e-06
4.921062034078806846e+02 6.158305559138854769e-08 9.229752115508215707e-06
4.922312034078806846e+02 6.132276116577020340e-08 9.210126945497885902e-06
4.923562034078806846e+02 6.106355680151499889e-08 9.190540452086624497e-06
4.924812034078806846e+02 6.080543798418250163e-08 9.170992568001787331e-06
4.926062034078806846e+02 6.054840021777597153e-08 9.151483226061484741e-06
4.927312034078806846e+02 6.029243902466737205e-08 9.132012359174830591e-06
4.928562034078806846e+02 6.003754994552500183e-08 9.112579900341479788e-06
4.929812034078806846e+02 5.978372853923900873e-08 9.093185782651934913e-06
4.931062034078806846e+02 5.953097038284844573e-08 9.073829939287342931e-06
4.932312034078806846e+02 5.927927107146844594e-08 9.054512303519363052e-06
4.933562034078806846e+02 5.902862621821736457e-08 9.035232808710459807e-06
4.934812034078806846e+02 5.877903145414468843e-08 9.015991388313394827e-06
4.936062034078806846e+02 5.853048242815895877e-08 8.996787975871567352e-06
4.937312034078806846e+02 5.828297480695530360e-08 8.977622505018653391e-06
4.938562034078806846e+02 5.803650427494514060e-08 8.958494909478936070e-06
4.939812034078806846e+02 5.779106653418412637e-08 8.939405123066902439e-06
4.941062034078806846e+02 5.754665730430138949e-08 8.920353079687302770e-06
4.942312034078806846e+02 5.730327232242898191e-08 8.901338713335253889e-06
4.943562034078806846e+02 5.706090734313136347e-08 8.882361958095915614e-06
4.944812034078806846e+02 5.681955813833542906e-08 8.863422748144792298e-06
4.946062034078806846e+02 5.657922049726076733e-08 8.844521017747368602e-06
4.947312034078806846e+02 5.633989022634937683e-08 8.825656701259173873e-06
4.948562034078806846e+02 5.610156314919755266e-08 8.806829733125817717e-06
4.949812034078806846e+02 5.586423510648613857e-08 8.788040047882735890e-06
4.951062034078806846e+02 5.562790195591194378e-08 8.769287580155471514e-06
4.952312034078806846e+02 5.539255957211925244e-08 8.750572264659298993e-06
4.953562034078806846e+02 5.515820384663172347e-08 8.731894036199273139e-06
4.954812034078806846e+02 5.492483068778439634e-08 8.713252829670312187e-06
4.956062034078806846e+02 5.469243602065621297e-08 8.694648580056897938e-06
4.957312034078806846e+02 5.446101578700191762e-08 8.676081222433358676e-06
4.958562034078806846e+02 5.423056594518602138e-08 8.657550691963515101e-06
4.959812034078806846e+02 5.400108247011525796e-08 8.639056923900727766e-06
4.961062034078806846e+02 5.377256135317207829e-08 8.620599853587942817e-06
4.962312034078806846e+02 5.354499860214840998e-08 8.602179416457437884e-06
4.963562034078806846e+02 5.331839024117949607e-08 8.583795548031104987e-06
4.964812034078806846e+02 5.309273231067815068e-08 8.565448183919971119e-06
4.966062034078806846e+02 5.286802086726939858e-08 8.547137259824481151e-06
4.967312034078806846e+02 5.264425198372430728e-08 8.528862711534291159e-06
4.968562034078806846e+02 5.242142174889624788e-08 8.510624474928295529e-06
4.969812034078806846e+02 5.219952626765528965e-08 8.492422485974518534e-06
4.971062034078806846e+02 5.197856166082383881e-08 8.474256680730009306e-06
4.972312034078806846e+02 5.175852406511236325e-08 8.456126995340938394e-06
4.973562034078806846e+02 5.153940963305544820e-08 8.438033366042428359e-06
4.974812034078806846e+02 5.132121453294815624e-08 8.419975729158553774e-06
4.976062034078806846e+02 5.110393494878173219e-08 8.401954021102281934e-06
4.977312034078806846e+02 5.088756708018157783e-08 8.383968178375323773e-06
4.978562034078806846e+02 5.067210714234341339e-08 8.366018137568252452e-06
4.979812034078806846e+02 5.045755136597071623e-08 8.348103835360303461e-06
4.981062034078806846e+02 5.024389599721219261e-08 8.330225208519440681e-06
4.982312034078806846e+02 5.003113729759950753e-08 8.312382193902190374e-06
4.983562034078806846e+02 4.981927154398530572e-08 8.294574728453602214e-06
4.984812034078806846e+02 4.960829502848156357e-08 8.276802749207315356e-06
4.986062034078806846e+02 4.939820405839736525e-08 8.259066193285277222e-06
4.987312034078806846e+02 4.918899495617868397e-08 8.241364997898009470e-06
4.988562034078806846e+02 4.898066405934657507e-08 8.223699100344248852e-06
4.989812034078806846e+02 4.877320772043663962e-08 8.206068438010992951e-06
4.991062034078806846e+02 4.856662230693834905e-08 8.188472948373506962e-06
4.992312034078806846e+02 4.836090420123480659e-08 8.170912568995254230e-06
4.993562034078806846e+02 4.815604980054260786e-08 8.153387237527747177e-06
4.994812034078806846e+02 4.795205551685216485e-08 8.135896891710615061e-06
4.996062034078806846e+02 4.774891777686742752e-08 8.118441469371397303e-06
4.997312034078806846e+02 4.754663302194750478e-08 8.101020908425628187e-06
4.998562034078806846e+02 4.734519770804684932e-08 8.083635146876765712e-06
4.999812034078806846e+02 4.714460830565653450e-08 8.066284122816032350e-06
5.001062034078806846e+02 4.694486129974551122e-08 8.048967774422464169e-06
5.002312034078806846e+02 4.674595318970228840e-08 8.031686039962743128e-06
5.003562034078806846e+02 4.654788048927654727e-08 8.014438857791266529e-06
5.004812034078806846e+02 4.635063972652149020e-08 7.997226166350030125e-06
5.006062034078806846e+02 4.615422744373527626e-08 7.980047904168562057e-06
5.007312034078806846e+02 4.595864019740461421e-08 7.962904009863826287e-06
5.008562034078806846e+02 4.576387455814671417e-08 7.945794422140253094e-06
5.009812034078806846e+02 4.556992711065243062e-08 7.928719079789613711e-06
5.011062034078806846e+02 4.537679445362939202e-08 7.911677921691025411e-06
5.012312034078806846e+02 4.518447319974537538e-08 7.894670886810832919e-06
5.013562034078806846e+02 4.499295997557192559e-08 7.877697914202510155e-06
5.014812034078806846e+02 4.480225142152834539e-08 7.860758943006731388e-06
5.016062034078806846e+02 4.461234419182506988e-08 7.843853912451201831e-06
5.017312034078806846e+02 4.442323495440892041e-08 7.826982761850667799e-06
5.018562034078806846e+02 4.423492039090698863e-08 7.810145430606804906e-06
5.019812034078806846e+02 4.404739719657146028e-08 7.793341858208148606e-06
5.021062034078806846e+02 4.386066208022453151e-08 7.776571984230065394e-06
5.022312034078806846e+02 4.367471176420360326e-08 7.759835748334796855e-06
5.023562034078806846e+02 4.348954298430662774e-08 7.743133090271144562e-06
5.024812034078806846e+02 4.330515248973787189e-08 7.726463949874659814e-06
5.026062034078806846e+02 4.312153704305298593e-08 7.709828267067399694e-06
5.027312034078806846e+02 4.293869342010613664e-08 7.693225981857966026e-06
5.028562034078806846e+02 4.275661840999540677e-08 7.676657034341542651e-06
5.029812034078806846e+02 4.257530881500956435e-08 7.660121364699539666e-06
5.031062034078806846e+02 4.239476145057456727e-08 7.643618913199830601e-06
5.032312034078806846e+02 4.221497314520054427e-08 7.627149620196477127e-06
5.033562034078806846e+02 4.203594074042894805e-08 7.610713426129823928e-06
5.034812034078806846e+02 4.185766109077929149e-08 7.594310271526369101e-06
5.036062034078806846e+02 4.168013106369746533e-08 7.577940096998677763e-06
5.037312034078806846e+02 4.150334753950292442e-08 7.561602843245374424e-06
5.038562034078806846e+02 4.132730741133667454e-08 7.545298451050990522e-06
5.039812034078806846e+02 4.115200758510946447e-08 7.529026861286014402e-06
5.041062034078806846e+02 4.097744497945000446e-08 7.512788014906794746e-06
5.042312034078806846e+02 4.080361652565360162e-08 7.496581852955418608e-06
5.043562034078806846e+02 4.063051916763096739e-08 7.480408316559717339e-06
5.044812034078806846e+02 4.045814986185658157e-08 7.464267346933130216e-06
5.046062034078806846e+02 4.028650557731871746e-08 7.448158885374729007e-06
5.047312034078806846e+02 4.011558329546817640e-08 7.432082873269115479e-06
5.048562034078806846e+02 3.994538001016800192e-08 7.416039252086329915e-06
5.049812034078806846e+02 3.977589272764320031e-08 7.400027963381845192e-06
5.051062034078806846e+02 3.960711846643065985e-08 7.384048948796368569e-06
5.052312034078806846e+02 3.943905425732936773e-08 7.368102150056053450e-06
5.053562034078806846e+02 3.927169714335079909e-08 7.352187508972096190e-06
5.054812034078806846e+02 3.910504417966888254e-08 7.336304967440930922e-06
5.056062034078806846e+02 3.893909243357169275e-08 7.320454467443993223e-06
5.057312034078806846e+02 3.877383898441169395e-08 7.304635951047770101e-06
5.058562034078806846e+02 3.860928092355702888e-08 7.288849360403766105e-06
5.059812034078806846e+02 3.844541535434287394e-08 7.273094637748236512e-06
5.061062034078806846e+02 3.828223939202293337e-08 7.257371725402354195e-06
5.062312034078806846e+02 3.811975016372111200e-08 7.241680565771963133e-06
5.063562034078806846e+02 3.795794480838353880e-08 7.226021101347626695e-06
5.064812034078806846e+02 3.779682047673018010e-08 7.210393274704614931e-06
5.066062034078806846e+02 3.763637433120784254e-08 7.194797028502608960e-06
5.067312034078806846e+02 3.747660354594215023e-08 7.179232305485869529e-06
5.068562034078806846e+02 3.731750530669033590e-08 7.163699048483022714e-06
5.069812034078806846e+02 3.715907681079404533e-08 7.148197200407064154e-06
5.071062034078806846e+02 3.700131526713239312e-08 7.132726704255378535e-06
5.072312034078806846e+02 3.684421789607517081e-08 7.117287503109418560e-06
5.073562034078806846e+02 3.668778192943639900e-08 7.101879540134893844e-06
5.074812034078806846e+02 3.653200461042733686e-08 7.086502758581521881e-06
5.076062034078806846e+02 3.637688319361114605e-08 7.071157101783180510e-06
5.077312034078806846e+02 3.622241494485620461e-08 7.055842513157550471e-06
5.078562034078806846e+02 3.606859714129045986e-08 7.040558936206285656e-06
5.079812034078806846e+02 3.591542707125570845e-08 7.025306314514861489e-06
5.081062034078806846e+02 3.576290203426212790e-08 7.010084591752420770e-06
5.082312034078806846e+02 3.561101934094293388e-08 6.994893711671950700e-06
5.083562034078806846e+02 3.545977631300942126e-08 6.979733618109898330e-06
5.084812034078806846e+02 3.530917028320543612e-08 6.964604254986349288e-06
5.086062034078806846e+02 3.515919859526340945e-08 6.949505566304859214e-06
5.087312034078806846e+02 3.500985860385924597e-08 6.934437496152327557e-06
5.088562034078806846e+02 3.486114767456800720e-08 6.919399988699148343e-06
5.089812034078806846e+02 3.471306318381972006e-08 6.904392988198835790e-06
5.091062034078806846e+02 3.456560251885522535e-08 6.889416438988203874e-06
5.092312034078806846e+02 3.441876307768239670e-08 6.874470285487196929e-06
5.093562034078806846e+02 3.427254226903245883e-08 6.859554472198754117e-06
5.094812034078806846e+02 3.412693751231597492e-08 6.844668943708967824e-06
5.096062034078806846e+02 3.398194623758025010e-08 6.829813644686715200e-06
5.097312034078806846e+02 3.383756588546561003e-08 6.814988519883808936e-06
5.098562034078806846e+02 3.369379390716252645e-08 6.800193514134872741e-06
5.099812034078806846e+02 3.355062776436870966e-08 6.785428572357153309e-06
5.101062034078806846e+02 3.340806492924654513e-08 6.770693639550732074e-06
5.102312034078806846e+02 3.326610288438054994e-08 6.755988660798099997e-06
5.103562034078806846e+02 3.312473912273467040e-08 6.741313581264372719e-06
5.104812034078806846e+02 3.298397114761077746e-08 6.726668346197023738e-06
5.106062034078806846e+02 3.284379647260618931e-08 6.712052900926023327e-06
5.107312034078806846e+02 3.270421262157197487e-08 6.697467190863569176e-06
5.108562034078806846e+02 3.256521712857125725e-08 6.682911161504085547e-06
5.109812034078806846e+02 3.242680753783772902e-08 6.668384758424208024e-06
5.111062034078806846e+02 3.228898140373427992e-08 6.653887927282590392e-06
5.112312034078806846e+02 3.215173629071202826e-08 6.639420613820032539e-06
5.113562034078806846e+02 3.201506977326871707e-08 6.624982763859220414e-06
5.114812034078806846e+02 3.187897943590868513e-08 6.610574323304687067e-06
5.116062034078806846e+02 3.174346287310164695e-08 6.596195238142853307e-06
5.117312034078806846e+02 3.160851768924232634e-08 6.581845454441782903e-06
5.118562034078806846e+02 3.147414149861008336e-08 6.567524918351346072e-06
5.119812034078806846e+02 3.134033192532872660e-08 6.553233576102923006e-06
5.121062034078806846e+02 3.120708660332644456e-08 6.538971374009408117e-06
5.122312034078806846e+02 3.107440317629610756e-08 6.524738258465215111e-06
5.123562034078806846e+02 3.094227929765502710e-08 6.510534175946051685e-06
5.124812034078806846e+02 3.081071263050614450e-08 6.496359073009073679e-06
5.126062034078806846e+02 3.067970084759812114e-08 6.482212896292550507e-06
5.127312034078806846e+02 3.054924163128622272e-08 6.468095592515988814e-06
5.128562034078806846e+02 3.041933267349324985e-08 6.454007108479953761e-06
5.129812034078806846e+02 3.028997167567060102e-08 6.439947391066091040e-06
5.131062034078806846e+02 3.016115634875950099e-08 6.425916387236969333e-06
5.132312034078806846e+02 3.003288441315248065e-08 6.411914044035995604e-06
5.133562034078806846e+02 2.990515359865445319e-08 6.397940308587448134e-06
5.134812034078806846e+02 2.977796164444514359e-08 6.383995128096306269e-06
5.136062034078806846e+02 2.965130629904038643e-08 6.370078449848243643e-06
5.137312034078806846e+02 2.952518532025428412e-08 6.356190221209511286e-06
5.138562034078806846e+02 2.939959647516136495e-08 6.342330389626836830e-06
5.139812034078806846e+02 2.927453754005884388e-08 6.328498902627449070e-06
5.141062034078806846e+02 2.915000630042909828e-08 6.314695707818920417e-06
5.142312034078806846e+02 2.902600055090236536e-08 6.300920752889141488e-06
5.143562034078806846e+02 2.890251809521904599e-08 6.287173985606226238e-06
5.144812034078806846e+02 2.877955674619327556e-08 6.273455353818398455e-06
5.146062034078806846e+02 2.865711432567552226e-08 6.259764805454025645e-06
5.147312034078806846e+02 2.853518866451588337e-08 6.246102288521397955e-06
5.148562034078806846e+02 2.841377760252742796e-08 6.232467751108849296e-06
5.149812034078806846e+02 2.829287898844971491e-08 6.218861141384500699e-06
5.151062034078806846e+02 2.817249067991235722e-08 6.205282407596233200e-06
5.152312034078806846e+02 2.805261054339898016e-08 6.191731498071710720e-06
