1.465604838709677438e+01 nan nan
1.478104838709677438e+01 -6.644755984214965189e-03 1.016807389970277899e-02
1.490604838709677438e+01 -8.837320824246723897e-03 1.207396470003685267e-02
1.503104838709677438e+01 -1.016266516286309755e-02 1.225198575862206790e-02
1.515604838709677438e+01 -1.099958796868666204e-02 1.152616865675382130e-02
1.528104838709677438e+01 -1.150601126308598357e-02 1.027116380033601603e-02
1.540604838709677438e+01 -1.176873620392499507e-02 8.703406866572279549e-03
1.553104838709677438e+01 -1.184282525667143364e-02 6.962680151453155310e-03
1.565604838709677438e+01 -1.176644238716001954e-02 5.144828863781962351e-03
1.578104838709677438e+01 -1.156767200387984022e-02 3.317772925901177426e-03
1.590604838709677438e+01 -1.126808583996196343e-02 1.530428567852724171e-03
1.603104838709677438e+01 -1.088478954224381297e-02 -1.818441559103172519e-04
1.615604838709677438e+01 -1.043168180584146988e-02 -1.793682308994895861e-03
1.628104838709677438e+01 -9.920272595439523153e-03 -3.287271984500457316e-03
1.640604838709677438e+01 -9.360238844968437125e-03 -3.535621895213302435e-03
1.653104838709677438e+01 -8.759815863088625532e-03 -3.582545814148094341e-03
1.665604838709677438e+01 -8.126081580829088227e-03 -3.592707197150889903e-03
1.678104838709677438e+01 -7.900667342751204261e-03 -3.566942039220561723e-03
1.690604838709677438e+01 -8.699363990608086766e-03 -3.506296964248604466e-03
1.703104838709677438e+01 -9.358632414142064801e-03 -3.411987170927087160e-03
1.715604838709677438e+01 -9.882427671319946733e-03 -3.285361216635163464e-03
1.728104838709677438e+01 -1.027571593126229074e-02 -3.127871354643908374e-03
1.740604838709677438e+01 -1.054422475895810084e-02 -2.941048436119257821e-03
1.753104838709677438e+01 -1.069423904500251855e-02 -2.666634623001883347e-03
1.765604838709677438e+01 -1.073243379133149468e-02 -2.105655758130775285e-03
1.778104838709677438e+01 -1.066573692737443624e-02 -1.540234201690041538e-03
1.790604838709677438e+01 -1.050121678332359074e-02 -9.720622545165637403e-04
1.803104838709677438e+01 -1.024598993941512430e-02 -2.756728322522454988e-04
1.815604838709677438e+01 -9.907146003706804316e-03 4.389121185225247634e-04
1.828104838709677438e+01 -9.491686515903549962e-03 1.145002019601091799e-03
1.840604838709677438e+01 -9.006475680090442193e-03 1.841316606253847648e-03
1.853104838709677438e+01 -8.458201029412689559e-03 2.526719005141683707e-03
1.865604838709677438e+01 -7.853342446245399275e-03 3.200202056536664754e-03
1.878104838709677438e+01 -7.198148219929353074e-03 3.860876198907399730e-03
1.890604838709677438e+01 -6.498617035092521706e-03 4.507958691419607609e-03
1.903104838709677438e+01 -5.760484956597003610e-03 5.140763988834191195e-03
1.915604838709677438e+01 -4.989216619989423826e-03 5.758695114421878529e-03
1.928104838709677438e+01 -4.189999955612120491e-03 6.361235901595006792e-03
1.940604838709677438e+01 -3.367743873635343187e-03 6.947943995317007460e-03
1.953104838709677438e+01 -2.527078421532310236e-03 7.518444520976960352e-03
1.965604838709677438e+01 -1.672356995627027497e-03 8.072424342089420946e-03
1.978104838709677438e+01 -8.076602488196050859e-04 8.609626839485786873e-03
1.990604838709677438e+01 6.319861251864164258e-05 9.129847154069392623e-03
2.003104838709677438e+01 9.366674057627855359e-04 9.632927843068590096e-03
2.015604838709677438e+01 1.809447649314099285e-03 1.011875490633439879e-02
2.028104838709677438e+01 2.678486533483825146e-03 1.058725414481050293e-02
2.040604838709677438e+01 3.540968351124054118e-03 1.103838781804130156e-02
2.053104838709677438e+01 4.394305529970161765e-03 1.147215157162135950e-02
2.065604838709677438e+01 5.236129388113755501e-03 1.188857160894365647e-02
2.078104838709677438e+01 6.064280716103803877e-03 1.228770208457579532e-02
2.090604838709677438e+01 6.876800273599007786e-03 1.266962269915120759e-02
2.103104838709677438e+01 7.671919275061010561e-03 1.303443647788478724e-02
2.115604838709677438e+01 8.448049927266871803e-03 1.338226771674456972e-02
2.128104838709677438e+01 9.039710929484542565e-03 1.371326008199460177e-02
2.140604838709677438e+01 9.445556965391729148e-03 1.402757485029134527e-02
2.153104838709677438e+01 9.842483088519458218e-03 1.432538927780730408e-02
2.165604838709677438e+01 1.023001644748761617e-02 1.460689508798698917e-02
2.178104838709677438e+01 1.060772209069235118e-02 1.487229706854593762e-02
2.190604838709677438e+01 1.097520170666708636e-02 1.512181176920525914e-02
2.203104838709677438e+01 1.133209235921839135e-02 1.535566629244402952e-02
2.215604838709677438e+01 1.167806522210667643e-02 1.557409717024914146e-02
2.228104838709677438e+01 1.199411671631462999e-02 1.577734932046825564e-02
2.240604838709677438e+01 1.229704389210021370e-02 1.596567507692649504e-02
2.253104838709677438e+01 1.258843581306044040e-02 1.613933328797098263e-02
2.265604838709677438e+01 1.286812617475050109e-02 1.629858847855216938e-02
2.278104838709677438e+01 1.313597483057373991e-02 1.644371007135836393e-02
2.290604838709677438e+01 1.339186658307689459e-02 1.678516936854734104e-02
2.303104838709677438e+01 1.363571000144716931e-02 1.718214160596367654e-02
2.315604838709677438e+01 1.386743626643761537e-02 1.755236302927323799e-02
2.328104838709677438e+01 1.408699804371968574e-02 1.789607879203684512e-02
2.340604838709677438e+01 1.429436838645905400e-02 1.821358425942411902e-02
2.353104838709677438e+01 1.448953966772827638e-02 1.850522037403938558e-02
2.365604838709677438e+01 1.467252254320547226e-02 1.877136927531471849e-02
2.378104838709677438e+01 1.484334494446393204e-02 1.901245016434462490e-02
2.390604838709677438e+01 1.500205110302464499e-02 1.922891540594215409e-02
2.403104838709677438e+01 1.514870060522963482e-02 1.942124685929260547e-02
2.415604838709677438e+01 1.528336747788903473e-02 1.958995242870481199e-02
2.428104838709677438e+01 1.540613930456405552e-02 1.973556282589440658e-02
2.440604838709677438e+01 1.551711637226629338e-02 1.985862853509949913e-02
2.453104838709677438e+01 1.561641084828301919e-02 1.995971697263770536e-02
2.465604838709677438e+01 1.570414598677486590e-02 2.003940983235710446e-02
2.478104838709677438e+01 1.578045536473800942e-02 2.009830060878209368e-02
2.490604838709677438e+01 1.584548214687516235e-02 2.013699228975512553e-02
2.503104838709677438e+01 1.589937837887907268e-02 2.015609521064678361e-02
2.515604838709677438e+01 1.594230430859671852e-02 2.015622506229347577e-02
2.528104838709677438e+01 1.597442773451289433e-02 2.013800104522494444e-02
2.540604838709677438e+01 1.599592338096768318e-02 2.010204416268134356e-02
2.553104838709677438e+01 1.600697229950019326e-02 2.004897564540797719e-02
2.565604838709677438e+01 1.600776129569674716e-02 1.997941550128908700e-02
2.578104838709677438e+01 1.599848238090672767e-02 1.989398118316630312e-02
2.590604838709677438e+01 1.594492466222973553e-02 1.979328636845912107e-02
2.603104838709677438e+01 1.586539449385572856e-02 1.967793984434818358e-02
2.615604838709677438e+01 1.577844365768890991e-02 1.954854449263234220e-02
2.628104838709677438e+01 1.568427166128284755e-02 1.940569636854378929e-02
2.640604838709677438e+01 1.558307712318218047e-02 1.924998386800167924e-02
2.653104838709677438e+01 1.547505763305566731e-02 1.908198697815521871e-02
2.665604838709677438e+01 1.536040962018641980e-02 1.890227660609928445e-02
2.678104838709677438e+01 1.523932822994845948e-02 1.871141398105080622e-02
2.690604838709677438e+01 1.511200720794468599e-02 1.850995012534179321e-02
2.703104838709677438e+01 1.495935637093772155e-02 1.829842538993339818e-02
2.715604838709677438e+01 1.478270007267938786e-02 1.807736905018719753e-02
2.728104838709677438e+01 1.460131118818212663e-02 1.784729895806311598e-02
2.740604838709677438e+01 1.441539492733403399e-02 1.760872124683601075e-02
2.753104838709677438e+01 1.422515256052428977e-02 1.736213008487296969e-02
2.765604838709677438e+01 1.403078142152880577e-02 1.710800747492583623e-02
2.778104838709677438e+01 1.383247491448810935e-02 1.684682309590776472e-02
2.790604838709677438e+01 1.363042252469478903e-02 1.657903418384784611e-02
2.803104838709677438e+01 1.342480983292271626e-02 1.630508544934998472e-02
2.815604838709677438e+01 1.321581853304608714e-02 1.602540902864771008e-02
2.828104838709677438e+01 1.300362645270991026e-02 1.574042446575162763e-02
2.840604838709677438e+01 1.278840757682790132e-02 1.545053872318879508e-02
2.853104838709677438e+01 1.257033207369624705e-02 1.515614621903409003e-02
2.865604838709677438e+01 1.234956632352278774e-02 1.485762888804783438e-02
2.878104838709677438e+01 1.212627294918377022e-02 1.455535626483942142e-02
2.890604838709677438e+01 1.190061084903031377e-02 1.424968558715669631e-02
2.903104838709677438e+01 1.167273523157708742e-02 1.394096191740723696e-02
2.915604838709677438e+01 1.144279765191471253e-02 1.362951828076149757e-02
2.928104838709677438e+01 1.121094604969704450e-02 1.331567581817253050e-02
2.940604838709677438e+01 1.097732478856316800e-02 1.299974395283121434e-02
2.953104838709677438e+01 1.074207469686066715e-02 1.268202056861494377e-02
2.965604838709677438e+01 1.050533310954615204e-02 1.239109863165727132e-02
2.978104838709677438e+01 1.026723391114480431e-02 1.213579338324357465e-02
2.990604838709677438e+01 1.002790757965809146e-02 1.187934560145300494e-02
3.003104838709677438e+01 9.787481231315680805e-03 1.162589459277674556e-02
3.015604838709677438e+01 9.546078666072363439e-03 1.136983727931838335e-02
3.028104838709677438e+01 9.303820413758150110e-03 1.111136174435960362e-02
3.040604838709677438e+01 9.060823780793935550e-03 1.085065205223261983e-02
3.053104838709677438e+01 8.817202897391098609e-03 1.058788824079756608e-02
3.065604838709677438e+01 8.573068765157822180e-03 1.032324631896174190e-02
3.078104838709677438e+01 8.328529305039685665e-03 1.007144558235557007e-02
3.090604838709677438e+01 8.083689405526549646e-03 9.818072535994560104e-03
3.103104838709677438e+01 7.838650971062130837e-03 9.562836114221566139e-03
3.115604838709677438e+01 7.593512970595653507e-03 9.305900090689002077e-03
3.128104838709677438e+01 7.348371486220401858e-03 9.047424758058336680e-03
3.140604838709677438e+01 7.103319761845415178e-03 8.787566917946925196e-03
3.153104838709677438e+01 6.858448251852050127e-03 8.526479875115872131e-03
3.165604838709677438e+01 6.613844669688383540e-03 8.264313435670493299e-03
3.178104838709677438e+01 6.369594036359140649e-03 8.001213909057764903e-03
3.190604838709677438e+01 6.125778728770226583e-03 7.737324113647273301e-03
3.203104838709677438e+01 5.882478527890637465e-03 7.472783385698610406e-03
3.215604838709677438e+01 5.639770666696642017e-03 7.207727591516520371e-03
3.228104838709677438e+01 5.397729877865593134e-03 6.942289142609538687e-03
3.240604838709677438e+01 5.156428441189239015e-03 6.676597013671108777e-03
3.253104838709677438e+01 4.915936230678097374e-03 6.410776763211219892e-03
3.265604838709677438e+01 4.676320761331096559e-03 6.144950556671868909e-03
3.278104838709677438e+01 4.437647235546151453e-03 5.879237191868892133e-03
3.290604838709677438e+01 4.199978589149624963e-03 5.613752126603956116e-03
3.303104838709677438e+01 3.948136682818980704e-03 5.348607508305311051e-03
3.315604838709677438e+01 3.664032190991168853e-03 5.083912205550911688e-03
3.328104838709677438e+01 3.382806889139575689e-03 4.819771841343274167e-03
3.340604838709677438e+01 3.104511953012842589e-03 4.556288828006384295e-03
3.353104838709677438e+01 2.829194063101203235e-03 4.293562403580353064e-03
3.365604838709677438e+01 2.556895585055936424e-03 4.031688669595222436e-03
3.378104838709677438e+01 2.287654745717757152e-03 3.770760630112815395e-03
3.390604838709677438e+01 2.021505804720981955e-03 3.516818447577636092e-03
3.403104838709677438e+01 1.758479221747743940e-03 3.268917572487124636e-03
3.415604838709677438e+01 1.498601819329128861e-03 3.022095351595182038e-03
3.428104838709677438e+01 1.241896941267917054e-03 2.776425595749735468e-03
3.440604838709677438e+01 9.883846067148312903e-04 2.531979520452268696e-03
3.453104838709677438e+01 7.380816598520520367e-04 2.288825788768712212e-03
3.465604838709677438e+01 4.910019153431009276e-04 2.047030554579672579e-03
3.478104838709677438e+01 2.471562994035105595e-04 1.806657506106481735e-03
3.490604838709677438e+01 6.552986739056973183e-06 1.567767909653147154e-03
3.503104838709677438e+01 -2.308024667546474957e-04 1.330420653506922315e-03
3.515604838709677438e+01 -4.649069953882127289e-04 1.094672291944823227e-03
3.528104838709677438e+01 -6.957598991870517528e-04 8.605770892942065341e-04
3.540604838709677438e+01 -9.233627233466634374e-04 6.281870640007700644e-04
3.553104838709677438e+01 -1.147719141713637956e-03 3.975520326582607168e-04
3.565604838709677438e+01 -1.368834844052004918e-03 1.687196539579613323e-04
3.578104838709677438e+01 -1.586717427241146183e-03 -5.826452748211835130e-05
3.590604838709677438e+01 -1.801376290095694577e-03 -2.833570374454979601e-04
3.603104838709677438e+01 -2.012822531940442698e-03 -5.065164286381050856e-04
3.615604838709677438e+01 -2.221068854731280198e-03 -7.277032374344300902e-04
3.628104838709677438e+01 -2.426129468728373349e-03 -9.468799408798679118e-04
3.640604838709677438e+01 -2.628020001606882605e-03 -1.164010913977766345e-03
3.653104838709677438e+01 -2.826757410907362444e-03 -1.379062387287665822e-03
3.665604838709677438e+01 -3.022359899826852856e-03 -1.592002404859983776e-03
3.678104838709677438e+01 -3.214846836174111658e-03 -1.802800782529919137e-03
3.690604838709677438e+01 -3.404238674505514345e-03 -2.011429066592015230e-03
3.703104838709677438e+01 -3.590556881258344900e-03 -2.217860492875107364e-03
3.715604838709677438e+01 -3.773823862937147888e-03 -2.422069946235874162e-03
3.728104838709677438e+01 -3.954062897136582412e-03 -2.624033920487867794e-03
3.740604838709677438e+01 -4.131298066434371287e-03 -2.823730478780999212e-03
3.753104838709677438e+01 -4.305554194991963179e-03 -3.021139214445991723e-03
3.765604838709677438e+01 -4.476856787871149809e-03 -3.216241212316000610e-03
3.778104838709677438e+01 -4.645231972900012822e-03 -3.409019010537304214e-03
3.790604838709677438e+01 -4.810706445106125231e-03 -3.599456562879488689e-03
3.803104838709677438e+01 -4.973307413553619029e-03 -3.787539201553835177e-03
3.815604838709677438e+01 -5.133062550590847088e-03 -3.973253600549008467e-03
3.828104838709677438e+01 -5.289999943372742860e-03 -4.156587739490626501e-03
3.840604838709677438e+01 -5.444148047641393651e-03 -4.337530868031312659e-03
3.853104838709677438e+01 -5.595535643647382359e-03 -4.516073470776852186e-03
3.865604838709677438e+01 -5.744191794161711273e-03 -4.692207232752602236e-03
3.878104838709677438e+01 -5.890145804549436898e-03 -4.865925005414450250e-03
3.890604838709677438e+01 -6.033427184751476331e-03 -5.037220773207122700e-03
3.903104838709677438e+01 -6.174065613206644598e-03 -5.206089620672238981e-03
3.915604838709677438e+01 -6.312090902565204234e-03 -5.372527700107809605e-03
3.928104838709677438e+01 -6.447532967212438355e-03 -5.536532199780325354e-03
3.940604838709677438e+01 -6.580421792456790653e-03 -5.698101312689717556e-03
3.953104838709677438e+01 -6.710787405407295583e-03 -5.855037242787720919e-03
3.965604838709677438e+01 -6.838659847392769206e-03 -6.005142931069052357e-03
3.978104838709677438e+01 -6.964069147969927792e-03 -6.153013749480511219e-03
3.990604838709677438e+01 -7.087045300339190300e-03 -6.298649842089898594e-03
4.003104838709677438e+01 -7.207618238262937863e-03 -6.442052082798308335e-03
4.015604838709677438e+01 -7.325817814260975579e-03 -6.583222055103787537e-03
4.028104838709677438e+01 -7.441673779207547655e-03 -6.722162032196499215e-03
4.040604838709677438e+01 -7.570117639646096845e-03 -6.858874957352239198e-03
4.053104838709677438e+01 -7.698804468695108830e-03 -6.993364424639797461e-03
4.065604838709677438e+01 -7.824907544605056234e-03 -7.123094070017061546e-03
4.078104838709677438e+01 -7.948446118480325881e-03 -7.241223022581571786e-03
4.090604838709677438e+01 -8.069439901516628141e-03 -7.357314495471674320e-03
4.103104838709677438e+01 -8.187909038781724519e-03 -7.471378547276742027e-03
4.115604838709677438e+01 -8.303874083770588707e-03 -7.583425585358908455e-03
4.128104838709677438e+01 -8.417355973720419896e-03 -7.693466351934005742e-03
4.140604838709677438e+01 -8.528376005668268645e-03 -7.801511910482383620e-03
4.153104838709677438e+01 -8.636955813240070751e-03 -7.907573632483316795e-03
4.165604838709677438e+01 -8.743117344152163267e-03 -8.011663184467575360e-03
4.178104838709677438e+01 -8.846882838413502176e-03 -8.113792515382481363e-03
4.190604838709677438e+01 -8.948274807211602233e-03 -8.213973844263687887e-03
4.203104838709677438e+01 -9.047316012468848562e-03 -8.312219648208484316e-03
4.215604838709677438e+01 -9.144029447054342896e-03 -8.408542650644690655e-03
4.228104838709677438e+01 -9.243493043599207773e-03 -8.502955809890046929e-03
4.240604838709677438e+01 -9.343863904795093878e-03 -8.595472307996692221e-03
4.253104838709677438e+01 -9.441884985375166225e-03 -8.686105539875074721e-03
4.265604838709677438e+01 -9.537575914212720676e-03 -8.774869102692631553e-03
4.278104838709677438e+01 -9.630956622796655806e-03 -8.861776785541548504e-03
4.290604838709677438e+01 -9.722047327502305811e-03 -8.946842559370726811e-03
4.303104838709677438e+01 -9.810868512338647568e-03 -9.030080567176721612e-03
4.315604838709677438e+01 -9.897440912167656049e-03 -9.111505114448923207e-03
4.328104838709677438e+01 -9.981785496383127274e-03 -9.191130659863837662e-03
4.340604838709677438e+01 -1.006392345304036803e-02 -9.268971806223531493e-03
4.353104838709677438e+01 -1.014387617343275559e-02 -9.345043291633665927e-03
4.365604838709677438e+01 -1.022166523710282826e-02 -9.419359980916178557e-03
4.378104838709677438e+01 -1.029731239727907192e-02 -9.491936857252311968e-03
4.390604838709677438e+01 -1.037083956673487926e-02 -9.562789014050611727e-03
4.403104838709677438e+01 -1.044226880405887091e-02 -9.631931647036238650e-03
4.415604838709677438e+01 -1.051162230032445973e-02 -9.699380046556634050e-03
4.428104838709677438e+01 -1.057892236615937641e-02 -9.765149590099128293e-03
4.440604838709677438e+01 -1.064419141920005217e-02 -9.829255735016256476e-03
4.453104838709677438e+01 -1.070745197192564391e-02 -9.891714011454607464e-03
4.465604838709677438e+01 -1.076872661986388001e-02 -9.952540015482763680e-03
4.478104838709677438e+01 -1.082803803016226668e-02 -1.001174940241423943e-02
4.490604838709677438e+01 -1.088540893051359766e-02 -1.006935788032142440e-02
4.503104838709677438e+01 -1.094086209843153461e-02 -1.012538120373664662e-02
4.515604838709677438e+01 -1.099442035086972171e-02 -1.017983516753576817e-02
4.528104838709677438e+01 -1.104610653417012478e-02 -1.023273560100151393e-02
4.540604838709677438e+01 -1.109594351434458129e-02 -1.028409836206133250e-02
4.553104838709677438e+01 -1.114395416767195203e-02 -1.033393933169747189e-02
4.565604838709677438e+01 -1.119016137160955965e-02 -1.038227440852418013e-02
4.578104838709677438e+01 -1.123458799601054041e-02 -1.042911950352948779e-02
4.590604838709677438e+01 -1.127725689464134651e-02 -1.047449053497757909e-02
4.603104838709677438e+01 -1.131859338722463956e-02 -1.051840342346768015e-02
4.615604838709677438e+01 -1.136005149897565542e-02 -1.056087408714724216e-02
4.628104838709677438e+01 -1.139978258821202316e-02 -1.060191843707464741e-02
4.640604838709677438e+01 -1.143780870523789829e-02 -1.064155237272933555e-02
4.653104838709677438e+01 -1.147415189071375116e-02 -1.067979177766491261e-02
4.665604838709677438e+01 -1.150883416789223734e-02 -1.071665251530301739e-02
4.678104838709677438e+01 -1.154187753510872716e-02 -1.075215042486408340e-02
4.690604838709677438e+01 -1.157330395851573906e-02 -1.078630131743231642e-02
4.703104838709677438e+01 -1.160313536506313650e-02 -1.081912097215136960e-02
4.715604838709677438e+01 -1.163139363571086271e-02 -1.085062513254846789e-02
4.728104838709677438e+01 -1.165810059887747129e-02 -1.088082950298299365e-02
4.740604838709677438e+01 -1.168327802411233372e-02 -1.090974974521771897e-02
4.753104838709677438e+01 -1.170694761599306438e-02 -1.093740147510885788e-02
4.765604838709677438e+01 -1.172913100823735032e-02 -1.096380025941320717e-02
4.778104838709677438e+01 -1.174984975802992500e-02 -1.098896161270831659e-02
4.790604838709677438e+01 -1.176912534055605392e-02 -1.101290099442460250e-02
4.803104838709677438e+01 -1.178697914373941051e-02 -1.103563380598506297e-02
4.815604838709677438e+01 -1.180343246317828998e-02 -1.105717538805155338e-02
4.828104838709677438e+01 -1.181850649727618670e-02 -1.107754101787391393e-02
4.840604838709677438e+01 -1.183222234256325542e-02 -1.109674590674030598e-02
4.853104838709677438e+01 -1.184460098920248755e-02 -1.111480519752567307e-02
4.865604838709677438e+01 -1.185566331667780963e-02 -1.113173396233635773e-02
4.878104838709677438e+01 -1.186543008965997188e-02 -1.114754720024846955e-02
4.890604838709677438e+01 -1.187392195404473640e-02 -1.116225983513738362e-02
4.903104838709677438e+01 -1.188115943316018011e-02 -1.117588671359674886e-02
4.915604838709677438e+01 -1.188716292413992057e-02 -1.118844260294380062e-02
4.928104838709677438e+01 -1.189195269445590848e-02 -1.119994218931024028e-02
4.940604838709677438e+01 -1.189554887860964395e-02 -1.121040007581484456e-02
4.953104838709677438e+01 -1.189797147497659649e-02 -1.121983078081746632e-02
4.965604838709677438e+01 -1.189924034279946259e-02 -1.122824873625083431e-02
4.978104838709677438e+01 -1.189937519932810286e-02 -1.123566828602935372e-02
4.990604838709677438e+01 -1.189839561710125289e-02 -1.124210368453213912e-02
5.003104838709677438e+01 -1.189632102136749595e-02 -1.124756909515903930e-02
5.015604838709677438e+01 -1.189317068763971232e-02 -1.125207858895687849e-02
5.028104838709677438e+01 -1.188896373938441546e-02 -1.125564614331527741e-02
5.040604838709677438e+01 -1.188371914583564309e-02 -1.125828564072900960e-02
5.053104838709677438e+01 -1.187745571993689339e-02 -1.126001086762613845e-02
5.065604838709677438e+01 -1.187019211640260100e-02 -1.126083551325943351e-02
5.078104838709677438e+01 -1.186194682989959864e-02 -1.126077316866015351e-02
5.090604838709677438e+01 -1.185273819334266114e-02 -1.125983732565159941e-02
5.103104838709677438e+01 -1.184258437630335455e-02 -1.125804137592176235e-02
5.115604838709677438e+01 -1.183150338352770801e-02 -1.125539861015280134e-02
5.128104838709677438e+01 -1.181951305355909143e-02 -1.125192221720623838e-02
5.140604838709677438e+01 -1.180663105746625717e-02 -1.124762528336189539e-02
5.153104838709677438e+01 -1.179287489766992110e-02 -1.124252079160956153e-02
5.165604838709677438e+01 -1.177826190686816904e-02 -1.123662162099177582e-02
5.178104838709677438e+01 -1.176280924705582973e-02 -1.122994054599594019e-02
5.190604838709677438e+01 -1.174653390863677691e-02 -1.122249023599509316e-02
5.203104838709677438e+01 -1.172945270962490356e-02 -1.121428325473515508e-02
5.215604838709677438e+01 -1.171158229493235621e-02 -1.120533205986808285e-02
5.228104838709677438e+01 -1.169293913574196049e-02 -1.119564900252902756e-02
5.240604838709677438e+01 -1.167353952896104698e-02 -1.118524632695663996e-02
5.253104838709677438e+01 -1.165339959675595546e-02 -1.117413617015490870e-02
5.265604838709677438e+01 -1.163253528616137004e-02 -1.116233056159577144e-02
5.278104838709677438e+01 -1.161096236876625956e-02 -1.114984142296070874e-02
5.290604838709677438e+01 -1.158869644047075785e-02 -1.113668056792086782e-02
5.303104838709677438e+01 -1.156575292131390223e-02 -1.112285970195384978e-02
5.315604838709677438e+01 -1.154214705536829415e-02 -1.110839042219667096e-02
5.328104838709677438e+01 -1.151789391070185027e-02 -1.109328421733326263e-02
5.340604838709677438e+01 -1.149300837940148493e-02 -1.107755246751607886e-02
5.353104838709677438e+01 -1.146750517765972831e-02 -1.106120644431997542e-02
5.365604838709677438e+01 -1.144139884591957937e-02 -1.104425731072821402e-02
5.378104838709677438e+01 -1.141470374907808949e-02 -1.102671612114875660e-02
5.390604838709677438e+01 -1.138743407674397759e-02 -1.100859382146071423e-02
5.403104838709677438e+01 -1.135960384355070261e-02 -1.098990124908908080e-02
5.415604838709677438e+01 -1.133122688952021770e-02 -1.097064913310785185e-02
5.428104838709677438e+01 -1.130231688047645885e-02 -1.095084809436970737e-02
5.440604838709677438e+01 -1.127288730850854390e-02 -1.093050864566184714e-02
5.453104838709677438e+01 -1.124295149247851212e-02 -1.090964119188723817e-02
5.465604838709677438e+01 -1.121252257857577837e-02 -1.088825603026989663e-02
5.478104838709677438e+01 -1.118161354091352228e-02 -1.086636335058402229e-02
5.490604838709677438e+01 -1.115023718216729028e-02 -1.084397323540566178e-02
5.503104838709677438e+01 -1.111840613425310945e-02 -1.082109566038644104e-02
5.515604838709677438e+01 -1.108613285904477309e-02 -1.079774049454839194e-02
5.528104838709677438e+01 -1.105342964912721208e-02 -1.077391750059945343e-02
5.540604838709677438e+01 -1.102030862858602647e-02 -1.074963633526831996e-02
5.553104838709677438e+01 -1.098678175383101772e-02 -1.072490654965867554e-02
5.565604838709677438e+01 -1.095286081445212729e-02 -1.069973758962147400e-02
5.578104838709677438e+01 -1.091855743410703565e-02 -1.067413879614506275e-02
5.590604838709677438e+01 -1.088388307143830017e-02 -1.064811940576202223e-02
5.603104838709677438e+01 -1.084884902101997464e-02 -1.062168855097273164e-02
5.615604838709677438e+01 -1.081346641433043182e-02 -1.059485526068415680e-02
5.628104838709677438e+01 -1.077774622075296056e-02 -1.056762846066425232e-02
5.640604838709677438e+01 -1.074169924860009923e-02 -1.054001697401035949e-02
5.653104838709677438e+01 -1.070533614616241309e-02 -1.050625328601692207e-02
5.665604838709677438e+01 -1.066866740277976414e-02 -1.047028964969936270e-02
5.678104838709677438e+01 -1.063170334993456152e-02 -1.043405674964263848e-02
5.690604838709677438e+01 -1.059445416236467347e-02 -1.039756439827636825e-02
5.703104838709677438e+01 -1.055825935933595548e-02 -1.036082224600847965e-02
5.715604838709677438e+01 -1.052274180963250205e-02 -1.032383978265795713e-02
5.728104838709677438e+01 -1.048691797397638924e-02 -1.028662633889975385e-02
5.740604838709677438e+01 -1.045079731818260478e-02 -1.024919108772331076e-02
5.753104838709677438e+01 -1.041438917434566250e-02 -1.021154304590307128e-02
5.765604838709677438e+01 -1.037770274179211812e-02 -1.017369107547912328e-02
5.778104838709677438e+01 -1.034074708804545890e-02 -1.013564388524883925e-02
5.790604838709677438e+01 -1.031111539375320456e-02 -1.009741003226625501e-02
5.803104838709677438e+01 -1.028131200876389491e-02 -1.005899792335100164e-02
5.815604838709677438e+01 -1.025121114072522974e-02 -1.002041581660362453e-02
5.828104838709677438e+01 -1.022081870511251482e-02 -9.981671822927588172e-03
5.840604838709677438e+01 -1.019014057424115320e-02 -9.942773907557026294e-03
5.853104838709677438e+01 -1.015918257752527511e-02 -9.903729891589935566e-03
5.865604838709677438e+01 -1.012795050172372174e-02 -9.864547453524236814e-03
5.878104838709677438e+01 -1.009645009116415942e-02 -9.825234130798866927e-03
5.890604838709677438e+01 -1.006468704795724159e-02 -9.785797321336487525e-03
5.903104838709677438e+01 -1.003266703219021956e-02 -9.746244285088573669e-03
5.915604838709677438e+01 -1.000039566210653499e-02 -9.706582145582204335e-03
5.928104838709677438e+01 -9.967878514284180674e-03 -9.666817891467630042e-03
5.940604838709677438e+01 -9.935121123782301999e-03 -9.626958378065113633e-03
5.953104838709677438e+01 -9.902128984289380528e-03 -9.587010328912680054e-03
5.965604838709677438e+01 -9.868907548258802620e-03 -9.546980337312490489e-03
5.978104838709677438e+01 -9.835462227020086434e-03 -9.506874867874326451e-03
5.990604838709677438e+01 -9.801798390903792429e-03 -9.466700258059677561e-03
6.003104838709677438e+01 -9.767921369331104484e-03 -9.426462719720399633e-03
6.015604838709677438e+01 -9.733836450911951058e-03 -9.386168340636656324e-03
6.028104838709677438e+01 -9.699548883524330631e-03 -9.345823086049193443e-03
6.040604838709677438e+01 -9.665063874392211193e-03 -9.305432800189956596e-03
6.053104838709677438e+01 -9.630386590149529399e-03 -9.265003207806146376e-03
6.065604838709677438e+01 -9.595522156904862793e-03 -9.224539915680373889e-03
6.078104838709677438e+01 -9.560475660284039820e-03 -9.184048414145575684e-03
6.090604838709677438e+01 -9.525252145489274819e-03 -9.143534078594426143e-03
6.103104838709677438e+01 -9.489856617329312308e-03 -9.103002170981892502e-03
6.115604838709677438e+01 -9.454294040261481888e-03 -9.062457841322238764e-03
6.128104838709677438e+01 -9.418569338416152639e-03 -9.021906129178892952e-03
6.140604838709677438e+01 -9.382687395626218216e-03 -8.981351965147174252e-03
6.153104838709677438e+01 -9.346653055445316646e-03 -8.940800172329897363e-03
6.165604838709677438e+01 -9.310471121168669567e-03 -8.900255467805241738e-03
6.178104838709677438e+01 -9.274146355840355918e-03 -8.859722464085959329e-03
6.190604838709677438e+01 -9.237683482272157978e-03 -8.819205670571291303e-03
6.203104838709677438e+01 -9.201087183043668918e-03 -8.778709494990245832e-03
6.215604838709677438e+01 -9.164362100513859938e-03 -8.738238244834961935e-03
6.228104838709677438e+01 -9.127512836820362088e-03 -8.697796128786355538e-03
6.240604838709677438e+01 -9.090543953882057951e-03 -8.657387258129875876e-03
6.253104838709677438e+01 -9.053459973399303681e-03 -8.617015648162019287e-03
6.265604838709677438e+01 -9.016265376854468508e-03 -8.576685219586568237e-03
6.278104838709677438e+01 -8.978964605506742705e-03 -8.536399799902090815e-03
6.290604838709677438e+01 -8.941562060390612771e-03 -8.496163124778294620e-03
6.303104838709677438e+01 -8.904062102313833535e-03 -8.455978839422296708e-03
6.315604838709677438e+01 -8.866469051853299518e-03 -8.415850499935139187e-03
6.328104838709677438e+01 -8.828787189355275650e-03 -8.375781574657551257e-03
6.340604838709677438e+01 -8.791020754922556843e-03 -8.335775445503745135e-03
6.353104838709677438e+01 -8.753173948426909434e-03 -8.295835409286517539e-03
6.365604838709677438e+01 -8.715250929497032201e-03 -8.255964679029384121e-03
6.378104838709677438e+01 -8.677255817523280013e-03 -8.216166385268846781e-03
6.390604838709677438e+01 -8.639192691655764311e-03 -8.176443577345000185e-03
6.403104838709677438e+01 -8.601065590809973613e-03 -8.136799224680840020e-03
6.415604838709677438e+01 -8.562878513668355576e-03 -8.097236218049894824e-03
6.428104838709677438e+01 -8.524635418686674765e-03 -8.057757370832748650e-03
6.440604838709677438e+01 -8.486340224102467689e-03 -8.018365420262154458e-03
6.453104838709677438e+01 -8.447996807941284339e-03 -7.979063028655725143e-03
6.465604838709677438e+01 -8.409609008037076394e-03 -7.939852784637435601e-03
6.478104838709677438e+01 -8.371180622033866023e-03 -7.900737204347148268e-03
6.490604838709677438e+01 -8.332715407417467038e-03 -7.861718732638500393e-03
6.503104838709677438e+01 -8.294217081519082713e-03 -7.822799744264290894e-03
6.515604838709677438e+01 -8.255689321552137430e-03 -7.783982545051016527e-03
6.528104838709677438e+01 -8.217135764625882119e-03 -7.745269373060176439e-03
6.540604838709677438e+01 -8.178560007781927529e-03 -7.706662399738020003e-03
6.553104838709677438e+01 -8.139965608018275359e-03 -7.668163731053756135e-03
6.565604838709677438e+01 -8.101356082329992311e-03 -7.629775408625327250e-03
6.578104838709677438e+01 -8.062734907739120202e-03 -7.591499410832566568e-03
6.590604838709677438e+01 -8.024105521345220593e-03 -7.553337653919153447e-03
6.603104838709677438e+01 -7.985471320358343214e-03 -7.515291993081914777e-03
6.615604838709677438e+01 -7.946835662154722729e-03 -7.477364223548128158e-03
6.628104838709677438e+01 -7.908201864327403172e-03 -7.439556081641079260e-03
6.640604838709677438e+01 -7.869573204734149272e-03 -7.401869245832722391e-03
6.653104838709677438e+01 -7.830952921564205554e-03 -7.364305337785214539e-03
6.665604838709677438e+01 -7.792344213392416244e-03 -7.326865923379475426e-03
6.678104838709677438e+01 -7.753750239252761058e-03 -7.289552513732724254e-03
6.690604838709677438e+01 -7.715174118700427082e-03 -7.252366566203052867e-03
6.703104838709677438e+01 -7.676618931889114122e-03 -7.215309485382247895e-03
6.715604838709677438e+01 -7.638087719645477759e-03 -7.178382624077201887e-03
6.728104838709677438e+01 -7.599583483555526382e-03 -7.141587284278657494e-03
6.740604838709677438e+01 -7.561109186038316582e-03 -7.104924718118309050e-03
6.753104838709677438e+01 -7.522667750447967899e-03 -7.068396128814556471e-03
6.765604838709677438e+01 -7.484262061152342077e-03 -7.032002671605544486e-03
6.778104838709677438e+01 -7.445894963640379942e-03 -6.995745454670848108e-03
6.790604838709677438e+01 -7.407569264614740842e-03 -6.959625540041735822e-03
6.803104838709677438e+01 -7.369287732100781446e-03 -6.923643944499821394e-03
6.815604838709677438e+01 -7.331053095548163701e-03 -6.887801640462776383e-03
6.828104838709677438e+01 -7.292868045950115334e-03 -6.852099556860610959e-03
6.840604838709677438e+01 -7.254735235952560445e-03 -6.816538579998658066e-03
6.853104838709677438e+01 -7.216657279976754907e-03 -6.781119554409944551e-03
6.865604838709677438e+01 -7.178636754341128148e-03 -6.745843283696241477e-03
6.878104838709677438e+01 -7.140676197385814605e-03 -6.710710531357463177e-03
6.890604838709677438e+01 -7.102778109610744656e-03 -6.675722021609760241e-03
6.903104838709677438e+01 -7.064944953800896855e-03 -6.640878440192970848e-03
6.915604838709677438e+01 -7.027179155170364989e-03 -6.606180435166580413e-03
6.928104838709677438e+01 -6.989483101500978957e-03 -6.571628617694544316e-03
6.940604838709677438e+01 -6.951859143291530020e-03 -6.537223562819195755e-03
6.953104838709677438e+01 -6.914309593902048627e-03 -6.502965810224824172e-03
6.965604838709677438e+01 -6.876836729709714414e-03 -6.468855864989730801e-03
6.978104838709677438e+01 -6.839442790263182415e-03 -6.434894198327430030e-03
6.990604838709677438e+01 -6.802129978445052919e-03 -6.401081248318384390e-03
7.003104838709677438e+01 -6.764900460630437345e-03 -6.367417420629815916e-03
7.015604838709677438e+01 -6.727756366858999443e-03 -6.333903089225567141e-03
7.028104838709677438e+01 -6.690699790999225793e-03 -6.300538597065602313e-03
7.040604838709677438e+01 -6.653732790925619145e-03 -6.267324256795621558e-03
7.053104838709677438e+01 -6.616857388695013970e-03 -6.234260351425078422e-03
7.065604838709677438e+01 -6.580075570723255447e-03 -6.201347134996673845e-03
7.078104838709677438e+01 -6.543389287971245957e-03 -6.168584833244813818e-03
7.090604838709677438e+01 -6.506800456128749438e-03 -6.135973644243766269e-03
7.103104838709677438e+01 -6.470310955806261345e-03 -6.103513739047097472e-03
7.115604838709677438e+01 -6.433922632722586035e-03 -6.071205262316571767e-03
7.128104838709677438e+01 -6.397637297904836505e-03 -6.039048332940805987e-03
7.140604838709677438e+01 -6.361456727882571632e-03 -6.007043044645957175e-03
7.153104838709677438e+01 -6.325382664890388459e-03 -5.975189466594504895e-03
7.165604838709677438e+01 -6.289416817069887373e-03 -5.943487643977033059e-03
7.178104838709677438e+01 -6.253560858679435737e-03 -5.911937598592599888e-03
7.190604838709677438e+01 -6.217816430296209396e-03 -5.880539329421593034e-03
7.203104838709677438e+01 -6.182185139036245822e-03 -5.849292813187834637e-03
7.215604838709677438e+01 -6.146668558761641220e-03 -5.818198004912350160e-03
7.228104838709677438e+01 -6.111268230298943539e-03 -5.787254838458791469e-03
7.240604838709677438e+01 -6.075985661660422525e-03 -5.756463227068769027e-03
7.253104838709677438e+01 -6.040822328261817413e-03 -5.725823063888593745e-03
7.265604838709677438e+01 -6.005779673146852647e-03 -5.695334222488110214e-03
7.278104838709677438e+01 -5.970859107214000934e-03 -5.664996557370577043e-03
7.290604838709677438e+01 -5.936062009444138809e-03 -5.633661318249597559e-03
7.303104838709677438e+01 -5.901389727127968887e-03 -5.601026628905577190e-03
7.315604838709677438e+01 -5.866843576101837300e-03 -5.568554960442720012e-03
7.328104838709677438e+01 -5.832424840977705992e-03 -5.536246553237453120e-03
7.340604838709677438e+01 -5.798134775383228037e-03 -5.504101623127252881e-03
7.353104838709677438e+01 -5.763974602193158887e-03 -5.472120361875290606e-03
7.365604838709677438e+01 -5.729945513776607373e-03 -5.440302937629173247e-03
7.378104838709677438e+01 -5.696048672231589401e-03 -5.408649495373717489e-03
7.390604838709677438e+01 -5.662285209629780089e-03 -5.377160157377719983e-03
7.403104838709677438e+01 -5.628656228261652746e-03 -5.345835023634930988e-03
7.415604838709677438e+01 -5.595162800883341295e-03 -5.314674172299299962e-03
7.428104838709677438e+01 -5.561805970958300267e-03 -5.283677660114284060e-03
7.440604838709677438e+01 -5.528586752912947530e-03 -5.252845522836621997e-03
7.453104838709677438e+01 -5.495506132382902212e-03 -5.222177775654294855e-03
7.465604838709677438e+01 -5.462565066462208088e-03 -5.191674413599060671e-03
7.478104838709677438e+01 -5.429764483961286962e-03 -5.161335411953212396e-03
7.490604838709677438e+01 -5.399367649329620857e-03 -5.131160726651023268e-03
7.503104838709677438e+01 -5.370114924830975307e-03 -5.101150294674619383e-03
7.515604838709677438e+01 -5.340983822255010276e-03 -5.071304034444478956e-03
7.528104838709677438e+01 -5.311974446003604397e-03 -5.041621846204609458e-03
7.540604838709677438e+01 -5.283086889418368154e-03 -5.012103612402301137e-03
7.553104838709677438e+01 -5.254321234995939539e-03 -4.982749198062755291e-03
7.565604838709677438e+01 -5.225677554599209192e-03 -4.953558451158494511e-03
7.578104838709677438e+01 -5.197155909664578216e-03 -4.924531202973473319e-03
7.590604838709677438e+01 -5.168756351405669365e-03 -4.895667268462237931e-03
7.603104838709677438e+01 -5.140478921013802091e-03 -4.866966446604013667e-03
7.615604838709677438e+01 -5.112323649853985942e-03 -4.838428520751658461e-03
7.628104838709677438e+01 -5.084290559658155746e-03 -4.810053258975779955e-03
7.640604838709677438e+01 -5.056379662714849746e-03 -4.781840414403937256e-03
7.653104838709677438e+01 -5.028590962054883991e-03 -4.753789725554960315e-03
7.665604838709677438e+01 -5.000924451634436788e-03 -4.725900916668324472e-03
7.678104838709677438e+01 -4.973380116514511048e-03 -4.698173698029090191e-03
7.690604838709677438e+01 -4.945957933036953212e-03 -4.670607766287814683e-03
7.703104838709677438e+01 -4.918657868997727833e-03 -4.643202804775886476e-03
7.715604838709677438e+01 -4.891479883817057527e-03 -4.615958483816419086e-03
7.728104838709677438e+01 -4.864423928705698813e-03 -4.588874461030294401e-03
7.740604838709677438e+01 -4.837489946829458959e-03 -4.561950381637927369e-03
7.753104838709677438e+01 -4.810677873469768918e-03 -4.535185878756405053e-03
7.765604838709677438e+01 -4.783987636181728786e-03 -4.508580573692324428e-03
7.778104838709677438e+01 -4.757419154949442744e-03 -4.482134076230140721e-03
7.790604838709677438e+01 -4.730972342338048489e-03 -4.455845984916252667e-03
7.803104838709677438e+01 -4.704647103643996332e-03 -4.429715887338842029e-03
7.815604838709677438e+01 -4.678443337041040054e-03 -4.403743360403401461e-03
7.828104838709677438e+01 -4.652360933725213817e-03 -4.377927970604070414e-03
7.840604838709677438e+01 -4.626399778056048198e-03 -4.352269274290978575e-03
7.853104838709677438e+01 -4.600559747695992519e-03 -4.326766817933252497e-03
7.865604838709677438e+01 -4.574840713746560275e-03 -4.301420138378228390e-03
7.878104838709677438e+01 -4.549242540883031288e-03 -4.276228763106455603e-03
7.890604838709677438e+01 -4.523765087485477968e-03 -4.251192210482855963e-03
7.903104838709677438e+01 -4.498408205768411605e-03 -4.226309990003971305e-03
7.915604838709677438e+01 -4.473171741907748522e-03 -4.201581602541260181e-03
7.928104838709677438e+01 -4.448055536165268671e-03 -4.177006540580651024e-03
7.940604838709677438e+01 -4.423059423011215484e-03 -4.152584288458288468e-03
7.953104838709677438e+01 -4.398183231244532157e-03 -4.128314322592578633e-03
7.965604838709677438e+01 -4.373426784110638101e-03 -4.104196111712398072e-03
7.978104838709677438e+01 -4.348789899417481071e-03 -4.080229117081889643e-03
7.990604838709677438e+01 -4.324272389649325490e-03 -4.056412792721488837e-03
8.003104838709677438e+01 -4.299874062078544099e-03 -4.032746585625340136e-03
8.015604838709677438e+01 -4.275594718875172680e-03 -4.009229935975409595e-03
8.028104838709677438e+01 -4.251434157215006754e-03 -3.985862277351906804e-03
8.040604838709677438e+01 -4.227392169385000772e-03 -3.962643036940340611e-03
8.053104838709677438e+01 -4.203468542887347191e-03 -3.939571635735216425e-03
8.065604838709677438e+01 -4.179663060541641273e-03 -3.916647488740356876e-03
8.078104838709677438e+01 -4.155975500584901776e-03 -3.893870005165895719e-03
8.090604838709677438e+01 -4.132405636769914160e-03 -3.871238588621932816e-03
8.103104838709677438e+01 -4.108953238462209438e-03 -3.848752637309141647e-03
8.115604838709677438e+01 -4.085618070734549356e-03 -3.826411544206011033e-03
8.128104838709677438e+01 -4.062399894460296153e-03 -3.804214697252972580e-03
8.140604838709677438e+01 -4.039298466404928761e-03 -3.782161479533456376e-03
8.153104838709677438e+01 -4.016313539315914498e-03 -3.760251269451866680e-03
8.165604838709677438e+01 -3.993444862010907606e-03 -3.738483440908412121e-03
8.178104838709677438e+01 -3.970692179464726558e-03 -3.716857363471127388e-03
8.190604838709677438e+01 -3.948055232894017233e-03 -3.695372402544778046e-03
8.203104838709677438e+01 -3.925533759841373996e-03 -3.674027919536898296e-03
8.215604838709677438e+01 -3.903127494257069893e-03 -3.652823272020920900e-03
8.228104838709677438e+01 -3.880836166580001016e-03 -3.631757813896528513e-03
8.240604838709677438e+01 -3.858659503816750432e-03 -3.610830895547033868e-03
8.253104838709677438e+01 -3.836597229619683695e-03 -3.590041863994222066e-03
8.265604838709677438e+01 -3.814649064363049864e-03 -3.569390063050189178e-03
8.278104838709677438e+01 -3.792814725218250291e-03 -3.548874833466680694e-03
8.290604838709677438e+01 -3.771093926227665413e-03 -3.528495513081664810e-03
8.303104838709677438e+01 -3.749486378377039995e-03 -3.508251436963238153e-03
8.315604838709677438e+01 -3.727991789666566889e-03 -3.488141937551080766e-03
8.328104838709677438e+01 -3.706609865181165892e-03 -3.468166344795109088e-03
8.340604838709677438e+01 -3.685340307158747712e-03 -3.448323986291863819e-03
8.353104838709677438e+01 -3.664182815057970104e-03 -3.428614187418171227e-03
8.365604838709677438e+01 -3.643137085624469172e-03 -3.409036271462490778e-03
8.378104838709677438e+01 -3.622202812956004745e-03 -3.389589559753739597e-03
8.390604838709677438e+01 -3.601379688566482083e-03 -3.370273371787770294e-03
8.403104838709677438e+01 -3.580667401449039427e-03 -3.351087025351421906e-03
8.415604838709677438e+01 -3.560065638137367445e-03 -3.332029836644366440e-03
8.428104838709677438e+01 -3.539574082766866903e-03 -3.313101120398443105e-03
8.440604838709677438e+01 -3.519192417134131470e-03 -3.294300189994939492e-03
8.453104838709677438e+01 -3.498920320755569656e-03 -3.275626357579468437e-03
8.465604838709677438e+01 -3.478757470925099120e-03 -3.257078934174748464e-03
8.478104838709677438e+01 -3.458703542770657450e-03 -3.238657229791038882e-03
8.490604838709677438e+01 -3.439293527652527958e-03 -3.220360553534696614e-03
8.503104838709677438e+01 -3.420010786715708875e-03 -3.202188213714345609e-03
8.515604838709677438e+01 -3.400834288777434405e-03 -3.184139517945078646e-03
8.528104838709677438e+01 -3.381763599955049486e-03 -3.166213773250625609e-03
8.540604838709677438e+01 -3.362798285737794712e-03 -3.148410286163404962e-03
8.553104838709677438e+01 -3.343937911045798649e-03 -3.130728362822614991e-03
8.565604838709677438e+01 -3.325182040285918142e-03 -3.113167309070364371e-03
8.578104838709677438e+01 -3.306530237407667543e-03 -3.095726430545845537e-03
8.590604838709677438e+01 -3.287982065957748869e-03 -3.078405032777569925e-03
8.603104838709677438e+01 -3.269537089132333769e-03 -3.061202421273684620e-03
8.615604838709677438e+01 -3.251194869829818201e-03 -3.044117901610549071e-03
8.628104838709677438e+01 -3.232954970701428215e-03 -3.027150779519273503e-03
8.640604838709677438e+01 -3.214816954199811293e-03 -3.010300360970641874e-03
8.653104838709677438e+01 -3.196780382628730110e-03 -2.993565952258142680e-03
8.665604838709677438e+01 -3.178844818189700567e-03 -2.976946860079231205e-03
8.678104838709677438e+01 -3.161009823027932913e-03 -2.960442391614926012e-03
8.690604838709677438e+01 -3.143274959278338776e-03 -2.944051854607622129e-03
8.703104838709677438e+01 -3.125639789109060148e-03 -2.927774557437248879e-03
8.715604838709677438e+01 -3.108103874764301007e-03 -2.911609809195830467e-03
8.728104838709677438e+01 -3.090666778607060929e-03 -2.895556919760289283e-03
8.740604838709677438e+01 -3.073328063159653026e-03 -2.879615199863751283e-03
8.753104838709677438e+01 -3.056087291143837203e-03 -2.863783961165187759e-03
8.765604838709677438e+01 -3.038944025519966369e-03 -2.848062516317567856e-03
8.778104838709677438e+01 -3.022817188259004865e-03 -2.832450179034317565e-03
8.790604838709677438e+01 -3.007474475011762127e-03 -2.816946264154534044e-03
8.803104838709677438e+01 -2.992224074261916420e-03 -2.801550087706431401e-03
8.815604838709677438e+01 -2.977065373372292378e-03 -2.786260966969432516e-03
8.828104838709677438e+01 -2.961997762305430652e-03 -2.771078220534880891e-03
8.840604838709677438e+01 -2.947020633655571872e-03 -2.756001168365196461e-03
8.853104838709677438e+01 -2.932133382678686010e-03 -2.741029131851668767e-03
8.865604838709677438e+01 -2.917335407322156540e-03 -2.726161433870928283e-03
8.878104838709677438e+01 -2.902626108252749377e-03 -2.711397398839990921e-03
8.890604838709677438e+01 -2.888004888883606482e-03 -2.696736352769991529e-03
8.903104838709677438e+01 -2.873471155400518680e-03 -2.682124571834915931e-03
8.915604838709677438e+01 -2.859024316786569139e-03 -2.666277501388379916e-03
8.928104838709677438e+01 -2.844663784846160164e-03 -2.650553831422576990e-03
8.940604838709677438e+01 -2.830388974227814394e-03 -2.634952855127289592e-03
8.953104838709677438e+01 -2.816199302446092609e-03 -2.619473863250162959e-03
8.965604838709677438e+01 -2.802094189902356626e-03 -2.604116144229885917e-03
8.978104838709677438e+01 -2.788073059904889930e-03 -2.588878984322247594e-03
8.990604838709677438e+01 -2.774135338687585411e-03 -2.573761667728371658e-03
9.003104838709677438e+01 -2.760280455428284867e-03 -2.558763476718336604e-03
9.015604838709677438e+01 -2.746507842265669564e-03 -2.543883691756411956e-03
9.028104838709677438e+01 -2.732816934315688076e-03 -2.529121591619915010e-03
9.040604838709677438e+01 -2.719207169686906848e-03 -2.514476453521841039e-03
9.053104838709677438e+01 -2.705677989494919677e-03 -2.499947553227029051e-03
9.065604838709677438e+01 -2.692228837876290554e-03 -2.485534165170225334e-03
9.078104838709677438e+01 -2.678859162001165101e-03 -2.471235562568898161e-03
9.090604838709677438e+01 -2.665568412085571933e-03 -2.457051017538687109e-03
9.103104838709677438e+01 -2.652356041402613353e-03 -2.442979801203953080e-03
9.115604838709677438e+01 -2.639221506293005972e-03 -2.429021183806494722e-03
9.128104838709677438e+01 -2.626199841053422288e-03 -2.415174434815888990e-03
9.140604838709677438e+01 -2.613437554331956778e-03 -2.401438823034538622e-03
9.153104838709677438e+01 -2.600749772161424500e-03 -2.387813616703233967e-03
9.165604838709677438e+01 -2.588135942015206813e-03 -2.374298083604238930e-03
9.178104838709677438e+01 -2.575595515085890141e-03 -2.360891491163907233e-03
9.190604838709677438e+01 -2.563127946286368388e-03 -2.347593106551252012e-03
9.203104838709677438e+01 -2.550732694249842943e-03 -2.334402196778348568e-03
9.215604838709677438e+01 -2.538409221329492212e-03 -2.321318028796196496e-03
9.228104838709677438e+01 -2.526156993597302846e-03 -2.308339869590075692e-03
9.240604838709677438e+01 -2.513975480842178464e-03 -2.295466986274288714e-03
9.253104838709677438e+01 -2.501864156567684509e-03 -2.282698646184278066e-03
9.265604838709677438e+01 -2.489822497988849852e-03 -2.270034116966823581e-03
9.278104838709677438e+01 -2.477849986028658313e-03 -2.257472666669996936e-03
9.290604838709677438e+01 -2.465946105313655476e-03 -2.245013563830955145e-03
9.303104838709677438e+01 -2.454110344169265802e-03 -2.232656077561921693e-03
9.315604838709677438e+01 -2.442342194614443608e-03 -2.220399477635047903e-03
9.328104838709677438e+01 -2.430641152355646206e-03 -2.208243034565905618e-03
9.340604838709677438e+01 -2.419006716780534253e-03 -2.196186019695842324e-03
9.353104838709677438e+01 -2.407438390950951326e-03 -2.184227705270971355e-03
9.365604838709677438e+01 -2.395935681595478053e-03 -2.172367364522983547e-03
9.378104838709677438e+01 -2.384498099101504866e-03 -2.160604271745357550e-03
9.390604838709677438e+01 -2.373125157506819020e-03 -2.148937702369777859e-03
9.403104838709677438e+01 -2.361816374490751432e-03 -2.137366933041086152e-03
9.415604838709677438e+01 -2.350571271364809613e-03 -2.125891241691049531e-03
9.428104838709677438e+01 -2.339389373062982294e-03 -2.114509907608740861e-03
9.440604838709677438e+01 -2.328270208131479405e-03 -2.103222211512988625e-03
9.453104838709677438e+01 -2.317213308718209241e-03 -2.092027435620205482e-03
9.465604838709677438e+01 -2.306218210561757770e-03 -2.080924863713267629e-03
9.478104838709677438e+01 -2.295284452979997995e-03 -2.069913781206573870e-03
9.490604838709677438e+01 -2.284411578858389687e-03 -2.058993475212831173e-03
9.503104838709677438e+01 -2.273599134637750447e-03 -2.048163234606342580e-03
9.515604838709677438e+01 -2.262846670301883658e-03 -2.037350481737381595e-03
9.528104838709677438e+01 -2.252153739364739365e-03 -2.025793422152521832e-03
9.540604838709677438e+01 -2.241519898857204790e-03 -2.014317611475707585e-03
9.553104838709677438e+01 -2.230944709313731344e-03 -2.002922557732988995e-03
9.565604838709677438e+01 -2.220427734758418682e-03 -1.991607770290526949e-03
9.578104838709677438e+01 -2.209968542691081398e-03 -1.980372759877118902e-03
9.590604838709677438e+01 -2.199566704072762353e-03 -1.969217038606256749e-03
9.603104838709677438e+01 -2.189221793311110255e-03 -1.958140119997576253e-03
9.615604838709677438e+01 -2.178933388245471881e-03 -1.947141518997871695e-03
9.628104838709677438e+01 -2.168701070131630847e-03 -1.936220752001432477e-03
9.640604838709677438e+01 -2.158524423626488262e-03 -1.925377336870062262e-03
9.653104838709677438e+01 -2.148403036772211262e-03 -1.914610792952400539e-03
9.665604838709677438e+01 -2.138336500980421873e-03 -1.903920641102884023e-03
9.678104838709677438e+01 -2.128324411016048034e-03 -1.893306403700165943e-03
9.690604838709677438e+01 -2.118366364980862372e-03 -1.882767604665008202e-03
9.703104838709677438e+01 -2.108461964296993660e-03 -1.872303769477756544e-03
9.715604838709677438e+01 -2.098610813690067901e-03 -1.861914425195324799e-03
9.728104838709677438e+01 -2.088812521172318196e-03 -1.851599100467716825e-03
9.740604838709677438e+01 -2.079066698025334222e-03 -1.841357325554064889e-03
9.753104838709677438e+01 -2.069372958782770937e-03 -1.831188632338262784e-03
9.765604838709677438e+01 -2.059730921212863004e-03 -1.821092554344117551e-03
9.778104838709677438e+01 -2.050140206300662526e-03 -1.811068626750091592e-03
9.790604838709677438e+01 -2.040600438230310600e-03 -1.801116386403601999e-03
9.803104838709677438e+01 -2.031111244366981886e-03 -1.791235371834867330e-03
9.815604838709677438e+01 -2.021672255238799679e-03 -1.781425123270411566e-03
9.828104838709677438e+01 -2.012283104518599198e-03 -1.771685182646093402e-03
9.840604838709677438e+01 -2.002943429005494842e-03 -1.762015093619743924e-03
9.853104838709677438e+01 -1.993652868606423170e-03 -1.752414401583408769e-03
9.865604838709677438e+01 -1.984411066317472508e-03 -1.742882653675207347e-03
9.878104838709677438e+01 -1.975217668205231630e-03 -1.733419398790838391e-03
9.890604838709677438e+01 -1.966072323387856556e-03 -1.724024187594591553e-03
9.903104838709677438e+01 -1.956974684016211507e-03 -1.714696572530129788e-03
9.915604838709677438e+01 -1.947924405254879534e-03 -1.705436107830782776e-03
9.928104838709677438e+01 -1.938921145262946554e-03 -1.696242349529580992e-03
9.940604838709677438e+01 -1.929964565174943462e-03 -1.687114855468842874e-03
9.953104838709677438e+01 -1.921054329081489003e-03 -1.678053185309469472e-03
9.965604838709677438e+01 -1.912190104010018724e-03 -1.669056900539864826e-03
9.978104838709677438e+01 -1.903371559905399444e-03 -1.660125564484528490e-03
9.990604838709677438e+01 -1.894598369610430962e-03 -1.651258742312325389e-03
1.000310483870967744e+02 -1.885870208846445557e-03 -1.642456001044395294e-03
1.001560483870967744e+02 -1.877186756193636227e-03 -1.633716909561745484e-03
1.002810483870967744e+02 -1.868547693071559695e-03 -1.625041038612573237e-03
1.004060483870967744e+02 -1.859952703719464865e-03 -1.616427960819208625e-03
1.005310483870967744e+02 -1.851401475176634500e-03 -1.607877250684781054e-03
1.006560483870967744e+02 -1.842893697262739695e-03 -1.599388484599572474e-03
1.007810483870967744e+02 -1.834429062558018278e-03 -1.590961240847096501e-03
1.009060483870967744e+02 -1.826007266383683275e-03 -1.582595099609853360e-03
1.010310483870967744e+02 -1.817628006782033220e-03 -1.574289642974827661e-03
1.011560483870967744e+02 -1.809290984496745051e-03 -1.566044454938642473e-03
1.012810483870967744e+02 -1.800995902953136420e-03 -1.557859121412519558e-03
1.014060483870967744e+02 -1.792742468238313737e-03 -1.549733230226912374e-03
1.015310483870967744e+02 -1.784530389081458775e-03 -1.541666371135863274e-03
1.016560483870967744e+02 -1.776359376834004246e-03 -1.533658135821123038e-03
1.017810483870967744e+02 -1.768229145449911948e-03 -1.525708117895999572e-03
1.019060483870967744e+02 -1.760139411465867429e-03 -1.517815912908937947e-03
1.020310483870967744e+02 -1.752089893981561381e-03 -1.509981118346889880e-03
1.021560483870967744e+02 -1.744080314639977983e-03 -1.502203333638362512e-03
1.022810483870967744e+02 -1.736110397607650273e-03 -1.494482160156308673e-03
1.024060483870967744e+02 -1.728179869555033056e-03 -1.486817201220699044e-03
1.025310483870967744e+02 -1.720288459636788421e-03 -1.479208062100948818e-03
1.026560483870967744e+02 -1.712435899472186619e-03 -1.471654350018000669e-03
1.027810483870967744e+02 -1.704621923125545536e-03 -1.464155674146291712e-03
1.029060483870967744e+02 -1.696846267086608807e-03 -1.456711645615421007e-03
1.030310483870967744e+02 -1.689108670251090018e-03 -1.449321877511654212e-03
1.031560483870967744e+02 -1.681408873901136690e-03 -1.441985984879163695e-03
1.032810483870967744e+02 -1.673746621685990275e-03 -1.434703584721076525e-03
1.034060483870967744e+02 -1.666121659602488305e-03 -1.427474296000336628e-03
1.035310483870967744e+02 -1.658533735975789873e-03 -1.420297739640345768e-03
1.036560483870967744e+02 -1.650982601440110662e-03 -1.413173538525388769e-03
1.037810483870967744e+02 -1.643468008919428706e-03 -1.406101317500887873e-03
1.039060483870967744e+02 -1.635989713608372066e-03 -1.399080703373467788e-03
1.040310483870967744e+02 -1.628547472953049274e-03 -1.392111324910795880e-03
1.041560483870967744e+02 -1.621141046632034594e-03 -1.385192812841289653e-03
1.042810483870967744e+02 -1.613770196537371495e-03 -1.378324799853582888e-03
1.044060483870967744e+02 -1.606434686755592832e-03 -1.371506920595872737e-03
1.045310483870967744e+02 -1.599134283548941157e-03 -1.364738811675051712e-03
1.046560483870967744e+02 -1.591868755336493411e-03 -1.358020111655676822e-03
1.047810483870967744e+02 -1.584637872675516337e-03 -1.351350461058773052e-03
1.049060483870967744e+02 -1.577441408242757914e-03 -1.344729502360484177e-03
1.050310483870967744e+02 -1.570279136815883004e-03 -1.338156879990521275e-03
1.051560483870967744e+02 -1.563150835255009818e-03 -1.331632240330528610e-03
1.052810483870967744e+02 -1.556056282484233159e-03 -1.325155231712188885e-03
1.054060483870967744e+02 -1.548995259473325697e-03 -1.318725504415271246e-03
1.055310483870967744e+02 -1.541967549219448556e-03 -1.312342710665464389e-03
1.056560483870967744e+02 -1.534972936728966212e-03 -1.306006504632120776e-03
1.057810483870967744e+02 -1.528011208999394523e-03 -1.299716542425788770e-03
1.059060483870967744e+02 -1.521082155001316893e-03 -1.293472482095669746e-03
1.060310483870967744e+02 -1.514185565660527890e-03 -1.287273983626876584e-03
1.061560483870967744e+02 -1.507321233840133072e-03 -1.281120708937636852e-03
1.062810483870967744e+02 -1.500488954322842447e-03 -1.275012321876248158e-03
1.064060483870967744e+02 -1.493688523793282145e-03 -1.268948488218030884e-03
1.065310483870967744e+02 -1.486919740820447046e-03 -1.262928875662046964e-03
1.066560483870967744e+02 -1.480182405840214325e-03 -1.256953153827786553e-03
1.067810483870967744e+02 -1.473476321137925536e-03 -1.251020994251633971e-03
1.069060483870967744e+02 -1.466801290831170126e-03 -1.245132070383311732e-03
1.070310483870967744e+02 -1.460157120852510195e-03 -1.239286057582125082e-03
1.071560483870967744e+02 -1.453543618932421439e-03 -1.233482633113178357e-03
1.072810483870967744e+02 -1.446960594582297416e-03 -1.227721476143377958e-03
1.074060483870967744e+02 -1.440407859077523630e-03 -1.222002267737419068e-03
1.075310483870967744e+02 -1.433885225440686495e-03 -1.216324690853614731e-03
1.076560483870967744e+02 -1.427392508424838238e-03 -1.210688430339615634e-03
1.077810483870967744e+02 -1.420929524496922051e-03 -1.205093172928082407e-03
1.079060483870967744e+02 -1.414496091821257524e-03 -1.199538607232175777e-03
1.080310483870967744e+02 -1.408092030243100886e-03 -1.194024423741034792e-03
1.081560483870967744e+02 -1.401717161272417102e-03 -1.188550314815071604e-03
1.082810483870967744e+02 -1.395371308067584097e-03 -1.183115974681284025e-03
1.084060483870967744e+02 -1.389054295419370417e-03 -1.177721099428346045e-03
1.085310483870967744e+02 -1.382765949734902260e-03 -1.172365387001721116e-03
1.086560483870967744e+02 -1.376506099021773850e-03 -1.167048537198624733e-03
1.087810483870967744e+02 -1.370274572872286168e-03 -1.161770251662942125e-03
1.089060483870967744e+02 -1.364071202447733177e-03 -1.156530233880011076e-03
1.090310483870967744e+02 -1.357895820462864771e-03 -1.151328189171390431e-03
1.091560483870967744e+02 -1.351748261170378348e-03 -1.146163824689487446e-03
1.092810483870967744e+02 -1.345628360345569327e-03 -1.141036849412169294e-03
1.094060483870967744e+02 -1.339535955271081193e-03 -1.135946974137238630e-03
1.095310483870967744e+02 -1.333470884721748998e-03 -1.130893911476885724e-03
1.096560483870967744e+02 -1.327432988949554327e-03 -1.125877375852028274e-03
1.097810483870967744e+02 -1.321422109668685422e-03 -1.120897083486644937e-03
1.099060483870967744e+02 -1.315438090040726765e-03 -1.115952752401946435e-03
1.100310483870967744e+02 -1.309480774659891157e-03 -1.111044102410586789e-03
1.101560483870967744e+02 -1.303550009538457372e-03 -1.106170855110720800e-03
1.102810483870967744e+02 -1.297645642092239886e-03 -1.101332733880064580e-03
1.104060483870967744e+02 -1.291767521126173986e-03 -1.096529463869863478e-03
1.105310483870967744e+02 -1.285915496820063493e-03 -1.091760771998799735e-03
1.106560483870967744e+02 -1.280089420714366653e-03 -1.087026386946857853e-03
1.107810483870967744e+02 -1.274289145696112791e-03 -1.082326039149135964e-03
1.109060483870967744e+02 -1.268514525984989821e-03 -1.077659460789585216e-03
1.110310483870967744e+02 -1.262765417119412256e-03 -1.073026385794716413e-03
1.111560483870967744e+02 -1.257041675942824691e-03 -1.068426549827239651e-03
1.112810483870967744e+02 -1.251343160590027851e-03 -1.063859690279670995e-03
1.114060483870967744e+02 -1.245669730473680705e-03 -1.059325546267891448e-03
1.115310483870967744e+02 -1.240021246270826437e-03 -1.054823858624640877e-03
1.116560483870967744e+02 -1.234397569909592100e-03 -1.050354369892975278e-03
1.117810483870967744e+02 -1.228798564555997567e-03 -1.045916824319700423e-03
1.119060483870967744e+02 -1.223224094600817600e-03 -1.041510967848758434e-03
1.120310483870967744e+02 -1.217674025646618263e-03 -1.037136548114522003e-03
1.121560483870967744e+02 -1.212148224494823687e-03 -1.032793314435147573e-03
1.122810483870967744e+02 -1.206646559132982339e-03 -1.028481017805787370e-03
1.124060483870967744e+02 -1.201168898722061035e-03 -1.024199410891862795e-03
1.125310483870967744e+02 -1.195715113583870146e-03 -1.019948248022202290e-03
1.126560483870967744e+02 -1.190285075188630840e-03 -1.015727285182247298e-03
1.127810483870967744e+02 -1.184878656142577440e-03 -1.011536280007134612e-03
1.129060483870967744e+02 -1.179495730175744977e-03 -1.007374991774837285e-03
1.130310483870967744e+02 -1.174136172129802919e-03 -1.003243181399174561e-03
1.131560483870967744e+02 -1.168799857946001232e-03 -9.991406114228914073e-04
1.132810483870967744e+02 -1.163486664653274726e-03 -9.950670460106424316e-04
1.134060483870967744e+02 -1.158196470356364976e-03 -9.910222509419825115e-04
1.135310483870967744e+02 -1.152929154224133267e-03 -9.870059936043266372e-04
1.136560483870967744e+02 -1.147684596477916048e-03 -9.830180429858783112e-04
1.137810483870967744e+02 -1.142462678379999649e-03 -9.790581696685332277e-04
1.139060483870967744e+02 -1.137263282222237886e-03 -9.751261458207814356e-04
1.140310483870967744e+02 -1.132086291314695920e-03 -9.712217451905758893e-04
1.141560483870967744e+02 -1.126931589974475376e-03 -9.673447430981542720e-04
1.142810483870967744e+02 -1.121799063514582195e-03 -9.634949164289193652e-04
1.144060483870967744e+02 -1.116688598232936508e-03 -9.596720436261925663e-04
1.145310483870967744e+02 -1.111600081401446696e-03 -9.558759046840593476e-04
1.146560483870967744e+02 -1.106533401255236542e-03 -9.521062811401122565e-04
1.147810483870967744e+02 -1.101488446981918135e-03 -9.483629560682575602e-04
1.149060483870967744e+02 -1.096465108710978397e-03 -9.446457140714216005e-04
1.150310483870967744e+02 -1.091463277503316748e-03 -9.409543412743321756e-04
1.151560483870967744e+02 -1.086482845340791883e-03 -9.372886253162119935e-04
1.152810483870967744e+02 -1.081523705115937676e-03 -9.336483553435305635e-04
1.154060483870967744e+02 -1.076585750621769731e-03 -9.300333220026798684e-04
1.155310483870967744e+02 -1.071668876541645703e-03 -9.264433174326944893e-04
1.156560483870967744e+02 -1.066772978439280671e-03 -9.228781352579264099e-04
1.157810483870967744e+02 -1.061897952748795670e-03 -9.193375705807560342e-04
1.159060483870967744e+02 -1.057043696764937979e-03 -9.158214199742264420e-04
1.160310483870967744e+02 -1.052210108633329583e-03 -9.123294814747446484e-04
1.161560483870967744e+02 -1.047397087340837729e-03 -9.088615545747426392e-04
1.162810483870967744e+02 -1.042604532706070154e-03 -9.054174402153390569e-04
1.164060483870967744e+02 -1.037832345369896561e-03 -9.019969407789895028e-04
1.165310483870967744e+02 -1.033080426786134017e-03 -8.985998600821397658e-04
1.166560483870967744e+02 -1.028348679212265750e-03 -8.952260033679171076e-04
1.167810483870967744e+02 -1.023637005700307181e-03 -8.918751772987253785e-04
1.169060483870967744e+02 -1.018945310087725296e-03 -8.885471899489395548e-04
1.170310483870967744e+02 -1.014273496988455162e-03 -8.852418507975345734e-04
1.171560483870967744e+02 -1.009621471784043082e-03 -8.819589707207788933e-04
1.172810483870967744e+02 -1.004989140614805793e-03 -8.786983619848359002e-04
1.174060483870967744e+02 -1.000543777342874537e-03 -8.754598382384538901e-04
1.175310483870967744e+02 -9.973696300154635298e-04 -8.722432145056177805e-04
1.176560483870967744e+02 -9.942084738565422266e-04 -8.690483071782387691e-04
1.177810483870967744e+02 -9.910601542919739333e-04 -8.658749340087810000e-04
1.179060483870967744e+02 -9.879245188180558416e-04 -8.627229141029614133e-04
1.180310483870967744e+02 -9.848014169837504724e-04 -8.595920679124167442e-04
1.181560483870967744e+02 -9.816907003720009694e-04 -8.564822172274209368e-04
1.182810483870967744e+02 -9.785922225816045400e-04 -8.533931851695247123e-04
1.184060483870967744e+02 -9.755058392088382640e-04 -8.501029137492803825e-04
1.185310483870967744e+02 -9.724314078297220882e-04 -8.460559675225885930e-04
1.186560483870967744e+02 -9.693687879816234934e-04 -8.420338393898312490e-04
1.187810483870967744e+02 -9.663178411453183939e-04 -8.380364112764315419e-04
1.189060483870967744e+02 -9.632784307269639992e-04 -8.340635654833666347e-04
1.190310483870967744e+02 -9.602504220403839264e-04 -8.301151846845203656e-04
1.191560483870967744e+02 -9.572336822889663610e-04 -8.261911519242527919e-04
1.192810483870967744e+02 -9.542280805481091971e-04 -8.222913506150051873e-04
1.194060483870967744e+02 -9.512334877473330869e-04 -8.184156645347568293e-04
1.195310483870967744e+02 -9.482497766526604447e-04 -8.145639778248929151e-04
1.196560483870967744e+02 -9.452768218491815850e-04 -8.107361749876765278e-04
1.197810483870967744e+02 -9.423144997233567476e-04 -8.069321408842775566e-04
1.199060483870967744e+02 -9.393626884455786577e-04 -8.031517607323756342e-04
1.200310483870967744e+02 -9.364212679528262665e-04 -7.993949201041112120e-04
1.201560483870967744e+02 -9.334901199314263711e-04 -7.956615049241020114e-04
1.202810483870967744e+02 -9.305691277997490962e-04 -7.919514014673235177e-04
1.204060483870967744e+02 -9.276581766909748270e-04 -7.882644963570177707e-04
1.205310483870967744e+02 -9.247571534361011822e-04 -7.846006765630651096e-04
1.206560483870967744e+02 -9.218659465469542175e-04 -7.809598293998189136e-04
1.207810483870967744e+02 -9.189844461991109395e-04 -7.773418425243702268e-04
1.209060483870967744e+02 -9.161125442152279631e-04 -7.737466039348604155e-04
1.210310483870967744e+02 -9.132501340480553157e-04 -7.701740019685107382e-04
1.211560483870967744e+02 -9.103971107638788272e-04 -7.666239253001755870e-04
1.212810483870967744e+02 -9.075533710258619057e-04 -7.630962629405376157e-04
1.214060483870967744e+02 -9.047188130775868061e-04 -7.595909042345016030e-04
1.215310483870967744e+02 -9.018933367262967678e-04 -7.561077388595969888e-04
1.216560483870967744e+02 -8.990768433269323307e-04 -7.526466568246370416e-04
1.217810483870967744e+02 -8.962692357655857589e-04 -7.492075484679560542e-04
1.219060483870967744e+02 -8.934704184432837619e-04 -7.457903044562040357e-04
1.220310483870967744e+02 -8.906802972600436508e-04 -7.423948157827582476e-04
1.221560483870967744e+02 -8.878987795986302556e-04 -7.390209737664710579e-04
1.222810483870967744e+02 -8.851257743087924922e-04 -7.356686700503155566e-04
1.224060483870967744e+02 -8.823611916911984140e-04 -7.323377965999908375e-04
1.225310483870967744e+02 -8.796049434819138823e-04 -7.290282457028344348e-04
1.226560483870967744e+02 -8.768569428364529758e-04 -7.257399099664950436e-04
1.227810483870967744e+02 -8.741171043143693099e-04 -7.224726823177074790e-04
1.229060483870967744e+02 -8.713853438636757261e-04 -7.192264560012862117e-04
1.230310483870967744e+02 -8.686615788055295027e-04 -7.160011245788673682e-04
1.231560483870967744e+02 -8.659457278186210357e-04 -7.127965819278609576e-04
1.232810483870967744e+02 -8.632377109242971762e-04 -7.096127222404921119e-04
1.234060483870967744e+02 -8.605374494712569574e-04 -7.064494400226062950e-04
1.235310483870967744e+02 -8.578448661204055069e-04 -7.033066300928969171e-04
1.236560483870967744e+02 -8.551598848300418941e-04 -7.001841875817681150e-04
1.237810483870967744e+02 -8.524824308409718410e-04 -6.970820079304582834e-04
1.239060483870967744e+02 -8.498124306616750782e-04 -6.939999868901890840e-04
1.240310483870967744e+02 -8.471498120536920338e-04 -6.909380205213315864e-04
1.241560483870967744e+02 -8.444945040170029338e-04 -6.878960051923876592e-04
1.242810483870967744e+02 -8.418464367755268147e-04 -6.848738375793640611e-04
1.244060483870967744e+02 -8.392055417627326428e-04 -6.818714146649795631e-04
1.245310483870967744e+02 -8.365717516074026557e-04 -6.788886337377508578e-04
1.246560483870967744e+02 -8.339450001193791148e-04 -6.759253923914170653e-04
1.247810483870967744e+02 -8.313252222753841339e-04 -6.729815885241240874e-04
1.249060483870967744e+02 -8.287123542051423250e-04 -6.700571203378659184e-04
1.250310483870967744e+02 -8.261063331774125881e-04 -6.671518863377945505e-04
1.251560483870967744e+02 -8.235070975861026252e-04 -6.642657853314289399e-04
1.252810483870967744e+02 -8.209145869365954166e-04 -6.613987164283254092e-04
1.254060483870967744e+02 -8.183287418321751180e-04 -6.585505790392346803e-04
1.255310483870967744e+02 -8.157495039603941938e-04 -6.557212728756892269e-04
1.256560483870967744e+02 -8.131768160797215759e-04 -6.529106979494452359e-04
1.257810483870967744e+02 -8.106106220061380218e-04 -6.501187545718922593e-04
1.259060483870967744e+02 -8.080508665999128594e-04 -6.473453433535995838e-04
1.260310483870967744e+02 -8.054974957525094272e-04 -6.445903652039221233e-04
1.261560483870967744e+02 -8.029504563735010304e-04 -6.418537213303742925e-04
1.262810483870967744e+02 -8.004096963776357590e-04 -6.391353132382735208e-04
1.264060483870967744e+02 -7.978751646718836325e-04 -6.364350427304122813e-04
1.265310483870967744e+02 -7.953468111428621317e-04 -6.337528119064469263e-04
1.266560483870967744e+02 -7.928245866440610445e-04 -6.310885231627251903e-04
1.267810483870967744e+02 -7.903084429832694068e-04 -6.284420791918264885e-04
1.269060483870967744e+02 -7.877983329101606287e-04 -6.258133829821605452e-04
1.270310483870967744e+02 -7.852942101039358429e-04 -6.232023378176895128e-04
1.271560483870967744e+02 -7.827960291609696369e-04 -6.206088472776353452e-04
1.272810483870967744e+02 -7.803037455827961178e-04 -6.180328152361532369e-04
1.274060483870967744e+02 -7.778173157638323823e-04 -6.154741458620853999e-04
1.275310483870967744e+02 -7.753366969795366442e-04 -6.129327436185423453e-04
1.276560483870967744e+02 -7.728618473744878646e-04 -6.104085132628761035e-04
1.277810483870967744e+02 -7.703927259506373375e-04 -6.079013598462347252e-04
1.279060483870967744e+02 -7.679292925555048725e-04 -6.054111887134097343e-04
1.280310483870967744e+02 -7.654715078707366666e-04 -6.029379055027114451e-04
1.281560483870967744e+02 -7.630193334005081363e-04 -6.004814161455334373e-04
1.282810483870967744e+02 -7.605727314601052084e-04 -5.980416268664269334e-04
1.284060483870967744e+02 -7.581316651647995383e-04 -5.956184441827897403e-04
1.285310483870967744e+02 -7.556960984183407884e-04 -5.932117749046496259e-04
1.286560483870967744e+02 -7.532659959020724305e-04 -5.908215261345892925e-04
1.287810483870967744e+02 -7.508413230639051934e-04 -5.884476052676213681e-04
1.289060483870967744e+02 -7.484220461072912684e-04 -5.860899199909386063e-04
1.290310483870967744e+02 -7.460081319803664587e-04 -5.837483782839129106e-04
1.291560483870967744e+02 -7.435995483654448020e-04 -5.814228884179669645e-04
1.292810483870967744e+02 -7.411962636681093284e-04 -5.791133589563087110e-04
1.294060483870967744e+02 -7.387982470068042620e-04 -5.768196987540624319e-04
1.295310483870967744e+02 -7.364054682024046700e-04 -5.745418169579892412e-04
1.296560483870967744e+02 -7.340178977677670313e-04 -5.722796230065681829e-04
1.297810483870967744e+02 -7.316355068975258094e-04 -5.700330266298340347e-04
1.299060483870967744e+02 -7.292582674579711245e-04 -5.678019378492711643e-04
1.300310483870967744e+02 -7.268861519768491210e-04 -5.655862669778640535e-04
1.301560483870967744e+02 -7.245191336333924037e-04 -5.633859246200012376e-04
1.302810483870967744e+02 -7.221571862485983220e-04 -5.612008216713275290e-04
1.304060483870967744e+02 -7.198002842752146283e-04 -5.590308693189457870e-04
1.305310483870967744e+02 -7.174484027881063413e-04 -5.568759790411214727e-04
1.306560483870967744e+02 -7.151015174747191042e-04 -5.547360626074669633e-04
1.307810483870967744e+02 -7.127596046254151482e-04 -5.526110320788371437e-04
1.309060483870967744e+02 -7.104226411240833431e-04 -5.505007998072259734e-04
1.310310483870967744e+02 -7.080906044389125280e-04 -5.484052784359089508e-04
1.311560483870967744e+02 -7.057634726128770956e-04 -5.463243808994136226e-04
1.312810483870967744e+02 -7.034412242548711454e-04 -5.442580204234016231e-04
1.314060483870967744e+02 -7.011238385303768640e-04 -5.422061105247731909e-04
1.315310483870967744e+02 -6.988112951526093044e-04 -5.401685650117073927e-04
1.316560483870967744e+02 -6.965035743736116159e-04 -5.381452979835651962e-04
1.317810483870967744e+02 -6.942006569753727185e-04 -5.361362238309664479e-04
1.319060483870967744e+02 -6.919025242611303748e-04 -5.341412572357822838e-04
1.320310483870967744e+02 -6.896091580468289781e-04 -5.321603131712346595e-04
1.321560483870967744e+02 -6.873205406524052772e-04 -5.301933069018418144e-04
1.322810483870967744e+02 -6.850366548933844004e-04 -5.282401539833775058e-04
1.324060483870967744e+02 -6.827574840726154158e-04 -5.263007702630961978e-04
1.325310483870967744e+02 -6.804830119717936296e-04 -5.243750718796030656e-04
1.326560483870967744e+02 -6.782132228433598604e-04 -5.224629752628743781e-04
1.327810483870967744e+02 -6.759481014023819342e-04 -5.205643971344108044e-04
1.329060483870967744e+02 -6.736876328184548263e-04 -5.186792545072330769e-04
1.330310483870967744e+02 -6.714318027077692888e-04 -5.168074646858080486e-04
1.331560483870967744e+02 -6.691805971253515653e-04 -5.149489452662394046e-04
1.332810483870967744e+02 -6.669340025570393189e-04 -5.131036141361716013e-04
1.334060483870967744e+02 -6.646920059119618227e-04 -5.112713894749132491e-04
1.335310483870967744e+02 -6.624545945149222471e-04 -5.094521897535056335e-04
1.336560483870967744e+02 -6.602217560987360366e-04 -5.076459337345663736e-04
1.337810483870967744e+02 -6.579934787968002219e-04 -5.058525404725810722e-04
1.339060483870967744e+02 -6.557697511358414081e-04 -5.040719293137979314e-04
1.340310483870967744e+02 -6.535505620284665475e-04 -5.023040198962375105e-04
1.341560483870967744e+02 -6.513359007659645953e-04 -5.005487321498165417e-04
1.342810483870967744e+02 -6.491257570113028895e-04 -4.988059862963083570e-04
1.344060483870967744e+02 -6.469201207918456485e-04 -4.970757028494534767e-04
1.345310483870967744e+02 -6.447189824925357495e-04 -4.953578026149347809e-04
1.346560483870967744e+02 -6.425223328489833730e-04 -4.936522066903832563e-04
1.347810483870967744e+02 -6.403301629405645139e-04 -4.919588364654724297e-04
1.349060483870967744e+02 -6.381424641836582704e-04 -4.902776136219601103e-04
1.350310483870967744e+02 -6.359592283251220071e-04 -4.886084601335535143e-04
1.351560483870967744e+02 -6.337804474354988282e-04 -4.869512982661556503e-04
1.352810483870967744e+02 -6.316061139026914748e-04 -4.853060505777748428e-04
1.354060483870967744e+02 -6.294362204253144306e-04 -4.836726399184634742e-04
1.355310483870967744e+02 -6.272707600064642052e-04 -4.820509894305291879e-04
1.356560483870967744e+02 -6.251097259474394175e-04 -4.804410225483520913e-04
1.357810483870967744e+02 -6.229531118414042851e-04 -4.788426629985409900e-04
1.359060483870967744e+02 -6.208009115672674357e-04 -4.772558347998381943e-04
1.360310483870967744e+02 -6.186531192837274682e-04 -4.756804622631818609e-04
1.361560483870967744e+02 -6.165097294231060114e-04 -4.741164699917178112e-04
1.362810483870967744e+02 -6.143707366854825151e-04 -4.725637828807910737e-04
1.364060483870967744e+02 -6.122361360329024423e-04 -4.710223261178641901e-04
1.365310483870967744e+02 -6.101059226834548146e-04 -4.694920251826170156e-04
1.366560483870967744e+02 -6.079800921056132193e-04 -4.679728058468624226e-04
1.367810483870967744e+02 -6.058586400126601910e-04 -4.664645941745886384e-04
1.369060483870967744e+02 -6.037415623569798630e-04 -4.649673165219032466e-04
1.370310483870967744e+02 -6.016288553245714710e-04 -4.634808995369734471e-04
1.371560483870967744e+02 -5.995205153297339428e-04 -4.620052701601035767e-04
1.372810483870967744e+02 -5.974165390095050260e-04 -4.605403556236237618e-04
1.374060483870967744e+02 -5.953169232184811867e-04 -4.590860834518278475e-04
1.375310483870967744e+02 -5.932216650235388458e-04 -4.576423814610325411e-04
1.376560483870967744e+02 -5.911307616986436527e-04 -4.562091777594733284e-04
1.377810483870967744e+02 -5.890442107197379302e-04 -4.547864007472245140e-04
1.379060483870967744e+02 -5.869620097597781725e-04 -4.533739791162461671e-04
1.380310483870967744e+02 -5.848841566836135994e-04 -4.519718418502041441e-04
1.381560483870967744e+02 -5.828106495431885619e-04 -4.505799182244802801e-04
1.382810483870967744e+02 -5.807414865726820636e-04 -4.491217772105859539e-04
1.384060483870967744e+02 -5.786766661836537876e-04 -4.468712054093317400e-04
1.385310483870967744e+02 -5.766161869603639214e-04 -4.446306236366567508e-04
1.386560483870967744e+02 -5.745600476551338551e-04 -4.423999946179244837e-04
1.387810483870967744e+02 -5.725082471837023273e-04 -4.401792812026397478e-04
1.389060483870967744e+02 -5.704607846206884722e-04 -4.379684463636130147e-04
1.390310483870967744e+02 -5.684176591952080655e-04 -4.357674531961234685e-04
1.391560483870967744e+02 -5.663788702862835537e-04 -4.335762649170967474e-04
1.392810483870967744e+02 -5.643444174186782250e-04 -4.313948448643065907e-04
1.394060483870967744e+02 -5.623143002584450167e-04 -4.292231564955781677e-04
1.395310483870967744e+02 -5.602885186087745630e-04 -4.270611633880127102e-04
1.396560483870967744e+02 -5.582670724058094161e-04 -4.249088292372150185e-04
1.397810483870967744e+02 -5.562499617144807092e-04 -4.227661178565504576e-04
1.399060483870967744e+02 -5.542371867244826229e-04 -4.206329931763957194e-04
1.400310483870967744e+02 -5.522287477462898934e-04 -4.185094192434139250e-04
1.401560483870967744e+02 -5.502246452071125459e-04 -4.163953602198381841e-04
1.402810483870967744e+02 -5.482248796470894775e-04 -4.142907803827653454e-04
1.404060483870967744e+02 -5.462294517154522248e-04 -4.121956441234676913e-04
1.405310483870967744e+02 -5.442383621666771303e-04 -4.101099159467029511e-04
1.406560483870967744e+02 -5.422516118567985129e-04 -4.080335604700548353e-04
1.407810483870967744e+02 -5.402692017397624962e-04 -4.059665424232709679e-04
1.409060483870967744e+02 -5.382911328637415881e-04 -4.039088266476079732e-04
1.410310483870967744e+02 -5.363174063676025673e-04 -4.018603780952061089e-04
1.411560483870967744e+02 -5.343480234774285794e-04 -3.998211618284576636e-04
1.412810483870967744e+02 -5.323829855029773737e-04 -3.977911430193870643e-04
1.414060483870967744e+02 -5.304222938343091092e-04 -3.957702869490552157e-04
1.415310483870967744e+02 -5.284659499384946084e-04 -3.937585590069561420e-04
1.416560483870967744e+02 -5.265139553561984940e-04 -3.917559246904397030e-04
1.417810483870967744e+02 -5.245663116984437130e-04 -3.897623496041249867e-04
1.419060483870967744e+02 -5.226230206435036711e-04 -3.877777994593460112e-04
1.420310483870967744e+02 -5.206840839336130886e-04 -3.858022400735922758e-04
1.421560483870967744e+02 -5.187495033719236688e-04 -3.838356373699553306e-04
1.422810483870967744e+02 -5.168192808194786323e-04 -3.818779573766014203e-04
1.424060483870967744e+02 -5.148934181921171029e-04 -3.799291662262394660e-04
1.425310483870967744e+02 -5.129719174575530496e-04 -3.779892301555996185e-04
1.426560483870967744e+02 -5.110547806325031273e-04 -3.760581155049202680e-04
1.427810483870967744e+02 -5.091420097797175887e-04 -3.741357887174542440e-04
1.429060483870967744e+02 -5.072336070052524317e-04 -3.722222163389684018e-04
1.430310483870967744e+02 -5.053295744556248869e-04 -3.703173650172579003e-04
1.431560483870967744e+02 -5.034299143150947802e-04 -3.684212015016740858e-04
1.432810483870967744e+02 -5.015346288030493290e-04 -3.665336926426537856e-04
1.434060483870967744e+02 -4.996437201712265004e-04 -3.646548053912557034e-04
1.435310483870967744e+02 -4.977571907012161420e-04 -3.627845067987052713e-04
1.436560483870967744e+02 -4.958750427019007227e-04 -3.609227640159565773e-04
1.437810483870967744e+02 -4.939972785068966156e-04 -3.590695442932488189e-04
1.439060483870967744e+02 -4.921239004720894894e-04 -3.572248149796721341e-04
1.440310483870967744e+02 -4.902549109732811565e-04 -3.553885435227539780e-04
1.441560483870967744e+02 -4.883903124037008948e-04 -3.535606974680340076e-04
1.442810483870967744e+02 -4.865301071717341528e-04 -3.517412444586551744e-04
1.444060483870967744e+02 -4.846742976986106511e-04 -3.499301522349665817e-04
1.445310483870967744e+02 -4.828228864160982303e-04 -3.481273886341228717e-04
1.446560483870967744e+02 -4.809758757643382951e-04 -3.463329215896978155e-04
1.447810483870967744e+02 -4.791332681896384336e-04 -3.445467191312960608e-04
1.449060483870967744e+02 -4.772950661423407668e-04 -3.427687493841861293e-04
1.450310483870967744e+02 -4.754612720746601040e-04 -3.409989805689236562e-04
1.451560483870967744e+02 -4.736318884387575321e-04 -3.392373810009854723e-04
1.452810483870967744e+02 -4.718069176845504902e-04 -3.374839190904196777e-04
1.454060483870967744e+02 -4.699863622578360697e-04 -3.357385633414870416e-04
1.455310483870967744e+02 -4.681702245983197178e-04 -3.340012823523187202e-04
1.456560483870967744e+02 -4.664413138757126948e-04 -3.322720448145723474e-04
1.457810483870967744e+02 -4.653781204371179223e-04 -3.305508195131014073e-04
1.459060483870967744e+02 -4.643179984037519321e-04 -3.288375753256234145e-04
1.460310483870967744e+02 -4.632609241286770175e-04 -3.271322812223942736e-04
1.461560483870967744e+02 -4.622068742164036400e-04 -3.254349062658949449e-04
1.462810483870967744e+02 -4.611558255205830837e-04 -3.237454196105143153e-04
1.464060483870967744e+02 -4.601077551417463523e-04 -3.220637905022416645e-04
1.465310483870967744e+02 -4.590626404250242000e-04 -3.203899882783630337e-04
1.466560483870967744e+02 -4.580204589579178493e-04 -3.187239823671644801e-04
1.467810483870967744e+02 -4.569811885680655889e-04 -3.170657422876376071e-04
1.469060483870967744e+02 -4.559448073210383735e-04 -3.154152376491885647e-04
1.470310483870967744e+02 -4.549112935181390022e-04 -3.137724381513578914e-04
1.471560483870967744e+02 -4.538806256942238475e-04 -3.121373135835388930e-04
1.472810483870967744e+02 -4.528527826155619358e-04 -3.105098338247010625e-04
1.474060483870967744e+02 -4.518277432776622604e-04 -3.088899688431214689e-04
1.475310483870967744e+02 -4.508054869031644118e-04 -3.072776886961170136e-04
1.476560483870967744e+02 -4.497859929397193422e-04 -3.056729635297834088e-04
1.477810483870967744e+02 -4.487692410579049865e-04 -3.040757635787314449e-04
1.479060483870967744e+02 -4.477552111491284398e-04 -3.024860591658410942e-04
1.480310483870967744e+02 -4.467438833235769235e-04 -3.009038207020048252e-04
1.481560483870967744e+02 -4.457352379081607288e-04 -2.993290186858824108e-04
1.482810483870967744e+02 -4.447292554444945943e-04 -2.977616237036597477e-04
1.484060483870967744e+02 -4.437259166868631473e-04 -2.962016064288074037e-04
1.485310483870967744e+02 -4.427252026002291693e-04 -2.946489376218478407e-04
1.486560483870967744e+02 -4.417270943582469588e-04 -2.931035881301182443e-04
1.487810483870967744e+02 -4.407315733412955883e-04 -2.915655288875475585e-04
1.489060483870967744e+02 -4.397386211345160646e-04 -2.900347309144313507e-04
1.490310483870967744e+02 -4.387482195258767328e-04 -2.885111653172023945e-04
1.491560483870967744e+02 -4.377603505042438302e-04 -2.869948032882204433e-04
1.492810483870967744e+02 -4.367749962574831021e-04 -2.854856161055532751e-04
1.494060483870967744e+02 -4.357921391705474865e-04 -2.839835751327641892e-04
1.495310483870967744e+02 -4.348117618236081662e-04 -2.824886518187009663e-04
1.496560483870967744e+02 -4.338338469901834526e-04 -2.810008176972926346e-04
1.497810483870967744e+02 -4.328583776352972682e-04 -2.795200443873464531e-04
1.499060483870967744e+02 -4.318853369136298778e-04 -2.780463035923405038e-04
1.500310483870967744e+02 -4.309147081677030416e-04 -2.765795671002331969e-04
1.501560483870967744e+02 -4.299464749260690187e-04 -2.751198067832649708e-04
1.502810483870967744e+02 -4.289806209015226634e-04 -2.736669945977631357e-04
1.504060483870967744e+02 -4.280171299893173703e-04 -2.722211025839557153e-04
1.505310483870967744e+02 -4.270559862653986382e-04 -2.707821028657827968e-04
1.506560483870967744e+02 -4.260971739846534630e-04 -2.693499676507099929e-04
1.507810483870967744e+02 -4.251406775791790834e-04 -2.679246692295440195e-04
1.509060483870967744e+02 -4.241864816565498841e-04 -2.665061799762566213e-04
1.510310483870967744e+02 -4.232345709981128129e-04 -2.650944723478041061e-04
1.511560483870967744e+02 -4.222849305572900624e-04 -2.636895188839486685e-04
1.512810483870967744e+02 -4.213375454578978515e-04 -2.622912922070887122e-04
1.514060483870967744e+02 -4.203924009924772968e-04 -2.608997650220857569e-04
1.515310483870967744e+02 -4.194494826206311374e-04 -2.595149101160933516e-04
1.516560483870967744e+02 -4.185087759673938000e-04 -2.581367003583885352e-04
1.517810483870967744e+02 -4.175702668215900250e-04 -2.567651087002094227e-04
1.519060483870967744e+02 -4.166339411342256938e-04 -2.554001081745892686e-04
1.520310483870967744e+02 -4.156997850168806072e-04 -2.540416718961915595e-04
1.521560483870967744e+02 -4.147677847401245749e-04 -2.526897730611565450e-04
1.522810483870967744e+02 -4.138379267319318238e-04 -2.513443849469357890e-04
1.524060483870967744e+02 -4.129101975761181203e-04 -2.500054809121395136e-04
1.525310483870967744e+02 -4.119845840107958369e-04 -2.486730343963772759e-04
1.526560483870967744e+02 -4.110610729268288554e-04 -2.473470189201095403e-04
1.527810483870967744e+02 -4.101396513663029203e-04 -2.460274080844922586e-04
1.529060483870967744e+02 -4.092203065210160500e-04 -2.447141755712243768e-04
1.530310483870967744e+02 -4.083030257309750192e-04 -2.434072951424050182e-04
1.531560483870967744e+02 -4.073877964829084844e-04 -2.421067406403798797e-04
1.532810483870967744e+02 -4.064746064087847708e-04 -2.408124859875956231e-04
1.534060483870967744e+02 -4.055634432843474948e-04 -2.395245051864581425e-04
1.535310483870967744e+02 -4.046542950276665819e-04 -2.382427723191857640e-04
1.536560483870967744e+02 -4.037471496976942722e-04 -2.369672615476685427e-04
1.537810483870967744e+02 -4.028419954928314254e-04 -2.356979471133255550e-04
1.539060483870967744e+02 -4.019388207495168657e-04 -2.344348033369661748e-04
1.540310483870967744e+02 -4.010376139408161839e-04 -2.331778046186496964e-04
1.541560483870967744e+02 -4.001383636750335251e-04 -2.319269254375484269e-04
1.542810483870967744e+02 -3.992410586943225632e-04 -2.306821403518127301e-04
1.544060483870967744e+02 -3.983456878733163402e-04 -2.294434239984303786e-04
1.545310483870967744e+02 -3.974522402177739651e-04 -2.282107510930986446e-04
1.546560483870967744e+02 -3.965607048632251988e-04 -2.269840964300815650e-04
1.547810483870967744e+02 -3.956710710736356380e-04 -2.257634348820876163e-04
1.549060483870967744e+02 -3.947833282400804657e-04 -2.245487414001287141e-04
1.550310483870967744e+02 -3.938974658794278496e-04 -2.233399910133937406e-04
1.551560483870967744e+02 -3.930134736330448929e-04 -2.221371588291193625e-04
1.552810483870967744e+02 -3.921313412654898697e-04 -2.209402200324552912e-04
1.554060483870967744e+02 -3.912510586632409978e-04 -2.197491498863412803e-04
1.555310483870967744e+02 -3.903726158334196281e-04 -2.185639237313741483e-04
1.556560483870967744e+02 -3.894960029025397257e-04 -2.173845169856866190e-04
1.557810483870967744e+02 -3.886212101152441783e-04 -2.162109051448139101e-04
1.559060483870967744e+02 -3.877482278330728711e-04 -2.150430637815720590e-04
1.560310483870967744e+02 -3.868770465332377556e-04 -2.138809685459329413e-04
1.561560483870967744e+02 -3.860076568073980263e-04 -2.127245951648960636e-04
1.562810483870967744e+02 -3.851400493604565474e-04 -2.115739194423678924e-04
1.564060483870967744e+02 -3.842742150093589370e-04 -2.104289172590354353e-04
1.565310483870967744e+02 -3.834101446819105936e-04 -2.092895645722461393e-04
1.566560483870967744e+02 -3.825478294156009875e-04 -2.081558374158841017e-04
1.567810483870967744e+02 -3.816872603564278976e-04 -2.070277119002438145e-04
1.569060483870967744e+02 -3.808284287577473441e-04 -2.059051642119167031e-04
1.570310483870967744e+02 -3.799713259791291046e-04 -2.047881706136618076e-04
1.571560483870967744e+02 -3.791159434852126638e-04 -2.036767074442900991e-04
1.572810483870967744e+02 -3.782622728445834384e-04 -2.025707511185403920e-04
1.574060483870967744e+02 -3.774103057286559400e-04 -2.014702781269625217e-04
1.575310483870967744e+02 -3.765600339105658833e-04 -2.003752650357965915e-04
1.576560483870967744e+02 -3.757114492640724313e-04 -1.992856884868483163e-04
1.577810483870967744e+02 -3.748645437624654824e-04 -1.982015251973789222e-04
1.579060483870967744e+02 -3.740193094774900873e-04 -1.971227519599781316e-04
1.580310483870967744e+02 -3.731757385782779137e-04 -1.960493456424495368e-04
1.581560483870967744e+02 -3.723338233302838068e-04 -1.949812831876899274e-04
1.582810483870967744e+02 -3.714935560942348174e-04 -1.939185416135741759e-04
1.584060483870967744e+02 -3.706549293250885010e-04 -1.928610980128328035e-04
1.585310483870967744e+02 -3.698179355710042265e-04 -1.918089295529359440e-04
1.586560483870967744e+02 -3.689825674723105822e-04 -1.907620134759774690e-04
1.587810483870967744e+02 -3.681488177605030847e-04 -1.897203270985531244e-04
1.589060483870967744e+02 -3.673166792572217228e-04 -1.886838478116468240e-04
1.590310483870967744e+02 -3.664861448732727352e-04 -1.876525530805097611e-04
1.591560483870967744e+02 -3.656572076076246942e-04 -1.866264204445467574e-04
1.592810483870967744e+02 -3.648298605464377108e-04 -1.856054275171957263e-04
1.594060483870967744e+02 -3.640040968620899295e-04 -1.845895519858103625e-04
1.595310483870967744e+02 -3.631799098122184973e-04 -1.835787716115468431e-04
1.596560483870967744e+02 -3.623572927387599908e-04 -1.825730642292410682e-04
1.597810483870967744e+02 -3.615362390670135567e-04 -1.815724077472946575e-04
1.599060483870967744e+02 -3.607167423046954337e-04 -1.805767801475589406e-04
1.600310483870967744e+02 -3.598987960410188441e-04 -1.795861594852134180e-04
1.601560483870967744e+02 -3.590823939457683561e-04 -1.786005238886525430e-04
1.602810483870967744e+02 -3.582675297683891543e-04 -1.776198515593654026e-04
1.604060483870967744e+02 -3.574541973370897537e-04 -1.766441207718218219e-04
1.605310483870967744e+02 -3.566423905579367451e-04 -1.756733098733506357e-04
1.606560483870967744e+02 -3.558321034139730137e-04 -1.747073972840248437e-04
1.607810483870967744e+02 -3.550233299643415952e-04 -1.737463614965447615e-04
1.609060483870967744e+02 -3.542160643434090440e-04 -1.727901810761170226e-04
1.610310483870967744e+02 -3.534103007599036553e-04 -1.718388346603397080e-04
1.611560483870967744e+02 -3.526060334960588369e-04 -1.708923009590821080e-04
1.612810483870967744e+02 -3.518032569067677568e-04 -1.699505587543703928e-04
1.614060483870967744e+02 -3.510019654187441704e-04 -1.690135869002625771e-04
1.615310483870967744e+02 -3.502021535296853086e-04 -1.680813643227377417e-04
1.616560483870967744e+02 -3.494038158074507026e-04 -1.671538700195732748e-04
1.617810483870967744e+02 -3.486069468892432862e-04 -1.662310830602252030e-04
1.619060483870967744e+02 -3.478115414808049719e-04 -1.653129825857123987e-04
1.620310483870967744e+02 -3.470175943556042040e-04 -1.643995478084943362e-04
1.621560483870967744e+02 -3.462251003540490991e-04 -1.634907580123557054e-04
1.622810483870967744e+02 -3.454340543826958697e-04 -1.625865925522811865e-04
1.624060483870967744e+02 -3.446444514134737284e-04 -1.616870308543413653e-04
1.625310483870967744e+02 -3.438562864829045876e-04 -1.607920524155705426e-04
1.626560483870967744e+02 -3.430695546913416780e-04 -1.599016368038444643e-04
1.627810483870967744e+02 -3.422842512022071927e-04 -1.590157636577632812e-04
1.629060483870967744e+02 -3.415003712412499875e-04 -1.581344126865281128e-04
1.630310483870967744e+02 -3.407179100957857722e-04 -1.572575636698228421e-04
1.631560483870967744e+02 -3.399368631139711291e-04 -1.563851964576906250e-04
1.632810483870967744e+02 -3.391572257040657130e-04 -1.555172909704125679e-04
1.634060483870967744e+02 -3.383789933337153768e-04 -1.546538271983886284e-04
1.635310483870967744e+02 -3.376021615292258650e-04 -1.537947852020115497e-04
1.636560483870967744e+02 -3.368267258748587319e-04 -1.529401451115484380e-04
1.637810483870967744e+02 -3.360526820121235211e-04 -1.520898871270149688e-04
1.639060483870967744e+02 -3.352800256390846344e-04 -1.512439915180559345e-04
1.640310483870967744e+02 -3.345087525096676596e-04 -1.504024386238193411e-04
1.641560483870967744e+02 -3.337388584329743714e-04 -1.495652088528332706e-04
1.642810483870967744e+02 -3.329703392726060269e-04 -1.487322826828852904e-04
1.644060483870967744e+02 -3.322031909459945750e-04 -1.479036406608925653e-04
1.645310483870967744e+02 -3.314374094237334872e-04 -1.470792634027842498e-04
1.646560483870967744e+02 -3.306729907289206768e-04 -1.462591315933712470e-04
1.647810483870967744e+02 -3.299099309365074897e-04 -1.454432259862252399e-04
1.649060483870967744e+02 -3.291482261726516524e-04 -1.446315274035511072e-04
1.650310483870967744e+02 -3.283878726140788398e-04 -1.438240167360612103e-04
1.651560483870967744e+02 -3.276288664874444051e-04 -1.430206749428526616e-04
1.652810483870967744e+02 -3.268712040687115901e-04 -1.422214830512752144e-04
1.654060483870967744e+02 -3.261148816825249104e-04 -1.414264221568115943e-04
1.655310483870967744e+02 -3.253598957015977982e-04 -1.406354734229447111e-04
1.656560483870967744e+02 -3.246062425460997567e-04 -1.398486180810347109e-04
1.657810483870967744e+02 -3.238539186830577724e-04 -1.390658374301888441e-04
1.659060483870967744e+02 -3.231029206257510049e-04 -1.382871128371334485e-04
1.660310483870967744e+02 -3.223532449331267813e-04 -1.375124257360889411e-04
1.661560483870967744e+02 -3.216048882092060199e-04 -1.367417576286357559e-04
1.662810483870967744e+02 -3.208578471025095246e-04 -1.359750900835911519e-04
1.664060483870967744e+02 -3.201121183054771776e-04 -1.352124047368769672e-04
1.665310483870967744e+02 -3.193676985539031787e-04 -1.344536832913890815e-04
1.666560483870967744e+02 -3.186245846263683571e-04 -1.336989075168701032e-04
1.667810483870967744e+02 -3.178827733436861980e-04 -1.329480592497766904e-04
1.669060483870967744e+02 -3.171422615683456171e-04 -1.322011203931517233e-04
1.670310483870967744e+02 -3.164030462039643058e-04 -1.314580729164889961e-04
1.671560483870967744e+02 -3.156651241947510214e-04 -1.307188988556067443e-04
1.672810483870967744e+02 -3.149284925249650575e-04 -1.299835803125135025e-04
1.674060483870967744e+02 -3.141931482183839557e-04 -1.292520994552743131e-04
1.675310483870967744e+02 -3.134590883377802147e-04 -1.285244385178828722e-04
1.676560483870967744e+02 -3.127263099843982717e-04 -1.278005798001239713e-04
1.677810483870967744e+02 -3.119948102974432467e-04 -1.270805056674451279e-04
1.679060483870967744e+02 -3.112645864535637779e-04 -1.263641985508179701e-04
1.680310483870967744e+02 -3.105356356663508495e-04 -1.256516409466094063e-04
1.681560483870967744e+02 -3.098079551858385705e-04 -1.249428154164455851e-04
1.682810483870967744e+02 -3.090815422980070144e-04 -1.242377045870749061e-04
1.684060483870967744e+02 -3.083563943242890689e-04 -1.235362911502383765e-04
1.685310483870967744e+02 -3.076325086210899727e-04 -1.228385578625296138e-04
1.686560483870967744e+02 -3.069098825793039774e-04 -1.221444875452633316e-04
1.687810483870967744e+02 -3.061885136238414731e-04 -1.214540630843353151e-04
1.689060483870967744e+02 -3.054683992131536200e-04 -1.207672674300907856e-04
1.690310483870967744e+02 -3.047495368387691771e-04 -1.200840835971855408e-04
1.691560483870967744e+02 -3.040319240248357219e-04 -1.194044946644475436e-04
1.692810483870967744e+02 -3.033155583276581058e-04 -1.187284837747439031e-04
1.694060483870967744e+02 -3.026004373352490524e-04 -1.180560341348394279e-04
1.695310483870967744e+02 -3.018865586668808935e-04 -1.173871290152613846e-04
1.696560483870967744e+02 -3.011739199726457092e-04 -1.167217517501596089e-04
1.697810483870967744e+02 -3.004625189330125930e-04 -1.160598857371696659e-04
1.699060483870967744e+02 -2.997523532583975495e-04 -1.154015144372736113e-04
1.700310483870967744e+02 -2.990434206887322525e-04 -1.147466213746585570e-04
1.701560483870967744e+02 -2.983357189930418573e-04 -1.140951901365815937e-04
1.702810483870967744e+02 -2.976292459690230824e-04 -1.134472043732256860e-04
1.704060483870967744e+02 -2.969239994426267929e-04 -1.128026477975623996e-04
1.705310483870967744e+02 -2.962199772676469244e-04 -1.121615041852112529e-04
1.706560483870967744e+02 -2.955171773253172139e-04 -1.115237573742968325e-04
1.707810483870967744e+02 -2.948155975239022939e-04 -1.108893912653112219e-04
1.709060483870967744e+02 -2.941152357983019576e-04 -1.102583898209687858e-04
1.710310483870967744e+02 -2.934160901096552086e-04 -1.096307370660684632e-04
1.711560483870967744e+02 -2.927181584449516289e-04 -1.090064170873486331e-04
1.712810483870967744e+02 -2.920214388166438848e-04 -1.083854140333467239e-04
1.714060483870967744e+02 -2.913259292622641904e-04 -1.077677121142567632e-04
1.715310483870967744e+02 -2.906316278440458666e-04 -1.071532956017847040e-04
1.716560483870967744e+02 -2.899385326485532494e-04 -1.065421488290082917e-04
1.717810483870967744e+02 -2.892466417863059046e-04 -1.059342561902299791e-04
1.719060483870967744e+02 -2.885559533914144447e-04 -1.053296021408372667e-04
1.720310483870967744e+02 -2.878819514371508837e-04 -1.047281711971553196e-04
1.721560483870967744e+02 -2.873619369531246531e-04 -1.041299479363048285e-04
1.722810483870967744e+02 -2.868424912236313133e-04 -1.035349169960572550e-04
1.724060483870967744e+02 -2.863236095612818784e-04 -1.029430630746886946e-04
1.725310483870967744e+02 -2.858052873527588077e-04 -1.023543709308365321e-04
1.726560483870967744e+02 -2.852875200581594137e-04 -1.017688253833527349e-04
1.727810483870967744e+02 -2.847703032103704934e-04 -1.011864113111599393e-04
1.729060483870967744e+02 -2.842536324143838181e-04 -1.006071136531036189e-04
1.730310483870967744e+02 -2.837375033466652896e-04 -1.000309174078073578e-04
1.731560483870967744e+02 -2.832219117545450773e-04 -9.945780763352664539e-05
1.732810483870967744e+02 -2.827068534555087116e-04 -9.888776944800096449e-05
1.734060483870967744e+02 -2.821923243366391003e-04 -9.832078802830848088e-05
1.735310483870967744e+02 -2.816783203539375462e-04 -9.775684861071749418e-05
1.736560483870967744e+02 -2.811648375317199553e-04 -9.719593649054081590e-05
1.737810483870967744e+02 -2.806518719619779706e-04 -9.663803702198735571e-05
1.739060483870967744e+02 -2.801394198037815224e-04 -9.608313561801298949e-05
1.740310483870967744e+02 -2.796274772826379024e-04 -9.553121775017568273e-05
1.741560483870967744e+02 -2.791160406898911153e-04 -9.498226894848408176e-05
1.742810483870967744e+02 -2.786051063821211771e-04 -9.443627480125140394e-05
1.744060483870967744e+02 -2.780946707805375035e-04 -9.389322095494499103e-05
1.745310483870967744e+02 -2.775847303703391769e-04 -9.335309311403907457e-05
1.746560483870967744e+02 -2.770752817001976187e-04 -9.281587704086519662e-05
1.747810483870967744e+02 -2.765663213815681217e-04 -9.228155855546115328e-05
1.749060483870967744e+02 -2.760578460881728475e-04 -9.175012353542483072e-05
1.750310483870967744e+02 -2.755498525553710682e-04 -9.122155791576135975e-05
1.751560483870967744e+02 -2.750423375796030791e-04 -9.069584768873550169e-05
1.752810483870967744e+02 -2.745352980177638005e-04 -9.017297890371994142e-05
1.754060483870967744e+02 -2.740287307867114177e-04 -8.965293766704669743e-05
1.755310483870967744e+02 -2.735226328625908927e-04 -8.913571014185533352e-05
1.756560483870967744e+02 -2.730170012803325211e-04 -8.862128254794247157e-05
1.757810483870967744e+02 -2.725118331330594152e-04 -8.810964116161245621e-05
1.759060483870967744e+02 -2.720071255715549984e-04 -8.760077231552423839e-05
1.760310483870967744e+02 -2.715028758036396430e-04 -8.709466239854221626e-05
1.761560483870967744e+02 -2.709990810936809360e-04 -8.659129785558330843e-05
1.762810483870967744e+02 -2.704957387620173176e-04 -8.609066518746748319e-05
1.764060483870967744e+02 -2.699928461843773822e-04 -8.559275095076434388e-05
1.765310483870967744e+02 -2.694904007913834763e-04 -8.509754175764196399e-05
1.766560483870967744e+02 -2.689884000679884017e-04 -8.460502427571611533e-05
1.767810483870967744e+02 -2.684868415529167800e-04 -8.411518522789639260e-05
1.769060483870967744e+02 -2.679857228381572125e-04 -8.362801139223542798e-05
1.770310483870967744e+02 -2.674850415684098788e-04 -8.314348960177664208e-05
1.771560483870967744e+02 -2.669847954405793478e-04 -8.266160674440061243e-05
1.772810483870967744e+02 -2.664849822032191941e-04 -8.218234976267416614e-05
1.774060483870967744e+02 -2.659855996560270318e-04 -8.170570565369600303e-05
1.775310483870967744e+02 -2.654866456493390589e-04 -8.123166146894601866e-05
1.776560483870967744e+02 -2.649881180835673565e-04 -8.076020431413027695e-05
1.777810483870967744e+02 -2.644900149087419760e-04 -8.029132134902942518e-05
1.779060483870967744e+02 -2.639923341239456905e-04 -7.982499978734561817e-05
1.780310483870967744e+02 -2.634950737768743502e-04 -7.936122689654810083e-05
1.781560483870967744e+02 -2.629982319632673520e-04 -7.889998999772147403e-05
1.782810483870967744e+02 -2.625018068264400764e-04 -7.844127646541096540e-05
1.784060483870967744e+02 -2.620057965567895459e-04 -7.798507372747054617e-05
1.785310483870967744e+02 -2.615101993912974268e-04 -7.753136926490717198e-05
1.786560483870967744e+02 -2.610150136130098830e-04 -7.708015061172949600e-05
1.787810483870967744e+02 -2.605202375506124064e-04 -7.663140535479307197e-05
1.789060483870967744e+02 -2.600258695778844627e-04 -7.618512113364593673e-05
1.790310483870967744e+02 -2.595319081132484640e-04 -7.574128564037617135e-05
1.791560483870967744e+02 -2.590383516192709809e-04 -7.529988661945665699e-05
1.792810483870967744e+02 -2.585451986022432652e-04 -7.486091186759271732e-05
1.794060483870967744e+02 -2.580524476116273849e-04 -7.442434923356589860e-05
1.795310483870967744e+02 -2.575600972396375056e-04 -7.399018661808220846e-05
1.796560483870967744e+02 -2.570681461207908135e-04 -7.355841197361683102e-05
1.797810483870967744e+02 -2.565765929313936042e-04 -7.312901330425954679e-05
1.799060483870967744e+02 -2.560854363891073844e-04 -7.270197866556171111e-05
1.800310483870967744e+02 -2.555946752525042409e-04 -7.227729616438079304e-05
1.801560483870967744e+02 -2.551043083206075185e-04 -7.185495395872748938e-05
1.802810483870967744e+02 -2.546143344324212215e-04 -7.143494025761026357e-05
1.804060483870967744e+02 -2.541247524664942193e-04 -7.101724332088130772e-05
1.805310483870967744e+02 -2.536355613405065143e-04 -7.060185145908296530e-05
1.806560483870967744e+02 -2.531467600107657930e-04 -7.018875303329216177e-05
1.807810483870967744e+02 -2.526583474718305028e-04 -6.977793645496719319e-05
1.809060483870967744e+02 -2.523239843892903945e-04 -6.936939018579234653e-05
1.810310483870967744e+02 -2.519969632735152517e-04 -6.896310273752467477e-05
1.811560483870967744e+02 -2.516698588733903147e-04 -6.855906267183877985e-05
1.812810483870967744e+02 -2.513426678983039851e-04 -6.815725860017225963e-05
1.814060483870967744e+02 -2.510153871278878466e-04 -6.775767918357268626e-05
1.815310483870967744e+02 -2.506880134114101077e-04 -6.736031313254123721e-05
1.816560483870967744e+02 -2.503605436671971804e-04 -6.696514920688060874e-05
1.817810483870967744e+02 -2.500329748820653950e-04 -6.657217621553868753e-05
1.819060483870967744e+02 -2.497053041107062036e-04 -6.618138301645597632e-05
1.820310483870967744e+02 -2.493775284751539997e-04 -6.579275851641015998e-05
1.821560483870967744e+02 -2.490496451641870416e-04 -6.540629167086201327e-05
1.822810483870967744e+02 -2.487216514327381892e-04 -6.502197148380232505e-05
1.824060483870967744e+02 -2.483935446013797992e-04 -6.463978700759570541e-05
1.825310483870967744e+02 -2.480653220556955385e-04 -6.425972734282885156e-05
1.826560483870967744e+02 -2.477369812457686405e-04 -6.388178163815440920e-05
1.827810483870967744e+02 -2.474085196855869495e-04 -6.350593909013860141e-05
1.829060483870967744e+02 -2.470799349524948566e-04 -6.313218894310612000e-05
1.830310483870967744e+02 -2.467512246866568901e-04 -6.276052048898645341e-05
1.831560483870967744e+02 -2.464223865904540864e-04 -6.239092306716093289e-05
1.832810483870967744e+02 -2.460934184279997853e-04 -6.202338606430728499e-05
1.834060483870967744e+02 -2.457643180245342655e-04 -6.165789891424765354e-05
1.835310483870967744e+02 -2.454350832659209160e-04 -6.129445109779412795e-05
1.836560483870967744e+02 -2.451057120980826135e-04 -6.093303214259484070e-05
1.837810483870967744e+02 -2.447762025264494301e-04 -6.057363162298125069e-05
1.839060483870967744e+02 -2.444465526154629897e-04 -6.021623915981401713e-05
1.840310483870967744e+02 -2.441167604879976132e-04 -5.986084442033066233e-05
1.841560483870967744e+02 -2.437868243248622082e-04 -5.950743711799080869e-05
1.842810483870967744e+02 -2.434567423642422035e-04 -5.915600701232474944e-05
1.844060483870967744e+02 -2.431265129012084327e-04 -5.880654390877953944e-05
1.845310483870967744e+02 -2.427961342871362181e-04 -5.845903765856539757e-05
1.846560483870967744e+02 -2.424656049292463742e-04 -5.811347815850450123e-05
1.847810483870967744e+02 -2.421349232900571165e-04 -5.776985535087652136e-05
1.849060483870967744e+02 -2.418040878868589277e-04 -5.742815922326770830e-05
1.850310483870967744e+02 -2.414730972912302448e-04 -5.708837980841632522e-05
1.851560483870967744e+02 -2.411419501284809655e-04 -5.675050718406233027e-05
1.852810483870967744e+02 -2.408106450771915264e-04 -5.641453147279411101e-05
1.854060483870967744e+02 -2.404791808686838124e-04 -5.608044284189555098e-05
1.855310483870967744e+02 -2.401475562865181142e-04 -5.574823150319582700e-05
1.856560483870967744e+02 -2.398157701660045323e-04 -5.541788771291566252e-05
1.857810483870967744e+02 -2.394838213936712032e-04 -5.508940177151719955e-05
1.859060483870967744e+02 -2.391517089068236253e-04 -5.476276402355056364e-05
1.860310483870967744e+02 -2.388194316930081413e-04 -5.443796485750413566e-05
1.861560483870967744e+02 -2.384869887895342392e-04 -5.411499470565233651e-05
1.862810483870967744e+02 -2.381543792829977739e-04 -5.379384404390377786e-05
1.864060483870967744e+02 -2.378216023087840775e-04 -5.347450339165173036e-05
1.865310483870967744e+02 -2.374886570505817219e-04 -5.315696331162173222e-05
1.866560483870967744e+02 -2.371555427399118664e-04 -5.284121440972186089e-05
1.867810483870967744e+02 -2.368222586556600721e-04 -5.252724733489124294e-05
1.869060483870967744e+02 -2.364888041235812827e-04 -5.221505277895052222e-05
1.870310483870967744e+02 -2.361551785158410709e-04 -5.190462147645112190e-05
1.871560483870967744e+02 -2.358213812505370718e-04 -5.159594420452441837e-05
1.872810483870967744e+02 -2.354874117912417479e-04 -5.128901178273337499e-05
1.874060483870967744e+02 -2.351532696465404373e-04 -5.098381507292116030e-05
1.875310483870967744e+02 -2.348189543695549557e-04 -5.068034497906249720e-05
1.876560483870967744e+02 -2.344844655574958748e-04 -5.037859244711416495e-05
1.877810483870967744e+02 -2.341498028512087293e-04 -5.007854846486497954e-05
1.879060483870967744e+02 -2.338149659346958845e-04 -4.978020406178797620e-05
1.880310483870967744e+02 -2.334799545347075473e-04 -4.948355030888994932e-05
1.881560483870967744e+02 -2.331447684202533335e-04 -4.918857831856441427e-05
1.882810483870967744e+02 -2.328094074021823292e-04 -4.889527924444172320e-05
1.884060483870967744e+02 -2.324738713327250696e-04 -4.860364428124149840e-05
1.885310483870967744e+02 -2.321381601050420771e-04 -4.831366466462456413e-05
1.886560483870967744e+02 -2.318022736528212971e-04 -4.802533167104417377e-05
1.887810483870967744e+02 -2.314662119498071206e-04 -4.773863661759959509e-05
1.889060483870967744e+02 -2.311299750093799576e-04 -4.745357086188703921e-05
1.890310483870967744e+02 -2.307935628841246436e-04 -4.717012580185393707e-05
1.891560483870967744e+02 -2.304569756654116931e-04 -4.688829287565051215e-05
1.892810483870967744e+02 -2.301202134829392790e-04 -4.660806356148359614e-05
1.894060483870967744e+02 -2.297832765043453858e-04 -4.632942937747003124e-05
1.895310483870967744e+02 -2.294461649347773549e-04 -4.605238188148940841e-05
1.896560483870967744e+02 -2.291088790164561430e-04 -4.577691267103883849e-05
1.897810483870967744e+02 -2.287714190282861182e-04 -4.550301338308591404e-05
1.899060483870967744e+02 -2.284337852854096697e-04 -4.523067569392398872e-05
1.900310483870967744e+02 -2.280959781388236713e-04 -4.495989131902549822e-05
1.901560483870967744e+02 -2.277579979749666983e-04 -4.469065201289730744e-05
1.902810483870967744e+02 -2.274198452152969207e-04 -4.442294956893560353e-05
1.904060483870967744e+02 -2.270815203159116296e-04 -4.415677581928033498e-05
1.905310483870967744e+02 -2.267430237671103305e-04 -4.389212263467141253e-05
1.906560483870967744e+02 -2.264043560930411041e-04 -4.362898192430349388e-05
1.907810483870967744e+02 -2.260655178512686327e-04 -4.336734563568247591e-05
1.909060483870967744e+02 -2.257265096323962477e-04 -4.310720575448133651e-05
1.910310483870967744e+02 -2.253873320596745319e-04 -4.284855430439581369e-05
1.911560483870967744e+02 -2.250479857886028491e-04 -4.259138334700209727e-05
1.912810483870967744e+02 -2.247084715065456983e-04 -4.233568498161254868e-05
1.914060483870967744e+02 -2.243687899323558725e-04 -4.208145134513350784e-05
1.915310483870967744e+02 -2.240289418159908410e-04 -4.182867461192198199e-05
1.916560483870967744e+02 -2.236889279381235203e-04 -4.157734699364372356e-05
1.917810483870967744e+02 -2.233487491097772512e-04 -4.132746073913094904e-05
1.919060483870967744e+02 -2.230084061719353223e-04 -4.107900813423961050e-05
1.920310483870967744e+02 -2.226678999951859489e-04 -4.083198150170907272e-05
1.921560483870967744e+02 -2.223272314793498764e-04 -4.058637320101943219e-05
1.922810483870967744e+02 -2.219864015530963284e-04 -4.034217562825125525e-05
1.924060483870967744e+02 -2.216454111735951409e-04 -4.009938121594398803e-05
1.925310483870967744e+02 -2.213042613261549099e-04 -3.985798243295606051e-05
1.926560483870967744e+02 -2.209629530238352258e-04 -3.961797178432393347e-05
1.927810483870967744e+02 -2.206214873071299788e-04 -3.937934181112209408e-05
1.929060483870967744e+02 -2.202798652435779671e-04 -3.914208509032376303e-05
1.930310483870967744e+02 -2.199380879274286105e-04 -3.890619423466055814e-05
1.931560483870967744e+02 -2.195961564792844347e-04 -3.867166189248399428e-05
1.932810483870967744e+02 -2.192540720457331472e-04 -3.843848074762583816e-05
1.934060483870967744e+02 -2.189118357990429227e-04 -3.820664351926003513e-05
1.935310483870967744e+02 -2.185694489367808174e-04 -3.797614296176390425e-05
1.936560483870967744e+02 -2.182269126814929570e-04 -3.774697186457984152e-05
1.937810483870967744e+02 -2.178842282803463706e-04 -3.751912305207812760e-05
1.939060483870967744e+02 -2.175413970048152221e-04 -3.729258938341853624e-05
1.940310483870967744e+02 -2.171984201503135642e-04 -3.706736375241365025e-05
1.941560483870967744e+02 -2.168552990358926834e-04 -3.684343908739183863e-05
1.942810483870967744e+02 -2.165120350039008499e-04 -3.662080835106009151e-05
1.944060483870967744e+02 -2.161686294196419028e-04 -3.639946454036817634e-05
1.945310483870967744e+02 -2.158250836710750610e-04 -3.617940068637206234e-05
1.946560483870967744e+02 -2.154813991684567036e-04 -3.596060985409865268e-05
1.947810483870967744e+02 -2.151375773440500740e-04 -3.574308514240959520e-05
1.949060483870967744e+02 -2.147936196517941381e-04 -3.552681968386657021e-05
1.950310483870967744e+02 -2.144495275669806541e-04 -3.531180664459636158e-05
1.951560483870967744e+02 -2.141053025859487803e-04 -3.509803922415580583e-05
1.952810483870967744e+02 -2.137609462257664009e-04 -3.488551065539797439e-05
1.954060483870967744e+02 -2.134164600239161407e-04 -3.467421420433773263e-05
1.955310483870967744e+02 -2.130718455379951228e-04 -3.446414317001864720e-05
1.956560483870967744e+02 -2.127271043454051036e-04 -3.425529088437866696e-05
1.957810483870967744e+02 -2.123822380430508475e-04 -3.404765071211798583e-05
1.959060483870967744e+02 -2.120372482470365505e-04 -3.384121605056580792e-05
1.960310483870967744e+02 -2.116921365923550807e-04 -3.363598032954763435e-05
1.961560483870967744e+02 -2.113469047326100160e-04 -3.343193701125366153e-05
1.962810483870967744e+02 -2.110015543397115794e-04 -3.322907959010640674e-05
1.964060483870967744e+02 -2.106560871035787006e-04 -3.302740159262979079e-05
1.965310483870967744e+02 -2.103105047318546837e-04 -3.282689657731708221e-05
1.966560483870967744e+02 -2.099648089496057991e-04 -3.262755813450084034e-05
1.967810483870967744e+02 -2.096190014990521031e-04 -3.242937988622198445e-05
1.969060483870967744e+02 -2.092730841392754625e-04 -3.223235548609922865e-05
1.970310483870967744e+02 -2.089270586459281479e-04 -3.203647861919972981e-05
1.971560483870967744e+02 -2.085809268109654424e-04 -3.184174300190886807e-05
1.972810483870967744e+02 -2.082346904423605779e-04 -3.164814238180157921e-05
1.974060483870967744e+02 -2.078883513638155782e-04 -3.145567053751288731e-05
1.975310483870967744e+02 -2.075419114145171239e-04 -3.126432127860927771e-05
1.976560483870967744e+02 -2.071953724488357945e-04 -3.107408844546081541e-05
1.977810483870967744e+02 -2.068487363360697092e-04 -3.088496590911251797e-05
1.979060483870967744e+02 -2.065020049601750752e-04 -3.069694757115728708e-05
1.980310483870967744e+02 -2.061551802194865177e-04 -3.051002736360794895e-05
1.981560483870967744e+02 -2.058082640264761976e-04 -3.032419924877090072e-05
1.982810483870967744e+02 -2.054612583074727321e-04 -3.013945721911895047e-05
1.984060483870967744e+02 -2.051141650024104995e-04 -2.995579529716493316e-05
1.985310483870967744e+02 -2.047669860645634954e-04 -2.977320753533623115e-05
1.986560483870967744e+02 -2.044197234603024166e-04 -2.959168801584820713e-05
1.987810483870967744e+02 -2.040723791688170516e-04 -2.941123085057980891e-05
1.989060483870967744e+02 -2.037249551818864023e-04 -2.923183018094771044e-05
1.990310483870967744e+02 -2.033774535036236527e-04 -2.905348017778223169e-05
1.991560483870967744e+02 -2.030298761502172884e-04 -2.887617504120265196e-05
1.992810483870967744e+02 -2.026822251496999451e-04 -2.869990900049314671e-05
1.994060483870967744e+02 -2.023345025416822362e-04 -2.852467631397951714e-05
1.995310483870967744e+02 -2.019867103771354254e-04 -2.835047126890515406e-05
1.996560483870967744e+02 -2.016388507181334129e-04 -2.817728818130886865e-05
1.997810483870967744e+02 -2.012909256376198221e-04 -2.800512139590139845e-05
1.999060483870967744e+02 -2.009429372191700984e-04 -2.783396528594379374e-05
2.000310483870967744e+02 -2.005948875567605200e-04 -2.766381425312497725e-05
2.001560483870967744e+02 -2.002467787545227887e-04 -2.749466272744008650e-05
2.002810483870967744e+02 -1.998986129265287344e-04 -2.732650516706963947e-05
2.004060483870967744e+02 -1.995503921965518992e-04 -2.715933605825782951e-05
2.005310483870967744e+02 -1.992021186978428090e-04 -2.699314991519262616e-05
2.006560483870967744e+02 -1.988537945729030806e-04 -2.682794127988520508e-05
2.007810483870967744e+02 -1.985054219732552993e-04 -2.666370472204967950e-05
2.009060483870967744e+02 -1.981570030592329549e-04 -2.650043483898417007e-05
2.010310483870967744e+02 -1.978085399997520002e-04 -2.633812625545094968e-05
2.011560483870967744e+02 -1.974600349720959894e-04 -2.617677362355810616e-05
2.012810483870967744e+02 -1.971114901616980179e-04 -2.601637162264030379e-05
2.014060483870967744e+02 -1.967629077619241528e-04 -2.585691495914127947e-05
2.015310483870967744e+02 -1.964142899738639922e-04 -2.569839836649565794e-05
2.016560483870967744e+02 -1.960656390061230134e-04 -2.554081660501115320e-05
2.017810483870967744e+02 -1.957169570746033745e-04 -2.538416446175204385e-05
2.019060483870967744e+02 -1.953682464023064264e-04 -2.522843675042170324e-05
2.020310483870967744e+02 -1.950195092191228392e-04 -2.507362831124671174e-05
2.021560483870967744e+02 -1.946707477616163302e-04 -2.491973401086013226e-05
2.022810483870967744e+02 -1.943219642728499211e-04 -2.476674874218629343e-05
2.024060483870967744e+02 -1.939731610021597186e-04 -2.461466742432513909e-05
2.025310483870967744e+02 -1.936243402049702756e-04 -2.446348500243687257e-05
2.026560483870967744e+02 -1.932755041425918445e-04 -2.431319644762781735e-05
2.027810483870967744e+02 -1.929266550820181198e-04 -2.416379675683543398e-05
2.029060483870967744e+02 -1.925777952957517629e-04 -2.401528095271486510e-05
2.030310483870967744e+02 -1.922289270615946629e-04 -2.386764408352466058e-05
2.031560483870967744e+02 -1.918800526624695856e-04 -2.372088122301400690e-05
2.032810483870967744e+02 -1.915311743862195147e-04 -2.357498747030953981e-05
2.034060483870967744e+02 -1.911822945254362663e-04 -2.342995794980242476e-05
2.035310483870967744e+02 -1.908334153772564155e-04 -2.328578781103668736e-05
2.036560483870967744e+02 -1.904845392431956026e-04 -2.314247222859671733e-05
2.037810483870967744e+02 -1.901356684289596112e-04 -2.300000640199605976e-05
2.039060483870967744e+02 -1.897868052442591594e-04 -2.285838555556619301e-05
2.040310483870967744e+02 -1.894379520026445859e-04 -2.271760493834531998e-05
2.041560483870967744e+02 -1.890891110213060858e-04 -2.257765982396840292e-05
2.042810483870967744e+02 -1.887402846209263677e-04 -2.243854551055636819e-05
2.044060483870967744e+02 -1.883914751254849550e-04 -2.230025732060696766e-05
2.045310483870967744e+02 -1.880426848620971004e-04 -2.216279060088474583e-05
2.046560483870967744e+02 -1.876939161608416151e-04 -2.202614072231230785e-05
2.047810483870967744e+02 -1.873882839151335929e-04 -2.189030307986151311e-05
2.049060483870967744e+02 -1.871270606182582285e-04 -2.175527309244483132e-05
2.050310483870967744e+02 -1.868657132994552350e-04 -2.162104620280771861e-05
2.051560483870967744e+02 -1.866042425026328199e-04 -2.148761787742042761e-05
2.052810483870967744e+02 -1.863426487892267010e-04 -2.135498360637123053e-05
2.054060483870967744e+02 -1.860809327380481555e-04 -2.122313890325889342e-05
2.055310483870967744e+02 -1.858190949450692941e-04 -2.109207930508641751e-05
2.056560483870967744e+02 -1.855571360232154902e-04 -2.096180037215471297e-05
2.057810483870967744e+02 -1.852950566022123992e-04 -2.083229768795638085e-05
2.059060483870967744e+02 -1.850917969308433586e-04 -2.070356685907061335e-05
2.060310483870967744e+02 -1.848883488011975832e-04 -2.057560351505742982e-05
2.061560483870967744e+02 -1.846846332414162897e-04 -2.044840330835337314e-05
2.062810483870967744e+02 -1.844806501375737093e-04 -2.032196191416649122e-05
2.064060483870967744e+02 -1.842763994014542201e-04 -2.019627503037250765e-05
2.065310483870967744e+02 -1.840718809703895543e-04 -2.007133837741094501e-05
2.066560483870967744e+02 -1.838670948069755771e-04 -1.994714769818145479e-05
2.067810483870967744e+02 -1.836620408988765885e-04 -1.982369875794103844e-05
2.069060483870967744e+02 -1.834567192585821911e-04 -1.970098734420094308e-05
2.070310483870967744e+02 -1.832511299231933224e-04 -1.957900926662467199e-05
2.071560483870967744e+02 -1.830452729541928378e-04 -1.945776035692546317e-05
2.072810483870967744e+02 -1.828391484372030018e-04 -1.933723646876495022e-05
2.074060483870967744e+02 -1.826327564818053749e-04 -1.921743347765173532e-05
2.075310483870967744e+02 -1.824260972212825294e-04 -1.909834728084015858e-05
2.076560483870967744e+02 -1.822191708124209684e-04 -1.897997379723001274e-05
2.077810483870967744e+02 -1.820119774352602689e-04 -1.886230896726587839e-05
2.079060483870967744e+02 -1.818045172929220760e-04 -1.874534875283751287e-05
2.080310483870967744e+02 -1.815967906113513577e-04 -1.862908913718009694e-05
2.081560483870967744e+02 -1.813887976391050127e-04 -1.851352612477479985e-05
2.082810483870967744e+02 -1.811805386471606715e-04 -1.839865574125028975e-05
2.084060483870967744e+02 -1.809720139286806928e-04 -1.828447403328378669e-05
2.085310483870967744e+02 -1.807632237988170067e-04 -1.817097706850316594e-05
2.086560483870967744e+02 -1.805541685944752738e-04 -1.805816093538882753e-05
2.087810483870967744e+02 -1.803448486740938709e-04 -1.794602174317648058e-05
2.089060483870967744e+02 -1.801352644175119159e-04 -1.783455562175984292e-05
2.090310483870967744e+02 -1.799254162256337349e-04 -1.772375872159365586e-05
2.091560483870967744e+02 -1.797153045203540790e-04 -1.761362721359763738e-05
2.092810483870967744e+02 -1.795049297442258707e-04 -1.750415728905994073e-05
2.094060483870967744e+02 -1.792942923603700253e-04 -1.739534515954173447e-05
2.095310483870967744e+02 -1.790833928521662637e-04 -1.728718705678147080e-05
2.096560483870967744e+02 -1.788722317231097533e-04 -1.717967923260011953e-05
2.097810483870967744e+02 -1.786608094966145430e-04 -1.707281795880623938e-05
2.099060483870967744e+02 -1.784491267157564166e-04 -1.696659952710155754e-05
2.100310483870967744e+02 -1.782371839431377749e-04 -1.686102024898716923e-05
2.101560483870967744e+02 -1.780249817606241469e-04 -1.675607645566954757e-05
2.102810483870967744e+02 -1.778125207692030812e-04 -1.665176449796745798e-05
2.104060483870967744e+02 -1.775998015887411761e-04 -1.654808074621869315e-05
2.105310483870967744e+02 -1.773868248577839361e-04 -1.644502159018770235e-05
2.106560483870967744e+02 -1.771735912334283780e-04 -1.634258343897305481e-05
2.107810483870967744e+02 -1.769601013910211348e-04 -1.624076272091544513e-05
2.109060483870967744e+02 -1.767463560240747553e-04 -1.613955588350629168e-05
2.110310483870967744e+02 -1.765323558439609020e-04 -1.603895939329614184e-05
2.111560483870967744e+02 -1.763181015798360562e-04 -1.593896973580394459e-05
2.112810483870967744e+02 -1.761035939783418445e-04 -1.583958341542639428e-05
2.114060483870967744e+02 -1.758888338034803826e-04 -1.574079695534750140e-05
2.115310483870967744e+02 -1.756738218364194170e-04 -1.564260689744891548e-05
2.116560483870967744e+02 -1.754585588752658083e-04 -1.554500980222005833e-05
2.117810483870967744e+02 -1.752430457349347221e-04 -1.544800224866917196e-05
2.119060483870967744e+02 -1.750272832468945702e-04 -1.535158083423408205e-05
2.120310483870967744e+02 -1.748112722590598647e-04 -1.525574217469385571e-05
2.121560483870967744e+02 -1.745950136355332860e-04 -1.516048290408052041e-05
2.122810483870967744e+02 -1.743785082564499917e-04 -1.506579967459099618e-05
2.124060483870967744e+02 -1.741617570178412234e-04 -1.497168915649976828e-05
2.125310483870967744e+02 -1.739447608313523337e-04 -1.487814803807141577e-05
2.126560483870967744e+02 -1.737275206241776788e-04 -1.478517302547397698e-05
2.127810483870967744e+02 -1.735100373387675325e-04 -1.469276084269206086e-05
2.129060483870967744e+02 -1.732923119327554710e-04 -1.460090823144093416e-05
2.130310483870967744e+02 -1.730743453786935573e-04 -1.450961195108047809e-05
2.131560483870967744e+02 -1.728561386639183601e-04 -1.441886877852952451e-05
2.132810483870967744e+02 -1.726376927903871313e-04 -1.432867550818084938e-05
2.134060483870967744e+02 -1.724190087744588244e-04 -1.423902895181603413e-05
2.135310483870967744e+02 -1.722000876467699531e-04 -1.414992593852117059e-05
2.136560483870967744e+02 -1.719809304520122754e-04 -1.406136331460227967e-05
2.137810483870967744e+02 -1.717615382488104150e-04 -1.397333794350173467e-05
2.139060483870967744e+02 -1.715419121095115797e-04 -1.388584670571452524e-05
2.140310483870967744e+02 -1.713220531200145556e-04 -1.379888649870492292e-05
2.141560483870967744e+02 -1.711019623796606367e-04 -1.371245423682376327e-05
2.142810483870967744e+02 -1.708816410009662335e-04 -1.362654685122562640e-05
2.144060483870967744e+02 -1.706610901095611816e-04 -1.354116128978679506e-05
2.145310483870967744e+02 -1.704403108439236545e-04 -1.345629451702315845e-05
2.146560483870967744e+02 -1.702193043553114251e-04 -1.337194351400856850e-05
2.147810483870967744e+02 -1.699980718075077017e-04 -1.328810527829374824e-05
2.149060483870967744e+02 -1.697766143767101056e-04 -1.320477682382501906e-05
2.150310483870967744e+02 -1.695549332513735701e-04 -1.312195518086401039e-05
2.151560483870967744e+02 -1.693330296320079203e-04 -1.303963739590698326e-05
2.152810483870967744e+02 -1.691109047310629745e-04 -1.295782053160514309e-05
2.154060483870967744e+02 -1.688885597727260966e-04 -1.287650166668476281e-05
2.155310483870967744e+02 -1.686659959928073248e-04 -1.279567789586783281e-05
2.156560483870967744e+02 -1.684432146385334819e-04 -1.271534632979321064e-05
2.157810483870967744e+02 -1.682202169684449318e-04 -1.263550409493758776e-05
2.159060483870967744e+02 -1.679970042521916954e-04 -1.255614833353745748e-05
2.160310483870967744e+02 -1.677735777703879508e-04 -1.247727620351070171e-05
2.161560483870967744e+02 -1.675499388145106603e-04 -1.239888487837908068e-05
2.162810483870967744e+02 -1.673260886866491468e-04 -1.232097154719066509e-05
2.164060483870967744e+02 -1.671020286994628640e-04 -1.224353341444265099e-05
2.165310483870967744e+02 -1.668777601759238174e-04 -1.216656770000475423e-05
2.166560483870967744e+02 -1.666532844492664737e-04 -1.209007163904241667e-05
2.167810483870967744e+02 -1.664286028627495891e-04 -1.201404248194094595e-05
2.169060483870967744e+02 -1.662037167695604200e-04 -1.193847749422933165e-05
2.170310483870967744e+02 -1.659786275326679758e-04 -1.186337395650495421e-05
2.171560483870967744e+02 -1.657533365246419577e-04 -1.178872916435817022e-05
2.172810483870967744e+02 -1.655278451275453682e-04 -1.171454042829737880e-05
2.174060483870967744e+02 -1.653021547327560784e-04 -1.164080507367454367e-05
2.175310483870967744e+02 -1.650762667408553182e-04 -1.156752044061063053e-05
2.176560483870967744e+02 -1.648501825614574561e-04 -1.149468388392185932e-05
2.177810483870967744e+02 -1.646239036130676438e-04 -1.142229277304588868e-05
2.179060483870967744e+02 -1.643974313229840751e-04 -1.135034449196829515e-05
2.180310483870967744e+02 -1.641707671270841275e-04 -1.127883643914977242e-05
2.181560483870967744e+02 -1.639439124697666006e-04 -1.120776602745305779e-05
2.182810483870967744e+02 -1.637168688037328164e-04 -1.113713068407071749e-05
2.184060483870967744e+02 -1.634896375899287495e-04 -1.106692785045272544e-05
2.185310483870967744e+02 -1.632622202973325236e-04 -1.099715498223481267e-05
2.186560483870967744e+02 -1.630346184028639894e-04 -1.092780954916683544e-05
2.187810483870967744e+02 -1.628068333912571677e-04 -1.085888903504137211e-05
2.189060483870967744e+02 -1.625788667548823591e-04 -1.079039093762302461e-05
2.190310483870967744e+02 -1.623507199936634739e-04 -1.072231276857749475e-05
2.191560483870967744e+02 -1.621223946148972949e-04 -1.065465205340147695e-05
2.192810483870967744e+02 -1.618938921331691545e-04 -1.058740633135232404e-05
2.194060483870967744e+02 -1.616652140701843945e-04 -1.052057315537853631e-05
2.195310483870967744e+02 -1.614363619546431417e-04 -1.045415009205019137e-05
2.196560483870967744e+02 -1.612073373221563626e-04 -1.038813472148967374e-05
2.197810483870967744e+02 -1.609781417150379684e-04 -1.032252463730302113e-05
2.199060483870967744e+02 -1.607487766822677893e-04 -1.025731744651112170e-05
2.200310483870967744e+02 -1.605192437792755196e-04 -1.019251076948164986e-05
2.201560483870967744e+02 -1.602895445679031238e-04 -1.012810223986082586e-05
2.202810483870967744e+02 -1.600596806162021986e-04 -1.006408950450597170e-05
2.204060483870967744e+02 -1.598296534983529020e-04 -1.000047022341797380e-05
2.205310483870967744e+02 -1.595994647945494886e-04 -9.937242069674099681e-06
2.206560483870967744e+02 -1.593691160908384922e-04 -9.874402729361367030e-06
2.207810483870967744e+02 -1.591386089790412599e-04 -9.811949901509819485e-06
2.209060483870967744e+02 -1.589079450565927310e-04 -9.749881298026397096e-06
2.210310483870967744e+02 -1.586771259264605557e-04 -9.688194643628979556e-06
2.211560483870967744e+02 -1.584461531969983479e-04 -9.626887675780590383e-06
2.212810483870967744e+02 -1.582150284818232254e-04 -9.565958144624207564e-06
2.214060483870967744e+02 -1.579837533997454984e-04 -9.505403812917440377e-06
2.215310483870967744e+02 -1.577523295745835428e-04 -9.445222455967946517e-06
2.216560483870967744e+02 -1.575207586351194558e-04 -9.385411861568700143e-06
2.217810483870967744e+02 -1.572890422149115976e-04 -9.325969829933863014e-06
2.219060483870967744e+02 -1.570571819522560751e-04 -9.266894173634825031e-06
2.220310483870967744e+02 -1.568251794900062492e-04 -9.208182717536390470e-06
2.221560483870967744e+02 -1.565930364755001476e-04 -9.149833298733568994e-06
2.222810483870967744e+02 -1.563607545604480059e-04 -9.091843766488232834e-06
2.224060483870967744e+02 -1.561283354007973387e-04 -9.034211982166492260e-06
2.225310483870967744e+02 -1.558957806566567471e-04 -8.976935819175932126e-06
2.226560483870967744e+02 -1.556630919921478439e-04 -8.920013162903453211e-06
2.227810483870967744e+02 -1.554302710753424242e-04 -8.863441910653238913e-06
2.229060483870967744e+02 -1.551973195781126014e-04 -8.807219971584908286e-06
2.230310483870967744e+02 -1.549642391760375931e-04 -8.751345266652236601e-06
2.231560483870967744e+02 -1.547310315483294799e-04 -8.695815728541755619e-06
2.232810483870967744e+02 -1.544976983776680821e-04 -8.640629301612048432e-06
2.234060483870967744e+02 -1.542642413501633643e-04 -8.585783941832908785e-06
2.235310483870967744e+02 -1.540306621551866529e-04 -8.531277616725113638e-06
2.236560483870967744e+02 -1.537969624853303030e-04 -8.477108305300273672e-06
2.237810483870967744e+02 -1.535631440362448792e-04 -8.423273998000931111e-06
2.239060483870967744e+02 -1.533292085066003947e-04 -8.369772696641118341e-06
2.240310483870967744e+02 -1.530951575979292106e-04 -8.316602414346930077e-06
2.241560483870967744e+02 -1.528609930145556173e-04 -8.263761175497620696e-06
2.242810483870967744e+02 -1.526267164635073087e-04 -8.211247015666779488e-06
2.244060483870967744e+02 -1.523923296543847636e-04 -8.159057981563758329e-06
2.245310483870967744e+02 -1.521578342992980365e-04 -8.107192130975607574e-06
2.246560483870967744e+02 -1.519232321127341324e-04 -8.055647532708930632e-06
2.247810483870967744e+02 -1.516885248115081638e-04 -8.004422266532321302e-06
2.249060483870967744e+02 -1.514537141146142724e-04 -7.953514423118794330e-06
2.250310483870967744e+02 -1.512188017431700374e-04 -7.902922103988715719e-06
2.251560483870967744e+02 -1.509837894203181104e-04 -7.852643421452822821e-06
2.252810483870967744e+02 -1.507486788711098812e-04 -7.802676498555496847e-06
2.254060483870967744e+02 -1.505134718224480960e-04 -7.753019469018519882e-06
2.255310483870967744e+02 -1.502781700029598162e-04 -7.703670477184745494e-06
2.256560483870967744e+02 -1.500427751429401753e-04 -7.654627677962360584e-06
2.257810483870967744e+02 -1.498072889742320596e-04 -7.605889236769124356e-06
2.259060483870967744e+02 -1.495717132301470700e-04 -7.557453329477100266e-06
2.260310483870967744e+02 -1.493360496454020417e-04 -7.509318142357481992e-06
2.261560483870967744e+02 -1.491002999559808357e-04 -7.461481872025652329e-06
2.262810483870967744e+02 -1.488644658991047128e-04 -7.413942725386724061e-06
2.264060483870967744e+02 -1.486285492130886502e-04 -7.366698919581006281e-06
2.265310483870967744e+02 -1.483925516373135040e-04 -7.319748681930019593e-06
2.266560483870967744e+02 -1.481564749120861202e-04 -7.273090249882524868e-06
2.267810483870967744e+02 -1.479203207785909524e-04 -7.226721870961009399e-06
2.269060483870967744e+02 -1.476840909788033256e-04 -7.180641802708247586e-06
2.270310483870967744e+02 -1.474477872553867617e-04 -7.134848312634171647e-06
2.271560483870967744e+02 -1.472114113516362224e-04 -7.089339678163086217e-06
2.272810483870967744e+02 -1.469749650113734831e-04 -7.044114186580920217e-06
2.274060483870967744e+02 -1.467384499788877998e-04 -6.999170134982958147e-06
2.275310483870967744e+02 -1.465018679988373828e-04 -6.954505830221605256e-06
2.276560483870967744e+02 -1.462652208161713881e-04 -6.910119588854577080e-06
2.277810483870967744e+02 -1.460285101760818327e-04 -6.866009737093204173e-06
2.279060483870967744e+02 -1.457917378238690457e-04 -6.822174610750979090e-06
2.280310483870967744e+02 -1.455549055049291723e-04 -6.778612555192508254e-06
2.281560483870967744e+02 -1.453180149646150711e-04 -6.735321925282433327e-06
2.282810483870967744e+02 -1.450810679482189666e-04 -6.692301085334859954e-06
2.284060483870967744e+02 -1.448440662008431041e-04 -6.649548409062863591e-06
2.285310483870967744e+02 -1.446070114673604471e-04 -6.607062279528231649e-06
2.286560483870967744e+02 -1.443699054923377534e-04 -6.564841089091568173e-06
2.287810483870967744e+02 -1.441327500199427402e-04 -6.522883239362460351e-06
2.289060483870967744e+02 -1.438955467938938854e-04 -6.481187141150080402e-06
2.290310483870967744e+02 -1.436582975573688940e-04 -6.439751214413789154e-06
2.291560483870967744e+02 -1.434210040529511115e-04 -6.398573888214186009e-06
2.292810483870967744e+02 -1.431836680225452270e-04 -6.357653600664291894e-06
2.294060483870967744e+02 -1.429462912073041438e-04 -6.316988798880897386e-06
2.295310483870967744e+02 -1.427088753475889179e-04 -6.276577938936330109e-06
2.296560483870967744e+02 -1.424714221828520986e-04 -6.236419485810232304e-06
2.297810483870967744e+02 -1.422339334516206514e-04 -6.196511913341773772e-06
2.299060483870967744e+02 -1.419964108913792983e-04 -6.156853704181879217e-06
2.300310483870967744e+02 -1.417588562385518154e-04 -6.117443349745912979e-06
2.301560483870967744e+02 -1.415212712283900646e-04 -6.078279350166418841e-06
2.302810483870967744e+02 -1.412836575949352877e-04 -6.039360214246103760e-06
2.304060483870967744e+02 -1.410460170709539756e-04 -6.000684459411168055e-06
2.305310483870967744e+02 -1.408083513878519730e-04 -5.962250611664685556e-06
2.306560483870967744e+02 -1.405706622756402709e-04 -5.924057205540403038e-06
2.307810483870967744e+02 -1.403329514628382153e-04 -5.886102784056516791e-06
2.309060483870967744e+02 -1.400952206764452903e-04 -5.848385898669946386e-06
2.310310483870967744e+02 -1.398574716418512110e-04 -5.810905109230633021e-06
2.311560483870967744e+02 -1.396197060827802493e-04 -5.773658983936067395e-06
2.312810483870967744e+02 -1.393819257212567839e-04 -5.736646099286186060e-06
2.314060483870967744e+02 -1.391441322774951991e-04 -5.699865040038292320e-06
2.315310483870967744e+02 -1.389063274698973372e-04 -5.663314399162367623e-06
2.316560483870967744e+02 -1.386685130149377626e-04 -5.626992777796475276e-06
2.317810483870967744e+02 -1.384306906271562539e-04 -5.590898785202401331e-06
2.319060483870967744e+02 -1.381928620190519587e-04 -5.555031038721619032e-06
2.320310483870967744e+02 -1.379550289010747196e-04 -5.519388163731260047e-06
2.321560483870967744e+02 -1.377171929815205304e-04 -5.483968793600560878e-06
2.322810483870967744e+02 -1.374793559665084155e-04 -5.448771569647244901e-06
2.324060483870967744e+02 -1.372415195599172477e-04 -5.413795141094363495e-06
2.325310483870967744e+02 -1.370036854633187719e-04 -5.379038165027179525e-06
2.326560483870967744e+02 -1.367658553759432355e-04 -5.344499306350304084e-06
2.327810483870967744e+02 -1.365280309946021668e-04 -5.310177237745130553e-06
2.329060483870967744e+02 -1.362902140136580979e-04 -5.276070639627295750e-06
2.330310483870967744e+02 -1.360524061249542547e-04 -5.242178200104579012e-06
2.331560483870967744e+02 -1.358146090177613766e-04 -5.208498614934766537e-06
2.332810483870967744e+02 -1.355768243787535115e-04 -5.175030587483935860e-06
2.334060483870967744e+02 -1.353390538919117120e-04 -5.141772828684803855e-06
2.335310483870967744e+02 -1.351012992385223002e-04 -5.108724056995300047e-06
2.336560483870967744e+02 -1.348635620970791273e-04 -5.075882998357453327e-06
2.337810483870967744e+02 -1.346258441432793447e-04 -5.043248386156276971e-06
2.339060483870967744e+02 -1.343881470499344729e-04 -5.010818961179107673e-06
2.340310483870967744e+02 -1.341504724869451663e-04 -4.978593471574891213e-06
2.341560483870967744e+02 -1.339128221212552701e-04 -4.946570672813882320e-06
2.342810483870967744e+02 -1.336751976167847085e-04 -4.914749327647408914e-06
2.344060483870967744e+02 -1.334376006344065266e-04 -4.883128206067858273e-06
2.345310483870967744e+02 -1.332000328318758749e-04 -4.851706085268949490e-06
2.346560483870967744e+02 -1.329624958638091930e-04 -4.820481749606045742e-06
2.347810483870967744e+02 -1.327249913816198890e-04 -4.789453990556829948e-06
2.349060483870967744e+02 -1.324875210334725050e-04 -4.758621606682072731e-06
2.350310483870967744e+02 -1.322500864642646922e-04 -4.727983403586570658e-06
2.351560483870967744e+02 -1.320126893155415863e-04 -4.697538193880419888e-06
2.352810483870967744e+02 -1.317753312254982463e-04 -4.667284797140296600e-06
2.354060483870967744e+02 -1.315380138288903169e-04 -4.637222039871114359e-06
2.355310483870967744e+02 -1.313007387570392054e-04 -4.607348755467684011e-06
2.356560483870967744e+02 -1.310635076377448301e-04 -4.577663784176759833e-06
2.357810483870967744e+02 -1.308263220952731799e-04 -4.548165973059132269e-06
2.359060483870967744e+02 -1.305891837503137312e-04 -4.518854175951923948e-06
2.360310483870967744e+02 -1.303520942199224743e-04 -4.489727253431188948e-06
2.361560483870967744e+02 -1.301150551175022610e-04 -4.460784072774529845e-06
2.362810483870967744e+02 -1.298780680527419548e-04 -4.432023507924076438e-06
2.364060483870967744e+02 -1.296411346316056696e-04 -4.403444439449467874e-06
2.365310483870967744e+02 -1.294042564562582036e-04 -4.375045754511209154e-06
2.366560483870967744e+02 -1.291674351250544418e-04 -4.346826346824074225e-06
2.367810483870967744e+02 -1.289306722325032244e-04 -4.318785116620704745e-06
2.369060483870967744e+02 -1.286939693692052496e-04 -4.290920970615511224e-06
2.370310483870967744e+02 -1.284573281218417430e-04 -4.263232821968575031e-06
2.371560483870967744e+02 -1.282207500731217934e-04 -4.235719590249919687e-06
2.372810483870967744e+02 -1.279842368017618064e-04 -4.208380201403773707e-06
2.374060483870967744e+02 -1.277477898824363090e-04 -4.181213587713201039e-06
2.375310483870967744e+02 -1.275114108857393520e-04 -4.154218687764776406e-06
2.376560483870967744e+02 -1.272751013781797940e-04 -4.127394446413455459e-06
2.377810483870967744e+02 -1.270388629221073581e-04 -4.100739814747726148e-06
2.379060483870967744e+02 -1.268026970757179183e-04 -4.074253750054774492e-06
2.380310483870967744e+02 -1.265666053929772521e-04 -4.047935215785984082e-06
2.381560483870967744e+02 -1.263305894236360302e-04 -4.021783181522514352e-06
2.382810483870967744e+02 -1.260946507131591805e-04 -3.995796622941049113e-06
2.384060483870967744e+02 -1.258587908027124171e-04 -3.969974521779818667e-06
2.385310483870967744e+02 -1.256230112291313399e-04 -3.944315865804642264e-06
2.386560483870967744e+02 -1.253873135248794769e-04 -3.918819648775311896e-06
2.387810483870967744e+02 -1.251516992180363845e-04 -3.893484870411991358e-06
2.389060483870967744e+02 -1.249161698322459038e-04 -3.868310536361907512e-06
2.390310483870967744e+02 -1.246807268867031508e-04 -3.843295658166153384e-06
2.391560483870967744e+02 -1.244453718961156742e-04 -3.818439253226630999e-06
2.392810483870967744e+02 -1.242101063706768389e-04 -3.793740344773272060e-06
2.394060483870967744e+02 -1.239749318160520016e-04 -3.769197961831278522e-06
2.395310483870967744e+02 -1.237398497333156821e-04 -3.744811139188689701e-06
2.396560483870967744e+02 -1.235048616189667688e-04 -3.720578917363959969e-06
2.397810483870967744e+02 -1.232699689648656077e-04 -3.696500342573838421e-06
2.399060483870967744e+02 -1.230351732582374454e-04 -3.672574466701331545e-06
2.400310483870967744e+02 -1.228004759816135833e-04 -3.648800347263823020e-06
2.401560483870967744e+02 -1.225658786128304564e-04 -3.625177047381452283e-06
2.402810483870967744e+02 -1.223313826250031246e-04 -3.601703635745511306e-06
2.404060483870967744e+02 -1.220969894864843168e-04 -3.578379186587166631e-06
2.405310483870967744e+02 -1.218627006608523285e-04 -3.555202779646184800e-06
2.406560483870967744e+02 -1.216285176068801493e-04 -3.532173500139946195e-06
2.407810483870967744e+02 -1.213944417785233604e-04 -3.509290438732555015e-06
2.409060483870967744e+02 -1.211604746248774441e-04 -3.486552691504091982e-06
2.410310483870967744e+02 -1.209266175901707499e-04 -3.463959359920098281e-06
2.411560483870967744e+02 -1.206928721137327142e-04 -3.441509550801133628e-06
2.412810483870967744e+02 -1.204592396299732603e-04 -3.419202376292571064e-06
2.414060483870967744e+02 -1.202257215683727286e-04 -3.397036953834490873e-06
2.415310483870967744e+02 -1.199923193534304587e-04 -3.375012406131724830e-06
2.416560483870967744e+02 -1.197590344046824075e-04 -3.353127861124140175e-06
2.417810483870967744e+02 -1.195258681366430495e-04 -3.331382451956951950e-06
2.419060483870967744e+02 -1.192928219588185906e-04 -3.309775316951316134e-06
2.420310483870967744e+02 -1.190598972756542893e-04 -3.288305599574966400e-06
2.421560483870967744e+02 -1.188270954865345517e-04 -3.266972448413093545e-06
2.422810483870967744e+02 -1.185944179857707342e-04 -3.245775017139321059e-06
2.424060483870967744e+02 -1.183618661625493186e-04 -3.224712464486821724e-06
2.425310483870967744e+02 -1.181294414009555205e-04 -3.203783954219667998e-06
2.426560483870967744e+02 -1.178971450799161250e-04 -3.182988655104216698e-06
2.427810483870967744e+02 -1.176649785732143672e-04 -3.162325740880747373e-06
2.429060483870967744e+02 -1.174329432494406958e-04 -3.141794390235163359e-06
2.430310483870967744e+02 -1.172010404719971778e-04 -3.121393786770921951e-06
2.431560483870967744e+02 -1.169692715990803140e-04 -3.101123118981050553e-06
2.432810483870967744e+02 -1.167376379836495019e-04 -3.080981580220303435e-06
2.434060483870967744e+02 -1.165404900293289149e-04 -3.060968368677552271e-06
2.435310483870967744e+02 -1.164379683495261718e-04 -3.041082687348197004e-06
2.436560483870967744e+02 -1.163353965822944733e-04 -3.021323744006835484e-06
2.437810483870967744e+02 -1.162327744069423886e-04 -3.001690751179980107e-06
2.439060483870967744e+02 -1.161301015095988370e-04 -2.982182926119011636e-06
2.440310483870967744e+02 -1.160273775831657621e-04 -2.962799490773199081e-06
2.441560483870967744e+02 -1.159246023272717690e-04 -2.943539671762878825e-06
2.442810483870967744e+02 -1.158217754482409803e-04 -2.924402700352833224e-06
2.444060483870967744e+02 -1.157188966590378505e-04 -2.905387812425705633e-06
2.445310483870967744e+02 -1.156159656792377701e-04 -2.886494248455669539e-06
2.446560483870967744e+02 -1.155129822349878723e-04 -2.867721253482128611e-06
2.447810483870967744e+02 -1.154099460589494479e-04 -2.849068077083655191e-06
2.449060483870967744e+02 -1.153068568902821430e-04 -2.830533973351996123e-06
2.450310483870967744e+02 -1.152037144745859953e-04 -2.812118200866223001e-06
2.451560483870967744e+02 -1.151005185638599899e-04 -2.793820022667083590e-06
2.452810483870967744e+02 -1.149972689164743312e-04 -2.775638706231387546e-06
2.454060483870967744e+02 -1.148939652971231039e-04 -2.757573523446625078e-06
2.455310483870967744e+02 -1.147906074767788718e-04 -2.739623750585663529e-06
2.456560483870967744e+02 -1.146871952326727288e-04 -2.721788668281572288e-06
2.457810483870967744e+02 -1.145837283482242726e-04 -2.704067561502642096e-06
2.459060483870967744e+02 -1.144802066130262366e-04 -2.686459719527451356e-06
2.460310483870967744e+02 -1.143766298227995087e-04 -2.668964435920160729e-06
2.461560483870967744e+02 -1.142729977793469716e-04 -2.651581008505835246e-06
2.462810483870967744e+02 -1.141693102905225215e-04 -2.634308739345999791e-06
2.464060483870967744e+02 -1.140655671701876325e-04 -2.617146934714258523e-06
2.465310483870967744e+02 -1.139617682381695876e-04 -2.600094905072043900e-06
2.466560483870967744e+02 -1.138579133202323679e-04 -2.583151965044553748e-06
2.467810483870967744e+02 -1.137540022480280260e-04 -2.566317433396737870e-06
2.469060483870967744e+02 -1.136500348590572482e-04 -2.549590633009495155e-06
2.470310483870967744e+02 -1.135460109966478877e-04 -2.532970890855908796e-06
2.471560483870967744e+02 -1.134419305098961864e-04 -2.516457537977702161e-06
2.472810483870967744e+02 -1.133377932536318240e-04 -2.500049909461743796e-06
2.474060483870967744e+02 -1.132335990883977375e-04 -2.483747344416711666e-06
2.475310483870967744e+02 -1.131293478803866142e-04 -2.467549185949905203e-06
2.476560483870967744e+02 -1.130250395014212544e-04 -2.451454781144118345e-06
2.477810483870967744e+02 -1.129206738289152418e-04 -2.435463481034719245e-06
2.479060483870967744e+02 -1.128162507458196548e-04 -2.419574640586763019e-06
2.480310483870967744e+02 -1.127117701406120756e-04 -2.403787618672317098e-06
2.481560483870967744e+02 -1.126072319072323510e-04 -2.388101778047838245e-06
2.482810483870967744e+02 -1.125026359450555691e-04 -2.372516485331699505e-06
2.484060483870967744e+02 -1.123979821588747251e-04 -2.357031110981862414e-06
2.485310483870967744e+02 -1.122932704588242719e-04 -2.341645029273605540e-06
2.486560483870967744e+02 -1.121885007603824779e-04 -2.326357618277449952e-06
2.487810483870967744e+02 -1.120836729843054401e-04 -2.311168259837153313e-06
2.489060483870967744e+02 -1.119787870566035971e-04 -2.296076339547815341e-06
2.490310483870967744e+02 -1.118738429085093798e-04 -2.281081246734156922e-06
2.491560483870967744e+02 -1.117688404764317559e-04 -2.266182374428851315e-06
2.492810483870967744e+02 -1.116637797019248419e-04 -2.251379119351034926e-06
2.494060483870967744e+02 -1.115586605316512715e-04 -2.236670881884866358e-06
2.495310483870967744e+02 -1.114534829173388538e-04 -2.222057066058270974e-06
2.496560483870967744e+02 -1.113482468157649748e-04 -2.207537079521756174e-06
2.497810483870967744e+02 -1.112429521886936998e-04 -2.193110333527339333e-06
2.499060483870967744e+02 -1.111375990028596732e-04 -2.178776242907630325e-06
2.500310483870967744e+02 -1.110321872299328144e-04 -2.164534226054975030e-06
2.501560483870967744e+02 -1.109267168464658418e-04 -2.150383704900769941e-06
2.502810483870967744e+02 -1.108211878338775496e-04 -2.136324104894822089e-06
2.504060483870967744e+02 -1.107156001784094122e-04 -2.122354854984891081e-06
2.505310483870967744e+02 -1.106099538710896972e-04 -2.108475387596295512e-06
2.506560483870967744e+02 -1.105042489077070518e-04 -2.094685138611623132e-06
2.507810483870967744e+02 -1.103984852887603444e-04 -2.080983547350618058e-06
2.509060483870967744e+02 -1.102926630194388512e-04 -2.067370056550084061e-06
2.510310483870967744e+02 -1.101867821095830081e-04 -2.053844112343989040e-06
2.511560483870967744e+02 -1.100808425736446065e-04 -2.040405164243592354e-06
2.512810483870967744e+02 -1.099748444306631581e-04 -2.027052665117761471e-06
2.514060483870967744e+02 -1.098687877042226488e-04 -2.013786071173342404e-06
2.515310483870967744e+02 -1.097626724224232543e-04 -2.000604841935631792e-06
2.516560483870967744e+02 -1.096564986178403574e-04 -1.987508440229024732e-06
2.517810483870967744e+02 -1.095502663275012918e-04 -1.974496332157670671e-06
2.519060483870967744e+02 -1.094439755928411476e-04 -1.961567987086324951e-06
2.520310483870967744e+02 -1.093376264596832687e-04 -1.948722877621250759e-06
2.521560483870967744e+02 -1.092312189781900983e-04 -1.935960479591227379e-06
2.522810483870967744e+02 -1.091247532028353552e-04 -1.923280272028710481e-06
2.524060483870967744e+02 -1.090182291923799782e-04 -1.910681737151019948e-06
2.525310483870967744e+02 -1.089116470098250040e-04 -1.898164360341719334e-06
2.526560483870967744e+02 -1.088050067223895578e-04 -1.885727630132007191e-06
2.527810483870967744e+02 -1.086983084014772567e-04 -1.873371038182292402e-06
2.529060483870967744e+02 -1.085915521226330719e-04 -1.861094079263814206e-06
2.530310483870967744e+02 -1.084847379655250871e-04 -1.848896251240378049e-06
2.531560483870967744e+02 -1.083778660139044371e-04 -1.836777055050222302e-06
2.532810483870967744e+02 -1.082709363555685398e-04 -1.824735994687922884e-06
2.534060483870967744e+02 -1.081639490823490347e-04 -1.812772577186477245e-06
2.535310483870967744e+02 -1.080569042900527614e-04 -1.800886312599406138e-06
2.536560483870967744e+02 -1.079498020784438702e-04 -1.789076713983020558e-06
2.537810483870967744e+02 -1.078426425512223823e-04 -1.777343297378750519e-06
2.539060483870967744e+02 -1.077354258159664963e-04 -1.765685581795565096e-06
2.540310483870967744e+02 -1.076281519841307185e-04 -1.754103089192535617e-06
2.541560483870967744e+02 -1.075208211709921671e-04 -1.742595344461427867e-06
2.542810483870967744e+02 -1.074134334956252160e-04 -1.731161875409464750e-06
2.544060483870967744e+02 -1.073059890808831715e-04 -1.719802212742112893e-06
2.545310483870967744e+02 -1.071984880533458377e-04 -1.708515890046027210e-06
2.546560483870967744e+02 -1.070909305433004615e-04 -1.697302443772048620e-06
2.547810483870967744e+02 -1.069833166847236806e-04 -1.686161413218299180e-06
2.549060483870967744e+02 -1.068756466152203071e-04 -1.675092340513409345e-06
2.550310483870967744e+02 -1.067679204760250619e-04 -1.664094770599773190e-06
2.551560483870967744e+02 -1.066601384119472939e-04 -1.653168251216972182e-06
2.552810483870967744e+02 -1.065523005713527521e-04 -1.642312332885231363e-06
2.554060483870967744e+02 -1.064444071061368733e-04 -1.631526568888982244e-06
2.555310483870967744e+02 -1.063364581716878517e-04 -1.620810515260551075e-06
2.556560483870967744e+02 -1.062284539268552782e-04 -1.610163730763878020e-06
2.557810483870967744e+02 -1.061203945339308960e-04 -1.599585776878394099e-06
2.559060483870967744e+02 -1.060122801586031992e-04 -1.589076217782918880e-06
2.560310483870968028e+02 -1.059041109699482042e-04 -1.578634620339714871e-06
2.561560483870968028e+02 -1.057958871403776377e-04 -1.568260554078586168e-06
2.562810483870968028e+02 -1.056876088456305346e-04 -1.557953591181066687e-06
2.564060483870968028e+02 -1.055792762647321195e-04 -1.547713306464736282e-06
2.565310483870968028e+02 -1.054708895799633540e-04 -1.537539277367569484e-06
2.566560483870968028e+02 -1.053624489768413807e-04 -1.527431083932422945e-06
2.567810483870967460e+02 -1.052539546440832158e-04 -1.517388308791566279e-06
2.569060483870967460e+02 -1.051454067735831842e-04 -1.507410537151339336e-06
2.570310483870967460e+02 -1.050368055603807322e-04 -1.497497356776865797e-06
2.571560483870967460e+02 -1.049281512026270611e-04 -1.487648357976853802e-06
2.572810483870967460e+02 -1.048194439015671703e-04 -1.477863133588513472e-06
2.574060483870967460e+02 -1.047106838615082121e-04 -1.468141278962510001e-06
2.575310483870967460e+02 -1.046018712897869792e-04 -1.458482391948051009e-06
2.576560483870967460e+02 -1.044930063967471496e-04 -1.448886072878012639e-06
2.577810483870967460e+02 -1.043840893957121010e-04 -1.439351924554190813e-06
2.579060483870967460e+02 -1.042751205029510966e-04 -1.429879552232604994e-06
2.580310483870967460e+02 -1.041660999376591869e-04 -1.420468563608887294e-06
2.581560483870967460e+02 -1.040570279219263914e-04 -1.411118568803781479e-06
2.582810483870967460e+02 -1.039479046807062159e-04 -1.401829180348681579e-06
2.584060483870967460e+02 -1.038387304418018290e-04 -1.392600013171289289e-06
2.585310483870967460e+02 -1.037295054358239001e-04 -1.383430684581336169e-06
2.586560483870967460e+02 -1.036202298961689156e-04 -1.374320814256371491e-06
2.587810483870967460e+02 -1.035109040590014923e-04 -1.365270024227671422e-06
2.589060483870967460e+02 -1.034015281632117556e-04 -1.356277938866173831e-06
2.590310483870967460e+02 -1.032921024504002274e-04 -1.347344184868548408e-06
2.591560483870967460e+02 -1.031826271648531208e-04 -1.338468391243293254e-06
2.592810483870967460e+02 -1.030731025535029015e-04 -1.329650189296951747e-06
2.594060483870967460e+02 -1.029635288659171480e-04 -1.320889212620387648e-06
2.595310483870967460e+02 -1.028539063542631659e-04 -1.312185097075128806e-06
2.596560483870967460e+02 -1.027442352732814250e-04 -1.303537480779819297e-06
2.597810483870967460e+02 -1.026345158802752998e-04 -1.294946004096707759e-06
2.599060483870967460e+02 -1.025247484350619011e-04 -1.286410309618254959e-06
2.600310483870967460e+02 -1.024149331999579544e-04 -1.277930042153774599e-06
2.601560483870967460e+02 -1.023050704397642955e-04 -1.269504848716187840e-06
2.602810483870967460e+02 -1.021951604217192231e-04 -1.261134378508830972e-06
2.604060483870967460e+02 -1.020852034154945274e-04 -1.252818282912334455e-06
2.605310483870967460e+02 -1.019751996931565812e-04 -1.244556215471602537e-06
2.606560483870967460e+02 -1.018651495291423247e-04 -1.236347831882829933e-06
2.607810483870967460e+02 -1.017550532002449947e-04 -1.228192789980630736e-06
2.609060483870967460e+02 -1.016449109855757708e-04 -1.220090749725205236e-06
2.610310483870967460e+02 -1.015347231665471062e-04 -1.212041373189606893e-06
2.611560483870967460e+02 -1.014244900268517207e-04 -1.204044324547071359e-06
2.612810483870967460e+02 -1.013142118524237460e-04 -1.196099270058405644e-06
2.614060483870967460e+02 -1.012038889314351072e-04 -1.188205878059479130e-06
2.615310483870967460e+02 -1.010935215542500945e-04 -1.180363818948747200e-06
2.616560483870967460e+02 -1.009831100134167168e-04 -1.172572765174885405e-06
2.617810483870967460e+02 -1.008726546036374825e-04 -1.164832391224464922e-06
2.619060483870967460e+02 -1.007621556217450727e-04 -1.157142373609704668e-06
2.620310483870967460e+02 -1.006516133666780414e-04 -1.149502390856313415e-06
2.621560483870967460e+02 -1.005410281394605816e-04 -1.141912123491363877e-06
2.622810483870967460e+02 -1.004304002431759491e-04 -1.134371254031279453e-06
2.624060483870967460e+02 -1.003197299829458892e-04 -1.126879466969847019e-06
2.625310483870967460e+02 -1.002090176659005372e-04 -1.119436448766337498e-06
2.626560483870967460e+02 -1.000982636011676707e-04 -1.112041887833663710e-06
2.627810483870967460e+02 -9.998746809983928921e-05 -1.104695474526618891e-06
2.629060483870967460e+02 -9.987663147495167858e-05 -1.097396901130191877e-06
2.630310483870967460e+02 -9.976575404146173455e-05 -1.090145861847923998e-06
2.631560483870967460e+02 -9.965483611623006280e-05 -1.082942052790365292e-06
2.632810483870967460e+02 -9.954387801798815472e-05 -1.075785171963561420e-06
2.634060483870967460e+02 -9.943288006732906329e-05 -1.068674919257642226e-06
2.635310483870967460e+02 -9.932184258667277636e-05 -1.061610996435446511e-06
2.636560483870967460e+02 -9.921076590024855769e-05 -1.054593107121224937e-06
2.637810483870967460e+02 -9.909965033407661041e-05 -1.047620956789417270e-06
2.639060483870967460e+02 -9.898849621594137853e-05 -1.040694252753466884e-06
2.640310483870967460e+02 -9.887730387537101487e-05 -1.033812704154736276e-06
2.641560483870967460e+02 -9.876607364361686251e-05 -1.026976021951445660e-06
2.642810483870967460e+02 -9.865480585362984632e-05 -1.020183918907714909e-06
2.644060483870967460e+02 -9.854350084004084886e-05 -1.013436109582639575e-06
2.645310483870967460e+02 -9.843215893913866046e-05 -1.006732310319437437e-06
2.646560483870967460e+02 -9.832078048884428361e-05 -1.000072239234672546e-06
2.647810483870967460e+02 -9.820936582870091764e-05 -9.934556162075123077e-07
2.649060483870967460e+02 -9.809791529984202897e-05 -9.868821628690817585e-07
2.650310483870967460e+02 -9.798642924497029047e-05 -9.803516025918417742e-07
2.651560483870967460e+02 -9.787490800834987010e-05 -9.738636604790648963e-07
2.652810483870967460e+02 -9.776335193576676265e-05 -9.674180633543437706e-07
2.654060483870967460e+02 -9.765176137452347713e-05 -9.610145397511703128e-07
2.655310483870967460e+02 -9.754013667341344962e-05 -9.546528199025870827e-07
2.656560483870967460e+02 -9.742847818269378913e-05 -9.483326357308702121e-07
2.657810483870967460e+02 -9.731678625407943648e-05 -9.420537208373063517e-07
2.659060483870967460e+02 -9.720506124070833428e-05 -9.358158104920015946e-07
2.660310483870967460e+02 -9.709330349712642428e-05 -9.296186416237566794e-07
2.661560483870967460e+02 -9.698151337927809286e-05 -9.234619528100131329e-07
2.662810483870967460e+02 -9.686969124446712619e-05 -9.173454842668365759e-07
2.664060483870967460e+02 -9.675783745135054382e-05 -9.112689778389821917e-07
2.665310483870967460e+02 -9.664595235991756518e-05 -9.052321769899903694e-07
2.666560483870967460e+02 -9.653403633146101373e-05 -8.992348267923676867e-07
2.667810483870967460e+02 -9.642208972857250582e-05 -8.932766739178055847e-07
2.669060483870967460e+02 -9.631011291510972131e-05 -8.873574666274572771e-07
2.670310483870967460e+02 -9.619810625618337965e-05 -8.814769547622857038e-07
2.671560483870967460e+02 -9.608607011813921498e-05 -8.756348897334473774e-07
2.672810483870967460e+02 -9.597400486853373063e-05 -8.698310245127526748e-07
2.674060483870967460e+02 -9.586191087611948115e-05 -8.640651136231593746e-07
2.675310483870967460e+02 -9.574978851082581411e-05 -8.583369131293436984e-07
2.676560483870967460e+02 -9.563763814374004566e-05 -8.526461806283132792e-07
2.677810483870967460e+02 -9.552546014708828369e-05 -8.469926752400675653e-07
2.679060483870967460e+02 -9.541325489421302554e-05 -8.413761575983393259e-07
2.680310483870967460e+02 -9.530102275956280381e-05 -8.357963898413559573e-07
2.681560483870967460e+02 -9.518876411866790030e-05 -8.302531356026877150e-07
2.682810483870967460e+02 -9.507647934812382543e-05 -8.247461600021173345e-07
2.684060483870967460e+02 -9.496416882557266997e-05 -8.192752296365925540e-07
2.685310483870967460e+02 -9.485183292968699109e-05 -8.138401125712128374e-07
2.686560483870967460e+02 -9.473947204014894149e-05 -8.084405783302657535e-07
2.687810483870967460e+02 -9.462708653763559198e-05 -8.030763978883392715e-07
2.689060483870967460e+02 -9.451467680379606838e-05 -7.977473436614544904e-07
2.690310483870967460e+02 -9.440224322124168529e-05 -7.924531894982776724e-07
2.691560483870967460e+02 -9.428978617352248663e-05 -7.871937106713680629e-07
2.692810483870967460e+02 -9.417730604511190425e-05 -7.819686838684747333e-07
2.694060483870967460e+02 -9.406480322138632063e-05 -7.767778871839027737e-07
2.695310483870967460e+02 -9.395227808861414561e-05 -7.716211001099019327e-07
2.696560483870967460e+02 -9.383973103393266864e-05 -7.664981035281384781e-07
2.697810483870967460e+02 -9.372716244533603773e-05 -7.614086797011842094e-07
2.699060483870967460e+02 -9.361457271165476795e-05 -7.563526122640821274e-07
2.700310483870967460e+02 -9.350196222253657824e-05 -7.513296862159471499e-07
2.701560483870967460e+02 -9.338933136843790748e-05 -7.463396879116124606e-07
2.702810483870967460e+02 -9.327668054059935732e-05 -7.413824050533451037e-07
2.704060483870967460e+02 -9.316401013103266823e-05 -7.364576266825812715e-07
2.705310483870967460e+02 -9.305132053250684166e-05 -7.315651431717407897e-07
2.706560483870967460e+02 -9.293861213852313565e-05 -7.267047462160610845e-07
2.707810483870967460e+02 -9.282588534330855966e-05 -7.218762288255028303e-07
2.709060483870967460e+02 -9.271314054179501715e-05 -7.170793853166886307e-07
2.710310483870967460e+02 -9.260037812960052184e-05 -7.123140113048886047e-07
2.711560483870967460e+02 -9.248759850302372247e-05 -7.075799036960687592e-07
2.712810483870967460e+02 -9.237480205901422276e-05 -7.028768606789615957e-07
2.714060483870967460e+02 -9.226198919516365030e-05 -6.982046817172111507e-07
2.715310483870967460e+02 -9.214916030969545150e-05 -6.935631675415363519e-07
2.716560483870967460e+02 -9.203631580143639061e-05 -6.889521201419660564e-07
2.717810483870967460e+02 -9.192345606981520804e-05 -6.843713427601016158e-07
2.719060483870967460e+02 -9.181058151483659951e-05 -6.798206398814288879e-07
2.720310483870967460e+02 -9.169769253706721625e-05 -6.752998172276873166e-07
2.721560483870967460e+02 -9.158478953763035245e-05 -6.708086817492627292e-07
2.722810483870967460e+02 -9.147187291817614327e-05 -6.663470416176484256e-07
2.724060483870967460e+02 -9.135894308087588625e-05 -6.619147062179342192e-07
2.725310483870967460e+02 -9.124600042840942400e-05 -6.575114861413410064e-07
2.726560483870967460e+02 -9.113304536393870316e-05 -6.531371931778130400e-07
2.727810483870967460e+02 -9.102007829110683929e-05 -6.487916403086332839e-07
2.729060483870967460e+02 -9.090709961401290920e-05 -6.444746416991047313e-07
2.730310483870967460e+02 -9.079410973720020085e-05 -6.401860126912515212e-07
2.731560483870967460e+02 -9.068110906564838005e-05 -6.359255697965869714e-07
2.732810483870967460e+02 -9.056809800474818783e-05 -6.316931306889072343e-07
2.734060483870967460e+02 -9.045507696029770001e-05 -6.274885141971288913e-07
2.735310483870967460e+02 -9.034204633847869154e-05 -6.233115402981843590e-07
2.736560483870967460e+02 -9.022900654584762410e-05 -6.191620301099359285e-07
2.737810483870967460e+02 -9.011595798932343524e-05 -6.150398058841543922e-07
2.739060483870967460e+02 -9.000290107616474309e-05 -6.109446909995202218e-07
2.740310483870967460e+02 -8.988983621397469807e-05 -6.068765099546828750e-07
2.741560483870967460e+02 -8.977676381066326632e-05 -6.028350883613495355e-07
2.742810483870967460e+02 -8.966368427444851709e-05 -5.988202529374150410e-07
2.744060483870967460e+02 -8.955059801384189120e-05 -5.948318315001452792e-07
2.745310483870967460e+02 -8.943750543762689646e-05 -5.908696529593815490e-07
2.746560483870967460e+02 -8.932440695486183171e-05 -5.869335473108050596e-07
2.747810483870967460e+02 -8.921130297484720657e-05 -5.830233456292238773e-07
2.749060483870967460e+02 -8.909819390712224484e-05 -5.791388800619153524e-07
2.750310483870967460e+02 -8.898508016145401545e-05 -5.752799838219971331e-07
2.751560483870967460e+02 -8.887196214781787609e-05 -5.714464911818375671e-07
2.752810483870967460e+02 -8.875884027638833885e-05 -5.676382374665175602e-07
2.754060483870967460e+02 -8.864571495753164341e-05 -5.638550590473136106e-07
2.755310483870967460e+02 -8.853258660177781175e-05 -5.600967933352347355e-07
2.756560483870967460e+02 -8.841945561982365680e-05 -5.563632787745916916e-07
2.757810483870967460e+02 -8.830632242250939078e-05 -5.526543548365985936e-07
2.759060483870967460e+02 -8.819318742081175408e-05 -5.489698620130275791e-07
2.760310483870967460e+02 -8.808005102583348490e-05 -5.453096418098832720e-07
2.761560483870967460e+02 -8.796691364878251619e-05 -5.416735367411334683e-07
2.762810483870967460e+02 -8.785377570096843840e-05 -5.380613903224585625e-07
2.764060483870967460e+02 -8.774063759378273989e-05 -5.344730470650543366e-07
2.765310483870967460e+02 -8.762749973869310134e-05 -5.309083524694632314e-07
2.766560483870967460e+02 -8.751436254723069701e-05 -5.273671530194401332e-07
2.767810483870967460e+02 -8.740122643097215634e-05 -5.238492961758662311e-07
2.769060483870967460e+02 -8.728809180153496963e-05 -5.203546303706832015e-07
2.770310483870967460e+02 -8.717495907056035769e-05 -5.168830050008811808e-07
2.771560483870967460e+02 -8.706182864970549260e-05 -5.134342704225044184e-07
2.772810483870967460e+02 -8.694870095062728899e-05 -5.100082779447098706e-07
2.774060483870967460e+02 -8.683557638497814847e-05 -5.066048798238502513e-07
2.775310483870967460e+02 -8.672245536438846335e-05 -5.032239292575934005e-07
2.776560483870967460e+02 -8.660933830045492083e-05 -4.998652803790848504e-07
2.777810483870967460e+02 -8.649622560473157183e-05 -4.965287882511324151e-07
2.779060483870967460e+02 -8.638311768871802677e-05 -4.932143088604412844e-07
2.780310483870967460e+02 -8.627001496385182551e-05 -4.899216991118661636e-07
2.781560483870967460e+02 -8.615691784148976195e-05 -4.866508168227144482e-07
2.782810483870967460e+02 -8.604382673290334393e-05 -4.834015207170734322e-07
2.784060483870967460e+02 -8.593074204926360086e-05 -4.801736704201701273e-07
2.785310483870967460e+02 -8.581766420163242364e-05 -4.769671264527763988e-07
2.786560483870967460e+02 -8.570459360095496171e-05 -4.737817502256323652e-07
2.787810483870967460e+02 -8.559153065804226226e-05 -4.706174040339179201e-07
2.789060483870967460e+02 -8.547847578356533420e-05 -4.674739510517463299e-07
2.790310483870967460e+02 -8.536542938804159565e-05 -4.643512553266941478e-07
2.791560483870967460e+02 -8.525239188182816546e-05 -4.612491817743704621e-07
2.792810483870967460e+02 -8.513936367510614223e-05 -4.581675961730063675e-07
2.794060483870967460e+02 -8.502634517788046885e-05 -4.551063651580901230e-07
2.795310483870967460e+02 -8.491333679995532102e-05 -4.520653562170227975e-07
2.796560483870967460e+02 -8.480033895093469010e-05 -4.490444376838162672e-07
2.797810483870967460e+02 -8.468735204021011803e-05 -4.460434787338158825e-07
2.799060483870967460e+02 -8.457437647694507126e-05 -4.430623493784559050e-07
2.800310483870967460e+02 -8.446141267007732602e-05 -4.401009204600532719e-07
2.801560483870967460e+02 -8.434846102829499385e-05 -4.371590636466200491e-07
2.802810483870967460e+02 -8.423552196003335039e-05 -4.342366514267226295e-07
2.804060483870967460e+02 -8.412259587346982087e-05 -4.313335571043559123e-07
2.805310483870967460e+02 -8.400968317650351583e-05 -4.284496547938630652e-07
2.806560483870967460e+02 -8.389678427675445862e-05 -4.255848194148751369e-07
2.807810483870967460e+02 -8.378389958155382756e-05 -4.227389266872845524e-07
2.809060483870967460e+02 -8.367102949792597178e-05 -4.199118531262540239e-07
2.810310483870967460e+02 -8.355817443259133854e-05 -4.171034760372447325e-07
2.811560483870967460e+02 -8.344533479194600890e-05 -4.143136735110878667e-07
2.812810483870967460e+02 -8.333251098205912276e-05 -4.115423244190715665e-07
2.814060483870967460e+02 -8.321970340866435432e-05 -4.087893084080718080e-07
2.815310483870967460e+02 -8.310691247714474680e-05 -4.060545058957016040e-07
2.816560483870967460e+02 -8.299413859252996125e-05 -4.033377980654928159e-07
2.817810483870967460e+02 -8.288138215948399803e-05 -4.006390668621131707e-07
2.819060483870967460e+02 -8.276864358229706520e-05 -3.979581949866002184e-07
2.820310483870967460e+02 -8.265592326487971036e-05 -3.952950658916372700e-07
2.821560483870967460e+02 -8.254322161074770952e-05 -3.926495637768455359e-07
2.822810483870967460e+02 -8.243053902301947862e-05 -3.900215735841165504e-07
2.824060483870967460e+02 -8.231787590440375424e-05 -3.874109809929631791e-07
2.825310483870967460e+02 -8.220523265719392866e-05 -3.848176724159021238e-07
2.826560483870967460e+02 -8.209260968325658443e-05 -3.822415349938694632e-07
2.827810483870967460e+02 -8.198000738402790293e-05 -3.796824565916529747e-07
2.829060483870967460e+02 -8.186742616049948846e-05 -3.771403257933644784e-07
2.830310483870967460e+02 -8.175486641321319113e-05 -3.746150318979313983e-07
2.831560483870967460e+02 -8.164232854225349039e-05 -3.721064649146154290e-07
2.832810483870967460e+02 -8.152981294723753386e-05 -3.696145155585656653e-07
2.834060483870967460e+02 -8.141732002731059731e-05 -3.671390752463893082e-07
2.835310483870967460e+02 -8.130485018113390086e-05 -3.646800360917588992e-07
2.836560483870967460e+02 -8.119240380687809029e-05 -3.622372909010357540e-07
2.837810483870967460e+02 -8.107998130221570176e-05 -3.598107331689299772e-07
2.839060483870967460e+02 -8.096758306431458890e-05 -3.574002570741808592e-07
2.840310483870967460e+02 -8.085520948983042821e-05 -3.550057574752627897e-07
2.841560483870967460e+02 -8.074286097489643274e-05 -3.526271299061230937e-07
2.842810483870967460e+02 -8.063053791511660289e-05 -3.502642705719383436e-07
2.844060483870967460e+02 -8.051824070555815057e-05 -3.479170763449047642e-07
2.845310483870967460e+02 -8.040596974074759606e-05 -3.455854447600444666e-07
2.846560483870967460e+02 -8.029372541465691735e-05 -3.432692740110469933e-07
2.847810483870967460e+02 -8.018150812070575916e-05 -3.409684629461303440e-07
2.849060483870967460e+02 -8.006931825174228327e-05 -3.386829110639248725e-07
2.850310483870967460e+02 -7.995715620004417137e-05 -3.364125185093924406e-07
2.851560483870967460e+02 -7.984502235730984304e-05 -3.341571860697571656e-07
2.852810483870967460e+02 -7.973291711464900963e-05 -3.319168151704738087e-07
2.854060483870967460e+02 -7.962084086258259294e-05 -3.296913078712082859e-07
2.855310483870967460e+02 -7.950879399102573036e-05 -3.274805668618546540e-07
2.856560483870967460e+02 -7.939677688928650095e-05 -3.252844954585679794e-07
2.857810483870967460e+02 -7.928478994606093808e-05 -3.231029975998217168e-07
2.859060483870967460e+02 -7.917283354941973439e-05 -3.209359778424972763e-07
2.860310483870967460e+02 -7.906090808681360865e-05 -3.187833413579856069e-07
2.861560483870967460e+02 -7.894901394505129640e-05 -3.166449939283235614e-07
2.862810483870967460e+02 -7.883715151030262639e-05 -3.145208419423466201e-07
2.864060483870967460e+02 -7.872532116809120221e-05 -3.124107923918658077e-07
2.865310483870967460e+02 -7.861352330328507819e-05 -3.103147528678741500e-07
2.866560483870967460e+02 -7.850175830009143319e-05 -3.082326315567657837e-07
2.867810483870967460e+02 -7.839002654205567619e-05 -3.061643372365904827e-07
2.869060483870967460e+02 -7.827832841204386864e-05 -3.041097792733188250e-07
2.870310483870967460e+02 -7.816666429224666823e-05 -3.020688676171407645e-07
2.871560483870967460e+02 -7.805503456416803968e-05 -3.000415127987801381e-07
2.872810483870967460e+02 -7.794343960861826158e-05 -2.980276259258318829e-07
2.874060483870967460e+02 -7.783187980571750430e-05 -2.960271186791282124e-07
2.875310483870967460e+02 -7.772035553487487776e-05 -2.940399033091167564e-07
2.876560483870967460e+02 -7.760886717479421838e-05 -2.920658926322718412e-07
2.877810483870967460e+02 -7.749741510346244743e-05 -2.901050000275177871e-07
2.879060483870967460e+02 -7.738599969814528845e-05 -2.881571394326822754e-07
2.880310483870967460e+02 -7.727462133538169718e-05 -2.862222253409663921e-07
2.881560483870967460e+02 -7.716328039098193704e-05 -2.843001727974360579e-07
2.882810483870967460e+02 -7.705197724001385049e-05 -2.823908973955410409e-07
2.884060483870967460e+02 -7.694071225680231690e-05 -2.804943152736451917e-07
2.885310483870967460e+02 -7.682948581492338429e-05 -2.786103431115900311e-07
2.886560483870967460e+02 -7.671829828719815717e-05 -2.767388981272673898e-07
2.887810483870967460e+02 -7.660715004568963875e-05 -2.748798980732230710e-07
2.889060483870967460e+02 -7.649604146169407097e-05 -2.730332612332757069e-07
2.890310483870967460e+02 -7.638497290573590640e-05 -2.711989064191554138e-07
2.891560483870967460e+02 -7.627394474756383743e-05 -2.693767529671705065e-07
2.892810483870967460e+02 -7.616295735614583601e-05 -2.675667207348833694e-07
2.894060483870967460e+02 -7.605201109966454581e-05 -2.657687300978190993e-07
2.895310483870967460e+02 -7.594110634551104802e-05 -2.639827019461849989e-07
2.896560483870967460e+02 -7.583024346027799028e-05 -2.622085576816124121e-07
2.897810483870967460e+02 -7.571942280975722849e-05 -2.604462192139236520e-07
2.899060483870967460e+02 -7.560864475893572039e-05 -2.586956089579104170e-07
2.900310483870967460e+02 -7.549790967198579490e-05 -2.569566498301409529e-07
2.901560483870967460e+02 -7.538721791226877058e-05 -2.552292652457773270e-07
2.902810483870967460e+02 -7.527656984232180973e-05 -2.535133791154225593e-07
2.904060483870967460e+02 -7.516596582385551956e-05 -2.518089158419788186e-07
2.905310483870967460e+02 -7.505540621775290866e-05 -2.501158003175277474e-07
2.906560483870967460e+02 -7.494489138405821971e-05 -2.484339579202330209e-07
2.907810483870967460e+02 -7.483442168198230985e-05 -2.467633145112561416e-07
2.909060483870967460e+02 -7.472399746988630631e-05 -2.451037964316974323e-07
2.910310483870967460e+02 -7.461361910528511651e-05 -2.434553304995500002e-07
2.911560483870967460e+02 -7.450328694484142434e-05 -2.418178440066779466e-07
2.912810483870967460e+02 -7.439300134435736884e-05 -2.401912647158097706e-07
2.914060483870967460e+02 -7.428276265877932830e-05 -2.385755208575492427e-07
2.915310483870967460e+02 -7.417257124218240257e-05 -2.369705411274102335e-07
2.916560483870967460e+02 -7.406242744777377413e-05 -2.353762546828626338e-07
2.917810483870967460e+02 -7.395233162788656875e-05 -2.337925911404032348e-07
2.919060483870967460e+02 -7.384228413397482755e-05 -2.322194805726387322e-07
2.920310483870967460e+02 -7.373228531660853317e-05 -2.306568535053923672e-07
2.921560483870967460e+02 -7.362233552547619837e-05 -2.291046409148243327e-07
2.922810483870967460e+02 -7.351243510937010726e-05 -2.275627742245699394e-07
2.924060483870967460e+02 -7.340258441619265791e-05 -2.260311853029001237e-07
2.925310483870967460e+02 -7.329278379294435484e-05 -2.245098064598926751e-07
2.926560483870967460e+02 -7.318303358572395803e-05 -2.229985704446272337e-07
2.927810483870967460e+02 -7.307333413972813064e-05 -2.214974104423942106e-07
2.929060483870967460e+02 -7.296368579923932297e-05 -2.200062600719198023e-07
2.930310483870967460e+02 -7.285408890762863209e-05 -2.185250533826130541e-07
2.931560483870967460e+02 -7.274454380735023175e-05 -2.170537248518258408e-07
2.932810483870967460e+02 -7.263505083993470452e-05 -2.155922093821279354e-07
2.934060483870967460e+02 -7.252561034599450346e-05 -2.141404422986074356e-07
2.935310483870967460e+02 -7.241622266520820409e-05 -2.126983593461781255e-07
2.936560483870967460e+02 -7.230688813632639976e-05 -2.112658966869098395e-07
2.937810483870967460e+02 -7.219760709716424769e-05 -2.098429908973730403e-07
2.939060483870967460e+02 -7.208837988459806739e-05 -2.084295789659976647e-07
2.940310483870967460e+02 -7.197920683456322636e-05 -2.070255982904553148e-07
2.941560483870967460e+02 -7.187008828205226994e-05 -2.056309866750500002e-07
2.942810483870967460e+02 -7.176102456110771126e-05 -2.042456823281291810e-07
2.944060483870967460e+02 -7.165201600482073031e-05 -2.028696238595103498e-07
2.945310483870967460e+02 -7.154306294532937135e-05 -2.015027502779205305e-07
2.946560483870967460e+02 -7.143416571381294581e-05 -2.001450009884586733e-07
2.947810483870967460e+02 -7.132532464049256074e-05 -1.987963157900664941e-07
2.949060483870967460e+02 -7.121654005462412580e-05 -1.974566348730193771e-07
2.950310483870967460e+02 -7.110781228449671336e-05 -1.961258988164281573e-07
2.951560483870967460e+02 -7.099914165742960402e-05 -1.948040485857649372e-07
2.952810483870967460e+02 -7.089052849977189364e-05 -1.934910255303951240e-07
2.954060483870967460e+02 -7.078197313689394169e-05 -1.921867713811301662e-07
2.955310483870967460e+02 -7.067347589319321235e-05 -1.908912282477946101e-07
2.956560483870967460e+02 -7.056503709208099306e-05 -1.896043386168044061e-07
2.957810483870967460e+02 -7.045665705598717855e-05 -1.883260453487685353e-07
2.959060483870967460e+02 -7.034833610635628644e-05 -1.870562916760975438e-07
2.960310483870967460e+02 -7.024007456364072155e-05 -1.857950212006302361e-07
2.961560483870967460e+02 -7.013187274730635964e-05 -1.845421778912763824e-07
2.962810483870967460e+02 -7.002373097582053978e-05 -1.832977060816692990e-07
2.964060483870967460e+02 -6.991564956665470717e-05 -1.820615504678407696e-07
2.965310483870967460e+02 -6.980762883628229888e-05 -1.808336561059032979e-07
2.966560483870967460e+02 -6.969966910017371591e-05 -1.796139684097508375e-07
2.967810483870967460e+02 -6.959177067279720408e-05 -1.784024331487698963e-07
2.969060483870967460e+02 -6.948393386761286383e-05 -1.771989964455713151e-07
2.970310483870967460e+02 -6.937615899707194546e-05 -1.760036047737303571e-07
2.971560483870967460e+02 -6.926844637261554813e-05 -1.748162049555431558e-07
2.972810483870967460e+02 -6.916079630467029656e-05 -1.736367441597976949e-07
2.974060483870967460e+02 -6.905320910264664699e-05 -1.724651698995552439e-07
2.975310483870967460e+02 -6.894568507494098781e-05 -1.713014300299525718e-07
2.976560483870967460e+02 -6.883822452892517704e-05 -1.701454727460106206e-07
2.977810483870967460e+02 -6.873082777095175999e-05 -1.689972465804607270e-07
2.979060483870967460e+02 -6.862349510634728792e-05 -1.678567004015842388e-07
2.980310483870967460e+02 -6.851622683941222317e-05 -1.667237834110621891e-07
2.981560483870967460e+02 -6.840902327342237568e-05 -1.655984451418451146e-07
2.982810483870967460e+02 -6.830188471061839984e-05 -1.644806354560296762e-07
2.984060483870967460e+02 -6.819481145221201505e-05 -1.633703045427514263e-07
2.985310483870967460e+02 -6.808780379837975805e-05 -1.622674029160914993e-07
2.986560483870967460e+02 -6.798086204826050277e-05 -1.611718814129920370e-07
2.987810483870967460e+02 -6.787398649996090848e-05 -1.600836911911923133e-07
2.989060483870967460e+02 -6.776717745054270747e-05 -1.590027837271706828e-07
2.990310483870967460e+02 -6.766043519602918323e-05 -1.579291108141028866e-07
2.991560483870967460e+02 -6.755376003139946476e-05 -1.568626245598301533e-07
2.992810483870967460e+02 -6.744715225058802517e-05 -1.558032773848458804e-07
2.994060483870967460e+02 -6.734061214648332644e-05 -1.547510220202886171e-07
2.995310483870967460e+02 -6.723414001092775161e-05 -1.537058115059503448e-07
2.996560483870967460e+02 -6.712773613471212960e-05 -1.526675991882984968e-07
2.997810483870967460e+02 -6.702140080757653480e-05 -1.516363387185057599e-07
2.999060483870967460e+02 -6.691513431820862007e-05 -1.506119840504993835e-07
3.000310483870967460e+02 -6.680893695424143487e-05 -1.495944894390161539e-07
3.001560483870967460e+02 -6.670280900225536316e-05 -1.485838094376725094e-07
3.002810483870967460e+02 -6.659675074777169962e-05 -1.475798988970473337e-07
3.004060483870967460e+02 -6.649076247525338137e-05 -1.465827129627727970e-07
3.005310483870967460e+02 -6.638484446810416137e-05 -1.455922070736443076e-07
3.006560483870967460e+02 -6.627899700866669744e-05 -1.446083369597352550e-07
3.007810483870967460e+02 -6.617322037822271491e-05 -1.436310586405273697e-07
3.009060483870967460e+02 -6.606751485699049943e-05 -1.426603284230522800e-07
3.010310483870967460e+02 -6.596188072412217289e-05 -1.416961029000420953e-07
3.011560483870967460e+02 -6.585631825770462853e-05 -1.407383389480973265e-07
3.012810483870967460e+02 -6.575082773475901597e-05 -1.397869937258602857e-07
3.014060483870967460e+02 -6.564540943123617399e-05 -1.388420246722041569e-07
3.015310483870967460e+02 -6.554006362202068276e-05 -1.379033895044287887e-07
3.016560483870967460e+02 -6.543479058092584936e-05 -1.369710462164748050e-07
3.017810483870967460e+02 -6.532959058069281338e-05 -1.360449530771423211e-07
3.019060483870967460e+02 -6.522446389299168526e-05 -1.351250686283240863e-07
3.020310483870967460e+02 -6.511941078841781939e-05 -1.342113516832496103e-07
3.021560483870967460e+02 -6.501443153649483632e-05 -1.333037613247377085e-07
3.022810483870967460e+02 -6.490952640567093646e-05 -1.324022569034653251e-07
3.024060483870967460e+02 -6.480469566331650128e-05 -1.315067980362419948e-07
3.025310483870967460e+02 -6.469993957572734594e-05 -1.306173446042975655e-07
3.026560483870967460e+02 -6.459525840812070771e-05 -1.297338567515808798e-07
3.027810483870967460e+02 -6.449065242463452772e-05 -1.288562948830669004e-07
3.029060483870967460e+02 -6.438612188833129984e-05 -1.279846196630785787e-07
3.030310483870967460e+02 -6.428166706119039999e-05 -1.271187920136155002e-07
3.031560483870967460e+02 -6.417728820411234159e-05 -1.262587731126953675e-07
3.032810483870967460e+02 -6.407298557691580760e-05 -1.254045243927026565e-07
3.034060483870967460e+02 -6.396875943833679669e-05 -1.245560075387534195e-07
3.035310483870967460e+02 -6.386461004603262122e-05 -1.237131844870647994e-07
3.036560483870967460e+02 -6.376053765657334208e-05 -1.228760174233375942e-07
3.037810483870967460e+02 -6.365654252544880240e-05 -1.220444687811488530e-07
3.039060483870967460e+02 -6.355262490706258319e-05 -1.212185012403522276e-07
3.040310483870967460e+02 -6.344878505473376510e-05 -1.203980777254934389e-07
3.041560483870967460e+02 -6.334502322069958478e-05 -1.195831614042306397e-07
3.042810483870967460e+02 -6.324133965610785895e-05 -1.187737156857670066e-07
3.044060483870967460e+02 -6.313773461102354387e-05 -1.179697042192938805e-07
3.045310483870967460e+02 -6.303420833442370736e-05 -1.171710908924405370e-07
3.046560483870967460e+02 -6.293076107419888401e-05 -1.163778398297389795e-07
3.047810483870967460e+02 -6.282739307715299389e-05 -1.155899153910936281e-07
3.049060483870967460e+02 -6.272410458900396597e-05 -1.148072821702629605e-07
3.050310483870967460e+02 -6.262089585438082432e-05 -1.140299049933506413e-07
3.051560483870967460e+02 -6.251776711682507047e-05 -1.132577489173040511e-07
3.052810483870967460e+02 -6.241471861879004644e-05 -1.124907792284268033e-07
3.054060483870967460e+02 -6.231175060164073143e-05 -1.117289614408960924e-07
3.055310483870967460e+02 -6.220886330565542240e-05 -1.109722612952919013e-07
3.056560483870967460e+02 -6.210605697002249492e-05 -1.102206447571334731e-07
3.057810483870967460e+02 -6.200333183284118931e-05 -1.094740780154287546e-07
3.059060483870967460e+02 -6.190068813112280320e-05 -1.087325274812289077e-07
3.060310483870967460e+02 -6.179812610078932273e-05 -1.079959597861942035e-07
3.061560483870967460e+02 -6.169564597667549614e-05 -1.072643417811688098e-07
3.062810483870967460e+02 -6.159324799252459176e-05 -1.065376405347627255e-07
3.064060483870967460e+02 -6.149093238099272130e-05 -1.058158233319464739e-07
3.065310483870967460e+02 -6.138869937364592607e-05 -1.050988576726510759e-07
3.066560483870967460e+02 -6.128654920096318561e-05 -1.043867112703784134e-07
3.067810483870967460e+02 -6.118448209233195891e-05 -1.036793520508207770e-07
3.069060483870967460e+02 -6.108249827605394429e-05 -1.029767481504868069e-07
3.070310483870967460e+02 -6.098059797934081704e-05 -1.022788679153405357e-07
3.071560483870967460e+02 -6.087878142831502909e-05 -1.015856798994445609e-07
3.072810483870967460e+02 -6.077704884801244495e-05 -1.008971528636147709e-07
3.074060483870967460e+02 -6.067540046237875030e-05 -1.002132557740806571e-07
3.075310483870967460e+02 -6.057383649427414791e-05 -9.953395780115863475e-08
3.076560483870967460e+02 -6.047235716546987469e-05 -9.885922831792912356e-08
3.077810483870967460e+02 -6.037096269664910968e-05 -9.818903689892474477e-08
3.079060483870967460e+02 -6.026965330740902046e-05 -9.752335331882626111e-08
3.080310483870967460e+02 -6.016842921625878453e-05 -9.686214755116505473e-08
3.081560483870967460e+02 -6.006729064062295032e-05 -9.620538976703776784e-08
3.082810483870967460e+02 -5.996623779683823199e-05 -9.555305033382519191e-08
3.084060483870967460e+02 -5.986527090015542714e-05 -9.490509981392110944e-08
3.085310483870967460e+02 -5.976439016474104310e-05 -9.426150896346928838e-08
3.086560483870967460e+02 -5.966359580367524375e-05 -9.362224873110663089e-08
3.087810483870967460e+02 -5.956288802895362485e-05 -9.298729025671795544e-08
3.089060483870967460e+02 -5.946226705149008722e-05 -9.235660487019498768e-08
3.090310483870967460e+02 -5.936173308111153093e-05 -9.173016409020522454e-08
3.091560483870967460e+02 -5.926128632656345920e-05 -9.110793962296842157e-08
3.092810483870967460e+02 -5.916092699550788464e-05 -9.048990336103904931e-08
3.094060483870967460e+02 -5.906065529452420330e-05 -8.987602738210029036e-08
3.095310483870967460e+02 -5.896047142911271837e-05 -8.926628394776182174e-08
3.096560483870967460e+02 -5.886037560368963251e-05 -8.866064550236776160e-08
3.097810483870967460e+02 -5.876036802159238754e-05 -8.805908467180947309e-08
3.099060483870967460e+02 -5.866044888507771291e-05 -8.746157426235014739e-08
3.100310483870967460e+02 -5.856061839532287247e-05 -8.686808725945290711e-08
3.101560483870967460e+02 -5.846087675242750767e-05 -8.627859682661817419e-08
3.102810483870967460e+02 -5.836122415541343425e-05 -8.569307630422840960e-08
3.104060483870967460e+02 -5.826166080222454059e-05 -8.511149920839867635e-08
3.105310483870967460e+02 -5.816218688972804812e-05 -8.453383922983779053e-08
3.106560483870967460e+02 -5.806280261371522957e-05 -8.396007023271312508e-08
3.107810483870967460e+02 -5.796350816890250674e-05 -8.339016625352481031e-08
3.109060483870967460e+02 -5.786430374893358503e-05 -8.282410149998668434e-08
3.110310483870967460e+02 -5.776518954637606531e-05 -8.226185034991285500e-08
3.111560483870967460e+02 -5.766616575272647866e-05 -8.170338735011462474e-08
3.112810483870967460e+02 -5.756723255840845004e-05 -8.114868721530130655e-08
3.114060483870967460e+02 -5.746839015277461593e-05 -8.059772482698940431e-08
3.115310483870967460e+02 -5.736963872410932131e-05 -8.005047523241887389e-08
3.116560483870967460e+02 -5.727097845962468944e-05 -7.950691364347481050e-08
3.117810483870967460e+02 -5.717240954546651716e-05 -7.896701543561910185e-08
3.119060483870967460e+02 -5.707393216671134760e-05 -7.843075614682556224e-08
3.120310483870967460e+02 -5.697554650737075274e-05 -7.789811147652400005e-08
3.121560483870967460e+02 -5.687725275038856872e-05 -7.736905728454902341e-08
3.122810483870967460e+02 -5.677905107764660142e-05 -7.684356959009861319e-08
3.124060483870967460e+02 -5.668094166996096055e-05 -7.632162457069626939e-08
3.125310483870967460e+02 -5.658292470708510893e-05 -7.580319856116152204e-08
3.126560483870967460e+02 -5.648500036771130585e-05 -7.528826805258667566e-08
3.127810483870967460e+02 -5.638716882947021402e-05 -7.477680969131878155e-08
3.129060483870967460e+02 -5.628943026893393540e-05 -7.426880027795108624e-08
3.130310483870967460e+02 -5.619178486161584171e-05 -7.376421676631789459e-08
3.131560483870967460e+02 -5.609423278197043898e-05 -7.326303626249729429e-08
3.132810483870967460e+02 -5.599677420339729095e-05 -7.276523602382036564e-08
3.134060483870967460e+02 -5.589940929823866098e-05 -7.227079345788527481e-08
3.135310483870967460e+02 -5.580213823778481104e-05 -7.177968612158032730e-08
3.136560483870967460e+02 -5.570496119227196885e-05 -7.129189172011066084e-08
3.137810483870967460e+02 -5.560787833088344598e-05 -7.080738810603272051e-08
3.139060483870967460e+02 -5.551088982175339190e-05 -7.032615327829324692e-08
3.140310483870967460e+02 -5.541399583196484913e-05 -6.984816538127717145e-08
3.141560483870967460e+02 -5.531719652755228767e-05 -6.937340270385899232e-08
3.142810483870967460e+02 -5.522049207350541994e-05 -6.890184367846125775e-08
3.144060483870967460e+02 -5.512388263376533158e-05 -6.843346688011944158e-08
3.145310483870967460e+02 -5.502736837122969917e-05 -6.796825102555122612e-08
3.146560483870967460e+02 -5.493094944775218035e-05 -6.750617497223442739e-08
3.147810483870967460e+02 -5.483462602414327443e-05 -6.704721771748826874e-08
3.149060483870967460e+02 -5.473839826017545200e-05 -6.659135839756176168e-08
3.150310483870967460e+02 -5.464226631457834378e-05 -6.613857628672789678e-08
3.151560483870967460e+02 -5.454623034504544238e-05 -6.568885079638259909e-08
3.152810483870967460e+02 -5.445029050823204227e-05 -6.524216147415153199e-08
3.154060483870967460e+02 -5.435444695975733367e-05 -6.479848800300054043e-08
3.155310483870967460e+02 -5.425869985420859028e-05 -6.435781020035283094e-08
3.156560483870967460e+02 -5.416304934513753721e-05 -6.392010801721185571e-08
3.157810483870967460e+02 -5.406749558506552801e-05 -6.348536153728843195e-08
3.159060483870967460e+02 -5.397203872548391064e-05 -6.305355097613633149e-08
3.160310483870967460e+02 -5.387667891685446789e-05 -6.262465668029039832e-08
3.161560483870967460e+02 -5.378141630861188395e-05 -6.219865912641211733e-08
3.162810483870967460e+02 -5.368625104916631939e-05 -6.177553892043892852e-08
3.164060483870967460e+02 -5.359118328590147315e-05 -6.135527679674153511e-08
3.165310483870967460e+02 -5.349621316517906843e-05 -6.093785361728426889e-08
3.166560483870967460e+02 -5.340134083233917116e-05 -6.052325037079167599e-08
3.167810483870967460e+02 -5.330656643170134199e-05 -6.011144817192111125e-08
3.169060483870967460e+02 -5.321189010656848518e-05 -5.970242826043877370e-08
3.170310483870967460e+02 -5.311731199922360279e-05 -5.929617200040377559e-08
3.171560483870967460e+02 -5.302283225093585266e-05 -5.889266087935503712e-08
3.172810483870967460e+02 -5.292845100196110403e-05 -5.849187650750450075e-08
3.174060483870967460e+02 -5.283416839154051457e-05 -5.809380061693558658e-08
3.175310483870967460e+02 -5.273998455790570742e-05 -5.769841506080553878e-08
3.176560483870967460e+02 -5.264589963828068212e-05 -5.730570181255536887e-08
3.177810483870967460e+02 -5.255191376887807407e-05 -5.691564296512243928e-08
3.179060483870967460e+02 -5.245802708490719120e-05 -5.652822073015929387e-08
3.180310483870967460e+02 -5.236423972057221830e-05 -5.614341743725749783e-08
3.181560483870967460e+02 -5.227055180907249477e-05 -5.576121553317534210e-08
3.182810483870967460e+02 -5.217696348260938581e-05 -5.538159758107276091e-08
3.184060483870967460e+02 -5.208347487238211500e-05 -5.500454625974888963e-08
3.185310483870967460e+02 -5.199008610859302945e-05 -5.463004436288593562e-08
3.186560483870967460e+02 -5.189679732044696285e-05 -5.425807479829660273e-08
3.187810483870967460e+02 -5.180360863615460324e-05 -5.388862058717830527e-08
3.189060483870967460e+02 -5.171052018293537973e-05 -5.352166486337039948e-08
3.190310483870967460e+02 -5.161753208701420312e-05 -5.315719087261692741e-08
3.191560483870967460e+02 -5.152464447362846574e-05 -5.279518197183422457e-08
3.192810483870967460e+02 -5.143185746702749262e-05 -5.243562162838229957e-08
3.194060483870967460e+02 -5.133917119047327329e-05 -5.207849341934277158e-08
3.195310483870967460e+02 -5.124658576624389059e-05 -5.172378103079959379e-08
3.196560483870967460e+02 -5.115410131563593980e-05 -5.137146825712527599e-08
3.197810483870967460e+02 -5.106171795896391875e-05 -5.102153900027177233e-08
3.199060483870967460e+02 -5.096943581556206423e-05 -5.067397726906497575e-08
3.200310483870967460e+02 -5.087725500378884459e-05 -5.032876717850557162e-08
3.201560483870967460e+02 -5.078517564102629574e-05 -4.998589294907269730e-08
3.202810483870967460e+02 -5.069319784368283324e-05 -4.964533890603302792e-08
3.204060483870967460e+02 -5.060132172719453982e-05 -4.930708947875315110e-08
3.205310483870967460e+02 -5.050954740602767260e-05 -4.897112920001857887e-08
3.206560483870967460e+02 -5.041787499367858175e-05 -4.863744270535481113e-08
3.207810483870967460e+02 -5.032630460267837258e-05 -4.830601473235408337e-08
3.209060483870967460e+02 -5.023483634459364414e-05 -4.797683012000625036e-08
3.210310483870967460e+02 -5.014347033002728885e-05 -4.764987380803314400e-08
3.211560483870967460e+02 -5.005220666862026106e-05 -4.732513083622909198e-08
3.212810483870967460e+02 -4.996104546905547343e-05 -4.700258634380369301e-08
3.214060483870967460e+02 -4.986998683905835935e-05 -4.668222556872993894e-08
3.215310483870967460e+02 -4.977903088539738794e-05 -4.636403384709649264e-08
3.216560483870967460e+02 -4.968817771388976966e-05 -4.604799661246310916e-08
3.217810483870967460e+02 -4.959742742939962672e-05 -4.573409939522217139e-08
3.219060483870967460e+02 -4.950678013584039868e-05 -4.542232782196252203e-08
3.220310483870967460e+02 -4.941623593617869807e-05 -4.511266761483823213e-08
3.221560483870967460e+02 -4.932579493243464253e-05 -4.480510459094147243e-08
3.222810483870967460e+02 -4.923545722568591369e-05 -4.449962466167864053e-08
3.224060483870967460e+02 -4.914522291606491800e-05 -4.419621383215207977e-08
3.225310483870967460e+02 -4.905509210276604406e-05 -4.389485820054425980e-08
3.226560483870967460e+02 -4.896506488404538479e-05 -4.359554395750678131e-08
3.227810483870967460e+02 -4.887514135722033766e-05 -4.329825738555247102e-08
3.229060483870967460e+02 -4.878532161867749225e-05 -4.300298485845300232e-08
3.230310483870967460e+02 -4.869560576386920822e-05 -4.270971284063872611e-08
3.231560483870967460e+02 -4.860599388731644103e-05 -4.241842788660323308e-08
3.232810483870967460e+02 -4.851648608261303810e-05 -4.212911664031180048e-08
3.234060483870967460e+02 -4.842708244242666034e-05 -4.184176583461279025e-08
3.235310483870967460e+02 -4.833778305849841629e-05 -4.155636229065444035e-08
3.236560483870967460e+02 -4.824858802165003135e-05 -4.127289291730397884e-08
3.237810483870967460e+02 -4.815949742178057488e-05 -4.099134471057111870e-08
3.239060483870967460e+02 -4.807051134787169148e-05 -4.071170475303536429e-08
3.240310483870967460e+02 -4.798162988798751287e-05 -4.043396021327620963e-08
3.241560483870967460e+02 -4.789285312927833065e-05 -4.015809834530865054e-08
3.242810483870967460e+02 -4.780418115798374724e-05 -3.988410648802062234e-08
3.244060483870967460e+02 -4.771561405943026355e-05 -3.961197206461526843e-08
3.245310483870967460e+02 -4.762715191803787229e-05 -3.934168258205568369e-08
3.246560483870967460e+02 -4.753879481732031543e-05 -3.907322563051483937e-08
3.247810483870967460e+02 -4.745054283988607357e-05 -3.880658888282760574e-08
3.249060483870967460e+02 -4.736239606744223519e-05 -3.854176009394698336e-08
3.250310483870967460e+02 -4.727435458079703095e-05 -3.827872710040396743e-08
3.251560483870967460e+02 -4.718641845985975915e-05 -3.801747781977001931e-08
3.252810483870967460e+02 -4.709858778364275087e-05 -3.775800025012467326e-08
3.254060483870967460e+02 -4.701086263026639116e-05 -3.750028246952498277e-08
3.255310483870967460e+02 -4.692324307695863793e-05 -3.724431263547921534e-08
3.256560483870967460e+02 -4.683572920005789510e-05 -3.699007898442388902e-08
3.257810483870967460e+02 -4.674832107501556046e-05 -3.673756983120353539e-08
3.259060483870967460e+02 -4.666101877639769940e-05 -3.648677356855533952e-08
3.260310483870967460e+02 -4.657382237788591230e-05 -3.623767866659537484e-08
3.261560483870967460e+02 -4.648673195228173230e-05 -3.599027367230937087e-08
3.262810483870967460e+02 -4.639974757150840069e-05 -3.574454720904637942e-08
3.264060483870967460e+02 -4.631286930661182913e-05 -3.550048797601518706e-08
3.265310483870967460e+02 -4.622609722776203624e-05 -3.525808474778535975e-08
3.266560483870967460e+02 -4.613943140425791806e-05 -3.501732637379018670e-08
3.267810483870967460e+02 -4.605287190452778340e-05 -3.477820177783359472e-08
3.269060483870967460e+02 -4.596641879613045837e-05 -3.454069995759946466e-08
3.270310483870967460e+02 -4.588007214576058539e-05 -3.430480998416558010e-08
3.271560483870967460e+02 -4.579383201924812179e-05 -3.407052100151923035e-08
3.272810483870967460e+02 -4.570769848156019645e-05 -3.383782222607673768e-08
3.274060483870967460e+02 -4.562167159680550766e-05 -3.360670294620610126e-08
3.275310483870967460e+02 -4.553575142823521754e-05 -3.337715252175199700e-08
3.276560483870967460e+02 -4.544993803824493072e-05 -3.314916038356527061e-08
3.277810483870967460e+02 -4.536423148837709314e-05 -3.292271603303411143e-08
3.279060483870967460e+02 -4.527863183932389230e-05 -3.269780904161895198e-08
3.280310483870967460e+02 -4.519313915092855151e-05 -3.247442905039041810e-08
3.281560483870967460e+02 -4.510775348218648865e-05 -3.225256576956956208e-08
3.282810483870967460e+02 -4.502247489125119117e-05 -3.203220897807244353e-08
3.284060483870967460e+02 -4.493730343543271175e-05 -3.181334852305633804e-08
3.285310483870967460e+02 -4.485223917120083288e-05 -3.159597431946957233e-08
3.286560483870967460e+02 -4.476728215418836004e-05 -3.138007634960419153e-08
3.287810483870967460e+02 -4.468243243919287002e-05 -3.116564466265112131e-08
3.289060483870967460e+02 -4.459769008017711749e-05 -3.095266937425919461e-08
3.290310483870967460e+02 -4.451305513027500492e-05 -3.074114066609599814e-08
3.291560483870967460e+02 -4.442852764179017980e-05 -3.053104878541226580e-08
3.292810483870967460e+02 -4.434410766620068328e-05 -3.032238404460833682e-08
3.294060483870967460e+02 -4.425979525415862481e-05 -3.011513682080469679e-08
3.295310483870967460e+02 -4.417559045549510852e-05 -2.990929755541404739e-08
3.296560483870967460e+02 -4.409149331922230001e-05 -2.970485675371687004e-08
3.297810483870967460e+02 -4.400750389353240985e-05 -2.950180498443958037e-08
3.299060483870967460e+02 -4.392362222580388715e-05 -2.930013287933503512e-08
3.300310483870967460e+02 -4.383984836260211066e-05 -2.909983113276677798e-08
3.301560483870967460e+02 -4.375618234967974124e-05 -2.890089050129491653e-08
3.302810483870967460e+02 -4.367262423198316597e-05 -2.870330180326522855e-08
3.304060483870967460e+02 -4.358917405365104135e-05 -2.850705591840101791e-08
3.305310483870967460e+02 -4.350583185801815573e-05 -2.831214378739695229e-08
3.306560483870967460e+02 -4.342259768761685230e-05 -2.811855641151677221e-08
3.307810483870967460e+02 -4.333947158418062056e-05 -2.792628485219242934e-08
3.309060483870967460e+02 -4.325645358864509241e-05 -2.773532023062655014e-08
3.310310483870967460e+02 -4.317354374115111177e-05 -2.754565372739682515e-08
3.311560483870967460e+02 -4.309074208104651002e-05 -2.735727658206400477e-08
3.312810483870967460e+02 -4.300804864688867414e-05 -2.717018009278148326e-08
3.314060483870967460e+02 -4.292546347644620694e-05 -2.698435561590786058e-08
3.315310483870967460e+02 -4.284298660670184762e-05 -2.679979456562208503e-08
3.316560483870967460e+02 -4.276061807385554816e-05 -2.661648841354055132e-08
3.317810483870967460e+02 -4.267835791332499516e-05 -2.643442868833774234e-08
3.319060483870967460e+02 -4.259620615974806955e-05 -2.625360697536836643e-08
3.320310483870967460e+02 -4.251416284698664134e-05 -2.607401491629234344e-08
3.321560483870967460e+02 -4.243222800812822303e-05 -2.589564420870239812e-08
3.322810483870967460e+02 -4.235040167548630841e-05 -2.571848660575343689e-08
3.324060483870967460e+02 -4.226868388060659994e-05 -2.554253391579546161e-08
3.325310483870967460e+02 -4.218707465426601943e-05 -2.536777800200778700e-08
3.326560483870967460e+02 -4.210557402647505261e-05 -2.519421078203618962e-08
3.327810483870967460e+02 -4.202418202648246546e-05 -2.502182422763241921e-08
3.329060483870967460e+02 -4.194289868277551418e-05 -2.485061036429556962e-08
3.330310483870967460e+02 -4.186172402308296073e-05 -2.468056127091679146e-08
3.331560483870967460e+02 -4.178065807437725471e-05 -2.451166907942528198e-08
3.332810483870967460e+02 -4.169970086287679668e-05 -2.434392597443725277e-08
3.334060483870967460e+02 -4.161885241404866896e-05 -2.417732419290656508e-08
3.335310483870967460e+02 -4.153811275260938782e-05 -2.401185602377862090e-08
3.336560483870967460e+02 -4.145748190253014829e-05 -2.384751380764553451e-08
3.337810483870967460e+02 -4.137695988703651249e-05 -2.368428993640405361e-08
3.339060483870967460e+02 -4.129654672861071349e-05 -2.352217685291575682e-08
3.340310483870967460e+02 -4.121624244899607350e-05 -2.336116705066890889e-08
3.341560483870967460e+02 -4.113604706919770856e-05 -2.320125307344352530e-08
3.342810483870967460e+02 -4.105596060948419555e-05 -2.304242751497770087e-08
3.344060483870967460e+02 -4.097598308939265431e-05 -2.288468301863653899e-08
3.345310483870967460e+02 -4.089611452772791422e-05 -2.272801227708330098e-08
3.346560483870967460e+02 -4.081635494256691200e-05 -2.257240803195216023e-08
3.347810483870967460e+02 -4.073670435125912535e-05 -2.241786307352412937e-08
3.349060483870967460e+02 -4.065716277043088266e-05 -2.226437024040409256e-08
3.350310483870967460e+02 -4.057773021598768732e-05 -2.211192241920046822e-08
3.351560483870967460e+02 -4.049840670311364844e-05 -2.196051254420691324e-08
3.352810483870967460e+02 -4.041919224627711198e-05 -2.181013359708573449e-08
3.354060483870967460e+02 -4.034008685923166362e-05 -2.166077860655418885e-08
3.355310483870967460e+02 -4.026109055501702998e-05 -2.151244064807196442e-08
3.356560483870967460e+02 -4.018220334596507565e-05 -2.136511284353129224e-08
3.357810483870967460e+02 -4.010342524369821753e-05 -2.121878836094852700e-08
3.359060483870967460e+02 -4.002475625913405979e-05 -2.107346041415856006e-08
3.360310483870967460e+02 -3.994619640248615959e-05 -2.092912226251046662e-08
3.361560483870967460e+02 -3.986774568326796408e-05 -2.078576721056550539e-08
3.362810483870967460e+02 -3.978940411029411824e-05 -2.064338860779711339e-08
3.364060483870967460e+02 -3.971117169168311440e-05 -2.050197984829246917e-08
3.365310483870967460e+02 -3.963304843485946060e-05 -2.036153437045683854e-08
3.366560483870967460e+02 -3.955503434655620819e-05 -2.022204565671895603e-08
3.367810483870967460e+02 -3.947712943281616476e-05 -2.008350723323887131e-08
3.369060483870967460e+02 -3.939933369899590568e-05 -1.994591266961761874e-08
3.370310483870967460e+02 -3.932164714976826099e-05 -1.980925557860843205e-08
3.371560483870967460e+02 -3.924406978912169200e-05 -1.967352961583057953e-08
3.372810483870967460e+02 -3.916660162036591559e-05 -1.953872847948440370e-08
3.374060483870967460e+02 -3.908924264613255470e-05 -1.940484591006859750e-08
3.375310483870967460e+02 -3.901199286837811990e-05 -1.927187569009889345e-08
3.376560483870967460e+02 -3.893485228838470061e-05 -1.913981164382941958e-08
3.377810483870967460e+02 -3.885782090676564353e-05 -1.900864763697501492e-08
3.379060483870967460e+02 -3.878089872346468536e-05 -1.887837757643584446e-08
3.380310483870967460e+02 -3.870408573775877166e-05 -1.874899541002377783e-08
3.381560483870967460e+02 -3.862738194826190581e-05 -1.862049512619018392e-08
3.382810483870967460e+02 -3.855078735292628741e-05 -1.849287075375627006e-08
3.384060483870967460e+02 -3.847430194904467719e-05 -1.836611636164441704e-08
3.385310483870967460e+02 -3.839792573325320237e-05 -1.824022605861173762e-08
3.386560483870967460e+02 -3.832165870153305754e-05 -1.811519399298523979e-08
3.387810483870967460e+02 -3.824550084921350652e-05 -1.799101435239849212e-08
3.389060483870967460e+02 -3.816945217097264130e-05 -1.786768136353066486e-08
3.390310483870967460e+02 -3.809351266084242359e-05 -1.774518929184660995e-08
3.391560483870967460e+02 -3.801768231220879323e-05 -1.762353244133898906e-08
3.392810483870967460e+02 -3.794196111781381628e-05 -1.750270515427205941e-08
3.394060483870967460e+02 -3.786634906975955425e-05 -1.738270181092687237e-08
3.395310483870967460e+02 -3.779084615950975139e-05 -1.726351682934874509e-08
3.396560483870967460e+02 -3.771545237789055300e-05 -1.714514466509577780e-08
3.397810483870967460e+02 -3.764016771509610937e-05 -1.702757981098938931e-08
3.399060483870967460e+02 -3.756499216068776942e-05 -1.691081679686610335e-08
3.400310483870967460e+02 -3.748992570359811256e-05 -1.679485018933166079e-08
3.401560483870967460e+02 -3.741496833213186352e-05 -1.667967459151598231e-08
3.402810483870967460e+02 -3.734012003396937530e-05 -1.656528464283022544e-08
3.404060483870967460e+02 -3.726538079616980052e-05 -1.645167501872531069e-08
3.405310483870967460e+02 -3.719075060517008848e-05 -1.633884043045175793e-08
3.406560483870967460e+02 -3.711622944679077889e-05 -1.622677562482175285e-08
3.407810483870967460e+02 -3.704181730623661852e-05 -1.611547538397213656e-08
3.409060483870967460e+02 -3.696751416809808584e-05 -1.600493452512923814e-08
3.410310483870967460e+02 -3.689332001635620893e-05 -1.589514790037530530e-08
3.411560483870967460e+02 -3.681923483438229449e-05 -1.578611039641612286e-08
3.412810483870967460e+02 -3.674525860494183766e-05 -1.567781693435077865e-08
3.414060483870967460e+02 -3.667139131019526749e-05 -1.557026246944235908e-08
3.415310483870967460e+02 -3.659763293170195843e-05 -1.546344199089046787e-08
3.416560483870967460e+02 -3.652398345042153139e-05 -1.535735052160495906e-08
3.417810483870967460e+02 -3.645044284671617802e-05 -1.525198311798166187e-08
3.419060483870967460e+02 -3.637701110035312046e-05 -1.514733486967905520e-08
3.420310483870967460e+02 -3.630368819050726765e-05 -1.504340089939669236e-08
3.421560483870967460e+02 -3.623047409576187264e-05 -1.494017636265506853e-08
3.422810483870967460e+02 -3.615736879411275418e-05 -1.483765644757664280e-08
3.424060483870967460e+02 -3.608437226297057357e-05 -1.473583637466892173e-08
3.425310483870967460e+02 -3.601148447916057712e-05 -1.463471139660835005e-08
3.426560483870967460e+02 -3.593870541892771905e-05 -1.453427679802593533e-08
3.427810483870967460e+02 -3.586603505793769825e-05 -1.443452789529425877e-08
3.429060483870967460e+02 -3.579347337127911988e-05 -1.433546003631564926e-08
3.430310483870967460e+02 -3.572102033346594841e-05 -1.423706860031228126e-08
3.431560483870967460e+02 -3.564867591843983184e-05 -1.413934899761708671e-08
3.432810483870967460e+02 -3.557644009957247345e-05 -1.404229666946636764e-08
3.434060483870967460e+02 -3.550431284966710220e-05 -1.394590708779372892e-08
3.435310483870967460e+02 -3.543229414096191508e-05 -1.385017575502513269e-08
3.436560483870967460e+02 -3.536038394513150692e-05 -1.375509820387580071e-08
3.437810483870967460e+02 -3.528858223328934371e-05 -1.366066999714797362e-08
3.439060483870967460e+02 -3.521688897599003945e-05 -1.356688672753027505e-08
3.440310483870967460e+02 -3.514530414323146351e-05 -1.347374401739810293e-08
3.441560483870967460e+02 -3.507382770445750542e-05 -1.338123751861585399e-08
3.442810483870967460e+02 -3.500245962855865758e-05 -1.328936291233996702e-08
3.444060483870967460e+02 -3.493119988387711100e-05 -1.319811590882344528e-08
3.445310483870967460e+02 -3.486004843820657918e-05 -1.310749224722174691e-08
3.446560483870967460e+02 -3.478900525879464941e-05 -1.301748769539965486e-08
3.447810483870967460e+02 -3.471807031234661138e-05 -1.292809804973996156e-08
3.449060483870967460e+02 -3.464724356502667691e-05 -1.283931913495285841e-08
3.450310483870967460e+02 -3.457652498245917936e-05 -1.275114680388690016e-08
3.451560483870967460e+02 -3.450591452973331022e-05 -1.266357693734115390e-08
3.452810483870967460e+02 -3.443541217140305135e-05 -1.257660544387839844e-08
3.454060483870967460e+02 -3.436501787149059023e-05 -1.249022825964000634e-08
3.455310483870967460e+02 -3.429473159348754644e-05 -1.240444134816155535e-08
3.456560483870967460e+02 -3.422455330035817687e-05 -1.231924070018995041e-08
3.457810483870967460e+02 -3.415448295454197775e-05 -1.223462233350167218e-08
3.459060483870967460e+02 -3.408452051795367793e-05 -1.215058229272209268e-08
3.460310483870967460e+02 -3.401466595198783315e-05 -1.206711664914634936e-08
3.461560483870967460e+02 -3.394491921752006613e-05 -1.198422150056100161e-08
3.462810483870967460e+02 -3.387528027490836757e-05 -1.190189297106712331e-08
3.464060483870967460e+02 -3.380574908399760239e-05 -1.182012721090428210e-08
3.465310483870967460e+02 -3.373632560411943520e-05 -1.173892039627614492e-08
3.466560483870967460e+02 -3.366700979409507466e-05 -1.165826872917678989e-08
3.467810483870967460e+02 -3.359780161223843123e-05 -1.157816843721837153e-08
3.469060483870967460e+02 -3.352870101635718785e-05 -1.149861577345994070e-08
3.470310483870967460e+02 -3.345970796375577467e-05 -1.141960701623716282e-08
3.471560483870967460e+02 -3.339082241123687340e-05 -1.134113846899362270e-08
3.472810483870967460e+02 -3.332204431510397199e-05 -1.126320646011277116e-08
3.474060483870967460e+02 -3.325337363116383791e-05 -1.118580734275123333e-08
3.475310483870967460e+02 -3.318481031472733135e-05 -1.110893749467319542e-08
3.476560483870967460e+02 -3.311635432061330834e-05 -1.103259331808570322e-08
3.477810483870967460e+02 -3.304800560315058583e-05 -1.095677123947541957e-08
3.479060483870967460e+02 -3.297976411617811114e-05 -1.088146770944611489e-08
3.480310483870967460e+02 -3.291162981304944783e-05 -1.080667920255740165e-08
3.481560483870967460e+02 -3.284360264663388701e-05 -1.073240221716436224e-08
3.482810483870967460e+02 -3.277568256931864284e-05 -1.065863327525858477e-08
3.484060483870967460e+02 -3.270786953301127844e-05 -1.058536892230989355e-08
3.485310483870967460e+02 -3.264016348914131863e-05 -1.051260572710929902e-08
3.486560483870967460e+02 -3.257256438866319086e-05 -1.044034028161298147e-08
3.487810483870967460e+02 -3.250507218205718062e-05 -1.036856920078714182e-08
3.489060483870967460e+02 -3.243768681933290770e-05 -1.029728912245425018e-08
3.490310483870967460e+02 -3.237040825003059333e-05 -1.022649670713990332e-08
3.491560483870967460e+02 -3.230323642322352674e-05 -1.015618863792092785e-08
3.492810483870967460e+02 -3.223617128752003706e-05 -1.008636162027447102e-08
3.494060483870967460e+02 -3.216921279106560753e-05 -1.001701238192789557e-08
3.495310483870967460e+02 -3.210236088154525393e-05 -9.948137672710052652e-09
3.496560483870967460e+02 -3.203561550618452749e-05 -9.879734264403145387e-09
3.497810483870967460e+02 -3.196897661175408209e-05 -9.811798950595811627e-09
3.499060483870967460e+02 -3.190244414456932869e-05 -9.744328546537110055e-09
3.500310483870967460e+02 -3.183601805049298317e-05 -9.677319888991338403e-09
3.501560483870967460e+02 -3.176969827493836637e-05 -9.610769836094165235e-09
3.502810483870967460e+02 -3.170348476287054254e-05 -9.544675267209357299e-09
3.504060483870967460e+02 -3.163737745880859615e-05 -9.479033082786645091e-09
3.505310483870967460e+02 -3.157137630682773250e-05 -9.413840204220354371e-09
3.506560483870967460e+02 -3.150548125056143938e-05 -9.349093573709298314e-09
3.507810483870967460e+02 -3.143969223320357417e-05 -9.284790154117276811e-09
3.509060483870967460e+02 -3.137400919750994266e-05 -9.220926928834627935e-09
3.510310483870967460e+02 -3.130843208580103671e-05 -9.157500901640757148e-09
3.511560483870967460e+02 -3.124296083996464310e-05 -9.094509096567349745e-09
3.512810483870967460e+02 -3.117759540145586384e-05 -9.031948557762878677e-09
3.514060483870967460e+02 -3.111233571130130390e-05 -8.969816349357623555e-09
3.515310483870967460e+02 -3.104718171010025033e-05 -8.908109555329799748e-09
3.516560483870967460e+02 -3.098213333802598001e-05 -8.846825279372544429e-09
3.517810483870967460e+02 -3.091719053482983899e-05 -8.785960644761622268e-09
3.519060483870967460e+02 -3.085235323984143903e-05 -8.725512794224360322e-09
3.520310483870967460e+02 -3.078762139197094793e-05 -8.665478889809097428e-09
3.521560483870967460e+02 -3.072299492971208466e-05 -8.605856112755677493e-09
3.522810483870967460e+02 -3.065847379114340686e-05 -8.546641663366788172e-09
3.524060483870967460e+02 -3.059405791393054021e-05 -8.487832760880017532e-09
3.525310483870967460e+02 -3.052974723532810291e-05 -8.429426643341052226e-09
3.526560483870967460e+02 -3.046554169218202991e-05 -8.371420567477411685e-09
3.527810483870967460e+02 -3.040144122093141270e-05 -8.313811808573217932e-09
3.529060483870967460e+02 -3.033744575760992908e-05 -8.256597660344585786e-09
3.530310483870967460e+02 -3.027355523784889925e-05 -8.199775434816177742e-09
3.531560483870967460e+02 -3.020976959687940341e-05 -8.143342462198243566e-09
3.532810483870967460e+02 -3.014608876953245116e-05 -8.087296090764664096e-09
3.534060483870967460e+02 -3.008251269024326410e-05 -8.031633686731746123e-09
3.535310483870967460e+02 -3.001904129305185519e-05 -7.976352634137745191e-09
3.536560483870967460e+02 -2.995567451160554274e-05 -7.921450334723433943e-09
3.537810483870967460e+02 -2.989241227916084780e-05 -7.866924207813186647e-09
3.539060483870967460e+02 -2.982925452858542874e-05 -7.812771690196986838e-09
3.540310483870967460e+02 -2.976620119236037166e-05 -7.758990236013248911e-09
3.541560483870967460e+02 -2.970325220258135588e-05 -7.705577316632233639e-09
3.542810483870967460e+02 -2.964040749096172360e-05 -7.652530420540560515e-09
3.544060483870967460e+02 -2.957766698883378435e-05 -7.599847053226181678e-09
3.545310483870967460e+02 -2.951503062715089864e-05 -7.547524737064290543e-09
3.546560483870967460e+02 -2.945249833648944313e-05 -7.495561011203834271e-09
3.547810483870967460e+02 -2.939007004705100951e-05 -7.443953431455046991e-09
3.549060483870967460e+02 -2.932774568866409516e-05 -7.392699570177448716e-09
3.550310483870967460e+02 -2.926552519078553296e-05 -7.341797016168746710e-09
3.551560483870967460e+02 -2.920340848250408948e-05 -7.291243374554450724e-09
3.552810483870967460e+02 -2.914139549254084785e-05 -7.241036266678106124e-09
3.554060483870967460e+02 -2.907948614925121012e-05 -7.191173329992517160e-09
3.555310483870967460e+02 -2.901768038062800081e-05 -7.141652217951428491e-09
3.556560483870967460e+02 -2.895597811430238172e-05 -7.092470599902052095e-09
3.557810483870967460e+02 -2.889437927754613208e-05 -7.043626160978323738e-09
3.559060483870967460e+02 -2.883288379727347485e-05 -6.995116601994722768e-09
3.560310483870967460e+02 -2.877149160004332972e-05 -6.946939639341069630e-09
3.561560483870967460e+02 -2.871020261206033643e-05 -6.899093004877759303e-09
3.562810483870967460e+02 -2.864901675917804630e-05 -6.851574445831829366e-09
3.564060483870967460e+02 -2.858793396689974898e-05 -6.804381724693694772e-09
3.565310483870967460e+02 -2.852695416038154890e-05 -6.757512619114471569e-09
3.566560483870967460e+02 -2.846607726443241602e-05 -6.710964921804223762e-09
3.567810483870967460e+02 -2.840530320351788911e-05 -6.664736440430637822e-09
3.569060483870967460e+02 -2.834463190176149538e-05 -6.618824997518508664e-09
3.570310483870967460e+02 -2.828406328294549244e-05 -6.573228430349773210e-09
3.571560483870967460e+02 -2.822359727051476809e-05 -6.527944590864434010e-09
3.572810483870967460e+02 -2.816323378757724686e-05 -6.482971345561895616e-09
3.574060483870967460e+02 -2.810297275690564506e-05 -6.438306575403103326e-09
3.575310483870967460e+02 -2.804281410094050997e-05 -6.393948175713300660e-09
3.576560483870967460e+02 -2.798275774179110072e-05 -6.349894056085344354e-09
3.577810483870967460e+02 -2.792280360123820384e-05 -6.306142140283878792e-09
3.579060483870967460e+02 -2.786295160073441109e-05 -6.262690366149929824e-09
3.580310483870967460e+02 -2.780320166140756518e-05 -6.219536685506238080e-09
3.581560483870967460e+02 -2.774355370406213198e-05 -6.176679064063230868e-09
3.582810483870967460e+02 -2.768400764918019322e-05 -6.134115481325495344e-09
3.584060483870967460e+02 -2.762456341692461442e-05 -6.091843930499124357e-09
3.585310483870967460e+02 -2.756522092714065760e-05 -6.049862418399417156e-09
3.586560483870967460e+02 -2.750598009935633370e-05 -6.008168965359376668e-09
3.587810483870967460e+02 -2.744684085278614982e-05 -5.966761605138638568e-09
3.589060483870967460e+02 -2.738780310633193252e-05 -5.925638384833254000e-09
3.590310483870967460e+02 -2.732886677858486414e-05 -5.884797364785848661e-09
3.591560483870967460e+02 -2.727003178782722086e-05 -5.844236618496489957e-09
3.592810483870967460e+02 -2.721129805203426668e-05 -5.803954232534143933e-09
3.594060483870967460e+02 -2.715266548887633377e-05 -5.763948306448611972e-09
3.595310483870967460e+02 -2.709413401571964910e-05 -5.724216952683286400e-09
3.596560483870967460e+02 -2.703570354962942451e-05 -5.684758296488257647e-09
3.597810483870967460e+02 -2.697737400737102212e-05 -5.645570475834110445e-09
3.599060483870967460e+02 -2.691914530541152315e-05 -5.606651641326296571e-09
3.600310483870967460e+02 -2.686101735992197414e-05 -5.567999956119974953e-09
3.601560483870967460e+02 -2.680299008677890154e-05 -5.529613595835628488e-09
3.602810483870967460e+02 -2.674506340156635468e-05 -5.491490748475029942e-09
3.604060483870967460e+02 -2.668723721957680706e-05 -5.453629614337883647e-09
3.605310483870967460e+02 -2.662951145581462917e-05 -5.416028405939005701e-09
3.606560483870967460e+02 -2.657188602499633583e-05 -5.378685347925978131e-09
3.607810483870967460e+02 -2.651436084155251062e-05 -5.341598676997527682e-09
3.609060483870967460e+02 -2.645693581963042156e-05 -5.304766641822275993e-09
3.610310483870967460e+02 -2.639961087309504090e-05 -5.268187502958132506e-09
3.611560483870967460e+02 -2.634238591553110176e-05 -5.231859532772102614e-09
3.612810483870967460e+02 -2.628526086024475487e-05 -5.195781015360855158e-09
3.614060483870967460e+02 -2.622823562026534400e-05 -5.159950246471592678e-09
3.615310483870967460e+02 -2.617131010834673069e-05 -5.124365533423572651e-09
3.616560483870967460e+02 -2.611448423696987263e-05 -5.089025195030127522e-09
3.617810483870967460e+02 -2.605775791834373509e-05 -5.053927561521134717e-09
3.619060483870967460e+02 -2.600113106440808268e-05 -5.019070974466176530e-09
3.620310483870967460e+02 -2.594460358683342859e-05 -4.984453786698033358e-09
3.621560483870967460e+02 -2.588817539702443284e-05 -4.950074362236779129e-09
3.622810483870967460e+02 -2.583184640612108139e-05 -4.915931076214382960e-09
3.624060483870967460e+02 -2.577561652499952638e-05 -4.882022314799719447e-09
3.625310483870967460e+02 -2.571948566427558944e-05 -4.848346475124273781e-09
3.626560483870967460e+02 -2.566345373430492773e-05 -4.814901965208145479e-09
3.627810483870967460e+02 -2.560752064518488386e-05 -4.781687203886650170e-09
3.629060483870967460e+02 -2.555168630675700665e-05 -4.748700620737402794e-09
3.630310483870967460e+02 -2.549595062860791171e-05 -4.715940656007806122e-09
3.631560483870967460e+02 -2.544031352007188016e-05 -4.683405760543200197e-09
3.632810483870967460e+02 -2.538477489023106869e-05 -4.651094395715300452e-09
3.634060483870967460e+02 -2.532933464791865710e-05 -4.619005033351246300e-09
3.635310483870967460e+02 -2.527399270171987156e-05 -4.587136155663002091e-09
3.636560483870967460e+02 -2.521874895997322464e-05 -4.555486255177396656e-09
3.637810483870967460e+02 -2.516360333077299205e-05 -4.524053834666475533e-09
3.639060483870967460e+02 -2.510855572197090329e-05 -4.492837407078399119e-09
3.640310483870967460e+02 -2.505360604117654150e-05 -4.461835495468790821e-09
3.641560483870967460e+02 -2.499875419576037578e-05 -4.431046632932481414e-09
3.642810483870967460e+02 -2.494400009285480476e-05 -4.400469362535852291e-09
3.644060483870967460e+02 -2.488934363935575584e-05 -4.370102237249488067e-09
3.645310483870967460e+02 -2.483478474192445709e-05 -4.339943819881347006e-09
3.646560483870967460e+02 -2.478032330698895182e-05 -4.309992683010381429e-09
3.647810483870967460e+02 -2.472595924074610436e-05 -4.280247408920528702e-09
3.649060483870967460e+02 -2.467169244916224373e-05 -4.250706589535296968e-09
3.650310483870967460e+02 -2.461752283797592842e-05 -4.221368826352623016e-09
3.651560483870967460e+02 -2.456345031269931180e-05 -4.192232730380281883e-09
3.652810483870967460e+02 -2.450947477861869437e-05 -4.163296922071608307e-09
3.654060483870967460e+02 -2.445559614079754936e-05 -4.134560031261826149e-09
3.655310483870967460e+02 -2.440181430407747142e-05 -4.106020697104635903e-09
3.656560483870967460e+02 -2.434812917307926082e-05 -4.077677568009308437e-09
3.657810483870967460e+02 -2.429454065220547129e-05 -4.049529301578199768e-09
3.659060483870967460e+02 -2.424104864564173825e-05 -4.021574564544603331e-09
3.660310483870967460e+02 -2.418765305735785952e-05 -3.993812032711177961e-09
3.661560483870967460e+02 -2.413435379110951659e-05 -3.966240390888629819e-09
3.662810483870967460e+02 -2.408115075044035824e-05 -3.938858332834884845e-09
3.664060483870967460e+02 -2.402804383868310513e-05 -3.911664561194666518e-09
3.665310483870967460e+02 -2.397503295896114895e-05 -3.884657787439398703e-09
3.666560483870967460e+02 -2.392211801419024991e-05 -3.857836731807672637e-09
3.667810483870967460e+02 -2.386929890708010883e-05 -3.831200123245950486e-09
3.669060483870967460e+02 -2.381657554013545810e-05 -3.804746699349747841e-09
3.670310483870967460e+02 -2.376394781565832495e-05 -3.778475206305204987e-09
3.671560483870967460e+02 -2.371141563574899710e-05 -3.752384398830982428e-09
3.672810483870967460e+02 -2.365897890230824534e-05 -3.726473040120690772e-09
3.674060483870967460e+02 -2.360663751703752684e-05 -3.700739901785550573e-09
3.675310483870967460e+02 -2.355439138144200056e-05 -3.675183763797538132e-09
3.676560483870967460e+02 -2.350224039683140482e-05 -3.649803414432815865e-09
3.677810483870967460e+02 -2.345018446432089074e-05 -3.624597650215690809e-09
3.679060483870967460e+02 -2.339822348483416644e-05 -3.599565275862799374e-09
3.680310483870967460e+02 -2.334635735910353433e-05 -3.574705104227741249e-09
3.681560483870967460e+02 -2.329458598767169693e-05 -3.550015956246089259e-09
3.682810483870967460e+02 -2.324290927089387452e-05 -3.525496660880686673e-09
3.684060483870967460e+02 -2.319132710893859791e-05 -3.501146055067460256e-09
3.685310483870967460e+02 -2.313983940179001919e-05 -3.476962983661452524e-09
3.686560483870967460e+02 -2.308844604924803026e-05 -3.452946299383286615e-09
3.687810483870967460e+02 -2.303714695093116651e-05 -3.429094862765989329e-09
3.689060483870967460e+02 -2.298594200627741317e-05 -3.405407542102103266e-09
3.690310483870967460e+02 -2.293483111454542504e-05 -3.381883213391292383e-09
3.691560483870967460e+02 -2.288381417481658649e-05 -3.358520760288155577e-09
3.692810483870967460e+02 -2.283289108599651914e-05 -3.335319074050464208e-09
3.694060483870967460e+02 -2.278206174681549187e-05 -3.312277053487746206e-09
3.695310483870967460e+02 -2.273132605583107370e-05 -3.289393604910149349e-09
3.696560483870967460e+02 -2.268068391142912313e-05 -3.266667642077769838e-09
3.697810483870967460e+02 -2.263013521182510952e-05 -3.244098086150207923e-09
3.699060483870967460e+02 -2.257967985506563095e-05 -3.221683865636520171e-09
3.700310483870967460e+02 -2.252931773902996601e-05 -3.199423916345448421e-09
3.701560483870967460e+02 -2.247904876143153407e-05 -3.177317181336095001e-09
3.702810483870967460e+02 -2.242887281981874911e-05 -3.155362610868810126e-09
3.704060483870967460e+02 -2.237878981157733038e-05 -3.133559162356475090e-09
3.705310483870967460e+02 -2.232879963393148153e-05 -3.111905800316100624e-09
3.706560483870967460e+02 -2.227890218394445638e-05 -3.090401496320701526e-09
3.707810483870967460e+02 -2.222909735852108987e-05 -3.069045228951609283e-09
3.709060483870967460e+02 -2.217938505440876707e-05 -3.047835983750980328e-09
3.710310483870967460e+02 -2.212976516819837526e-05 -3.026772753174697198e-09
3.711560483870967460e+02 -2.208023759632641469e-05 -3.005854536545566661e-09
3.712810483870967460e+02 -2.203080223507628612e-05 -2.985080340006790387e-09
3.714060483870967460e+02 -2.198145898057925641e-05 -2.964449176475852526e-09
3.715310483870967460e+02 -2.193220772881582394e-05 -2.943960065598607878e-09
3.716560483870967460e+02 -2.188304837561767357e-05 -2.923612033703748492e-09
3.717810483870967460e+02 -2.183398081666863548e-05 -2.903404113757500224e-09
3.719060483870967460e+02 -2.178500494750610139e-05 -2.883335345318742817e-09
3.720310483870967460e+02 -2.173612066352241713e-05 -2.863404774494317328e-09
3.721560483870967460e+02 -2.168732785996637673e-05 -2.843611453894691730e-09
3.722810483870967460e+02 -2.163862643194407293e-05 -2.823954442589916852e-09
3.724060483870967460e+02 -2.159001627442080462e-05 -2.804432806065835855e-09
3.725310483870967460e+02 -2.154149728222262526e-05 -2.785045616180685369e-09
3.726560483870967460e+02 -2.149306935003693919e-05 -2.765791951121884407e-09
3.727810483870967460e+02 -2.144473237241394497e-05 -2.746670895363168213e-09
3.729060483870967460e+02 -2.139648624376868516e-05 -2.727681539622011619e-09
3.730310483870967460e+02 -2.134833085838181549e-05 -2.708822980817279465e-09
3.731560483870967460e+02 -2.130026611040059079e-05 -2.690094322027272417e-09
3.732810483870967460e+02 -2.125229189384132133e-05 -2.671494672447950203e-09
3.734060483870967460e+02 -2.120440810258968799e-05 -2.653023147351482012e-09
3.735310483870967460e+02 -2.115661463040204328e-05 -2.634678868045082261e-09
3.736560483870967460e+02 -2.110891137090740690e-05 -2.616460961830071774e-09
3.737810483870967460e+02 -2.106129821760811973e-05 -2.598368561961307053e-09
3.739060483870967460e+02 -2.101377506388204267e-05 -2.580400807606791117e-09
3.740310483870967460e+02 -2.096634180298232288e-05 -2.562556843807611079e-09
3.741560483870967460e+02 -2.091899832804018221e-05 -2.544835821438089957e-09
3.742810483870967460e+02 -2.087174453206552368e-05 -2.527236897166297903e-09
3.744060483870967460e+02 -2.082458030794798857e-05 -2.509759233414738373e-09
3.745310483870967460e+02 -2.077750554845875550e-05 -2.492401998321341598e-09
3.746560483870967460e+02 -2.073052014625198383e-05 -2.475164365700726066e-09
3.747810483870967460e+02 -2.068362399386494913e-05 -2.458045515005665549e-09
3.749060483870967460e+02 -2.063681698372054702e-05 -2.441044631288918855e-09
3.750310483870967460e+02 -2.059009900812804197e-05 -2.424160905165214263e-09
3.751560483870967460e+02 -2.054346995928387366e-05 -2.407393532773542079e-09
3.752810483870967460e+02 -2.049692972927404899e-05 -2.390741715739697418e-09
3.754060483870967460e+02 -2.045047821007434202e-05 -2.374204661139032261e-09
3.755310483870967460e+02 -2.040411529355205236e-05 -2.357781581459545412e-09
3.756560483870967460e+02 -2.035784087146675058e-05 -2.341471694565131696e-09
3.757810483870967460e+02 -2.031165483547216202e-05 -2.325274223659128520e-09
3.759060483870967460e+02 -2.026555707711735264e-05 -2.309188397248099423e-09
3.760310483870967460e+02 -2.021954748784708474e-05 -2.293213449105824425e-09
3.761560483870967460e+02 -2.017362595900407010e-05 -2.277348618237612558e-09
3.762810483870967460e+02 -2.012779238182978313e-05 -2.261593148844778184e-09
3.764060483870967460e+02 -2.008204664746530789e-05 -2.245946290289397306e-09
3.765310483870967460e+02 -2.003638864695313719e-05 -2.230407297059259104e-09
3.766560483870967460e+02 -1.999081827123830424e-05 -2.214975428733131375e-09
3.767810483870967460e+02 -1.994533541116926353e-05 -2.199649949946180665e-09
3.769060483870967460e+02 -1.989993995749900218e-05 -2.184430130355663710e-09
3.770310483870967460e+02 -1.985463180088679837e-05 -2.169315244606850076e-09
3.771560483870967460e+02 -1.980941083189893958e-05 -2.154304572299136709e-09
3.772810483870967460e+02 -1.976427694101001015e-05 -2.139397397952469359e-09
3.774060483870967460e+02 -1.971923001860417533e-05 -2.124593010973906705e-09
3.775310483870967460e+02 -1.967426995497640780e-05 -2.109890705624457853e-09
3.776560483870967460e+02 -1.962939664033313481e-05 -2.095289780986133667e-09
3.777810483870967460e+02 -1.958460996479406100e-05 -2.080789540929188346e-09
3.779060483870967460e+02 -1.953990981839328643e-05 -2.066389294079656722e-09
3.780310483870967460e+02 -1.949529609107998431e-05 -2.052088353787030525e-09
3.781560483870967460e+02 -1.945076867271971208e-05 -2.037886038092203477e-09
3.782810483870967460e+02 -1.940632745309589554e-05 -2.023781669695581415e-09
3.784060483870967460e+02 -1.936197232191081807e-05 -2.009774575925489777e-09
3.785310483870967460e+02 -1.931770316878617975e-05 -1.995864088706711377e-09
3.786560483870967460e+02 -1.927351988326549614e-05 -1.982049544529278950e-09
3.787810483870967460e+02 -1.922942235481401693e-05 -1.968330284417473660e-09
3.789060483870967460e+02 -1.918541047282026419e-05 -1.954705653899002282e-09
3.790310483870967460e+02 -1.914148412659743843e-05 -1.941175002974447359e-09
3.791560483870967460e+02 -1.909764320538413689e-05 -1.927737686086856316e-09
3.792810483870967460e+02 -1.905388759834601034e-05 -1.914393062091570874e-09
3.794060483870967460e+02 -1.901021719457594939e-05 -1.901140494226256646e-09
3.795310483870967460e+02 -1.896663188309609711e-05 -1.887979350081105605e-09
3.796560483870967460e+02 -1.892313155285871293e-05 -1.874909001569299537e-09
3.797810483870967460e+02 -1.887971609274666058e-05 -1.861928824897618034e-09
3.799060483870967460e+02 -1.883638539157566458e-05 -1.849038200537262392e-09
3.800310483870967460e+02 -1.879313933809444574e-05 -1.836236513194888360e-09
3.801560483870967460e+02 -1.874997782098586298e-05 -1.823523151783797927e-09
3.802810483870967460e+02 -1.870690072886862772e-05 -1.810897509395388145e-09
3.804060483870967460e+02 -1.866390795029796457e-05 -1.798358983270731066e-09
3.805310483870967460e+02 -1.862099937376629233e-05 -1.785906974772382390e-09
3.806560483870967460e+02 -1.857817488770532806e-05 -1.773540889356341704e-09
3.807810483870967460e+02 -1.853543438048617511e-05 -1.761260136544266647e-09
3.809060483870967460e+02 -1.849277774042099352e-05 -1.749064129895811587e-09
3.810310483870967460e+02 -1.845020485576346077e-05 -1.736952286981180935e-09
3.811560483870967460e+02 -1.840771561471042861e-05 -1.724924029353874166e-09
3.812810483870967460e+02 -1.836530990540304791e-05 -1.712978782523576217e-09
3.814060483870967460e+02 -1.832298761592687366e-05 -1.701115975929298927e-09
3.815310483870967460e+02 -1.828074863431396226e-05 -1.689335042912638502e-09
3.816560483870967460e+02 -1.823859284854345428e-05 -1.677635420691245139e-09
3.817810483870967460e+02 -1.819652014654244180e-05 -1.666016550332472982e-09
3.819060483870967460e+02 -1.815453041618729656e-05 -1.654477876727175043e-09
3.820310483870967460e+02 -1.811262354530482872e-05 -1.643018848563738824e-09
3.821560483870967460e+02 -1.807079942167290009e-05 -1.631638918302233620e-09
3.822810483870967460e+02 -1.802905793302139655e-05 -1.620337542148771432e-09
3.824060483870967460e+02 -1.798739896703381366e-05 -1.609114180030001476e-09
3.825310483870967460e+02 -1.794582241134779879e-05 -1.597968295567840433e-09
3.826560483870967460e+02 -1.790432815355628613e-05 -1.586899356054313129e-09
3.827810483870967460e+02 -1.786291608120848943e-05 -1.575906832426590299e-09
3.829060483870967460e+02 -1.782158608181100311e-05 -1.564990199242195700e-09
3.830310483870967460e+02 -1.778033804282843250e-05 -1.554148934654355308e-09
3.831560483870967460e+02 -1.773917185168487101e-05 -1.543382520387565091e-09
3.832810483870967460e+02 -1.769808739576478448e-05 -1.532690441713271895e-09
3.834060483870967460e+02 -1.765708456241377349e-05 -1.522072187425740866e-09
3.835310483870967460e+02 -1.761616323893942714e-05 -1.511527249818093887e-09
3.836560483870967460e+02 -1.757532331261282068e-05 -1.501055124658473547e-09
3.837810483870967460e+02 -1.753456467066920321e-05 -1.490655311166431467e-09
3.839060483870967460e+02 -1.749388720030861779e-05 -1.480327311989414460e-09
3.840310483870967460e+02 -1.745329078869770049e-05 -1.470070633179441343e-09
3.841560483870967460e+02 -1.741277532296994126e-05 -1.459884784169935674e-09
3.842810483870967460e+02 -1.737234069022659200e-05 -1.449769277752686913e-09
3.844060483870967460e+02 -1.733198677753819460e-05 -1.439723630055025612e-09
3.845310483870967460e+02 -1.729171347194514671e-05 -1.429747360517092083e-09
3.846560483870967460e+02 -1.725152066045863690e-05 -1.419839991869298407e-09
3.847810483870967460e+02 -1.721140823006168483e-05 -1.410001050109905435e-09
3.849060483870967460e+02 -1.717137606771005601e-05 -1.400230064482806369e-09
3.850310483870967460e+02 -1.713142406033327827e-05 -1.390526567455409192e-09
3.851560483870967460e+02 -1.709155209483508221e-05 -1.380890094696689500e-09
3.852810483870967460e+02 -1.705176005809534595e-05 -1.371320185055400290e-09
3.854060483870967460e+02 -1.701204783697007149e-05 -1.361816380538397139e-09
3.855310483870967460e+02 -1.697241531829240784e-05 -1.352378226289160457e-09
3.856560483870967460e+02 -1.693286238887412831e-05 -1.343005270566416597e-09
3.857810483870967460e+02 -1.689338893550615565e-05 -1.333697064722926870e-09
3.859060483870967460e+02 -1.685399484495914819e-05 -1.324453163184417393e-09
3.860310483870967460e+02 -1.681468000398532941e-05 -1.315273123428631369e-09
3.861560483870967460e+02 -1.677544429931838635e-05 -1.306156505964568083e-09
3.862810483870967460e+02 -1.673628761767507556e-05 -1.297102874311817250e-09
3.864060483870967460e+02 -1.669720984575550089e-05 -1.288111794980053826e-09
3.865310483870967460e+02 -1.665821087024452641e-05 -1.279182837448673440e-09
3.866560483870967460e+02 -1.661929057781275212e-05 -1.270315574146542185e-09
3.867810483870967460e+02 -1.658044885511656484e-05 -1.261509580431929221e-09
3.869060483870967460e+02 -1.654168558879993048e-05 -1.252764434572531186e-09
3.870310483870967460e+02 -1.650300066549486501e-05 -1.244079717725654398e-09
3.871560483870967460e+02 -1.646439397182204432e-05 -1.235455013918509134e-09
3.872810483870967460e+02 -1.642586539439238312e-05 -1.226889910028680318e-09
3.874060483870967460e+02 -1.638741481980722460e-05 -1.218383995764684839e-09
3.875310483870967460e+02 -1.634904213465960767e-05 -1.209936863646683150e-09
3.876560483870967460e+02 -1.631074722553463286e-05 -1.201548108987323007e-09
3.877810483870967460e+02 -1.627252997901096999e-05 -1.193217329872687844e-09
3.879060483870967460e+02 -1.623439028166127158e-05 -1.184944127143421956e-09
3.880310483870967460e+02 -1.619632802005307407e-05 -1.176728104375935101e-09
3.881560483870967460e+02 -1.615834308074975666e-05 -1.168568867863761152e-09
3.882810483870967460e+02 -1.612043535031133074e-05 -1.160466026599037938e-09
3.884060483870967460e+02 -1.608260471529502944e-05 -1.152419192254094619e-09
3.885310483870967460e+02 -1.604485106225649686e-05 -1.144427979163206354e-09
3.886560483870967460e+02 -1.600717427775062154e-05 -1.136492004304426728e-09
3.887810483870967460e+02 -1.596957424833207178e-05 -1.128610887281572793e-09
3.889060483870967460e+02 -1.593205086055606817e-05 -1.120784250306303989e-09
3.890310483870967460e+02 -1.589460400097961006e-05 -1.113011718180365892e-09
3.891560483870967460e+02 -1.585723355616206170e-05 -1.105292918277911497e-09
3.892810483870967460e+02 -1.581993941266562323e-05 -1.097627480527963542e-09
3.894060483870967460e+02 -1.578272145705690612e-05 -1.090015037396995537e-09
3.895310483870967460e+02 -1.574557957590712632e-05 -1.082455223871610181e-09
3.896560483870967460e+02 -1.570851365579282931e-05 -1.074947677441377647e-09
3.897810483870967460e+02 -1.567152358329717082e-05 -1.067492038081745402e-09
3.899060483870967460e+02 -1.563460924501039454e-05 -1.060087948237088250e-09
3.900310483870967460e+02 -1.559777052753063173e-05 -1.052735052803871065e-09
3.901560483870967460e+02 -1.556100731746471439e-05 -1.045432999113907483e-09
3.902810483870967460e+02 -1.552431950142905954e-05 -1.038181436917768112e-09
3.904060483870967460e+02 -1.548770696605032311e-05 -1.030980018368265863e-09
3.905310483870967460e+02 -1.545116959796592854e-05 -1.023828398004070957e-09
3.906560483870967460e+02 -1.541470728382554058e-05 -1.016726232733435727e-09
3.907810483870967460e+02 -1.537831991029119406e-05 -1.009673181818013522e-09
3.909060483870967460e+02 -1.534200736403807652e-05 -1.002668906856823187e-09
3.910310483870967460e+02 -1.530576953175571069e-05 -9.957130717702842745e-10
3.911560483870967460e+02 -1.526960630014844239e-05 -9.888053427843850097e-10
3.912810483870967460e+02 -1.523351755593591653e-05 -9.819453884149323610e-10
3.914060483870967460e+02 -1.519750318585454251e-05 -9.751328794519495518e-10
3.915310483870967460e+02 -1.516156307665754672e-05 -9.683674889441391271e-10
3.916560483870967460e+02 -1.512569711511612620e-05 -9.616488921834717512e-10
3.917810483870967460e+02 -1.508990518801979761e-05 -9.549767666898777832e-10
3.919060483870967460e+02 -1.505418718217753227e-05 -9.483507921960281876e-10
3.920310483870967460e+02 -1.501854298441853882e-05 -9.417706506322486212e-10
3.921560483870967460e+02 -1.498297248159231910e-05 -9.352360261115065184e-10
3.922810483870967460e+02 -1.494747556057015387e-05 -9.287466049145138786e-10
3.924060483870967460e+02 -1.491205210824556696e-05 -9.223020754749312799e-10
3.925310483870967460e+02 -1.487670201153464550e-05 -9.159021283646571955e-10
3.926560483870967460e+02 -1.484142515737752385e-05 -9.095464562792487288e-10
3.927810483870967460e+02 -1.480622143273842769e-05 -9.032347540234086262e-10
3.929060483870967460e+02 -1.477109072460671926e-05 -8.969667184965881981e-10
3.930310483870967460e+02 -1.473603291999735134e-05 -8.907420486786866074e-10
3.931560483870967460e+02 -1.470104790595188543e-05 -8.845604456158307041e-10
3.932810483870967460e+02 -1.466613556953897620e-05 -8.784216124062861746e-10
3.934060483870967460e+02 -1.463129579785506779e-05 -8.723252541864288688e-10
3.935310483870967460e+02 -1.459652847802519340e-05 -8.662710781168327601e-10
3.936560483870967460e+02 -1.456183349720360886e-05 -8.602587933684317299e-10
3.937810483870967460e+02 -1.452721074257428899e-05 -8.542881111088090495e-10
3.939060483870967460e+02 -1.449266010135193220e-05 -8.483587444885465218e-10
3.940310483870967460e+02 -1.445818146078264658e-05 -8.424704086276817768e-10
3.941560483870967460e+02 -1.442377470814408033e-05 -8.366228206022593486e-10
3.942810483870967460e+02 -1.438943973074674483e-05 -8.308156994309555790e-10
3.944060483870967460e+02 -1.435517641593432806e-05 -8.250487660618271838e-10
3.945310483870967460e+02 -1.432098465108452636e-05 -8.193217433591165845e-10
3.946560483870967460e+02 -1.428686432360948322e-05 -8.136343560901646706e-10
3.947810483870967460e+02 -1.425281532095666847e-05 -8.079863309124103116e-10
3.949060483870967460e+02 -1.421883753060953222e-05 -8.023773963604646267e-10
3.950310483870967460e+02 -1.418493084008779960e-05 -7.968072828333021957e-10
3.951560483870967460e+02 -1.415109513694866002e-05 -7.912757225815096564e-10
3.952810483870967460e+02 -1.411733030878706192e-05 -7.857824496946385272e-10
3.954060483870967460e+02 -1.408363624323637344e-05 -7.803272000886262708e-10
3.955310483870967460e+02 -1.405001282796916175e-05 -7.749097114933326472e-10
3.956560483870967460e+02 -1.401645995069769951e-05 -7.695297234401307639e-10
3.957810483870967460e+02 -1.398297749917471707e-05 -7.641869772495973873e-10
3.959060483870967460e+02 -1.394956536119373449e-05 -7.588812160192866966e-10
3.960310483870967460e+02 -1.391622342459023385e-05 -7.536121846115733135e-10
3.961560483870967460e+02 -1.388295157724182356e-05 -7.483796296416052438e-10
3.962810483870967460e+02 -1.384974970706882454e-05 -7.431832994653115164e-10
3.964060483870967460e+02 -1.381661770203527303e-05 -7.380229441675047408e-10
3.965310483870967460e+02 -1.378355545014930694e-05 -7.328983155500650393e-10
3.966560483870967460e+02 -1.375056283946352151e-05 -7.278091671201894293e-10
3.967810483870967460e+02 -1.371763975807621791e-05 -7.227552540787493593e-10
3.969060483870967460e+02 -1.368478609413139640e-05 -7.177363333087011849e-10
3.970310483870967460e+02 -1.365200173581968474e-05 -7.127521633635851532e-10
3.971560483870967460e+02 -1.361928657137866172e-05 -7.078025044561073113e-10
3.972810483870967460e+02 -1.358664048909375669e-05 -7.028871184467826272e-10
3.974060483870967460e+02 -1.355406337729889843e-05 -6.980057688326824380e-10
3.975310483870967460e+02 -1.352155512437652701e-05 -6.931582207362326669e-10
3.976560483870967460e+02 -1.348911561875884735e-05 -6.883442408941029262e-10
3.977810483870967460e+02 -1.345674474892811556e-05 -6.835635976461567284e-10
3.979060483870967460e+02 -1.342444240341697604e-05 -6.788160609245018901e-10
3.980310483870967460e+02 -1.339220847080971002e-05 -6.741014022425894285e-10
3.981560483870967460e+02 -1.336004283974209833e-05 -6.694193946843997257e-10
3.982810483870967460e+02 -1.332794539890245479e-05 -6.647698128937036570e-10
3.984060483870967460e+02 -1.329591603703180237e-05 -6.601524330633803801e-10
3.985310483870967460e+02 -1.326395464292488965e-05 -6.555670329248373846e-10
3.986560483870967460e+02 -1.323206110543043309e-05 -6.510133917374744863e-10
3.987810483870967460e+02 -1.320023531345178444e-05 -6.464912902782317794e-10
3.989060483870967460e+02 -1.316847715594745424e-05 -6.420005108312114152e-10
3.990310483870967460e+02 -1.313678652193176236e-05 -6.375408371773551115e-10
3.991560483870967460e+02 -1.310516330047508699e-05 -6.331120545842168918e-10
3.992810483870967460e+02 -1.307360738070479806e-05 -6.287139497957817327e-10
3.994060483870967460e+02 -1.304211865180575198e-05 -6.243463110223674461e-10
3.995310483870967460e+02 -1.301069700302038473e-05 -6.200089279305807425e-10
3.996560483870967460e+02 -1.297934232364983677e-05 -6.157015916333663512e-10
3.997810483870967460e+02 -1.294805450305411904e-05 -6.114240946800988443e-10
3.999060483870967460e+02 -1.291683343065278550e-05 -6.071762310467546969e-10
4.000310483870967460e+02 -1.288567899592539564e-05 -6.029577961261503154e-10
4.001560483870967460e+02 -1.285459108841211413e-05 -5.987685867182364170e-10
4.002810483870967460e+02 -1.282356959771424959e-05 -5.946084010204796769e-10
4.004060483870967460e+02 -1.279261441349450356e-05 -5.904770386182875958e-10
4.005310483870967460e+02 -1.276172542547789381e-05 -5.863743004755107084e-10
4.006560483870967460e+02 -1.273090252345206942e-05 -5.822999889250086927e-10
4.007810483870967460e+02 -1.270014559726774106e-05 -5.782539076592691069e-10
4.009060483870967460e+02 -1.266945453683937051e-05 -5.742358617211132921e-10
4.010310483870967460e+02 -1.263882923214552298e-05 -5.702456574944420822e-10
4.011560483870967460e+02 -1.260826957322954816e-05 -5.662831026950574078e-10
4.012810483870967460e+02 -1.257777545019967846e-05 -5.623480063615440775e-10
4.014060483870967460e+02 -1.254734675323018438e-05 -5.584401788462046022e-10
4.015310483870967460e+02 -1.251698337256133890e-05 -5.545594318060762205e-10
4.016560483870967460e+02 -1.248668519849995284e-05 -5.507055781939887661e-10
4.017810483870967460e+02 -1.245645212142014564e-05 -5.468784322496950167e-10
4.019060483870967460e+02 -1.242628403176362659e-05 -5.430778094910490196e-10
4.020310483870967460e+02 -1.239618082004018609e-05 -5.393035267052662050e-10
4.021560483870967460e+02 -1.236614237682822929e-05 -5.355554019402216525e-10
4.022810483870967460e+02 -1.233616859277527754e-05 -5.318332544958173242e-10
4.024060483870967460e+02 -1.230625935859840377e-05 -5.281369049154096816e-10
4.025310483870967460e+02 -1.227641456508455263e-05 -5.244661749772841420e-10
4.026560483870967460e+02 -1.224663410309128254e-05 -5.208208876862079100e-10
4.027810483870967460e+02 -1.221691786354728745e-05 -5.172008672650212732e-10
4.029060483870967460e+02 -1.218726573745231548e-05 -5.136059391462950718e-10
4.030310483870967460e+02 -1.215767761587826674e-05 -5.100359299640455543e-10
4.031560483870967460e+02 -1.212815338996938473e-05 -5.064906675454956587e-10
4.032810483870967460e+02 -1.209869295094247147e-05 -5.029699809029120841e-10
4.034060483870967460e+02 -1.206929619008792599e-05 -4.994737002254782407e-10
4.035310483870967460e+02 -1.203996299876971213e-05 -4.960016568712330653e-10
4.036560483870967460e+02 -1.201069326842581594e-05 -4.925536833590630850e-10
4.037810483870967460e+02 -1.198148689056900800e-05 -4.891296133607420452e-10
4.039060483870967460e+02 -1.195234375678704334e-05 -4.857292816930407435e-10
4.040310483870967460e+02 -1.192326375874318997e-05 -4.823525243098745011e-10
4.041560483870967460e+02 -1.189424678817658972e-05 -4.789991782945134993e-10
4.042810483870967460e+02 -1.186529273690278174e-05 -4.756690818518366467e-10
4.044060483870967460e+02 -1.183640149681418861e-05 -4.723620743006544127e-10
4.045310483870967460e+02 -1.180757295988021810e-05 -4.690779960660683668e-10
4.046560483870967460e+02 -1.177880701814810163e-05 -4.658166886718897581e-10
4.047810483870967460e+02 -1.175010356374328736e-05 -4.625779947331112930e-10
4.049060483870967460e+02 -1.172146248886939102e-05 -4.593617579484198582e-10
4.050310483870967460e+02 -1.169288368580916327e-05 -4.561678230927794502e-10
4.051560483870967460e+02 -1.166436704692467937e-05 -4.529960360100458490e-10
4.052810483870967460e+02 -1.163591246465774920e-05 -4.498462436056412094e-10
4.054060483870967460e+02 -1.160751983153030687e-05 -4.467182938392782322e-10
4.055310483870967460e+02 -1.157918904014491048e-05 -4.436120357177253327e-10
4.056560483870967460e+02 -1.155091998318513343e-05 -4.405273192876383446e-10
4.057810483870967460e+02 -1.152271255341576774e-05 -4.374639956284242784e-10
4.059060483870967460e+02 -1.149456664368359311e-05 -4.344219168451633431e-10
4.060310483870967460e+02 -1.146648214691750573e-05 -4.314009360615698983e-10
4.061560483870967460e+02 -1.143845895612894682e-05 -4.284009074130171496e-10
4.062810483870967460e+02 -1.141049696441239393e-05 -4.254216860395939502e-10
4.064060483870967460e+02 -1.138259606494567437e-05 -4.224631280792165059e-10
4.065310483870967460e+02 -1.135475615099045307e-05 -4.195250906607864537e-10
4.066560483870967460e+02 -1.132697711589231726e-05 -4.166074318973895250e-10
4.067810483870967460e+02 -1.129925885308168626e-05 -4.137100108795545399e-10
4.069060483870967460e+02 -1.127160125607376906e-05 -4.108326876685432667e-10
4.070310483870967460e+02 -1.124400421846895904e-05 -4.079753232896946167e-10
4.071560483870967460e+02 -1.121646763395347270e-05 -4.051377797258127823e-10
4.072810483870967460e+02 -1.118899139629956979e-05 -4.023199199105943052e-10
4.074060483870967460e+02 -1.116157539936586509e-05 -3.995216077221141837e-10
4.075310483870967460e+02 -1.113421953709780106e-05 -3.967427079763418630e-10
4.076560483870967460e+02 -1.110692370352798997e-05 -3.939830864207086645e-10
4.077810483870967460e+02 -1.107968779277662562e-05 -3.912426097277194186e-10
4.079060483870967460e+02 -1.105251169905159684e-05 -3.885211454885996144e-10
4.080310483870967460e+02 -1.102539531664920913e-05 -3.858185622070018988e-10
4.081560483870967460e+02 -1.099833853995447775e-05 -3.831347292927394084e-10
4.082810483870967460e+02 -1.097134126344108538e-05 -3.804695170555714715e-10
4.084060483870967460e+02 -1.094440338167226132e-05 -3.778227966990232767e-10
4.085310483870967460e+02 -1.091752478930088824e-05 -3.751944403142609619e-10
4.086560483870967460e+02 -1.089070538106968679e-05 -3.725843208739957074e-10
4.087810483870967460e+02 -1.086394505181200339e-05 -3.699923122264353906e-10
4.089060483870967460e+02 -1.083724369645177125e-05 -3.674182890892778076e-10
4.090310483870967460e+02 -1.081060121000387288e-05 -3.648621270437385327e-10
4.091560483870967460e+02 -1.078401748757473643e-05 -3.623237025286323372e-10
4.092810483870967460e+02 -1.075749242436246103e-05 -3.598028928344823198e-10
4.094060483870967460e+02 -1.073102591565722676e-05 -3.572995760976752548e-10
4.095310483870967460e+02 -1.070461785684156741e-05 -3.548136312946575762e-10
4.096560483870967460e+02 -1.067826814339079057e-05 -3.523449382361634146e-10
4.097810483870967460e+02 -1.065197667087329278e-05 -3.498933775614964528e-10
4.099060483870967460e+02 -1.062574333495068652e-05 -3.474588307328362867e-10
4.100310483870967460e+02 -1.059956803137842371e-05 -3.450411800295917282e-10
4.101560483870967460e+02 -1.057345065600610055e-05 -3.426403085427913319e-10
4.102810483870967460e+02 -1.054739110477735256e-05 -3.402561001695064914e-10
4.104060483870967460e+02 -1.052138927373071681e-05 -3.378884396073256148e-10
4.105310483870967460e+02 -1.049544505899963366e-05 -3.355372123488525458e-10
4.106560483870967460e+02 -1.046955835681283126e-05 -3.332023046762507394e-10
4.107810483870967460e+02 -1.044372906349463053e-05 -3.308836036558172154e-10
4.109060483870967460e+02 -1.041795707546528903e-05 -3.285809971326057810e-10
4.110310483870967460e+02 -1.039224228924129236e-05 -3.262943737250747586e-10
4.111560483870967460e+02 -1.036658460143552012e-05 -3.240236228197768482e-10
4.112810483870967460e+02 -1.034098390875781014e-05 -3.217686345660865232e-10
4.114060483870967460e+02 -1.031544010801507863e-05 -3.195292998709562738e-10
4.115310483870967460e+02 -1.028995309611163032e-05 -3.173055103937211374e-10
4.116560483870967460e+02 -1.026452277004951411e-05 -3.150971585409264934e-10
4.117810483870967460e+02 -1.023914902692875353e-05 -3.129041374611979403e-10
4.119060483870967460e+02 -1.021383176394773126e-05 -3.107263410401449851e-10
4.120310483870967460e+02 -1.018857087840323150e-05 -3.085636638952948712e-10
4.121560483870967460e+02 -1.016336626769115654e-05 -3.064160013710722134e-10
4.122810483870967460e+02 -1.013821782930644716e-05 -3.042832495338006549e-10
4.124060483870967460e+02 -1.011312546084338247e-05 -3.021653051667472290e-10
4.125310483870967460e+02 -1.008808905999609491e-05 -3.000620657651918965e-10
4.126560483870967460e+02 -1.006310852455866678e-05 -2.979734295315436136e-10
4.127810483870967460e+02 -1.003818375242542507e-05 -2.958992953704777504e-10
4.129060483870967460e+02 -1.001331464159127344e-05 -2.938395628841123352e-10
4.130310483870967460e+02 -9.988501090151963313e-06 -2.917941323672176454e-10
4.131560483870967460e+02 -9.963742996304188700e-06 -2.897629048024528356e-10
4.132810483870967460e+02 -9.939040258346135113e-06 -2.877457818556459419e-10
4.134060483870967460e+02 -9.914392774677523594e-06 -2.857426658710954444e-10
4.135310483870967460e+02 -9.889800443800112162e-06 -2.837534598669094147e-10
4.136560483870967460e+02 -9.865263164317543347e-06 -2.817780675303763025e-10
4.137810483870967460e+02 -9.840780834936065864e-06 -2.798163932133626068e-10
4.139060483870967460e+02 -9.816353354464536302e-06 -2.778683419277515946e-10
4.140310483870967460e+02 -9.791980621814610559e-06 -2.759338193409035272e-10
4.141560483870967460e+02 -9.767662536001302880e-06 -2.740127317711523339e-10
4.142810483870967460e+02 -9.743398996142970612e-06 -2.721049861833318570e-10
4.144060483870967460e+02 -9.719189901461534434e-06 -2.702104901843290845e-10
4.145310483870967460e+02 -9.695035151282952691e-06 -2.683291520186769311e-10
4.146560483870967460e+02 -9.670934645037277303e-06 -2.664608805641673899e-10
4.147810483870967460e+02 -9.646888282259107771e-06 -2.646055853275008721e-10
4.149060483870967460e+02 -9.622895962587453962e-06 -2.627631764399590185e-10
4.150310483870967460e+02 -9.598957585766367990e-06 -2.609335646531173192e-10
4.151560483870967460e+02 -9.575073051645042476e-06 -2.591166613345767064e-10
4.152810483870967460e+02 -9.551242260177873227e-06 -2.573123784637300957e-10
4.154060483870967460e+02 -9.527465111424955596e-06 -2.555206286275568964e-10
4.155310483870967460e+02 -9.503741505552308104e-06 -2.537413250164425960e-10
4.156560483870967460e+02 -9.480071342831765705e-06 -2.519743814200351539e-10
4.157810483870967460e+02 -9.456454523641620152e-06 -2.502197122231215059e-10
4.159060483870967460e+02 -9.432890948466604743e-06 -2.484772324015362259e-10
4.160310483870967460e+02 -9.409380517898211117e-06 -2.467468575180984658e-10
4.161560483870967460e+02 -9.385923132634828165e-06 -2.450285037185723163e-10
4.162810483870967460e+02 -9.362518693482077453e-06 -2.433220877276631487e-10
4.164060483870967460e+02 -9.339167101352977549e-06 -2.416275268450334483e-10
4.165310483870967460e+02 -9.315868257268035505e-06 -2.399447389413501315e-10
4.166560483870967460e+02 -9.292622062355704248e-06 -2.382736424543545072e-10
4.167810483870967460e+02 -9.269428417852436795e-06 -2.366141563849674459e-10
4.169060483870967460e+02 -9.246287225102908176e-06 -2.349662002934125900e-10
4.170310483870967460e+02 -9.223198385560254294e-06 -2.333296942953705335e-10
4.171560483870967460e+02 -9.200161800786283686e-06 -2.317045590581590562e-10
4.172810483870967460e+02 -9.177177372451704527e-06 -2.300907157969356675e-10
4.174060483870967460e+02 -9.154245002336128018e-06 -2.284880862709341669e-10
4.175310483870967460e+02 -9.131364592328664696e-06 -2.268965927797189376e-10
4.176560483870967460e+02 -9.108536044427792300e-06 -2.253161581594686306e-10
4.177810483870967460e+02 -9.085759260741557361e-06 -2.237467057792859316e-10
4.179060483870967460e+02 -9.063034143488015663e-06 -2.221881595375277219e-10
4.180310483870967460e+02 -9.040360594995228852e-06 -2.206404438581690769e-10
4.181560483870967460e+02 -9.017738517701486358e-06 -2.191034836871840411e-10
4.182810483870967460e+02 -8.995167814155545957e-06 -2.175772044889547591e-10
4.184060483870967460e+02 -8.972648387016821808e-06 -2.160615322427056296e-10
4.185310483870967460e+02 -8.950180139055430192e-06 -2.145563934389578019e-10
4.186560483870967460e+02 -8.927762973152614728e-06 -2.130617150760158564e-10
4.187810483870967460e+02 -8.905396792300719261e-06 -2.115774246564706131e-10
4.189060483870967460e+02 -8.883081499603597833e-06 -2.101034501837304800e-10
4.190310483870967460e+02 -8.860816998276435105e-06 -2.086397201585722645e-10
4.191560483870967460e+02 -8.838603191646288463e-06 -2.071861635757230304e-10
4.192810483870967460e+02 -8.816439983152132064e-06 -2.057427099204578784e-10
4.194060483870967460e+02 -8.794327276344856832e-06 -2.043092891652242996e-10
4.195310483870967460e+02 -8.772264974887819338e-06 -2.028858317662907497e-10
4.196560483870967460e+02 -8.750252982556696110e-06 -2.014722686604132663e-10
4.197810483870967460e+02 -8.728291203239678451e-06 -2.000685312615331311e-10
4.199060483870967460e+02 -8.706379540937829887e-06 -1.986745514574894995e-10
4.200310483870967460e+02 -8.684517899765089552e-06 -1.972902616067580079e-10
4.201560483870967460e+02 -8.662706183948587290e-06 -1.959155945352122323e-10
4.202810483870967460e+02 -8.640944297828519983e-06 -1.945504835329032681e-10
4.204060483870967460e+02 -8.619232145858639444e-06 -1.931948623508688542e-10
4.205310483870967460e+02 -8.597569632606271052e-06 -1.918486651979569482e-10
4.206560483870967460e+02 -8.575956662752362881e-06 -1.905118267376749437e-10
4.207810483870967460e+02 -8.554393141091844838e-06 -1.891842820850600839e-10
4.209060483870967460e+02 -8.532878972533759112e-06 -1.878659668035684616e-10
4.210310483870967460e+02 -8.511414062101156828e-06 -1.865568169019912897e-10
4.211560483870967460e+02 -8.489998314931575783e-06 -1.852567688313865001e-10
4.212810483870967460e+02 -8.468631636277016721e-06 -1.839657594820346424e-10
4.214060483870967460e+02 -8.447313931504143238e-06 -1.826837261804120741e-10
4.215310483870967460e+02 -8.426045106094380034e-06 -1.814106066861915007e-10
4.216560483870967460e+02 -8.404825065644107735e-06 -1.801463391892561900e-10
4.217810483870967460e+02 -8.383653715864820437e-06 -1.788908623067382511e-10
4.219060483870967460e+02 -8.362530962583139259e-06 -1.776441150800770001e-10
4.220310483870967460e+02 -8.341456711741112196e-06 -1.764060369720945399e-10
4.221560483870967460e+02 -8.320430869396386911e-06 -1.751765678640974233e-10
4.222810483870967460e+02 -8.299453341722049798e-06 -1.739556480529921444e-10
4.224060483870967460e+02 -8.278524035007095241e-06 -1.727432182484233010e-10
4.225310483870967460e+02 -8.257642855656442552e-06 -1.715392195699316858e-10
4.226560483870967460e+02 -8.236809710190924115e-06 -1.703435935441284313e-10
4.227810483870967460e+02 -8.216024505247629278e-06 -1.691562821018950028e-10
4.229060483870967460e+02 -8.195287147580011084e-06 -1.679772275755959103e-10
4.230310483870967460e+02 -8.174597544057879490e-06 -1.668063726963147102e-10
4.231560483870967460e+02 -8.153955601667533506e-06 -1.656436605911046380e-10
4.232810483870967460e+02 -8.133361227512059353e-06 -1.644890347802648574e-10
4.234060483870967460e+02 -8.112814328811306740e-06 -1.633424391746287041e-10
4.235310483870967460e+02 -8.092314812902044724e-06 -1.622038180728741336e-10
4.236560483870967460e+02 -8.071862587238092153e-06 -1.610731161588520572e-10
4.237810483870967460e+02 -8.051457559390466737e-06 -1.599502784989305492e-10
4.239060483870967460e+02 -8.031099637047352870e-06 -1.588352505393627845e-10
4.240310483870967460e+02 -8.010788728014445518e-06 -1.577279781036673572e-10
4.241560483870967460e+02 -7.990524740214870601e-06 -1.566284073900293308e-10
4.242810483870967460e+02 -7.970307581689518725e-06 -1.555364849687194350e-10
4.244060483870967460e+02 -7.950137160596799541e-06 -1.544521577795276599e-10
4.245310483870967460e+02 -7.930013385213122859e-06 -1.533753731292204774e-10
4.246560483870967460e+02 -7.909936163932820721e-06 -1.523060786890098749e-10
4.247810483870967460e+02 -7.889905405268181286e-06 -1.512442224920421644e-10
4.249060483870967460e+02 -7.869921017849811355e-06 -1.501897529309045242e-10
4.250310483870967460e+02 -7.849982910426533036e-06 -1.491426187551455507e-10
4.251560483870967460e+02 -7.830090991865439648e-06 -1.481027690688185060e-10
4.252810483870967460e+02 -7.810245171152209120e-06 -1.470701533280357589e-10
4.254060483870967460e+02 -7.790445357391027764e-06 -1.460447213385434909e-10
4.255310483870967460e+02 -7.770691459804851157e-06 -1.450264232533096375e-10
4.256560483870967460e+02 -7.750983387735238122e-06 -1.440152095701339828e-10
4.257810483870967460e+02 -7.731321050642723424e-06 -1.430110311292688261e-10
4.259060483870967460e+02 -7.711704358106795748e-06 -1.420138391110592680e-10
4.260310483870967460e+02 -7.692133219825897698e-06 -1.410235850335992909e-10
4.261560483870967460e+02 -7.672607545617681599e-06 -1.400402207504012553e-10
4.262810483870967460e+02 -7.653127245419089124e-06 -1.390636984480870059e-10
4.264060483870967460e+02 -7.633692229286232701e-06 -1.380939706440891364e-10
4.265310483870967460e+02 -7.614302407394724168e-06 -1.371309901843709704e-10
4.266560483870967460e+02 -7.594957690039645974e-06 -1.361747102411621535e-10
4.267810483870967460e+02 -7.575657987635662134e-06 -1.352250843107071200e-10
4.269060483870967460e+02 -7.556403210717059743e-06 -1.342820662110340314e-10
4.270310483870967460e+02 -7.537193269937892116e-06 -1.333456100797342101e-10
4.271560483870967460e+02 -7.518028076072062648e-06 -1.324156703717592283e-10
4.272810483870967460e+02 -7.498907540013262137e-06 -1.314922018572329635e-10
4.274060483870967460e+02 -7.479831572775237285e-06 -1.305751596192766305e-10
4.275310483870967460e+02 -7.460800085491857621e-06 -1.296644990518529934e-10
4.276560483870967460e+02 -7.441812989416938470e-06 -1.287601758576212281e-10
4.277810483870967460e+02 -7.422870195924641594e-06 -1.278621460458089227e-10
4.279060483870967460e+02 -7.403971616509370168e-06 -1.269703659300958906e-10
4.280310483870967460e+02 -7.385117162785789103e-06 -1.260847921265175004e-10
4.281560483870967460e+02 -7.366306746489049512e-06 -1.252053815513775185e-10
4.282810483870967460e+02 -7.347540279474825131e-06 -1.243320914191775468e-10
4.284060483870967460e+02 -7.328817673719277594e-06 -1.234648792405607545e-10
4.285310483870967460e+02 -7.310138841319143673e-06 -1.226037028202677089e-10
4.286560483870967460e+02 -7.291503694491911463e-06 -1.217485202551102476e-10
4.287810483870967460e+02 -7.272912145575797512e-06 -1.208992899319552515e-10
4.289060483870967460e+02 -7.254364107029784940e-06 -1.200559705257241867e-10
4.290310483870967460e+02 -7.235859491433764887e-06 -1.192185209974066036e-10
4.291560483870967460e+02 -7.217398211488565319e-06 -1.183869005920849853e-10
4.292810483870967460e+02 -7.198980180015907826e-06 -1.175610688369774312e-10
4.294060483870967460e+02 -7.180605309958617685e-06 -1.167409855394896985e-10
4.295310483870967460e+02 -7.162273514380661132e-06 -1.159266107852829986e-10
4.296560483870967460e+02 -7.143984706467119951e-06 -1.151179049363525083e-10
4.297810483870967460e+02 -7.125738799524194861e-06 -1.143148286291235490e-10
4.299060483870967460e+02 -7.107535706979454542e-06 -1.135173427725563738e-10
4.300310483870967460e+02 -7.089375342381763641e-06 -1.127254085462661281e-10
4.301560483870967460e+02 -7.071257619401231947e-06 -1.119389873986558641e-10
4.302810483870967460e+02 -7.053182451829527796e-06 -1.111580410450602315e-10
4.304060483870967460e+02 -7.035149753579716283e-06 -1.103825314659059564e-10
4.305310483870967460e+02 -7.017159438686277056e-06 -1.096124209048810329e-10
4.306560483870967460e+02 -6.999211421305351643e-06 -1.088476718671182858e-10
4.307810483870967460e+02 -6.981305615714594382e-06 -1.080882471173918063e-10
4.309060483870967460e+02 -6.963441936313379087e-06 -1.073341096783233281e-10
4.310310483870967460e+02 -6.945620297622625417e-06 -1.065852228286052745e-10
4.311560483870967460e+02 -6.927840614285048741e-06 -1.058415501012318977e-10
4.312810483870967460e+02 -6.910102801065133041e-06 -1.051030552817445185e-10
4.314060483870967460e+02 -6.892406772849052980e-06 -1.043697024064888507e-10
4.315310483870967460e+02 -6.874752444644883968e-06 -1.036414557608824452e-10
4.316560483870967460e+02 -6.857139731582624182e-06 -1.029182798776979286e-10
4.317810483870967460e+02 -6.839568548914006532e-06 -1.022001395353538800e-10
4.319060483870967460e+02 -6.822038812012817983e-06 -1.014869997562202091e-10
4.320310483870967460e+02 -6.804550436374808083e-06 -1.007788258049326725e-10
4.321560483870967460e+02 -6.787103337617594091e-06 -1.000755831867225764e-10
4.322810483870967460e+02 -6.769697431480986238e-06 -9.937723764575460880e-11
4.324060483870967460e+02 -6.752332633826738702e-06 -9.868375516347768668e-11
4.325310483870967460e+02 -6.735008860638746965e-06 -9.799510195698717752e-11
4.326560483870967460e+02 -6.717726028022921605e-06 -9.731124447739663286e-11
4.327810483870967460e+02 -6.700484052207379722e-06 -9.663214940822426912e-11
4.329060483870967460e+02 -6.683282849542442407e-06 -9.595778366378706111e-11
4.330310483870967460e+02 -6.666122336500471252e-06 -9.528811438760738534e-11
4.331560483870967460e+02 -6.649002429676141950e-06 -9.462310895083103710e-11
4.332810483870967460e+02 -6.631923045786346886e-06 -9.396273495065404930e-11
4.334060483870967460e+02 -6.614884101670138379e-06 -9.330696020876387055e-11
4.335310483870967460e+02 -6.597885514288905721e-06 -9.265575276978798793e-11
4.336560483870967460e+02 -6.580927200726338748e-06 -9.200908089975462148e-11
4.337810483870967460e+02 -6.564009078188402431e-06 -9.136691308456431405e-11
4.339060483870967460e+02 -6.547131064003308925e-06 -9.072921802847014210e-11
4.340310483870967460e+02 -6.530293075621682740e-06 -9.009596465257187213e-11
4.341560483870967460e+02 -6.513495030616481117e-06 -8.946712209331701897e-11
4.342810483870967460e+02 -6.496736846682979633e-06 -8.884265970101435046e-11
4.344060483870967460e+02 -6.480018441638856901e-06 -8.822254703835537973e-11
4.345310483870967460e+02 -6.463339733424181020e-06 -8.760675387894968675e-11
4.346560483870967460e+02 -6.446700640101340962e-06 -8.699525020586666361e-11
4.347810483870967460e+02 -6.430101079855165161e-06 -8.638800621018925379e-11
4.349060483870967460e+02 -6.413540970992937602e-06 -8.578499228957737211e-11
4.350310483870967460e+02 -6.397020231944309733e-06 -8.518617904683980320e-11
4.351560483870967460e+02 -6.380538781261297921e-06 -8.459153728851889557e-11
4.352810483870967460e+02 -6.364096537618413900e-06 -8.400103802348222189e-11
4.354060483870967460e+02 -6.347693419812602930e-06 -8.341465246152488937e-11
4.355310483870967460e+02 -6.331329346763135385e-06 -8.283235201198212526e-11
4.356560483870967460e+02 -6.315004237511853234e-06 -8.225410828234942320e-11
4.357810483870967460e+02 -6.298718011222970142e-06 -8.167989307691538173e-11
4.359060483870967460e+02 -6.282470587183067238e-06 -8.110967839540092756e-11
4.360310483870967460e+02 -6.266261884801241342e-06 -8.054343643160977037e-11
4.361560483870967460e+02 -6.250091823608968593e-06 -7.998113957208614722e-11
4.362810483870967460e+02 -6.233960323260234897e-06 -7.942276039478506503e-11
4.364060483870967460e+02 -6.217867303531313998e-06 -7.886827166774847562e-11
4.365310483870967460e+02 -6.201812684320990249e-06 -7.831764634779215228e-11
4.366560483870967460e+02 -6.185796385650452738e-06 -7.777085757920169127e-11
4.367810483870967460e+02 -6.169818327663210579e-06 -7.722787869243580282e-11
4.369060483870967460e+02 -6.153878430625281801e-06 -7.668868320284167374e-11
4.370310483870967460e+02 -6.137976614925044273e-06 -7.615324480937614626e-11
4.371560483870967460e+02 -6.122112801073166245e-06 -7.562153739333709431e-11
4.372810483870967460e+02 -6.106286909702769827e-06 -7.509353501710374385e-11
4.374060483870967460e+02 -6.090498861569344591e-06 -7.456921192288397241e-11
4.375310483870967460e+02 -6.074748577550609503e-06 -7.404854253147329261e-11
4.376560483870967460e+02 -6.059035978646743318e-06 -7.353150144101940620e-11
4.377810483870967460e+02 -6.043360985980185526e-06 -7.301806342579672309e-11
4.379060483870967460e+02 -6.027723520795688870e-06 -7.250820343498938479e-11
4.380310483870967460e+02 -6.012123504460236335e-06 -7.200189659148120255e-11
4.381560483870967460e+02 -5.996560858463115686e-06 -7.149911819065660740e-11
4.382810483870967460e+02 -5.981035504415935565e-06 -7.099984369920735158e-11
4.384060483870967460e+02 -5.965547364052399330e-06 -7.050404875394874855e-11
4.385310483870967460e+02 -5.950096359228510885e-06 -7.001170916064286632e-11
4.386560483870967460e+02 -5.934682411922476424e-06 -6.952280089283197017e-11
4.387810483870967460e+02 -5.919305444234577377e-06 -6.903730009067778146e-11
4.389060483870967460e+02 -5.903965378387322877e-06 -6.855518305980988714e-11
4.390310483870967460e+02 -5.888662136725352346e-06 -6.807642627018204616e-11
4.391560483870967460e+02 -5.873395641715393996e-06 -6.760100635493511348e-11
4.392810483870967460e+02 -5.858165815946190289e-06 -6.712890010927040711e-11
4.394060483870967460e+02 -5.842972582128603813e-06 -6.666008448932819335e-11
4.395310483870967460e+02 -5.827815863095507171e-06 -6.619453661107527111e-11
4.396560483870967460e+02 -5.812695581801750792e-06 -6.573223374920009115e-11
4.397810483870967460e+02 -5.797611661324166320e-06 -6.527315333601442837e-11
4.399060483870967460e+02 -5.782564024861548827e-06 -6.481727296036479908e-11
4.400310483870967460e+02 -5.767552595734535685e-06 -6.436457036654933270e-11
4.401560483870967460e+02 -5.752577297385690424e-06 -6.391502345324310900e-11
4.402810483870967460e+02 -5.737638053379451910e-06 -6.346861027242982853e-11
4.404060483870967460e+02 -5.722734787402046253e-06 -6.302530902834302137e-11
4.405310483870967460e+02 -5.707867423261441066e-06 -6.258509807641223204e-11
4.406560483870967460e+02 -5.693035884887414079e-06 -6.214795592221769576e-11
4.407810483870967460e+02 -5.678240096331454878e-06 -6.171386122045214931e-11
4.409060483870967460e+02 -5.663479981766649711e-06 -6.128279277388863884e-11
4.410310483870967460e+02 -5.648755465487849201e-06 -6.085472953235782735e-11
4.411560483870967460e+02 -5.634066471911458281e-06 -6.042965059172989048e-11
4.412810483870967460e+02 -5.619412925575398925e-06 -6.000753519290478746e-11
4.414060483870967460e+02 -5.604794751139191461e-06 -5.958836272080930461e-11
4.415310483870967460e+02 -5.590211873383831755e-06 -5.917211270339996670e-11
4.416560483870967460e+02 -5.575664217211740387e-06 -5.875876481067508597e-11
4.417810483870967460e+02 -5.561151707646778744e-06 -5.834829885369128321e-11
4.419060483870967460e+02 -5.546674269834155000e-06 -5.794069478358806730e-11
4.420310483870967460e+02 -5.532231829040446139e-06 -5.753593269061891592e-11
4.421560483870967460e+02 -5.517824310653409914e-06 -5.713399280318816591e-11
4.422810483870967460e+02 -5.503451640182170347e-06 -5.673485548689658251e-11
4.424060483870967460e+02 -5.489113743256989877e-06 -5.633850124359132957e-11
4.425310483870967460e+02 -5.474810545629234629e-06 -5.594491071042385600e-11
4.426560483870967460e+02 -5.460541973171440490e-06 -5.555406465891301683e-11
4.427810483870967460e+02 -5.446307951877197903e-06 -5.516594399401662114e-11
4.429060483870967460e+02 -5.432108407861026514e-06 -5.478052975320745835e-11
4.430310483870967460e+02 -5.417943267358515774e-06 -5.439780310555657534e-11
4.431560483870967460e+02 -5.403812456726107256e-06 -5.401774535082303528e-11
4.432810483870967460e+02 -5.389715902441126839e-06 -5.364033791854878814e-11
4.434060483870967460e+02 -5.375653531101662735e-06 -5.326556236716185829e-11
4.435310483870967460e+02 -5.361625269426609539e-06 -5.289340038308380367e-11
4.436560483870967460e+02 -5.347631044255608084e-06 -5.252383377984411560e-11
4.437810483870967460e+02 -5.333670782548854863e-06 -5.215684449720089341e-11
4.439060483870967460e+02 -5.319744411387226540e-06 -5.179241460026661799e-11
4.440310483870967460e+02 -5.305851857972146120e-06 -5.143052627864174468e-11
4.441560483870967460e+02 -5.291993049625459283e-06 -5.107116184555245151e-11
4.442810483870967460e+02 -5.278167913789555509e-06 -5.071430373699528920e-11
4.444060483870967460e+02 -5.264376378027145306e-06 -5.035993451088773133e-11
4.445310483870967460e+02 -5.250618370021294096e-06 -5.000803684622355825e-11
4.446560483870967460e+02 -5.236893817575284145e-06 -4.965859354223604761e-11
4.447810483870967460e+02 -5.223202648612671315e-06 -4.931158751756500348e-11
4.449060483870967460e+02 -5.209544791177143610e-06 -4.896700180943070019e-11
4.450310483870967460e+02 -5.195920173432468660e-06 -4.862481957281231100e-11
4.451560483870967460e+02 -5.182328723662470851e-06 -4.828502407963400120e-11
4.452810483870967460e+02 -5.168770370270955940e-06 -4.794759871795463358e-11
4.454060483870967460e+02 -5.155245041781580607e-06 -4.761252699116411078e-11
4.455310483870967460e+02 -5.141752666837912603e-06 -4.727979251718519770e-11
4.456560483870967460e+02 -5.128293174203309617e-06 -4.694937902767992570e-11
4.457810483870967460e+02 -5.114866492760845586e-06 -4.662127036726333806e-11
4.459060483870967460e+02 -5.101472551513204818e-06 -4.629545049272077677e-11
4.460310483870967460e+02 -5.088111279582731118e-06 -4.597190347223161876e-11
4.461560483870967460e+02 -5.074782606211296499e-06 -4.565061348459811095e-11
4.462810483870967460e+02 -5.061486460760163960e-06 -4.533156481847894862e-11
4.464060483870967460e+02 -5.048222772710109462e-06 -4.501474187162963924e-11
4.465310483870967460e+02 -5.034991471661181371e-06 -4.470012915014652406e-11
4.466560483870967460e+02 -5.021792487332664877e-06 -4.438771126771693888e-11
4.467810483870967460e+02 -5.008625749563092166e-06 -4.407747294487365931e-11
4.469060483870967460e+02 -4.995491188310116207e-06 -4.376939900825602174e-11
4.470310483870967460e+02 -4.982388733650421815e-06 -4.346347438987463086e-11
4.471560483870967460e+02 -4.969318315779708711e-06 -4.315968412638184448e-11
4.472810483870967460e+02 -4.956279865012589029e-06 -4.285801335834728613e-11
4.474060483870967460e+02 -4.943273311782537344e-06 -4.255844732953774557e-11
4.475310483870967460e+02 -4.930298586641739050e-06 -4.226097138620336713e-11
4.476560483870967460e+02 -4.917355620261173373e-06 -4.196557097636734716e-11
4.477810483870967460e+02 -4.904444343430417701e-06 -4.167223164912133767e-11
4.479060483870967460e+02 -4.891564687057551029e-06 -4.138093905392561282e-11
4.480310483870967460e+02 -4.878716582169207315e-06 -4.109167893991335179e-11
4.481560483870967460e+02 -4.865899959910424714e-06 -4.080443715520126780e-11
4.482810483870967460e+02 -4.853114751544498190e-06 -4.051919964620344238e-11
4.484060483870967460e+02 -4.840360888453082012e-06 -4.023595245695064624e-11
4.485310483870967460e+02 -4.827638302135950883e-06 -3.995468172841440339e-11
4.486560483870967460e+02 -4.814946924211018583e-06 -3.967537369783491343e-11
4.487810483870967460e+02 -4.802286686414167711e-06 -3.939801469805518402e-11
4.489060483870967460e+02 -4.789657520599275095e-06 -3.912259115685815554e-11
4.490310483870967460e+02 -4.777059358738126245e-06 -3.884908959630942200e-11
4.491560483870967460e+02 -4.764492132920201050e-06 -3.857749663210354521e-11
4.492810483870967460e+02 -4.751955775352762722e-06 -3.830779897291626885e-11
4.494060483870967460e+02 -4.739450218360709558e-06 -3.803998341975993158e-11
4.495310483870967460e+02 -4.726975394386420785e-06 -3.777403686534385611e-11
4.496560483870967460e+02 -4.714531235989835334e-06 -3.750994629343929413e-11
4.497810483870967460e+02 -4.702117675848229068e-06 -3.724769877824801617e-11
4.499060483870967460e+02 -4.689734646756209700e-06 -3.698728148377658172e-11
4.500310483870967460e+02 -4.677382081625559246e-06 -3.672868166321367261e-11
4.501560483870967460e+02 -4.665059913485254357e-06 -3.647188665831231181e-11
4.502810483870967460e+02 -4.652768075481312997e-06 -3.621688389877637338e-11
4.504060483870967460e+02 -4.640506500876704667e-06 -3.596366090165071118e-11
4.505310483870967460e+02 -4.628275123051313130e-06 -3.571220527071674191e-11
4.506560483870967460e+02 -4.616073875501830535e-06 -3.546250469589095556e-11
4.507810483870967460e+02 -4.603902691841603254e-06 -3.521454695262818211e-11
4.509060483870967460e+02 -4.591761505800675930e-06 -3.496831990132902653e-11
4.510310483870967460e+02 -4.579650251225640704e-06 -3.472381148675070290e-11
4.511560483870967460e+02 -4.567568862079474585e-06 -3.448100973742325816e-11
4.512810483870967460e+02 -4.555517272441584344e-06 -3.423990276506856172e-11
4.514060483870967460e+02 -4.543495416507638798e-06 -3.400047876402398034e-11
4.515310483870967460e+02 -4.531503228589505287e-06 -3.376272601066943919e-11
4.516560483870967460e+02 -4.519540643115131087e-06 -3.352663286285948483e-11
4.517810483870967460e+02 -4.507607594628500209e-06 -3.329218775935827560e-11
4.519060483870967460e+02 -4.495704017789520750e-06 -3.305937921927880488e-11
4.520310483870967460e+02 -4.483829847373895289e-06 -3.282819584152627319e-11
4.521560483870967460e+02 -4.471985018273098872e-06 -3.259862630424452332e-11
4.522810483870967460e+02 -4.460169465494268891e-06 -3.237065936426754215e-11
4.524060483870967460e+02 -4.448383124160059399e-06 -3.214428385657361183e-11
4.525310483870967460e+02 -4.436625929508619085e-06 -3.191948869374374565e-11
4.526560483870967460e+02 -4.424897816893460831e-06 -3.169626286542392365e-11
4.527810483870967460e+02 -4.413198721783388868e-06 -3.147459543779046257e-11
4.529060483870967460e+02 -4.401528579762335298e-06 -3.125447555302014848e-11
4.530310483870967460e+02 -4.389887326529402446e-06 -3.103589242876301256e-11
4.531560483870967460e+02 -4.378274897898654489e-06 -3.081883535761934613e-11
4.532810483870967460e+02 -4.366691229799022589e-06 -3.060329370661966902e-11
4.534060483870967460e+02 -4.355136258274286260e-06 -3.038925691670942837e-11
4.535310483870967460e+02 -4.343609919482937839e-06 -3.017671450223614015e-11
4.536560483870967460e+02 -4.332112149698023247e-06 -2.996565605044059556e-11
4.537810483870967460e+02 -4.320642885307180951e-06 -2.975607122095163465e-11
4.539060483870967460e+02 -4.309202062812424275e-06 -2.954794974528385375e-11
4.540310483870967460e+02 -4.297789618830108372e-06 -2.934128142633980436e-11
4.541560483870967460e+02 -4.286405490090771820e-06 -2.913605613791467996e-11
4.542810483870967460e+02 -4.275049613439105289e-06 -2.893226382420482209e-11
4.544060483870967460e+02 -4.263721925833859210e-06 -2.872989449931972255e-11
4.545310483870967460e+02 -4.252422364347634560e-06 -2.852893824679683033e-11
4.546560483870967460e+02 -4.241150866166912509e-06 -2.832938521912078187e-11
4.547810483870967460e+02 -4.229907368591903643e-06 -2.813122563724488686e-11
4.549060483870967460e+02 -4.218691809036381107e-06 -2.793444979011642666e-11
4.550310483870967460e+02 -4.207504125027722949e-06 -2.773904803420530681e-11
4.551560483870967460e+02 -4.196344254206691895e-06 -2.754501079303537192e-11
4.552810483870967460e+02 -4.185212134327387914e-06 -2.735232855672004075e-11
4.554060483870967460e+02 -4.174107703257086436e-06 -2.716099188150007374e-11
4.555310483870967460e+02 -4.163030898976227340e-06 -2.697099138928523101e-11
4.556560483870967460e+02 -4.151981659578254863e-06 -2.678231776719839885e-11
4.557810483870967460e+02 -4.140959923269510031e-06 -2.659496176712393943e-11
4.559060483870967460e+02 -4.129965628369149338e-06 -2.640891420525813109e-11
4.560310483870967460e+02 -4.118998713309049885e-06 -2.622416596166323716e-11
4.561560483870967460e+02 -4.108059116633641661e-06 -2.604070797982460893e-11
4.562810483870967460e+02 -4.097146776999882136e-06 -2.585853126621043496e-11
4.564060483870967460e+02 -4.086261633177145299e-06 -2.567762688983547755e-11
4.565310483870967460e+02 -4.075403624047021759e-06 -2.549798598182678358e-11
4.566560483870967460e+02 -4.064572688603326364e-06 -2.531959973499301420e-11
4.567810483870967460e+02 -4.053768765951933037e-06 -2.514245940339665032e-11
4.569060483870967460e+02 -4.042991795310691758e-06 -2.496655630192873445e-11
4.570310483870967460e+02 -4.032241716009283731e-06 -2.479188180588743196e-11
4.571560483870967460e+02 -4.021518467489166317e-06 -2.461842735055868924e-11
4.572810483870967460e+02 -4.010821989303447681e-06 -2.444618443080019740e-11
4.574060483870967460e+02 -4.000152221116725851e-06 -2.427514460062781810e-11
4.575310483870967460e+02 -3.989509102705066697e-06 -2.410529947280568329e-11
4.576560483870967460e+02 -3.978892573955853161e-06 -2.393664071843830143e-11
4.577810483870967460e+02 -3.968302574867653963e-06 -2.376916006656585293e-11
4.579060483870967460e+02 -3.957739045550162615e-06 -2.360284930376236129e-11
4.580310483870967460e+02 -3.947201926224050888e-06 -2.343770027373616167e-11
4.581560483870967460e+02 -3.936691157220888342e-06 -2.327370487693400448e-11
4.582810483870967460e+02 -3.926206678982961906e-06 -2.311085507014706536e-11
4.584060483870967460e+02 -3.915748432063290279e-06 -2.294914286612004743e-11
4.585310483870967460e+02 -3.905316357125415562e-06 -2.278856033316306557e-11
4.586560483870967460e+02 -3.894910394943277894e-06 -2.262909959476574724e-11
4.587810483870967460e+02 -3.884530486401191735e-06 -2.247075282921480689e-11
4.589060483870967460e+02 -3.874176572493678157e-06 -2.231351226921352669e-11
4.590310483870967460e+02 -3.863848594325339480e-06 -2.215737020150420355e-11
4.591560483870967460e+02 -3.853546493110784733e-06 -2.200231896649323915e-11
4.592810483870967460e+02 -3.843270210174498366e-06 -2.184835095787841110e-11
4.594060483870967460e+02 -3.833019686950744535e-06 -2.169545862227954972e-11
4.595310483870967460e+02 -3.822794864983389221e-06 -2.154363445887092410e-11
4.596560483870967460e+02 -3.812595685925872707e-06 -2.139287101901667516e-11
4.597810483870967460e+02 -3.802422091541083369e-06 -2.124316090590833608e-11
4.599060483870967460e+02 -3.792274023701150572e-06 -2.109449677420557419e-11
4.600310483870967460e+02 -3.782151424387448063e-06 -2.094687132967867445e-11
4.601560483870967460e+02 -3.772054235690432611e-06 -2.080027732885389220e-11
4.602810483870967460e+02 -3.761982399809468665e-06 -2.065470757866122939e-11
4.604060483870967460e+02 -3.751935859052841494e-06 -2.051015493608432706e-11
4.605310483870967460e+02 -3.741914555837543723e-06 -2.036661230781345992e-11
4.606560483870967460e+02 -3.731918432689147017e-06 -2.022407264990023688e-11
4.607810483870967460e+02 -3.721947432241773698e-06 -2.008252896741503517e-11
4.609060483870967460e+02 -3.712001497237912944e-06 -1.994197431410681587e-11
4.610310483870967460e+02 -3.702080570528325495e-06 -1.980240179206494276e-11
4.611560483870967460e+02 -3.692184595071908555e-06 -1.966380455138404167e-11
4.612810483870967460e+02 -3.682313513935609387e-06 -1.952617578983046576e-11
4.614060483870967460e+02 -3.672467270294294880e-06 -1.938950875251143619e-11
4.615310483870967460e+02 -3.662645807430595685e-06 -1.925379673154647048e-11
4.616560483870967460e+02 -3.652849068734852013e-06 -1.911903306574071726e-11
4.617810483870967460e+02 -3.643076997704986998e-06 -1.898521114026128953e-11
4.619060483870967460e+02 -3.633329537946306802e-06 -1.885232438631508750e-11
4.620310483870967460e+02 -3.623606633171483245e-06 -1.872036628082930980e-11
4.621560483870967460e+02 -3.613908227200391604e-06 -1.858933034613376763e-11
4.622810483870967460e+02 -3.604234263959986518e-06 -1.845921014964603268e-11
4.624060483870967460e+02 -3.594584687484177902e-06 -1.832999930355814250e-11
4.625310483870967460e+02 -3.584959441913737770e-06 -1.820169146452578087e-11
4.626560483870967460e+02 -3.575358471496169792e-06 -1.807428033335960378e-11
4.627810483870967460e+02 -3.565781720585545396e-06 -1.794775965471839417e-11
4.629060483870967460e+02 -3.556229133642460567e-06 -1.782212321680499873e-11
4.630310483870967460e+02 -3.546700655233869829e-06 -1.769736485106368319e-11
4.631560483870967460e+02 -3.537196230032947754e-06 -1.757347843187993687e-11
4.632810483870967460e+02 -3.527715802819018237e-06 -1.745045787628236131e-11
4.634060483870967460e+02 -3.518259318477391019e-06 -1.732829714364627784e-11
4.635310483870967460e+02 -3.508826721999270203e-06 -1.720699023540003976e-11
4.636560483870967460e+02 -3.499417958481575535e-06 -1.708653119473274992e-11
4.637810483870967460e+02 -3.490032973126919108e-06 -1.696691410630434693e-11
4.639060483870967460e+02 -3.480671711243398688e-06 -1.684813309595738114e-11
4.640310483870967460e+02 -3.471334118244476160e-06 -1.673018233043135942e-11
4.641560483870967460e+02 -3.462020139648922054e-06 -1.661305601707845682e-11
4.642810483870967460e+02 -3.452729721080633852e-06 -1.649674840358153518e-11
4.644060483870967460e+02 -3.443462808268523334e-06 -1.638125377767407787e-11
4.645310483870967460e+02 -3.434219347046408581e-06 -1.626656646686177891e-11
4.646560483870967460e+02 -3.424999283352882684e-06 -1.615268083814666205e-11
4.647810483870967460e+02 -3.415802563231193891e-06 -1.603959129775250207e-11
4.649060483870967460e+02 -3.406629132829082129e-06 -1.592729229085246587e-11
4.650310483870967460e+02 -3.397478938398726061e-06 -1.581577830129860824e-11
4.651560483870967460e+02 -3.388351926296592320e-06 -1.570504385135300585e-11
4.652810483870967460e+02 -3.379248042983246617e-06 -1.559508350142123708e-11
4.654060483870967460e+02 -3.370167235023325366e-06 -1.548589184978723184e-11
4.655310483870967460e+02 -3.361109449085369240e-06 -1.537746353235019586e-11
4.656560483870967460e+02 -3.352074631941652075e-06 -1.526979322236335730e-11
4.657810483870967460e+02 -3.343062730468154610e-06 -1.516287563017424496e-11
4.659060483870967460e+02 -3.334073691644368818e-06 -1.505670550296732849e-11
4.660310483870967460e+02 -3.325107462553153919e-06 -1.495127762450790905e-11
4.661560483870967460e+02 -3.316163990380680467e-06 -1.484658681488804239e-11
4.662810483870967460e+02 -3.307243222416249938e-06 -1.474262793027398703e-11
4.664060483870967460e+02 -3.298345106052215531e-06 -1.463939586265588521e-11
4.665310483870967460e+02 -3.289469588783779301e-06 -1.453688553959864902e-11
4.666560483870967460e+02 -3.280616618208944305e-06 -1.443509192399485796e-11
4.667810483870967460e+02 -3.271786142028360865e-06 -1.433401001381933191e-11
4.669060483870967460e+02 -3.262978108045158005e-06 -1.423363484188520328e-11
4.670310483870967460e+02 -3.254192464164885011e-06 -1.413396147560212501e-11
4.671560483870967460e+02 -3.245429158395368703e-06 -1.403498501673570485e-11
4.672810483870967460e+02 -3.236688138846513957e-06 -1.393670060116880875e-11
4.674060483870967460e+02 -3.227969353730274063e-06 -1.383910339866456235e-11
4.675310483870967460e+02 -3.219272751360471150e-06 -1.374218861263070790e-11
4.676560483870967460e+02 -3.210598280152680571e-06 -1.364595147988611637e-11
4.677810483870967460e+02 -3.201945888624079702e-06 -1.355038727042841431e-11
4.679060483870967460e+02 -3.193315525393363665e-06 -1.345549128720346543e-11
4.680310483870967460e+02 -3.184707139180594980e-06 -1.336125886587645161e-11
4.681560483870967460e+02 -3.176120678807038393e-06 -1.326768537460428833e-11
4.682810483870967460e+02 -3.167556093195096501e-06 -1.317476621381012752e-11
4.684060483870967460e+02 -3.159013331368152629e-06 -1.308249681595890563e-11
4.685310483870967460e+02 -3.150492342450418361e-06 -1.299087264533476261e-11
4.686560483870967460e+02 -3.141993075666847146e-06 -1.289988919781970318e-11
4.687810483870967460e+02 -3.133515480342972937e-06 -1.280954200067427933e-11
4.689060483870967460e+02 -3.125059505904806004e-06 -1.271982661231930021e-11
4.690310483870967460e+02 -3.116625101878652521e-06 -1.263073862211931441e-11
4.691560483870967460e+02 -3.108212217891062891e-06 -1.254227365016756720e-11
4.692810483870967460e+02 -3.099820803668655989e-06 -1.245442734707224548e-11
4.694060483870967460e+02 -3.091450809037956534e-06 -1.236719539374464031e-11
4.695310483870967460e+02 -3.083102183925338758e-06 -1.228057350118833224e-11
4.696560483870967460e+02 -3.074774878356853614e-06 -1.219455741029005998e-11
4.697810483870967460e+02 -3.066468842458087320e-06 -1.210914289161204638e-11
4.699060483870967460e+02 -3.058184026454063948e-06 -1.202432574518552802e-11
4.700310483870967460e+02 -3.049920380669104397e-06 -1.194010180030617821e-11
4.701560483870967460e+02 -3.041677855526660375e-06 -1.185646691533048493e-11
4.702810483870967460e+02 -3.033456401549241125e-06 -1.177341697747383145e-11
4.704060483870967460e+02 -3.025255969358237671e-06 -1.169094790260967888e-11
4.705310483870967460e+02 -3.017076509673840653e-06 -1.160905563507060499e-11
4.706560483870967460e+02 -3.008917973314822220e-06 -1.152773614745028817e-11
4.707810483870967460e+02 -3.000780311198503836e-06 -1.144698544040705363e-11
4.709060483870967460e+02 -2.992663474340574598e-06 -1.136679954246881712e-11
4.710310483870967460e+02 -2.984567413854930718e-06 -1.128717450983914338e-11
4.711560483870967460e+02 -2.976492080953625130e-06 -1.120810642620507527e-11
4.712810483870967460e+02 -2.968437426946677325e-06 -1.112959140254589192e-11
4.714060483870967460e+02 -2.960403403241919620e-06 -1.105162557694337412e-11
4.715310483870967460e+02 -2.952389961344937015e-06 -1.097420511439341557e-11
4.716560483870967460e+02 -2.944397052858879578e-06 -1.089732620661871011e-11
4.717810483870967460e+02 -2.936424629484372233e-06 -1.082098507188316599e-11
4.719060483870967460e+02 -2.928472643019313591e-06 -1.074517795480717476e-11
4.720310483870967460e+02 -2.920541045358821742e-06 -1.066990112618440374e-11
4.721560483870967460e+02 -2.912629788495072045e-06 -1.059515088279980976e-11
4.722810483870967460e+02 -2.904738824517124756e-06 -1.052092354724875972e-11
4.724060483870967460e+02 -2.896868105610858966e-06 -1.044721546775777948e-11
4.725310483870967460e+02 -2.889017584058818857e-06 -1.037402301800614954e-11
4.726560483870967460e+02 -2.881187212240031169e-06 -1.030134259694897551e-11
4.727810483870967460e+02 -2.873376942629944216e-06 -1.022917062864128306e-11
4.729060483870967460e+02 -2.865586727800253394e-06 -1.015750356206365407e-11
4.730310483870967460e+02 -2.857816520418783868e-06 -1.008633787094875451e-11
4.731560483870967460e+02 -2.850066273249334296e-06 -1.001567005360921954e-11
4.732810483870967460e+02 -2.842335939151576452e-06 -9.945496632766730826e-12
4.734060483870967460e+02 -2.834625471080912082e-06 -9.875814155382127875e-12
4.735310483870967460e+02 -2.826934822088303070e-06 -9.806619192487015374e-12
4.736560483870967460e+02 -2.819263945320190548e-06 -9.737908339016221965e-12
4.737810483870967460e+02 -2.811612794018359796e-06 -9.669678213641569253e-12
4.739060483870967460e+02 -2.803981321519734830e-06 -9.601925458606797573e-12
4.740310483870967460e+02 -2.796369481256335214e-06 -9.534646739563488577e-12
4.741560483870967460e+02 -2.788777226755090126e-06 -9.467838745408435389e-12
4.742810483870967460e+02 -2.781204511637726555e-06 -9.401498188121828623e-12
4.744060483870967460e+02 -2.773651289620595234e-06 -9.335621802606741346e-12
4.745310483870967460e+02 -2.766117514514610080e-06 -9.270206346529557531e-12
4.746560483870967460e+02 -2.758603140225055490e-06 -9.205248600161807695e-12
4.747810483870967460e+02 -2.751108120751447852e-06 -9.140745366222804249e-12
4.749060483870967460e+02 -2.743632410187443221e-06 -9.076693469723499849e-12
4.750310483870967460e+02 -2.736175962720688663e-06 -9.013089757811449192e-12
4.751560483870967460e+02 -2.728738732632656658e-06 -8.949931099616685233e-12
4.752810483870967460e+02 -2.721320674298555743e-06 -8.887214386098986427e-12
4.754060483870967460e+02 -2.713921742187178040e-06 -8.824936529895867749e-12
4.755310483870967460e+02 -2.706541890860731126e-06 -8.763094465171801178e-12
4.756560483870967460e+02 -2.699181074974770265e-06 -8.701685147468486315e-12
4.757810483870967460e+02 -2.691839249278008255e-06 -8.640705553555983719e-12
4.759060483870967460e+02 -2.684516368612227328e-06 -8.580152681285211803e-12
4.760310483870967460e+02 -2.677212387912075025e-06 -8.520023549441151356e-12
4.761560483870967460e+02 -2.669927262205007438e-06 -8.460315197597221365e-12
4.762810483870967460e+02 -2.662660946611116840e-06 -8.401024685970658120e-12
4.764060483870967460e+02 -2.655413396342968633e-06 -8.342149095278765111e-12
4.765310483870967460e+02 -2.648184566705541632e-06 -8.283685526596445716e-12
4.766560483870967460e+02 -2.640974413096032821e-06 -8.225631101214433808e-12
4.767810483870967460e+02 -2.633782891003716326e-06 -8.167982960498673052e-12
4.769060483870967460e+02 -2.626609956009859131e-06 -8.110738265750520154e-12
4.770310483870967460e+02 -2.619455563787544477e-06 -8.053894198068188874e-12
4.771560483870967460e+02 -2.612319670101572753e-06 -7.997447958208874205e-12
4.772810483870967460e+02 -2.605202230808264141e-06 -7.941396766451973534e-12
4.774060483870967460e+02 -2.598103201855393820e-06 -7.885737862463270696e-12
4.775310483870967460e+02 -2.591022539282028906e-06 -7.830468505159889045e-12
4.776560483870967460e+02 -2.583960199218360321e-06 -7.775585972576512761e-12
4.777810483870967460e+02 -2.576916137885626560e-06 -7.721087561732210771e-12
4.779060483870967460e+02 -2.569890311595957408e-06 -7.666970588498343114e-12
4.780310483870967460e+02 -2.562882676752195648e-06 -7.613232387467393038e-12
4.781560483870967460e+02 -2.555893189847827173e-06 -7.559870311822555189e-12
4.782810483870967460e+02 -2.548921807466808196e-06 -7.506881733208516109e-12
4.784060483870967460e+02 -2.541968486283439040e-06 -7.454264041602845417e-12
4.785310483870967460e+02 -2.535033183062220567e-06 -7.402014645188440363e-12
4.786560483870967460e+02 -2.528115854657736017e-06 -7.350130970226816941e-12
4.787810483870967460e+02 -2.521216458014507857e-06 -7.298610460932191030e-12
4.789060483870967460e+02 -2.514334950166837696e-06 -7.247450579346662170e-12
4.790310483870967460e+02 -2.507471288238712684e-06 -7.196648805216029842e-12
4.791560483870967460e+02 -2.500625429443664907e-06 -7.146202635866598485e-12
4.792810483870967460e+02 -2.493797331084585037e-06 -7.096109586082715187e-12
4.794060483870967460e+02 -2.486986950553650762e-06 -7.046367187985391427e-12
4.795310483870967460e+02 -2.480194245332164151e-06 -6.996972990911519362e-12
4.796560483870967460e+02 -2.473419172990394534e-06 -6.947924561294052610e-12
4.797810483870967460e+02 -2.466661691187479394e-06 -6.899219482543023917e-12
4.799060483870967460e+02 -2.459921757671287151e-06 -6.850855354927259135e-12
4.800310483870967460e+02 -2.453199330278257075e-06 -6.802829795457160719e-12
4.801560483870967460e+02 -2.446494366933259943e-06 -6.755140437768065570e-12
4.802810483870967460e+02 -2.439806825649499786e-06 -6.707784932004522145e-12
4.804060483870967460e+02 -2.433136664528353381e-06 -6.660760944705379394e-12
4.805310483870967460e+02 -2.426483841759226247e-06 -6.614066158689563139e-12
4.806560483870967460e+02 -2.419848315619443805e-06 -6.567698272942861380e-12
4.807810483870967460e+02 -2.413230044474101034e-06 -6.521655002505282328e-12
4.809060483870967460e+02 -2.406628986775904492e-06 -6.475934078359315554e-12
4.810310483870967460e+02 -2.400045101065082959e-06 -6.430533247318847447e-12
4.811560483870967460e+02 -2.393478345969217180e-06 -6.385450271919068647e-12
4.812810483870967460e+02 -2.386928680203136529e-06 -6.340682930306918655e-12
4.814060483870967460e+02 -2.380396062568722924e-06 -6.296229016132401250e-12
4.815310483870967460e+02 -2.373880451954847292e-06 -6.252086338440668112e-12
4.816560483870967460e+02 -2.367381807337197626e-06 -6.208252721564726877e-12
4.817810483870967460e+02 -2.360900087778122710e-06 -6.164726005019118537e-12
4.819060483870967460e+02 -2.354435252426556303e-06 -6.121504043394123141e-12
4.820310483870967460e+02 -2.347987260517834608e-06 -6.078584706250791058e-12
4.821560483870967460e+02 -2.341556071373554394e-06 -6.035965878016723069e-12
4.822810483870967460e+02 -2.335141644401480242e-06 -5.993645457882457110e-12
4.824060483870967460e+02 -2.328743939095372179e-06 -5.951621359698783166e-12
4.825310483870967460e+02 -2.322362915034884031e-06 -5.909891511874582429e-12
4.826560483870967460e+02 -2.315998531885371145e-06 -5.868453857275435474e-12
4.827810483870967460e+02 -2.309650749397819244e-06 -5.827306353122997834e-12
4.829060483870967460e+02 -2.303319527408681366e-06 -5.786446970894909533e-12
4.830310483870967460e+02 -2.297004825839719050e-06 -5.745873696225657005e-12
4.831560483870967460e+02 -2.290706604697908316e-06 -5.705584528807872833e-12
4.832810483870967460e+02 -2.284424824075300746e-06 -5.665577482294490146e-12
4.834060483870967460e+02 -2.278159444148835872e-06 -5.625850584201405908e-12
4.835310483870967460e+02 -2.271910425180272989e-06 -5.586401875811073994e-12
4.836560483870967460e+02 -2.265677727516019204e-06 -5.547229412076523155e-12
4.837810483870967460e+02 -2.259461311587003231e-06 -5.508331261526164201e-12
4.839060483870967460e+02 -2.253261137908531817e-06 -5.469705506169257960e-12
4.840310483870967460e+02 -2.247077167080169467e-06 -5.431350241401936572e-12
4.841560483870967460e+02 -2.240909359785601219e-06 -5.393263575914070551e-12
4.842810483870967460e+02 -2.234757676792467477e-06 -5.355443631596597890e-12
4.844060483870967460e+02 -2.228622078952273801e-06 -5.317888543449586661e-12
4.845310483870967460e+02 -2.222502527200248182e-06 -5.280596459490943027e-12
4.846560483870967460e+02 -2.216398982555156386e-06 -5.243565540665642712e-12
4.847810483870967460e+02 -2.210311406119232079e-06 -5.206793960755806613e-12
4.849060483870967460e+02 -2.204239759078014192e-06 -5.170279906291194043e-12
4.850310483870967460e+02 -2.198184002700189799e-06 -5.134021576460417330e-12
4.851560483870967460e+02 -2.192144098337498825e-06 -5.098017183022778420e-12
4.852810483870967460e+02 -2.186120007424583698e-06 -5.062264950220615198e-12
4.854060483870967460e+02 -2.180111691478853399e-06 -5.026763114692453986e-12
4.855310483870967460e+02 -2.174119112100325068e-06 -4.991509925386569975e-12
4.856560483870967460e+02 -2.168142230971536759e-06 -4.956503643475267406e-12
4.857810483870967460e+02 -2.162181009857383964e-06 -4.921742542269641995e-12
4.859060483870967460e+02 -2.156235410604977311e-06 -4.887224907135116431e-12
4.860310483870967460e+02 -2.150305395143533294e-06 -4.852949035407382982e-12
4.861560483870967460e+02 -2.144390925484226469e-06 -4.818913236309026285e-12
4.862810483870967460e+02 -2.138491963720037411e-06 -4.785115830866713997e-12
4.864060483870967460e+02 -2.132608472025650645e-06 -4.751555151828883438e-12
4.865310483870967460e+02 -2.126740412657310229e-06 -4.718229543584177065e-12
4.866560483870967460e+02 -2.120887747952677875e-06 -4.685137362080260021e-12
4.867810483870967460e+02 -2.115050440330682600e-06 -4.652276974743302505e-12
4.869060483870967460e+02 -2.109228452291425435e-06 -4.619646760398009824e-12
4.870310483870967460e+02 -2.103421746416029925e-06 -4.587245109188134701e-12
4.871560483870967460e+02 -2.097630285366470603e-06 -4.555070422497696393e-12
4.872810483870967460e+02 -2.091854031885511581e-06 -4.523121112872598067e-12
4.874060483870967460e+02 -2.086092948796517663e-06 -4.491395603942868583e-12
4.875310483870967460e+02 -2.080346999003318394e-06 -4.459892330345367156e-12
4.876560483870967460e+02 -2.074616145490110651e-06 -4.428609737647173019e-12
4.877810483870967460e+02 -2.068900351321297285e-06 -4.397546282269348292e-12
4.879060483870967460e+02 -2.063199579641377855e-06 -4.366700431411319616e-12
4.880310483870967460e+02 -2.057513793674765663e-06 -4.336070662975776779e-12
4.881560483870967460e+02 -2.051842956725711529e-06 -4.305655465494017243e-12
4.882810483870967460e+02 -2.046187032178144543e-06 -4.275453338051967597e-12
4.884060483870967460e+02 -2.040545983495520446e-06 -4.245462790216566105e-12
4.885310483870967460e+02 -2.034919774220721262e-06 -4.215682341962724428e-12
4.886560483870967460e+02 -2.029308367975921461e-06 -4.186110523600812808e-12
4.887810483870967460e+02 -2.023711728462404156e-06 -4.156745875704556414e-12
4.889060483870967460e+02 -2.018129819460494608e-06 -4.127586949039598114e-12
4.890310483870967460e+02 -2.012562604829392096e-06 -4.098632304492402953e-12
4.891560483870967460e+02 -2.007010048507019138e-06 -4.069880512999724036e-12
4.892810483870967460e+02 -2.001472114509938908e-06 -4.041330155478574911e-12
4.894060483870967460e+02 -1.995948766933179903e-06 -4.012979822756599373e-12
4.895310483870967460e+02 -1.990439969950124978e-06 -3.984828115503082663e-12
4.896560483870967460e+02 -1.984945687812348716e-06 -3.956873644160295482e-12
4.897810483870967460e+02 -1.979465884849524681e-06 -3.929115028875389717e-12
4.899060483870967460e+02 -1.974000525469283960e-06 -3.901550899432701305e-12
4.900310483870967460e+02 -1.968549574157041098e-06 -3.874179895186657321e-12
4.901560483870967460e+02 -1.963112995475916174e-06 -3.847000664995002955e-12
4.902810483870967460e+02 -1.957690754066581062e-06 -3.820011867152568092e-12
4.904060483870967460e+02 -1.952282814647099343e-06 -3.793212169325497572e-12
4.905310483870967460e+02 -1.946889142012842445e-06 -3.766600248485866758e-12
4.906560483870967460e+02 -1.941509701036333796e-06 -3.740174790846888417e-12
4.907810483870967460e+02 -1.936144456667113715e-06 -3.713934491798431405e-12
4.909060483870967460e+02 -1.930793373931592034e-06 -3.687878055843066036e-12
4.910310483870967460e+02 -1.925456417932958309e-06 -3.662004196532538387e-12
4.911560483870967460e+02 -1.920133553851016226e-06 -3.636311636404636384e-12
4.912810483870967460e+02 -1.914824746942056968e-06 -3.610799106920616095e-12
4.914060483870967460e+02 -1.909529962538737672e-06 -3.585465348402933765e-12
4.915310483870967460e+02 -1.904249166049947376e-06 -3.560309109973485160e-12
4.916560483870967460e+02 -1.898982322960651598e-06 -3.535329149492254443e-12
4.917810483870967460e+02 -1.893729398831796192e-06 -3.510524233496351619e-12
4.919060483870967460e+02 -1.888490359300163142e-06 -3.485893137139582702e-12
4.920310483870967460e+02 -1.883265170078232920e-06 -3.461434644132317163e-12
4.921560483870967460e+02 -1.878053796954039431e-06 -3.437147546681857414e-12
4.922810483870967460e+02 -1.872856205791073240e-06 -3.413030645433136666e-12
4.924060483870967460e+02 -1.867672362528133340e-06 -3.389082749409962847e-12
4.925310483870967460e+02 -1.862502233179172147e-06 -3.365302675956543237e-12
4.926560483870967460e+02 -1.857345783833213970e-06 -3.341689250679475198e-12
4.927810483870967460e+02 -1.852202980654189842e-06 -3.318241307390150488e-12
4.929060483870967460e+02 -1.847073789880797125e-06 -3.294957688047484317e-12
4.930310483870967460e+02 -1.841958177826403581e-06 -3.271837242701180367e-12
4.931560483870967460e+02 -1.836856110878889614e-06 -3.248878829435253905e-12
4.932810483870967460e+02 -1.831767555500541542e-06 -3.226081314312025033e-12
4.934060483870967460e+02 -1.826692478227878382e-06 -3.203443571316480695e-12
4.935310483870967460e+02 -1.821630845671568413e-06 -3.180964482300990494e-12
4.936560483870967460e+02 -1.816582624516283913e-06 -3.158642936930498708e-12
4.937810483870967460e+02 -1.811547781520538952e-06 -3.136477832628000647e-12
4.939060483870967460e+02 -1.806526283516617181e-06 -3.114468074520455627e-12
4.940310483870967460e+02 -1.801518097410400307e-06 -3.092612575385015779e-12
4.941560483870967460e+02 -1.796523190181235114e-06 -3.070910255595736319e-12
4.942810483870967460e+02 -1.791541528881832658e-06 -3.049360043070549552e-12
4.944060483870967460e+02 -1.786573080638125974e-06 -3.027960873218657720e-12
4.945310483870967460e+02 -1.781617812649111674e-06 -3.006711688888297030e-12
4.946560483870967460e+02 -1.776675692186777106e-06 -2.985611440314810665e-12
4.947810483870967460e+02 -1.771746686595922687e-06 -2.964659085069185467e-12
4.949060483870967460e+02 -1.766830763294057508e-06 -2.943853588006847926e-12
4.950310483870967460e+02 -1.761927889771244959e-06 -2.923193921216862439e-12
4.951560483870967460e+02 -1.757038033590004056e-06 -2.902679063971485416e-12
4.952810483870967460e+02 -1.752161162385175813e-06 -2.882308002676023107e-12
4.954060483870967460e+02 -1.747297243863757441e-06 -2.862079730819134124e-12
4.955310483870967460e+02 -1.742446245804821669e-06 -2.841993248923381163e-12
4.956560483870967460e+02 -1.737608136059366390e-06 -2.822047564496173300e-12
4.957810483870967460e+02 -1.732782882550170883e-06 -2.802241691981055228e-12
4.959060483870967460e+02 -1.727970453271692683e-06 -2.782574652709276803e-12
4.960310483870967460e+02 -1.723170816289936929e-06 -2.763045474851814146e-12
4.961560483870967460e+02 -1.718383939742313001e-06 -2.743653193371604808e-12
4.962810483870967460e+02 -1.713609791837500901e-06 -2.724396849976196931e-12
4.964060483870967460e+02 -1.708848340855350883e-06 -2.705275493070650844e-12
4.965310483870967460e+02 -1.704099555146736911e-06 -2.686288177710876061e-12
4.966560483870967460e+02 -1.699363403133423466e-06 -2.667433965557195668e-12
4.967810483870967460e+02 -1.694639853307952257e-06 -2.648711924828276245e-12
4.969060483870967460e+02 -1.689928874233512409e-06 -2.630121130255385341e-12
4.970310483870967460e+02 -1.685230434543788001e-06 -2.611660663036916332e-12
4.971560483870967460e+02 -1.680544502942866584e-06 -2.593329610793324444e-12
4.972810483870967460e+02 -1.675871048205096244e-06 -2.575127067522284922e-12
4.974060483870967460e+02 -1.671210039174954738e-06 -2.557052133554204607e-12
4.975310483870967460e+02 -1.666561444766910366e-06 -2.539103915508051377e-12
4.976560483870967460e+02 -1.661925233965327106e-06 -2.521281526247437647e-12
4.977810483870967460e+02 -1.657301375824317438e-06 -2.503584084837106142e-12
4.979060483870967460e+02 -1.652689839467598142e-06 -2.486010716499622062e-12
4.980310483870967460e+02 -1.648090594088408131e-06 -2.468560552572430781e-12
4.981560483870967460e+02 -1.643503608949347729e-06 -2.451232730465150202e-12
4.982810483870967460e+02 -1.638928853382244628e-06 -2.434026393617252878e-12
4.984060483870967460e+02 -1.634366296788061349e-06 -2.416940691455961787e-12
4.985310483870967460e+02 -1.629815908636747222e-06 -2.399974779354468426e-12
4.986560483870967460e+02 -1.625277658467107099e-06 -2.383127818590457456e-12
4.987810483870967460e+02 -1.620751515886690177e-06 -2.366398976304866014e-12
4.989060483870967460e+02 -1.616237450571656382e-06 -2.349787425461020668e-12
4.990310483870967460e+02 -1.611735432266654182e-06 -2.333292344803973894e-12
4.991560483870967460e+02 -1.607245430784675111e-06 -2.316912918820163675e-12
4.992810483870967460e+02 -1.602767416006965888e-06 -2.300648337697355021e-12
4.994060483870967460e+02 -1.598301357882874257e-06 -2.284497797284820182e-12
4.995310483870967460e+02 -1.593847226429718334e-06 -2.268460499053879151e-12
4.996560483870967460e+02 -1.589404991732687077e-06 -2.252535650058627159e-12
4.997810483870967460e+02 -1.584974623944702436e-06 -2.236722462896988122e-12
4.999060483870967460e+02 -1.580556093286273871e-06 -2.221020155672022542e-12
5.000310483870967460e+02 -1.576149370045416404e-06 -2.205427951953482995e-12
5.001560483870967460e+02 -1.571754424577487141e-06 -2.189945080739703234e-12
5.002810483870967460e+02 -1.567371227305085534e-06 -2.174570776419680771e-12
5.004060483870967460e+02 -1.562999748717897738e-06 -2.159304278735468424e-12
5.005310483870967460e+02 -1.558639959372610848e-06 -2.144144832744779942e-12
5.006560483870967460e+02 -1.554291829892773144e-06 -2.129091688783936916e-12
5.007810483870967460e+02 -1.549955330968644370e-06 -2.114144102430993812e-12
5.009060483870967460e+02 -1.545630433357111459e-06 -2.099301334469157846e-12
5.010310483870967460e+02 -1.541317107881547291e-06 -2.084562650850467757e-12
5.011560483870967460e+02 -1.537015325431665847e-06 -2.069927322659681396e-12
5.012810483870967460e+02 -1.532725056963444073e-06 -2.055394626078496534e-12
5.014060483870967460e+02 -1.528446273498956707e-06 -2.040963842349941294e-12
5.015310483870967460e+02 -1.524178946126277811e-06 -2.026634257743052980e-12
5.016560483870967460e+02 -1.519923045999330638e-06 -2.012405163517800446e-12
5.017810483870967460e+02 -1.515678544337798476e-06 -1.998275855890217302e-12
5.019060483870967460e+02 -1.511445412426981081e-06 -1.984245635997846124e-12
5.020310483870967460e+02 -1.507223621617666138e-06 -1.970313809865355525e-12
5.021560483870967460e+02 -1.503013143326022534e-06 -1.956479688370432688e-12
5.022810483870967460e+02 -1.498813949033472033e-06 -1.942742587209907738e-12
5.024060483870967460e+02 -1.494626010286550362e-06 -1.929101826866086921e-12
5.025310483870967460e+02 -1.490449298696808322e-06 -1.915556732573384270e-12
5.026560483870967460e+02 -1.486283785940683673e-06 -1.902106634285119270e-12
5.027810483870967460e+02 -1.482129443759371114e-06 -1.888750866640584729e-12
5.029060483870967460e+02 -1.477986243958690358e-06 -1.875488768932307310e-12
5.030310483870967460e+02 -1.473854158408992957e-06 -1.862319685073599269e-12
5.031560483870967460e+02 -1.469733159045020850e-06 -1.849242963566271754e-12
5.032810483870967460e+02 -1.465623217865774650e-06 -1.836257957468607007e-12
5.034060483870967460e+02 -1.461524306934424490e-06 -1.823364024363550272e-12
5.035310483870967460e+02 -1.457436398378161369e-06 -1.810560526327093367e-12
5.036560483870967460e+02 -1.453359464388071586e-06 -1.797846829896944813e-12
5.037810483870967460e+02 -1.449293477219041016e-06 -1.785222306041349607e-12
5.039060483870967460e+02 -1.445238409189618108e-06 -1.772686330128163249e-12
5.040310483870967460e+02 -1.441194232681885559e-06 -1.760238281894135799e-12
5.041560483870967460e+02 -1.437160920141354858e-06 -1.747877545414382324e-12
5.042810483870967460e+02 -1.433138444076840500e-06 -1.735603509072129618e-12
5.044060483870967460e+02 -1.429126777060335051e-06 -1.723415565528607515e-12
5.045310483870967460e+02 -1.425125891726881245e-06 -1.711313111693188594e-12
5.046560483870967460e+02 -1.421135760774477115e-06 -1.699295548693701973e-12
5.047810483870967460e+02 -1.417156356963935811e-06 -1.687362281847011847e-12
5.049060483870967460e+02 -1.413187653118755369e-06 -1.675512720629741437e-12
5.050310483870967460e+02 -1.409229622125028077e-06 -1.663746278649229981e-12
5.051560483870967460e+02 -1.405282236931303679e-06 -1.652062373614694908e-12
5.052810483870967460e+02 -1.401345470548454697e-06 -1.640460427308562440e-12
5.054060483870967460e+02 -1.397419296049594483e-06 -1.628939865558059104e-12
5.055310483870967460e+02 -1.393503686569922632e-06 -1.617500118206940572e-12
5.056560483870967460e+02 -1.389598615306627787e-06 -1.606140619087448708e-12
5.057810483870967460e+02 -1.385704055518744701e-06 -1.594860805992462681e-12
5.059060483870967460e+02 -1.381819980527061277e-06 -1.583660120647815471e-12
5.060310483870967460e+02 -1.377946363713994686e-06 -1.572538008684862822e-12
5.061560483870967460e+02 -1.374083178523446106e-06 -1.561493919613181633e-12
5.062810483870967460e+02 -1.370230398460717495e-06 -1.550527306793493526e-12
5.064060483870967460e+02 -1.366387997092376707e-06 -1.539637627410769764e-12
5.065310483870967460e+02 -1.362555948046123656e-06 -1.528824342447502370e-12
5.066560483870967460e+02 -1.358734225010709850e-06 -1.518086916657214153e-12
5.067810483870967460e+02 -1.354922801735783384e-06 -1.507424818538095560e-12
5.069060483870967460e+02 -1.351121652031796189e-06 -1.496837520306864674e-12
5.070310483870967460e+02 -1.347330749769860039e-06 -1.486324497872769794e-12
5.071560483870967460e+02 -1.343550068881657396e-06 -1.475885230811833138e-12
5.072810483870967460e+02 -1.339779583359310125e-06 -1.465519202341215920e-12
5.074060483870967460e+02 -1.336019267255252859e-06 -1.455225899293792034e-12
5.075310483870967460e+02 -1.332269094682136438e-06 -1.445004812092896229e-12
5.076560483870967460e+02 -1.328529039812696832e-06 -1.434855434727225356e-12
5.077810483870967460e+02 -1.324799076879629569e-06 -1.424777264725962969e-12
5.079060483870967460e+02 -1.321079180175495497e-06 -1.414769803134029543e-12
5.080310483870967460e+02 -1.317369324052596279e-06 -1.404832554487526354e-12
5.081560483870967460e+02 -1.313669482922837165e-06 -1.394819998737663323e-12
5.082810483870967460e+02 -1.309979631257639331e-06 -1.384338175875378517e-12
5.084060483870967460e+02 -1.306299743587809219e-06 -1.373934974808540028e-12
5.085310483870967460e+02 -1.302629794503423132e-06 -1.363609807065154356e-12
5.086560483870967460e+02 -1.298969758653708648e-06 -1.353362088567174258e-12
5.087810483870967460e+02 -1.295319610746936413e-06 -1.343191239597801687e-12
5.089060483870967460e+02 -1.291679325550302611e-06 -1.333096684768983388e-12
5.090310483870967460e+02 -1.288048877889798740e-06 -1.323077852989191045e-12
5.091560483870967460e+02 -1.284428242650118430e-06 -1.313134177431443961e-12
5.092810483870967460e+02 -1.280817394774531030e-06 -1.303265095501521580e-12
5.094060483870967460e+02 -1.277216309264758785e-06 -1.293470048806461952e-12
5.095310483870967460e+02 -1.273624961180877098e-06 -1.283748483123266405e-12
5.096560483870967460e+02 -1.270043325641189171e-06 -1.274099848367863506e-12
5.097810483870967460e+02 -1.266471377822117794e-06 -1.264523598564253166e-12
5.099060483870967460e+02 -1.262909092958072785e-06 -1.255019191813931045e-12
5.100310483870967460e+02 -1.259356446341367983e-06 -1.245586090265530461e-12
5.101560483870967460e+02 -1.255813413322084450e-06 -1.236223760084652915e-12
5.102810483870967460e+02 -1.252279969307948497e-06 -1.226931671423967209e-12
5.104060483870967460e+02 -1.248756089764244656e-06 -1.217709298393505257e-12
5.105310483870967460e+02 -1.245241750213683960e-06 -1.208556119031200042e-12
5.106560483870967460e+02 -1.241736926236280919e-06 -1.199471615273605114e-12
5.107810483870967460e+02 -1.238241593469269022e-06 -1.190455272926865723e-12
5.109060483870967460e+02 -1.234755727606960343e-06 -1.181506581637909263e-12
5.110310483870967460e+02 -1.231279304400647075e-06 -1.172625034865804753e-12
5.111560483870967460e+02 -1.227812299658471299e-06 -1.163810129853387467e-12
5.112810483870967460e+02 -1.224354689245332655e-06 -1.155061367599056645e-12
5.114060483870967460e+02 -1.220906449082773146e-06 -1.146378252828821792e-12
5.115310483870967460e+02 -1.217467555148838228e-06 -1.137760293968501656e-12
5.116560483870967460e+02 -1.214037983477996759e-06 -1.129207003116175036e-12
5.117810483870967460e+02 -1.210617710161015433e-06 -1.120717896014835553e-12
5.119060483870967460e+02 -1.207206711344831297e-06 -1.112292492025207380e-12
5.120310483870968028e+02 -1.203804963232470863e-06 -1.103930314098811383e-12
5.121560483870968028e+02 -1.200412442082912883e-06 -1.095630888751199286e-12
5.122810483870968028e+02 -1.197029124210987349e-06 -1.087393746035417652e-12
5.124060483870968028e+02 -1.193654985987250545e-06 -1.079218419515623528e-12
5.125310483870968028e+02 -1.190290003837895061e-06 -1.071104446240935357e-12
5.126560483870968028e+02 -1.186934154244623574e-06 -1.063051366719475949e-12
5.127810483870968028e+02 -1.183587413744535990e-06 -1.055058724892575392e-12
5.129060483870968028e+02 -1.180249758930026737e-06 -1.047126068109200138e-12
5.130310483870968028e+02 -1.176921166448671897e-06 -1.039252947100555779e-12
5.131560483870968028e+02 -1.173601613003104483e-06 -1.031438915954894184e-12
5.132810483870968028e+02 -1.170291075350924441e-06 -1.023683532092474725e-12
5.134060483870968028e+02 -1.166989530304584510e-06 -1.015986356240743607e-12
5.135310483870968028e+02 -1.163696954731254912e-06 -1.008346952409697381e-12
5.136560483870968028e+02 -1.160413325552746058e-06 -1.000764887867396291e-12
5.137810483870968028e+02 -1.157138619745380434e-06 -9.932397331156979582e-13
5.139060483870968028e+02 -1.153872814339886726e-06 -9.857710618661471643e-13
5.140310483870968028e+02 -1.150615886421283769e-06 -9.783584510160675854e-13
5.141560483870968028e+02 -1.147367813128781874e-06 -9.710014806247956978e-13
5.142810483870968028e+02 -1.144128571655669325e-06 -9.636997338901220845e-13
5.144060483870968028e+02 -1.140898139249189342e-06 -9.564527971249078307e-13
5.145310483870968028e+02 -1.137676493210453268e-06 -9.492602597338463225e-13
5.146560483870968028e+02 -1.134463610894318589e-06 -9.421217141904280036e-13
